CDH1->-PIK3CA (100) 
 3 12 25 35 39 48 50 61 117 127 136 151 175 208 211 212 215 217 227 243 249 254 277 300 308 322 331 339 347 352 374 419 421 426 427 455 466 503 507 511 528 530 534 549 561 562 564 565 592 601 602 620 656 659 677 711 712 718 730 742 747 784 823 829 860 882 898 901 912 928 930 932 937 972 991 1007 1017 1024 1055 1080 1082 1090 1108 1110 1112 1128 1133 1149 1165 1203 1224 1237 1250 1266 1276 1283 1285 1287 1290 1308
TP53->-PIK3CA (84) 
 22 25 41 62 68 83 100 106 136 166 169 238 258 262 267 281 282 292 293 314 327 388 425 426 438 473 503 506 521 525 533 536 542 544 566 570 581 621 634 656 670 681 682 714 723 725 731 743 750 771 784 789 790 796 804 812 813 829 847 869 894 902 906 951 1005 1012 1019 1022 1033 1036 1037 1051 1078 1118 1137 1151 1157 1166 1169 1207 1238 1244 1286 1296
PIK3CA->-TP53 (70) 
 57 70 76 80 90 107 114 116 148 158 190 209 215 260 269 285 296 298 304 312 330 351 360 380 389 401 493 509 543 547 572 584 585 601 604 606 635 637 642 646 655 664 677 705 744 747 770 800 853 892 942 946 948 980 990 1016 1059 1064 1093 1114 1140 1170 1193 1200 1229 1243 1259 1298 1304 1314
MAP3K1->-PIK3CA (49) 
 7 8 22 48 62 72 98 121 170 177 187 217 218 248 307 321 365 378 386 426 479 613 646 666 676 712 751 758 772 792 808 817 886 888 950 958 1033 1056 1068 1074 1079 1099 1107 1135 1144 1148 1198 1287 1297
PIK3CA->-GATA3 (42) 
 38 89 91 114 154 176 239 266 270 277 281 286 313 375 376 498 532 549 572 635 675 677 679 724 747 754 756 761 780 786 835 953 994 1001 1022 1038 1111 1148 1200 1204 1270 1307
TP53->-PTEN (38) 
 113 120 125 173 314 318 389 411 415 436 458 508 513 514 520 538 542 577 603 622 628 640 642 733 763 800 816 846 925 990 993 1012 1015 1051 1064 1194 1200 1234
GATA3->-PIK3CA (36) 
 37 72 78 145 153 160 170 187 229 240 245 307 363 364 378 467 511 604 611 639 717 745 781 817 896 959 971 1000 1021 1042 1079 1122 1169 1186 1198 1277
PIK3CA->-KMT2C (33) 
 25 127 168 197 296 308 352 376 379 386 463 503 533 572 608 682 709 773 853 854 862 870 934 950 960 971 1064 1074 1203 1237 1278 1279 1288
PIK3CA->-MAP3K1 (32) 
 25 35 102 134 147 179 197 266 277 331 374 380 400 470 509 576 667 745 773 819 840 856 892 934 971 972 1042 1110 1165 1186 1278 1301
CBFB->-PIK3CA (32) 
 153 154 248 266 281 307 314 363 549 608 613 639 652 738 742 774 781 808 912 958 991 994 1016 1017 1033 1055 1088 1101 1121 1179 1266 1277
TP53->-KMT2C (29) 
 22 25 43 64 100 192 233 259 296 404 503 508 533 656 682 701 825 831 853 866 889 902 904 1012 1064 1125 1143 1176 1214
TP53->-KMT2C PIK3CA->-KMT2C TP53->-PIK3CA (4) 
 25 503 533 682
TP53->-KMT2C PIK3CA->-KMT2C PIK3CA->-TP53 (3) 
 296 853 1064
PIK3CA->-CDH1 (29) 
 91 92 119 164 165 170 239 296 298 325 408 476 484 491 652 683 688 726 862 863 952 979 1008 1036 1085 1086 1144 1206 1300
PIK3CA->-FOXA1 (27) 
 25 39 50 66 116 217 236 296 331 332 380 385 386 484 566 722 724 729 780 829 870 930 1044 1142 1148 1225 1276
PIK3CA->-ESR1 (27) 
 58 68 114 140 160 187 243 250 277 285 385 423 539 549 584 727 742 786 819 844 919 1004 1106 1129 1142 1183 1278
TP53->-NF1 (27) 
 64 88 120 125 380 437 440 471 509 520 536 566 622 627 725 796 813 815 848 969 981 986 1036 1066 1194 1234 1272
TP53->-MAP3K1 (25) 
 13 22 25 40 120 132 199 253 380 383 387 426 450 490 492 546 816 889 892 969 997 1033 1163 1238 1255
TP53->-MAP3K1 MAP3K1->-PIK3CA TP53->-PIK3CA (3) 
 22 426 1033
TP53->-MAP3K1 PIK3CA->-MAP3K1 PIK3CA->-TP53 (2) 
 380 892
CDH1->-TP53 (25) 
 25 52 85 87 136 146 163 215 259 297 298 341 367 407 490 526 596 601 677 747 782 969 998 1035 1213
CDH1->-TP53 TP53->-PIK3CA CDH1->-PIK3CA (2) 
 25 136
CDH1->-TP53 PIK3CA->-TP53 CDH1->-PIK3CA (4) 
 215 601 677 747
CDH1->-KMT2C (24) 
 25 127 175 193 198 254 259 308 323 342 352 503 526 589 656 793 831 862 1024 1149 1203 1237 1247 1289
CDH1->-KMT2C PIK3CA->-KMT2C CDH1->-PIK3CA (7) 
 25 127 308 352 503 1203 1237
CDH1->-KMT2C CDH1->-TP53 TP53->-KMT2C (2) 
 25 259
TP53->-KMT2D (24) 
 99 136 174 190 233 338 389 392 433 459 508 527 655 656 779 789 796 825 837 892 951 990 1134 1220
KMT2C->-PIK3CA (21) 
 22 38 72 81 100 145 175 248 358 506 591 613 656 747 888 1003 1012 1024 1047 1101 1149
KMT2C->-PIK3CA TP53->-KMT2C TP53->-PIK3CA (4) 
 22 100 656 1012
KMT2C->-PIK3CA CDH1->-KMT2C CDH1->-PIK3CA (4) 
 175 656 1024 1149
TP53->-RB1 (21) 
 146 174 260 297 329 334 351 426 433 435 536 578 630 663 682 831 889 990 1054 1193 1249
CBFB->-GATA3 (21) 
 153 154 266 276 281 290 307 317 363 442 549 639 665 776 781 915 994 1045 1058 1204 1277
CBFB->-GATA3 CBFB->-PIK3CA PIK3CA->-GATA3 (5) 
 154 266 281 549 994
CBFB->-GATA3 CBFB->-PIK3CA GATA3->-PIK3CA (6) 
 153 307 363 639 781 1277
CDH1->-FOXA1 (19) 
 19 25 39 50 87 191 212 217 331 402 462 474 484 565 829 930 1185 1203 1276
CDH1->-FOXA1 PIK3CA->-FOXA1 CDH1->-PIK3CA (8) 
 25 39 50 217 331 829 930 1276
CDH1->-MAP3K1 (19) 
 25 35 48 155 217 277 331 374 475 490 712 969 972 1110 1165 1188 1252 1287 1289
CDH1->-MAP3K1 MAP3K1->-PIK3CA CDH1->-PIK3CA (4) 
 48 217 712 1287
CDH1->-MAP3K1 PIK3CA->-MAP3K1 CDH1->-PIK3CA (8) 
 25 35 277 331 374 972 1110 1165
CDH1->-MAP3K1 CDH1->-TP53 TP53->-MAP3K1 (3) 
 25 490 969
PIK3CA->-SF3B1 (19) 
 34 96 110 148 231 351 399 426 533 690 786 835 893 952 978 1050 1064 1170 1301
CDH1->-ERBB2 (19) 
 35 39 146 189 208 339 367 446 462 503 799 898 1024 1035 1082 1252 1254 1261 1308
PIK3CA->-FAT1 (19) 
 36 90 204 250 308 521 536 773 786 813 853 863 882 894 939 1044 1059 1243 1279
AKT1->-TP53 (19) 
 40 52 93 297 410 417 447 653 701 762 848 936 1100 1115 1134 1146 1176 1213 1303
PIK3CA->-ARID1A (19) 
 72 92 153 177 187 197 277 285 332 358 547 572 709 730 796 932 952 990 1203
TP53->-NCOR1 (19) 
 120 132 341 359 391 402 441 513 521 536 572 575 628 644 656 681 807 933 1033
PIK3CA->-RUNX1 (19) 
 147 249 260 286 332 339 408 536 541 565 569 655 720 952 1008 1050 1259 1276 1287
TP53->-CDH1 (19) 
 186 202 296 359 402 426 503 656 698 760 763 784 807 829 831 988 1036 1150 1299
TP53->-CDH1 TP53->-PIK3CA CDH1->-PIK3CA (5) 
 426 503 656 784 829
TP53->-CDH1 CDH1->-KMT2C TP53->-KMT2C (3) 
 503 656 831
CDH1->-TBX3 (18) 
 42 87 127 455 564 643 659 677 793 824 1072 1086 1097 1155 1261 1266 1276 1287
TP53->-FAT1 (18) 
 87 90 348 392 499 521 536 813 816 853 876 894 993 1046 1059 1132 1153 1282
TP53->-FAT1 PIK3CA->-FAT1 TP53->-PIK3CA (4) 
 521 536 813 894
TP53->-FAT1 PIK3CA->-FAT1 PIK3CA->-TP53 (3) 
 90 853 1059
TP53->-GATA3 (18) 
 113 114 219 256 281 441 492 632 635 747 891 988 1002 1005 1022 1046 1162 1200
TP53->-GATA3 PIK3CA->-GATA3 TP53->-PIK3CA (2) 
 281 1022
TP53->-GATA3 PIK3CA->-GATA3 PIK3CA->-TP53 (4) 
 114 635 747 1200
TBX3->-PIK3CA (17) 
 80 127 293 307 378 491 564 677 843 898 906 932 976 1024 1126 1266 1287
TBX3->-PIK3CA CDH1->-TBX3 CDH1->-PIK3CA (5) 
 127 564 677 1266 1287
MAP2K4->-PIK3CA (17) 
 165 215 275 456 463 532 548 696 797 798 919 937 1022 1044 1131 1227 1283
PIK3CA->-NCOR1 (17) 
 271 470 536 541 569 572 585 667 709 720 758 862 937 1016 1128 1203 1281
ESR1->-PIK3CA (16) 
 1 45 89 98 300 614 687 712 758 1071 1122 1157 1187 1199 1248 1273
TP53->-ARID1A (16) 
 25 124 186 295 390 572 796 911 947 990 1005 1153 1202 1220 1232 1299
TP53->-ARID1A PIK3CA->-ARID1A PIK3CA->-TP53 (2) 
 572 990
NCOR1->-PIK3CA (16) 
 36 339 656 677 681 696 712 738 817 860 952 1033 1068 1126 1131 1184
NCOR1->-PIK3CA TP53->-NCOR1 TP53->-PIK3CA (3) 
 656 681 1033
ARID1A->-PIK3CA (15) 
 1 25 59 127 211 212 218 224 438 507 592 718 761 1082 1307
CDH1->-RUNX1 (15) 
 19 249 259 339 565 589 782 793 952 1008 1089 1185 1252 1276 1287
CDH1->-RUNX1 PIK3CA->-RUNX1 CDH1->-PIK3CA (5) 
 249 339 565 1276 1287
CDH1->-RUNX1 PIK3CA->-RUNX1 PIK3CA->-CDH1 (2) 
 952 1008
CDH1->-ARID1A (15) 
 25 61 92 211 277 507 592 718 730 799 932 952 998 1082 1203
CDH1->-ARID1A PIK3CA->-ARID1A CDH1->-PIK3CA (4) 
 277 730 932 1203
CDH1->-ARID1A PIK3CA->-ARID1A PIK3CA->-CDH1 (2) 
 92 952
CDH1->-ARID1A ARID1A->-PIK3CA CDH1->-PIK3CA (6) 
 25 211 507 592 718 1082
TP53->-ARID2 (15) 
 41 171 196 329 348 502 655 664 796 816 947 990 1034 1091 1314
PIK3CA->-TBX3 (15) 
 63 107 170 236 438 455 613 635 659 708 729 811 817 1086 1276
PIK3CA->-TBX3 CDH1->-TBX3 CDH1->-PIK3CA (3) 
 455 659 1276
TP53->-PIK3R1 (15) 
 101 125 144 282 302 353 513 630 815 816 822 907 955 1194 1311
CDH1->-NCOR1 (15) 
 221 339 341 402 429 526 656 712 860 862 937 1029 1035 1128 1203
CDH1->-NCOR1 TP53->-CDH1 TP53->-NCOR1 (2) 
 402 656
CDH1->-NCOR1 PIK3CA->-NCOR1 CDH1->-PIK3CA (3) 
 937 1128 1203
CDH1->-NCOR1 NCOR1->-PIK3CA CDH1->-PIK3CA (4) 
 339 656 712 860
PIK3CA->-KMT2D (14) 
 12 136 181 190 389 484 655 709 722 796 892 951 979 990
PIK3CA->-KMT2D TP53->-KMT2D TP53->-PIK3CA (3) 
 136 796 951
PIK3CA->-KMT2D TP53->-KMT2D PIK3CA->-TP53 (5) 
 190 389 655 892 990
TP53->-NSD1 (14) 
 25 41 120 490 535 590 618 628 634 748 922 1059 1295 1303
TP53->-BRCA2 (14) 
 40 83 94 163 185 192 359 538 595 597 698 892 1143 1214
TP53->-RUNX1 (14) 
 40 259 260 353 361 437 449 536 655 782 1117 1220 1260 1302
TP53->-RUNX1 PIK3CA->-RUNX1 PIK3CA->-TP53 (2) 
 260 655
TP53->-RUNX1 CDH1->-RUNX1 CDH1->-TP53 (2) 
 259 782
TP53->-ATR (13) 
 62 120 163 235 391 655 986 990 992 1051 1138 1222 1228
TP53->-CREBBP (13) 
 68 174 235 310 503 656 725 739 820 904 931 1197 1200
CDH1->-ESR1 (13) 
 84 162 221 243 277 300 359 549 742 1023 1029 1097 1155
CDH1->-ESR1 PIK3CA->-ESR1 CDH1->-PIK3CA (4) 
 243 277 549 742
TP53->-PTPRD (13) 
 112 124 149 253 298 359 407 503 783 911 1054 1249 1299
TP53->-STAG2 (13) 
 136 178 459 499 503 570 631 660 848 866 884 1105 1159
TP53->-KMT2A (13) 
 185 289 527 536 595 627 680 731 750 765 1164 1255 1314
PIK3CA->-PTEN (13) 
 314 324 389 542 642 695 752 800 990 1044 1064 1200 1301
PIK3CA->-PTEN TP53->-PTEN TP53->-PIK3CA (2) 
 314 542
PIK3CA->-PTEN TP53->-PTEN PIK3CA->-TP53 (6) 
 389 642 800 990 1064 1200
MEN1->-GATA3 (12) 
 14 72 483 559 612 636 776 810 842 864 1001 1269
PTEN->-TP53 (12) 
 64 65 87 194 252 337 372 437 502 884 969 1075
PIK3CA->-SPEN (12) 
 72 92 197 243 573 615 655 951 1038 1203 1243 1314
PIK3CA->-ATR (12) 
 76 218 236 541 565 655 695 709 717 980 990 1024
APC->-ATR APC->-MGA MGA->-ATR PIK3CA->-APC TP53->-MGA PIK3CA->-MGA TP53->-APC PIK3CA->-ATR TP53->-ATR PIK3CA->-TP53 (2) 
 655 990
MGA->-ARID2 APC->-MGA APC->-ARID2 PIK3CA->-APC TP53->-MGA PIK3CA->-MGA PIK3CA->-ARID2 TP53->-APC TP53->-ARID2 PIK3CA->-TP53 (2) 
 655 990
MGA->-CARD11 APC->-CARD11 APC->-MGA PIK3CA->-APC TP53->-MGA PIK3CA->-MGA PIK3CA->-CARD11 TP53->-CARD11 TP53->-APC PIK3CA->-TP53 (2) 
 655 990
MGA->-KMT2D APC->-MGA APC->-KMT2D PIK3CA->-APC TP53->-MGA PIK3CA->-MGA TP53->-APC PIK3CA->-KMT2D TP53->-KMT2D PIK3CA->-TP53 (2) 
 655 990
NF1->-TP53 (12) 
 149 233 282 298 388 644 749 804 829 1105 1156 1209
NF1->-PIK3CA (12) 
 153 282 298 388 561 566 804 813 829 878 937 1036
NF1->-PIK3CA TP53->-NF1 TP53->-PIK3CA (3) 
 566 813 1036
NF1->-PIK3CA NF1->-TP53 TP53->-PIK3CA (4) 
 282 388 804 829
TP53->-FLT4 (12) 
 203 247 420 536 655 723 885 889 1005 1114 1132 1305
TP53->-APC (12) 
 274 278 282 295 433 655 921 990 1134 1229 1243 1305
TP53->-FOXA1 (11) 
 25 87 253 296 380 402 447 566 805 829 1163
TP53->-FOXA1 PIK3CA->-FOXA1 TP53->-PIK3CA (3) 
 25 566 829
TP53->-FOXA1 PIK3CA->-FOXA1 PIK3CA->-TP53 (2) 
 296 380
TP53->-FOXA1 CDH1->-FOXA1 CDH1->-TP53 (2) 
 25 87
TP53->-FOXA1 TP53->-CDH1 CDH1->-FOXA1 (2) 
 402 829
PIK3CA->-RB1 (11) 
 36 260 351 536 682 990 1108 1184 1191 1193 1243
PIK3CA->-RB1 TP53->-RB1 TP53->-PIK3CA (2) 
 536 682
PIK3CA->-RB1 TP53->-RB1 PIK3CA->-TP53 (4) 
 260 351 990 1193
TP53->-CDKN2A (11) 
 43 99 341 440 510 617 655 743 895 1062 1078
TP53->-PTPRS (11) 
 52 87 171 233 533 655 765 789 946 948 1162
TP53->-ERBB3 (11) 
 62 388 508 635 746 749 766 796 866 889 1299
TP53->-ATM (11) 
 65 90 185 426 644 655 723 813 895 1018 1059
TP53->-ESR1 (11) 
 68 359 452 473 499 563 588 623 1054 1157 1258
PIK3CA->-NOTCH4 (11) 
 70 218 275 294 426 655 745 892 1021 1114 1203
GATA3->-ARID1A (11) 
 72 153 187 205 277 572 619 975 1005 1102 1291
GATA3->-ARID1A PIK3CA->-ARID1A PIK3CA->-GATA3 (2) 
 277 572
GATA3->-ARID1A PIK3CA->-ARID1A GATA3->-PIK3CA (3) 
 72 153 187
MAP3K1->-GATA3 (11) 
 72 82 187 266 277 378 817 1045 1135 1148 1198
MAP3K1->-GATA3 GATA3->-PIK3CA MAP3K1->-PIK3CA (5) 
 72 187 378 817 1198
MAP3K1->-GATA3 PIK3CA->-MAP3K1 PIK3CA->-GATA3 (2) 
 266 277
TP53->-TBX3 (11) 
 87 115 438 468 508 635 764 767 1214 1232 1239
ESR1->-GATA3 (11) 
 89 114 277 480 549 791 915 1014 1023 1122 1195
ESR1->-GATA3 PIK3CA->-ESR1 PIK3CA->-GATA3 (3) 
 114 277 549
PIK3CA->-ATM (11) 
 90 332 386 561 602 655 737 798 813 1038 1059
PIK3CA->-ATM TP53->-ATM PIK3CA->-TP53 (3) 
 90 655 1059
PTEN->-PIK3CA (11) 
 110 137 386 528 554 592 792 798 952 1051 1120
TP53->-ALK (11) 
 114 171 391 694 816 947 963 1118 1138 1202 1255
FOXA1->-PIK3CA (11) 
 118 212 250 266 493 565 731 787 1186 1198 1203
FOXA1->-PIK3CA CDH1->-FOXA1 CDH1->-PIK3CA (3) 
 212 565 1203
TP53->-MED12 (11) 
 120 144 196 298 327 513 527 536 705 753 1220
CDH1->-CBFB (11) 
 138 172 297 491 549 552 991 1017 1055 1213 1266
CDH1->-CBFB CBFB->-PIK3CA CDH1->-PIK3CA (5) 
 549 991 1017 1055 1266
TP53->-FBXW7 (11) 
 146 186 247 437 487 789 825 829 1139 1249 1296
TP53->-SETD2 (11) 
 171 366 392 536 698 784 848 879 990 1228 1233
PIK3CA->-PTPRT (11) 
 285 327 389 426 682 695 892 990 1031 1168 1314
PIK3CA->-KMT2A (11) 
 386 536 573 731 750 1024 1077 1094 1116 1186 1314
PIK3CA->-KMT2A TP53->-KMT2A TP53->-PIK3CA (3) 
 536 731 750
PIK3CA->-NF1 (10) 
 0 277 380 509 536 725 796 882 979 1024
PIK3CA->-NF1 TP53->-NF1 TP53->-PIK3CA (3) 
 536 725 796
PIK3CA->-NF1 TP53->-NF1 PIK3CA->-TP53 (2) 
 380 509
PIK3CA->-RICTOR (10) 
 1 36 39 168 277 503 717 863 948 1200
CDH1->-PTEN (10) 
 19 32 162 505 552 592 763 982 1155 1177
TP53->-ATRX (10) 
 44 87 129 133 207 441 816 889 990 1051
PIK3CA->-MAP2K4 (10) 
 61 170 403 464 606 726 770 796 851 1016
TP53->-CARD11 (10) 
 62 113 391 536 655 766 866 885 990 1222
TP53->-NOTCH2 (10) 
 65 68 329 334 631 816 904 1018 1037 1172
PIK3CA->-CREBBP (10) 
 68 102 127 503 507 725 745 971 1200 1203
PIK3CA->-CREBBP TP53->-CREBBP TP53->-PIK3CA (3) 
 68 503 725
TP53->-EP300 (10) 
 70 99 371 420 578 746 765 955 1209 1222
TP53->-MAP2K4 (10) 
 87 163 415 428 698 762 770 796 1022 1075
CDH1->-GATA3 (10) 
 91 239 277 442 511 549 677 747 874 1023
CDH1->-GATA3 PIK3CA->-GATA3 CDH1->-PIK3CA (4) 
 277 549 677 747
CDH1->-GATA3 PIK3CA->-CDH1 PIK3CA->-GATA3 (2) 
 91 239
CDH1->-GATA3 ESR1->-GATA3 CDH1->-ESR1 (3) 
 277 549 1023
CDH1->-GATA3 ESR1->-GATA3 PIK3CA->-ESR1 PIK3CA->-GATA3 CDH1->-PIK3CA CDH1->-ESR1 (2) 
 277 549
TP53->-NOTCH4 (10) 
 111 196 426 544 655 892 1114 1134 1172 1305
TP53->-NOTCH4 PIK3CA->-NOTCH4 PIK3CA->-TP53 (3) 
 655 892 1114
GATA3->-MAP3K1 (10) 
 161 170 307 745 905 971 1042 1079 1113 1186
GATA3->-MAP3K1 GATA3->-PIK3CA MAP3K1->-PIK3CA (3) 
 170 307 1079
GATA3->-MAP3K1 PIK3CA->-MAP3K1 GATA3->-PIK3CA (4) 
 745 971 1042 1186
PIK3CA->-MED12 (10) 
 170 298 327 386 536 677 705 908 1131 1206
PIK3CA->-MED12 TP53->-MED12 TP53->-PIK3CA (2) 
 327 536
PIK3CA->-MED12 TP53->-MED12 PIK3CA->-TP53 (2) 
 298 705
ERBB2->-CDH1 (10) 
 193 241 243 284 296 571 793 818 824 998
TP53->-ARID1B (10) 
 207 351 366 437 660 731 816 1046 1164 1238
ERBB2->-PIK3CA (10) 
 208 243 266 296 503 1003 1024 1047 1082 1308
ERBB2->-PIK3CA CDH1->-ERBB2 CDH1->-PIK3CA (5) 
 208 503 1024 1082 1308
TP53->-EPHA5 (10) 
 255 416 473 546 664 750 816 947 1207 1214
TP53->-BARD1 (10) 
 274 508 525 538 544 617 629 635 698 725
TP53->-PTPRT (10) 
 274 310 327 389 426 656 682 892 990 1314
TP53->-PTPRT PIK3CA->-PTPRT TP53->-PIK3CA (3) 
 327 426 682
TP53->-PTPRT PIK3CA->-PTPRT PIK3CA->-TP53 (4) 
 389 892 990 1314
KMT2C->-GATA3 (9) 
 14 38 72 480 572 702 747 785 1009
KMT2C->-GATA3 KMT2C->-PIK3CA PIK3CA->-GATA3 (2) 
 38 747
KMT2C->-MAP3K1 (9) 
 22 72 132 197 248 934 971 1278 1289
KMT2C->-MAP3K1 PIK3CA->-MAP3K1 PIK3CA->-KMT2C (4) 
 197 934 971 1278
KMT2C->-MAP3K1 KMT2C->-PIK3CA MAP3K1->-PIK3CA (3) 
 22 72 248
TP53->-EPHB1 (9) 
 25 87 387 433 601 743 815 883 990
ARID1A->-GATA3 (9) 
 51 95 356 445 567 761 944 987 1307
ARID1A->-GATA3 ARID1A->-PIK3CA PIK3CA->-GATA3 (2) 
 761 1307
AKT1->-CDH1 (9) 
 52 189 297 303 442 936 1006 1073 1089
AKT1->-CDH1 AKT1->-TP53 CDH1->-TP53 (2) 
 52 297
PIK3CA->-ARID2 (9) 
 55 217 655 664 796 990 1014 1024 1314
PIK3CA->-ARID2 TP53->-ARID2 PIK3CA->-TP53 (4) 
 655 664 990 1314
TP53->-ROS1 (9) 
 56 70 144 196 816 969 1134 1232 1238
CDH1->-MAP2K4 (9) 
 61 87 163 170 215 429 474 726 1283
CDH1->-MAP2K4 MAP2K4->-PIK3CA CDH1->-PIK3CA (2) 
 215 1283
CDH1->-MAP2K4 PIK3CA->-MAP2K4 PIK3CA->-CDH1 (2) 
 170 726
CDH1->-MAP2K4 TP53->-MAP2K4 CDH1->-TP53 (2) 
 87 163
CDH1->-CDK12 TP53->-CDK12 CDH1->-TP53 (2) 
 87 163
TP53->-RICTOR (9) 
 62 366 503 741 775 948 1046 1200 1296
TP53->-RICTOR PIK3CA->-RICTOR PIK3CA->-TP53 (2) 
 948 1200
PTEN->-NF1 (9) 
 64 120 437 520 622 969 1194 1234 1289
PTEN->-NF1 TP53->-NF1 TP53->-PTEN (5) 
 120 520 622 1194 1234
PTEN->-NF1 PTEN->-TP53 TP53->-NF1 (3) 
 64 437 969
MEN1->-PIK3CA (9) 
 72 250 509 621 751 927 1001 1121 1300
AKT1->-GATA3 (9) 
 82 86 180 228 442 909 1069 1173 1313
TP53->-ZFHX3 (9) 
 97 414 438 508 671 764 925 1150 1194
PIK3CA->-FLT4 (9) 
 107 364 536 655 695 854 882 1114 1281
PIK3CA->-FLT4 TP53->-FLT4 PIK3CA->-TP53 (2) 
 655 1114
TP53->-ERCC5 (9) 
 120 163 199 207 655 682 796 1163 1255
TP53->-SF3B1 (9) 
 148 256 351 426 533 640 1064 1170 1209
TP53->-SF3B1 PIK3CA->-SF3B1 TP53->-PIK3CA (2) 
 426 533
TP53->-SF3B1 PIK3CA->-SF3B1 PIK3CA->-TP53 (4) 
 148 351 1064 1170
PIK3CA->-POLE (9) 
 197 239 277 298 351 990 1114 1243 1292
TP53->-ARID5B (9) 
 237 406 438 503 590 601 892 983 1117
PIK3CA->-CDKN1B (9) 
 286 386 412 745 856 929 1074 1168 1266
TP53->-POLE (9) 
 298 351 441 513 990 1114 1157 1243 1282
TP53->-POLE PIK3CA->-POLE PIK3CA->-TP53 (5) 
 298 351 990 1114 1243
TP53->-TET2 (9) 
 341 414 536 653 698 714 848 879 885
TP53->-SPEN (9) 
 453 630 655 783 816 951 1223 1243 1314
TP53->-SPEN PIK3CA->-SPEN PIK3CA->-TP53 (3) 
 655 1243 1314
ATM->-PIK3CA (8) 
 8 72 160 168 426 784 833 893
MAP3K1->-KMT2C (8) 
 25 386 430 613 773 888 950 1074
MAP3K1->-KMT2C PIK3CA->-KMT2C MAP3K1->-PIK3CA (3) 
 386 950 1074
MAP3K1->-KMT2C PIK3CA->-MAP3K1 PIK3CA->-KMT2C (2) 
 25 773
MAP3K1->-KMT2C KMT2C->-PIK3CA MAP3K1->-PIK3CA (2) 
 613 888
PIK3CA->-ERBB2 (8) 
 35 39 280 339 482 689 898 1262
PIK3CA->-ERBB2 CDH1->-ERBB2 CDH1->-PIK3CA (4) 
 35 39 339 898
PIK3CA->-ZFHX3 (8) 
 46 168 285 438 664 934 1001 1059
TP53->-TSC2 (8) 
 56 101 527 755 789 943 1117 1272
PTEN->-KMT2C (8) 
 64 131 350 386 508 957 1064 1289
PTEN->-KMT2C TP53->-KMT2C TP53->-PTEN (2) 
 508 1064
CDH1->-AKT1 (8) 
 75 172 649 693 698 711 1213 1247
TP53->-ANKRD11 (8) 
 83 101 233 438 617 837 1166 1286
CDH1->-BRCA2 (8) 
 84 127 163 359 592 698 1023 1287
CDH1->-BRCA2 TP53->-BRCA2 TP53->-CDH1 (2) 
 359 698
TBX3->-CDH1 (8) 
 84 170 491 596 898 932 976 1024
TBX3->-CDH1 TBX3->-PIK3CA CDH1->-PIK3CA (3) 
 898 932 1024
PTEN->-CDH1 (8) 
 87 232 424 528 769 952 969 1289
PTEN->-CDH1 PTEN->-TP53 CDH1->-TP53 (2) 
 87 969
PIK3CA->-PTPRD (8) 
 102 179 225 298 479 503 863 1224
PIK3CA->-PTPRS (8) 
 102 470 655 798 946 948 1024 1038
PIK3CA->-PTPRS TP53->-PTPRS PIK3CA->-TP53 (3) 
 655 946 948
PIK3CA->-PTCH1 (8) 
 105 183 296 386 536 990 1024 1128
NCOR1->-TP53 (8) 
 113 447 526 585 677 1016 1035 1208
NCOR1->-TP53 PIK3CA->-NCOR1 PIK3CA->-TP53 (2) 
 585 1016
NCOR1->-TP53 CDH1->-NCOR1 CDH1->-TP53 (2) 
 526 1035
PTEN->-MAP3K1 (8) 
 120 386 461 502 792 816 969 1289
PTEN->-MAP3K1 TP53->-MAP3K1 TP53->-PTEN (2) 
 120 816
PTEN->-MAP3K1 PTEN->-PIK3CA MAP3K1->-PIK3CA (2) 
 386 792
NF1->-MAP3K1 CDH1->-NF1 PTEN->-MAP3K1 PTEN->-CDH1 PTEN->-NF1 CDH1->-MAP3K1 (2) 
 969 1289
RUNX1->-PIK3CA (8) 
 122 130 208 239 491 525 901 1253
CDH1->-CREBBP (8) 
 127 151 297 503 507 649 874 1203
CDH1->-CREBBP PIK3CA->-CREBBP CDH1->-PIK3CA (4) 
 127 503 507 1203
KMT2C->-TP53 (8) 
 132 506 526 527 572 747 1175 1306
RB1->-TP53 (8) 
 132 213 447 563 577 822 897 1243
TP53->-BAP1 (8) 
 201 359 360 377 487 535 671 744
RUNX1->-CDH1 (8) 
 208 239 408 474 491 526 571 901
RUNX1->-CDH1 RUNX1->-PIK3CA CDH1->-PIK3CA (2) 
 208 901
RUNX1->-CDH1 RUNX1->-PIK3CA PIK3CA->-CDH1 (2) 
 239 491
CBFB->-MAP3K1 (8) 
 248 266 307 613 808 958 1033 1045
CBFB->-MAP3K1 CBFB->-PIK3CA MAP3K1->-PIK3CA (6) 
 248 307 613 808 958 1033
CBFB->-MAP3K1 MAP3K1->-GATA3 CBFB->-GATA3 (2) 
 266 1045
CDH1->-NF1 (8) 
 277 462 561 882 969 979 1024 1289
CDH1->-NF1 PIK3CA->-NF1 CDH1->-PIK3CA (3) 
 277 882 1024
CDH1->-PTPRD (8) 
 298 359 407 503 863 1224 1275 1299
CDH1->-PTPRD TP53->-PTPRD CDH1->-TP53 (2) 
 298 407
CDH1->-PTPRD TP53->-PTPRD TP53->-CDH1 (3) 
 359 503 1299
CDH1->-PTPRD PIK3CA->-PTPRD CDH1->-PIK3CA (2) 
 503 1224
CDH1->-PTPRD PIK3CA->-PTPRD PIK3CA->-CDH1 (2) 
 298 863
CDH1->-APC (8) 
 407 507 561 693 937 1185 1203 1289
PIK3CA->-IGF1R (7) 
 1 277 281 566 1005 1038 1094
PIK3CA->-CARD11 (7) 
 1 62 536 655 786 979 990
PIK3CA->-CARD11 TP53->-CARD11 TP53->-PIK3CA (2) 
 62 536
GATA3->-TP53 (7) 
 5 510 572 604 677 1169 1221
GATA3->-TP53 PIK3CA->-GATA3 PIK3CA->-TP53 (2) 
 572 677
TP53->-DNMT1 (7) 
 11 513 590 698 850 1134 1243
CDH1->-KMT2D (7) 
 12 136 484 561 656 979 1097
CDH1->-KMT2D PIK3CA->-KMT2D CDH1->-PIK3CA (2) 
 12 136
CDH1->-KMT2D PIK3CA->-KMT2D PIK3CA->-CDH1 (2) 
 484 979
FOXA1->-MAP3K1 (7) 
 25 253 266 331 380 1186 1198
FOXA1->-MAP3K1 PIK3CA->-FOXA1 PIK3CA->-MAP3K1 (3) 
 25 331 380
FOXA1->-MAP3K1 CDH1->-MAP3K1 CDH1->-FOXA1 PIK3CA->-FOXA1 PIK3CA->-MAP3K1 CDH1->-PIK3CA (2) 
 25 331
FOXA1->-MAP3K1 TP53->-FOXA1 TP53->-MAP3K1 (3) 
 25 253 380
FOXA1->-MAP3K1 FOXA1->-PIK3CA PIK3CA->-MAP3K1 (2) 
 266 1186
CDH1->-EPHB1 (7) 
 25 87 354 601 937 972 1188
CDH1->-EPHB1 TP53->-EPHB1 CDH1->-TP53 (3) 
 25 87 601
PIK3CA->-NSD1 (7) 
 25 217 250 709 1042 1059 1262
PIK3CA->-ANKRD11 (7) 
 34 83 285 438 1166 1206 1286
PIK3CA->-ANKRD11 TP53->-ANKRD11 TP53->-PIK3CA (4) 
 83 438 1166 1286
PIK3CA->-BRCA2 (7) 
 46 127 224 373 394 892 1287
TBX3->-BRCA2 PIK3CA->-BRCA2 TBX3->-PIK3CA CDH1->-TBX3 CDH1->-PIK3CA CDH1->-BRCA2 (2) 
 127 1287
PIK3CA->-DNMT3A (7) 
 49 107 426 534 615 1059 1273
CDH1->-PTPRS (7) 
 52 87 887 1024 1082 1112 1289
CDH1->-PTPRS TP53->-PTPRS CDH1->-TP53 (2) 
 52 87
PIK3CA->-RFWD2 (7) 
 62 70 127 164 503 709 1237
TP53->-MDC1 (7) 
 62 298 330 389 716 1134 1150
PIK3CA->-PLK2 (7) 
 68 90 386 503 919 1123 1203
TP53->-MTOR (7) 
 70 76 285 644 698 764 1054
ATM->-GATA3 (7) 
 72 79 160 315 865 1038 1161
ATM->-GATA3 ATM->-PIK3CA GATA3->-PIK3CA (2) 
 72 160
ATM->-SPEN (2) 
 72 160
GATA3->-SPEN (7) 
 72 369 467 483 1083 1135 1180
MAP3K1->-ARID1A (7) 
 72 177 187 277 504 751 1274
MAP3K1->-ARID1A PIK3CA->-ARID1A MAP3K1->-PIK3CA (3) 
 72 177 187
MAP3K1->-ARID1A MAP3K1->-GATA3 GATA3->-ARID1A (3) 
 72 187 277
MAP3K1->-ARID1A MAP3K1->-GATA3 GATA3->-PIK3CA MAP3K1->-PIK3CA PIK3CA->-ARID1A GATA3->-ARID1A (2) 
 72 187
TP53->-DDR2 (7) 
 87 520 618 731 1117 1153 1295
TP53->-PIK3CG (7) 
 87 116 536 581 765 1034 1222
CDH1->-ERBB3 (7) 
 91 123 151 241 354 824 1155
CDH1->-SPEN (7) 
 92 243 323 693 1049 1203 1275
CDH1->-SPEN PIK3CA->-SPEN CDH1->-PIK3CA (2) 
 243 1203
PIK3CA->-PIK3C2G (7) 
 102 426 507 642 971 1114 1286
PIK3CA->-DICER1 (7) 
 105 218 258 285 482 725 745
NCOR1->-GATA3 (7) 
 113 356 441 483 677 817 1076
PIK3CA->-AR (7) 
 119 127 158 277 330 770 1008
TP53->-PIK3C2G (7) 
 124 390 426 642 656 1114 1286
TP53->-PIK3C2G PIK3CA->-PIK3C2G TP53->-PIK3CA (2) 
 426 1286
TP53->-PIK3C2G PIK3CA->-PIK3C2G PIK3CA->-TP53 (2) 
 642 1114
PTEN->-PIK3R1 (7) 
 125 131 350 513 816 1194 1289
PTEN->-PIK3R1 TP53->-PIK3R1 TP53->-PTEN (4) 
 125 513 816 1194
MGA->-PIK3CA (7) 
 130 695 717 751 1082 1167 1308
TP53->-KDM6A (7) 
 133 144 341 431 731 892 1117
GATA3->-ESR1 (7) 
 160 187 786 859 909 1083 1241
GATA3->-ESR1 PIK3CA->-ESR1 GATA3->-PIK3CA (2) 
 160 187
MAP3K1->-TBX3 (7) 
 170 378 613 817 1072 1124 1274
MAP3K1->-TBX3 PIK3CA->-TBX3 MAP3K1->-PIK3CA (3) 
 170 613 817
TP53->-GRIN2A (7) 
 184 341 372 457 820 1051 1117
CBFB->-CDH1 (7) 
 189 442 652 742 799 807 912
CBFB->-CDH1 CBFB->-PIK3CA CDH1->-PIK3CA (2) 
 742 912
MAP2K4->-TP53 (7) 
 215 606 848 873 973 1015 1016
MAP2K4->-TP53 PIK3CA->-MAP2K4 PIK3CA->-TP53 (2) 
 606 1016
PIK3CA->-ARID5B (7) 
 229 438 503 601 726 892 1203
PIK3CA->-ARID5B TP53->-ARID5B TP53->-PIK3CA (2) 
 438 503
ANKRD11->-ARID5B (2) 
 438 503
PIK3CA->-ARID5B TP53->-ARID5B PIK3CA->-TP53 (2) 
 601 892
CDH1->-SETD2 (7) 
 239 507 592 698 769 784 1082
BRCA1->-SETD2 CDH1->-BRCA1 TP53->-BRCA1 CDH1->-SETD2 TP53->-SETD2 TP53->-CDH1 (2) 
 698 784
CTCF->-PIK3CA (7) 
 275 365 532 666 829 871 1265
PIK3CA->-MDC1 (7) 
 298 330 389 740 971 1059 1203
PIK3CA->-MDC1 TP53->-MDC1 PIK3CA->-TP53 (3) 
 298 330 389
TP53->-INSR (7) 
 310 438 655 805 942 1159 1160
CDH1->-KMT2A (7) 
 320 342 354 374 486 1023 1024
TP53->-BCOR (7) 
 329 642 713 895 990 1117 1296
RB1->-PIK3CA (7) 
 358 364 426 678 735 795 1149
PIK3CA->-MGA (7) 
 386 536 655 789 953 990 1166
TP53->-NOTCH1 (7) 
 416 426 644 663 784 1207 1245
PIK3CA->-KDR (7) 
 426 637 731 821 1041 1140 1229
TP53->-PALB2 (7) 
 432 590 629 892 963 1037 1238
TP53->-BRCA1 (7) 
 432 656 698 784 1150 1200 1202
TP53->-PDGFRA (7) 
 432 437 628 764 1022 1286 1302
PIK3CA->-EPHA5 (7) 
 473 491 664 750 1207 1224 1270
PIK3CA->-EPHA5 TP53->-EPHA5 TP53->-PIK3CA (3) 
 473 750 1207
MAP2K4->-GATA3 (7) 
 483 532 665 702 810 873 1022
MAP2K4->-GATA3 MAP2K4->-PIK3CA PIK3CA->-GATA3 (2) 
 532 1022
PIK3CA->-BCOR (7) 
 642 709 740 952 990 1128 1186
PTEN->-BCOR TP53->-BCOR PIK3CA->-PTEN TP53->-PTEN PIK3CA->-TP53 PIK3CA->-BCOR (2) 
 642 990
NOTCH1->-PIK3CA (6) 
 1 8 592 784 1038 1278
PIK3CA->-ATRX (6) 
 1 227 601 882 990 1051
ESR1->-ARID1A (6) 
 1 187 277 285 424 1192
ESR1->-ARID1A PIK3CA->-ARID1A PIK3CA->-ESR1 (3) 
 187 277 285
TP53->-DOT1L (6) 
 13 25 432 671 879 947
TP53->-PIK3CB (6) 
 16 152 298 1059 1228 1305
ARID1A->-KMT2C (6) 
 25 127 523 709 1203 1242
ARID1A->-NCOR1 ARID1A->-KMT2C PIK3CA->-KMT2C PIK3CA->-ARID1A PIK3CA->-NCOR1 KMT2C->-NCOR1 (2) 
 709 1203
ARID1A->-KMT2C ARID1A->-PIK3CA PIK3CA->-KMT2C (2) 
 25 127
ARID1A->-KMT2C CDH1->-ARID1A CDH1->-KMT2C (2) 
 25 1203
FOXA1->-KMT2C CDH1->-FOXA1 CDH1->-KMT2C (2) 
 25 1203
PIK3CA->-EPHB1 (6) 
 25 601 743 950 972 990
PIK3CA->-EPHB1 TP53->-EPHB1 TP53->-PIK3CA (2) 
 25 743
PIK3CA->-EPHB1 TP53->-EPHB1 PIK3CA->-TP53 (2) 
 601 990
ATRX->-EPHB1 PIK3CA->-EPHB1 PIK3CA->-ATRX (2) 
 601 990
HNF1A->-EPHB1 (2) 
 601 990
PIK3CA->-EPHB1 CDH1->-EPHB1 CDH1->-PIK3CA (3) 
 25 601 972
STK11->-PIK3CA (6) 
 30 545 679 747 789 1082
CDH1->-RICTOR (6) 
 39 157 277 503 684 863
CDH1->-RICTOR PIK3CA->-RICTOR CDH1->-PIK3CA (3) 
 39 277 503
AKT1->-MAP3K1 (6) 
 40 82 86 365 861 1312
ZFHX3->-PIK3CA (6) 
 48 175 561 562 1024 1122
PIK3CA->-MTOR (6) 
 50 70 76 285 937 939
PIK3CA->-MTOR TP53->-MTOR PIK3CA->-TP53 (3) 
 70 76 285
MAP3K1->-ERBB3 (6) 
 62 72 666 950 1068 1274
MAP3K1->-TP53 (6) 
 62 502 509 646 868 1208
TP53->-RFWD2 (6) 
 62 70 488 503 698 766
TP53->-RFWD2 PIK3CA->-RFWD2 TP53->-PIK3CA (2) 
 62 503
ATR-/-RFWD2 ATR-/-PIK3CA PIK3CA->-RFWD2 (2) 
 62 503
PIK3CA->-EP300 (6) 
 70 403 541 709 747 840
PIK3CA->-ROS1 (6) 
 70 107 573 709 990 1238
PIK3CA->-ERBB3 (6) 
 72 91 388 635 796 950
PIK3CA->-ERBB3 TP53->-ERBB3 TP53->-PIK3CA (2) 
 388 796
PIK3CA->-ERBB3 MAP3K1->-ERBB3 MAP3K1->-PIK3CA (2) 
 72 950
PIK3CA->-NUP93 (6) 
 72 606 655 724 1001 1008
GATA3->-KMT2C (6) 
 79 142 145 376 516 971
TBX3->-TP53 (6) 
 80 107 293 596 677 906
TBX3->-TP53 TBX3->-PIK3CA TP53->-PIK3CA (2) 
 293 906
TBX3->-TP53 TBX3->-PIK3CA PIK3CA->-TP53 (2) 
 80 677
TP53->-HNF1A (6) 
 85 201 207 783 990 1209
CDH1->-FAT1 (6) 
 87 308 650 693 863 882
CDH1->-FAT1 PIK3CA->-FAT1 CDH1->-PIK3CA (2) 
 308 882
CDH1->-ATRX (6) 
 87 227 601 874 882 1063
CDH1->-ATRX PIK3CA->-ATRX CDH1->-PIK3CA (3) 
 227 601 882
TP53->-KDM5A (6) 
 87 432 433 626 638 750
TP53->-TERT (6) 
 94 536 698 889 1232 1304
TP53->-STK11 (6) 
 99 468 698 789 947 1209
TP53->-RECQL4 (6) 
 101 253 723 825 1015 1207
CREBBP->-PIK3CA (6) 
 110 151 656 784 1008 1126
PTEN->-SF3B1 (6) 
 110 232 350 834 952 1064
PTEN->-SF3B1 PTEN->-PIK3CA PIK3CA->-SF3B1 (2) 
 110 952
TP53->-TP63 (6) 
 120 302 527 546 1139 1268
CDH1->-RFWD2 (6) 
 127 162 164 503 698 1237
KMT2C->-RFWD2 CDH1->-RFWD2 PIK3CA->-RFWD2 CDH1->-KMT2C PIK3CA->-KMT2C CDH1->-PIK3CA (3) 
 127 503 1237
RAD50->-RFWD2 CDH1->-RAD50 TP53->-RAD50 CDH1->-RFWD2 TP53->-RFWD2 TP53->-CDH1 (2) 
 503 698
TP53->-IGF1R (6) 
 129 281 566 713 1005 1172
TP53->-IGF1R PIK3CA->-IGF1R TP53->-PIK3CA (3) 
 281 566 1005
KMT2C->-NCOR1 (6) 
 132 572 656 709 862 1203
KMT2C->-NCOR1 PIK3CA->-NCOR1 PIK3CA->-KMT2C (4) 
 572 709 862 1203
KMT2C->-NCOR1 CDH1->-NCOR1 CDH1->-KMT2C (3) 
 656 862 1203
KMT2C->-NCOR1 KMT2C->-TP53 TP53->-NCOR1 (2) 
 132 572
PIK3CA->-STAG2 (6) 
 136 503 786 1001 1206 1246
PIK3CA->-STAG2 TP53->-STAG2 TP53->-PIK3CA (2) 
 136 503
CDH1->-STAG2 PIK3CA->-STAG2 CDH1->-PIK3CA (2) 
 136 503
PIK3CA->-NOTCH1 (6) 
 140 426 758 948 1116 1207
PIK3CA->-NOTCH1 TP53->-NOTCH1 TP53->-PIK3CA (2) 
 426 1207
CDH1->-RB1 (6) 
 146 297 426 505 831 1108
CDH1->-RB1 TP53->-RB1 CDH1->-TP53 (2) 
 146 297
CDH1->-RB1 TP53->-CDH1 TP53->-RB1 (2) 
 426 831
TP53->-SOX17 (6) 
 146 255 298 681 933 1271
PIK3CA->-CIC (6) 
 187 190 506 533 937 1050
TP53->-MGA (6) 
 196 536 655 789 990 1166
TP53->-MGA PIK3CA->-MGA TP53->-PIK3CA (3) 
 536 789 1166
PIK3CA->-MST1R (6) 
 197 285 688 773 1041 1278
TP53->-DNMT3A (6) 
 226 426 432 503 1059 1295
TP53->-KDR (6) 
 235 426 637 731 1140 1229
TP53->-KDR PIK3CA->-KDR TP53->-PIK3CA (2) 
 426 731
TP53->-KDR PIK3CA->-KDR PIK3CA->-TP53 (3) 
 637 1140 1229
PIK3CA->-FGFR2 (6) 
 236 262 308 919 990 1191
PIK3CA->-SETD2 (6) 
 239 386 507 536 990 1082
ARID1A->-SETD2 PIK3CA->-SETD2 CDH1->-SETD2 CDH1->-ARID1A ARID1A->-PIK3CA CDH1->-PIK3CA (2) 
 507 1082
GATA3->-CDKN1B (6) 
 276 286 734 745 1135 1169
PIK3CA->-RAD50 (6) 
 277 503 543 681 786 1314
CBFB->-TP53 (6) 
 281 314 807 1016 1033 1213
CBFB->-TP53 CBFB->-PIK3CA TP53->-PIK3CA (3) 
 281 314 1033
CDH1->-PTCH1 (6) 
 296 342 368 824 1024 1128
CDH1->-PTCH1 PIK3CA->-PTCH1 CDH1->-PIK3CA (2) 
 1024 1128
TP53->-RPTOR (6) 
 337 525 546 707 1260 1299
PIK3CA->-BAP1 (6) 
 360 648 744 745 856 1106
PIK3CA->-BAP1 TP53->-BAP1 PIK3CA->-TP53 (2) 
 360 744
PTEN->-ARID1A (6) 
 424 583 592 952 957 990
ESR1->-CDH1 (6) 
 424 512 605 712 887 1049
TP53->-NBN (6) 
 458 546 767 829 1234 1268
CDKN1B->-PIK3CA (6) 
 479 898 1098 1157 1169 1187
PIK3CA->-CBFB (6) 
 491 572 695 945 1000 1204
TP53->-RAD50 (6) 
 503 543 681 698 741 1314
TP53->-RAD50 PIK3CA->-RAD50 TP53->-PIK3CA (2) 
 503 681
TP53->-RAD50 PIK3CA->-RAD50 PIK3CA->-TP53 (2) 
 543 1314
TP53->-NOTCH3 (6) 
 595 779 902 963 964 1245
KMT2C->-FAT1 (6) 
 650 747 773 957 1279 1284
KMT2C->-FAT1 PIK3CA->-FAT1 PIK3CA->-KMT2C (2) 
 773 1279
PIK3CA->-APC (6) 
 655 937 990 1203 1229 1243
PIK3CA->-APC TP53->-APC PIK3CA->-TP53 (4) 
 655 990 1229 1243
APC->-NCOR1 PIK3CA->-APC CDH1->-APC CDH1->-NCOR1 PIK3CA->-NCOR1 CDH1->-PIK3CA (2) 
 937 1203
ERBB3->-PIK3CA (5) 
 2 62 151 666 1068
ERBB3->-PIK3CA MAP3K1->-ERBB3 MAP3K1->-PIK3CA (3) 
 62 666 1068
KMT2C->-BRCA2 (5) 
 14 192 650 1143 1175
KMT2C->-BRCA2 TP53->-BRCA2 TP53->-KMT2C (2) 
 192 1143
MEN1->-KMT2C (5) 
 14 72 503 1203 1284
MEN1->-KMT2C KMT2C->-GATA3 MEN1->-GATA3 (2) 
 14 72
TP53->-RAF1 (5) 
 16 219 453 866 1232
TP53->-PAK7 (5) 
 17 163 416 601 656
CDH1->-NSD1 (5) 
 25 206 217 490 1289
CDH1->-NSD1 TP53->-NSD1 CDH1->-TP53 (2) 
 25 490
NSD1->-FOXA1 CDH1->-NSD1 PIK3CA->-NSD1 CDH1->-FOXA1 PIK3CA->-FOXA1 CDH1->-PIK3CA (2) 
 25 217
TP53->-TSC1 (5) 
 25 305 807 892 1258
PIK3CA->-GLI1 (5) 
 26 102 127 990 1024
CBFB->-AKT1 (5) 
 27 172 188 442 781
PIK3CA->-HIST1H1C (5) 
 36 107 557 745 1237
PIK3CA->-TET1 (5) 
 36 61 536 786 1193
CHEK2->-PIK3CA (5) 
 36 136 648 784 977
STAG2->-PIK3CA (5) 
 36 72 642 679 1090
GATA3->-EGFR (5) 
 37 72 915 1195 1291
PIK3CA->-EGFR (5) 
 37 50 72 507 1101
PIK3CA->-EGFR GATA3->-EGFR GATA3->-PIK3CA (2) 
 37 72
PIK3CA->-ALK (5) 
 39 114 1000 1203 1227
TP53->-KIT (5) 
 41 503 618 946 1015
KDM5C->-PIK3CA (5) 
 45 81 267 592 965
PIK3CA->-BRIP1 (5) 
 45 408 541 681 819
ZFHX3->-CDH1 (5) 
 48 175 561 562 920
ZFHX3->-CDH1 ZFHX3->-PIK3CA CDH1->-PIK3CA (4) 
 48 175 561 562
ARID1A->-GRIN2A (5) 
 51 218 592 957 1211
TP53->-EPHA7 (5) 
 52 62 789 849 1194
TP53->-BRD4 (5) 
 57 199 341 779 1249
PIK3CA->-NOTCH3 (5) 
 58 484 727 902 1203
PIK3CA->-JAK3 (5) 
 61 269 351 386 507
TP53->-HIST1H3B (5) 
 62 88 136 623 946
TP53->-TCF7L2 (5) 
 62 289 353 1249 1295
TP53->-PLK2 (5) 
 68 90 99 503 700
TP53->-PLK2 PIK3CA->-PLK2 TP53->-PIK3CA (2) 
 68 503
ESR1->-MAP3K1 (5) 
 71 277 409 712 1278
ESR1->-MAP3K1 PIK3CA->-ESR1 PIK3CA->-MAP3K1 (2) 
 277 1278
KMT2C->-ARID1A (5) 
 72 197 358 572 1284
KMT2C->-ARID1A PIK3CA->-ARID1A PIK3CA->-KMT2C (2) 
 197 572
KMT2C->-ARID1A PIK3CA->-ARID1A KMT2C->-PIK3CA (2) 
 72 358
KMT2C->-ARID1A KMT2C->-GATA3 GATA3->-ARID1A (2) 
 72 572
GATA3->-FLT3 (5) 
 72 205 369 567 1186
KMT2C->-CDH1 (5) 
 75 296 650 747 1155
TP53->-ARAF (5) 
 88 328 744 892 1164
TP53->-MET (5) 
 90 196 295 617 671
TP53->-MAP3K13 (5) 
 90 416 544 736 779
MAP3K1->-ESR1 (5) 
 98 187 758 819 1274
MAP3K1->-ESR1 ESR1->-PIK3CA MAP3K1->-PIK3CA (2) 
 98 758
PIK3CA->-DNMT1 (5) 
 110 386 602 1165 1243
PTEN->-GATA3 (5) 
 113 265 362 624 1200
PTEN->-GATA3 TP53->-GATA3 TP53->-PTEN (2) 
 113 1200
CDH1->-AR (5) 
 119 127 277 650 1024
CDH1->-AR PIK3CA->-AR CDH1->-PIK3CA (2) 
 127 277
NCOR1->-MED12 (5) 
 120 513 536 677 1131
NCOR1->-MED12 TP53->-MED12 TP53->-NCOR1 (3) 
 120 513 536
NCOR1->-MED12 PIK3CA->-MED12 NCOR1->-PIK3CA (2) 
 677 1131
TP53->-FGFR4 (5) 
 120 169 655 1132 1299
NF1->-PIK3R1 (5) 
 125 131 282 1194 1289
NF1->-PIK3R1 TP53->-PIK3R1 TP53->-NF1 (2) 
 125 1194
NF1->-PIK3R1 PTEN->-PIK3R1 PTEN->-NF1 (2) 
 1194 1289
TP53->-AXIN2 (5) 
 126 623 698 889 1018
CREBBP->-KMT2C (5) 
 127 656 904 971 1203
CREBBP->-KMT2C TP53->-CREBBP TP53->-KMT2C (2) 
 656 904
CREBBP->-KMT2C PIK3CA->-CREBBP PIK3CA->-KMT2C (3) 
 127 971 1203
CREBBP->-KMT2C CDH1->-CREBBP PIK3CA->-CREBBP CDH1->-KMT2C PIK3CA->-KMT2C CDH1->-PIK3CA (2) 
 127 1203
ARID1A->-CREBBP CREBBP->-KMT2C ARID1A->-KMT2C (2) 
 127 1203
KMT2C->-TBX3 (5) 
 132 613 793 900 1155
TP53->-JAK3 (5) 
 133 351 524 1022 1222
CDH1->-STAG2 (5) 
 136 503 1090 1188 1206
PIK3CA->-TET2 (5) 
 140 536 1031 1130 1168
TP53->-ERBB2 (5) 
 146 253 367 503 603
TP53->-ERBB2 CDH1->-ERBB2 CDH1->-TP53 (2) 
 146 367
CDH1->-IKZF1 (5) 
 146 507 592 712 874
TP53->-PBRM1 (5) 
 146 185 377 885 889
PIK3CA->-BRCA1 (5) 
 154 229 717 948 1200
TP53->-POLD1 (5) 
 156 366 596 1034 1258
GATA3->-TBX3 (5) 
 170 307 378 817 1161
GATA3->-TBX3 TBX3->-PIK3CA GATA3->-PIK3CA (2) 
 307 378
GATA3->-TBX3 PIK3CA->-TBX3 GATA3->-PIK3CA (2) 
 170 817
GATA3->-TBX3 MAP3K1->-TBX3 MAP3K1->-GATA3 (2) 
 378 817
CDH1->-MED12 (5) 
 170 298 507 677 1289
CDH1->-MED12 PIK3CA->-MED12 PIK3CA->-CDH1 (2) 
 170 298
PIK3CA->-TERT (5) 
 176 332 455 536 1304
PIK3R1->-TP53 (5) 
 192 196 361 674 911
ERBB2->-KMT2C (5) 
 193 296 503 793 1024
ERBB2->-KMT2C CDH1->-ERBB2 CDH1->-KMT2C (2) 
 503 1024
ERBB2->-KMT2C ERBB2->-CDH1 CDH1->-KMT2C (2) 
 193 793
KMT2C->-PARP1 TP53->-PARP1 TP53->-KMT2C (2) 
 296 503
ERBB2->-PARP1 KMT2C->-PARP1 PIK3CA->-PARP1 ERBB2->-KMT2C ERBB2->-PIK3CA PIK3CA->-KMT2C (2) 
 296 503
TP53->-XPO1 (5) 
 207 253 698 925 1220
MAP3K1->-NOTCH4 (5) 
 218 426 574 745 892
MAP3K1->-NOTCH4 PIK3CA->-NOTCH4 MAP3K1->-PIK3CA (2) 
 218 426
MAP3K1->-NOTCH4 PIK3CA->-NOTCH4 PIK3CA->-MAP3K1 (2) 
 745 892
NOTCH4->-PTPRT PIK3CA->-PTPRT PIK3CA->-NOTCH4 (2) 
 426 892
MAP3K1->-PTPRT NOTCH4->-PTPRT MAP3K1->-NOTCH4 TP53->-PTPRT TP53->-NOTCH4 TP53->-MAP3K1 (2) 
 426 892
PIK3CA->-GRIN2A (5) 
 218 225 798 1051 1077
NF1->-CDH1 (5) 
 241 298 829 937 1036
NF1->-CDH1 NF1->-PIK3CA CDH1->-PIK3CA (2) 
 829 937
NF1->-CDH1 NF1->-PIK3CA PIK3CA->-CDH1 (2) 
 298 1036
FOXA1->-GATA3 (5) 
 266 780 802 1186 1198
FOXA1->-GATA3 FOXA1->-PIK3CA GATA3->-PIK3CA (2) 
 1186 1198
FOXA1->-GATA3 FOXA1->-MAP3K1 MAP3K1->-GATA3 (2) 
 266 1198
CDH1->-RAD50 (5) 
 277 503 507 698 1289
CDH1->-RAD50 PIK3CA->-RAD50 CDH1->-PIK3CA (2) 
 277 503
ERBB2->-TP53 (5) 
 296 775 998 1035 1239
PIK3CA->-PARP1 (5) 
 296 503 655 821 1008
TP53->-PARP1 (5) 
 296 413 503 655 955
TP53->-PARP1 PIK3CA->-PARP1 PIK3CA->-TP53 (2) 
 296 655
AKT1->-NOTCH2 (5) 
 303 382 410 768 1313
TP53->-BRIP1 (5) 
 310 681 775 849 1296
ERBB2->-RUNX1 (5) 
 333 339 788 793 1252
ERBB2->-RUNX1 CDH1->-RUNX1 CDH1->-ERBB2 (2) 
 339 1252
TP53->-CEBPA (5) 
 338 536 964 997 1228
NCOR1->-RUNX1 (5) 
 339 541 720 793 952
NCOR1->-RUNX1 PIK3CA->-NCOR1 PIK3CA->-RUNX1 (2) 
 541 720
NCOR1->-RUNX1 NCOR1->-PIK3CA PIK3CA->-RUNX1 (2) 
 339 952
ARID2->-GATA3 (5) 
 356 619 702 785 1027
ARID2->-ARID1A (5) 
 356 619 947 990 1274
ARID2->-ARID1A TP53->-ARID2 TP53->-ARID1A (2) 
 947 990
EPHA5->-ARID1A (2) 
 947 990
NCOR1->-CDH1 (5) 
 359 677 793 807 952
NCOR1->-CDH1 TP53->-CDH1 TP53->-NCOR1 (2) 
 359 807
NCOR1->-CDH1 NCOR1->-RUNX1 CDH1->-RUNX1 (2) 
 793 952
TP53->-JAK1 (5) 
 359 377 438 468 1134
KMT2D->-PIK3CA (5) 
 364 561 656 747 1186
KMT2D->-PIK3CA CDH1->-KMT2D CDH1->-PIK3CA (2) 
 561 656
PTEN->-GRIN2A (5) 
 372 592 798 957 1051
PTEN->-GRIN2A ARID1A->-GRIN2A PTEN->-ARID1A (2) 
 592 957
PTEN->-GRIN2A PIK3CA->-GRIN2A PTEN->-PIK3CA (2) 
 798 1051
PIK3CA->-SMAD4 (5) 
 403 562 709 843 929
MAP2K4->-PTEN (5) 
 415 798 917 1015 1044
TP53->-GLI1 (5) 
 436 618 990 1125 1153
TP53->-CIC (5) 
 437 447 459 506 533
TP53->-CIC PIK3CA->-CIC TP53->-PIK3CA (2) 
 506 533
TP53->-IRF4 (5) 
 438 492 698 922 1105
TP53->-SMARCA4 (5) 
 441 525 804 990 1139
TP53->-TRAF2 (5) 
 457 892 990 1153 1268
PIK3CA->-KRAS (5) 
 463 633 908 1167 1203
PIK3CA->-BLM (5) 
 464 507 562 953 1148
TP53->-PIK3R2 (5) 
 469 760 891 1046 1267
PIK3CA->-ERCC4 (5) 
 470 507 584 709 786
ARID1A->-IKZF1 (5) 
 507 592 709 1211 1242
IKZF1->-PIK3CA ARID1A->-IKZF1 CDH1->-IKZF1 CDH1->-ARID1A ARID1A->-PIK3CA CDH1->-PIK3CA (2) 
 507 592
AKT1->-KMT2C (5) 
 523 701 1010 1115 1176
AKT1->-KMT2C AKT1->-TP53 TP53->-KMT2C (2) 
 701 1176
RUNX1->-TP53 (5) 
 525 526 1081 1159 1259
PTPRS->-PIK3CA (5) 
 533 789 1082 1112 1186
PTPRS->-PIK3CA TP53->-PTPRS TP53->-PIK3CA (2) 
 533 789
PTPRS->-PIK3CA CDH1->-PTPRS CDH1->-PIK3CA (2) 
 1082 1112
TP53->-TET1 (5) 
 536 816 1153 1193 1223
TP53->-ERBB4 (5) 
 563 889 1114 1125 1194
CBFB->-NCOR1 (5) 
 572 738 807 1016 1033
CBFB->-NCOR1 NCOR1->-PIK3CA CBFB->-PIK3CA (2) 
 738 1033
CBFB->-NCOR1 CBFB->-TP53 TP53->-NCOR1 (2) 
 807 1033
CDH1->-DNMT1 (5) 
 589 602 693 698 1165
CDH1->-DNMT1 PIK3CA->-DNMT1 CDH1->-PIK3CA (2) 
 602 1165
CDH1->-XPO1 (5) 
 649 650 698 1203 1285
MAP3K1->-NCOR1 (5) 
 667 758 817 1068 1208
MAP3K1->-NCOR1 NCOR1->-PIK3CA MAP3K1->-PIK3CA (2) 
 817 1068
ARID1B->-PIK3CA (5) 
 731 747 752 1024 1238
ARID1B->-PIK3CA TP53->-ARID1B TP53->-PIK3CA (2) 
 731 1238
AKT1->-MAP2K4 (5) 
 762 768 848 1010 1053
ERBB2->-TBX3 (5) 
 788 793 824 1239 1274
ERBB2->-TBX3 ERBB2->-CDH1 CDH1->-TBX3 (2) 
 793 824
GPS2->-PIK3CA (5) 
 829 896 919 937 1237
FAT1->-PIK3CA (4) 
 1 168 678 747
SETD2->-PIK3CA (4) 
 1 592 784 1107
SETD2->-PIK3CA CDH1->-SETD2 CDH1->-PIK3CA (2) 
 592 784
FAT1->-RICTOR (4) 
 1 168 863 1046
FAT1->-RICTOR FAT1->-PIK3CA PIK3CA->-RICTOR (2) 
 1 168
TET1->-FAT1 (4) 
 1 36 536 1153
TET1->-FAT1 PIK3CA->-TET1 PIK3CA->-FAT1 (2) 
 36 536
NCOR1->-TET1 NCOR1->-FAT1 TET1->-FAT1 (2) 
 36 536
RB1->-FAT1 PIK3CA->-RB1 PIK3CA->-FAT1 (2) 
 36 536
TET1->-FAT1 TP53->-TET1 TP53->-FAT1 (2) 
 536 1153
ESR1->-FAT1 (4) 
 1 250 605 786
ESR1->-FAT1 PIK3CA->-FAT1 PIK3CA->-ESR1 (2) 
 250 786
ARID1A->-FAT1 (4) 
 1 445 1153 1284
TET1->-ARID1A (4) 
 1 223 949 1153
TET1->-ARID1A ARID1A->-FAT1 TET1->-FAT1 (2) 
 1 1153
PIK3CA->-RPS6KB2 (4) 
 12 168 655 1227
CDH1->-SMO (4) 
 12 211 503 912
TP53->-RBM10 (4) 
 13 203 546 1202
KMT2A->-GATA3 (4) 
 14 835 1023 1201
TP53->-CDK8 (4) 
 22 377 459 723
SMO->-PIK3CA (4) 
 22 211 651 912
SMO->-PIK3CA CDH1->-SMO CDH1->-PIK3CA (2) 
 211 912
FOXA1->-KMT2C (4) 
 25 296 386 1203
FOXA1->-KMT2C PIK3CA->-FOXA1 PIK3CA->-KMT2C (3) 
 25 296 386
FOXA1->-KMT2C TP53->-FOXA1 TP53->-KMT2C (2) 
 25 296
PIK3CA->-EZH2 (4) 
 25 90 772 1243
TP53->-EZH2 (4) 
 25 90 146 1243
TP53->-EZH2 PIK3CA->-EZH2 PIK3CA->-TP53 (2) 
 90 1243
GATA3->-PIK3R2 (4) 
 31 205 891 1046
GATA3->-PIK3R2 TP53->-PIK3R2 TP53->-GATA3 (2) 
 891 1046
CBFB->-ARID1A (4) 
 33 153 572 799
NCOR1->-RB1 (4) 
 36 447 877 1184
NCOR1->-RB1 PIK3CA->-RB1 NCOR1->-PIK3CA (2) 
 36 1184
PIK3CA->-FOXP1 (4) 
 36 403 695 1186
CDH1->-ALK (4) 
 39 47 109 1203
CDH1->-ALK PIK3CA->-ALK CDH1->-PIK3CA (2) 
 39 1203
FOXA1->-ALK CDH1->-ALK CDH1->-FOXA1 (2) 
 39 1203
TP53->-IKZF1 (4) 
 41 146 453 1059
PIK3CA->-HIST1H3I (4) 
 49 990 994 1001
PIK3CA->-BARD1 (4) 
 49 525 635 725
PIK3CA->-BARD1 TP53->-BARD1 TP53->-PIK3CA (2) 
 525 725
PIK3CA->-SMARCA4 (4) 
 49 576 804 990
CDH1->-MTOR (4) 
 50 151 698 937
CDH1->-MTOR PIK3CA->-MTOR CDH1->-PIK3CA (2) 
 50 937
CDH1->-EGFR (4) 
 50 60 507 976
CDH1->-EGFR PIK3CA->-EGFR CDH1->-PIK3CA (2) 
 50 507
CDH1->-KDR (4) 
 52 426 693 747
SPEN->-PIK3CA (4) 
 55 160 1059 1248
PIK3CA->-BRD4 (4) 
 57 168 285 386
EPHA7->-PIK3CA (4) 
 62 789 1095 1108
EPHA7->-PIK3CA TP53->-EPHA7 TP53->-PIK3CA (2) 
 62 789
MAP3K1->-ATR (4) 
 62 86 218 757
NF1->-KMT2C (4) 
 64 131 233 523
TP53->-AR (4) 
 65 158 770 816
TP53->-AR PIK3CA->-AR PIK3CA->-TP53 (2) 
 158 770
PIK3CA->-CDKN2A (4) 
 70 655 743 1078
PIK3CA->-CDKN2A TP53->-CDKN2A TP53->-PIK3CA (2) 
 743 1078
STAG2->-GATA3 (4) 
 72 369 679 1001
MEN1->-SPEN (4) 
 72 483 776 1203
MEN1->-SPEN GATA3->-SPEN MEN1->-GATA3 (2) 
 72 483
MEN1->-ARID1A (4) 
 72 504 1203 1284
MEN1->-ARID1A KMT2C->-ARID1A MEN1->-KMT2C (2) 
 72 1284
SMARCA4->-PIK3CA (4) 
 76 296 525 600
PIK3CA->-IRS1 (4) 
 76 257 1038 1106
KMT2C->-ESR1 (4) 
 81 480 1155 1278
BRCA2->-PIK3CA (4) 
 83 159 592 1212
PTEN->-TBX3 (4) 
 87 508 1124 1155
PTEN->-ATRX (4) 
 87 110 816 1051
PTEN->-ATRX TP53->-ATRX TP53->-PTEN (2) 
 816 1051
TP53->-INPP4B (4) 
 88 207 1034 1114
TP53->-PIM1 (4) 
 88 144 196 413
TP53->-MAP2K1 (4) 
 88 209 436 1037
TP53->-SDHB (4) 
 88 201 634 1022
CDH1->-CTCF (4) 
 91 151 359 838
TP53->-AXIN1 (4) 
 113 146 663 1036
TP53->-IRS2 (4) 
 113 448 723 885
TP53->-RASA1 (4) 
 113 269 805 1145
FOXA1->-TP53 (4) 
 116 477 493 731
PIK3CA->-PIK3CG (4) 
 116 386 536 930
PIK3CA->-HNF1A (4) 
 119 386 990 1001
TP53->-PRDM1 (4) 
 120 149 387 563
PTEN->-MED12 (4) 
 120 386 513 1289
PTEN->-MED12 TP53->-MED12 TP53->-PTEN (2) 
 120 513
PTEN->-ATR (4) 
 120 695 990 1051
PTEN->-ATR TP53->-ATR TP53->-PTEN (3) 
 120 990 1051
PTEN->-ATR PIK3CA->-ATR PIK3CA->-PTEN (2) 
 695 990
MGA->-PTEN MGA->-ATR PTEN->-ATR (2) 
 695 990
MGA->-PTPRT (2) 
 695 990
ATR->-NCOR1 (4) 
 120 391 541 709
ATR->-NCOR1 TP53->-ATR TP53->-NCOR1 (2) 
 120 391
ATR->-NCOR1 PIK3CA->-ATR PIK3CA->-NCOR1 (2) 
 541 709
ATR->-EP300 PIK3CA->-EP300 PIK3CA->-ATR (2) 
 541 709
MAP3K1->-NSD1 (4) 
 120 217 490 1042
MAP3K1->-NSD1 TP53->-NSD1 TP53->-MAP3K1 (2) 
 120 490
MAP3K1->-NSD1 CDH1->-NSD1 CDH1->-MAP3K1 (2) 
 217 490
NF1->-MED12 (4) 
 120 298 536 1289
NF1->-MED12 TP53->-MED12 TP53->-NF1 (2) 
 120 536
MAP3K1->-MED12 NF1->-MAP3K1 NF1->-MED12 PTEN->-MED12 PTEN->-MAP3K1 PTEN->-NF1 (2) 
 120 1289
NF1->-NSD1 PTEN->-NSD1 PTEN->-NF1 (2) 
 120 1289
NF1->-MAP3K1 (4) 
 120 380 969 1289
NF1->-MAP3K1 TP53->-MAP3K1 TP53->-NF1 (3) 
 120 380 969
NF1->-MAP3K1 PTEN->-MAP3K1 PTEN->-NF1 (3) 
 120 969 1289
MAP3K1->-MED12 (4) 
 120 170 386 1289
MAP3K1->-MED12 PIK3CA->-MED12 MAP3K1->-PIK3CA (2) 
 170 386
MAP3K1->-MED12 PTEN->-MED12 PTEN->-MAP3K1 (3) 
 120 386 1289
TP53->-IFNGR1 (4) 
 120 233 723 910
TP53->-CTCF (4) 
 125 359 889 1294
BRCA2->-KMT2C (4) 
 127 785 957 1214
TBX3->-KMT2C (4) 
 127 508 1024 1214
TBX3->-KMT2C TP53->-TBX3 TP53->-KMT2C (2) 
 508 1214
KMT2C->-AR (4) 
 127 650 702 826
ARID1A->-CDH1 (4) 
 127 212 216 424
ARID1A->-CDH1 ARID1A->-PIK3CA CDH1->-PIK3CA (2) 
 127 212
CDH1->-RASA1 (4) 
 127 342 429 1155
TP53->-REL (4) 
 129 426 661 816
TP53->-TRAF7 (4) 
 129 663 1046 1105
FOXA1->-TBX3 (4) 
 132 236 729 924
FOXA1->-TBX3 PIK3CA->-TBX3 PIK3CA->-FOXA1 (2) 
 236 729
TP53->-PMS1 (4) 
 132 389 764 1037
ERBB2->-MAP3K1 (4) 
 139 253 266 1252
TP53->-SMO (4) 
 149 334 503 1181
NF1->-TET2 (4) 
 153 536 848 937
NF1->-TET2 TP53->-TET2 TP53->-NF1 (2) 
 536 848
PTEN->-ARID1B (4) 
 162 437 816 1289
CDH1->-RHOA (4) 
 162 549 592 677
CDH1->-PAK7 (4) 
 163 601 656 1024
CDH1->-PAK7 TP53->-PAK7 CDH1->-TP53 (2) 
 163 601
CDH1->-FGFR4 (4) 
 164 562 649 1080
PIK3CA->-FGFR4 (4) 
 164 169 386 655
GATA3->-NSD1 (4) 
 167 647 702 1042
GATA3->-MED12 (4) 
 170 516 647 677
MAP3K1->-CDH1 (4) 
 170 426 1072 1144
MAP3K1->-CDH1 PIK3CA->-CDH1 MAP3K1->-PIK3CA (2) 
 170 1144
PIK3CA->-TSHR (4) 
 176 364 1243 1288
TP53->-GATA2 (4) 
 178 414 432 656
TP53->-GSK3B (4) 
 196 640 1105 1117
ARID1A->-FLT3 (4) 
 205 507 567 796
FOXA1->-CDH1 (4) 
 216 296 954 1254
MAP3K1->-ARID2 (4) 
 217 502 816 1274
MAP3K1->-FOXA1 (4) 
 217 386 1148 1163
MAP3K1->-FOXA1 PIK3CA->-FOXA1 MAP3K1->-PIK3CA (3) 
 217 386 1148
PIK3CA->-PMS1 (4) 
 217 389 717 1037
MAP3K1->-DICER1 (4) 
 218 386 745 816
ERBB2->-ERBB3 (4) 
 241 284 824 1274
ERBB2->-ERBB3 CDH1->-ERBB3 ERBB2->-CDH1 (2) 
 241 824
NF1->-ERBB3 (4) 
 241 388 749 796
NF1->-ERBB3 TP53->-ERBB3 NF1->-TP53 (2) 
 388 749
ARID1B->-TP53 (4) 
 246 285 353 747
TP53->-DAXX (4) 
 247 503 597 598
CDH1->-JAK2 (4) 
 249 296 507 829
PIK3CA->-INSR (4) 
 250 438 655 942
PIK3CA->-INSR TP53->-INSR PIK3CA->-TP53 (2) 
 655 942
ERBB2->-FOXA1 (4) 
 253 266 296 462
ERBB2->-FOXA1 ERBB2->-MAP3K1 FOXA1->-MAP3K1 (2) 
 253 266
MAP3K1->-CDKN1B (4) 
 253 386 1074 1135
KMT2C->-CDKN1B MAP3K1->-CDKN1B MAP3K1->-KMT2C PIK3CA->-CDKN1B PIK3CA->-KMT2C MAP3K1->-PIK3CA (2) 
 386 1074
TP53->-NTRK1 (4) 
 258 310 680 741
CDH1->-JUN (4) 
 259 408 784 937
TP53->-JUN (4) 
 259 370 784 963
TP53->-FGFR2 (4) 
 262 656 707 990
PIK3CA->-YES1 (4) 
 267 294 503 655
MAP2K4->-NCOR1 (4) 
 268 937 1016 1053
GATA3->-PDGFRA (4) 
 273 745 814 1186
CDH1->-POLE (4) 
 277 284 298 1188
PIK3CA->-DNMT3B (4) 
 277 708 871 1203
ARID1A->-TP53 (4) 
 285 406 438 998
KMT2C->-PTCH1 (4) 
 296 342 1024 1175
PTCH1->-KMT2A KMT2C->-PTCH1 CDH1->-PTCH1 CDH1->-KMT2A CDH1->-KMT2C KMT2C->-KMT2A (2) 
 342 1024
KMT2C->-PARP1 (4) 
 296 503 900 1289
TP53->-PTCH1 (4) 
 296 432 536 990
TP53->-PTCH1 PIK3CA->-PTCH1 PIK3CA->-TP53 (2) 
 296 990
TP53->-JAK2 (4) 
 296 392 779 829
TP53->-JAK2 CDH1->-JAK2 TP53->-CDH1 (2) 
 296 829
PIK3CA->-PIK3CB (4) 
 298 882 1059 1273
PIK3CA->-PIK3CB TP53->-PIK3CB PIK3CA->-TP53 (2) 
 298 1059
MDC1->-PIK3CB PIK3CA->-PIK3CB PIK3CA->-MDC1 (2) 
 298 1059
SPOP->-PIK3CA (4) 
 316 426 548 633
CDH1->-SMAD4 (4) 
 323 562 693 937
PIK3CA->-RNF43 (4) 
 327 601 689 745
PIK3CA->-INPP4A (4) 
 339 419 844 1129
CDH1->-TET2 (4) 
 341 643 698 937
CDH1->-NOTCH4 (4) 
 342 426 882 1203
CDH1->-NOTCH4 PIK3CA->-NOTCH4 CDH1->-PIK3CA (2) 
 426 1203
KMT2C->-KMT2A (4) 
 342 386 527 1024
RB1->-KMT2C (4) 
 358 682 831 1149
RB1->-KMT2C TP53->-RB1 TP53->-KMT2C (2) 
 682 831
AKT2->-KMT2C TP53->-AKT2 TP53->-KMT2C (2) 
 682 831
RB1->-KMT2C RB1->-PIK3CA KMT2C->-PIK3CA (2) 
 358 1149
KMT2A->-PIK3CA (4) 
 374 751 784 835
NF1->-FOXA1 (4) 
 380 462 566 829
NF1->-FOXA1 NF1->-PIK3CA PIK3CA->-FOXA1 (2) 
 566 829
NF1->-FOXA1 TP53->-FOXA1 TP53->-NF1 (2) 
 380 566
KMT2C->-MED12 (4) 
 386 516 527 1289
KMT2C->-MED12 PTEN->-MED12 PTEN->-KMT2C (2) 
 386 1289
PTEN->-SETD2 (4) 
 386 515 592 769
CDH1->-DNMT3A (4) 
 426 503 534 693
CDH1->-DNMT3A PIK3CA->-DNMT3A CDH1->-PIK3CA (2) 
 426 534
CDH1->-DNMT3A TP53->-DNMT3A TP53->-CDH1 (2) 
 426 503
NCOR1->-MAP2K4 (4) 
 429 483 696 1131
NCOR1->-MAP2K4 NCOR1->-PIK3CA MAP2K4->-PIK3CA (2) 
 696 1131
SOX9->-PTCH1 (4) 
 432 536 768 1024
TP53->-EGFR (4) 
 432 447 1143 1160
APC->-KMT2D (4) 
 433 561 655 990
APC->-KMT2D TP53->-APC TP53->-KMT2D (3) 
 433 655 990
PTEN->-RUNX1 (4) 
 437 583 952 1124
TP53->-EPCAM (4) 
 438 502 816 889
JAK1->-PIK3CA (4) 
 438 507 670 784
CDH1->-ANKRD11 (4) 
 446 455 587 1206
PIK3CA->-MSH6 (4) 
 455 536 655 1243
TP53->-KLF4 (4) 
 485 513 538 894
TBX3->-RUNX1 (4) 
 491 788 1124 1287
CDH1->-PARP1 (4) 
 503 928 1008 1289
CDH1->-PARP1 KMT2C->-PARP1 CDH1->-KMT2C (2) 
 503 1289
RAD50->-PARP1 CDH1->-PARP1 CDH1->-RAD50 (2) 
 503 1289
CDH1->-ARID5B (4) 
 503 601 726 1203
CDH1->-ARID5B CDH1->-PIK3CA PIK3CA->-ARID5B (3) 
 503 601 1203
KMT2D->-KMT2C (4) 
 508 709 747 825
KMT2D->-KMT2C TP53->-KMT2D TP53->-KMT2C (2) 
 508 825
NF1->-ATM (4) 
 523 561 644 813
NF1->-ATM PIK3CA->-ATM NF1->-PIK3CA (2) 
 561 813
KMT2C->-TSC2 (4) 
 527 957 1024 1289
TP53->-MSH6 (4) 
 536 655 733 1299
TP53->-AURKA (4) 
 536 1140 1238 1302
PIK3CA->-IKBKE (4) 
 541 688 690 1283
PIK3CA->-PALB2 (4) 
 564 863 892 1238
GATA3->-CBFB (4) 
 572 1000 1083 1135
PIK3CA->-NF2 (4) 
 573 679 1038 1114
RHOA->-PIK3CA (4) 
 592 677 1001 1157
RHOA->-PIK3CA CDH1->-RHOA CDH1->-PIK3CA (2) 
 592 677
TP53->-E2F3 (4) 
 599 631 723 1143
PIK3CA->-PAK7 (4) 
 601 1024 1107 1183
PIK3CA->-PAK7 CDH1->-PAK7 CDH1->-PIK3CA (2) 
 601 1024
TP53->-NF2 (4) 
 621 1114 1147 1194
TP53->-AXL (4) 
 631 749 948 1194
PIK3CA->-PPP2R1A (4) 
 633 682 896 953
GATA3->-FOXA1 (4) 
 647 724 836 1148
GATA3->-FOXA1 PIK3CA->-FOXA1 PIK3CA->-GATA3 (2) 
 724 1148
MGA->-ATR (4) 
 655 695 717 990
MGA->-ATR MGA->-PIK3CA PIK3CA->-ATR (2) 
 695 717
TP53->-SMAD2 (4) 
 656 674 698 895
PIK3CA->-KDM5C (4) 
 709 730 773 844
PIK3CA->-IKZF1 (4) 
 709 712 948 1059
TP53->-CDKN1A (4) 
 750 990 1036 1200
GATA3->-SF3B1 (4) 
 786 835 1135 1291
GATA3->-SF3B1 PIK3CA->-SF3B1 PIK3CA->-GATA3 (2) 
 786 835
ERBB4->-GATA3 (4) 
 873 975 1023 1141
ESR1->-NOTCH1 (3) 
 1 140 758
ARID2->-PIK3CA (3) 
 1 41 507
LATS2->-PIK3CA (3) 
 1 507 829
ESR1->-RICTOR (3) 
 1 277 582
ARID1A->-ARID2 (3) 
 1 507 796
ARID1A->-ARID2 ARID2->-PIK3CA ARID1A->-PIK3CA (2) 
 1 507
FAT1->-ATRX (3) 
 1 87 816
FAT1->-ATRX TP53->-ATRX TP53->-FAT1 (2) 
 87 816
PTEN->-FAT1 FAT1->-ATRX PTEN->-ATRX (2) 
 87 816
SETD2->-ARID1A (3) 
 1 592 990
SETD2->-ARID1A SETD2->-PIK3CA ARID1A->-PIK3CA (2) 
 1 592
SETD2->-NOTCH1 SETD2->-PIK3CA NOTCH1->-PIK3CA (2) 
 1 592
FAT1->-SETD2 (3) 
 4 392 536
FAT1->-SETD2 TP53->-SETD2 TP53->-FAT1 (2) 
 392 536
GATA3->-PTEN (3) 
 6 357 1087
NOTCH1->-ATM (3) 
 8 644 1038
ATM->-MAP3K1 (3) 
 8 132 426
ATM->-MAP3K1 ATM->-PIK3CA MAP3K1->-PIK3CA (2) 
 8 426
EP300->-PIK3CA (3) 
 8 800 1149
AXL->-PIK3CA (3) 
 8 105 128
NOTCH1->-MAP3K1 (3) 
 8 450 1278
PIK3CA->-SMO (3) 
 12 36 503
PIK3CA->-SMO CDH1->-SMO CDH1->-PIK3CA (2) 
 12 503
KMT2A->-BRCA2 (3) 
 14 595 1023
TP53->-ASXL1 (3) 
 15 815 981
SDHB->-TP53 (3) 
 15 604 747
PTEN->-FOXA1 (3) 
 19 87 386
KMT2C->-PTPRD (3) 
 21 24 785
KMT2C->-XPO1 (3) 
 21 650 1203
MTOR->-XPO1 (3) 
 21 650 698
CDK8->-PIK3CA (3) 
 22 633 723
CDK8->-PIK3CA TP53->-CDK8 TP53->-PIK3CA (2) 
 22 723
NSD1->-KMT2C (3) 
 25 430 709
NSD1->-KMT2C PIK3CA->-NSD1 PIK3CA->-KMT2C (2) 
 25 709
ARID1A->-NSD1 NSD1->-KMT2C ARID1A->-KMT2C (2) 
 25 709
ARID1A->-FOXA1 (3) 
 25 212 216
CDH1->-DOT1L (3) 
 25 1090 1289
DOT1L->-MAP3K1 (3) 
 25 1186 1289
DOT1L->-MAP3K1 CDH1->-DOT1L CDH1->-MAP3K1 (2) 
 25 1289
NSD1->-MAP3K1 CDH1->-NSD1 CDH1->-MAP3K1 (2) 
 25 1289
PIK3CA->-FH (3) 
 25 55 1292
NSD1->-MAP3K1 (3) 
 25 430 1289
NSD1->-MAP3K1 NSD1->-KMT2C MAP3K1->-KMT2C (2) 
 25 430
ARID1A->-MAP3K1 (3) 
 25 197 218
ARID1A->-EPHB1 (3) 
 25 336 990
ARID1A->-EPHB1 TP53->-EPHB1 TP53->-ARID1A (2) 
 25 990
MAP3K1->-EPHB1 (3) 
 25 950 972
MAP3K1->-EPHB1 CDH1->-EPHB1 CDH1->-MAP3K1 PIK3CA->-MAP3K1 CDH1->-PIK3CA PIK3CA->-EPHB1 (2) 
 25 972
CBFB->-EGFR (3) 
 27 915 1101
PIK3CA->-ASXL2 (3) 
 36 730 1186
NCOR1->-FAT1 (3) 
 36 536 1126
PIK3CA->-FGFR3 (3) 
 36 722 1203
PIK3CA->-RBM10 (3) 
 36 945 1008
PIK3CA->-PDCD1 (3) 
 36 1243 1307
STAG2->-FAT1 (3) 
 36 451 786
AKT1->-RUNX1 (3) 
 40 1089 1152
RUNX1->-MAP3K1 (3) 
 40 147 1252
TP53->-CDK12 (3) 
 40 87 163
NSD1->-KIT (3) 
 41 382 618
NSD1->-KIT TP53->-KIT TP53->-NSD1 (2) 
 41 618
PIK3CA->-KIT (3) 
 41 503 946
PIK3CA->-KIT TP53->-PIK3CA TP53->-KIT (2) 
 41 503
IKZF1->-PIK3CA (3) 
 41 507 592
CDH1->-FLT1 (3) 
 42 227 243
HIST1H3I->-SMARCA4 (3) 
 49 600 990
HIST1H3I->-SMARCA4 PIK3CA->-SMARCA4 PIK3CA->-HIST1H3I (2) 
 49 990
PIK3CA->-PDGFRA (3) 
 49 745 1024
PIK3CA->-EIF4A2 (3) 
 49 470 882
PIK3CA->-FBXW7 (3) 
 49 829 1270
CDH1->-EPHA7 (3) 
 52 342 1108
TP53->-FOXL2 (3) 
 52 904 948
SPEN->-ARID2 (3) 
 55 655 816
SPEN->-ARID2 TP53->-SPEN TP53->-ARID2 (2) 
 655 816
TP53->-LATS1 (3) 
 56 146 1138
LATS1->-TSC2 (3) 
 56 709 957
TP53->-SOX2 (3) 
 56 353 543
CDH1->-GRIN2A (3) 
 60 341 592
CDH1->-JAK3 (3) 
 61 507 512
CDH1->-JAK3 PIK3CA->-JAK3 CDH1->-PIK3CA (2) 
 61 507
MAP2K4->-JAK3 (3) 
 61 483 1022
ARID1A-/-PIK3CA (3) 
 61 751 1005
TP53->-PIK3C3 (3) 
 62 453 846
ERBB3->-CARD11 TP53->-CARD11 TP53->-ERBB3 (3) 
 62 766 866
IRS1->-PIK3CA (3) 
 62 243 1024
MDC1->-PIK3CA (3) 
 62 784 786
MAP3K1->-CARD11 (3) 
 62 1208 1274
TP53->-IRS1 (3) 
 62 76 816
ATR-/-CARD11 TP53->-CARD11 TP53->-ATR (3) 
 62 990 1222
TP53->-GNA11 (3) 
 62 90 1059
PTEN->-ATM (3) 
 65 386 798
PTEN->-ATM PTEN->-PIK3CA PIK3CA->-ATM (2) 
 386 798
TP53->-RPS6KA4 (3) 
 65 635 983
TP53->-NTRK3 (3) 
 67 90 1220
PIK3CA->-AMER1 (3) 
 68 470 984
FOXA1->-KMT2D (3) 
 69 924 1186
FOXA1->-ESR1 (3) 
 69 250 405
CDKN2A->-TP53 (3) 
 70 406 526
TP53->-PMS2 (3) 
 70 372 1146
MAP3K1->-JAK1 (3) 
 71 187 470
KMT2C->-ATM (3) 
 72 132 523
KMT2C->-EGFR (3) 
 72 1101 1143
KMT2C->-EGFR PIK3CA->-EGFR KMT2C->-PIK3CA (2) 
 72 1101
KMT2C->-SPEN (3) 
 72 197 650
KMT2C->-ERBB3 (3) 
 72 950 1155
CHEK2->-ARID1A (3) 
 72 205 356
GATA3->-ERBB3 (3) 
 72 91 434
GATA3->-NUP93 (3) 
 72 724 1001
GATA3->-NUP93 PIK3CA->-GATA3 PIK3CA->-NUP93 (2) 
 724 1001
MEN1->-STAG2 (3) 
 72 503 1001
MEN1->-NUP93 PIK3CA->-NUP93 MEN1->-PIK3CA (2) 
 72 1001
STAG2->-NUP93 MEN1->-NUP93 MEN1->-STAG2 GATA3->-NUP93 STAG2->-GATA3 MEN1->-GATA3 (2) 
 72 1001
ARID1A->-EGFR (3) 
 72 507 1291
ARID1A->-EGFR GATA3->-EGFR GATA3->-ARID1A (2) 
 72 1291
PIK3CA->-FLT3 (3) 
 72 796 804
ARID1A->-SPEN PIK3CA->-SPEN PIK3CA->-ARID1A (3) 
 72 92 1203
ARID1A->-SPEN CDH1->-SPEN CDH1->-ARID1A (2) 
 92 1203
ARID1A->-SPEN MEN1->-ARID1A MEN1->-SPEN (2) 
 72 1203
MAP3K1->-SPEN (3) 
 72 816 1135
MAP3K1->-SPEN GATA3->-SPEN MAP3K1->-GATA3 (2) 
 72 1135
KMT2C->-AKT1 (3) 
 75 826 1247
RECQL4->-PIK3CA (3) 
 76 229 839
AKT1->-NF1 (3) 
 77 523 848
ATM->-KMT2C (3) 
 79 168 386
ROS1->-PIK3CA (3) 
 80 679 1001
ROS1->-TP53 (3) 
 80 107 990
ROS1->-TP53 PIK3CA->-ROS1 PIK3CA->-TP53 (2) 
 107 990
TSC2->-PIK3CA (3) 
 80 971 1157
ESR1-/-PIK3CA (3) 
 81 473 1014
TBX3->-BRCA2 (3) 
 84 127 1287
ESR1->-BRCA2 CDH1->-BRCA2 CDH1->-ESR1 (3) 
 84 359 1023
CDH1->-PIK3CG (3) 
 84 87 930
TBX3->-ANKRD11 (3) 
 84 438 900
TBX3->-ESR1 (3) 
 84 1097 1274
CDH1->-HNF1A (3) 
 85 119 601
TBX3->-FOXA1 (3) 
 87 283 1276
TBX3->-FOXA1 CDH1->-TBX3 CDH1->-FOXA1 (2) 
 87 1276
PTEN->-PTPRS (3) 
 87 798 1289
PTEN->-PTPRS CDH1->-PTPRS PTEN->-CDH1 (2) 
 87 1289
PTEN->-ACVR1 (2) 
 87 1289
MAP2K4->-PTPRS (3) 
 87 798 1256
PTEN->-FAT1 (3) 
 87 816 957
PTEN->-JAK3 (3) 
 87 386 398
PTEN->-MAP2K4 (3) 
 87 568 1075
PTEN->-MAP2K4 TP53->-MAP2K4 PTEN->-TP53 (2) 
 87 1075
TP53->-FLT3 (3) 
 87 796 804
TP53->-FLT3 PIK3CA->-FLT3 TP53->-PIK3CA (2) 
 796 804
NF1->-FLT3 (2) 
 796 804
ATRX->-EPHB1 (3) 
 87 601 990
ATRX->-EPHB1 TP53->-ATRX TP53->-EPHB1 (2) 
 87 990
PTEN->-EPHB1 (2) 
 87 990
ATRX->-EPHB1 CDH1->-ATRX CDH1->-EPHB1 (2) 
 87 601
CDH1->-CDK12 (3) 
 87 163 1112
TP53->-RHOA (3) 
 88 885 1157
ATM->-FAT1 (3) 
 90 168 1059
ATM->-FAT1 PIK3CA->-ATM TP53->-ATM TP53->-FAT1 PIK3CA->-FAT1 PIK3CA->-TP53 (2) 
 90 1059
GNA11->-FAT1 PIK3CA->-GNA11 TP53->-GNA11 TP53->-FAT1 PIK3CA->-FAT1 PIK3CA->-TP53 (2) 
 90 1059
TP53->-H3F3C (3) 
 90 1134 1222
PIK3CA->-GNA11 (3) 
 90 1031 1059
PIK3CA->-GATA2 (3) 
 91 107 218
PIK3CA->-CTCF (3) 
 91 929 1278
TP53->-INPP4A (3) 
 99 328 964
STK11->-EP300 (3) 
 99 747 1209
STK11->-EP300 TP53->-STK11 TP53->-EP300 (2) 
 99 1209
TP53->-ERCC2 (3) 
 101 116 235
CREBBP->-MAP3K1 PIK3CA->-CREBBP PIK3CA->-MAP3K1 (3) 
 102 745 971
PIK3C2G->-CREBBP (3) 
 102 507 656
PIK3C2G->-CREBBP PIK3CA->-PIK3C2G PIK3CA->-CREBBP (2) 
 102 507
PIK3CA->-SMAD2 (3) 
 102 298 709
PIK3C2G->-MAP3K1 (3) 
 102 971 1289
PIK3C2G->-MAP3K1 PIK3CA->-PIK3C2G PIK3CA->-MAP3K1 (2) 
 102 971
CDH1->-GPS2 (3) 
 104 165 936
PTEN->-DNMT1 (3) 
 110 386 513
PTEN->-DNMT1 PIK3CA->-DNMT1 PTEN->-PIK3CA (2) 
 110 386
DOT1L->-PIK3CA (3) 
 110 521 1186
ATRX->-PIK3CA (3) 
 110 364 1149
NCOR1->-PTEN (3) 
 113 513 952
GATA3->-CARD11 (3) 
 113 205 786
NCOR1->-CARD11 (3) 
 113 536 1208
IRS2->-CARD11 (3) 
 113 391 885
IRS2->-CARD11 TP53->-IRS2 TP53->-CARD11 (2) 
 113 885
TP53->-CDK4 (3) 
 114 438 914
TP53->-AKT2 (3) 
 115 682 831
PTEN->-NSD1 (3) 
 120 628 1289
NCOR1->-NSD1 PTEN->-NCOR1 PTEN->-NSD1 TP53->-NSD1 TP53->-NCOR1 TP53->-PTEN (2) 
 120 628
NF1->-NCOR1 (3) 
 120 644 937
NCOR1->-MAP3K1 (3) 
 120 712 1033
NCOR1->-MAP3K1 TP53->-NCOR1 TP53->-MAP3K1 (2) 
 120 1033
NCOR1->-MAP3K1 NCOR1->-PIK3CA MAP3K1->-PIK3CA (2) 
 712 1033
MED12->-FGFR4 (3) 
 120 386 880
MED12->-NSD1 (3) 
 120 647 748
ARID1A->-PIK3C2G (3) 
 124 390 507
ARID1A->-PIK3C2G TP53->-PIK3C2G TP53->-ARID1A (2) 
 124 390
ARID1A->-BRCA2 (3) 
 127 224 592
ARID1A->-BRCA2 PIK3CA->-BRCA2 ARID1A->-PIK3CA (2) 
 127 224
ARID1A->-CREBBP (3) 
 127 507 1203
ARID1A->-CREBBP ARID1A->-PIK3CA PIK3CA->-CREBBP (2) 
 127 507
ARID1A->-CREBBP CDH1->-ARID1A CDH1->-CREBBP (2) 
 507 1203
ARID1A->-APC CDH1->-APC CDH1->-ARID1A (2) 
 507 1203
PIK3CA->-RECQL4 (3) 
 127 786 1207
PIK3CA->-PIK3C3 (3) 
 127 470 972
PIK3CA->-RASA1 (3) 
 127 269 1225
KMT2C->-PIK3R1 (3) 
 131 650 1289
KMT2C->-PIK3R1 PTEN->-PIK3R1 PTEN->-KMT2C (2) 
 131 1289
CHEK2->-TP53 (3) 
 136 784 904
CHEK2->-TP53 CHEK2->-PIK3CA TP53->-PIK3CA (2) 
 136 784
PIK3CA->-HIST1H3B (3) 
 136 786 946
CDH1->-KDM6A (3) 
 138 341 342
GATA3->-POLE (3) 
 142 277 830
CDH1->-LATS1 (3) 
 146 446 1237
MTOR->-CDH1 (3) 
 146 650 882
CDH1->-FBXW7 (3) 
 146 186 829
CDH1->-FBXW7 TP53->-CDH1 TP53->-FBXW7 (2) 
 186 829
CDH1->-PBRM1 (3) 
 146 526 881
NF1->-ARID1A (3) 
 153 277 796
NF1->-ARID1A PIK3CA->-NF1 PIK3CA->-ARID1A (2) 
 277 796
SPEN->-GATA3 (3) 
 160 776 845
ATM->-ESR1 (3) 
 160 268 692
ATRX->-GATA3 (3) 
 161 364 874
CDH1->-ARID1B (3) 
 162 1024 1289
CDH1->-SMARCB1 (3) 
 162 507 972
ESR1->-RHOA (3) 
 162 549 1157
ESR1->-RHOA CDH1->-RHOA CDH1->-ESR1 (2) 
 162 549
CDH1->-ATR (3) 
 163 565 1024
CDH1->-ATR PIK3CA->-ATR CDH1->-PIK3CA (2) 
 565 1024
CDH1->-ERCC5 (3) 
 163 1149 1188
MAP2K4->-CDH1 (3) 
 165 698 937
PIK3CA->-GPS2 (3) 
 165 365 1204
TP53->-LATS2 (3) 
 169 450 828
MAP2K4->-MED12 (3) 
 170 456 1131
TP53->-DNMT3B (3) 
 174 367 992
ZFHX3->-KMT2C (3) 
 175 508 1024
ZFHX3->-KMT2C ZFHX3->-PIK3CA KMT2C->-PIK3CA (2) 
 175 1024
MAP3K1->-PTPRD (3) 
 179 253 479
ARID1A-/-CDH1 (3) 
 186 297 1299
ARID1A-/-CDH1 TP53->-ARID1A TP53->-CDH1 (2) 
 186 1299
ARID1A->-JAK1 (3) 
 187 438 507
ARID1A->-JAK1 JAK1->-PIK3CA ARID1A->-PIK3CA (2) 
 438 507
PIK3CA->-JAK1 (3) 
 187 470 1262
CBFB->-ERBB2 (3) 
 189 266 799
CBFB->-ERBB2 CBFB->-CDH1 CDH1->-ERBB2 (2) 
 189 799
AKT1->-CBFB (3) 
 189 297 1213
BCL6->-CDH1 (3) 
 193 297 683
PIK3R1->-MED12 (3) 
 196 513 1289
PIK3R1->-MED12 PTEN->-MED12 PTEN->-PIK3R1 (2) 
 513 1289
MST1R->-KMT2C (3) 
 197 508 773
MST1R->-KMT2C PIK3CA->-MST1R PIK3CA->-KMT2C (2) 
 197 773
MST1R->-MAP3K1 PIK3CA->-MST1R PIK3CA->-MAP3K1 (3) 
 197 773 1278
PIK3CA->-FLT1 (3) 
 197 243 892
CHEK2->-GATA3 (3) 
 205 263 356
PIK3C2G-/-POLE (3) 
 205 382 1114
KMT2D->-TP53 (3) 
 207 747 1020
TP53->-CUL3 (3) 
 209 278 1258
CDH1->-ATM (3) 
 216 561 602
CDH1->-ATM PIK3CA->-ATM CDH1->-PIK3CA (2) 
 561 602
ARID1A->-ATM (3) 
 216 523 567
CDH1->-ARID2 (3) 
 217 507 1024
CDH1->-ARID2 PIK3CA->-ARID2 CDH1->-PIK3CA (2) 
 217 1024
PTPRT->-ARID2 (3) 
 217 990 1314
PTPRT->-ARID2 TP53->-PTPRT PIK3CA->-PTPRT TP53->-ARID2 PIK3CA->-TP53 PIK3CA->-ARID2 (2) 
 990 1314
CDH1->-DAXX (3) 
 217 503 662
PTPRT->-PIK3CA (3) 
 217 656 1186
ARID1A->-NOTCH4 (3) 
 218 949 1203
PIK3CA->-KDM5A (3) 
 218 750 843
ARID1A->-ATR (3) 
 218 709 990
ROS1->-KMT2D PIK3CA->-ROS1 PIK3CA->-KMT2D (2) 
 709 990
ARID1A->-BCOR BCOR->-ATR ROS1->-ATR ROS1->-BCOR ROS1->-ARID1A ARID1A->-ATR PIK3CA->-ROS1 PIK3CA->-BCOR PIK3CA->-ATR PIK3CA->-ARID1A (2) 
 709 990
BRCA1->-TET2 (3) 
 220 414 698
ESR1->-NCOR1 (3) 
 221 712 758
GATA3->-BRCA1 (3) 
 229 717 971
GATA3->-BRCA1 PIK3CA->-BRCA1 GATA3->-PIK3CA (2) 
 229 717
CDH1->-SF3B1 (3) 
 232 426 818
PTPRS->-KMT2C (3) 
 233 533 1289
PTPRS->-KMT2C TP53->-PTPRS TP53->-KMT2C (2) 
 233 533
KMT2C->-KMT2D (3) 
 233 527 656
KMT2C->-KMT2D TP53->-KMT2C TP53->-KMT2D (2) 
 233 656
PTPRT->-KMT2D PTPRT->-KMT2C KMT2C->-KMT2D (2) 
 233 656
PTPRT->-KMT2C (3) 
 233 656 682
PTPRT->-KMT2C TP53->-PTPRT TP53->-KMT2C (2) 
 656 682
NF1->-KMT2D (3) 
 233 561 796
PTPRT->-KMT2D (3) 
 233 656 1186
PTPRT->-KMT2D PTPRT->-PIK3CA KMT2D->-PIK3CA (2) 
 656 1186
CREBBP->-TP53 (3) 
 242 297 784
ESR1->-SPEN (3) 
 243 1049 1083
FGFR4->-PIK3CA (3) 
 248 679 1080
PIK3CA->-JAK2 (3) 
 249 285 296
MEN1->-FAT1 (3) 
 250 810 1284
TP53->-CDKN1B (3) 
 253 371 1157
SF3B1->-GATA3 (3) 
 256 970 1058
SOX9->-TP53 (3) 
 257 596 989
TP53->-DICER1 (3) 
 258 725 816
TP53->-DICER1 PIK3CA->-DICER1 TP53->-PIK3CA (2) 
 258 725
SPEN->-CDH1 (3) 
 259 355 650
SPEN->-TP53 (3) 
 259 644 1059
SDHB->-GATA3 (3) 
 263 747 1022
PTEN->-MST1R (3) 
 265 508 925
TP53->-YES1 (3) 
 267 503 655
TP53->-YES1 TP53->-PIK3CA PIK3CA->-YES1 (2) 
 267 503
KDM5C->-TP53 (3) 
 267 588 1194
NCOR1->-ESR1 (3) 
 268 359 1029
ESR1->-EGFR (3) 
 268 915 1195
ESR1->-EGFR GATA3->-EGFR ESR1->-GATA3 (2) 
 915 1195
MAP2K4->-ESR1 (3) 
 268 301 919
ASXL1->-PIK3CA (3) 
 270 507 554
TP53->-BBC3 (3) 
 274 570 925
CBFB->-CDKN1B (3) 
 276 1135 1266
GATA3->-NF1 (3) 
 277 501 806
CDH1->-DNMT3B (3) 
 277 367 1203
CDH1->-DNMT3B PIK3CA->-DNMT3B CDH1->-PIK3CA (2) 
 277 1203
TP53->-SOX9 (3) 
 279 432 536
TP53->-SOX9 SOX9->-PTCH1 TP53->-PTCH1 (2) 
 432 536
NF1->-APC (3) 
 282 607 937
PIK3CA->-ARID1B (3) 
 285 351 1107
PIK3CA->-PAK1 (3) 
 285 892 1103
ZFHX3->-TP53 PIK3CA->-ZFHX3 PIK3CA->-TP53 (3) 
 285 664 1059
PIK3CA->-ASXL1 (3) 
 294 745 1001
ARID1A->-APC (3) 
 295 507 1203
TP53->-PAK1 (3) 
 295 892 1018
ERBB2->-PTCH1 (3) 
 296 824 1024
ERBB2->-PTCH1 ERBB2->-CDH1 CDH1->-PTCH1 (2) 
 296 824
ERBB2->-PTCH1 PIK3CA->-PTCH1 ERBB2->-PIK3CA (2) 
 296 1024
ERBB2->-PTCH1 KMT2C->-PTCH1 ERBB2->-KMT2C (2) 
 296 1024
CDH1->-MDC1 (3) 
 298 1150 1203
IRS2->-PIK3CA (3) 
 298 723 1167
PIK3CA->-SOX17 (3) 
 298 676 681
ARID1A->-ESR1 (3) 
 301 949 1274
TP53->-FLT1 (3) 
 302 892 1245
CDH1->-NOTCH2 (3) 
 303 323 342
TET2->-PIK3CA (3) 
 313 714 937
CBFB->-PTEN (3) 
 314 552 995
NOTCH2->-SPEN (3) 
 323 816 1313
TP53->-U2AF1 (3) 
 329 829 948
RUNX1->-ARID1A (3) 
 332 855 1220
PIK3CA->-BRAF (3) 
 339 554 1212
PIK3CA->-STK11 (3) 
 340 507 1094
CDH1->-CDKN2A (3) 
 341 347 526
TP53->-EIF4A2 (3) 
 341 570 1134
KMT2C->-STAT5B (3) 
 342 503 1175
CDH1->-MSH2 (3) 
 342 969 1155
PTCH1->-KMT2A (3) 
 342 386 1024
PTCH1->-KMT2A PIK3CA->-PTCH1 PIK3CA->-KMT2A (2) 
 386 1024
BRCA2->-CDH1 (3) 
 344 650 1280
TP53->-ERCC4 (3) 
 348 453 656
TP53->-ERG (3) 
 351 642 1222
PIK3CA->-SMARCD1 (3) 
 352 928 1229
CTCF->-GATA3 (3) 
 357 532 1136
FOXP1->-PIK3CA (3) 
 358 532 656
TP53->-RAD54L (3) 
 359 986 1059
ATRX->-FLT4 (3) 
 364 882 889
CTCF->-MAP3K1 (3) 
 365 966 1278
AKT1->-GPS2 (3) 
 365 732 936
AKT1->-PIK3CA (3) 
 365 410 781
KMT2A->-MAP3K1 (3) 
 374 1186 1255
TP53->-CSF1R (3) 
 377 452 783
FOXA1->-KMT2A (3) 
 386 731 1186
FOXA1->-KMT2A FOXA1->-PIK3CA PIK3CA->-KMT2A (2) 
 731 1186
PTEN->-NBN (3) 
 386 458 1234
PTEN->-NBN TP53->-NBN TP53->-PTEN (2) 
 458 1234
PIK3CG->-SETD2 (3) 
 386 536 879
PIK3CG->-KMT2A KMT2A->-SETD2 PIK3CG->-SETD2 PIK3CA->-PIK3CG PIK3CA->-SETD2 PIK3CA->-KMT2A (2) 
 386 536
PIK3CG->-MED12 PIK3CG->-KMT2A KMT2A->-MED12 PIK3CA->-PIK3CG PIK3CA->-MED12 PIK3CA->-KMT2A (2) 
 386 536
PTEN->-PIK3CD (3) 
 386 816 1194
MGA->-KMT2A (3) 
 386 751 875
KMT2A->-SETD2 (3) 
 386 536 784
KMT2A->-MED12 (3) 
 386 536 880
KMT2D->-PTPRT TP53->-PTPRT PIK3CA->-PTPRT PIK3CA->-KMT2D TP53->-KMT2D PIK3CA->-TP53 (3) 
 389 892 990
PIK3CA->-FGFR1 (3) 
 389 533 980
TP53->-FGFR1 (3) 
 389 533 980
TP53->-FGFR1 PIK3CA->-TP53 PIK3CA->-FGFR1 (2) 
 389 980
MAP2K4->-FOXP1 (3) 
 403 532 917
AKT1->-ESR1 (3) 
 405 909 913
ARID1A->-ARID5B (3) 
 406 438 1203
ARID1A->-ARID5B ARID1A->-TP53 TP53->-ARID5B (2) 
 406 438
TP53->-MYCN (3) 
 411 744 837
BRCA1->-GATA2 (3) 
 414 432 656
BRCA1->-GATA2 TP53->-BRCA1 TP53->-GATA2 (2) 
 432 656
CDH1->-NOTCH1 (3) 
 426 505 592
CDH1->-PIK3C2G (3) 
 426 507 1289
CDH1->-PIK3C2G PIK3CA->-PIK3C2G CDH1->-PIK3CA (2) 
 426 507
TP53->-SYK (3) 
 426 606 1134
PBRM1->-TP53 (3) 
 431 526 766
TP53->-KDM5C (3) 
 432 1163 1222
GATA3->-CREBBP (3) 
 434 745 971
GATA3->-CREBBP CREBBP->-MAP3K1 GATA3->-MAP3K1 PIK3CA->-CREBBP PIK3CA->-MAP3K1 GATA3->-PIK3CA (2) 
 745 971
ARID1B->-NF1 (3) 
 437 1024 1289
ARID1B->-NF1 PTEN->-ARID1B PTEN->-NF1 (2) 
 437 1289
ARID1B->-TSC2 ARID1B->-PTPRS CDH1->-TSC2 PTPRS->-TSC2 CDH1->-ARID1B CDH1->-PTPRS (2) 
 1024 1289
NF1->-TSC2 ARID1B->-TSC2 KMT2C->-NF1 CDH1->-TSC2 ARID1B->-KMT2C ARID1B->-NF1 CDH1->-ARID1B KMT2C->-TSC2 CDH1->-NF1 CDH1->-KMT2C (2) 
 1024 1289
SMAD4->-TP53 (3) 
 441 588 969
GATA3->-FAT1 (3) 
 445 786 810
TP53->-SH2B3 (3) 
 447 448 789
STAG2->-TP53 (3) 
 451 642 733
FAT1->-TP53 (3) 
 451 747 1243
TP53->-RET (3) 
 453 487 1139
NOTCH2->-PIK3CA (3) 
 456 704 916
KRAS->-KMT2C (3) 
 463 503 1003
PIK3CA->-ARAF (3) 
 470 744 892
PIK3CA->-ARAF TP53->-ARAF PIK3CA->-TP53 (2) 
 744 892
PIK3CA->-SOX2 (3) 
 470 543 1203
PIK3CA->-CD274 (3) 
 473 507 1106
RUNX1->-FOXA1 (3) 
 474 1185 1276
RUNX1->-FOXA1 CDH1->-RUNX1 CDH1->-FOXA1 (2) 
 1185 1276
CDKN1B->-MAP3K1 (3) 
 479 745 856
CDKN1B->-BAP1 MAP3K1->-BAP1 CDKN1B->-MAP3K1 PIK3CA->-BAP1 PIK3CA->-CDKN1B PIK3CA->-MAP3K1 (2) 
 745 856
PIK3CA->-KLF4 (3) 
 484 758 894
CDH1->-EPHA5 (3) 
 491 1224 1275
PTEN->-ARID2 (3) 
 502 816 990
PTEN->-ARID2 TP53->-PTEN TP53->-ARID2 (2) 
 816 990
ROS1->-ARID2 EPHA5->-ROS1 EPHA5->-ARID2 (2) 
 816 990
ATRX->-ARID2 EPHA5->-ATRX EPHA5->-ARID2 (2) 
 816 990
ATRX->-ARID2 TP53->-ATRX TP53->-ARID2 (2) 
 816 990
PTEN->-ARID2 MAP3K1->-ARID2 PTEN->-MAP3K1 (2) 
 502 816
EPCAM->-ARID2 TP53->-EPCAM TP53->-ARID2 (2) 
 502 816
PTEN->-EPCAM EPCAM->-ARID2 PTEN->-ARID2 (2) 
 502 816
TP53->-MEN1 (3) 
 503 621 922
KRAS->-PIK3CA (3) 
 503 554 1003
CDH1->-KDM5C (3) 
 505 592 730
APC->-PIK3CA (3) 
 507 561 1038
APC->-PIK3CA CDH1->-APC CDH1->-PIK3CA (2) 
 507 561
PIK3CA->-ABL1 (3) 
 507 708 942
CDH1->-BLM (3) 
 507 562 693
CDH1->-BLM PIK3CA->-BLM CDH1->-PIK3CA (2) 
 507 562
PTEN->-ZFHX3 TP53->-ZFHX3 TP53->-PTEN (3) 
 508 925 1194
TP53->-MST1R (3) 
 508 925 1305
TP53->-MST1R PTEN->-MST1R TP53->-PTEN (2) 
 508 925
KMT2D->-TBX3 (3) 
 508 924 1097
ERBB3->-TBX3 (3) 
 508 924 1274
CDH1->-FLT4 (3) 
 512 882 1254
RUNX1->-NCOR1 (3) 
 526 536 569
RUNX1->-NCOR1 PIK3CA->-NCOR1 PIK3CA->-RUNX1 (2) 
 536 569
RB1->-TET1 (3) 
 536 563 1193
RB1->-TET1 PIK3CA->-TET1 PIK3CA->-RB1 (2) 
 536 1193
RB1->-TET1 TP53->-TET1 TP53->-RB1 (2) 
 536 1193
PIK3CA->-AURKA (3) 
 536 1140 1238
PIK3CA->-AURKA TP53->-PIK3CA TP53->-AURKA (2) 
 536 1238
FAT1->-FLT4 (3) 
 536 882 1132
FAT1->-FLT4 TP53->-FLT4 TP53->-FAT1 (2) 
 536 1132
FAT1->-FLT4 PIK3CA->-FLT4 PIK3CA->-FAT1 (2) 
 536 882
FAT1->-NF1 PIK3CA->-NF1 PIK3CA->-FAT1 (2) 
 536 882
NF1->-KMT2A (3) 
 536 627 1024
NF1->-KMT2A TP53->-KMT2A TP53->-NF1 (2) 
 536 627
NF1->-KMT2A PIK3CA->-NF1 PIK3CA->-KMT2A (2) 
 536 1024
PTEN->-BRCA2 (3) 
 538 592 957
TP53->-AKT1 (3) 
 538 698 1294
NOTCH4->-PIK3CA (3) 
 544 704 882
TP53->-RAD21 (3) 
 546 1022 1222
RHOA->-GATA3 (3) 
 549 677 1001
RHOA->-GATA3 CDH1->-RHOA CDH1->-GATA3 (2) 
 549 677
RHOA->-GATA3 RHOA->-PIK3CA PIK3CA->-GATA3 (2) 
 677 1001
CBFB->-ESR1 (3) 
 549 742 1083
CBFB->-ESR1 PIK3CA->-ESR1 CBFB->-PIK3CA (2) 
 549 742
TP53->-FOXP1 (3) 
 551 623 656
PIK3CA->-NCOA3 (3) 
 554 940 1024
APC->-PARP1 (3) 
 558 655 1289
MAP2K4->-APC (3) 
 558 607 937
APC->-ATM (3) 
 561 655 1038
APC->-ATM APC->-PIK3CA PIK3CA->-ATM (2) 
 561 1038
ARID1A->-NCOR1 PIK3CA->-NCOR1 PIK3CA->-ARID1A (3) 
 572 709 1203
SMAD4->-ESR1 (3) 
 588 605 1142
SMAD4->-CDH1 (3) 
 592 605 969
PIK3CA->-SDHB (3) 
 604 634 1022
PIK3CA->-SDHB TP53->-SDHB TP53->-PIK3CA (2) 
 634 1022
CBFB->-KMT2C (3) 
 608 613 1101
CBFB->-KMT2C KMT2C->-PIK3CA CBFB->-PIK3CA (2) 
 613 1101
RAD52->-TP53 (3) 
 631 747 784
TP53->-HGF (3) 
 638 765 1114
PTEN->-BCOR (3) 
 642 952 990
SPEN->-ATM (3) 
 644 655 1059
SPEN->-ATM SPEN->-TP53 TP53->-ATM (2) 
 644 1059
AKT1->-TET2 (3) 
 653 698 848
AKT1->-TET2 AKT1->-TP53 TP53->-TET2 (2) 
 653 848
SPEN->-APC PIK3CA->-APC PIK3CA->-SPEN (3) 
 655 1203 1243
SPEN->-APC TP53->-SPEN TP53->-APC PIK3CA->-TP53 PIK3CA->-SPEN PIK3CA->-APC (2) 
 655 1243
PIK3CA->-ERCC5 (3) 
 655 796 1149
FGFR4->-KMT2D (3) 
 655 924 1309
BRCA1->-PIK3CA (3) 
 656 784 971
BRCA1->-PIK3CA TP53->-BRCA1 TP53->-PIK3CA (2) 
 656 784
CREBBP->-CDH1 CDH1->-PIK3CA CREBBP->-PIK3CA (2) 
 656 784
BRCA1->-CREBBP (3) 
 656 971 1200
BRCA1->-CREBBP TP53->-BRCA1 TP53->-CREBBP (2) 
 656 1200
TP53->-HIST3H3 (3) 
 656 771 943
CREBBP->-CDH1 (3) 
 656 784 1008
FBXW7->-PIK3CA (3) 
 670 789 1296
FBXW7->-PIK3CA TP53->-FBXW7 TP53->-PIK3CA (2) 
 789 1296
JAK1->-TP53 (3) 
 670 784 955
JAK1->-TP53 JAK1->-PIK3CA TP53->-PIK3CA (2) 
 670 784
BRCA2->-TP53 (3) 
 671 1070 1175
TP53->-FANCC (3) 
 671 779 1197
TP53->-ABL1 (3) 
 671 779 942
NCOR1->-TBX3 (3) 
 677 793 817
NCOR1->-TBX3 NCOR1->-CDH1 CDH1->-TBX3 (2) 
 677 793
FAT1->-SPEN (3) 
 693 816 1243
CDH1->-IRF4 (3) 
 698 730 1006
CDH1->-BRCA1 TP53->-BRCA1 TP53->-CDH1 (3) 
 698 784 1150
MAP2K4->-TET2 (3) 
 698 848 937
MAP2K4->-TET2 MAP2K4->-CDH1 CDH1->-TET2 (2) 
 698 937
MAP2K4->-MTOR MAP2K4->-CDH1 CDH1->-MTOR (2) 
 698 937
LATS1->-KMT2C (3) 
 709 1125 1237
PIK3CA->-TSC2 (3) 
 709 789 1024
PIK3CA->-FGF4 (3) 
 709 892 1094
ARID1A->-KMT2D (3) 
 709 796 975
ARID1A->-KMT2D PIK3CA->-KMT2D PIK3CA->-ARID1A (2) 
 709 796
ROS1->-KMT2D (3) 
 709 990 1154
ROS1->-ARID1A (3) 
 709 990 1232
ROS1->-BCOR (3) 
 709 875 990
TP53->-IDH1 (3) 
 723 784 990
IDH1->-PIK3CA (3) 
 723 784 1198
IDH1->-PIK3CA TP53->-IDH1 TP53->-PIK3CA (2) 
 723 784
ASXL2->-PIK3CA (3) 
 729 896 1013
PIK3CA->-AXL (3) 
 730 786 948
KDM6A->-PIK3CA (3) 
 731 821 1144
PIK3CA->-TRAF2 (3) 
 745 892 990
PIK3CA->-TRAF2 TP53->-TRAF2 PIK3CA->-TP53 (2) 
 892 990
FAT1->-GATA3 (3) 
 747 1046 1313
ARID1B->-KMT2C (3) 
 747 1024 1289
ARID1B->-KMT2C ARID1B->-PIK3CA KMT2C->-PIK3CA (2) 
 747 1024
ARID1B->-PTCH1 (2) 
 747 1024
PIK3CA->-CDKN1A (3) 
 750 990 1200
PIK3CA->-CDKN1A PIK3CA->-TP53 TP53->-CDKN1A (2) 
 990 1200
TP53->-HIST1H1C (3) 
 765 866 1171
AKT1->-CTCF (3) 
 768 1100 1294
TBX3->-PTCH1 (3) 
 768 824 1024
MAP3K1->-FAT1 (3) 
 773 816 1274
TP53->-NFKBIA (3) 
 775 1194 1294
CBFB->-SPEN (3) 
 776 1083 1135
CBFB->-SPEN GATA3->-CBFB GATA3->-SPEN (2) 
 1083 1135
TP53->-BLM (3) 
 779 963 1181
PTPRS->-TSC2 (3) 
 789 1024 1289
TP53->-PDGFRB (3) 
 790 892 1134
PTEN->-ROS1 (3) 
 816 969 1226
TP53->-PIK3CD (3) 
 816 1138 1194
TP53->-PIK3CD PTEN->-PIK3CD TP53->-PTEN (2) 
 816 1194
BCOR->-PIK3CA (3) 
 821 1107 1296
TP53->-PIK3R3 (3) 
 822 963 1078
GPS2->-CDH1 GPS2->-PIK3CA CDH1->-PIK3CA (3) 
 829 937 1237
INPP4A->-ESR1 (3) 
 844 1122 1129
INPP4A->-ESR1 PIK3CA->-INPP4A PIK3CA->-ESR1 (2) 
 844 1129
ATRX->-RB1 (3) 
 889 990 1149
ATRX->-RB1 TP53->-ATRX TP53->-RB1 (2) 
 889 990
TBX3->-ERBB2 (3) 
 898 1024 1261
TBX3->-ERBB2 TBX3->-CDH1 CDH1->-ERBB2 (2) 
 898 1024
CDH1->-TSC2 (3) 
 972 1024 1289
ERBB2->-ARID1A (3) 
 998 1082 1274
GATA3->-ALK (3) 
 1000 1021 1102
GATA3-/-PIK3CA (3) 
 1005 1014 1135
PDGFRA->-PIK3CA (3) 
 1022 1047 1186
ERBB2->-ARID2 (3) 
 1024 1061 1274
PIK3CA->-RAD54L (3) 
 1059 1203 1278
PTPRS->-MAP3K1 (3) 
 1113 1186 1289
NOTCH4->-APC (3) 
 1134 1203 1305
NOTCH4->-APC TP53->-NOTCH4 TP53->-APC (2) 
 1134 1305
MAP3K1->-ERCC5 (3) 
 1163 1188 1255
MAP3K1->-ERCC5 TP53->-ERCC5 TP53->-MAP3K1 (2) 
 1163 1255
AMER1->-PIK3CA CASP8->-AMER1 CASP8->-PIK3CA (2) 
 1 821
NOTCH1->-IGF1R NOTCH1->-PIK3CA PIK3CA->-IGF1R (2) 
 1 1038
NOTCH1->-LATS2 (2) 
 1 450
TET1->-DNMT3B (2) 
 1 949
ESR1->-DNMT3B (2) 
 1 277
PIK3CA->-CCNE1 CCNE1->-IGF1R PIK3CA->-IGF1R (2) 
 1 277
CCNE1->-RICTOR PIK3CA->-CCNE1 PIK3CA->-RICTOR (2) 
 1 277
ARID1A->-DNMT3B (2) 
 1 1203
ARID2->-IGF1R (2) 
 1 1274
ARID1A->-IGF1R (2) 
 1 1274
TET1->-PIK3CA (2) 
 1 600
PIK3CA->-RAD51C (2) 
 1 49
INHA->-PIK3CA (2) 
 1 656
SETD2->-CARD11 SETD2->-ARID2 ARID2->-CARD11 (2) 
 1 990
ARID1A->-CARD11 SETD2->-CARD11 SETD2->-ARID1A (2) 
 1 990
SETD2->-ATRX (2) 
 1 990
TET1->-ARID2 (2) 
 1 816
TET1->-CARD11 FAT1->-CARD11 TET1->-FAT1 (2) 
 1 536
ESR1->-TET1 (2) 
 1 786
ESR1->-LATS2 (2) 
 1 826
SETD2->-LATS2 (2) 
 1 1060
SETD2->-ESR1 (2) 
 1 1060
ESR1->-AMER1 (2) 
 1 68
SETD2->-BRCA2 (2) 
 4 592
FAT1->-DICER1 (2) 
 4 816
SETD2->-FGFR4 (2) 
 4 386
FGFR4->-PPP2R1A (2) 
 4 1299
ATM->-MSH6 (2) 
 8 655
EP300->-MAP3K1 (2) 
 8 840
MSH6->-PIK3CA (2) 
 8 1094
TP53->-RAB35 (2) 
 11 536
KMT2D->-RPS6KB2 PIK3CA->-RPS6KB2 PIK3CA->-KMT2D (2) 
 12 655
CDH1->-KDM5A (2) 
 12 87
KDM5A->-PIK3CA (2) 
 12 1001
PIK3CA->-PARK2 (2) 
 12 130
GATA3->-BRCA2 (2) 
 14 205
MEN1->-KMT2A (2) 
 14 751
RECQL4->-TP53 (2) 
 15 76
TET1->-ARID1B (2) 
 18 816
FOXA1-/-RUNX1 (2) 
 19 332
ARID2->-PTPRD (2) 
 21 785
ARID2->-KMT2C (2) 
 21 702
PTPRD->-XPO1 (2) 
 21 253
KMT2C->-CDK8 (2) 
 22 1203
SMO->-KMT2C (2) 
 22 503
SMO->-MEN1 (2) 
 22 503
TP53->-RYBP (2) 
 22 146
ARID1A->-DOT1L DOT1L->-FOXA1 ARID1A->-FOXA1 (2) 
 25 216
FOXA1->-FH (2) 
 25 787
PIK3CA->-DOT1L CDH1->-DOT1L CDH1->-PIK3CA (2) 
 25 1090
CDH1->-EZH2 TP53->-EZH2 CDH1->-TP53 (2) 
 25 146
CDH1->-TSC1 (2) 
 25 807
AKT1->-EGFR (2) 
 27 447
MAP3K1->-EGFR (2) 
 27 72
MAP3K1->-CBFB (2) 
 27 1135
SPOP->-MAP3K1 (2) 
 27 120
MTOR->-DNMT1 (2) 
 28 698
AR->-ARID1A (2) 
 28 277
CDH1->-NTRK2 (2) 
 32 979
PIK3CA->-TGFBR1 (2) 
 35 709
MAP3K1->-TGFBR1 (2) 
 35 387
MAP3K1->-ERBB2 (2) 
 35 1274
PIK3CA->-XIAP (2) 
 35 49
ASXL2->-RB1 (2) 
 36 505
ASXL2->-FOXP1 PIK3CA->-ASXL2 PIK3CA->-FOXP1 (2) 
 36 1186
NCOR1->-FGFR3 (2) 
 36 1203
NCOR1->-TSC1 (2) 
 36 807
PDCD1->-RB1 PIK3CA->-PDCD1 PIK3CA->-RB1 (2) 
 36 1243
PDCD1->-FAT1 PIK3CA->-PDCD1 PIK3CA->-FAT1 (2) 
 36 1243
RB1->-FOXP1 (2) 
 36 358
SMO->-RICTOR PIK3CA->-SMO PIK3CA->-RICTOR (2) 
 36 503
STAG2->-RICTOR (2) 
 36 503
PIK3CA->-TSC1 (2) 
 36 892
STAG2->-TET1 (2) 
 36 786
PDCD1->-FOXP1 (2) 
 36 656
STAG2->-CHEK2 (2) 
 36 72
FOXA1->-ERBB2 (2) 
 39 1254
RUNX1->-BRCA2 (2) 
 40 1287
MAP3K1->-BRCA2 (2) 
 40 1287
AKT1->-BRCA2 (2) 
 40 538
CDK12->-MAP3K1 (2) 
 40 470
ARID2->-IKZF1 IKZF1->-PIK3CA ARID2->-PIK3CA (2) 
 41 507
IKZF1->-KIT ARID2->-IKZF1 ARID2->-KIT (2) 
 41 507
ARID2->-NSD1 (2) 
 41 702
NSD1->-IKZF1 TP53->-IKZF1 TP53->-NSD1 (2) 
 41 1059
NSD1->-PIK3CA TP53->-NSD1 TP53->-PIK3CA (2) 
 41 634
CDH1->-BCOR (2) 
 42 1128
CDKN2A->-KMT2C (2) 
 43 526
TP53->-CHEK2 (2) 
 44 1305
BRCA2->-ZFHX3 (2) 
 46 671
PIK3CA->-RAD21 (2) 
 49 1022
FBXW7->-EPHA7 (2) 
 49 789
FGFR3->-PIK3CA (2) 
 49 183
FBXW7->-SMARCA4 (2) 
 49 1139
FBXW7->-PDGFRA (2) 
 49 437
GATA3->-GRIN2A (2) 
 51 1215
ARID1A->-FGFR3 (2) 
 51 1203
ARID1A->-MET (2) 
 51 295
AKT1->-EPHA7 (2) 
 52 228
AKT1->-CD276 (2) 
 52 439
CDH1->-FOXL2 (2) 
 52 561
ATM->-MDC1 (2) 
 53 784
TP53->-TOP1 (2) 
 54 1299
LATS1->-ROS1 (2) 
 56 1226
ESR1->-NOTCH3 PIK3CA->-NOTCH3 PIK3CA->-ESR1 (2) 
 58 727
KLF4->-GRIN2A (2) 
 60 184
CDH1->-IGF1R (2) 
 60 277
CDH1->-KLF4 (2) 
 60 484
EPHA7->-HIST1H3B (2) 
 62 880
MDC1->-HIST1H3B (2) 
 62 786
MDC1->-CARD11 MDC1->-PIK3CA PIK3CA->-CARD11 (2) 
 62 786
MAP3K1->-PIK3C3 (2) 
 62 972
PIK3C3->-RFWD2 (2) 
 62 127
CARD11->-RFWD2 ERBB3->-RFWD2 ERBB3->-CARD11 TP53->-RFWD2 TP53->-CARD11 TP53->-ERBB3 (2) 
 62 766
PIK3CA-/-RICTOR (2) 
 62 229
TCF7L2->-PIK3CA (2) 
 62 821
RAD51C->-PIK3CA (2) 
 62 561
MAP3K1->-IRS1 (2) 
 62 816
MAP3K1->-RICTOR (2) 
 62 277
MAP3K1->-RAD51C (2) 
 62 886
ATR->-RICTOR (2) 
 62 717
TP53->-HIST1H3I (2) 
 65 990
PTEN->-NOTCH2 (2) 
 65 816
PTEN->-AR (2) 
 65 816
ATM-/-NOTCH2 TP53->-NOTCH2 TP53->-ATM (2) 
 65 1018
PIK3CA->-H3F3B (2) 
 66 324
FOXA1->-H3F3B (2) 
 66 1235
TP53->-ZRSR2 (2) 
 67 885
TP53->-AMER1 (2) 
 68 87
NOTCH2->-CREBBP TP53->-NOTCH2 TP53->-CREBBP (2) 
 68 904
PIK3CA->-NOTCH2 TP53->-NOTCH2 TP53->-PIK3CA (2) 
 68 1037
ESR1->-CREBBP (2) 
 68 1096
PLK2->-CREBBP PIK3CA->-PLK2 PIK3CA->-CREBBP (2) 
 68 1203
MAP2K1->-ESR1 (2) 
 69 580
CDKN2A->-NOTCH4 PIK3CA->-CDKN2A PIK3CA->-NOTCH4 (2) 
 70 655
CDKN2A->-EP300 (2) 
 70 99
MTOR->-RFWD2 TP53->-RFWD2 TP53->-MTOR (2) 
 70 698
PIK3CA->-PMS2 (2) 
 70 1008
ROS1->-RFWD2 PIK3CA->-ROS1 PIK3CA->-RFWD2 (2) 
 70 709
CCNE1->-ESR1 CCNE1->-MAP3K1 ESR1->-MAP3K1 (2) 
 71 277
ALK->-MAP3K1 (2) 
 71 1255
ESR1->-JAK1 (2) 
 71 187
KMT2C->-STAG2 (2) 
 72 866
KMT2C->-MYC (2) 
 72 709
ATM->-CHEK2 (2) 
 72 784
CHEK2->-FLT3 (2) 
 72 205
GATA3->-HIST1H3F (2) 
 72 550
ATM->-EGFR (2) 
 72 268
ATM->-FLT3 (2) 
 72 567
ATM->-ARID1A (2) 
 72 332
ATM->-NUP93 (2) 
 72 655
SPEN->-NUP93 PIK3CA->-NUP93 PIK3CA->-SPEN (2) 
 72 655
MAP3K1->-ATM (2) 
 72 386
MEN1->-MAP3K1 (2) 
 72 509
FLT3->-EGFR (2) 
 72 507
STAG2->-SPEN STAG2->-FLT3 FLT3->-SPEN STAG2->-GATA3 GATA3->-FLT3 GATA3->-SPEN (2) 
 72 369
ERBB3->-ARID1A MAP3K1->-ERBB3 MAP3K1->-ARID1A (2) 
 72 1274
ERBB3->-NUP93 (2) 
 72 151
MYC->-PIK3CA (2) 
 72 704
CDH1->-MPL (2) 
 73 1289
CDH1->-CSF1R (2) 
 73 1008
CIC->-ARID1A (2) 
 74 187
SMARCA4->-TP53 SMARCA4->-PIK3CA PIK3CA->-TP53 (2) 
 76 296
SMARCA4->-ATR (2) 
 76 990
ABL1->-TP53 (2) 
 76 87
ATR->-TP53 (2) 
 76 428
RAD54L->-KMT2C (2) 
 79 1203
TBX3->-ROS1 ROS1->-TP53 TBX3->-TP53 (2) 
 80 107
TSC2->-TP53 (2) 
 80 1157
TBX3->-TSC2 (2) 
 80 1024
KMT2C->-KDM5C (2) 
 81 709
KMT2C->-RAD50 (2) 
 81 1289
ANKRD11->-BRCA2 (2) 
 84 205
MET->-FANCC (2) 
 84 671
ANKRD11->-CDH1 (2) 
 84 503
TBX3->-PIK3CG (2) 
 84 87
GATA3-/-MAP3K1 (2) 
 86 492
DDR2->-PIK3CG (2) 
 87 795
FAT1->-DDR2 (2) 
 87 1274
PTEN->-DDR2 (2) 
 87 917
MAP2K4->-DDR2 (2) 
 87 917
PIK3CG->-FOXA1 CDH1->-PIK3CG CDH1->-FOXA1 (2) 
 87 930
CDK12->-FOXA1 (2) 
 87 729
CDK12->-TBX3 (2) 
 87 729
MAP2K4->-FOXA1 (2) 
 87 1044
CDH1->-ABL1 (2) 
 87 507
CDH1->-FLT3 (2) 
 87 507
TBX3->-PTPRS (2) 
 87 1024
TBX3->-FAT1 (2) 
 87 1126
TBX3->-KDM5A (2) 
 87 843
TBX3->-MAP2K4 (2) 
 87 170
PIK3CG->-PTPRS TP53->-PIK3CG TP53->-PTPRS (2) 
 87 765
FLT3->-PTPRS (2) 
 87 1186
TP53->-DIS3 (2) 
 87 1208
PTEN->-PIK3CG (2) 
 87 386
CDK12-/-JAK3 PTEN->-CDK12 PTEN->-JAK3 (2) 
 87 386
EPHB1->-KDM5A TP53->-KDM5A TP53->-EPHB1 (2) 
 87 433
MAP2K4->-EPHB1 (2) 
 87 937
SDHB->-INPP4B (2) 
 88 747
NF1->-HIST1H3B (2) 
 88 880
PIK3CA->-RIT1 (2) 
 90 507
PIK3CA->-MAP3K13 (2) 
 90 507
ATM->-PLK2 PIK3CA->-PLK2 PIK3CA->-ATM (2) 
 90 386
MAP3K13->-PLK2 (2) 
 90 503
TP53->-WT1 (2) 
 90 1202
PIK3CA->-H3F3C (2) 
 90 177
ERBB3->-CTCF CDH1->-CTCF CDH1->-ERBB3 (2) 
 91 151
BRCA2->-TERT TP53->-TERT TP53->-BRCA2 (2) 
 94 698
STK11->-KMT2D TP53->-STK11 TP53->-KMT2D (2) 
 99 789
PLK2->-KMT2D (2) 
 99 395
CDKN2A->-KMT2D TP53->-CDKN2A TP53->-KMT2D (2) 
 99 655
LATS1->-GLI1 (2) 
 102 1125
PIK3CA->-LATS1 (2) 
 102 709
PTPRD->-CREBBP PIK3CA->-PTPRD PIK3CA->-CREBBP (2) 
 102 503
PIK3C2G->-SMAD2 CREBBP->-SMAD2 PIK3C2G->-CREBBP (2) 
 102 656
DICER1->-PTCH1 (2) 
 105 386
DNMT3A->-TP53 (2) 
 107 457
BRCA2->-TET2 (2) 
 108 698
BRCA2->-ATR (2) 
 108 163
CIC->-ARID1B (2) 
 108 437
ARID1B->-ATR (2) 
 108 1024
BLM->-ARID1B (2) 
 108 747
ARID2->-ALK (2) 
 109 947
PIK3CA->-CDC73 (2) 
 110 709
NCOR1->-AXIN1 (2) 
 113 699
IRS2->-AXIN1 (2) 
 113 382
PTEN->-CARD11 TP53->-CARD11 TP53->-PTEN (2) 
 113 990
PTEN->-RASA1 (2) 
 113 1155
NCOR1->-RASA1 (2) 
 113 429
TP53->-SOS1 (2) 
 113 171
PIK3CA->-CDK4 (2) 
 114 438
ESR1->-TP53 PIK3CA->-ESR1 PIK3CA->-TP53 (2) 
 114 285
FOXA1->-PIK3CG PIK3CA->-PIK3CG PIK3CA->-FOXA1 (2) 
 116 386
PIK3CA->-ERCC2 (2) 
 116 648
NF1->-PRDM1 (2) 
 120 149
MAP3K1->-FGFR4 PTEN->-FGFR4 MED12->-FGFR4 MAP3K1->-MED12 PTEN->-MED12 PTEN->-MAP3K1 (2) 
 120 386
ERCC5->-FGFR4 TP53->-FGFR4 TP53->-ERCC5 (2) 
 120 655
ATR->-NSD1 (2) 
 120 709
SPOP->-NF1 (2) 
 120 523
NF1->-ERCC5 TP53->-ERCC5 TP53->-NF1 (2) 
 120 796
TP53->-SPOP (2) 
 120 426
ATR->-ERCC5 TP53->-ERCC5 TP53->-ATR (2) 
 120 163
CDKN1B-/-PIK3CA (2) 
 122 1135
RUNX1->-CDKN1B (2) 
 122 286
TP53->-PAX5 (2) 
 124 246
NF1->-PTEN NF1->-PIK3R1 PTEN->-PIK3R1 (2) 
 125 131
NF1->-CTCF (2) 
 125 829
CDH1->-GLI1 PIK3CA->-GLI1 CDH1->-PIK3CA (2) 
 127 1024
TBX3->-GLI1 PIK3CA->-GLI1 TBX3->-PIK3CA (2) 
 127 1024
TBX3->-AR (2) 
 127 1024
ARID1A->-GLI1 (2) 
 127 1153
PIK3CA->-STAT5A (2) 
 127 946
BRCA2->-AR (2) 
 127 650
BRCA2->-RFWD2 CDH1->-RFWD2 CDH1->-BRCA2 (2) 
 127 698
TBX3->-CREBBP (2) 
 127 1126
CREBBP->-AR (2) 
 127 1008
CREBBP->-RFWD2 CDH1->-RFWD2 PIK3CA->-RFWD2 CDH1->-CREBBP PIK3CA->-CREBBP CDH1->-PIK3CA (2) 
 127 503
RECQL4->-KMT2C (2) 
 127 825
RASA1->-RECQL4 CDH1->-RECQL4 CDH1->-RASA1 (2) 
 127 342
CDH1->-PIK3C3 PIK3CA->-PIK3C3 CDH1->-PIK3CA (2) 
 127 972
ARID1A->-TBX3 (2) 
 127 438
ARID1A->-RFWD2 (2) 
 127 709
TBX3->-RFWD2 (2) 
 127 898
TBX3->-RASA1 CDH1->-RASA1 CDH1->-TBX3 (2) 
 127 1155
BRAF->-PIK3CA (2) 
 128 212
TP53->-ERCC3 (2) 
 129 1234
PTEN->-ASXL1 (2) 
 131 554
NF1->-ASXL1 (2) 
 131 815
KMT2C->-FOXA1 (2) 
 132 870
KMT2C->-WT1 (2) 
 132 702
ATM-/-FOXA1 (2) 
 132 332
ATM->-NCOR1 (2) 
 132 268
ATM->-TP53 (2) 
 132 784
RB1->-NCOR1 (2) 
 132 536
MAP3K1-/-NCOR1 (2) 
 132 470
CDH1->-CHEK2 (2) 
 136 1185
GATA3->-MST1 (2) 
 142 604
MED12-/-ROS1 TP53->-ROS1 TP53->-MED12 (2) 
 144 196
TSC1->-TP53 (2) 
 144 674
TSC1->-KDM6A (2) 
 144 892
CDH1->-AXIN1 (2) 
 146 1006
RB1->-AXIN1 TP53->-AXIN1 TP53->-RB1 (2) 
 146 663
PBRM1->-ERBB2 (2) 
 146 243
CDH1->-SOX17 TP53->-SOX17 CDH1->-TP53 (2) 
 146 298
RB1->-FBXW7 TP53->-FBXW7 TP53->-RB1 (2) 
 146 1249
PBRM1->-RB1 TP53->-PBRM1 TP53->-RB1 (2) 
 146 889
NF1->-EPHA7 (2) 
 149 1194
NF1->-PTPRD NF1->-TP53 TP53->-PTPRD (2) 
 149 298
RNF43->-ERBB2 (2) 
 150 689
CDH1->-NUP93 (2) 
 151 1008
PIK3CB->-PIK3CA (2) 
 154 1126
SPEN->-ESR1 (2) 
 160 1248
PTEN->-RHOA CDH1->-RHOA CDH1->-PTEN (2) 
 162 592
PTEN->-ESR1 (2) 
 162 424
CDH1->-ALOX12B (2) 
 162 643
ESR1->-ARID1B (2) 
 162 285
ESR1->-ALOX12B (2) 
 162 1129
MAP2K4->-BRCA2 TP53->-MAP2K4 TP53->-BRCA2 (2) 
 163 698
TP53->-FAM175A (2) 
 163 1022
CDK12-/-MAP2K4 (2) 
 163 665
MAP2K4->-ERCC5 TP53->-ERCC5 TP53->-MAP2K4 (2) 
 163 796
MAP2K4->-GPS2 (2) 
 165 937
ATM->-RPS6KB2 (2) 
 168 655
ATM->-BRD4 (2) 
 168 386
BRD4-/-ZFHX3 PIK3CA->-BRD4 PIK3CA->-ZFHX3 (2) 
 168 285
FAT1->-KMT2C (2) 
 168 853
MSH2->-KMT2C (2) 
 168 342
RICTOR->-KMT2C PIK3CA->-RICTOR PIK3CA->-KMT2C (2) 
 168 503
ATM->-RICTOR (2) 
 168 692
FGFR4-/-LATS2 (2) 
 169 826
GATA3->-CDH1 (2) 
 170 988
GATA3->-MAP2K4 (2) 
 170 864
TBX3->-MED12 (2) 
 170 677
PTPRS->-SETD2 (2) 
 171 1082
CREBBP->-RB1 (2) 
 174 297
CREBBP->-DNMT3B (2) 
 174 1203
TP53->-CD79A (2) 
 174 618
KMT2D->-RB1 TP53->-RB1 TP53->-KMT2D (2) 
 174 990
PIK3CA->-RAC1 (2) 
 181 330
KLF4->-TP53 (2) 
 184 748
GATA3->-JAK1 (2) 
 187 830
CIC->-KMT2D (2) 
 190 459
PIK3R1->-KMT2C (2) 
 192 350
ERBB2->-TP63 (2) 
 193 1024
CDH1->-TP63 (2) 
 193 1024
MGA->-NOTCH4 TP53->-MGA TP53->-NOTCH4 (2) 
 196 655
NOTCH4->-ROS1 TP53->-ROS1 TP53->-NOTCH4 (2) 
 196 1134
PIK3R1->-ARID2 (2) 
 196 816
PIK3R1->-ROS1 (2) 
 196 816
MED12->-ARID2 (2) 
 196 507
PIK3R1->-MGA (2) 
 196 264
MGA->-ROS1 (2) 
 196 875
SPEN->-FLT1 PIK3CA->-FLT1 PIK3CA->-SPEN (2) 
 197 243
SPEN->-POLE PIK3CA->-POLE PIK3CA->-SPEN (2) 
 197 1243
KMT2C->-FLT1 (2) 
 197 957
ARID1A->-POLE PIK3CA->-POLE PIK3CA->-ARID1A (2) 
 197 277
FLT1->-MAP3K1 (2) 
 197 1186
FBXW7->-FLT4 (2) 
 203 247
FBXW7->-TP53 (2) 
 203 670
ARID1A->-PIK3CB BRCA2->-PIK3CB BRCA2->-ARID1A (2) 
 205 855
GATA3->-PIK3C2G (2) 
 205 971
GATA3-/-POLE (2) 
 205 239
FLT3->-PIK3CB (2) 
 205 382
KDM5C->-ARID1A (2) 
 205 592
ASXL1-/-KDM5C (2) 
 205 1235
ANKRD11->-PIK3C2G (2) 
 205 1286
CARD11->-ARID1A (2) 
 205 406
KMT2D->-INPP4B (2) 
 207 747
KMT2D->-ARID1B (2) 
 207 747
KMT2D->-HNF1A (2) 
 207 990
ATRX->-HNF1A TP53->-HNF1A TP53->-ATRX (2) 
 207 990
KMT2D->-XPO1 (2) 
 207 1220
TP53->-MSH2 (2) 
 207 969
RUNX1->-ERBB2 (2) 
 208 571
STAT3->-PIK3CA (2) 
 208 536
PIK3CA->-MAP2K1 (2) 
 209 479
PIK3CA->-CUL3 (2) 
 209 236
MEN1->-ESR1 (2) 
 210 250
CDH1->-BRAF (2) 
 212 339
FOXA1->-ATM (2) 
 216 386
RHOA->-CDH1 (2) 
 216 309
ARID1A->-RHOA (2) 
 216 592
PTPRT->-CDH1 PTPRT->-PIK3CA CDH1->-PIK3CA (2) 
 217 656
PIK3CA->-DAXX CDH1->-DAXX CDH1->-PIK3CA (2) 
 217 503
PTPRT->-MAP3K1 (2) 
 217 1186
ATR->-NOTCH4 PIK3CA->-NOTCH4 PIK3CA->-ATR (2) 
 218 655
ATR->-GRIN2A (2) 
 218 1051
CDK12-/-HNF1A (2) 
 220 386
CDK12-/-PTCH1 (2) 
 220 386
PTPRT->-HNF1A (2) 
 220 990
BRCA1->-PTCH1 (2) 
 220 432
BRCA1->-PTPRT (2) 
 220 656
PTPRT->-TET2 (2) 
 220 1031
PTPRT->-JAK2 (2) 
 220 285
CDH1->-CBL (2) 
 227 976
FLT1->-PIK3CA (2) 
 227 1186
CBL->-PIK3CA (2) 
 227 821
AKT1->-RAD54L (2) 
 228 382
RECQL4->-GATA3 (2) 
 229 1027
GATA3-/-RICTOR (2) 
 229 1200
BRCA1-/-RICTOR (2) 
 229 948
NF1->-PTPRS (2) 
 233 1024
PTPRS->-KMT2D TP53->-PTPRS TP53->-KMT2D (2) 
 233 655
PTPRT->-PTPRS (2) 
 233 1186
KMT2C->-ANKRD11 (2) 
 233 900
KMT2D->-ANKRD11 TP53->-ANKRD11 TP53->-KMT2D (2) 
 233 837
PTPRT->-ANKRD11 (2) 
 233 285
INHA->-CREBBP (2) 
 235 656
TERT->-TP53 (2) 
 235 327
TP53->-IGF1 (2) 
 237 638
TP53->-HIST1H3G (2) 
 237 1243
RUNX1->-GATA3 (2) 
 239 286
RUNX1->-SETD2 (2) 
 239 536
NF1->-ERBB2 (2) 
 241 462
ERBB2->-ESR1 (2) 
 243 1274
IRS1->-SPEN (2) 
 243 816
PIK3CG->-PIK3CA (2) 
 243 795
IRS1->-ESR1 (2) 
 243 1106
CDK12->-TP53 (2) 
 246 897
KMT2C->-ARID5B (2) 
 248 1203
FGFR4->-KMT2C (2) 
 248 826
KMT2C->-CBFB (2) 
 248 572
FOXA1->-FAT1 (2) 
 250 1044
FOXA1->-NSD1 (2) 
 250 647
FOXA1->-INSR (2) 
 250 805
ERBB2->-PTPRD TP53->-ERBB2 TP53->-PTPRD (2) 
 253 503
ERBB2->-XPO1 (2) 
 253 333
FOXA1->-PTPRD (2) 
 253 924
CDKN1B->-PTPRD (2) 
 253 479
FOXA1->-XPO1 (2) 
 253 1203
FOXA1->-CDKN1B (2) 
 253 386
KMT2C-/-PIK3CA (2) 
 254 902
SOX9->-PIK3CA (2) 
 257 1024
SOX9->-IRS1 (2) 
 257 1024
PIK3CA-/-TP53 (2) 
 257 410
SPEN->-KMT2C (2) 
 259 1203
SPEN->-RUNX1 (2) 
 259 655
KMT2C->-RUNX1 CDH1->-RUNX1 CDH1->-KMT2C (2) 
 259 589
RUNX1->-JUN (2) 
 259 408
RB1->-RUNX1 PIK3CA->-RB1 PIK3CA->-RUNX1 (2) 
 260 536
RB1->-RUNX1 TP53->-RUNX1 TP53->-RB1 (2) 
 260 536
ERBB2->-GATA3 (2) 
 266 362
NCOR1->-EGFR (2) 
 268 447
PIK3C2G->-NCOR1 (2) 
 268 656
FYN->-ATM (2) 
 268 386
MAP2K4->-ATM (2) 
 268 798
PIK3C2G->-EGFR (2) 
 268 507
BARD1->-PTPRT (2) 
 274 1032
CTCF->-MAP2K4 CTCF->-PIK3CA MAP2K4->-PIK3CA (2) 
 275 532
CSF3R->-PIK3CA (2) 
 275 821
ESR1->-POLE (2) 
 277 1157
NF1->-POLE (2) 
 277 298
MAP3K1->-POLE CDH1->-POLE CDH1->-MAP3K1 (2) 
 277 1188
IGF1R->-GATA3 PIK3CA->-IGF1R PIK3CA->-GATA3 (2) 
 277 1038
GATA3->-RAD50 PIK3CA->-RAD50 PIK3CA->-GATA3 (2) 
 277 786
ESR1->-RAD50 PIK3CA->-RAD50 PIK3CA->-ESR1 (2) 
 277 786
GATA3->-AR (2) 
 277 702
IGF1R->-ESR1 (2) 
 277 1274
ESR1->-AR (2) 
 277 826
NF1->-RAD50 CDH1->-RAD50 CDH1->-NF1 (2) 
 277 1289
MAP3K1->-NF1 PIK3CA->-NF1 PIK3CA->-MAP3K1 (2) 
 277 509
DNMT3B->-ARID1A (2) 
 277 949
MAP3K1->-AR (2) 
 277 816
MAX->-PIK3CA (2) 
 280 534
GATA3->-IGF1R (2) 
 281 967
ERBB3->-CDH1 (2) 
 284 1299
ERBB3->-POLE (2) 
 284 830
ARID1B->-ZFHX3 (2) 
 285 1024
ZFHX3->-MST1R (2) 
 285 508
ARID1A->-MTOR (2) 
 285 381
ZFHX3->-MTOR (2) 
 285 764
ESR1->-MTOR (2) 
 285 826
PIK3CA->-PPM1D (2) 
 285 1106
PIK3CA->-MYC (2) 
 285 709
JAK2-/-TP53 (2) 
 285 327
ESR1->-ZFHX3 (2) 
 285 1122
BRCA1-/-TP53 (2) 
 288 948
NOTCH4->-YES1 (2) 
 294 342
PIK3CA->-DCUN1D1 (2) 
 294 423
FOXA1->-PTCH1 PIK3CA->-PTCH1 PIK3CA->-FOXA1 (2) 
 296 386
AKT1->-CREBBP (2) 
 297 649
AKT1->-RB1 (2) 
 297 447
AKT1->-ARID1A (2) 
 297 523
ARID1A-/-TP53 (2) 
 297 547
TP53->-CBFB (2) 
 297 572
CDH1->-SMAD2 (2) 
 298 656
CDH1->-PIK3CB (2) 
 298 882
IRS2->-TP53 (2) 
 298 391
POLE->-PIK3CB IRS2->-POLE IRS2->-PIK3CB (2) 
 298 382
MAP2K4->-CIC (2) 
 301 937
MAP2K4->-KMT2D (2) 
 301 796
MAP2K4->-ARID1A (2) 
 301 796
CBFB->-TBX3 (2) 
 307 613
TBX3->-MAP3K1 TBX3->-PIK3CA MAP3K1->-PIK3CA (2) 
 307 1287
CDH1->-FGFR2 (2) 
 308 656
KDM6A->-CDH1 (2) 
 309 1144
HNF1A->-TP53 (2) 
 310 601
BRIP1-/-SOX17 (2) 
 310 681
PIK3CA->-RAB35 (2) 
 313 536
KMT2C-/-SPEN (2) 
 323 1115
PTPRD-/-TP53 (2) 
 327 596
TP53->-RNF43 (2) 
 327 601
ALK-/-PIK3CA (2) 
 327 1118
RB1->-NOTCH2 TP53->-NOTCH2 TP53->-RB1 (2) 
 329 334
ARID2->-BCOR TP53->-BCOR TP53->-ARID2 (2) 
 329 990
ATM->-RUNX1 PIK3CA->-ATM PIK3CA->-RUNX1 (2) 
 332 655
TP53->-CRLF2 (2) 
 334 1230
TP53->-CCND1 (2) 
 335 680
ARID1A->-AKT1 (2) 
 336 381
CDH1->-INPP4A PIK3CA->-INPP4A CDH1->-PIK3CA (2) 
 339 419
NCOR1->-ERBB2 CDH1->-NCOR1 CDH1->-ERBB2 (2) 
 339 1035
CDH1->-GNAS (2) 
 341 424
TP53->-GNAS (2) 
 341 618
TET2->-GRIN2A (2) 
 341 382
KDM6A->-GRIN2A TP53->-GRIN2A TP53->-KDM6A (2) 
 341 1117
CDKN2A->-NCOR1 CDH1->-CDKN2A CDH1->-NCOR1 (2) 
 341 526
NCOR1->-TET2 TP53->-TET2 TP53->-NCOR1 (2) 
 341 536
NCOR1->-KDM6A (2) 
 341 1053
CDH1->-EIF4A2 (2) 
 341 882
NOTCH4->-NOTCH2 (2) 
 342 704
NOTCH4->-EED (2) 
 342 1134
PTCH1->-NOTCH2 (2) 
 342 768
KMT2C->-RASA1 (2) 
 342 1155
MSH2->-RASA1 CDH1->-MSH2 CDH1->-RASA1 (2) 
 342 1155
CDH1->-YES1 (2) 
 342 503
CDH1->-STAT5B KMT2C->-STAT5B CDH1->-KMT2C (2) 
 342 503
CDH1->-SLX4 (2) 
 342 592
CDH1->-FGF19 (2) 
 342 763
KDM6A->-KMT2A (2) 
 342 731
RASA1->-KMT2A (2) 
 342 875
FAT1->-ARID2 TP53->-ARID2 TP53->-FAT1 (2) 
 348 816
PIK3CA->-GNAS (2) 
 349 1187
FLT4->-PIK3CA (2) 
 349 554
SF3B1->-KMT2C (2) 
 350 533
CBL->-JAK3 (2) 
 351 821
PIK3CA->-ERG TP53->-ERG PIK3CA->-TP53 (2) 
 351 642
RB1->-POLE PIK3CA->-POLE PIK3CA->-RB1 (2) 
 351 1243
TP53->-CBL (2) 
 351 1171
CDH1->-SMARCD1 PIK3CA->-SMARCD1 CDH1->-PIK3CA (2) 
 352 928
PIK3R1->-RUNX1 (2) 
 353 361
ARID1B->-RUNX1 (2) 
 353 437
ARID1B->-PIK3R1 (2) 
 353 1289
NCOR1->-ARID1A (2) 
 356 952
BRCA2->-PTPRD (2) 
 359 785
BRCA2->-BAP1 (2) 
 359 671
JAK1->-BRCA2 (2) 
 359 1217
ESR1->-PTPRD TP53->-ESR1 TP53->-PTPRD (2) 
 359 1054
RAD54L->-NCOR1 (2) 
 359 1203
CDH1->-JAK1 (2) 
 359 507
TP53->-NEGR1 (2) 
 359 447
RB1->-TSHR (2) 
 364 1243
KMT2D->-GATA3 (2) 
 364 747
RB1->-FLT4 (2) 
 364 536
RB1->-KMT2D (2) 
 364 433
ATRX->-KMT2D (2) 
 364 990
CTCF->-GPS2 (2) 
 365 829
PTCH1->-GATA3 (2) 
 369 747
EP300->-SRSF2 (2) 
 371 935
TP53->-ERRFI1 (2) 
 371 820
TP53->-SRSF2 (2) 
 371 892
TP53->-SMARCB1 (2) 
 371 681
PIK3CA->-PIK3CD (2) 
 373 386
MTOR->-AKT1 (2) 
 381 698
NOTCH2->-TET1 (2) 
 382 816
YES1->-KIT (2) 
 382 503
AXIN1->-SMARCA4 (2) 
 382 699
SMARCA4->-TET1 (2) 
 382 600
AKT1->-AXIN1 (2) 
 382 1006
KIT->-RIT1 (2) 
 382 507
FLT3->-RIT1 (2) 
 382 507
NSD1->-MDM2 (2) 
 382 430
BRCA1->-PIK3C2G (2) 
 382 971
IRS2->-TET2 (2) 
 382 885
KMT2A-/-MDM2 (2) 
 382 527
BCOR->-GRIN2A (2) 
 382 1117
KMT2A-/-RIT1 (2) 
 382 386
PIK3CA->-PAX5 (2) 
 385 1001
BRD4->-FGFR4 (2) 
 386 1309
PTCH1->-FGFR4 (2) 
 386 1309
PLK2->-KMT2C PIK3CA->-PLK2 PIK3CA->-KMT2C (2) 
 386 1203
FOXA1->-PLK2 PLK2->-KMT2C FOXA1->-KMT2C (2) 
 386 1203
DNMT1->-KMT2C (2) 
 386 589
PTCH1->-KMT2C (2) 
 386 747
PIK3CA->-NBN FOXA1->-NBN PIK3CA->-FOXA1 (2) 
 386 829
FOXA1->-FGFR4 (2) 
 386 924
FOXA1->-MED12 (2) 
 386 647
MAP3K1->-NBN (2) 
 386 546
PTEN->-TGFBR2 (2) 
 386 622
CDK12-/-PIK3CA (2) 
 386 1112
MAP3K1->-DNMT1 (2) 
 386 1165
MAP3K1->-MGA MAP3K1->-KMT2A MGA->-KMT2A (2) 
 386 751
MAP3K1->-JAK3 (2) 
 386 1182
MAP3K1->-SETD2 (2) 
 386 1107
MAP3K1->-PIK3CD PTEN->-PIK3CD PTEN->-MAP3K1 (2) 
 386 816
PTEN->-DICER1 MAP3K1->-DICER1 PTEN->-MAP3K1 (2) 
 386 816
ATM->-DNMT1 PIK3CA->-DNMT1 PIK3CA->-ATM (2) 
 386 602
DNMT1->-SETD2 (2) 
 386 698
PTEN->-RIT1 (2) 
 386 1092
KMT2A->-FGFR4 KMT2A->-MED12 MED12->-FGFR4 (2) 
 386 880
MGA->-FGFR4 PIK3CA->-FGFR4 PIK3CA->-MGA (2) 
 386 655
ATM->-FGFR4 PIK3CA->-FGFR4 PIK3CA->-ATM (2) 
 386 655
ATM->-SETD2 ATM->-KMT2A KMT2A->-SETD2 (2) 
 386 784
PTCH1->-HNF1A MGA->-PTCH1 MGA->-HNF1A PIK3CA->-HNF1A PIK3CA->-MGA PIK3CA->-PTCH1 (2) 
 386 990
MGA->-SETD2 (2) 
 386 1082
MED12->-SETD2 (2) 
 386 507
RHOA->-TP53 (2) 
 387 677
EPHB1->-MAP3K1 (2) 
 387 1188
PTEN->-KMT2D TP53->-KMT2D TP53->-PTEN (2) 
 389 508
PTEN->-PTPRT PIK3CA->-PTPRT PIK3CA->-PTEN (2) 
 389 695
KMT2D->-MDC1 TP53->-MDC1 TP53->-KMT2D (2) 
 389 1134
NCOR1->-ALK (2) 
 391 1203
CARD11->-ATR TP53->-CARD11 TP53->-ATR (2) 
 391 655
ATR->-ALK TP53->-ALK TP53->-ATR (2) 
 391 1138
SETD2->-KMT2D TP53->-SETD2 TP53->-KMT2D (2) 
 392 990
ANKRD11->-KMT2D (2) 
 395 924
ANKRD11->-PLK2 (2) 
 395 503
ATM->-TBX3 (2) 
 396 1161
GATA3->-KDM5A (2) 
 397 845
TP53->-YAP1 (2) 
 401 816
FOXA1->-NCOR1 CDH1->-NCOR1 CDH1->-FOXA1 (2) 
 402 1203
MAP2K4->-SMAD4 (2) 
 403 937
BRIP1->-ESR1 (2) 
 405 819
CDKN2A->-CARD11 (2) 
 406 655
CARD11->-TP53 (2) 
 406 1208
RUNX1->-BRIP1 PIK3CA->-BRIP1 PIK3CA->-RUNX1 (2) 
 408 541
PIK3CA->-JUN (2) 
 408 937
ESR1->-ERBB4 (2) 
 409 1023
TP53->-SH2D1A (2) 
 416 1160
CDH1->-SOX9 (2) 
 421 1024
PIK3CA->-SOX9 (2) 
 421 536
BRCA2->-STK11 (2) 
 422 698
ESR1->-GNAS (2) 
 424 1187
ATM->-NOTCH4 TP53->-NOTCH4 TP53->-ATM (2) 
 426 655
MAP3K1->-DNMT3A (2) 
 426 852
MAP3K1->-SPOP (2) 
 426 852
DNMT3A->-KDR CDH1->-DNMT3A CDH1->-KDR (2) 
 426 693
MAP3K1->-RB1 TP53->-RB1 TP53->-MAP3K1 (2) 
 426 889
MAP3K1->-NOTCH1 PIK3CA->-NOTCH1 MAP3K1->-PIK3CA (2) 
 426 758
MAP3K1->-REL TP53->-REL TP53->-MAP3K1 (2) 
 426 816
MAP3K1->-SF3B1 (2) 
 426 1135
ATM->-CDH1 ATM->-PIK3CA CDH1->-PIK3CA (2) 
 426 784
ATM->-NOTCH1 (2) 
 426 784
ATM->-SF3B1 ATM->-PIK3CA PIK3CA->-SF3B1 (2) 
 426 893
BCL6->-NOTCH1 CDH1->-BCL6 CDH1->-NOTCH1 (2) 
 426 592
PIK3CA->-BCL6 (2) 
 426 683
TP53->-BCL6 (2) 
 426 885
RB1->-NOTCH1 TP53->-NOTCH1 TP53->-RB1 (2) 
 426 663
RB1->-PTPRT TP53->-PTPRT TP53->-RB1 (2) 
 426 682
PIK3CA->-SYK (2) 
 426 606
PIK3CA->-REL (2) 
 426 940
PIK3C2G->-PTPRT TP53->-PIK3C2G TP53->-PTPRT (2) 
 426 656
SMAD4->-KMT2C (2) 
 430 709
KMT2C->-MDM2 (2) 
 430 527
SMAD4->-MAP3K1 (2) 
 430 969
DOT1L->-PDGFRA (2) 
 432 1186
SOX9->-PDGFRA (2) 
 432 1024
PALB2->-KDM5C (2) 
 432 588
APC->-RB1 TP53->-APC TP53->-RB1 (2) 
 433 990
KMT2D->-EPHB1 APC->-EPHB1 APC->-KMT2D TP53->-EPHB1 TP53->-APC TP53->-KMT2D (2) 
 433 990
APC->-KEAP1 (2) 
 433 558
TP53->-KEAP1 (2) 
 433 1232
TP53->-TNFAIP3 (2) 
 433 1272
SMAD4->-ERBB3 (2) 
 434 766
PTEN->-PDGFRA (2) 
 437 628
CIC->-RUNX1 (2) 
 437 1050
EPCAM->-ARID1B (2) 
 437 816
ARID1B->-PDGFRA (2) 
 437 1024
ARID1A->-IRF4 (2) 
 438 730
PIK3CA->-IRF4 (2) 
 438 730
ARID1A->-ANKRD11 (2) 
 438 583
TBX3->-ZFHX3 (2) 
 438 1024
JAK1->-TBX3 TP53->-JAK1 TP53->-TBX3 (2) 
 438 468
JAK1->-ZFHX3 (2) 
 438 875
AKT1->-CIC (2) 
 439 447
NCOR1->-SMARCA4 (2) 
 441 699
SMAD4->-NCOR1 (2) 
 441 709
NCOR1->-ATRX (2) 
 441 672
NCOR1->-POLE TP53->-POLE TP53->-NCOR1 (2) 
 441 513
POLE->-SMARCA4 TP53->-SMARCA4 TP53->-POLE (2) 
 441 990
POLE->-ATRX TP53->-POLE TP53->-ATRX (2) 
 441 990
NOTCH1->-GATA3 (2) 
 442 1038
NOTCH1->-CDH1 (2) 
 442 784
CDH1->-IL7R (2) 
 446 1289
SH2B3->-EGFR (2) 
 447 915
FOXA1->-EGFR (2) 
 447 954
AKT1->-NCOR1 (2) 
 447 1053
NOTCH1->-EPHA5 (2) 
 450 1207
ALOX12B->-MAP3K1 (2) 
 450 546
MAP3K1-/-TSC2 (2) 
 450 972
GPS2->-TP53 (2) 
 452 829
GPS2->-ESR1 (2) 
 452 919
IKZF1-/-RET (2) 
 453 1126
TP53->-NFE2L2 (2) 
 453 1046
BRCA1->-DNMT1 (2) 
 454 698
NOTCH3->-CDH1 (2) 
 455 650
NOTCH3->-PIK3CA (2) 
 455 521
CDH1->-TERT (2) 
 455 698
ANKRD11->-PIK3CA (2) 
 455 503
ANKRD11->-TBX3 (2) 
 455 924
YAP1->-PIK3CA (2) 
 455 870
MSH6->-TERT PIK3CA->-MSH6 PIK3CA->-TERT (2) 
 455 536
MAP2K4->-NOTCH2 (2) 
 456 768
MED12->-PIK3CA (2) 
 456 507
TP53->-SMAD3 (2) 
 459 1210
MAP2K4->-KMT2C (2) 
 463 702
PTPRS->-HIST1H1C (2) 
 465 765
PIK3CA-/-SPEN (2) 
 467 1135
NCOR1->-SOX2 PIK3CA->-SOX2 PIK3CA->-NCOR1 (2) 
 470 1203
NCOR1->-AMER1 (2) 
 470 1076
CDK12-/-PTPRS (2) 
 470 1112
PDGFRB->-PIK3CA (2) 
 473 1082
FOXA1->-CDK8 (2) 
 477 1203
JAK3->-GATA3 MAP2K4->-JAK3 MAP2K4->-GATA3 (2) 
 483 1022
MEN1->-NCOR1 (2) 
 483 1203
MEN1->-MAP2K4 (2) 
 483 864
CDH1->-NOTCH3 (2) 
 484 1203
PIK3CA->-MYD88 (2) 
 484 664
TP53->-RAD51 (2) 
 490 656
TBX3->-EPHA5 (2) 
 491 1214
TBX3->-CBFB (2) 
 491 1266
RET->-BCOR (2) 
 495 1186
HIST3H3-/-PIK3CA (2) 
 496 771
IDH1->-GATA3 (2) 
 500 1198
MAP3K1->-EPCAM (2) 
 502 889
YES1->-PARP1 TP53->-YES1 TP53->-PARP1 (2) 
 503 655
YES1->-PARP1 PIK3CA->-YES1 PIK3CA->-PARP1 (2) 
 503 655
CDH1->-MEN1 MEN1->-CREBBP PIK3CA->-MEN1 CDH1->-CREBBP PIK3CA->-CREBBP CDH1->-PIK3CA (2) 
 503 1203
CDH1->-MEN1 MEN1->-ARID5B PIK3CA->-MEN1 CDH1->-ARID5B PIK3CA->-ARID5B CDH1->-PIK3CA (2) 
 503 1203
CDH1->-MEN1 PIK3CA->-MEN1 CDH1->-PLK2 MEN1->-PLK2 PIK3CA->-PLK2 CDH1->-PIK3CA (2) 
 503 1203
CDH1->-MEN1 PIK3CA->-MEN1 MEN1->-KMT2C CDH1->-KMT2C PIK3CA->-KMT2C CDH1->-PIK3CA (2) 
 503 1203
CDH1->-KRAS (2) 
 503 1203
TP53->-STAT5B (2) 
 503 1175
MLH1->-PIK3CA (2) 
 503 1107
TP53->-MLH1 CDH1->-MLH1 TP53->-CDH1 (2) 
 503 807
ANKRD11->-PTPRD (2) 
 503 924
CDH1->-KIT KIT->-CREBBP CDH1->-CREBBP (2) 
 503 507
RAD50->-CREBBP CDH1->-RAD50 CDH1->-CREBBP (2) 
 503 507
MAP3K13->-CREBBP (2) 
 503 507
MAP3K13->-MEN1 (2) 
 503 518
PIK3CA->-PPP6C (2) 
 503 821
TP53->-PPP6C (2) 
 503 879
MAP3K13->-PIK3CA (2) 
 503 544
FUBP1-/-PIK3CA (2) 
 503 614
STAG2->-PARP1 (2) 
 503 1039
CREBBP->-PARP1 (2) 
 503 1008
ANKRD11->-STAG2 (2) 
 503 1206
ERBB2->-RICTOR (2) 
 503 775
RICTOR->-CREBBP TP53->-RICTOR TP53->-CREBBP (2) 
 503 1200
RICTOR->-CREBBP PIK3CA->-CREBBP PIK3CA->-RICTOR (2) 
 503 1200
ATR-/-TP53 (2) 
 503 980
MAP3K1->-MEN1 (2) 
 504 751
ASXL2->-KDM5C (2) 
 505 730
PTEN->-RB1 (2) 
 505 990
PTEN->-NOTCH1 CDH1->-NOTCH1 CDH1->-PTEN (2) 
 505 592
PIK3CA->-SUZ12 (2) 
 507 1292
CDH1->-ERCC4 BLM->-ERCC4 APC->-ERCC4 APC->-BLM CDH1->-BLM CDH1->-APC (2) 
 507 693
JAK1->-APC (2) 
 507 1134
CDH1->-SDHC RAD50->-SDHC APC->-RAD50 APC->-SDHC CDH1->-RAD50 CDH1->-APC (2) 
 507 1289
CDH1->-SDHC PIK3C2G->-SDHC APC->-PIK3C2G APC->-SDHC CDH1->-PIK3C2G CDH1->-APC (2) 
 507 1289
MED12->-SDHC CDH1->-SDHC CDH1->-MED12 (2) 
 507 1289
APC->-SETD2 (2) 
 507 990
CD274->-ABL1 (2) 
 507 708
JAK2->-MAP3K13 MAP3K13->-BLM JAK2->-BLM (2) 
 507 779
JAK2->-MAP3K13 MAP3K13->-ABL1 JAK2->-ABL1 (2) 
 507 779
ASXL1->-ABL1 (2) 
 507 985
ASXL1->-CREBBP (2) 
 507 985
BLM->-STK11 (2) 
 507 747
PIK3R3->-BLM (2) 
 507 963
JAK1->-ARID2 (2) 
 507 1217
JAK1->-CREBBP (2) 
 507 784
JAK1->-SETD2 (2) 
 507 784
SETD2->-STK11 CDH1->-STK11 CDH1->-SETD2 (2) 
 507 698
CDKN1A->-PIK3CA (2) 
 507 1036
CDKN1A->-CREBBP (2) 
 507 1200
ERCC3->-PIK3CA (2) 
 507 1149
JAK2->-PIK3CA CDH1->-JAK2 CDH1->-PIK3CA (2) 
 507 829
LATS2->-JAK2 JAK2->-PIK3CA LATS2->-PIK3CA (2) 
 507 829
FLT3->-PIK3CA (2) 
 507 1186
RAD50->-PIK3CA (2) 
 507 940
PIK3R3->-ASXL1 PIK3R3->-PIK3CA ASXL1->-PIK3CA (2) 
 507 554
SMARCB1->-PIK3CA CDH1->-SMARCB1 CDH1->-PIK3CA (2) 
 507 972
CDH1->-ERCC3 (2) 
 507 602
PIK3C2G->-ERCC4 (2) 
 507 656
ARID2->-FLT3 ARID1A->-ARID2 ARID1A->-FLT3 (2) 
 507 796
IKZF1->-CREBBP CDH1->-IKZF1 CDH1->-CREBBP (2) 
 507 874
ARID1A->-ERCC4 IKZF1->-ERCC4 ARID1A->-IKZF1 (2) 
 507 709
SMARCB1->-FLT3 (2) 
 507 567
LATS2->-ASXL1 (2) 
 507 1001
ARID1A->-TOP1 (2) 
 507 1299
ARID1A->-PIK3R3 (2) 
 507 1307
PTEN->-BARD1 TP53->-BARD1 TP53->-PTEN (2) 
 508 538
PTEN->-ERBB3 (2) 
 508 1155
TP53->-CTNNB1 (2) 
 508 1172
ERBB3->-KMT2C TP53->-ERBB3 TP53->-KMT2C (2) 
 508 889
KMT2D->-ERBB3 TP53->-ERBB3 TP53->-KMT2D (2) 
 508 796
ZFHX3->-KMT2D (2) 
 508 561
KLF4->-NCOR1 (2) 
 513 758
TP53->-SUFU (2) 
 513 885
KLF4->-MED12 (2) 
 513 748
NOTCH3->-FAT1 (2) 
 521 650
ESR1->-IRF4 (2) 
 522 582
RUNX1->-KMT2C (2) 
 526 793
NCOR1->-KMT2C (2) 
 526 793
RUNX1->-CDKN2A (2) 
 526 655
CDH1->-MCL1 (2) 
 526 562
KMT2C->-TP63 (2) 
 527 1024
TSC2->-KMT2A KMT2C->-TSC2 KMT2C->-KMT2A (2) 
 527 1024
MED12->-KMT2D TP53->-MED12 TP53->-KMT2D (2) 
 527 1220
TSC2->-KMT2D (2) 
 527 709
TSC2->-MED12 KMT2C->-TSC2 KMT2C->-MED12 (2) 
 527 1289
TP53->-MDM2 (2) 
 527 655
CIC->-SF3B1 PIK3CA->-CIC PIK3CA->-SF3B1 (2) 
 533 1050
NCOR1->-FLT4 (2) 
 536 1053
NCOR1->-NF1 (2) 
 536 686
NCOR1->-PTCH1 PIK3CA->-PTCH1 PIK3CA->-NCOR1 (2) 
 536 1128
RB1->-PIK3CG (2) 
 536 795
PIK3CG->-TET2 (2) 
 536 879
FAT1->-MSH6 PIK3CA->-MSH6 PIK3CA->-FAT1 (2) 
 536 1243
MSH6->-KMT2A (2) 
 536 1094
RUNX1->-MSH6 TP53->-MSH6 TP53->-RUNX1 (2) 
 536 655
RUNX1->-MSH6 PIK3CA->-MSH6 PIK3CA->-RUNX1 (2) 
 536 655
RUNX1->-MGA TP53->-MGA TP53->-RUNX1 (2) 
 536 655
RUNX1->-MGA PIK3CA->-MGA PIK3CA->-RUNX1 (2) 
 536 655
RUNX1->-CARD11 PIK3CA->-CARD11 PIK3CA->-RUNX1 (2) 
 536 655
RUNX1->-CARD11 TP53->-CARD11 TP53->-RUNX1 (2) 
 536 655
RUNX1->-AURKA TP53->-AURKA TP53->-RUNX1 (2) 
 536 1302
MGA->-FLT4 (2) 
 536 695
TERT->-FLT4 TP53->-TERT TP53->-FLT4 (2) 
 536 889
STAT3->-NF1 (2) 
 536 1194
SETD2->-MGA PIK3CA->-SETD2 PIK3CA->-MGA (2) 
 536 990
SETD2->-MGA TP53->-MGA TP53->-SETD2 (2) 
 536 990
SETD2->-PTCH1 TP53->-PTCH1 TP53->-SETD2 (2) 
 536 990
SETD2->-PTCH1 PIK3CA->-SETD2 PIK3CA->-PTCH1 (2) 
 536 990
TP53->-TCF3 (2) 
 536 671
TP53->-IKBKE (2) 
 537 656
BARD1->-AKT1 TP53->-AKT1 TP53->-BARD1 (2) 
 538 698
ATR->-RUNX1 PIK3CA->-ATR PIK3CA->-RUNX1 (2) 
 541 565
NCOR1->-BRIP1 (2) 
 541 681
BARD1->-PIK3CA (2) 
 544 1032
STK11->-MAP2K2 (2) 
 545 747
MAP3K1->-RAD21 (2) 
 546 751
TP53->-ALOX12B (2) 
 546 1117
APC->-XPO1 (2) 
 558 1203
MAP2K4->-XPO1 (2) 
 558 698
MEN1->-NOTCH3 (2) 
 559 1203
GATA3->-NOTCH3 (2) 
 559 567
TRAF7->-GATA3 (2) 
 559 1046
APC->-NF1 CDH1->-APC CDH1->-NF1 (2) 
 561 1289
ZFHX3->-ATM (2) 
 561 1059
ZFHX3->-NF1 (2) 
 561 1024
CDH1->-SPOP (2) 
 562 589
PIK3CA->-PNRC1 (2) 
 562 813
TET1->-ESR1 (2) 
 563 949
RB1->-ESR1 (2) 
 563 1054
CDH1->-PALB2 (2) 
 564 1149
CDH1->-NFE2L2 (2) 
 564 1289
ARID1A->-NOTCH3 (2) 
 567 1203
NF2-/-SPEN PIK3CA->-NF2 PIK3CA->-SPEN (2) 
 573 1038
NFE2L2->-SPEN (2) 
 573 706
ROS1->-NF2 (2) 
 573 679
TP53->-MRE11A (2) 
 577 694
PIK3CA->-MDM2 (2) 
 579 655
ESR1->-NFE2L2 (2) 
 580 1065
ARID1A->-RUNX1 PTEN->-RUNX1 PTEN->-ARID1A (2) 
 583 952
KDM5C->-ESR1 (2) 
 588 844
ESR1->-FUBP1 (2) 
 588 614
IKZF1->-GRIN2A ARID1A->-IKZF1 ARID1A->-GRIN2A (2) 
 592 1211
GRIN2A->-PIK3CA (2) 
 592 1028
RHOA->-GRIN2A (2) 
 592 924
SMAD4->-KDM5C (2) 
 592 709
SMAD4->-PIK3CA (2) 
 592 1142
NOTCH3->-BRCA2 (2) 
 595 650
SOX9->-TBX3 (2) 
 596 768
ATM->-HGF (2) 
 602 668
PIK3CA->-HGF (2) 
 602 1114
SMAD4->-FAT1 (2) 
 605 693
NF1->-MAP2K4 (2) 
 607 796
GATA3->-ATR (2) 
 611 717
ATR->-PIK3CA (2) 
 611 1051
KMT2C->-PPP2R1A (2) 
 613 682
PPP2R1A->-PIK3CA (2) 
 613 689
SPEN->-DNMT3A (2) 
 615 1059
SPEN->-PIK3R1 (2) 
 630 650
RB1->-PIK3R1 (2) 
 630 822
TP53->-FGF3 (2) 
 630 992
STAG2->-AXL (2) 
 631 786
CDK8->-KRAS (2) 
 633 1203
TBX3->-GATA3 (2) 
 635 677
GATA3-/-RPS6KA4 (2) 
 635 1313
PIK3CA->-RPS6KA4 (2) 
 635 724
PIK3CA->-RARA (2) 
 635 1265
PTEN-/-SF3B1 (2) 
 640 1301
NSD1->-RAD50 (2) 
 641 1289
STAG2->-PTEN STAG2->-TP53 TP53->-PTEN (2) 
 642 733
PTEN->-PIK3C2G (2) 
 642 1289
SPEN->-NCOR1 (2) 
 644 1203
NF1->-MTOR MTOR->-NCOR1 NF1->-NCOR1 (2) 
 644 937
NOTCH1->-NCOR1 (2) 
 644 758
FOXA1->-DOT1L (2) 
 647 1186
GATA3->-DOT1L (2) 
 647 1186
FGFR4->-AKT1 (2) 
 649 826
CDH1->-BTK (2) 
 649 1008
AKT1->-XPO1 CDH1->-XPO1 CDH1->-AKT1 (2) 
 649 698
NOTCH3->-XPO1 KMT2C->-NOTCH3 KMT2C->-XPO1 (2) 
 650 1203
SPEN->-XPO1 (2) 
 650 1203
NOTCH3->-PIK3R1 (2) 
 650 880
BRCA2->-FAT1 (2) 
 650 957
BRCA2->-SPEN (2) 
 650 920
BRCA2->-XPO1 BRCA2->-MTOR MTOR->-XPO1 (2) 
 650 698
SPEN->-FAT1 (2) 
 650 1059
MTOR->-FAT1 MTOR->-CDH1 CDH1->-FAT1 (2) 
 650 882
FAT1->-AR (2) 
 650 816
PIK3R1->-AR (2) 
 650 816
CDH1->-PIK3R1 (2) 
 650 1289
NOTCH4->-KMT2D TP53->-NOTCH4 TP53->-KMT2D (2) 
 655 1134
ATM->-PTPRS APC->-PTPRS APC->-ATM (2) 
 655 1038
ATM->-PTPRS PIK3CA->-PTPRS PIK3CA->-ATM (2) 
 655 1038
APC->-RUNX1 (2) 
 655 1185
PTPRS->-PARP1 (2) 
 655 1289
ATR->-ARID2 PTPRS->-ATR PTPRS->-ARID2 PIK3CA->-PTPRS PIK3CA->-ARID2 PIK3CA->-ATR (2) 
 655 1024
FGFR4->-MSH6 TP53->-MSH6 TP53->-FGFR4 (2) 
 655 1299
NUP93->-PARP1 PIK3CA->-PARP1 PIK3CA->-NUP93 (2) 
 655 1008
RUNX1->-PARP1 PIK3CA->-PARP1 PIK3CA->-RUNX1 (2) 
 655 1008
TP53->-NUP93 (2) 
 655 931
ARID2->-KMT2D ERCC5->-KMT2D ERCC5->-ARID2 PIK3CA->-ERCC5 PIK3CA->-ARID2 PIK3CA->-KMT2D (2) 
 655 796
ARID2->-KMT2D ERCC5->-KMT2D ERCC5->-ARID2 TP53->-ERCC5 TP53->-ARID2 TP53->-KMT2D (2) 
 655 796
RUNX1->-INSR (2) 
 655 1159
TP53->-RPS6KB2 (2) 
 655 753
SPEN->-KMT2D TP53->-SPEN TP53->-KMT2D (2) 
 655 951
SPEN->-KMT2D PIK3CA->-SPEN PIK3CA->-KMT2D (2) 
 655 951
ATR->-KMT2D PIK3CA->-ATR PIK3CA->-KMT2D (2) 
 655 709
TP53->-HLA-A (2) 
 655 1043
BRCA1->-KMT2C BRCA1->-CREBBP CREBBP->-KMT2C (2) 
 656 971
PIK3C2G->-KMT2C (2) 
 656 971
FLCN->-CDH1 FLCN->-PIK3CA CDH1->-PIK3CA (2) 
 656 1224
TP53->-FLCN (2) 
 656 1282
CREBBP->-NCOR1 CREBBP->-KMT2C KMT2C->-NCOR1 (2) 
 656 1203
ERCC4->-NCOR1 (2) 
 656 709
SMAD2->-KMT2D KMT2D->-NCOR1 SMAD2->-NCOR1 (2) 
 656 709
PTPRT->-FGFR2 TP53->-FGFR2 TP53->-PTPRT (2) 
 656 990
KMT2D->-FGFR2 TP53->-FGFR2 TP53->-KMT2D (2) 
 656 990
FOXP1->-PTPRT (2) 
 656 695
CDH1->-IKBKE (2) 
 656 1283
RAD51->-KMT2D (2) 
 656 1154
NTRK2->-KMT2D (2) 
 656 979
AKT1->-TBX3 (2) 
 657 768
ARID2->-EPHA5 TP53->-EPHA5 TP53->-ARID2 (2) 
 664 947
ZFHX3->-ARID2 (2) 
 664 1024
CBFB->-MAP2K4 (2) 
 665 1016
MAP3K1->-CTCF (2) 
 666 889
ATM->-JUN (2) 
 669 784
RHOA->-TBX3 (2) 
 677 924
FAT1->-RB1 (2) 
 678 1243
STK11->-GATA3 STK11->-PIK3CA PIK3CA->-GATA3 (2) 
 679 747
NF2->-GATA3 PIK3CA->-NF2 PIK3CA->-GATA3 (2) 
 679 1038
ROS1->-GATA3 ROS1->-PIK3CA PIK3CA->-GATA3 (2) 
 679 1001
FGFR4->-ROS1 (2) 
 679 875
TP53->-ASXL2 (2) 
 680 964
AKT2->-PTPRT (2) 
 682 1031
TP53->-PPP2R1A (2) 
 682 1299
TP53->-EPHA3 (2) 
 682 1220
RICTOR->-ESR1 (2) 
 685 692
SUZ12->-PIK3CA (2) 
 691 821
DNMT3A->-FAT1 (2) 
 693 1059
BLM->-KDR BLM->-FAT1 FAT1->-KDR (2) 
 693 747
DNMT1->-SPEN (2) 
 693 1243
APC->-DNMT1 (2) 
 693 1134
APC->-SPEN (2) 
 693 1038
SMAD4->-ERCC4 (2) 
 693 709
FOXP1->-PTEN (2) 
 695 917
AKT1->-DNMT1 (2) 
 698 1134
AKT1->-RAD50 (2) 
 698 1048
AKT1->-SETD2 (2) 
 698 848
MAP2K4->-SETD2 (2) 
 698 848
CDH1->-AXIN2 (2) 
 698 1024
TET2->-SETD2 TP53->-TET2 TP53->-SETD2 (2) 
 698 879
SMAD2->-RFWD2 (2) 
 698 709
MAP2K4->-ARID2 (2) 
 702 796
KMT2C->-NSD1 (2) 
 702 1289
CDH1->-RET (2) 
 703 1006
TSC2->-KMT2C (2) 
 709 971
KMT2D->-EP300 KMT2C->-EP300 KMT2D->-KMT2C (2) 
 709 747
NCOR1->-CDC73 (2) 
 709 1126
IKZF1->-CDC73 (2) 
 709 1126
ARID1A->-MYC (2) 
 709 1211
ROS1->-MYC (2) 
 709 1211
LATS1->-ATR (2) 
 709 1138
LATS1->-RFWD2 (2) 
 709 1237
ARID1A->-KDM5C PIK3CA->-KDM5C PIK3CA->-ARID1A (2) 
 709 730
SMAD4->-RFWD2 (2) 
 709 766
BCOR->-TSC2 (2) 
 709 1117
SMAD2->-BCOR (2) 
 709 895
KMT2D->-FGF4 PIK3CA->-FGF4 PIK3CA->-KMT2D (2) 
 709 892
NCOR1->-IKZF1 (2) 
 712 1126
GATA3->-RICTOR (2) 
 717 1046
BRCA1->-RICTOR PIK3CA->-BRCA1 PIK3CA->-RICTOR (2) 
 717 1200
GATA3->-BCOR (2) 
 721 1186
IRS2->-FLT4 TP53->-IRS2 TP53->-FLT4 (2) 
 723 885
FLT4-/-PIK3CA TP53->-FLT4 TP53->-PIK3CA (2) 
 723 1005
PIK3CA-/-RECQL4 (2) 
 723 821
ASXL2->-TBX3 (2) 
 729 1239
CDH1->-ASXL2 (2) 
 730 777
ASXL2->-ARID1A (2) 
 730 855
DDR2->-PIK3CA (2) 
 731 795
FOXA1->-ARID1B (2) 
 731 802
ARID1B->-KMT2A ARID1B->-PIK3CA PIK3CA->-KMT2A (2) 
 731 1024
ARID1B->-KDR (2) 
 731 747
KDR->-KMT2A (2) 
 731 1201
KDM6A->-KDR KDM6A->-PIK3CA PIK3CA->-KDR (2) 
 731 821
GPS2->-JAK2 (2) 
 732 829
EPHA5->-TP53 (2) 
 739 990
PIK3CA->-MYCN (2) 
 744 745
GATA3->-NOTCH4 PIK3CA->-NOTCH4 GATA3->-PIK3CA (2) 
 745 1021
GATA3->-HIST1H1C (2) 
 745 1291
GATA3->-ASXL1 (2) 
 745 1001
GATA3->-DICER1 (2) 
 745 1052
PIK3CA->-SHQ1 (2) 
 745 1059
STK11->-CDH1 STK11->-PIK3CA CDH1->-PIK3CA (2) 
 747 1082
STK11->-PTCH1 (2) 
 747 778
MAP2K2->-KMT2C (2) 
 747 1203
ARID1B->-GATA3 (2) 
 747 802
RAD52->-GATA3 (2) 
 747 1200
BLM->-GATA3 (2) 
 747 1148
RAD52->-PIK3CA RAD52->-CDH1 CDH1->-PIK3CA (2) 
 747 784
TP53->-MALT1 (2) 
 755 1127
MAP3K1->-FANCA (2) 
 757 1274
MAP3K1->-ALK (2) 
 757 816
MAP3K1->-KLF4 (2) 
 758 1135
TBX3-/-ZFHX3 (2) 
 764 920
TP53->-CD79B (2) 
 765 1255
TP53->-PLCG2 (2) 
 765 892
TP53->-SMAD4 (2) 
 766 822
PBRM1->-ERBB3 (2) 
 766 924
TBX3->-NCOA3 (2) 
 767 1024
TBX3->-IKZF1 (2) 
 768 1126
PTCH1->-PAK7 SOX9->-PAK7 SOX9->-PTCH1 (2) 
 768 1024
TBX3->-PAK7 PTCH1->-PAK7 TBX3->-PTCH1 (2) 
 768 1024
AKT1->-PTCH1 (2) 
 768 1100
KDM5C->-MAP3K1 (2) 
 773 1163
PIK3CA->-MEF2B (2) 
 773 1095
GLI1->-GATA3 (2) 
 776 867
CBFB->-MEN1 (2) 
 776 1121
NOTCH3->-BLM TP53->-BLM TP53->-NOTCH3 (2) 
 779 963
GATA3->-AKT1 (2) 
 781 941
SPEN->-PTPRD (2) 
 783 1275
IDH1->-SETD2 TP53->-IDH1 TP53->-SETD2 (2) 
 784 990
CHEK2->-CREBBP (2) 
 784 904
MDC1->-CREBBP (2) 
 784 971
KMT2A->-NOTCH1 (2) 
 784 1116
MDC1->-TP53 (2) 
 784 1059
JAK1->-MDC1 (2) 
 784 1134
BRCA2->-ARID2 (2) 
 785 1217
BRCA2->-GATA3 (2) 
 785 1023
KMT2C->-ARID2 (2) 
 785 1024
KMT2C->-TNFAIP3 (2) 
 785 826
ESR1->-POLD1 (2) 
 786 1258
MDC1->-FAT1 (2) 
 786 1059
CARD11->-FAT1 (2) 
 786 1274
FAT1->-TET1 (2) 
 786 816
GATA3->-TET1 (2) 
 786 1021
CARD11->-PBRM1 (2) 
 786 885
FOXA1->-PTEN (2) 
 787 1044
PIK3CA-/-PTEN (2) 
 787 1012
STK11->-PTPRS PTPRS->-PIK3CA STK11->-PIK3CA (2) 
 789 1082
PTPRS->-MGA STK11->-PTPRS STK11->-MGA (2) 
 789 1082
RUNX1->-TBX3 CDH1->-RUNX1 CDH1->-TBX3 (2) 
 793 1276
ARAF->-PIK3CA (2) 
 795 906
PIK3CG->-CDC73 (2) 
 795 879
NF1->-ARID2 PIK3CA->-ARID2 PIK3CA->-NF1 (2) 
 796 1024
KMT2D->-FLT3 (2) 
 796 1186
PIK3CA->-LATS2 (2) 
 798 1001
EP300->-TP53 (2) 
 800 947
NFE2L2->-GATA3 (2) 
 802 1046
ARID1B->-NFE2L2 (2) 
 802 1289
MAP2K4->-FAT1 (2) 
 810 1044
PDGFRA->-ARID2 (2) 
 814 1024
PIK3R1->-NF1 (2) 
 815 880
PIK3R1->-EPHB1 (2) 
 815 1188
NF1->-EPHB1 (2) 
 815 937
EPHA5->-ALK TP53->-EPHA5 TP53->-ALK (2) 
 816 947
IRS1->-ARID2 ARID1B->-ARID2 ARID1B->-IRS1 (2) 
 816 1024
IRS1->-ARID2 AR->-ARID2 AR->-IRS1 (2) 
 816 1024
MAP3K1->-ARID1B (2) 
 816 1107
FAT1->-ARID1B TP53->-ARID1B TP53->-FAT1 (2) 
 816 1046
ARID1B->-ROS1 TP53->-ROS1 TP53->-ARID1B (2) 
 816 1238
MAP3K1->-PIK3R1 (2) 
 816 1182
MAP3K1->-ATRX TP53->-ATRX TP53->-MAP3K1 (2) 
 816 889
FAT1->-IRS1 (2) 
 816 1011
TET1->-SPEN TP53->-TET1 TP53->-SPEN (2) 
 816 1223
SPEN->-ALK (2) 
 816 1203
TP53->-STAT3 (2) 
 820 1194
JAK3->-PIK3CA (2) 
 821 1022
TBX3->-ERBB3 CDH1->-ERBB3 CDH1->-TBX3 (2) 
 824 1155
TP53->-HIST1H3J (2) 
 825 895
CTCF->-TP53 (2) 
 829 1100
NF1->-NBN (2) 
 829 1234
TP53->-HIST1H3C (2) 
 829 1232
KMT2D->-MYCN (2) 
 837 924
ANKRD11->-MYCN (2) 
 837 924
NF1->-STAG2 (2) 
 848 1105
MAP2K4->-NF1 MAP2K4->-TET2 NF1->-TET2 (2) 
 848 937
CREBBP-/-GATA3 (2) 
 874 1200
JAK1->-ROS1 (2) 
 875 1134
FGFR4->-GRIN2A (2) 
 875 924
FGFR4->-CD79A (2) 
 875 880
KMT2A->-CD79A (2) 
 875 880
MGA->-BCOR (2) 
 875 990
NOTCH3->-PALB2 (2) 
 880 963
PIK3R1->-EPHA7 (2) 
 880 1194
NOTCH4->-EIF4A2 (2) 
 882 1134
TMPRSS2->-TP53 (2) 
 884 1034
KMT2C-/-MAP3K1 (2) 
 889 1003
TP53->-UPF1 (2) 
 889 1153
PIK3CA->-BTK (2) 
 893 1008
ATM->-HIST1H3J (2) 
 895 1038
MGA->-RB1 (2) 
 897 990
TBX3->-GRIN2A (2) 
 900 924
AKT1->-ERBB4 (2) 
 909 1048
KDM6A->-TP53 (2) 
 911 1066
MAP3K1->-DDR2 (2) 
 917 1274
MAP3K1->-PTEN (2) 
 917 1124
BRCA2->-TBX3 (2) 
 920 1214
RB1->-SPEN (2) 
 920 1243
RB1->-CDH1 (2) 
 920 1149
FGFR4->-ERBB3 ERBB3->-PTPRD FGFR4->-PTPRD (2) 
 924 1299
PIK3CA->-FAM175A (2) 
 929 1022
CREBBP->-NUP93 (2) 
 931 1008
TBX3->-ARID1A (2) 
 932 1274
CDH1->-CIC (2) 
 937 1261
STK11->-ARID1A (2) 
 947 1082
ALK->-ARID1A TP53->-ALK TP53->-ARID1A (2) 
 947 1202
KRAS->-ALK (2) 
 947 1203
BCOR->-RUNX1 (2) 
 952 1117
SF3B1->-RUNX1 PIK3CA->-RUNX1 PIK3CA->-SF3B1 (2) 
 952 1050
NCOR1->-BCOR (2) 
 952 1128
SF3B1->-ARID1A (2) 
 952 1291
PIK3R1->-PARP1 FANCA->-PARP1 FANCA->-PIK3R1 (2) 
 955 1289
ARID1A-/-FAT1 (2) 
 957 1274
PTEN->-TSC2 KMT2C->-TSC2 PTEN->-KMT2C (2) 
 957 1289
GATA3->-FGFR2 (2) 
 962 1087
NOTCH3->-ALK (2) 
 963 1203
PTEN->-MSH2 (2) 
 969 1155
MDC1->-KMT2C PIK3CA->-MDC1 PIK3CA->-KMT2C (2) 
 971 1203
TSC2->-MAP3K1 (2) 
 971 1289
BRCA1->-MDC1 (2) 
 971 1150
GATA3->-KMT2D (2) 
 975 1186
PPP2R1A->-ARID1A (2) 
 975 1219
NF1->-ATR (2) 
 986 1024
FLT4->-GATA3 (2) 
 987 1005
ARID1A->-FLT4 (2) 
 987 1216
KLF4->-ARID1A (2) 
 987 1219
HIST1H3I->-HNF1A PIK3CA->-HNF1A PIK3CA->-HIST1H3I (2) 
 990 1001
ROS1->-HNF1A ROS1->-HIST1H3I HIST1H3I->-HNF1A (2) 
 990 1001
PTCH1->-GLI1 PIK3CA->-GLI1 PIK3CA->-PTCH1 (2) 
 990 1024
PTCH1->-ARID2 PIK3CA->-PTCH1 PIK3CA->-ARID2 (2) 
 990 1024
PTCH1->-ATR PIK3CA->-PTCH1 PIK3CA->-ATR (2) 
 990 1024
PTPRT->-BCOR (2) 
 990 1186
KMT2D->-BCOR (2) 
 990 1186
SETD2->-BCOR (2) 
 990 1107
PTCH1->-KMT2D (2) 
 990 1309
KMT2D->-ARID1A TP53->-ARID1A TP53->-KMT2D (2) 
 990 1220
PTCH1->-BCOR PIK3CA->-BCOR PIK3CA->-PTCH1 (2) 
 990 1128
HIST1H3I->-GATA3 PIK3CA->-HIST1H3I PIK3CA->-GATA3 (2) 
 994 1001
LATS2->-GATA3 (2) 
 1001 1052
KMT2C->-ERBB2 ERBB2->-PIK3CA KMT2C->-PIK3CA (2) 
 1003 1047
MAP3K1-/-PIK3CA (2) 
 1003 1238
PIK3CA->-HIST1H3J (2) 
 1008 1038
PIK3CA->-ALOX12B (2) 
 1013 1129
ARID2-/-DDR2 (2) 
 1014 1274
JAK3->-RAD21 TP53->-RAD21 TP53->-JAK3 (2) 
 1022 1222
KMT2C->-GLI1 (2) 
 1024 1125
KMT2C->-PDGFRA (2) 
 1024 1047
ERBB2->-PDGFRA (2) 
 1024 1047
AR->-KMT2A AR->-PIK3CA PIK3CA->-KMT2A (2) 
 1024 1186
PDGFRA->-KMT2A PDGFRA->-PTPRS PTPRS->-KMT2A AR->-PDGFRA AR->-KMT2A AR->-PTPRS (2) 
 1024 1186
ERBB2->-PTPRS CDH1->-PTPRS CDH1->-ERBB2 (2) 
 1024 1082
IRS1->-PTCH1 (2) 
 1024 1309
ARID2->-PIK3CG (2) 
 1034 1251
PIK3CA->-AXIN1 (2) 
 1036 1183
PALB2->-PIK3CA (2) 
 1037 1149
GATA3-/-SPEN (2) 
 1038 1313
PTPRS->-GATA3 (2) 
 1038 1113
STAG2->-MAP3K1 (2) 
 1039 1188
FAT1->-PTEN (2) 
 1044 1310
RB1->-PTPRD TP53->-PTPRD TP53->-RB1 (2) 
 1054 1249
CBFB->-SF3B1 (2) 
 1058 1135
DNMT3A->-NSD1 TP53->-DNMT3A TP53->-NSD1 (2) 
 1059 1295
PIK3CB->-RAD54L (2) 
 1059 1309
MDC1->-RAD54L PIK3CA->-RAD54L PIK3CA->-MDC1 (2) 
 1059 1203
PIK3CA->-PIK3R3 (2) 
 1078 1307
CDH1->-MGA MGA->-PIK3CA CDH1->-PIK3CA (2) 
 1082 1308
PTEN->-INPPL1 (2) 
 1092 1178
KMT2B->-KMT2A (2) 
 1094 1186
KMT2D->-FOXP1 (2) 
 1097 1186
PTCH1-/-TP53 (2) 
 1100 1175
ARID1A->-ALK (2) 
 1102 1203
FLT4-/-NOTCH4 TP53->-NOTCH4 TP53->-FLT4 (2) 
 1114 1305
AKT1->-SPEN (2) 
 1115 1313
MAP3K1->-RUNX1 (2) 
 1124 1287
LATS1->-TP53 (2) 
 1125 1159
RET->-PIK3CA (2) 
 1126 1186
MDC1->-APC NOTCH4->-MDC1 NOTCH4->-APC (2) 
 1134 1203
TP53->-EED (2) 
 1134 1160
JAK1->-PDGFRB (2) 
 1134 1217
TP53->-PARK2 (2) 
 1143 1238
RB1->-HIST1H3G (2) 
 1149 1243
ARID1A-/-DDR2 (2) 
 1153 1274
CDKN1B->-ESR1 CDKN1B->-PIK3CA ESR1->-PIK3CA (2) 
 1157 1187
TP53->-EGFL7 (2) 
 1181 1220
KMT2B->-PTPRS (2) 
 1186 1256
KMT2B->-PIK3CA (2) 
 1186 1187
PIK3R1->-MAP3K1 (2) 
 1188 1289
PIK3CA->-XPO1 CDH1->-XPO1 CDH1->-PIK3CA (2) 
 1203 1285
ARID1A->-XPO1 (2) 
 1203 1220
NFE2L2-/-PDGFRB (2) 
 1217 1289
FANCA->-MED12 (2) 
 1220 1289
LATS1->-PIK3CA (2) 
 1237 1273
ERBB3->-ARID2 (2) 
 1251 1274
TNFAIP3->-NF1 (2) 
 1263 1272
