pattern,n_nodes,n_edges,s_exp,s_theta,pval_exp,pval_theta
CDH1->-PIK3CA,2,1,100.000000,99,3.332223e-04,
TP53->-PIK3CA,2,1,84.000000,83,1.602432e-02,
PIK3CA->-TP53,2,1,68.434553,66,6.796163e-01,
MAP3K1->-PIK3CA,2,1,48.000000,47,2.980045e-02,
PIK3CA->-GATA3,2,1,41.155500,38,2.215323e-01,
TP53->-PTEN,2,1,38.000000,38,3.430491e-04,
GATA3->-PIK3CA,2,1,35.666667,34,6.896698e-01,
PIK3CA->-KMT2C,2,1,33.500000,33,2.701333e-02,
PIK3CA->-MAP3K1,2,1,33.000000,32,9.332098e-01,
CBFB->-PIK3CA,2,1,32.500000,32,2.541932e-06,
TP53->-KMT2C,2,1,29.400000,29,3.397892e-04,
PIK3CA->-KMT2C TP53->-KMT2C TP53->-PIK3CA,3,3,4.500000,4,5.630307e-02,
PIK3CA->-KMT2C PIK3CA->-TP53 TP53->-KMT2C,3,3,3.000000,3,2.925762e-01,
PIK3CA->-CDH1,2,1,28.500000,28,1.000000e+00,
PIK3CA->-ESR1,2,1,27.505464,26,2.587948e-02,
TP53->-NF1,2,1,27.000000,27,2.642084e-03,
PIK3CA->-FOXA1,2,1,27.000000,27,3.658363e-03,
CDH1->-TP53,2,1,25.666667,25,8.047280e-02,
CDH1->-PIK3CA CDH1->-TP53 TP53->-PIK3CA,3,3,2.000000,2,6.048377e-01,
CDH1->-PIK3CA CDH1->-TP53 PIK3CA->-TP53,3,3,2.534553,1,3.272750e-01,
TP53->-KMT2D,2,1,24.000000,24,3.337104e-04,
TP53->-MAP3K1,2,1,23.903146,23,3.667635e-04,
MAP3K1->-PIK3CA TP53->-MAP3K1 TP53->-PIK3CA,3,3,2.500000,2,1.580948e-01,
PIK3CA->-MAP3K1 PIK3CA->-TP53 TP53->-MAP3K1,3,3,2.000000,2,3.264647e-01,
CDH1->-KMT2C,2,1,23.500000,23,4.165411e-04,
CDH1->-KMT2C CDH1->-PIK3CA PIK3CA->-KMT2C,3,3,7.000000,7,2.192796e-03,
CDH1->-KMT2C CDH1->-TP53 TP53->-KMT2C,3,3,2.000000,2,3.119274e-01,
CBFB->-GATA3,2,1,21.000000,21,1.255216e-04,
CBFB->-GATA3 CBFB->-PIK3CA PIK3CA->-GATA3,3,3,5.000000,5,4.252870e-02,
CBFB->-GATA3 CBFB->-PIK3CA GATA3->-PIK3CA,3,3,5.666667,5,1.222332e-02,
TP53->-RB1,2,1,21.000000,21,3.593454e-03,
PIK3CA->-ARID1A,2,1,20.166667,18,1.748006e-01,
KMT2C->-PIK3CA,2,1,20.000000,18,9.650245e-01,
KMT2C->-PIK3CA TP53->-KMT2C TP53->-PIK3CA,3,3,2.500000,1,4.019464e-01,
CDH1->-KMT2C CDH1->-PIK3CA KMT2C->-PIK3CA,3,3,4.500000,4,6.217447e-02,
PIK3CA->-FAT1,2,1,19.253606,18,6.437340e-04,
CDH1->-MAP3K1,2,1,19.000000,19,6.117082e-04,
CDH1->-MAP3K1 CDH1->-PIK3CA MAP3K1->-PIK3CA,3,3,4.000000,4,2.104146e-01,
CDH1->-MAP3K1 CDH1->-PIK3CA PIK3CA->-MAP3K1,3,3,8.000000,8,9.490482e-04,
CDH1->-MAP3K1 CDH1->-TP53 TP53->-MAP3K1,3,3,3.000000,3,1.620370e-02,
PIK3CA->-SF3B1,2,1,19.000000,19,5.628336e-06,
AKT1->-TP53,2,1,19.000000,19,1.119178e-05,
TP53->-CDH1,2,1,19.000000,19,7.501398e-01,
CDH1->-PIK3CA TP53->-CDH1 TP53->-PIK3CA,3,3,5.000000,5,3.309161e-02,
CDH1->-KMT2C TP53->-CDH1 TP53->-KMT2C,3,3,2.500000,2,1.218062e-01,
CDH1->-ERBB2,2,1,18.928571,18,4.806577e-02,
CDH1->-FOXA1,2,1,18.665753,18,9.289842e-04,
CDH1->-FOXA1 CDH1->-PIK3CA PIK3CA->-FOXA1,3,3,8.000000,8,3.053590e-04,
TP53->-NCOR1,2,1,18.661458,18,9.370277e-03,
PIK3CA->-RUNX1,2,1,18.600000,18,1.404617e-02,
TP53->-FAT1,2,1,18.000000,18,3.541915e-04,
PIK3CA->-FAT1 TP53->-FAT1 TP53->-PIK3CA,3,3,4.000000,4,3.414617e-02,
PIK3CA->-FAT1 PIK3CA->-TP53 TP53->-FAT1,3,3,3.000000,3,1.412568e-01,
CDH1->-TBX3,2,1,17.500000,17,2.764663e-02,
TP53->-GATA3,2,1,17.256098,17,1.204424e-02,
PIK3CA->-GATA3 TP53->-GATA3 TP53->-PIK3CA,3,3,2.500000,2,1.358955e-01,
PIK3CA->-GATA3 PIK3CA->-TP53 TP53->-GATA3,3,3,3.121951,3,4.359739e-02,
MAP2K4->-PIK3CA,2,1,17.166667,16,4.792153e-02,
PIK3CA->-NCOR1,2,1,17.100000,16,3.755659e-01,
TBX3->-PIK3CA,2,1,17.000000,17,2.428013e-01,
CDH1->-PIK3CA CDH1->-TBX3 TBX3->-PIK3CA,3,3,5.000000,5,4.282532e-02,
TP53->-ARID1A,2,1,17.000000,16,8.535901e-04,
PIK3CA->-ARID1A PIK3CA->-TP53 TP53->-ARID1A,3,3,2.500000,2,7.951195e-02,
ESR1->-PIK3CA,2,1,16.500000,16,9.301716e-01,
CDH1->-ARID1A,2,1,16.100000,15,4.430277e-03,
CDH1->-ARID1A CDH1->-PIK3CA PIK3CA->-ARID1A,3,3,4.500000,4,7.787717e-02,
CDH1->-ARID1A PIK3CA->-ARID1A PIK3CA->-CDH1,3,3,2.000000,2,6.643906e-01,
NCOR1->-PIK3CA,2,1,16.000000,16,5.485989e-01,
NCOR1->-PIK3CA TP53->-NCOR1 TP53->-PIK3CA,3,3,3.000000,3,1.183249e-01,
CDH1->-RUNX1,2,1,15.000000,15,5.730639e-02,
CDH1->-PIK3CA CDH1->-RUNX1 PIK3CA->-RUNX1,3,3,4.600000,4,2.140107e-02,
CDH1->-RUNX1 PIK3CA->-CDH1 PIK3CA->-RUNX1,3,3,2.000000,2,5.202221e-01,
CDH1->-NCOR1,2,1,15.000000,15,1.632979e-02,
CDH1->-NCOR1 TP53->-CDH1 TP53->-NCOR1,3,3,2.000000,2,3.587996e-01,
CDH1->-NCOR1 CDH1->-PIK3CA PIK3CA->-NCOR1,3,3,2.600000,2,2.128609e-01,
CDH1->-NCOR1 CDH1->-PIK3CA NCOR1->-PIK3CA,3,3,4.000000,4,5.489517e-02,
TP53->-ARID2,2,1,15.000000,15,3.339279e-04,
TP53->-PIK3R1,2,1,15.000000,15,3.312386e-03,
PIK3CA->-TBX3,2,1,14.500000,14,5.789713e-01,
CDH1->-PIK3CA CDH1->-TBX3 PIK3CA->-TBX3,3,3,3.000000,3,3.417733e-01,
ARID1A->-PIK3CA,2,1,14.500000,14,8.533706e-01,
ARID1A->-PIK3CA CDH1->-ARID1A CDH1->-PIK3CA,3,3,5.500000,5,2.220075e-02,
PIK3CA->-KMT2D,2,1,14.333333,14,1.115543e-02,
PIK3CA->-KMT2D TP53->-KMT2D TP53->-PIK3CA,3,3,3.333333,3,8.165015e-02,
PIK3CA->-KMT2D PIK3CA->-TP53 TP53->-KMT2D,3,3,5.000000,5,1.086070e-02,
TP53->-ATR,2,1,14.000000,13,7.773965e-04,
TP53->-PTPRD,2,1,13.903458,13,3.428128e-04,
TP53->-RUNX1,2,1,13.500000,13,2.526320e-02,
PIK3CA->-RUNX1 PIK3CA->-TP53 TP53->-RUNX1,3,3,2.000000,2,1.956019e-01,
CDH1->-RUNX1 CDH1->-TP53 TP53->-RUNX1,3,3,2.000000,2,7.407407e-02,
TP53->-BRCA2,2,1,13.500000,13,4.596235e-04,
TP53->-NSD1,2,1,13.000000,12,3.678143e-04,
PIK3CA->-ATR,2,1,13.000000,12,4.320816e-03,
PIK3CA->-ATR PIK3CA->-TP53 TP53->-ATR,3,3,2.500000,2,6.946531e-02,
TP53->-KMT2A,2,1,13.000000,13,3.526341e-04,
CDH1->-ESR1,2,1,13.000000,13,5.979235e-02,
CDH1->-ESR1 CDH1->-PIK3CA PIK3CA->-ESR1,3,3,4.000000,4,5.486968e-03,
PIK3CA->-PTEN,2,1,13.000000,13,3.852339e-01,
PIK3CA->-PTEN TP53->-PIK3CA TP53->-PTEN,3,3,2.000000,2,4.036293e-01,
PIK3CA->-PTEN PIK3CA->-TP53 TP53->-PTEN,3,3,6.000000,6,8.951610e-04,
TP53->-CREBBP,2,1,12.666667,12,9.350882e-04,
TP53->-STAG2,2,1,12.500000,12,2.993357e-03,
TP53->-FLT4,2,1,12.000000,12,3.378282e-04,
PIK3CA->-SPEN,2,1,12.000000,12,3.329170e-02,
TP53->-APC,2,1,12.000000,12,4.981872e-04,
MEN1->-GATA3,2,1,12.000000,12,2.441406e-04,
NF1->-PIK3CA,2,1,12.000000,12,2.613158e-01,
NF1->-PIK3CA TP53->-NF1 TP53->-PIK3CA,3,3,3.000000,3,2.463379e-01,
NF1->-TP53,2,1,12.000000,12,9.843599e-01,
NF1->-PIK3CA NF1->-TP53 TP53->-PIK3CA,3,3,4.000000,4,8.159133e-02,
PTEN->-PIK3CA,2,1,11.900000,11,5.546429e-01,
TP53->-ALK,2,1,11.697406,11,3.439769e-04,
TP53->-TBX3,2,1,11.505208,11,4.402322e-02,
PTEN->-TP53,2,1,11.500000,11,9.998662e-01,
MAP3K1->-GATA3,2,1,11.500000,11,4.433479e-01,
GATA3->-PIK3CA MAP3K1->-GATA3 MAP3K1->-PIK3CA,3,3,5.000000,4,7.906714e-02,
MAP3K1->-GATA3 PIK3CA->-GATA3 PIK3CA->-MAP3K1,3,3,2.000000,2,7.193249e-01,
CDH1->-CBFB,2,1,11.500000,11,1.601856e-01,
CBFB->-PIK3CA CDH1->-CBFB CDH1->-PIK3CA,3,3,5.000000,5,6.345300e-03,
FOXA1->-PIK3CA,2,1,11.500000,11,9.920245e-01,
CDH1->-FOXA1 CDH1->-PIK3CA FOXA1->-PIK3CA,3,3,3.000000,3,3.615523e-01,
TP53->-ESR1,2,1,11.400000,11,1.294238e-03,
TP53->-FOXA1,2,1,11.170962,10,1.878754e-02,
PIK3CA->-FOXA1 TP53->-FOXA1 TP53->-PIK3CA,3,3,3.000000,3,1.114040e-01,
PIK3CA->-FOXA1 PIK3CA->-TP53 TP53->-FOXA1,3,3,2.000000,2,3.562517e-01,
CDH1->-FOXA1 TP53->-CDH1 TP53->-FOXA1,3,3,2.000000,2,1.537029e-01,
PIK3CA->-PTPRT,2,1,11.076369,10,6.174439e-03,
PIK3CA->-ATM,2,1,11.000000,11,1.869562e-01,
PIK3CA->-RICTOR,2,1,11.000000,10,7.519066e-04,
TP53->-ATM,2,1,11.000000,11,5.282998e-04,
PIK3CA->-ATM PIK3CA->-TP53 TP53->-ATM,3,3,3.000000,3,5.299044e-02,
TP53->-CDKN2A,2,1,11.000000,11,9.579281e-03,
PIK3CA->-RB1,2,1,11.000000,11,2.091000e-01,
PIK3CA->-RB1 TP53->-PIK3CA TP53->-RB1,3,3,2.000000,2,3.880998e-01,
PIK3CA->-RB1 PIK3CA->-TP53 TP53->-RB1,3,3,4.000000,4,2.922083e-02,
TP53->-FBXW7,2,1,11.000000,11,2.362850e-03,
TP53->-ERBB3,2,1,11.000000,11,3.409984e-04,
TP53->-SETD2,2,1,10.750000,10,3.449264e-04,
TP53->-NOTCH4,2,1,10.697674,10,3.360650e-04,
PIK3CA->-NOTCH4,2,1,10.666667,10,6.351129e-03,
PIK3CA->-NOTCH4 PIK3CA->-TP53 TP53->-NOTCH4,3,3,3.697674,3,1.236938e-03,
TP53->-PTPRS,2,1,10.665753,10,3.377412e-04,
GATA3->-MAP3K1,2,1,10.500000,10,6.101552e-01,
GATA3->-MAP3K1 GATA3->-PIK3CA MAP3K1->-PIK3CA,3,3,3.000000,3,4.413672e-01,
GATA3->-MAP3K1 GATA3->-PIK3CA PIK3CA->-MAP3K1,3,3,4.000000,4,2.112031e-01,
ESR1->-GATA3,2,1,10.500000,10,2.046770e-01,
ESR1->-GATA3 PIK3CA->-ESR1 PIK3CA->-GATA3,3,3,3.000000,3,1.146166e-01,
PIK3CA->-KMT2A,2,1,10.500000,10,2.675607e-02,
PIK3CA->-KMT2A TP53->-KMT2A TP53->-PIK3CA,3,3,3.000000,3,1.845042e-02,
TP53->-EPHA5,2,1,10.359794,10,2.463756e-03,
GATA3->-ARID1A,2,1,10.333333,10,3.611929e-01,
GATA3->-ARID1A PIK3CA->-ARID1A PIK3CA->-GATA3,3,3,2.166667,2,1.344637e-01,
GATA3->-ARID1A GATA3->-PIK3CA PIK3CA->-ARID1A,3,3,2.500000,2,1.094143e-01,
TP53->-EP300,2,1,10.256098,10,2.811558e-03,
TP53->-MED12,2,1,10.230067,9,4.838689e-03,
TP53->-CARD11,2,1,10.000000,10,2.030584e-03,
TP53->-ATRX,2,1,10.000000,10,6.353142e-04,
TP53->-NOTCH2,2,1,10.000000,10,6.135033e-04,
TP53->-BARD1,2,1,10.000000,10,3.619284e-04,
TP53->-ARID1B,2,1,10.000000,10,2.058489e-02,
CDH1->-PTEN,2,1,10.000000,10,2.483250e-01,
ERBB2->-CDH1,2,1,10.000000,10,9.557874e-01,
TP53->-MAP2K4,2,1,10.000000,10,1.562602e-01,
CDH1->-GATA3,2,1,10.000000,10,8.379488e-03,
CDH1->-GATA3 CDH1->-PIK3CA PIK3CA->-GATA3,3,3,3.451220,3,2.472154e-02,
CDH1->-GATA3 PIK3CA->-CDH1 PIK3CA->-GATA3,3,3,2.000000,2,3.064222e-01,
CDH1->-ESR1 CDH1->-GATA3 ESR1->-GATA3,3,3,3.000000,3,4.629630e-03,
CDH1->-ESR1 CDH1->-GATA3 CDH1->-PIK3CA ESR1->-GATA3 PIK3CA->-ESR1 PIK3CA->-GATA3,4,6,2.000000,2,1.736111e-03,
PIK3CA->-CREBBP,2,1,9.666667,9,8.011230e-02,
PIK3CA->-CREBBP TP53->-CREBBP TP53->-PIK3CA,3,3,2.666667,2,1.593300e-02,
PIK3CA->-NF1,2,1,9.666667,9,6.264159e-01,
PIK3CA->-NF1 TP53->-NF1 TP53->-PIK3CA,3,3,2.666667,2,2.584152e-01,
PIK3CA->-NF1 PIK3CA->-TP53 TP53->-NF1,3,3,2.000000,2,5.361244e-01,
TP53->-PTPRT,2,1,9.576369,9,1.255637e-03,
PIK3CA->-PTPRT TP53->-PIK3CA TP53->-PTPRT,3,3,2.576369,2,6.168113e-02,
PIK3CA->-PTPRT PIK3CA->-TP53 TP53->-PTPRT,3,3,4.000000,4,6.347008e-03,
PIK3CA->-FLT4,2,1,9.500000,9,1.368105e-02,
PIK3CA->-FLT4 PIK3CA->-TP53 TP53->-FLT4,3,3,2.000000,2,8.119462e-02,
TP53->-ARID5B,2,1,9.500000,9,5.163574e-04,
KMT2C->-MAP3K1,2,1,9.500000,9,3.668589e-01,
KMT2C->-MAP3K1 PIK3CA->-KMT2C PIK3CA->-MAP3K1,3,3,4.000000,4,1.324691e-01,
KMT2C->-MAP3K1 KMT2C->-PIK3CA MAP3K1->-PIK3CA,3,3,2.500000,2,4.307256e-01,
ERBB2->-PIK3CA,2,1,9.500000,9,3.508522e-01,
CDH1->-ERBB2 CDH1->-PIK3CA ERBB2->-PIK3CA,3,3,4.500000,4,2.068288e-02,
PIK3CA->-MAP2K4,2,1,9.500000,9,9.188055e-01,
TP53->-SPEN,2,1,9.400000,9,2.357154e-02,
PIK3CA->-SPEN PIK3CA->-TP53 TP53->-SPEN,3,3,3.000000,3,9.566726e-03,
TP53->-EPHB1,2,1,9.000000,9,1.234896e-03,
CDH1->-MAP2K4,2,1,9.000000,9,2.036746e-02,
CDH1->-MAP2K4 CDH1->-TP53 TP53->-MAP2K4,3,3,2.000000,2,1.776413e-02,
CDH1->-CDK12 CDH1->-TP53 TP53->-CDK12,3,3,2.000000,2,1.144507e-03,
CDH1->-MAP2K4 PIK3CA->-CDH1 PIK3CA->-MAP2K4,3,3,2.000000,2,2.095744e-01,
ARID1A->-GATA3,2,1,9.000000,9,6.168145e-01,
ARID1A->-GATA3 ARID1A->-PIK3CA PIK3CA->-GATA3,3,3,2.000000,2,2.658444e-01,
AKT1->-CDH1,2,1,9.000000,9,3.882851e-01,
AKT1->-CDH1 AKT1->-TP53 CDH1->-TP53,3,3,2.666667,2,2.102623e-02,
PTEN->-NF1,2,1,9.000000,9,1.988751e-02,
PTEN->-NF1 TP53->-NF1 TP53->-PTEN,3,3,5.000000,5,6.016732e-03,
PTEN->-NF1 PTEN->-TP53 TP53->-NF1,3,3,3.000000,3,1.475329e-01,
AKT1->-GATA3,2,1,9.000000,9,7.176572e-03,
TP53->-ERCC5,2,1,9.000000,9,5.751146e-04,
TP53->-SF3B1,2,1,9.000000,9,7.275132e-04,
PIK3CA->-SF3B1 TP53->-PIK3CA TP53->-SF3B1,3,3,2.000000,2,2.496244e-01,
PIK3CA->-SF3B1 PIK3CA->-TP53 TP53->-SF3B1,3,3,4.000000,4,7.622150e-03,
TP53->-ZFHX3,2,1,9.000000,9,1.519933e-02,
KMT2C->-GATA3,2,1,9.000000,9,2.423666e-01,
TP53->-POLE,2,1,9.000000,9,5.135639e-04,
PIK3CA->-POLE,2,1,9.000000,9,2.382361e-03,
PIK3CA->-POLE PIK3CA->-TP53 TP53->-POLE,3,3,5.000000,5,4.821654e-04,
TP53->-TET2,2,1,9.000000,9,6.069048e-04,
TP53->-RICTOR,2,1,8.678626,8,3.441905e-04,
PIK3CA->-MED12,2,1,8.563401,7,3.058804e-02,
PIK3CA->-MED12 PIK3CA->-TP53 TP53->-MED12,3,3,2.000000,2,1.128150e-01,
PTEN->-KMT2C,2,1,8.500000,8,4.065171e-03,
PTEN->-KMT2C TP53->-KMT2C TP53->-PTEN,3,3,2.500000,2,1.331019e-02,
MEN1->-PIK3CA,2,1,8.500000,8,5.046047e-02,
TP53->-ROS1,2,1,8.500000,8,3.022346e-02,
PIK3CA->-ARID2,2,1,8.500000,8,4.991394e-02,
PIK3CA->-ARID2 PIK3CA->-TP53 TP53->-ARID2,3,3,4.000000,4,3.003987e-03,
TP53->-ANKRD11,2,1,8.500000,8,6.724428e-04,
PIK3CA->-CDKN1B,2,1,8.500000,7,4.459989e-01,
MAP3K1->-KMT2C,2,1,8.500000,8,5.587282e-01,
MAP3K1->-KMT2C MAP3K1->-PIK3CA PIK3CA->-KMT2C,3,3,3.000000,3,3.298974e-01,
MAP3K1->-KMT2C PIK3CA->-KMT2C PIK3CA->-MAP3K1,3,3,2.000000,2,6.241454e-01,
KMT2C->-PIK3CA MAP3K1->-KMT2C MAP3K1->-PIK3CA,3,3,2.000000,2,6.253292e-01,
TBX3->-CDH1,2,1,8.466667,8,9.548724e-01,
CDH1->-PIK3CA TBX3->-CDH1 TBX3->-PIK3CA,3,3,3.500000,3,1.897552e-01,
PIK3CA->-PTPRD,2,1,8.403458,8,6.521377e-04,
TP53->-TSC2,2,1,8.359794,8,8.821303e-03,
ATM->-PIK3CA,2,1,8.251111,8,6.488692e-01,
TP53->-BRCA1,2,1,8.169400,7,4.255215e-03,
PIK3CA->-PTCH1,2,1,8.000000,8,7.075951e-03,
CDH1->-CREBBP,2,1,8.000000,8,4.002686e-02,
CDH1->-CREBBP CDH1->-PIK3CA PIK3CA->-CREBBP,3,3,4.000000,4,1.176859e-02,
RB1->-TP53,2,1,8.000000,8,9.898589e-01,
PIK3CA->-ZFHX3,2,1,8.000000,8,2.625090e-01,
CDH1->-AKT1,2,1,8.000000,8,5.820975e-01,
NCOR1->-TP53,2,1,8.000000,8,9.753873e-01,
NCOR1->-TP53 PIK3CA->-NCOR1 PIK3CA->-TP53,3,3,2.000000,2,3.640379e-01,
CDH1->-NCOR1 CDH1->-TP53 NCOR1->-TP53,3,3,2.000000,2,3.587996e-01,
RUNX1->-PIK3CA,2,1,8.000000,8,9.824604e-01,
TP53->-BAP1,2,1,8.000000,8,6.546875e-03,
RUNX1->-CDH1,2,1,8.000000,8,9.208452e-01,
CDH1->-PIK3CA RUNX1->-CDH1 RUNX1->-PIK3CA,3,3,2.000000,2,5.202221e-01,
PIK3CA->-CDH1 RUNX1->-CDH1 RUNX1->-PIK3CA,3,3,2.000000,2,5.202221e-01,
CBFB->-MAP3K1,2,1,8.000000,8,3.934152e-02,
CBFB->-MAP3K1 CBFB->-PIK3CA MAP3K1->-PIK3CA,3,3,6.000000,6,2.095345e-04,
CBFB->-GATA3 CBFB->-MAP3K1 MAP3K1->-GATA3,3,3,2.000000,2,1.102431e-01,
CDH1->-APC,2,1,8.000000,8,2.742790e-03,
CDH1->-BRCA2,2,1,8.000000,8,8.121022e-02,
CDH1->-BRCA2 TP53->-BRCA2 TP53->-CDH1,3,3,2.000000,2,3.180421e-02,
CDH1->-NF1,2,1,8.000000,8,2.141373e-01,
CDH1->-NF1 CDH1->-PIK3CA PIK3CA->-NF1,3,3,3.000000,3,1.156688e-01,
PTEN->-CDH1,2,1,8.000000,8,6.153582e-01,
CDH1->-TP53 PTEN->-CDH1 PTEN->-TP53,3,3,2.000000,2,4.115295e-02,
CDH1->-MAP3K1 CDH1->-NF1 NF1->-MAP3K1 PTEN->-CDH1 PTEN->-MAP3K1 PTEN->-NF1,4,6,2.000000,2,1.251385e-03,
KMT2C->-TP53,2,1,8.000000,8,9.993929e-01,
PTEN->-MAP3K1,2,1,8.000000,8,5.420194e-02,
PTEN->-MAP3K1 TP53->-MAP3K1 TP53->-PTEN,3,3,2.000000,2,1.302910e-01,
MAP3K1->-PIK3CA PTEN->-MAP3K1 PTEN->-PIK3CA,3,3,2.000000,2,1.474277e-02,
CDH1->-PTPRD,2,1,7.986220,7,4.351952e-03,
CDH1->-PTPRD CDH1->-TP53 TP53->-PTPRD,3,3,2.500000,2,3.442436e-02,
CDH1->-PTPRD TP53->-CDH1 TP53->-PTPRD,3,3,2.486220,2,3.791577e-02,
CDH1->-PIK3CA CDH1->-PTPRD PIK3CA->-PTPRD,3,3,2.000000,2,1.052751e-01,
CDH1->-PTPRD PIK3CA->-CDH1 PIK3CA->-PTPRD,3,3,2.000000,2,1.046966e-01,
PIK3CA->-PTPRS,2,1,7.680934,7,8.287780e-02,
PIK3CA->-PTPRS PIK3CA->-TP53 TP53->-PTPRS,3,3,3.000000,3,5.753897e-03,
PIK3CA->-ERBB2,2,1,7.666667,7,6.560279e-01,
CDH1->-ERBB2 CDH1->-PIK3CA PIK3CA->-ERBB2,3,3,4.000000,4,5.655754e-02,
TP53->-NOTCH1,2,1,7.664787,7,1.632998e-03,
PIK3CA->-DICER1,2,1,7.500000,7,3.395272e-03,
FOXA1->-MAP3K1,2,1,7.500000,7,1.393833e-01,
FOXA1->-MAP3K1 PIK3CA->-FOXA1 PIK3CA->-MAP3K1,3,3,3.000000,3,1.216982e-01,
CDH1->-FOXA1 CDH1->-MAP3K1 CDH1->-PIK3CA FOXA1->-MAP3K1 PIK3CA->-FOXA1 PIK3CA->-MAP3K1,4,6,2.000000,2,5.063657e-03,
FOXA1->-MAP3K1 FOXA1->-PIK3CA PIK3CA->-MAP3K1,3,3,2.000000,2,3.708874e-01,
FOXA1->-MAP3K1 TP53->-FOXA1 TP53->-MAP3K1,3,3,3.255208,3,2.103383e-03,
PIK3CA->-MGA,2,1,7.500000,7,3.697871e-01,
CTCF->-PIK3CA,2,1,7.326531,7,9.479009e-02,
CDH1->-SPEN,2,1,7.266667,7,8.575754e-02,
CDH1->-PIK3CA CDH1->-SPEN PIK3CA->-SPEN,3,3,2.000000,2,7.357085e-02,
MAP3K1->-ARID1A,2,1,7.000000,7,9.509851e-02,
MAP3K1->-ARID1A MAP3K1->-PIK3CA PIK3CA->-ARID1A,3,3,3.500000,3,2.916798e-02,
GATA3->-ARID1A MAP3K1->-ARID1A MAP3K1->-GATA3,3,3,3.000000,3,4.629630e-03,
GATA3->-ARID1A GATA3->-PIK3CA MAP3K1->-ARID1A MAP3K1->-GATA3 MAP3K1->-PIK3CA PIK3CA->-ARID1A,4,6,2.000000,2,5.063657e-03,
TP53->-KDM6A,2,1,7.000000,7,3.711424e-02,
PIK3CA->-BRCA2,2,1,7.000000,7,1.309577e-01,
CDH1->-BRCA2 CDH1->-PIK3CA CDH1->-TBX3 PIK3CA->-BRCA2 TBX3->-BRCA2 TBX3->-PIK3CA,4,6,2.000000,2,1.041320e-03,
CDH1->-EPHB1,2,1,7.000000,7,2.531784e-03,
CDH1->-EPHB1 CDH1->-TP53 TP53->-EPHB1,3,3,3.000000,3,1.741703e-03,
TP53->-GRIN2A,2,1,7.000000,7,2.224230e-03,
MAP2K4->-GATA3,2,1,7.000000,7,4.470299e-02,
MAP2K4->-GATA3 MAP2K4->-PIK3CA PIK3CA->-GATA3,3,3,2.000000,2,3.588459e-02,
GATA3->-TP53,2,1,7.000000,6,9.799512e-01,
TP53->-DNMT1,2,1,7.000000,7,1.090976e-03,
PIK3CA->-DNMT3A,2,1,7.000000,7,2.034440e-02,
GATA3->-SPEN,2,1,7.000000,7,2.031068e-01,
CBFB->-CDH1,2,1,7.000000,7,8.764595e-01,
CBFB->-CDH1 CBFB->-PIK3CA CDH1->-PIK3CA,3,3,2.000000,2,4.201304e-01,
PIK3CA->-MDC1,2,1,7.000000,7,9.757930e-02,
CDH1->-KMT2A,2,1,7.000000,7,3.459955e-02,
RB1->-PIK3CA,2,1,7.000000,7,8.608287e-01,
PIK3CA->-BCOR,2,1,7.000000,7,9.485838e-02,
CDH1->-KMT2D,2,1,7.000000,7,1.540402e-02,
CDH1->-KMT2D CDH1->-PIK3CA PIK3CA->-KMT2D,3,3,2.000000,2,2.192550e-01,
CDH1->-KMT2D PIK3CA->-CDH1 PIK3CA->-KMT2D,3,3,2.000000,2,2.174366e-01,
NCOR1->-GATA3,2,1,7.000000,7,1.401890e-02,
TP53->-PDGFRA,2,1,7.000000,7,7.381346e-03,
TP53->-MDC1,2,1,7.000000,7,2.932416e-02,
PIK3CA->-MDC1 PIK3CA->-TP53 TP53->-MDC1,3,3,3.000000,3,2.908149e-02,
TP53->-BCOR,2,1,7.000000,7,1.433103e-03,
PIK3CA->-BCOR PIK3CA->-PTEN PIK3CA->-TP53 PTEN->-BCOR TP53->-BCOR TP53->-PTEN,4,6,2.000000,2,1.587471e-03,
CDH1->-ERBB3,2,1,7.000000,7,3.415392e-02,
TP53->-PALB2,2,1,7.000000,7,4.433165e-03,
TP53->-INSR,2,1,7.000000,7,4.040963e-03,
TP53->-DDR2,2,1,7.000000,7,5.327838e-03,
TP53->-PIK3C2G,2,1,7.000000,7,6.645687e-04,
PIK3CA->-KDR,2,1,6.951220,6,9.498458e-03,
TP53->-SOX17,2,1,6.666667,6,6.499828e-03,
PTEN->-PIK3R1,2,1,6.666667,6,1.900280e-02,
PTEN->-PIK3R1 TP53->-PIK3R1 TP53->-PTEN,3,3,4.000000,4,5.338806e-04,
MAP2K4->-TP53,2,1,6.666667,6,7.273880e-01,
TP53->-PIK3CG,2,1,6.666667,6,2.328023e-03,
CDH1->-PTPRS,2,1,6.665753,6,4.493223e-03,
PIK3CA->-EPHA5,2,1,6.639344,6,1.715137e-02,
PIK3CA->-EPHA5 TP53->-EPHA5 TP53->-PIK3CA,3,3,2.639344,2,1.273658e-02,
PIK3CA->-PIK3C2G,2,1,6.611111,6,7.043051e-03,
PIK3CA->-PIK3C2G PIK3CA->-TP53 TP53->-PIK3C2G,3,3,2.000000,2,7.724149e-02,
PIK3CA->-ANKRD11,2,1,6.523810,5,5.409150e-02,
PIK3CA->-ANKRD11 TP53->-ANKRD11 TP53->-PIK3CA,3,3,3.023810,2,1.246641e-03,
PIK3CA->-ARID5B,2,1,6.500000,6,1.880186e-02,
PIK3CA->-ARID5B TP53->-ARID5B TP53->-PIK3CA,3,3,2.000000,2,6.603203e-02,
ANKRD11->-ARID5B,2,1,2.000000,2,1.777741e-01,
PIK3CA->-ARID5B PIK3CA->-TP53 TP53->-ARID5B,3,3,2.000000,2,6.729405e-02,
MAP3K1->-ERBB3,2,1,6.500000,6,4.187496e-03,
MAP3K1->-TBX3,2,1,6.500000,6,9.351928e-02,
MAP3K1->-PIK3CA MAP3K1->-TBX3 PIK3CA->-TBX3,3,3,2.500000,2,4.917297e-02,
PIK3CA->-RAD50,2,1,6.500000,6,4.173481e-02,
PIK3CA->-NSD1,2,1,6.500000,6,7.976211e-02,
TP53->-MTOR,2,1,6.500000,6,1.696245e-02,
ESR1->-ARID1A,2,1,6.500000,6,9.516679e-02,
ESR1->-ARID1A PIK3CA->-ARID1A PIK3CA->-ESR1,3,3,3.000000,3,4.416652e-03,
CDH1->-SETD2,2,1,6.500000,6,7.837302e-03,
BRCA1->-SETD2 CDH1->-BRCA1 CDH1->-SETD2 TP53->-BRCA1 TP53->-CDH1 TP53->-SETD2,4,6,2.000000,2,1.636905e-03,
CDKN1B->-PIK3CA,2,1,6.500000,6,8.037175e-01,
PIK3CA->-CARD11,2,1,6.500000,6,6.064588e-03,
APC->-CARD11 APC->-MGA MGA->-CARD11 PIK3CA->-APC PIK3CA->-CARD11 PIK3CA->-MGA PIK3CA->-TP53 TP53->-APC TP53->-CARD11 TP53->-MGA,5,10,2.000000,2,3.915362e-04,
APC->-KMT2D APC->-MGA MGA->-KMT2D PIK3CA->-APC PIK3CA->-KMT2D PIK3CA->-MGA PIK3CA->-TP53 TP53->-APC TP53->-KMT2D TP53->-MGA,5,10,2.000000,2,4.021993e-04,
APC->-ARID2 APC->-MGA MGA->-ARID2 PIK3CA->-APC PIK3CA->-ARID2 PIK3CA->-MGA PIK3CA->-TP53 TP53->-APC TP53->-ARID2 TP53->-MGA,5,10,2.000000,2,3.954237e-04,
APC->-ATR APC->-MGA MGA->-ATR PIK3CA->-APC PIK3CA->-ATR PIK3CA->-MGA PIK3CA->-TP53 TP53->-APC TP53->-ATR TP53->-MGA,5,10,2.000000,2,4.021993e-04,
CDH1->-FAT1,2,1,6.500000,6,2.257998e-02,
CDH1->-FAT1 CDH1->-PIK3CA PIK3CA->-FAT1,3,3,2.000000,2,8.138954e-02,
TP53->-MGA,2,1,6.500000,6,1.479260e-02,
PIK3CA->-MGA TP53->-MGA TP53->-PIK3CA,3,3,3.500000,3,4.663065e-03,
PIK3CA->-ROS1,2,1,6.500000,6,9.515179e-02,
PIK3CA->-AR,2,1,6.363636,6,8.744534e-02,
ATM->-GATA3,2,1,6.352140,6,2.258216e-02,
ATM->-GATA3 ATM->-PIK3CA GATA3->-PIK3CA,3,3,2.000000,2,1.498945e-02,
PIK3CA->-IGF1R,2,1,6.219844,5,3.311670e-03,
TP53->-IGF1R,2,1,6.166667,5,1.262679e-03,
PIK3CA->-IGF1R TP53->-IGF1R TP53->-PIK3CA,3,3,2.500000,2,9.621793e-04,
GATA3->-ESR1,2,1,6.166667,5,8.706096e-01,
PIK3CA->-PLK2,2,1,6.000000,5,2.001157e-02,
TP53->-RECQL4,2,1,6.000000,6,2.294023e-02,
TP53->-PIK3CB,2,1,6.000000,6,2.856191e-03,
CDH1->-RICTOR,2,1,6.000000,6,1.012996e-02,
CDH1->-PIK3CA CDH1->-RICTOR PIK3CA->-RICTOR,3,3,3.000000,3,1.004357e-02,
PIK3CA->-ERBB3,2,1,6.000000,6,3.098809e-01,
PIK3CA->-ERBB3 TP53->-ERBB3 TP53->-PIK3CA,3,3,2.000000,2,5.501703e-02,
MAP3K1->-ERBB3 MAP3K1->-PIK3CA PIK3CA->-ERBB3,3,3,2.000000,2,1.614164e-01,
TP53->-DNMT3A,2,1,6.000000,6,9.154716e-02,
TP53->-DOT1L,2,1,6.000000,6,1.453148e-02,
PIK3CA->-MTOR,2,1,6.000000,6,2.894031e-02,
PIK3CA->-MTOR PIK3CA->-TP53 TP53->-MTOR,3,3,2.500000,2,7.671517e-04,
KMT2C->-NCOR1,2,1,6.000000,6,8.233683e-02,
KMT2C->-NCOR1 PIK3CA->-KMT2C PIK3CA->-NCOR1,3,3,4.000000,4,3.285465e-03,
CDH1->-KMT2C CDH1->-NCOR1 KMT2C->-NCOR1,3,3,3.000000,3,3.505740e-02,
TP53->-RAD50,2,1,6.000000,6,1.224900e-02,
PIK3CA->-RAD50 TP53->-PIK3CA TP53->-RAD50,3,3,2.000000,2,2.168218e-02,
PIK3CA->-RAD50 PIK3CA->-TP53 TP53->-RAD50,3,3,2.000000,2,2.408069e-02,
TP53->-STK11,2,1,6.000000,6,3.419717e-02,
PIK3CA->-CIC,2,1,6.000000,6,1.015684e-02,
PIK3CA->-MST1R,2,1,6.000000,6,1.200121e-03,
PIK3CA->-FGFR2,2,1,6.000000,6,2.822839e-02,
PIK3CA->-EPHB1,2,1,6.000000,6,4.312656e-02,
PIK3CA->-EPHB1 TP53->-EPHB1 TP53->-PIK3CA,3,3,2.000000,2,1.245793e-01,
PIK3CA->-EPHB1 PIK3CA->-TP53 TP53->-EPHB1,3,3,2.000000,2,1.245793e-01,
ATRX->-EPHB1 PIK3CA->-ATRX PIK3CA->-EPHB1,3,3,2.000000,2,2.431262e-02,
HNF1A->-EPHB1,2,1,2.000000,2,2.391975e-01,
CDH1->-EPHB1 CDH1->-PIK3CA PIK3CA->-EPHB1,3,3,3.000000,3,7.856925e-03,
AKT1->-MAP3K1,2,1,6.000000,6,2.513021e-02,
ZFHX3->-PIK3CA,2,1,6.000000,6,6.768885e-01,
MAP3K1->-TP53,2,1,6.000000,6,9.989994e-01,
PIK3CA->-NUP93,2,1,6.000000,6,3.601831e-02,
GATA3->-KMT2C,2,1,6.000000,6,8.056152e-01,
TP53->-HNF1A,2,1,6.000000,6,4.732712e-02,
MGA->-PIK3CA,2,1,6.000000,5,6.886220e-01,
TP53->-KDR,2,1,6.000000,6,9.770099e-02,
PIK3CA->-KDR TP53->-KDR TP53->-PIK3CA,3,3,2.000000,2,1.736061e-01,
PIK3CA->-KDR PIK3CA->-TP53 TP53->-KDR,3,3,3.000000,3,3.111910e-02,
GATA3->-CDKN1B,2,1,6.000000,6,1.227679e-02,
CBFB->-TP53,2,1,6.000000,6,9.005800e-02,
CBFB->-PIK3CA CBFB->-TP53 TP53->-PIK3CA,3,3,3.000000,3,1.793981e-02,
CDH1->-PTCH1,2,1,6.000000,6,6.009749e-02,
CDH1->-PIK3CA CDH1->-PTCH1 PIK3CA->-PTCH1,3,3,2.000000,2,1.201753e-01,
ESR1->-CDH1,2,1,6.000000,6,9.556737e-01,
PIK3CA->-CBFB,2,1,6.000000,6,9.999960e-01,
TP53->-NOTCH3,2,1,6.000000,6,2.337963e-02,
PIK3CA->-APC,2,1,6.000000,6,2.289372e-01,
PIK3CA->-APC PIK3CA->-TP53 TP53->-APC,3,3,4.000000,4,6.412373e-04,
CDH1->-APC CDH1->-PIK3CA PIK3CA->-APC,3,3,2.000000,2,1.114435e-01,
ARID1A->-KMT2C,2,1,6.000000,6,5.250013e-01,
ARID1A->-KMT2C ARID1A->-NCOR1 KMT2C->-NCOR1 PIK3CA->-ARID1A PIK3CA->-KMT2C PIK3CA->-NCOR1,4,6,2.000000,2,4.991319e-03,
ARID1A->-KMT2C CDH1->-ARID1A CDH1->-KMT2C,3,3,2.000000,2,5.554650e-02,
CDH1->-FOXA1 CDH1->-KMT2C FOXA1->-KMT2C,3,3,2.000000,2,7.357085e-02,
ARID1A->-KMT2C ARID1A->-PIK3CA PIK3CA->-KMT2C,3,3,2.000000,2,3.734720e-01,
CDH1->-RB1,2,1,6.000000,6,5.359548e-02,
CDH1->-RB1 CDH1->-TP53 TP53->-RB1,3,3,2.000000,2,8.179012e-02,
CDH1->-RB1 TP53->-CDH1 TP53->-RB1,3,3,2.000000,2,8.179012e-02,
STK11->-PIK3CA,2,1,6.000000,6,1.935065e-01,
KMT2C->-FAT1,2,1,6.000000,6,1.286616e-01,
KMT2C->-FAT1 PIK3CA->-FAT1 PIK3CA->-KMT2C,3,3,2.000000,2,1.563058e-01,
NOTCH1->-PIK3CA,2,1,6.000000,6,3.736624e-01,
CDH1->-ATRX,2,1,6.000000,6,2.492196e-02,
TP53->-TP63,2,1,6.000000,6,5.608845e-03,
PIK3CA->-STAG2,2,1,6.000000,6,5.186123e-01,
PIK3CA->-STAG2 TP53->-PIK3CA TP53->-STAG2,3,3,2.000000,2,5.646266e-02,
CDH1->-PIK3CA CDH1->-STAG2 PIK3CA->-STAG2,3,3,2.000000,2,1.071263e-01,
PTEN->-ARID1A,2,1,6.000000,6,1.989529e-02,
TP53->-NBN,2,1,6.000000,6,5.144119e-03,
PIK3CA->-NOTCH1,2,1,6.000000,6,3.735558e-01,
PIK3CA->-NOTCH1 TP53->-NOTCH1 TP53->-PIK3CA,3,3,2.000000,2,4.186974e-02,
TP53->-RPTOR,2,1,6.000000,6,9.450796e-03,
PTEN->-SF3B1,2,1,5.904762,5,1.378255e-01,
PIK3CA->-SF3B1 PTEN->-PIK3CA PTEN->-SF3B1,3,3,2.000000,2,8.854167e-02,
PIK3CA->-ALK,2,1,5.900576,5,4.950811e-02,
PIK3CA->-RFWD2,2,1,5.863636,4,5.757264e-02,
TBX3->-TP53,2,1,5.750000,5,8.867475e-01,
TBX3->-PIK3CA TBX3->-TP53 TP53->-PIK3CA,3,3,2.000000,2,2.432512e-01,
CDH1->-RFWD2,2,1,5.727273,4,3.382557e-02,
CDH1->-PIK3CA CDH1->-RFWD2 PIK3CA->-RFWD2,3,3,2.363636,1,2.913794e-02,
PIK3CA->-BAP1,2,1,5.666667,5,5.468750e-02,
PIK3CA->-BAP1 PIK3CA->-TP53 TP53->-BAP1,3,3,2.000000,2,2.777778e-02,
PIK3CA->-TET1,2,1,5.666667,5,1.043152e-01,
TP53->-KDM5A,2,1,5.665753,5,7.255157e-03,
TP53->-JAK3,2,1,5.665753,5,1.503376e-02,
PIK3CA->-PARP1,2,1,5.500000,5,1.208951e-02,
PIK3CA->-ATRX,2,1,5.500000,5,2.542052e-01,
CDH1->-ATRX CDH1->-PIK3CA PIK3CA->-ATRX,3,3,3.000000,3,1.523920e-02,
PIK3CA->-HIST1H1C,2,1,5.500000,5,5.564728e-02,
STAG2->-PIK3CA,2,1,5.500000,5,6.010442e-01,
TP53->-TERT,2,1,5.500000,5,6.282352e-02,
ARID2->-GATA3,2,1,5.500000,5,6.250000e-02,
TP53->-MAP3K13,2,1,5.500000,5,2.461065e-02,
PIK3CA->-SETD2,2,1,5.500000,5,3.565112e-01,
ARID1A->-PIK3CA ARID1A->-SETD2 CDH1->-ARID1A CDH1->-PIK3CA CDH1->-SETD2 PIK3CA->-SETD2,4,6,2.000000,2,5.063657e-03,
KMT2C->-ARID1A,2,1,5.470588,5,5.900292e-01,
KMT2C->-ARID1A PIK3CA->-ARID1A PIK3CA->-KMT2C,3,3,2.000000,2,3.661779e-01,
KMT2C->-ARID1A KMT2C->-PIK3CA PIK3CA->-ARID1A,3,3,2.000000,2,3.695640e-01,
GATA3->-ARID1A KMT2C->-ARID1A KMT2C->-GATA3,3,3,2.000000,2,2.777778e-02,
PIK3CA->-EP300,2,1,5.451220,5,2.112741e-01,
TP53->-XPO1,2,1,5.359794,5,8.511160e-03,
MAP3K1->-NCOR1,2,1,5.333333,5,3.103051e-01,
MAP3K1->-NCOR1 MAP3K1->-PIK3CA NCOR1->-PIK3CA,3,3,2.000000,2,2.300884e-01,
PIK3CA->-TET2,2,1,5.333333,5,2.345517e-01,
TP53->-RFWD2,2,1,5.290698,4,1.165930e-02,
PIK3CA->-SMAD4,2,1,5.266667,4,1.138781e-01,
TP53->-PAK7,2,1,5.197406,4,3.284079e-03,
TP53->-ERBB4,2,1,5.000000,5,3.004935e-02,
TP53->-PBRM1,2,1,5.000000,5,1.584728e-01,
PIK3CA->-ERCC4,2,1,5.000000,5,2.359688e-02,
ARID2->-ARID1A,2,1,5.000000,5,2.590337e-01,
ARID2->-ARID1A TP53->-ARID1A TP53->-ARID2,3,3,2.000000,2,7.198254e-02,
EPHA5->-ARID1A,2,1,2.000000,2,4.960317e-01,
ERBB2->-TBX3,2,1,5.000000,5,2.246250e-01,
CDH1->-TBX3 ERBB2->-CDH1 ERBB2->-TBX3,3,3,2.000000,2,1.241109e-01,
MAP3K1->-NOTCH4,2,1,5.000000,5,1.653615e-02,
MAP3K1->-NOTCH4 TP53->-MAP3K1 TP53->-NOTCH4,3,3,2.000000,2,9.385760e-03,
MAP3K1->-NOTCH4 MAP3K1->-PIK3CA PIK3CA->-NOTCH4,3,3,2.000000,2,9.208505e-02,
MAP3K1->-NOTCH4 PIK3CA->-MAP3K1 PIK3CA->-NOTCH4,3,3,2.000000,2,9.023381e-02,
MEN1->-KMT2C,2,1,5.000000,5,6.487019e-02,
KMT2C->-GATA3 MEN1->-GATA3 MEN1->-KMT2C,3,3,2.000000,2,2.777778e-02,
TP53->-ERBB2,2,1,5.000000,5,5.293817e-01,
CDH1->-ERBB2 CDH1->-TP53 TP53->-ERBB2,3,3,2.000000,2,2.290539e-01,
ERBB2->-KMT2C,2,1,5.000000,5,1.627941e-01,
CDH1->-ERBB2 CDH1->-KMT2C ERBB2->-KMT2C,3,3,2.000000,2,1.680277e-01,
CDH1->-KMT2C ERBB2->-CDH1 ERBB2->-KMT2C,3,3,2.000000,2,1.693102e-01,
KMT2C->-PARP1 TP53->-KMT2C TP53->-PARP1,3,3,2.000000,2,1.643896e-02,
ERBB2->-KMT2C ERBB2->-PARP1 ERBB2->-PIK3CA KMT2C->-PARP1 PIK3CA->-KMT2C PIK3CA->-PARP1,4,6,2.000000,2,1.305121e-03,
TP53->-PARP1,2,1,5.000000,5,1.362137e-02,
PIK3CA->-PARP1 PIK3CA->-TP53 TP53->-PARP1,3,3,2.000000,2,5.284757e-02,
TP53->-AXIN2,2,1,5.000000,5,2.326659e-03,
TP53->-GLI1,2,1,5.000000,5,4.162523e-03,
NCOR1->-MED12,2,1,5.000000,5,1.609157e-02,
NCOR1->-MED12 TP53->-MED12 TP53->-NCOR1,3,3,3.000000,3,5.706944e-03,
NCOR1->-MED12 NCOR1->-PIK3CA PIK3CA->-MED12,3,3,2.000000,2,5.753968e-02,
PIK3CA->-BLM,2,1,5.000000,5,6.703112e-02,
KMT2C->-CDH1,2,1,5.000000,5,9.998144e-01,
TP53->-POLD1,2,1,5.000000,5,3.319338e-03,
AKT1->-NOTCH2,2,1,5.000000,5,4.135526e-03,
KMT2D->-PIK3CA,2,1,5.000000,5,9.825049e-01,
CDH1->-KMT2D CDH1->-PIK3CA KMT2D->-PIK3CA,3,3,2.000000,2,2.222452e-01,
AKT1->-KMT2C,2,1,5.000000,5,1.764290e-01,
AKT1->-KMT2C AKT1->-TP53 TP53->-KMT2C,3,3,2.400000,2,3.472222e-03,
ARID1B->-PIK3CA,2,1,5.000000,5,2.101870e-01,
ARID1B->-PIK3CA TP53->-ARID1B TP53->-PIK3CA,3,3,2.000000,2,8.359178e-02,
GPS2->-PIK3CA,2,1,5.000000,5,2.423364e-01,
CDH1->-NSD1,2,1,5.000000,5,2.688746e-02,
CDH1->-NSD1 CDH1->-TP53 TP53->-NSD1,3,3,2.000000,2,2.777778e-02,
CDH1->-FOXA1 CDH1->-NSD1 CDH1->-PIK3CA NSD1->-FOXA1 PIK3CA->-FOXA1 PIK3CA->-NSD1,4,6,2.000000,2,1.736111e-03,
CHEK2->-PIK3CA,2,1,5.000000,5,8.244048e-02,
PIK3CA->-EGFR,2,1,5.000000,4,4.895833e-02,
GATA3->-EGFR,2,1,5.000000,5,3.125000e-02,
GATA3->-EGFR GATA3->-PIK3CA PIK3CA->-EGFR,3,3,2.000000,2,2.777778e-02,
TP53->-EPHA7,2,1,5.000000,5,3.877983e-02,
SPEN->-PIK3CA,2,1,5.000000,4,9.509037e-01,
TP53->-BRD4,2,1,5.000000,5,2.187733e-02,
TP53->-TCF7L2,2,1,5.000000,5,1.870210e-02,
ESR1->-MAP3K1,2,1,5.000000,5,5.065297e-01,
ESR1->-MAP3K1 PIK3CA->-ESR1 PIK3CA->-MAP3K1,3,3,2.000000,2,2.745871e-01,
NF1->-PIK3R1,2,1,5.000000,5,1.457385e-01,
NF1->-PIK3R1 TP53->-NF1 TP53->-PIK3R1,3,3,2.000000,2,8.543771e-02,
NF1->-PIK3R1 PTEN->-NF1 PTEN->-PIK3R1,3,3,2.000000,2,8.042129e-02,
CREBBP->-KMT2C,2,1,5.000000,5,5.889423e-02,
CREBBP->-KMT2C TP53->-CREBBP TP53->-KMT2C,3,3,2.000000,2,3.543589e-02,
CREBBP->-KMT2C PIK3CA->-CREBBP PIK3CA->-KMT2C,3,3,3.000000,3,2.035703e-02,
CDH1->-CREBBP CDH1->-KMT2C CDH1->-PIK3CA CREBBP->-KMT2C PIK3CA->-CREBBP PIK3CA->-KMT2C,4,6,2.000000,2,4.748125e-03,
ARID1A->-CREBBP ARID1A->-KMT2C CREBBP->-KMT2C,3,3,2.000000,2,1.758230e-02,
CDH1->-IKZF1,2,1,5.000000,5,1.562500e-02,
CDH1->-MED12,2,1,5.000000,5,8.313127e-02,
CDH1->-MED12 PIK3CA->-CDH1 PIK3CA->-MED12,3,3,2.000000,2,1.647672e-01,
GATA3->-TBX3,2,1,5.000000,5,1.249340e-01,
GATA3->-PIK3CA GATA3->-TBX3 TBX3->-PIK3CA,3,3,2.000000,2,1.432876e-01,
GATA3->-PIK3CA GATA3->-TBX3 PIK3CA->-TBX3,3,3,2.000000,2,1.428789e-01,
GATA3->-TBX3 MAP3K1->-GATA3 MAP3K1->-TBX3,3,3,2.000000,2,9.562390e-02,
PIK3CA->-TERT,2,1,5.000000,5,1.246460e-02,
PIK3CA->-GRIN2A,2,1,5.000000,5,1.398810e-01,
FOXA1->-GATA3,2,1,5.000000,5,4.512370e-01,
FOXA1->-GATA3 FOXA1->-MAP3K1 MAP3K1->-GATA3,3,3,2.000000,2,9.722222e-02,
ERBB2->-TP53,2,1,5.000000,5,5.260260e-01,
ERBB2->-RUNX1,2,1,5.000000,5,1.875000e-01,
CDH1->-ERBB2 CDH1->-RUNX1 ERBB2->-RUNX1,3,3,2.000000,2,1.480195e-01,
TP53->-CEBPA,2,1,5.000000,5,2.083333e-02,
NCOR1->-RUNX1,2,1,5.000000,5,3.632812e-01,
NCOR1->-RUNX1 PIK3CA->-NCOR1 PIK3CA->-RUNX1,3,3,2.000000,2,2.632245e-01,
NCOR1->-PIK3CA NCOR1->-RUNX1 PIK3CA->-RUNX1,3,3,2.000000,2,2.632245e-01,
TP53->-JAK1,2,1,5.000000,5,2.937679e-01,
NCOR1->-CDH1,2,1,5.000000,5,9.925113e-01,
NCOR1->-CDH1 TP53->-CDH1 TP53->-NCOR1,3,3,2.000000,2,3.587996e-01,
CDH1->-RUNX1 NCOR1->-CDH1 NCOR1->-RUNX1,3,3,2.000000,2,1.319444e-01,
MAP2K4->-PTEN,2,1,5.000000,5,2.733050e-01,
TP53->-CIC,2,1,5.000000,5,8.943383e-02,
PIK3CA->-CIC TP53->-CIC TP53->-PIK3CA,3,3,2.000000,2,6.746032e-02,
TP53->-SMARCA4,2,1,5.000000,5,1.766493e-01,
PIK3CA->-KRAS,2,1,5.000000,5,2.581880e-01,
TP53->-PIK3R2,2,1,5.000000,5,1.388889e-02,
RUNX1->-TP53,2,1,5.000000,5,9.826588e-01,
PTPRS->-PIK3CA,2,1,5.000000,5,6.194972e-01,
PTPRS->-PIK3CA TP53->-PIK3CA TP53->-PTPRS,3,3,2.000000,2,7.059912e-02,
CDH1->-PIK3CA CDH1->-PTPRS PTPRS->-PIK3CA,3,3,2.000000,2,3.907508e-02,
TP53->-TET1,2,1,5.000000,5,8.426339e-02,
CBFB->-NCOR1,2,1,5.000000,5,2.722222e-02,
CBFB->-NCOR1 CBFB->-PIK3CA NCOR1->-PIK3CA,3,3,2.000000,2,1.203704e-01,
CBFB->-NCOR1 CBFB->-TP53 TP53->-NCOR1,3,3,2.000000,2,1.098765e-01,
CDH1->-DNMT1,2,1,5.000000,5,3.125000e-02,
CDH1->-XPO1,2,1,5.000000,5,3.113678e-02,
AKT1->-MAP2K4,2,1,5.000000,5,9.077381e-02,
PIK3CA->-GLI1,2,1,5.000000,5,8.809937e-03,
CBFB->-AKT1,2,1,5.000000,5,2.763250e-01,
PIK3CA->-BRIP1,2,1,5.000000,5,4.067104e-02,
ARID1A->-IKZF1,2,1,5.000000,5,1.303732e-02,
ARID1A->-IKZF1 ARID1A->-PIK3CA CDH1->-ARID1A CDH1->-IKZF1 CDH1->-PIK3CA IKZF1->-PIK3CA,4,6,2.000000,2,1.736111e-03,
TP53->-RAF1,2,1,5.000000,5,2.653594e-03,
TP53->-MET,2,1,5.000000,5,4.984020e-03,
CDH1->-STAG2,2,1,5.000000,5,2.122209e-02,
PIK3R1->-TP53,2,1,5.000000,5,9.776095e-01,
CDH1->-RAD50,2,1,5.000000,5,1.929153e-02,
CDH1->-PIK3CA CDH1->-RAD50 PIK3CA->-RAD50,3,3,2.000000,2,5.142730e-02,
CDH1->-RAD50 TP53->-CDH1 TP53->-RAD50,3,3,2.000000,2,1.621682e-02,
PTEN->-GRIN2A,2,1,5.000000,5,1.203567e-02,
PIK3CA->-GRIN2A PTEN->-GRIN2A PTEN->-PIK3CA,3,3,2.000000,2,6.746032e-02,
TP53->-IRF4,2,1,5.000000,5,7.126791e-03,
TP53->-TSC1,2,1,5.000000,5,9.565251e-02,
TP53->-ARAF,2,1,5.000000,5,2.517159e-02,
TP53->-TRAF2,2,1,5.000000,5,9.361750e-03,
TP53->-KIT,2,1,5.000000,5,3.452070e-03,
PIK3CA->-DNMT1,2,1,5.000000,5,1.207931e-02,
CDH1->-DNMT1 CDH1->-PIK3CA PIK3CA->-DNMT1,3,3,2.000000,2,2.777778e-02,
PIK3CA->-BRCA1,2,1,5.000000,4,2.334915e-01,
TP53->-FGFR4,2,1,5.000000,5,2.949391e-03,
KDM5C->-PIK3CA,2,1,4.888889,4,4.604493e-01,
CREBBP->-PIK3CA,2,1,4.810906,4,8.898733e-01,
CDH1->-AR,2,1,4.727273,4,9.216923e-02,
TP53->-HIST1H3B,2,1,4.666667,4,2.575501e-02,
TP53->-BRIP1,2,1,4.666667,4,4.222194e-03,
ARID1A->-CDH1,2,1,4.510499,4,9.947435e-01,
ARID1A->-CDH1 ARID1A->-PIK3CA CDH1->-PIK3CA,3,3,2.000000,2,6.697724e-01,
PIK3CA->-JAK3,2,1,4.500000,4,1.648617e-01,
MAP3K1->-ESR1,2,1,4.500000,4,6.024903e-01,
ESR1->-PIK3CA MAP3K1->-ESR1 MAP3K1->-PIK3CA,3,3,2.000000,2,2.745871e-01,
TP53->-PLK2,2,1,4.500000,4,2.961215e-02,
KMT2C->-TBX3,2,1,4.500000,4,4.326232e-01,
NF1->-CDH1,2,1,4.500000,4,8.518610e-01,
CDH1->-PIK3CA NF1->-CDH1 NF1->-PIK3CA,3,3,2.000000,2,3.579871e-01,
TET1->-ARID1A,2,1,4.500000,4,2.736790e-02,
PTEN->-RUNX1,2,1,4.500000,4,3.081597e-02,
CBFB->-ARID1A,2,1,4.500000,4,2.586806e-02,
PIK3CA->-NOTCH3,2,1,4.500000,4,1.876098e-01,
TP53->-AR,2,1,4.500000,4,2.823661e-02,
PIK3CA->-AR PIK3CA->-TP53 TP53->-AR,3,3,2.500000,2,4.629630e-03,
MEN1->-ARID1A,2,1,4.500000,4,3.126617e-02,
KMT2C->-ARID1A MEN1->-ARID1A MEN1->-KMT2C,3,3,2.000000,2,7.357085e-02,
CDH1->-POLE,2,1,4.500000,4,3.125000e-02,
TP53->-PTCH1,2,1,4.500000,4,1.457610e-01,
PIK3CA->-PTCH1 PIK3CA->-TP53 TP53->-PTCH1,3,3,2.000000,2,1.174665e-01,
ARID1A->-FAT1,2,1,4.500000,4,5.897007e-02,
TP53->-INPP4B,2,1,4.500000,4,3.735764e-02,
PIK3CA->-PIK3CG,2,1,4.500000,4,1.823995e-01,
ARID1A->-GRIN2A,2,1,4.470588,4,1.472067e-02,
ZFHX3->-CDH1,2,1,4.466667,4,1.490973e-01,
CDH1->-PIK3CA ZFHX3->-CDH1 ZFHX3->-PIK3CA,3,3,4.000000,4,2.496134e-03,
PIK3CA->-PAK7,2,1,4.400576,4,7.013545e-02,
TP53->-JAK2,2,1,4.351585,4,2.433567e-02,
RHOA->-PIK3CA,2,1,4.333333,4,8.836563e-02,
PIK3CA->-EZH2,2,1,4.277778,4,3.190603e-02,
KMT2C->-BRCA2,2,1,4.276923,4,3.813613e-01,
TP53->-AXIN1,2,1,4.230769,4,2.545874e-02,
TP53->-IKZF1,2,1,4.189903,3,1.431755e-02,
GATA3-/-PIK3CA,2,1,4.177834,0,8.101574e-01,
ERBB3->-PIK3CA,2,1,4.173469,3,6.900708e-01,
ERBB3->-PIK3CA MAP3K1->-ERBB3 MAP3K1->-PIK3CA,3,3,3.000000,3,2.540203e-02,
ESR1->-FAT1,2,1,4.067873,3,8.778613e-02,
PIK3CA->-NF2,2,1,4.000000,4,2.733557e-02,
FOXA1->-KMT2C,2,1,4.000000,4,1.604395e-01,
FOXA1->-KMT2C PIK3CA->-FOXA1 PIK3CA->-KMT2C,3,3,3.000000,3,2.003596e-02,
FOXA1->-KMT2C TP53->-FOXA1 TP53->-KMT2C,3,3,2.000000,2,2.921248e-02,
TP53->-IRS2,2,1,4.000000,4,1.092774e-01,
TP53->-CDK8,2,1,4.000000,4,3.971240e-02,
TP53->-IFNGR1,2,1,4.000000,4,1.601054e-02,
PIK3CA->-BARD1,2,1,4.000000,4,1.381473e-01,
PIK3CA->-BARD1 TP53->-BARD1 TP53->-PIK3CA,3,3,2.000000,2,3.880415e-02,
CDH1->-SMO,2,1,4.000000,4,1.637549e-02,
PIK3CA->-YES1,2,1,4.000000,4,1.743697e-02,
CDH1->-MTOR,2,1,4.000000,4,3.865705e-01,
CDH1->-MTOR CDH1->-PIK3CA PIK3CA->-MTOR,3,3,2.000000,2,6.432146e-02,
TP53->-TRAF7,2,1,4.000000,4,7.256856e-02,
TP53->-KLF4,2,1,4.000000,4,2.412640e-01,
FAT1->-PIK3CA,2,1,4.000000,4,9.995210e-01,
CDH1->-KDR,2,1,4.000000,4,5.868877e-02,
PIK3CA->-CDKN2A,2,1,4.000000,4,1.054261e-01,
PIK3CA->-CDKN2A TP53->-CDKN2A TP53->-PIK3CA,3,3,2.000000,2,5.384221e-02,
TP53->-MAP2K1,2,1,4.000000,4,1.697531e-02,
CDH1->-CTCF,2,1,4.000000,4,1.172109e-01,
TP53->-GSK3B,2,1,4.000000,4,7.863490e-03,
CDH1->-JUN,2,1,4.000000,4,4.563265e-02,
CDH1->-SMAD4,2,1,4.000000,4,3.421676e-01,
CDH1->-TET2,2,1,4.000000,4,5.119048e-02,
ERBB4->-GATA3,2,1,4.000000,4,5.312500e-02,
FAT1->-RICTOR,2,1,4.000000,4,1.200250e-01,
FAT1->-PIK3CA FAT1->-RICTOR PIK3CA->-RICTOR,3,3,2.000000,2,7.902173e-02,
TET1->-FAT1,2,1,4.000000,4,2.804070e-01,
PIK3CA->-FAT1 PIK3CA->-TET1 TET1->-FAT1,3,3,2.000000,2,1.209567e-01,
NCOR1->-FAT1 NCOR1->-TET1 TET1->-FAT1,3,3,2.000000,2,2.729045e-02,
PIK3CA->-FAT1 PIK3CA->-RB1 RB1->-FAT1,3,3,2.000000,2,1.309292e-01,
TET1->-FAT1 TP53->-FAT1 TP53->-TET1,3,3,2.000000,2,4.596561e-02,
ARID1A->-FAT1 TET1->-ARID1A TET1->-FAT1,3,3,2.000000,2,9.020714e-03,
SETD2->-PIK3CA,2,1,4.000000,4,7.480344e-01,
CDH1->-PIK3CA CDH1->-SETD2 SETD2->-PIK3CA,3,3,2.000000,2,1.498567e-01,
KMT2A->-GATA3,2,1,4.000000,4,1.875000e-01,
TP53->-EZH2,2,1,4.000000,4,1.250000e-01,
PIK3CA->-EZH2 PIK3CA->-TP53 TP53->-EZH2,3,3,2.000000,2,7.407407e-02,
NCOR1->-RB1,2,1,4.000000,4,2.069510e-01,
NCOR1->-PIK3CA NCOR1->-RB1 PIK3CA->-RB1,3,3,2.000000,2,7.326186e-02,
PIK3CA->-FOXP1,2,1,4.000000,4,3.673769e-01,
PIK3CA->-HIST1H3I,2,1,4.000000,4,1.692231e-01,
EPHA7->-PIK3CA,2,1,4.000000,4,1.068035e-01,
EPHA7->-PIK3CA TP53->-EPHA7 TP53->-PIK3CA,3,3,2.000000,2,5.394979e-03,
NF1->-KMT2C,2,1,4.000000,4,2.768231e-01,
STAG2->-GATA3,2,1,4.000000,4,1.755952e-01,
MEN1->-SPEN,2,1,4.000000,4,6.227355e-02,
GATA3->-SPEN MEN1->-GATA3 MEN1->-SPEN,3,3,2.000000,2,7.407407e-02,
SMARCA4->-PIK3CA,2,1,4.000000,4,5.779199e-01,
KMT2C->-ESR1,2,1,4.000000,4,4.419362e-02,
PTEN->-GATA3,2,1,4.000000,3,4.651060e-01,
FOXA1->-TP53,2,1,4.000000,4,9.668257e-01,
PTEN->-ATR,2,1,4.000000,4,5.004319e-02,
PTEN->-ATR TP53->-ATR TP53->-PTEN,3,3,3.000000,3,4.294177e-03,
PIK3CA->-ATR PIK3CA->-PTEN PTEN->-ATR,3,3,2.000000,2,5.575421e-02,
MGA->-ATR MGA->-PTEN PTEN->-ATR,3,3,2.000000,2,1.705041e-02,
MGA->-PTPRT,2,1,2.000000,2,2.020975e-01,
NF1->-MED12,2,1,4.000000,4,1.690256e-01,
NF1->-MED12 TP53->-MED12 TP53->-NF1,3,3,2.000000,2,7.275132e-02,
MAP3K1->-NSD1,2,1,4.000000,4,4.464680e-01,
MAP3K1->-NSD1 TP53->-MAP3K1 TP53->-NSD1,3,3,2.000000,2,7.275132e-02,
CDH1->-MAP3K1 CDH1->-NSD1 MAP3K1->-NSD1,3,3,2.000000,2,1.195790e-01,
ATR->-NCOR1,2,1,4.000000,4,6.190476e-02,
ATR->-NCOR1 TP53->-ATR TP53->-NCOR1,3,3,2.000000,2,2.698413e-02,
ATR->-NCOR1 PIK3CA->-ATR PIK3CA->-NCOR1,3,3,2.000000,2,2.777778e-02,
ATR->-EP300 PIK3CA->-ATR PIK3CA->-EP300,3,3,2.000000,2,2.777778e-02,
TP53->-PRDM1,2,1,4.000000,4,4.539683e-02,
NF1->-MAP3K1,2,1,4.000000,4,3.206570e-01,
NF1->-MAP3K1 TP53->-MAP3K1 TP53->-NF1,3,3,3.000000,3,1.587302e-02,
NF1->-MAP3K1 PTEN->-MAP3K1 PTEN->-NF1,3,3,3.000000,3,3.536381e-03,
TP53->-CTCF,2,1,4.000000,4,1.922505e-01,
ERBB2->-MAP3K1,2,1,4.000000,3,2.738634e-01,
PTEN->-ARID1B,2,1,4.000000,4,1.669412e-01,
CDH1->-RHOA,2,1,4.000000,4,2.551020e-01,
CDH1->-PIK3CA CDH1->-RHOA RHOA->-PIK3CA,3,3,2.000000,2,5.753968e-02,
CDH1->-FGFR4,2,1,4.000000,4,9.345496e-02,
GATA3->-NSD1,2,1,4.000000,4,5.833333e-02,
GATA3->-MED12,2,1,4.000000,4,4.563492e-02,
MAP3K1->-CDH1,2,1,4.000000,4,9.995645e-01,
MAP3K1->-CDH1 MAP3K1->-PIK3CA PIK3CA->-CDH1,3,3,2.000000,2,7.197673e-01,
PIK3CA->-TSHR,2,1,4.000000,4,2.083333e-02,
TP53->-GATA2,2,1,4.000000,4,1.805552e-01,
FOXA1->-CDH1,2,1,4.000000,4,9.994826e-01,
PIK3CA->-PMS1,2,1,4.000000,4,4.583333e-02,
NF1->-ERBB3,2,1,4.000000,4,6.250000e-02,
NF1->-ERBB3 NF1->-TP53 TP53->-ERBB3,3,3,2.000000,2,7.407407e-02,
CDH1->-JAK2,2,1,4.000000,4,3.125000e-02,
CDH1->-JAK2 TP53->-CDH1 TP53->-JAK2,3,3,2.000000,2,2.777778e-02,
PIK3CA->-INSR,2,1,4.000000,4,1.326053e-01,
PIK3CA->-INSR PIK3CA->-TP53 TP53->-INSR,3,3,2.000000,2,5.060185e-02,
ERBB2->-FOXA1,2,1,4.000000,4,3.010417e-01,
ERBB2->-FOXA1 ERBB2->-MAP3K1 FOXA1->-MAP3K1,3,3,2.000000,2,1.736111e-02,
TP53->-JUN,2,1,4.000000,4,6.190476e-02,
TP53->-FGFR2,2,1,4.000000,4,4.084321e-02,
MAP2K4->-NCOR1,2,1,4.000000,4,6.044147e-01,
GATA3->-PDGFRA,2,1,4.000000,4,1.522222e-01,
PIK3CA->-DNMT3B,2,1,4.000000,4,1.631563e-01,
PIK3CA->-PIK3CB,2,1,4.000000,4,2.070214e-01,
PIK3CA->-PIK3CB PIK3CA->-TP53 TP53->-PIK3CB,3,3,2.000000,2,1.746032e-02,
MDC1->-PIK3CB PIK3CA->-MDC1 PIK3CA->-PIK3CB,3,3,2.000000,2,1.746032e-02,
SPOP->-PIK3CA,2,1,4.000000,4,1.562500e-01,
PIK3CA->-INPP4A,2,1,4.000000,4,1.875000e-01,
CDH1->-NOTCH4,2,1,4.000000,4,6.181566e-02,
CDH1->-NOTCH4 CDH1->-PIK3CA PIK3CA->-NOTCH4,3,3,2.000000,2,7.357085e-02,
NF1->-FOXA1,2,1,4.000000,4,6.250000e-02,
NF1->-FOXA1 NF1->-PIK3CA PIK3CA->-FOXA1,3,3,2.000000,2,7.407407e-02,
NF1->-FOXA1 TP53->-FOXA1 TP53->-NF1,3,3,2.000000,2,7.407407e-02,
NCOR1->-MAP2K4,2,1,4.000000,4,6.044147e-01,
MAP2K4->-PIK3CA NCOR1->-MAP2K4 NCOR1->-PIK3CA,3,3,2.000000,2,1.021775e-01,
SOX9->-PTCH1,2,1,4.000000,4,6.038647e-02,
APC->-KMT2D,2,1,4.000000,4,1.688724e-01,
APC->-KMT2D TP53->-APC TP53->-KMT2D,3,3,3.000000,3,1.318083e-02,
GATA3->-CREBBP,2,1,4.000000,3,6.080681e-02,
CREBBP->-MAP3K1 GATA3->-CREBBP GATA3->-MAP3K1 GATA3->-PIK3CA PIK3CA->-CREBBP PIK3CA->-MAP3K1,4,6,2.000000,2,1.736111e-03,
JAK1->-PIK3CA,2,1,4.000000,4,3.667200e-01,
TP53->-EPCAM,2,1,4.000000,4,1.318501e-01,
CDH1->-ANKRD11,2,1,4.000000,4,2.378184e-01,
PIK3CA->-MSH6,2,1,4.000000,4,3.432292e-01,
TBX3->-RUNX1,2,1,4.000000,4,3.437500e-01,
NF1->-ATM,2,1,4.000000,4,5.357143e-02,
NF1->-ATM NF1->-PIK3CA PIK3CA->-ATM,3,3,2.000000,2,2.777778e-02,
KMT2C->-TSC2,2,1,4.000000,4,2.148419e-01,
TP53->-AURKA,2,1,4.000000,4,1.581101e-02,
PIK3CA->-IKBKE,2,1,4.000000,4,1.125933e-01,
GATA3->-CBFB,2,1,4.000000,4,9.998047e-01,
GATA3->-FOXA1,2,1,4.000000,4,7.068099e-01,
GATA3->-FOXA1 PIK3CA->-FOXA1 PIK3CA->-GATA3,3,3,2.000000,2,2.230367e-01,
MGA->-ATR,2,1,4.000000,4,5.035596e-02,
MGA->-ATR MGA->-PIK3CA PIK3CA->-ATR,3,3,2.000000,2,1.083410e-01,
PIK3CA->-KDM5C,2,1,4.000000,4,6.988395e-01,
TP53->-CDKN1A,2,1,4.000000,4,1.042393e-01,
GATA3->-SF3B1,2,1,4.000000,4,4.665179e-01,
GATA3->-SF3B1 PIK3CA->-GATA3 PIK3CA->-SF3B1,3,3,2.000000,2,5.671296e-02,
CDH1->-RASA1,2,1,4.000000,4,1.540767e-01,
TBX3->-KMT2C,2,1,4.000000,4,6.026121e-01,
TBX3->-KMT2C TP53->-KMT2C TP53->-TBX3,3,3,2.000000,2,2.958273e-02,
TP53->-SDHB,2,1,4.000000,4,3.385817e-01,
TP53->-REL,2,1,4.000000,4,2.115961e-02,
TP53->-SMAD2,2,1,4.000000,4,1.110539e-01,
GATA3->-FLT3,2,1,4.000000,3,8.969689e-02,
GATA3->-POLE,2,1,4.000000,3,1.488494e-01,
TP53->-DAXX,2,1,4.000000,4,1.784475e-02,
CDH1->-ARID5B,2,1,4.000000,4,4.116645e-02,
CDH1->-ARID5B CDH1->-PIK3CA PIK3CA->-ARID5B,3,3,3.000000,3,1.056522e-02,
CDH1->-PARP1,2,1,4.000000,4,1.069334e-01,
TP53->-RBM10,2,1,4.000000,4,1.426608e-02,
PTEN->-TBX3,2,1,4.000000,4,3.203099e-02,
PTEN->-ATRX,2,1,4.000000,4,1.240152e-01,
PTEN->-ATRX TP53->-ATRX TP53->-PTEN,3,3,2.000000,2,8.987896e-02,
TP53->-PIM1,2,1,4.000000,4,7.653533e-03,
MAP3K1->-ARID2,2,1,4.000000,4,2.036821e-02,
ERBB2->-ERBB3,2,1,4.000000,4,2.074309e-02,
CDH1->-ERBB3 ERBB2->-CDH1 ERBB2->-ERBB3,3,3,2.000000,2,7.407407e-02,
KMT2C->-PTCH1,2,1,4.000000,4,1.497529e-01,
CDH1->-KMT2A CDH1->-KMT2C CDH1->-PTCH1 KMT2C->-KMT2A KMT2C->-PTCH1 PTCH1->-KMT2A,4,6,2.000000,2,1.623441e-03,
KMT2C->-PARP1,2,1,4.000000,4,3.756891e-02,
CDH1->-KMT2C CDH1->-PARP1 KMT2C->-PARP1,3,3,2.000000,2,4.430765e-02,
CDH1->-PARP1 CDH1->-RAD50 RAD50->-PARP1,3,3,2.000000,2,1.208049e-02,
CDH1->-DNMT3A,2,1,4.000000,4,1.492003e-01,
CDH1->-DNMT3A CDH1->-PIK3CA PIK3CA->-DNMT3A,3,3,2.000000,2,5.346366e-02,
CDH1->-DNMT3A TP53->-CDH1 TP53->-DNMT3A,3,3,2.000000,2,1.555037e-02,
BRCA2->-KMT2C,2,1,4.000000,4,4.890825e-01,
PIK3CA->-PALB2,2,1,4.000000,4,1.630427e-01,
TP53->-NF2,2,1,4.000000,4,2.115855e-02,
PTEN->-SETD2,2,1,4.000000,4,8.732341e-02,
PIK3CA->-HNF1A,2,1,4.000000,4,1.068846e-01,
MAP3K1->-FOXA1,2,1,4.000000,4,8.553225e-01,
MAP3K1->-FOXA1 MAP3K1->-PIK3CA PIK3CA->-FOXA1,3,3,3.000000,3,1.221496e-01,
MAP3K1->-DICER1,2,1,4.000000,4,2.374209e-02,
MAP3K1->-CDKN1B,2,1,4.000000,4,3.221517e-01,
PIK3CA->-IKZF1,2,1,4.000000,3,3.889454e-01,
TP53->-MSH6,2,1,4.000000,4,1.031380e-01,
SPEN->-GATA3,2,1,3.852140,3,8.432928e-01,
TP53->-AXL,2,1,3.669400,3,2.052628e-02,
TP53->-SMO,2,1,3.666667,3,7.417443e-02,
NF1->-TET2,2,1,3.666667,3,3.445200e-02,
NF1->-TET2 TP53->-NF1 TP53->-TET2,3,3,2.000000,2,1.587302e-02,
TP53->-NTRK1,2,1,3.666667,3,4.512385e-03,
PTEN->-MED12,2,1,3.666667,3,1.384222e-02,
NF1->-MED12 PTEN->-MED12 PTEN->-NF1,3,3,2.000000,2,2.121829e-02,
NF1->-NSD1 PTEN->-NF1 PTEN->-NSD1,3,3,2.000000,2,2.121829e-02,
CDH1->-JAK3,2,1,3.665753,3,3.078085e-02,
CDH1->-JAK3 CDH1->-PIK3CA PIK3CA->-JAK3,3,3,2.000000,2,1.388889e-02,
MAP2K4->-JAK3,2,1,3.665753,3,3.745603e-02,
PIK3CA->-PDGFRA,2,1,3.611111,3,4.354429e-01,
PIK3CA-/-TP53,2,1,3.565447,0,1.000000e+00,
ARID1A->-KMT2D,2,1,3.545455,3,2.969447e-01,
ARID1A->-KMT2D PIK3CA->-ARID1A PIK3CA->-KMT2D,3,3,2.000000,2,7.198254e-02,
TP53->-PMS1,2,1,3.505208,3,1.809397e-02,
PIK3CA->-BRD4,2,1,3.500000,3,1.080701e-01,
MAP3K1->-MED12,2,1,3.500000,3,5.469733e-02,
MAP3K1->-MED12 PTEN->-MAP3K1 PTEN->-MED12,3,3,2.500000,2,2.940029e-03,
TP53->-E2F3,2,1,3.500000,3,8.214595e-03,
PIK3CA->-RECQL4,2,1,3.500000,3,4.089774e-01,
PIK3CA->-PPP2R1A,2,1,3.500000,3,2.733916e-01,
TP53->-DICER1,2,1,3.500000,3,2.023570e-02,
PIK3CA->-DICER1 TP53->-DICER1 TP53->-PIK3CA,3,3,2.000000,2,1.285104e-03,
ARID1B->-TP53,2,1,3.500000,3,9.486258e-01,
KMT2D->-KMT2C,2,1,3.500000,3,4.775939e-01,
PIK3CA->-TSC2,2,1,3.500000,3,4.544548e-01,
PIK3CA->-RPS6KB2,2,1,3.500000,3,5.093021e-02,
SMO->-PIK3CA,2,1,3.500000,3,4.540645e-01,
CDH1->-ALK,2,1,3.500000,3,6.040912e-02,
CDH1->-ALK CDH1->-PIK3CA PIK3CA->-ALK,3,3,2.000000,2,2.198068e-02,
CDH1->-ALK CDH1->-FOXA1 FOXA1->-ALK,3,3,2.000000,2,2.198068e-02,
PIK3CA->-SMARCA4,2,1,3.500000,3,6.327215e-01,
CDH1->-EGFR,2,1,3.500000,3,1.875000e-01,
CDH1->-EGFR CDH1->-PIK3CA PIK3CA->-EGFR,3,3,2.250000,2,4.629630e-03,
MAP3K1->-ATR,2,1,3.500000,3,1.321747e-01,
TP53->-IRS1,2,1,3.500000,3,5.196185e-02,
FOXA1->-KMT2D,2,1,3.500000,3,1.796875e-01,
CDH1->-PAK7,2,1,3.500000,3,6.112441e-02,
CDH1->-PAK7 CDH1->-TP53 TP53->-PAK7,3,3,2.000000,2,3.018630e-02,
CDH1->-PAK7 CDH1->-PIK3CA PIK3CA->-PAK7,3,3,2.000000,2,6.922095e-02,
ZFHX3->-KMT2C,2,1,3.500000,3,1.918354e-01,
KMT2C->-PIK3CA ZFHX3->-KMT2C ZFHX3->-PIK3CA,3,3,2.000000,2,8.494429e-02,
CDH1->-DNMT3B,2,1,3.500000,3,6.257548e-02,
CDH1->-DNMT3B CDH1->-PIK3CA PIK3CA->-DNMT3B,3,3,2.000000,2,2.747585e-02,
ARID1A->-TP53,2,1,3.500000,3,9.988758e-01,
RUNX1->-FOXA1,2,1,3.500000,3,3.218750e-01,
CDH1->-FOXA1 CDH1->-RUNX1 RUNX1->-FOXA1,3,3,2.000000,2,1.319444e-01,
RB1->-KMT2C,2,1,3.500000,3,2.622161e-01,
KMT2C->-PIK3CA RB1->-KMT2C RB1->-PIK3CA,3,3,2.000000,2,7.407407e-02,
KMT2A->-PIK3CA,2,1,3.500000,3,9.699472e-01,
TP53->-RASA1,2,1,3.500000,3,1.553819e-01,
FOXA1->-ESR1,2,1,3.500000,3,1.388174e-01,
FOXA1->-TBX3,2,1,3.500000,3,4.429390e-01,
FOXA1->-TBX3 PIK3CA->-FOXA1 PIK3CA->-TBX3,3,3,2.000000,2,7.407407e-02,
ARID1A->-FLT3,2,1,3.500000,3,1.559647e-01,
CDH1->-ATR,2,1,3.500000,3,4.975742e-02,
CDH1->-ATR CDH1->-PIK3CA PIK3CA->-ATR,3,3,2.500000,2,4.831421e-03,
BRCA2->-CDH1,2,1,3.500000,3,8.966264e-01,
TP53->-EGFR,2,1,3.500000,3,1.297805e-02,
TP53->-MEN1,2,1,3.500000,3,1.656156e-01,
GATA3->-PIK3R2,2,1,3.500000,3,4.454071e-02,
PIK3CA->-IRS1,2,1,3.500000,3,4.077480e-01,
APC->-PIK3CA,2,1,3.500000,3,7.834024e-01,
APC->-PIK3CA CDH1->-APC CDH1->-PIK3CA,3,3,2.000000,2,1.114435e-01,
KMT2C->-MED12,2,1,3.500000,3,4.498260e-02,
PIK3CA->-FGFR4,2,1,3.500000,2,6.097036e-01,
KMT2C->-KMT2A,2,1,3.500000,3,1.682827e-01,
TP53->-PAK1,2,1,3.500000,3,1.163601e-02,
NCOR1->-MAP3K1,2,1,3.499684,3,7.676631e-01,
NCOR1->-MAP3K1 TP53->-MAP3K1 TP53->-NCOR1,3,3,2.000000,2,7.480046e-02,
MAP3K1->-PIK3CA NCOR1->-MAP3K1 NCOR1->-PIK3CA,3,3,2.000000,2,2.301342e-01,
PTPRS->-MAP3K1,2,1,3.499684,3,1.086926e-01,
KMT2C->-ERBB3,2,1,3.492958,3,2.420061e-01,
PIK3CA->-RNF43,2,1,3.435159,3,2.168583e-02,
TP53->-ERCC4,2,1,3.400000,3,3.342038e-02,
NOTCH2->-PIK3CA,2,1,3.400000,3,3.022321e-01,
BRCA2->-PIK3CA,2,1,3.357143,3,8.642683e-01,
SPEN->-ARID2,2,1,3.347826,3,6.507970e-02,
SPEN->-ARID2 TP53->-ARID2 TP53->-SPEN,3,3,2.347826,2,3.755045e-03,
GATA3->-ERBB3,2,1,3.274854,3,1.622970e-01,
RECQL4->-PIK3CA,2,1,3.251111,3,4.899207e-01,
TP53->-HGF,2,1,3.000000,3,5.433327e-02,
ATM->-KMT2C,2,1,3.000000,3,4.083844e-01,
TP53->-RHOA,2,1,3.000000,3,2.970404e-01,
IRS2->-CARD11,2,1,3.000000,3,3.508460e-02,
IRS2->-CARD11 TP53->-CARD11 TP53->-IRS2,3,3,2.000000,2,2.308104e-02,
PIK3CA->-EIF4A2,2,1,3.000000,3,2.479085e-01,
PIK3CA->-AMER1,2,1,3.000000,3,2.661848e-01,
PIK3CA->-JAK1,2,1,3.000000,3,6.724128e-01,
PIK3CA->-PIK3C3,2,1,3.000000,3,7.415526e-02,
PIK3CA->-SOX2,2,1,3.000000,3,1.555057e-02,
PIK3CA->-ARAF,2,1,3.000000,3,2.545816e-01,
PIK3CA->-ARAF PIK3CA->-TP53 TP53->-ARAF,3,3,2.000000,2,4.281906e-02,
TP53->-IDH1,2,1,3.000000,3,3.289541e-02,
TP53->-CDK12,2,1,3.000000,3,2.895295e-01,
CDH1->-PIK3CG,2,1,3.000000,3,2.242586e-01,
PIK3CA->-SMO,2,1,3.000000,3,6.233209e-01,
CDH1->-PIK3CA CDH1->-SMO PIK3CA->-SMO,3,3,2.000000,2,4.145774e-02,
TP53->-HIST1H1C,2,1,3.000000,3,8.359947e-02,
NCOR1->-PTEN,2,1,3.000000,3,3.982268e-01,
TP53->-MYCN,2,1,3.000000,3,5.023326e-02,
TP53->-FOXP1,2,1,3.000000,3,1.869996e-01,
STK11->-EP300,2,1,3.000000,3,2.648617e-01,
STK11->-EP300 TP53->-EP300 TP53->-STK11,3,3,2.000000,2,9.476934e-02,
BRCA1->-TET2,2,1,3.000000,3,1.157653e-01,
TP53->-RAD21,2,1,3.000000,3,1.586951e-02,
PIK3CA->-FH,2,1,3.000000,3,1.781250e-01,
CDKN2A->-TP53,2,1,3.000000,3,9.844000e-01,
TP53->-H3F3C,2,1,3.000000,3,3.584245e-02,
NF1->-NCOR1,2,1,3.000000,3,4.403061e-01,
CDH1->-LATS1,2,1,3.000000,3,7.772409e-02,
MAP2K4->-CDH1,2,1,3.000000,3,9.497496e-01,
TP53->-DNMT3B,2,1,3.000000,3,5.654762e-02,
NF1->-APC,2,1,3.000000,3,3.658937e-01,
TET2->-PIK3CA,2,1,3.000000,3,8.546608e-01,
TP53->-ERG,2,1,3.000000,3,4.122330e-02,
TP53->-KDM5C,2,1,3.000000,3,5.431812e-01,
FAT1->-TP53,2,1,3.000000,3,9.992605e-01,
MAP2K4->-APC,2,1,3.000000,3,5.733333e-02,
RAD52->-TP53,2,1,3.000000,3,1.960819e-01,
MAP2K4->-TET2,2,1,3.000000,3,7.800454e-02,
CDH1->-TET2 MAP2K4->-CDH1 MAP2K4->-TET2,3,3,2.000000,2,1.819292e-02,
CDH1->-MTOR MAP2K4->-CDH1 MAP2K4->-MTOR,3,3,2.000000,2,1.819292e-02,
ARID1B->-KMT2C,2,1,3.000000,3,9.974474e-02,
ARID1B->-KMT2C ARID1B->-PIK3CA KMT2C->-PIK3CA,3,3,2.000000,2,2.285591e-02,
ARID1B->-PTCH1,2,1,2.000000,2,2.295895e-01,
PIK3CA->-FBXW7,2,1,3.000000,3,4.746528e-01,
TP53->-ERCC2,2,1,3.000000,3,2.610588e-02,
CDH1->-GPS2,2,1,3.000000,3,5.768353e-01,
PIK3CA->-HIST1H3B,2,1,3.000000,3,2.098412e-01,
KMT2D->-TP53,2,1,3.000000,3,9.999781e-01,
PIK3CA->-KDM5A,2,1,3.000000,3,3.638393e-01,
TP53->-ABL1,2,1,3.000000,3,2.728669e-01,
NCOR1->-TBX3,2,1,3.000000,3,2.076513e-01,
CDH1->-TBX3 NCOR1->-CDH1 NCOR1->-TBX3,3,3,2.000000,2,1.785714e-02,
TP53->-PIK3R3,2,1,3.000000,3,5.833333e-02,
ARID1A->-ARID2,2,1,3.000000,3,7.890556e-01,
SETD2->-ARID1A,2,1,3.000000,3,4.785401e-01,
ARID1A->-PIK3CA SETD2->-ARID1A SETD2->-PIK3CA,3,3,2.000000,2,1.823223e-01,
NOTCH1->-PIK3CA SETD2->-NOTCH1 SETD2->-PIK3CA,3,3,2.000000,2,6.486641e-02,
ARID2->-PIK3CA,2,1,3.000000,3,9.581720e-01,
ARID1A->-ARID2 ARID1A->-PIK3CA ARID2->-PIK3CA,3,3,2.000000,2,1.194515e-01,
LATS2->-PIK3CA,2,1,3.000000,3,5.626479e-01,
ESR1->-RICTOR,2,1,3.000000,3,4.381266e-01,
GATA3->-PTEN,2,1,3.000000,3,7.415034e-01,
AXL->-PIK3CA,2,1,3.000000,3,5.044769e-01,
EP300->-PIK3CA,2,1,3.000000,3,8.524614e-01,
KMT2A->-BRCA2,2,1,3.000000,3,1.751638e-01,
TP53->-ASXL1,2,1,3.000000,3,8.333333e-02,
MTOR->-XPO1,2,1,3.000000,3,1.250000e-01,
KMT2C->-XPO1,2,1,3.000000,3,1.245471e-01,
KMT2C->-PTPRD,2,1,3.000000,3,2.507498e-01,
NSD1->-MAP3K1,2,1,3.000000,3,7.323394e-01,
CDH1->-MAP3K1 CDH1->-NSD1 NSD1->-MAP3K1,3,3,2.000000,2,1.195790e-01,
CDH1->-DOT1L CDH1->-MAP3K1 DOT1L->-MAP3K1,3,3,2.000000,2,2.184236e-02,
NSD1->-KMT2C,2,1,3.000000,3,4.371973e-01,
NSD1->-KMT2C PIK3CA->-KMT2C PIK3CA->-NSD1,3,3,2.000000,2,2.777778e-02,
ARID1A->-KMT2C ARID1A->-NSD1 NSD1->-KMT2C,3,3,2.000000,2,2.777778e-02,
MAP3K1->-KMT2C NSD1->-KMT2C NSD1->-MAP3K1,3,3,2.000000,2,4.522412e-02,
ARID1A->-EPHB1,2,1,3.000000,3,8.201058e-02,
ARID1A->-EPHB1 TP53->-ARID1A TP53->-EPHB1,3,3,2.000000,2,2.652286e-02,
MAP3K1->-EPHB1,2,1,3.000000,3,4.553571e-01,
CDH1->-EPHB1 CDH1->-MAP3K1 CDH1->-PIK3CA MAP3K1->-EPHB1 PIK3CA->-EPHB1 PIK3CA->-MAP3K1,4,6,2.000000,2,7.440476e-04,
CDH1->-DOT1L,2,1,3.000000,3,2.134463e-01,
ARID1A->-MAP3K1,2,1,3.000000,3,9.073836e-01,
ARID1A->-FOXA1,2,1,3.000000,3,3.506632e-01,
DOT1L->-MAP3K1,2,1,3.000000,3,1.969373e-01,
CBFB->-EGFR,2,1,3.000000,3,8.333333e-02,
NCOR1->-FAT1,2,1,3.000000,3,1.785386e-01,
PIK3CA->-FGFR3,2,1,3.000000,3,3.612542e-01,
STAG2->-FAT1,2,1,3.000000,3,3.114035e-01,
PIK3CA->-RBM10,2,1,3.000000,3,2.553728e-01,
PIK3CA->-ASXL2,2,1,3.000000,3,5.840630e-01,
PIK3CA->-PDCD1,2,1,3.000000,3,3.106667e-01,
AKT1->-RUNX1,2,1,3.000000,3,6.111111e-02,
IKZF1->-PIK3CA,2,1,3.000000,3,6.853716e-01,
CDH1->-FLT1,2,1,3.000000,3,1.250000e-01,
HIST1H3I->-SMARCA4,2,1,3.000000,3,1.067940e-01,
HIST1H3I->-SMARCA4 PIK3CA->-HIST1H3I PIK3CA->-SMARCA4,3,3,2.000000,2,6.227808e-02,
CDH1->-EPHA7,2,1,3.000000,3,1.240809e-01,
TP53->-LATS1,2,1,3.000000,3,4.437500e-01,
TP53->-SOX2,2,1,3.000000,3,7.291667e-02,
CDH1->-GRIN2A,2,1,3.000000,3,1.250000e-01,
TP53->-GNA11,2,1,3.000000,3,6.177306e-02,
TP53->-PIK3C3,2,1,3.000000,3,5.069739e-02,
MDC1->-PIK3CA,2,1,3.000000,3,9.058797e-01,
IRS1->-PIK3CA,2,1,3.000000,3,6.005216e-01,
CARD11->-ATR TP53->-ATR TP53->-CARD11,3,3,3.000000,2,1.159349e-02,
TP53->-NTRK3,2,1,3.000000,3,3.125000e-01,
ARID1A->-EGFR,2,1,3.000000,3,1.250000e-01,
ARID1A->-EGFR GATA3->-ARID1A GATA3->-EGFR,3,3,2.000000,2,2.777778e-02,
GATA3->-NUP93,2,1,3.000000,3,1.250000e-01,
GATA3->-NUP93 PIK3CA->-GATA3 PIK3CA->-NUP93,3,3,2.000000,2,7.407407e-02,
ARID1A->-SPEN PIK3CA->-ARID1A PIK3CA->-SPEN,3,3,3.000000,3,1.607790e-02,
ARID1A->-SPEN CDH1->-ARID1A CDH1->-SPEN,3,3,2.000000,2,2.747585e-02,
ARID1A->-SPEN MEN1->-ARID1A MEN1->-SPEN,3,3,2.000000,2,2.747585e-02,
MAP3K1->-SPEN,2,1,3.000000,3,2.723214e-01,
GATA3->-SPEN MAP3K1->-GATA3 MAP3K1->-SPEN,3,3,2.000000,2,1.736111e-02,
KMT2C->-SPEN,2,1,3.000000,3,6.431636e-01,
AKT1->-NF1,2,1,3.000000,3,9.523810e-02,
TSC2->-PIK3CA,2,1,3.000000,3,7.044946e-01,
ROS1->-PIK3CA,2,1,3.000000,3,8.608300e-01,
ROS1->-TP53,2,1,3.000000,3,9.395299e-01,
PIK3CA->-ROS1 PIK3CA->-TP53 ROS1->-TP53,3,3,2.000000,2,1.070870e-01,
TBX3->-ANKRD11,2,1,3.000000,3,5.000000e-01,
CDH1->-BRCA2 CDH1->-ESR1 ESR1->-BRCA2,3,3,3.000000,3,4.629630e-03,
CDH1->-HNF1A,2,1,3.000000,3,1.215278e-01,
PIK3CA->-GNA11,2,1,3.000000,3,2.144702e-01,
ATM->-FAT1 PIK3CA->-ATM PIK3CA->-FAT1 PIK3CA->-TP53 TP53->-ATM TP53->-FAT1,4,6,2.000000,2,3.479112e-03,
GNA11->-FAT1 PIK3CA->-FAT1 PIK3CA->-GNA11 PIK3CA->-TP53 TP53->-FAT1 TP53->-GNA11,4,6,2.000000,2,9.093915e-04,
ATM->-FAT1,2,1,3.000000,3,1.991816e-01,
PIK3CA->-GATA2,2,1,3.000000,3,3.076197e-01,
PIK3CA->-CTCF,2,1,3.000000,3,9.358147e-01,
TP53->-INPP4A,2,1,3.000000,3,8.333333e-02,
PIK3CA->-SMAD2,2,1,3.000000,3,2.010911e-01,
PIK3C2G->-CREBBP,2,1,3.000000,3,1.999841e-01,
PIK3C2G->-CREBBP PIK3CA->-CREBBP PIK3CA->-PIK3C2G,3,3,2.000000,2,8.177950e-02,
ATRX->-PIK3CA,2,1,3.000000,3,9.024075e-01,
DOT1L->-PIK3CA,2,1,3.000000,3,4.750000e-01,
NCOR1->-CARD11,2,1,3.000000,3,2.833333e-01,
TP53->-CDK4,2,1,3.000000,3,1.250000e-01,
TP53->-AKT2,2,1,3.000000,3,8.750000e-02,
PTEN->-NSD1,2,1,3.000000,3,1.065256e-01,
NCOR1->-NSD1 PTEN->-NCOR1 PTEN->-NSD1 TP53->-NCOR1 TP53->-NSD1 TP53->-PTEN,4,6,2.000000,2,1.636905e-03,
MED12->-NSD1,2,1,3.000000,3,2.735486e-01,
CHEK2->-TP53,2,1,3.000000,3,2.860022e-01,
CHEK2->-PIK3CA CHEK2->-TP53 TP53->-PIK3CA,3,3,2.000000,2,2.698413e-02,
CDH1->-KDM6A,2,1,3.000000,3,4.986213e-01,
MTOR->-CDH1,2,1,3.000000,3,6.887545e-01,
CDH1->-PBRM1,2,1,3.000000,3,3.125000e-01,
NF1->-ARID1A,2,1,3.000000,3,2.500000e-01,
NF1->-ARID1A PIK3CA->-ARID1A PIK3CA->-NF1,3,3,2.000000,2,4.398148e-02,
ATM->-ESR1,2,1,3.000000,3,8.750000e-02,
ATRX->-GATA3,2,1,3.000000,3,2.008929e-01,
CDH1->-ARID1B,2,1,3.000000,3,2.701495e-01,
ARID1B->-PTPRS ARID1B->-TSC2 CDH1->-ARID1B CDH1->-PTPRS CDH1->-TSC2 PTPRS->-TSC2,4,6,2.000000,2,1.224181e-03,
ARID1B->-KMT2C ARID1B->-NF1 ARID1B->-TSC2 CDH1->-ARID1B CDH1->-KMT2C CDH1->-NF1 CDH1->-TSC2 KMT2C->-NF1 KMT2C->-TSC2 NF1->-TSC2,5,10,2.000000,2,3.576586e-04,
CDH1->-SMARCB1,2,1,3.000000,3,9.523810e-02,
ESR1->-RHOA,2,1,3.000000,3,1.250000e-01,
CDH1->-ESR1 CDH1->-RHOA ESR1->-RHOA,3,3,2.000000,2,2.777778e-02,
CDH1->-ERCC5,2,1,3.000000,3,4.723426e-02,
MAP3K1->-PTPRD,2,1,3.000000,3,1.760663e-01,
ARID1A->-JAK1,2,1,3.000000,3,1.250000e-01,
ARID1A->-JAK1 ARID1A->-PIK3CA JAK1->-PIK3CA,3,3,2.000000,2,7.407407e-02,
CBFB->-ERBB2,2,1,3.000000,3,1.041667e-01,
AKT1->-CBFB,2,1,3.000000,3,7.985147e-01,
BCL6->-CDH1,2,1,3.000000,3,4.635417e-01,
MST1R->-MAP3K1 PIK3CA->-MAP3K1 PIK3CA->-MST1R,3,3,3.000000,3,4.133598e-03,
MST1R->-KMT2C,2,1,3.000000,3,3.058036e-01,
MST1R->-KMT2C PIK3CA->-KMT2C PIK3CA->-MST1R,3,3,2.000000,2,6.911376e-02,
TP53->-CUL3,2,1,3.000000,3,2.777778e-02,
ARID1A->-ATM,2,1,3.000000,3,3.264286e-01,
CDH1->-ARID2,2,1,3.000000,3,2.184103e-01,
CDH1->-ARID2 CDH1->-PIK3CA PIK3CA->-ARID2,3,3,2.000000,2,7.357085e-02,
PTPRT->-PIK3CA,2,1,3.000000,3,9.827406e-01,
ARID1A->-NOTCH4,2,1,3.000000,3,1.245471e-01,
ARID1A->-ATR,2,1,3.000000,3,1.230159e-01,
PIK3CA->-KMT2D PIK3CA->-ROS1 ROS1->-KMT2D,3,3,2.000000,2,2.652286e-02,
ARID1A->-BCOR PIK3CA->-ARID1A PIK3CA->-BCOR PIK3CA->-ROS1 ROS1->-ARID1A ROS1->-BCOR,4,6,2.000000,2,1.587471e-03,
ARID1A->-ATR PIK3CA->-ARID1A PIK3CA->-ATR PIK3CA->-ROS1 ROS1->-ARID1A ROS1->-ATR,4,6,2.000000,2,1.587471e-03,
ESR1->-NCOR1,2,1,3.000000,3,6.562500e-01,
GATA3->-RICTOR,2,1,3.000000,2,3.028511e-01,
PTPRT->-KMT2C,2,1,3.000000,3,1.245059e-01,
PTPRT->-KMT2C TP53->-KMT2C TP53->-PTPRT,3,3,2.000000,2,7.352511e-02,
PTPRT->-KMT2D,2,1,3.000000,3,5.784592e-01,
KMT2D->-PIK3CA PTPRT->-KMT2D PTPRT->-PIK3CA,3,3,2.000000,2,1.471666e-01,
NF1->-KMT2D,2,1,3.000000,3,2.347551e-01,
PTPRS->-KMT2C,2,1,3.000000,3,2.781015e-01,
PTPRS->-KMT2C TP53->-KMT2C TP53->-PTPRS,3,3,2.000000,2,2.380952e-02,
KMT2C->-KMT2D,2,1,3.000000,3,6.856711e-01,
KMT2C->-KMT2D TP53->-KMT2C TP53->-KMT2D,3,3,2.000000,2,1.701358e-01,
KMT2C->-KMT2D PTPRT->-KMT2C PTPRT->-KMT2D,3,3,2.000000,2,2.744840e-02,
CREBBP->-TP53,2,1,3.000000,3,9.862726e-01,
ESR1->-SPEN,2,1,3.000000,3,4.437500e-01,
FGFR4->-PIK3CA,2,1,3.000000,3,7.601794e-01,
MEN1->-FAT1,2,1,3.000000,3,9.038654e-02,
TP53->-CDKN1B,2,1,3.000000,3,1.662987e-01,
SF3B1->-GATA3,2,1,3.000000,3,7.483259e-01,
SOX9->-TP53,2,1,3.000000,3,5.412563e-01,
SPEN->-CDH1,2,1,3.000000,3,9.279230e-01,
SPEN->-TP53,2,1,3.000000,3,9.646480e-01,
SDHB->-GATA3,2,1,3.000000,3,2.158106e-01,
PTEN->-MST1R,2,1,3.000000,3,8.333333e-02,
KDM5C->-TP53,2,1,3.000000,3,5.391216e-01,
NCOR1->-ESR1,2,1,3.000000,3,6.562500e-01,
ESR1->-EGFR,2,1,3.000000,3,1.250000e-01,
ESR1->-EGFR ESR1->-GATA3 GATA3->-EGFR,3,3,2.000000,2,2.777778e-02,
ASXL1->-PIK3CA,2,1,3.000000,3,5.111005e-01,
TP53->-BBC3,2,1,3.000000,3,2.500000e-02,
CBFB->-CDKN1B,2,1,3.000000,3,9.821429e-02,
GATA3->-NF1,2,1,3.000000,3,1.986111e-01,
TP53->-SOX9,2,1,3.000000,3,5.412563e-01,
SOX9->-PTCH1 TP53->-PTCH1 TP53->-SOX9,3,3,2.000000,2,2.537879e-02,
PIK3CA->-ARID1B,2,1,3.000000,3,7.452125e-01,
PIK3CA->-ASXL1,2,1,3.000000,3,5.101077e-01,
ARID1A->-APC,2,1,3.000000,3,3.088552e-01,
ARID1A->-APC CDH1->-APC CDH1->-ARID1A,3,3,2.000000,2,2.747585e-02,
ARID1A->-CREBBP CDH1->-ARID1A CDH1->-CREBBP,3,3,2.000000,2,8.861036e-02,
ERBB2->-PTCH1,2,1,3.000000,3,1.245471e-01,
CDH1->-PTCH1 ERBB2->-CDH1 ERBB2->-PTCH1,3,3,2.000000,2,7.357085e-02,
ERBB2->-PIK3CA ERBB2->-PTCH1 PIK3CA->-PTCH1,3,3,2.000000,2,2.747585e-02,
ERBB2->-KMT2C ERBB2->-PTCH1 KMT2C->-PTCH1,3,3,2.000000,2,2.747585e-02,
CDH1->-NOTCH2,2,1,3.000000,3,5.102405e-02,
CBFB->-PTEN,2,1,3.000000,3,2.790179e-01,
PIK3CA->-BRAF,2,1,3.000000,3,5.000000e-01,
PIK3CA->-STK11,2,1,3.000000,3,8.761681e-01,
TP53->-EIF4A2,2,1,3.000000,3,1.851648e-01,
CDH1->-CDKN2A,2,1,3.000000,3,1.250000e-01,
CDH1->-MSH2,2,1,3.000000,3,1.240809e-01,
PIK3CA->-SMARCD1,2,1,3.000000,3,5.833333e-02,
CTCF->-GATA3,2,1,3.000000,3,2.465278e-01,
FOXP1->-PIK3CA,2,1,3.000000,3,6.665874e-01,
TP53->-RAD54L,2,1,3.000000,3,6.666667e-02,
CTCF->-MAP3K1,2,1,3.000000,3,3.753247e-01,
KMT2A->-MAP3K1,2,1,3.000000,3,3.248191e-01,
TP53->-CSF1R,2,1,3.000000,3,1.083333e-01,
MAP2K4->-FOXP1,2,1,3.000000,3,5.000000e-02,
AKT1->-ESR1,2,1,3.000000,3,1.029740e-01,
ARID1A->-ARID5B,2,1,3.000000,3,1.245471e-01,
ARID1A->-ARID5B ARID1A->-TP53 TP53->-ARID5B,3,3,2.000000,2,2.777778e-02,
BRCA1->-GATA2,2,1,3.000000,3,1.207330e-01,
BRCA1->-GATA2 TP53->-BRCA1 TP53->-GATA2,3,3,2.000000,2,6.955524e-02,
CDH1->-PIK3C2G,2,1,3.000000,3,2.856871e-01,
CDH1->-PIK3C2G CDH1->-PIK3CA PIK3CA->-PIK3C2G,3,3,2.000000,2,7.352511e-02,
TP53->-SYK,2,1,3.000000,3,2.877747e-01,
PBRM1->-TP53,2,1,3.000000,3,6.878701e-01,
ARID1B->-NF1,2,1,3.000000,3,1.041835e-01,
ARID1B->-NF1 PTEN->-ARID1B PTEN->-NF1,3,3,2.000000,2,2.002216e-02,
SMAD4->-TP53,2,1,3.000000,3,4.196429e-01,
GATA3->-FAT1,2,1,3.000000,3,5.530686e-01,
TP53->-SH2B3,2,1,3.000000,3,1.697846e-01,
STAG2->-TP53,2,1,3.000000,3,9.911272e-01,
TP53->-RET,2,1,3.000000,3,7.142857e-02,
CDKN1B->-MAP3K1,2,1,3.000000,3,6.318341e-01,
CDKN1B->-BAP1 CDKN1B->-MAP3K1 MAP3K1->-BAP1 PIK3CA->-BAP1 PIK3CA->-CDKN1B PIK3CA->-MAP3K1,4,6,2.000000,2,1.736111e-03,
PIK3CA->-KLF4,2,1,3.000000,3,4.598214e-01,
CDH1->-EPHA5,2,1,3.000000,3,8.333333e-02,
PTEN->-ARID2,2,1,3.000000,3,1.230159e-01,
PTEN->-ARID2 TP53->-ARID2 TP53->-PTEN,3,3,2.000000,2,7.198254e-02,
ATRX->-ARID2 TP53->-ARID2 TP53->-ATRX,3,3,2.000000,2,2.652286e-02,
ATRX->-ARID2 EPHA5->-ARID2 EPHA5->-ATRX,3,3,2.000000,2,2.652286e-02,
EPHA5->-ARID2 EPHA5->-ROS1 ROS1->-ARID2,3,3,2.000000,2,2.652286e-02,
MAP3K1->-ARID2 PTEN->-ARID2 PTEN->-MAP3K1,3,3,2.000000,2,2.777778e-02,
EPCAM->-ARID2 PTEN->-ARID2 PTEN->-EPCAM,3,3,2.000000,2,2.777778e-02,
EPCAM->-ARID2 TP53->-ARID2 TP53->-EPCAM,3,3,2.000000,2,2.777778e-02,
CDH1->-KDM5C,2,1,3.000000,3,6.527289e-02,
CDH1->-BLM,2,1,3.000000,3,2.672095e-01,
CDH1->-BLM CDH1->-PIK3CA PIK3CA->-BLM,3,3,2.000000,2,5.628018e-02,
PIK3CA->-ABL1,2,1,3.000000,3,2.645833e-01,
PTEN->-ZFHX3 TP53->-PTEN TP53->-ZFHX3,3,3,3.000000,3,4.014504e-03,
KMT2D->-TBX3,2,1,3.000000,3,1.250000e-01,
CDH1->-FLT4,2,1,3.000000,3,8.750000e-02,
RUNX1->-NCOR1,2,1,3.000000,3,8.554688e-01,
PIK3CA->-NCOR1 PIK3CA->-RUNX1 RUNX1->-NCOR1,3,3,2.000000,2,2.632245e-01,
NF1->-KMT2A,2,1,3.000000,3,3.118207e-01,
NF1->-KMT2A TP53->-KMT2A TP53->-NF1,3,3,2.000000,2,2.777778e-02,
NF1->-KMT2A PIK3CA->-KMT2A PIK3CA->-NF1,3,3,2.000000,2,2.747585e-02,
PIK3CA->-AURKA,2,1,3.000000,3,6.324405e-02,
PIK3CA->-AURKA TP53->-AURKA TP53->-PIK3CA,3,3,2.000000,2,2.814980e-02,
RB1->-TET1,2,1,3.000000,3,3.114035e-01,
PIK3CA->-RB1 PIK3CA->-TET1 RB1->-TET1,3,3,2.000000,2,7.326186e-02,
RB1->-TET1 TP53->-RB1 TP53->-TET1,3,3,2.000000,2,7.407407e-02,
TP53->-AKT1,2,1,3.000000,3,9.995595e-01,
NOTCH4->-PIK3CA,2,1,3.000000,3,9.750797e-01,
RHOA->-GATA3,2,1,3.000000,3,1.026786e-01,
PIK3CA->-GATA3 RHOA->-GATA3 RHOA->-PIK3CA,3,3,2.000000,2,5.753968e-02,
CDH1->-GATA3 CDH1->-RHOA RHOA->-GATA3,3,3,2.000000,2,1.785714e-02,
CBFB->-ESR1,2,1,3.000000,3,2.562500e-01,
CBFB->-ESR1 CBFB->-PIK3CA PIK3CA->-ESR1,3,3,2.000000,2,1.111111e-02,
PIK3CA->-NCOA3,2,1,3.000000,3,1.037893e-01,
ARID1A->-NCOR1 PIK3CA->-ARID1A PIK3CA->-NCOR1,3,3,3.000000,3,1.607790e-02,
SMAD4->-ESR1,2,1,3.000000,3,1.041667e-01,
SMAD4->-CDH1,2,1,3.000000,3,6.436685e-01,
CBFB->-KMT2C,2,1,3.000000,3,3.958333e-01,
CBFB->-KMT2C CBFB->-PIK3CA KMT2C->-PIK3CA,3,3,2.000000,2,1.218975e-01,
PTEN->-BCOR,2,1,3.000000,3,1.230159e-01,
SPEN->-ATM,2,1,3.000000,3,4.600172e-01,
SPEN->-ATM SPEN->-TP53 TP53->-ATM,3,3,2.000000,2,4.362785e-02,
AKT1->-TET2,2,1,3.000000,3,1.941020e-01,
AKT1->-TET2 AKT1->-TP53 TP53->-TET2,3,3,2.000000,2,5.423280e-02,
PIK3CA->-APC PIK3CA->-SPEN SPEN->-APC,3,3,3.000000,3,5.922082e-03,
PIK3CA->-APC PIK3CA->-SPEN PIK3CA->-TP53 SPEN->-APC TP53->-APC TP53->-SPEN,4,6,2.000000,2,1.701389e-03,
PIK3CA->-ERCC5,2,1,3.000000,3,3.118750e-01,
FGFR4->-KMT2D,2,1,3.000000,3,1.245833e-01,
CREBBP->-CDH1,2,1,3.000000,3,9.214404e-01,
CDH1->-PIK3CA CREBBP->-CDH1 CREBBP->-PIK3CA,3,3,2.000000,2,2.823526e-01,
BRCA1->-PIK3CA TP53->-BRCA1 TP53->-PIK3CA,3,3,2.000000,2,3.200940e-02,
TP53->-HIST3H3,2,1,3.000000,3,8.300395e-02,
BRCA1->-PIK3CA,2,1,3.000000,3,7.601677e-01,
JAK1->-TP53,2,1,3.000000,3,8.112384e-01,
JAK1->-PIK3CA JAK1->-TP53 TP53->-PIK3CA,3,3,2.000000,2,7.275132e-02,
FAT1->-SPEN,2,1,3.000000,3,5.382653e-01,
CDH1->-IRF4,2,1,3.000000,3,1.026786e-01,
ROS1->-ARID1A,2,1,3.000000,3,1.578116e-01,
LATS1->-KMT2C,2,1,3.000000,3,2.121376e-01,
ROS1->-KMT2D,2,1,3.000000,3,2.342720e-01,
ASXL2->-PIK3CA,2,1,3.000000,3,5.840630e-01,
PIK3CA->-CDKN1A,2,1,3.000000,3,3.656219e-01,
PIK3CA->-CDKN1A PIK3CA->-TP53 TP53->-CDKN1A,3,3,2.000000,2,5.941283e-02,
TBX3->-PTCH1,2,1,3.000000,3,1.245471e-01,
AKT1->-CTCF,2,1,3.000000,3,1.500000e-01,
TP53->-NFKBIA,2,1,3.000000,3,9.882479e-02,
CBFB->-SPEN,2,1,3.000000,3,9.821429e-02,
CBFB->-SPEN GATA3->-CBFB GATA3->-SPEN,3,3,2.000000,2,5.671296e-02,
TP53->-BLM,2,1,3.000000,3,1.630660e-01,
PTPRS->-TSC2,2,1,3.000000,3,7.253512e-02,
PTEN->-ROS1,2,1,3.000000,3,3.095238e-01,
TP53->-PIK3CD,2,1,3.000000,3,1.185897e-01,
CDH1->-PIK3CA GPS2->-CDH1 GPS2->-PIK3CA,3,3,3.000000,3,1.221001e-02,
INPP4A->-ESR1,2,1,3.000000,3,3.125000e-01,
INPP4A->-ESR1 PIK3CA->-ESR1 PIK3CA->-INPP4A,3,3,2.000000,2,7.407407e-02,
TBX3->-ERBB2,2,1,3.000000,3,7.603088e-01,
CDH1->-ERBB2 TBX3->-CDH1 TBX3->-ERBB2,3,3,2.000000,2,1.241109e-01,
CDH1->-TSC2,2,1,3.000000,3,8.164585e-02,
GATA3->-ALK,2,1,3.000000,3,2.350050e-01,
PDGFRA->-PIK3CA,2,1,3.000000,3,6.691201e-01,
PIK3CA->-RAD54L,2,1,3.000000,3,2.622645e-01,
MAP3K1->-ERCC5,2,1,3.000000,3,3.947156e-01,
MAP3K1->-ERCC5 TP53->-ERCC5 TP53->-MAP3K1,3,3,2.000000,2,6.460758e-02,
ARID1A->-BRCA2,2,1,3.000000,3,4.349561e-01,
ARID1A->-BRCA2 ARID1A->-PIK3CA PIK3CA->-BRCA2,3,3,2.000000,2,5.374135e-02,
ARID1A->-CREBBP,2,1,3.000000,3,2.281969e-01,
ARID1A->-CREBBP ARID1A->-PIK3CA PIK3CA->-CREBBP,3,3,2.000000,2,5.573162e-02,
PIK3CA->-RASA1,2,1,3.000000,3,2.325822e-01,
TBX3->-BRCA2,2,1,3.000000,3,3.290293e-01,
MAP2K4->-ESR1,2,1,3.000000,3,3.674331e-02,
PIK3CA->-SOX17,2,1,3.000000,3,2.346599e-01,
PIK3CA->-FGFR1,2,1,3.000000,3,2.132937e-01,
CDH1->-NOTCH1,2,1,3.000000,3,4.329247e-01,
PIK3CA->-SDHB,2,1,3.000000,3,2.175053e-01,
PIK3CA->-SDHB TP53->-PIK3CA TP53->-SDHB,3,3,2.000000,2,6.398506e-02,
CHEK2->-GATA3,2,1,3.000000,3,1.990170e-01,
KRAS->-PIK3CA,2,1,3.000000,3,7.920353e-01,
NOTCH1->-MAP3K1,2,1,3.000000,3,3.567680e-01,
LATS1->-TSC2,2,1,3.000000,3,4.331056e-02,
MAP3K1->-CARD11,2,1,3.000000,3,2.432106e-02,
CHEK2->-ARID1A,2,1,3.000000,3,4.965012e-02,
MEN1->-STAG2,2,1,3.000000,3,9.038654e-02,
GATA3->-NUP93 MEN1->-GATA3 MEN1->-NUP93 MEN1->-STAG2 STAG2->-GATA3 STAG2->-NUP93,4,6,2.000000,2,1.736111e-03,
MEN1->-NUP93 MEN1->-PIK3CA PIK3CA->-NUP93,3,3,2.000000,2,2.777778e-02,
CDH1->-CDK12,2,1,3.000000,3,1.647540e-02,
ATRX->-EPHB1,2,1,3.000000,3,6.266327e-02,
ATRX->-EPHB1 TP53->-ATRX TP53->-EPHB1,3,3,2.000000,2,3.771812e-02,
PTEN->-EPHB1,2,1,2.000000,2,1.267514e-01,
ATRX->-EPHB1 CDH1->-ATRX CDH1->-EPHB1,3,3,2.000000,2,8.682291e-03,
PTEN->-PTPRS,2,1,3.000000,3,4.845855e-02,
PTEN->-MAP2K4,2,1,3.000000,3,7.983869e-01,
PTEN->-MAP2K4 PTEN->-TP53 TP53->-MAP2K4,3,3,2.000000,2,6.691982e-02,
TP53->-FLT3,2,1,3.000000,3,4.529324e-02,
GATA3->-CARD11,2,1,3.000000,3,4.134548e-02,
CDH1->-DAXX,2,1,3.000000,3,8.722093e-02,
TP53->-YES1,2,1,3.000000,3,8.709736e-02,
PIK3CA->-YES1 TP53->-PIK3CA TP53->-YES1,3,3,2.000000,2,5.312007e-02,
KRAS->-KMT2C,2,1,3.000000,3,2.132770e-01,
TP53->-MST1R,2,1,3.000000,3,8.579685e-02,
PTEN->-MST1R TP53->-MST1R TP53->-PTEN,3,3,2.000000,2,2.777778e-02,
ERBB3->-TBX3,2,1,3.000000,3,4.508607e-01,
APC->-ATM,2,1,3.000000,3,4.118294e-02,
APC->-ATM APC->-PIK3CA PIK3CA->-ATM,3,3,2.000000,2,3.171387e-02,
KDM6A->-PIK3CA,2,1,3.000000,3,1.717153e-01,
MAP3K1->-FAT1,2,1,3.000000,3,3.840387e-02,
ERBB2->-ARID1A,2,1,3.000000,3,1.838970e-01,
ERBB2->-ARID2,2,1,3.000000,3,3.818292e-02,
PTEN->-FAT1,2,1,3.000000,3,4.351441e-01,
KMT2C->-STAT5B,2,1,3.000000,3,2.725631e-02,
TP53->-RPS6KA4,2,1,3.000000,3,1.556386e-01,
KMT2C->-ATM,2,1,3.000000,3,4.120371e-01,
PIK3CA->-PAK1,2,1,3.000000,3,1.223148e-02,
PIK3CA->-FLT1,2,1,3.000000,3,4.101966e-01,
TP53->-FLT1,2,1,3.000000,3,6.497834e-02,
PIK3CA->-FGF4,2,1,3.000000,3,6.472842e-02,
PIK3CA->-TRAF2,2,1,3.000000,3,2.199994e-01,
PIK3CA->-TP53 PIK3CA->-TRAF2 TP53->-TRAF2,3,3,2.000000,2,7.545036e-03,
TP53->-PDGFRB,2,1,3.000000,3,9.944889e-02,
PTEN->-NBN,2,1,3.000000,3,4.731756e-02,
PTEN->-NBN TP53->-NBN TP53->-PTEN,3,3,2.000000,2,2.777778e-02,
PTEN->-PIK3CD,2,1,3.000000,3,4.688394e-02,
PTEN->-PIK3CD TP53->-PIK3CD TP53->-PTEN,3,3,2.000000,2,2.408702e-02,
PTEN->-ATM,2,1,3.000000,3,3.188166e-02,
PIK3CA->-ATM PTEN->-ATM PTEN->-PIK3CA,3,3,2.000000,2,3.998667e-03,
PTEN->-JAK3,2,1,3.000000,3,2.564923e-02,
PIK3CA->-AXL,2,1,3.000000,3,5.045104e-01,
PIK3CA->-JAK2,2,1,2.951585,2,3.400814e-01,
KMT2C->-AR,2,1,2.839988,2,3.271022e-01,
IRS2->-PIK3CA,2,1,2.748889,2,1.599356e-01,
PIK3R1->-MED12,2,1,2.736842,2,2.846170e-01,
SPEN->-KMT2C,2,1,2.733333,2,6.579720e-01,
PTEN->-DNMT1,2,1,2.701754,2,3.198017e-02,
PIK3CA->-DNMT1 PTEN->-DNMT1 PTEN->-PIK3CA,3,3,2.000000,2,5.164945e-03,
NOTCH2->-SPEN,2,1,2.666667,2,3.721379e-02,
APC->-PARP1,2,1,2.666667,2,9.647222e-02,
CDH1->-IKBKE,2,1,2.666667,2,1.037549e-01,
PTEN->-BRCA2,2,1,2.666667,2,4.765078e-02,
TBX3->-FOXA1,2,1,2.665753,2,6.764465e-01,
MAP2K4->-PTPRS,2,1,2.665753,2,1.128354e-01,
ESR1->-NOTCH1,2,1,2.600000,2,2.596987e-01,
CDH1->-FBXW7,2,1,2.600000,2,1.041667e-01,
CDH1->-SF3B1,2,1,2.571429,2,2.750000e-01,
BCOR->-PIK3CA,2,1,2.533333,2,9.178156e-01,
ATM->-TBX3,2,1,2.505208,2,6.806065e-02,
ATM->-MAP3K1,2,1,2.505208,2,3.402894e-01,
ATM->-MAP3K1 ATM->-PIK3CA MAP3K1->-PIK3CA,3,3,2.000000,2,8.549002e-02,
TP53->-WT1,2,1,2.505208,2,7.122626e-02,
PTEN->-FOXA1,2,1,2.500000,2,3.755039e-01,
FAT1->-ATRX,2,1,2.500000,2,2.879191e-01,
FAT1->-ATRX TP53->-ATRX TP53->-FAT1,3,3,2.000000,2,1.027435e-02,
FAT1->-ATRX PTEN->-ATRX PTEN->-FAT1,3,3,2.000000,2,9.441297e-03,
SDHB->-TP53,2,1,2.500000,2,7.329678e-01,
FAT1->-GATA3,2,1,2.500000,2,6.443894e-01,
TP53->-FANCC,2,1,2.500000,2,7.904040e-02,
FAT1->-SETD2,2,1,2.500000,2,3.047215e-01,
KMT2C-/-PIK3CA,2,1,2.500000,0,8.144440e-01,
MAP3K1->-MEN1,2,1,2.500000,2,4.854911e-01,
RUNX1->-MAP3K1,2,1,2.500000,2,4.916667e-01,
MAP2K4->-ARID1A,2,1,2.500000,2,7.871821e-02,
PIK3CA->-FLT3,2,1,2.500000,2,5.000000e-01,
KDM5C->-ESR1,2,1,2.500000,2,3.062313e-01,
GATA3->-ATR,2,1,2.500000,2,1.250000e-01,
PIK3C2G->-MAP3K1,2,1,2.500000,2,3.033928e-01,
CREBBP->-MAP3K1 PIK3CA->-CREBBP PIK3CA->-MAP3K1,3,3,2.500000,2,3.258173e-03,
NF1->-ASXL1,2,1,2.500000,2,9.583333e-02,
PIK3CA->-GPS2,2,1,2.500000,2,8.367457e-01,
PIK3CA->-LATS2,2,1,2.500000,2,6.579470e-01,
MAP2K4->-MED12,2,1,2.500000,2,1.250000e-01,
PTPRS->-ARID2,2,1,2.500000,2,8.526431e-02,
ATR->-ARID2 PIK3CA->-ARID2 PIK3CA->-ATR PIK3CA->-PTPRS PTPRS->-ARID2 PTPRS->-ATR,4,6,2.000000,2,1.664402e-03,
CDH1->-ATM,2,1,2.500000,2,5.010204e-01,
CDH1->-ATM CDH1->-PIK3CA PIK3CA->-ATM,3,3,2.000000,2,1.302910e-01,
GATA3->-BRCA1,2,1,2.500000,2,4.345248e-01,
PIK3CA->-TP53 PIK3CA->-ZFHX3 ZFHX3->-TP53,3,3,2.500000,2,7.634882e-03,
ARID1A->-ANKRD11,2,1,2.500000,2,2.396266e-01,
CDH1->-MDC1,2,1,2.500000,2,2.419241e-01,
RUNX1->-ARID1A,2,1,2.500000,2,5.000000e-01,
ATRX->-FLT4,2,1,2.500000,2,1.253749e-01,
AKT1->-GPS2,2,1,2.500000,2,9.791667e-02,
ATR->-ALK,2,1,2.500000,2,1.260413e-01,
ATR->-ALK TP53->-ALK TP53->-ATR,3,3,2.000000,2,2.777778e-02,
ESR1->-ERBB4,2,1,2.500000,2,3.125000e-01,
TBX3->-ZFHX3,2,1,2.500000,2,4.155489e-01,
MED12->-PIK3CA,2,1,2.500000,2,9.761409e-01,
NCOR1->-FLT4,2,1,2.500000,2,1.250000e-01,
FAT1->-FLT4,2,1,2.500000,2,1.250000e-01,
FAT1->-FLT4 PIK3CA->-FAT1 PIK3CA->-FLT4,3,3,2.000000,2,2.777778e-02,
FAT1->-NF1 PIK3CA->-FAT1 PIK3CA->-NF1,3,3,2.000000,2,7.407407e-02,
SPEN->-FAT1,2,1,2.500000,2,6.477466e-01,
KMT2C->-NOTCH3,2,1,2.500000,2,1.250000e-01,
BRCA1->-CREBBP,2,1,2.500000,2,3.162639e-01,
ROS1->-BCOR,2,1,2.500000,2,1.076539e-01,
ARID1B->-KMT2A,2,1,2.500000,2,1.250000e-01,
ARID1B->-KMT2A ARID1B->-PIK3CA PIK3CA->-KMT2A,3,3,2.000000,2,2.747585e-02,
DDR2->-PIK3CA,2,1,2.500000,2,1.196429e-01,
PBRM1->-ERBB3,2,1,2.500000,2,1.306231e-01,
ATRX->-RB1,2,1,2.500000,2,3.140964e-01,
MAP3K1->-PTEN,2,1,2.500000,2,9.639973e-01,
SETD2->-ARID2,2,1,2.500000,2,2.516870e-01,
ARID1A->-TBX3,2,1,2.500000,2,4.304533e-01,
TP53->-FGFR1,2,1,2.500000,2,1.051587e-01,
TBX3->-MAP3K1,2,1,2.500000,2,9.173886e-01,
MAP3K1->-PIK3CA TBX3->-MAP3K1 TBX3->-PIK3CA,3,3,2.000000,2,1.889154e-01,
GATA3->-ASXL1,2,1,2.500000,2,2.645229e-01,
ARID1A->-MYC,2,1,2.500000,2,2.354815e-01,
ARID1A->-CARD11,2,1,2.500000,2,4.248500e-01,
ARID2->-CARD11,2,1,2.500000,2,2.938729e-01,
BRCA2->-ZFHX3,2,1,2.500000,2,5.937718e-02,
ATM->-SPEN,2,1,2.500000,2,5.656156e-01,
TBX3->-ESR1,2,1,2.500000,2,2.941103e-01,
ARID1A->-POLE,2,1,2.500000,2,2.828740e-01,
ARID1A->-POLE PIK3CA->-ARID1A PIK3CA->-POLE,3,3,2.000000,2,7.198254e-02,
NOTCH1->-ATM,2,1,2.500000,2,4.252084e-01,
PIK3CA->-MEN1,2,1,2.500000,2,9.766201e-01,
CDH1->-KRAS,2,1,2.000000,2,1.777952e-01,
CDH1->-KMT2C CDH1->-MEN1 CDH1->-PIK3CA MEN1->-KMT2C PIK3CA->-KMT2C PIK3CA->-MEN1,4,6,2.000000,2,1.107421e-03,
CDH1->-ARID5B CDH1->-MEN1 CDH1->-PIK3CA MEN1->-ARID5B PIK3CA->-ARID5B PIK3CA->-MEN1,4,6,2.000000,2,1.053091e-03,
CDH1->-CREBBP CDH1->-MEN1 CDH1->-PIK3CA MEN1->-CREBBP PIK3CA->-CREBBP PIK3CA->-MEN1,4,6,2.000000,2,1.229663e-03,
ERBB2->-RICTOR,2,1,2.500000,2,1.196546e-01,
PIK3CA->-KIT,2,1,2.500000,2,2.660961e-01,
PTEN->-DDR2,2,1,2.500000,2,2.595094e-01,
MAP3K1->-FANCA,2,1,2.500000,2,1.951493e-01,
YES1->-PARP1,2,1,2.500000,2,1.085874e-01,
PIK3CA->-PARP1 PIK3CA->-YES1 YES1->-PARP1,3,3,2.000000,2,1.501333e-02,
TP53->-PARP1 TP53->-YES1 YES1->-PARP1,3,3,2.000000,2,1.490337e-02,
TBX3->-FAT1,2,1,2.500000,2,3.556511e-02,
PIK3CG->-SETD2,2,1,2.500000,2,8.232739e-02,
KMT2A->-SETD2,2,1,2.500000,2,1.230479e-01,
KMT2A->-MED12,2,1,2.500000,2,2.936521e-01,
MGA->-KMT2A,2,1,2.500000,2,2.336622e-01,
FOXA1->-KMT2A,2,1,2.500000,2,1.222926e-01,
FOXA1->-KMT2A FOXA1->-PIK3CA PIK3CA->-KMT2A,3,3,2.000000,2,3.698767e-02,
KMT2C->-AKT1,2,1,2.500000,2,7.735095e-01,
PIK3CA->-RIT1,2,1,2.500000,2,1.208764e-01,
MED12->-FGFR4,2,1,2.500000,2,1.245156e-01,
PTCH1->-KMT2A,2,1,2.500000,2,3.066056e-01,
MAP3K1->-PIK3C3,2,1,2.499684,2,5.231785e-02,
MAP3K1->-JAK1,2,1,2.499684,2,9.496834e-02,
KMT2D->-PTPRT PIK3CA->-KMT2D PIK3CA->-PTPRT PIK3CA->-TP53 TP53->-KMT2D TP53->-PTPRT,4,6,2.490323,2,4.959410e-04,
ATR->-EP300,2,1,2.480000,2,1.018827e-01,
ERBB3->-CARD11,2,1,2.478873,1,1.909781e-01,
MGA->-ARID2 TP53->-ARID2 TP53->-MGA,3,3,2.470588,2,1.671803e-03,
BRCA2->-ARID1A,2,1,2.470588,2,5.785865e-01,
PIK3CA->-CD274,2,1,2.459016,2,2.538737e-01,
TP53->-U2AF1,2,1,2.440287,2,5.031656e-02,
CDH1->-BRCA1 TP53->-BRCA1 TP53->-CDH1,3,3,2.428571,2,1.071382e-02,
TP53->-FOXL2,2,1,2.419400,1,4.527380e-02,
SMAD4->-NCOR1,2,1,2.400000,2,1.217687e-01,
FAT1->-KMT2C,2,1,2.400000,2,8.988462e-01,
FAT1->-PTEN,2,1,2.400000,2,6.075174e-01,
ARID2->-ALK,2,1,2.363636,2,2.630790e-01,
TP53->-LATS2,2,1,2.359794,2,3.815936e-01,
PTPRT->-ARID2,2,1,2.347826,2,3.145116e-01,
FOXA1->-FAT1,2,1,2.341463,2,2.248049e-01,
ARID1A-/-PIK3CA,2,1,2.333333,0,3.934218e-01,
PTPRS->-KMT2D TP53->-KMT2D TP53->-PTPRS,3,3,2.333333,2,4.894572e-03,
GPS2->-TP53,2,1,2.333333,2,1.250000e-01,
TSC2->-KMT2D,2,1,2.333333,2,1.177108e-01,
MGA->-KMT2D TP53->-KMT2D TP53->-MGA,3,3,2.333333,2,4.353729e-03,
MGA->-KMT2D PIK3CA->-KMT2D PIK3CA->-MGA,3,3,2.333333,2,4.644093e-03,
KMT2C->-PIK3R1,2,1,2.333333,2,4.960737e-01,
FOXA1->-NCOR1,2,1,2.333333,2,2.988407e-01,
CDH1->-FOXA1 CDH1->-NCOR1 FOXA1->-NCOR1,3,3,2.000000,2,2.747585e-02,
AKT1->-PIK3CA,2,1,2.333333,2,2.335069e-01,
NOTCH4->-APC,2,1,2.277778,2,3.036220e-01,
BRCA2->-TP53,2,1,2.276923,2,9.960815e-01,
TBX3->-ERBB3,2,1,2.274854,2,6.410650e-01,
CDH1->-ERBB3 CDH1->-TBX3 TBX3->-ERBB3,3,3,2.000000,2,2.777778e-02,
FBXW7->-PIK3CA,2,1,2.266667,2,6.269698e-01,
FLT4->-PIK3CA,2,1,2.251111,2,9.815779e-01,
PIK3CA->-CDC73,2,1,2.250000,2,3.044699e-01,
TET2->-SETD2 TP53->-SETD2 TP53->-TET2,3,3,2.250000,2,1.131171e-02,
TP53->-PMS2,2,1,2.174419,1,1.006146e-01,
PIK3CA->-RAD51C,2,1,2.166667,1,4.842120e-01,
ARID1A->-ESR1,2,1,2.136364,1,9.338500e-01,
PIK3CA-/-RFWD2,2,1,2.136364,0,2.028383e-02,
MAP3K1->-BRCA2,2,1,2.009677,1,1.147007e-01,
TP53->-SUFU,2,1,2.000000,2,5.917361e-02,
TP53->-ZRSR2,2,1,2.000000,2,3.147969e-01,
IRS2->-TET2,2,1,2.000000,2,4.577907e-02,
TP53->-BCL6,2,1,2.000000,2,2.936058e-01,
PIK3CA->-CDK12,2,1,2.000000,1,3.739468e-01,
TP53->-TOP1,2,1,2.000000,2,8.180606e-02,
FGFR4->-MSH6 TP53->-FGFR4 TP53->-MSH6,3,3,2.000000,2,1.817727e-03,
TP53->-PPP2R1A,2,1,2.000000,2,8.430523e-02,
FGFR4->-PTPRD,2,1,2.000000,2,8.180606e-02,
FGFR4->-ERBB3,2,1,2.000000,2,8.097301e-02,
TP53->-AMER1,2,1,2.000000,2,3.518708e-01,
ABL1->-TP53,2,1,2.000000,2,6.353860e-01,
TBX3->-PIK3CG,2,1,2.000000,2,1.271243e-01,
TP53->-CD79A,2,1,2.000000,2,6.967519e-02,
TP53->-GNAS,2,1,2.000000,2,6.847717e-02,
TP53->-CD79B,2,1,2.000000,2,5.958014e-02,
PIK3CA->-RPS6KA4,2,1,2.000000,2,3.698767e-01,
PIK3CA->-RARA,2,1,2.000000,2,1.186271e-01,
NCOR1->-POLE TP53->-NCOR1 TP53->-POLE,3,3,2.000000,2,4.822202e-03,
KMT2C->-WT1,2,1,2.000000,2,5.598134e-02,
ATM->-TP53,2,1,2.000000,2,9.864916e-01,
KMT2C->-FOXA1,2,1,2.000000,2,7.828581e-01,
BRCA1->-PTCH1,2,1,2.000000,2,6.382721e-02,
BRCA1->-PTPRT,2,1,2.000000,2,7.053117e-02,
KLF4->-NCOR1,2,1,2.000000,2,1.549484e-01,
KLF4->-MED12,2,1,2.000000,2,1.539487e-01,
ROS1->-NF2,2,1,2.000000,2,9.296901e-02,
TP53->-PARK2,2,1,2.000000,2,4.848384e-02,
CDKN2A->-NOTCH4 PIK3CA->-CDKN2A PIK3CA->-NOTCH4,3,3,2.000000,2,8.415528e-03,
CDKN2A->-EP300,2,1,2.000000,2,1.471176e-01,
PIK3CA->-PMS2,2,1,2.000000,2,1.379540e-01,
ERBB3->-NUP93,2,1,2.000000,2,1.064645e-01,
SDHB->-INPP4B,2,1,2.000000,2,1.537265e-01,
CDH1->-CTCF CDH1->-ERBB3 ERBB3->-CTCF,3,3,2.000000,2,2.832389e-03,
CDH1->-NUP93,2,1,2.000000,2,1.007997e-01,
KMT2D->-GATA3,2,1,2.000000,2,6.724842e-01,
PTCH1->-GATA3,2,1,2.000000,2,2.086606e-01,
TP53->-SH2D1A,2,1,2.000000,2,3.545485e-02,
PDGFRB->-PIK3CA,2,1,2.000000,2,4.253722e-01,
BLM->-STK11,2,1,2.000000,2,2.344219e-01,
STK11->-MAP2K2,2,1,2.000000,2,1.955459e-01,
STK11->-GATA3,2,1,2.000000,2,2.380873e-01,
BLM->-FAT1 BLM->-KDR FAT1->-KDR,3,3,2.000000,2,2.421415e-02,
KMT2C->-EP300 KMT2D->-EP300 KMT2D->-KMT2C,3,3,2.000000,2,2.288126e-02,
ARID1B->-KDR,2,1,2.000000,2,2.329224e-01,
CDH1->-PIK3CA RAD52->-CDH1 RAD52->-PIK3CA,3,3,2.000000,2,2.202123e-02,
STK11->-PTCH1,2,1,2.000000,2,2.327557e-01,
BLM->-GATA3,2,1,2.000000,2,3.880373e-01,
ARID1B->-GATA3,2,1,2.000000,2,4.771743e-01,
CDH1->-PIK3CA STK11->-CDH1 STK11->-PIK3CA,3,3,2.000000,2,6.568181e-02,
MAP2K2->-KMT2C,2,1,2.000000,2,2.309176e-01,
JAK3->-PIK3CA,2,1,2.000000,2,8.644254e-01,
TP53->-EED,2,1,2.000000,2,8.711748e-02,
FBXW7->-EPHA7,2,1,2.000000,2,1.383202e-01,
PIK3CA->-RAD21,2,1,2.000000,2,3.269623e-01,
BLM->-ARID1B,2,1,2.000000,2,1.877394e-01,
TP53->-FAM175A,2,1,2.000000,2,2.547815e-01,
KMT2D->-INPP4B,2,1,2.000000,2,1.624700e-01,
KMT2D->-ARID1B,2,1,2.000000,2,1.579457e-01,
TP53->-IGF1,2,1,2.000000,2,1.250000e-01,
JAK3->-GATA3 MAP2K4->-GATA3 MAP2K4->-JAK3,3,3,2.000000,2,1.782407e-02,
JAK2->-BLM JAK2->-MAP3K13 MAP3K13->-BLM,3,3,2.000000,2,1.190476e-02,
PTEN->-BARD1 TP53->-BARD1 TP53->-PTEN,3,3,2.000000,2,9.722222e-03,
TP53->-ALOX12B,2,1,2.000000,2,1.782739e-01,
TP53->-SMAD4,2,1,2.000000,2,7.571429e-01,
PIK3CA->-FAM175A,2,1,2.000000,2,3.256584e-01,
ARID1A->-FLT4,2,1,2.000000,2,2.805771e-01,
ARID1A->-DNMT3B,2,1,2.000000,2,6.682531e-01,
SETD2->-ATRX,2,1,2.000000,2,2.215724e-01,
ARID2->-CARD11 SETD2->-ARID2 SETD2->-CARD11,3,3,2.000000,2,2.192447e-02,
ARID1A->-CARD11 SETD2->-ARID1A SETD2->-CARD11,3,3,2.000000,2,2.192447e-02,
FAT1->-CARD11 TET1->-CARD11 TET1->-FAT1,3,3,2.000000,2,6.604747e-02,
TET1->-ARID2,2,1,2.000000,2,2.251462e-01,
SETD2->-LATS2,2,1,2.000000,2,3.961988e-01,
SETD2->-ESR1,2,1,2.000000,2,1.500975e-01,
ESR1->-DNMT3B,2,1,2.000000,2,4.751462e-01,
CCNE1->-RICTOR PIK3CA->-CCNE1 PIK3CA->-RICTOR,3,3,2.000000,2,2.296182e-02,
CCNE1->-IGF1R PIK3CA->-CCNE1 PIK3CA->-IGF1R,3,3,2.000000,2,2.296182e-02,
ESR1->-TET1,2,1,2.000000,2,6.688596e-01,
ESR1->-AMER1,2,1,2.000000,2,4.413116e-01,
TET1->-DNMT3B,2,1,2.000000,2,2.251462e-01,
TET1->-PIK3CA,2,1,2.000000,2,9.426505e-01,
INHA->-PIK3CA,2,1,2.000000,2,2.242563e-01,
FAT1->-DICER1,2,1,2.000000,2,2.500000e-01,
SETD2->-BRCA2,2,1,2.000000,2,5.000000e-01,
ATM->-MSH6,2,1,2.000000,2,2.491667e-01,
EP300->-MAP3K1,2,1,2.000000,2,2.500000e-01,
MSH6->-PIK3CA,2,1,2.000000,2,8.903646e-01,
TP53->-RAB35,2,1,2.000000,2,1.666667e-01,
PIK3CA->-PARK2,2,1,2.000000,1,5.401786e-01,
KDM5A->-PIK3CA,2,1,2.000000,2,7.150298e-01,
MEN1->-KMT2A,2,1,2.000000,2,1.428571e-01,
RECQL4->-TP53,2,1,2.000000,2,8.743916e-01,
TET1->-ARID1B,2,1,2.000000,2,2.500000e-01,
PTPRD->-XPO1,2,1,2.000000,2,1.964286e-01,
ARID2->-PTPRD,2,1,2.000000,2,2.500000e-01,
ARID2->-KMT2C,2,1,2.000000,2,6.868207e-01,
KMT2C->-CDK8,2,1,2.000000,2,1.591435e-01,
TP53->-RYBP,2,1,2.000000,2,1.597222e-01,
MAP3K1-/-PIK3CA,2,1,2.000000,0,9.760486e-01,
CDH1->-EZH2 CDH1->-TP53 TP53->-EZH2,3,3,2.000000,2,2.777778e-02,
CDH1->-TSC1,2,1,2.000000,2,2.333333e-01,
ARID1A->-DOT1L ARID1A->-FOXA1 DOT1L->-FOXA1,3,3,2.000000,2,7.936508e-03,
CDH1->-DOT1L CDH1->-PIK3CA PIK3CA->-DOT1L,3,3,2.000000,2,2.777778e-02,
MAP3K1->-EGFR,2,1,2.000000,2,2.500000e-01,
AKT1->-EGFR,2,1,2.000000,2,2.013889e-01,
MAP3K1->-CBFB,2,1,2.000000,2,9.850865e-01,
SPOP->-MAP3K1,2,1,2.000000,2,6.238095e-01,
AR->-ARID1A,2,1,2.000000,2,4.350217e-01,
MTOR->-DNMT1,2,1,2.000000,2,2.500000e-01,
PIK3CA->-TGFBR1,2,1,2.000000,2,2.500000e-01,
MAP3K1->-TGFBR1,2,1,2.000000,2,2.500000e-01,
STAG2->-CHEK2,2,1,2.000000,2,4.985380e-01,
NCOR1->-FGFR3,2,1,2.000000,2,2.476375e-01,
NCOR1->-TSC1,2,1,2.000000,2,2.319688e-01,
PDCD1->-RB1 PIK3CA->-PDCD1 PIK3CA->-RB1,3,3,2.000000,2,2.729045e-02,
PDCD1->-FAT1 PIK3CA->-FAT1 PIK3CA->-PDCD1,3,3,2.000000,2,2.729045e-02,
RB1->-FOXP1,2,1,2.000000,2,2.485380e-01,
ASXL2->-FOXP1 PIK3CA->-ASXL2 PIK3CA->-FOXP1,3,3,2.000000,2,2.729045e-02,
PDCD1->-FOXP1,2,1,2.000000,2,2.475556e-01,
STAG2->-TET1,2,1,2.000000,2,2.485380e-01,
FOXA1->-ERBB2,2,1,2.000000,2,8.687500e-01,
NSD1->-PIK3CA TP53->-NSD1 TP53->-PIK3CA,3,3,2.000000,2,8.863161e-02,
ARID2->-NSD1,2,1,2.000000,2,4.404762e-01,
ARID2->-IKZF1 ARID2->-PIK3CA IKZF1->-PIK3CA,3,3,2.000000,2,1.587302e-02,
CDH1->-BCOR,2,1,2.000000,2,5.000000e-01,
CDKN2A->-KMT2C,2,1,2.000000,2,2.500000e-01,
FBXW7->-SMARCA4,2,1,2.000000,2,2.170330e-01,
FBXW7->-PDGFRA,2,1,2.000000,2,2.110043e-01,
ARID1A->-FGFR3,2,1,2.000000,2,1.826691e-01,
GATA3->-GRIN2A,2,1,2.000000,2,1.833333e-01,
ARID1A->-MET,2,1,2.000000,2,1.833333e-01,
AKT1->-EPHA7,2,1,2.000000,2,2.500000e-01,
AKT1->-CD276,2,1,2.000000,2,1.666667e-01,
CDH1->-FOXL2,2,1,2.000000,2,2.500000e-01,
ATM->-MDC1,2,1,2.000000,2,3.657596e-01,
LATS1->-ROS1,2,1,2.000000,2,4.250000e-01,
CDH1->-KLF4,2,1,2.000000,2,2.500000e-01,
CDH1->-IGF1R,2,1,2.000000,2,2.500000e-01,
KLF4->-GRIN2A,2,1,2.000000,2,2.500000e-01,
MAP3K1->-RAD51C,2,1,2.000000,2,1.164056e-01,
RAD51C->-PIK3CA,2,1,2.000000,2,7.090279e-01,
EPHA7->-HIST1H3B,2,1,2.000000,2,1.626125e-01,
MDC1->-HIST1H3B,2,1,2.000000,2,1.649450e-01,
MAP3K1->-RICTOR,2,1,2.000000,2,1.634455e-01,
MAP3K1->-IRS1,2,1,2.000000,2,1.741086e-01,
PTEN->-NOTCH2,2,1,2.000000,2,1.696429e-01,
PTEN->-AR,2,1,2.000000,2,1.696429e-01,
TP53->-HIST1H3I,2,1,2.000000,2,1.669501e-01,
PIK3CA->-H3F3B,2,1,2.000000,2,1.666667e-01,
PIK3CA->-CREBBP PIK3CA->-PLK2 PLK2->-CREBBP,3,3,2.000000,2,4.281907e-02,
ESR1->-CREBBP,2,1,2.000000,2,2.142857e-01,
NOTCH2->-CREBBP TP53->-CREBBP TP53->-NOTCH2,3,3,2.000000,2,9.424603e-03,
MAP2K1->-ESR1,2,1,2.000000,2,1.875000e-01,
ESR1->-JAK1,2,1,2.000000,2,5.000000e-01,
CCNE1->-ESR1 CCNE1->-MAP3K1 ESR1->-MAP3K1,3,3,2.000000,2,2.777778e-02,
ALK->-MAP3K1,2,1,2.000000,2,5.489503e-01,
ATM->-EGFR,2,1,2.000000,2,2.500000e-01,
FLT3->-EGFR,2,1,2.000000,2,2.500000e-01,
GATA3->-HIST1H3F,2,1,2.000000,2,2.500000e-01,
ATM->-CHEK2,2,1,2.000000,2,2.476190e-01,
ATM->-NUP93,2,1,2.000000,2,2.491667e-01,
PIK3CA->-NUP93 PIK3CA->-SPEN SPEN->-NUP93,3,3,2.000000,2,2.750000e-02,
FLT3->-SPEN GATA3->-FLT3 GATA3->-SPEN STAG2->-FLT3 STAG2->-GATA3 STAG2->-SPEN,4,6,2.000000,2,9.424603e-04,
MYC->-PIK3CA,2,1,2.000000,2,5.312812e-01,
MEN1->-MAP3K1,2,1,2.000000,2,7.186260e-01,
KMT2C->-MYC,2,1,2.000000,2,2.500000e-01,
CDH1->-CSF1R,2,1,2.000000,2,2.500000e-01,
CDH1->-MPL,2,1,2.000000,2,2.150997e-01,
CIC->-ARID1A,2,1,2.000000,2,3.480506e-01,
SMARCA4->-ATR,2,1,2.000000,2,2.460317e-01,
ATR->-TP53,2,1,2.000000,2,9.991614e-01,
PIK3CA->-TP53 SMARCA4->-PIK3CA SMARCA4->-TP53,3,3,2.000000,2,1.487874e-01,
RAD54L->-KMT2C,2,1,2.000000,2,4.902303e-01,
TBX3->-TSC2,2,1,2.000000,2,2.490942e-01,
ROS1->-TP53 TBX3->-ROS1 TBX3->-TP53,3,3,2.000000,2,4.395944e-02,
TSC2->-TP53,2,1,2.000000,2,9.712495e-01,
KMT2C->-KDM5C,2,1,2.000000,2,3.293902e-01,
KMT2C->-RAD50,2,1,2.000000,2,2.565260e-01,
NF1->-HIST1H3B,2,1,2.000000,2,1.666667e-01,
PIK3CA->-H3F3C,2,1,2.000000,2,5.000000e-01,
PIK3CA->-MAP3K13,2,1,2.000000,2,6.258747e-01,
PLK2->-KMT2D,2,1,2.000000,2,2.500000e-01,
CDKN2A->-KMT2D TP53->-CDKN2A TP53->-KMT2D,3,3,2.000000,2,2.750000e-02,
PIK3CA->-LATS1,2,1,2.000000,2,5.753915e-01,
DNMT3A->-TP53,2,1,2.000000,2,9.450537e-01,
NCOR1->-AXIN1,2,1,2.000000,2,2.111111e-01,
NCOR1->-RASA1,2,1,2.000000,2,2.111111e-01,
PTEN->-RASA1,2,1,2.000000,2,2.111111e-01,
PTEN->-CARD11 TP53->-CARD11 TP53->-PTEN,3,3,2.000000,2,1.878703e-02,
IRS2->-AXIN1,2,1,2.000000,2,1.093710e-01,
PIK3CA->-CDK4,2,1,2.000000,2,2.500000e-01,
ATR->-NSD1,2,1,2.000000,2,2.476190e-01,
NF1->-ERCC5 TP53->-ERCC5 TP53->-NF1,3,3,2.000000,2,2.698413e-02,
ERCC5->-FGFR4 TP53->-ERCC5 TP53->-FGFR4,3,3,2.000000,2,2.671429e-02,
SPOP->-NF1,2,1,2.000000,2,2.476190e-01,
TP53->-SPOP,2,1,2.000000,2,2.476190e-01,
RUNX1->-CDKN1B,2,1,2.000000,2,1.666667e-01,
TP53->-PAX5,2,1,2.000000,2,1.000000e-01,
ARID1A->-PIK3C2G,2,1,2.000000,1,4.199378e-01,
NF1->-CTCF,2,1,2.000000,2,2.500000e-01,
BRAF->-PIK3CA,2,1,2.000000,2,8.125000e-01,
PTEN->-ASXL1,2,1,2.000000,2,1.750000e-01,
CDH1->-CHEK2,2,1,2.000000,2,4.976190e-01,
GATA3->-MST1,2,1,2.000000,2,8.750000e-02,
TSC1->-TP53,2,1,2.000000,2,8.599298e-01,
RB1->-FBXW7 TP53->-FBXW7 TP53->-RB1,3,3,2.000000,2,2.222222e-02,
CDH1->-AXIN1,2,1,2.000000,2,4.500000e-01,
CDH1->-SOX17 CDH1->-TP53 TP53->-SOX17,3,3,2.000000,2,2.777778e-02,
PBRM1->-ERBB2,2,1,2.000000,2,2.500000e-01,
RB1->-AXIN1 TP53->-AXIN1 TP53->-RB1,3,3,2.000000,2,2.777778e-02,
NF1->-EPHA7,2,1,2.000000,2,4.217949e-01,
NF1->-PTPRD NF1->-TP53 TP53->-PTPRD,3,3,2.000000,2,1.388889e-02,
PTEN->-ESR1,2,1,2.000000,2,5.000000e-01,
CDH1->-PTEN CDH1->-RHOA PTEN->-RHOA,3,3,2.000000,2,2.777778e-02,
CDH1->-ALOX12B,2,1,2.000000,2,2.500000e-01,
ESR1->-ALOX12B,2,1,2.000000,2,2.500000e-01,
ESR1->-ARID1B,2,1,2.000000,2,3.832056e-02,
MAP2K4->-BRCA2 TP53->-BRCA2 TP53->-MAP2K4,3,3,2.000000,2,2.554704e-03,
ATM->-RPS6KB2,2,1,2.000000,2,1.350044e-01,
ATM->-RICTOR,2,1,2.000000,2,1.366211e-01,
TBX3->-MED12,2,1,2.000000,2,1.955782e-01,
GATA3->-CDH1,2,1,2.000000,2,9.935391e-01,
GATA3->-MAP2K4,2,1,2.000000,2,9.625779e-01,
KMT2D->-RB1 TP53->-KMT2D TP53->-RB1,3,3,2.000000,2,6.031617e-02,
CREBBP->-RB1,2,1,2.000000,2,1.822090e-01,
CREBBP->-DNMT3B,2,1,2.000000,2,2.253709e-01,
PIK3CA->-RAC1,2,1,2.000000,2,1.166667e-01,
KLF4->-TP53,2,1,2.000000,2,8.333958e-01,
GATA3->-JAK1,2,1,2.000000,2,2.333333e-01,
CIC->-KMT2D,2,1,2.000000,2,3.515495e-01,
PIK3R1->-KMT2C,2,1,2.000000,2,7.562411e-01,
CDH1->-TP63,2,1,2.000000,2,2.490942e-01,
ERBB2->-TP63,2,1,2.000000,2,2.490942e-01,
PIK3CA->-POLE PIK3CA->-SPEN SPEN->-POLE,3,3,2.000000,2,2.777778e-02,
FLT1->-MAP3K1,2,1,2.000000,2,3.820393e-01,
PIK3CA->-FLT1 PIK3CA->-SPEN SPEN->-FLT1,3,3,2.000000,2,2.777778e-02,
FBXW7->-FLT4,2,1,2.000000,2,2.083333e-01,
FBXW7->-TP53,2,1,2.000000,2,9.944904e-01,
STAT3->-PIK3CA,2,1,2.000000,2,2.500000e-01,
RUNX1->-ERBB2,2,1,2.000000,2,9.218750e-01,
PIK3CA->-CUL3,2,1,2.000000,2,4.583333e-01,
PIK3CA->-MAP2K1,2,1,2.000000,2,3.930556e-01,
CDH1->-BRAF,2,1,2.000000,2,2.500000e-01,
RHOA->-CDH1,2,1,2.000000,2,8.434311e-01,
ARID1A->-RHOA,2,1,2.000000,2,1.428571e-01,
CDH1->-PIK3CA PTPRT->-CDH1 PTPRT->-PIK3CA,3,3,2.000000,2,7.352511e-02,
PTPRT->-MAP3K1,2,1,2.000000,2,5.980090e-01,
ATR->-NOTCH4 PIK3CA->-ATR PIK3CA->-NOTCH4,3,3,2.000000,2,2.750000e-02,
ATR->-GRIN2A,2,1,2.000000,2,2.500000e-01,
FLT1->-PIK3CA,2,1,2.000000,2,7.545818e-01,
AKT1->-RAD54L,2,1,2.000000,2,1.341220e-01,
RECQL4->-GATA3,2,1,2.000000,2,3.475508e-01,
KMT2C->-ANKRD11,2,1,2.000000,2,4.268577e-01,
PTPRT->-PTPRS,2,1,2.000000,2,2.500000e-01,
NF1->-PTPRS,2,1,2.000000,2,4.643204e-01,
INHA->-CREBBP,2,1,2.000000,2,2.223320e-01,
TP53->-HIST1H3G,2,1,2.000000,2,3.737088e-01,
RUNX1->-GATA3,2,1,2.000000,2,1.666667e-01,
RUNX1->-SETD2,2,1,2.000000,2,1.666667e-01,
NF1->-ERBB2,2,1,2.000000,2,4.990942e-01,
PIK3CG->-PIK3CA,2,1,2.000000,2,8.771166e-01,
IRS1->-SPEN,2,1,2.000000,2,3.472176e-01,
IRS1->-ESR1,2,1,2.000000,2,2.500000e-01,
CDK12->-TP53,2,1,2.000000,2,6.564322e-01,
KMT2C->-CBFB,2,1,2.000000,2,7.402778e-01,
KMT2C->-ARID5B,2,1,2.000000,2,4.203822e-01,
ERBB2->-XPO1,2,1,2.000000,2,1.964286e-01,
FOXA1->-XPO1,2,1,2.000000,2,1.957169e-01,
FOXA1->-PTPRD,2,1,2.000000,2,1.964286e-01,
CDKN1B->-PTPRD,2,1,2.000000,2,1.964286e-01,
SOX9->-PIK3CA,2,1,2.000000,2,5.934103e-01,
SOX9->-IRS1,2,1,2.000000,2,1.245471e-01,
SPEN->-RUNX1,2,1,2.000000,2,2.491667e-01,
RUNX1->-JUN,2,1,2.000000,2,2.250000e-01,
CDH1->-KMT2C CDH1->-RUNX1 KMT2C->-RUNX1,3,3,2.000000,2,1.319444e-01,
PIK3CA->-RB1 PIK3CA->-RUNX1 RB1->-RUNX1,3,3,2.000000,2,2.777778e-02,
RB1->-RUNX1 TP53->-RB1 TP53->-RUNX1,3,3,2.000000,2,2.777778e-02,
ERBB2->-GATA3,2,1,2.000000,2,1.666667e-01,
PIK3C2G->-NCOR1,2,1,2.000000,2,4.990119e-01,
PIK3C2G->-EGFR,2,1,2.000000,2,2.500000e-01,
MAP2K4->-ATM,2,1,2.000000,2,2.380952e-01,
NF1->-POLE,2,1,2.000000,2,2.500000e-01,
ESR1->-POLE,2,1,2.000000,2,2.500000e-01,
CDH1->-MAP3K1 CDH1->-POLE MAP3K1->-POLE,3,3,2.000000,2,2.777778e-02,
GATA3->-AR,2,1,2.000000,2,5.000000e-01,
GATA3->-RAD50 PIK3CA->-GATA3 PIK3CA->-RAD50,3,3,2.000000,2,2.777778e-02,
ESR1->-RAD50 PIK3CA->-ESR1 PIK3CA->-RAD50,3,3,2.000000,2,2.810174e-02,
DNMT3B->-ARID1A,2,1,2.000000,2,6.682531e-01,
MAP3K1->-NF1 PIK3CA->-MAP3K1 PIK3CA->-NF1,3,3,2.000000,2,7.407407e-02,
CDH1->-NF1 CDH1->-RAD50 NF1->-RAD50,3,3,2.000000,2,2.184236e-02,
MAP3K1->-AR,2,1,2.000000,2,5.000000e-01,
MAX->-PIK3CA,2,1,2.000000,2,3.433855e-01,
ERBB3->-POLE,2,1,2.000000,2,2.333333e-01,
PIK3CA->-PPM1D,2,1,2.000000,2,4.131956e-02,
PIK3CA->-MYC,2,1,2.000000,2,5.335305e-01,
ESR1->-ZFHX3,2,1,2.000000,2,4.048650e-02,
ARID1B->-ZFHX3,2,1,2.000000,2,4.615128e-02,
PIK3CA->-DCUN1D1,2,1,2.000000,2,1.032989e-01,
AKT1->-ARID1A,2,1,2.000000,2,4.900596e-01,
TP53->-CBFB,2,1,2.000000,2,9.448466e-01,
AKT1->-RB1,2,1,2.000000,2,1.622299e-01,
AKT1->-CREBBP,2,1,2.000000,2,2.013889e-01,
IRS2->-POLE,2,1,2.000000,2,1.357881e-01,
CDH1->-SMAD2,2,1,2.000000,2,4.990119e-01,
CDH1->-PIK3CB,2,1,2.000000,2,2.500000e-01,
IRS2->-TP53,2,1,2.000000,2,7.077039e-01,
MAP2K4->-CIC,2,1,2.000000,2,7.948144e-02,
MAP2K4->-KMT2D,2,1,2.000000,2,9.963346e-02,
CBFB->-TBX3,2,1,2.000000,2,6.375000e-01,
CDH1->-FGFR2,2,1,2.000000,2,1.743083e-01,
KDM6A->-CDH1,2,1,2.000000,2,8.115809e-01,
PIK3CA->-RAB35,2,1,2.000000,2,2.500000e-01,
ARID2->-BCOR TP53->-ARID2 TP53->-BCOR,3,3,2.000000,2,2.652286e-02,
RB1->-NOTCH2 TP53->-NOTCH2 TP53->-RB1,3,3,2.000000,2,2.777778e-02,
ATM->-RUNX1 PIK3CA->-ATM PIK3CA->-RUNX1,3,3,2.000000,2,5.500000e-03,
TP53->-CRLF2,2,1,2.000000,2,2.500000e-01,
ARID1A->-AKT1,2,1,2.000000,2,4.864783e-01,
CDH1->-ERBB2 CDH1->-NCOR1 NCOR1->-ERBB2,3,3,2.000000,2,7.407407e-02,
CDH1->-INPP4A CDH1->-PIK3CA PIK3CA->-INPP4A,3,3,2.000000,2,2.777778e-02,
CDH1->-EIF4A2,2,1,2.000000,2,2.500000e-01,
NCOR1->-KDM6A,2,1,2.000000,2,2.500000e-01,
NCOR1->-TET2 TP53->-NCOR1 TP53->-TET2,3,3,2.000000,2,2.777778e-02,
CDH1->-CDKN2A CDH1->-NCOR1 CDKN2A->-NCOR1,3,3,2.000000,2,2.777778e-02,
CDH1->-GNAS,2,1,2.000000,2,2.500000e-01,
KDM6A->-GRIN2A TP53->-GRIN2A TP53->-KDM6A,3,3,2.000000,2,2.777778e-02,
TET2->-GRIN2A,2,1,2.000000,2,1.409530e-01,
PTCH1->-NOTCH2,2,1,2.000000,2,2.481618e-01,
KDM6A->-KMT2A,2,1,2.000000,2,4.981618e-01,
RASA1->-KMT2A,2,1,2.000000,2,1.767213e-01,
CDH1->-SLX4,2,1,2.000000,2,2.481618e-01,
CDH1->-FGF19,2,1,2.000000,2,2.481618e-01,
NOTCH4->-EED,2,1,2.000000,2,2.154371e-01,
NOTCH4->-NOTCH2,2,1,2.000000,2,3.474840e-01,
CDH1->-MSH2 CDH1->-RASA1 MSH2->-RASA1,3,3,2.000000,2,2.716503e-02,
KMT2C->-RASA1,2,1,2.000000,2,4.382265e-01,
PIK3CA->-GNAS,2,1,2.000000,2,2.500000e-01,
SF3B1->-KMT2C,2,1,2.000000,2,4.880952e-01,
PIK3CA->-POLE PIK3CA->-RB1 RB1->-POLE,3,3,2.000000,2,6.897903e-02,
PIK3CA->-ERG PIK3CA->-TP53 TP53->-ERG,3,3,2.000000,2,2.592593e-02,
TP53->-CBL,2,1,2.000000,2,2.444444e-01,
CDH1->-PIK3CA CDH1->-SMARCD1 PIK3CA->-SMARCD1,3,3,2.000000,2,6.944444e-03,
PIK3R1->-RUNX1,2,1,2.000000,2,1.666667e-01,
ARID1B->-RUNX1,2,1,2.000000,2,2.430556e-01,
ARID1B->-PIK3R1,2,1,2.000000,2,4.650997e-01,
NCOR1->-ARID1A,2,1,2.000000,2,8.120471e-01,
CDH1->-JAK1,2,1,2.000000,2,4.976190e-01,
JAK1->-BRCA2,2,1,2.000000,2,2.142857e-01,
RAD54L->-NCOR1,2,1,2.000000,2,2.490942e-01,
BRCA2->-BAP1,2,1,2.000000,2,1.409091e-01,
ESR1->-PTPRD TP53->-ESR1 TP53->-PTPRD,3,3,2.000000,2,1.388889e-02,
BRCA2->-PTPRD,2,1,2.000000,2,2.500000e-01,
TP53->-NEGR1,2,1,2.000000,2,2.013889e-01,
RB1->-TSHR,2,1,2.000000,2,2.500000e-01,
ATRX->-KMT2D,2,1,2.000000,2,4.219348e-01,
RB1->-FLT4,2,1,2.000000,2,3.988670e-01,
RB1->-KMT2D,2,1,2.000000,2,6.666667e-01,
CTCF->-GPS2,2,1,2.000000,2,1.750000e-01,
AKT1->-AXIN1,2,1,2.000000,2,1.337887e-01,
NOTCH2->-TET1,2,1,2.000000,2,1.371210e-01,
BCOR->-GRIN2A,2,1,2.000000,2,3.244348e-01,
NSD1->-MDM2,2,1,2.000000,2,1.014995e-01,
SMARCA4->-TET1,2,1,2.000000,2,1.314562e-01,
AXIN1->-SMARCA4,2,1,2.000000,2,1.287904e-01,
PIK3CA->-PAX5,2,1,2.000000,2,1.250000e-01,
EPHB1->-MAP3K1,2,1,2.000000,2,7.827381e-01,
PTEN->-KMT2D TP53->-KMT2D TP53->-PTEN,3,3,2.000000,2,7.198254e-02,
KMT2D->-MDC1 TP53->-KMT2D TP53->-MDC1,3,3,2.000000,2,2.182540e-02,
NCOR1->-ALK,2,1,2.000000,2,2.490942e-01,
ANKRD11->-KMT2D,2,1,2.000000,2,5.715178e-01,
GATA3->-KDM5A,2,1,2.000000,2,5.000000e-01,
TP53->-YAP1,2,1,2.000000,2,5.000000e-01,
CDKN2A->-CARD11,2,1,2.000000,2,2.491667e-01,
CARD11->-TP53,2,1,2.000000,2,9.858378e-01,
PIK3CA->-BRIP1 PIK3CA->-RUNX1 RUNX1->-BRIP1,3,3,2.000000,2,1.944444e-02,
PIK3CA->-SOX9,2,1,2.000000,2,5.934103e-01,
CDH1->-SOX9,2,1,2.000000,2,4.326691e-01,
BRCA2->-STK11,2,1,2.000000,2,2.500000e-01,
ESR1->-GNAS,2,1,2.000000,2,2.500000e-01,
PIK3CA->-REL,2,1,2.000000,2,2.083333e-01,
MAP3K1->-REL TP53->-MAP3K1 TP53->-REL,3,3,2.000000,2,2.777778e-02,
ATM->-CDH1 ATM->-PIK3CA CDH1->-PIK3CA,3,3,2.000000,2,1.302910e-01,
ATM->-NOTCH1,2,1,2.000000,2,7.099760e-01,
BCL6->-NOTCH1 CDH1->-BCL6 CDH1->-NOTCH1,3,3,2.000000,2,2.777778e-02,
ATM->-NOTCH4 TP53->-ATM TP53->-NOTCH4,3,3,2.000000,2,2.750000e-02,
RB1->-PTPRT TP53->-PTPRT TP53->-RB1,3,3,2.000000,2,7.198254e-02,
PIK3C2G->-PTPRT TP53->-PIK3C2G TP53->-PTPRT,3,3,2.000000,2,2.744840e-02,
MAP3K1->-SPOP,2,1,2.000000,2,6.238095e-01,
MAP3K1->-DNMT3A,2,1,2.000000,2,1.666667e-01,
MAP3K1->-NOTCH1 MAP3K1->-PIK3CA PIK3CA->-NOTCH1,3,3,2.000000,2,1.257440e-01,
RB1->-NOTCH1 TP53->-NOTCH1 TP53->-RB1,3,3,2.000000,2,2.777778e-02,
ATM->-PIK3CA ATM->-SF3B1 PIK3CA->-SF3B1,3,3,2.000000,2,1.388889e-02,
CDH1->-DNMT3A CDH1->-KDR DNMT3A->-KDR,3,3,2.000000,2,2.777778e-02,
PIK3CA->-SYK,2,1,2.000000,2,2.500000e-01,
PIK3CA->-BCL6,2,1,2.000000,2,5.000000e-01,
MAP3K1->-SF3B1,2,1,2.000000,2,3.720238e-01,
SMAD4->-MAP3K1,2,1,2.000000,2,2.000000e-01,
SMAD4->-KMT2C,2,1,2.000000,2,3.117794e-01,
KMT2C->-MDM2,2,1,2.000000,2,1.500000e-01,
PALB2->-KDM5C,2,1,2.000000,2,2.424242e-01,
SOX9->-PDGFRA,2,1,2.000000,2,2.415459e-01,
DOT1L->-PDGFRA,2,1,2.000000,2,2.424242e-01,
APC->-RB1 TP53->-APC TP53->-RB1,3,3,2.000000,2,7.198254e-02,
APC->-EPHB1 APC->-KMT2D KMT2D->-EPHB1 TP53->-APC TP53->-EPHB1 TP53->-KMT2D,4,6,2.000000,2,1.587471e-03,
TP53->-KEAP1,2,1,2.000000,2,1.696429e-01,
PTEN->-PDGFRA,2,1,2.000000,2,2.430556e-01,
CIC->-RUNX1,2,1,2.000000,2,2.025463e-01,
EPCAM->-ARID1B,2,1,2.000000,2,2.430556e-01,
ARID1B->-PDGFRA,2,1,2.000000,2,2.421749e-01,
JAK1->-ZFHX3,2,1,2.000000,2,1.780303e-01,
PIK3CA->-IRF4,2,1,2.000000,2,2.053571e-01,
AKT1->-CIC,2,1,2.000000,2,1.342593e-01,
POLE->-SMARCA4 TP53->-POLE TP53->-SMARCA4,3,3,2.000000,2,1.742931e-02,
NCOR1->-ATRX,2,1,2.000000,2,1.428571e-01,
NCOR1->-SMARCA4,2,1,2.000000,2,2.142857e-01,
NOTCH1->-CDH1,2,1,2.000000,2,7.671776e-01,
CDH1->-IL7R,2,1,2.000000,2,1.316437e-01,
AKT1->-NCOR1,2,1,2.000000,2,2.013889e-01,
GPS2->-ESR1,2,1,2.000000,2,1.833333e-01,
TP53->-NFE2L2,2,1,2.000000,2,1.428571e-01,
BRCA1->-DNMT1,2,1,2.000000,2,8.163945e-02,
CDH1->-TERT,2,1,2.000000,2,2.500000e-01,
MSH6->-TERT PIK3CA->-MSH6 PIK3CA->-TERT,3,3,2.000000,2,2.777778e-02,
NOTCH3->-CDH1,2,1,2.000000,2,6.868207e-01,
ANKRD11->-TBX3,2,1,2.000000,2,8.125000e-01,
YAP1->-PIK3CA,2,1,2.000000,2,5.000000e-01,
NOTCH3->-PIK3CA,2,1,2.000000,2,8.831232e-01,
MAP2K4->-NOTCH2,2,1,2.000000,2,2.500000e-01,
TP53->-SMAD3,2,1,2.000000,2,2.500000e-01,
MAP2K4->-KMT2C,2,1,2.000000,2,5.000000e-01,
FOXA1->-CDK8,2,1,2.000000,2,1.245471e-01,
MEN1->-NCOR1,2,1,2.000000,2,2.490942e-01,
MEN1->-MAP2K4,2,1,2.000000,2,5.000000e-01,
CDH1->-NOTCH3,2,1,2.000000,2,6.868207e-01,
PIK3CA->-MYD88,2,1,2.000000,2,5.000000e-01,
TP53->-RAD51,2,1,2.000000,2,2.490119e-01,
TBX3->-CBFB,2,1,2.000000,2,6.375000e-01,
TBX3->-EPHA5,2,1,2.000000,2,2.500000e-01,
RET->-BCOR,2,1,2.000000,2,1.833333e-01,
IDH1->-GATA3,2,1,2.000000,2,1.750000e-01,
MAP3K1->-EPCAM,2,1,2.000000,2,4.030323e-01,
ASXL2->-KDM5C,2,1,2.000000,2,1.367818e-01,
CDH1->-NOTCH1 CDH1->-PTEN PTEN->-NOTCH1,3,3,2.000000,2,8.719316e-03,
JAK1->-ARID2,2,1,2.000000,2,2.142857e-01,
JAK1->-APC,2,1,2.000000,2,2.170330e-01,
JAK1->-CREBBP,2,1,2.000000,2,2.476190e-01,
JAK1->-SETD2,2,1,2.000000,2,2.476190e-01,
CDH1->-MED12 CDH1->-SDHC MED12->-SDHC,3,3,2.000000,2,2.184236e-02,
APC->-RAD50 APC->-SDHC CDH1->-APC CDH1->-RAD50 CDH1->-SDHC RAD50->-SDHC,4,6,2.000000,2,1.251385e-03,
APC->-PIK3C2G APC->-SDHC CDH1->-APC CDH1->-PIK3C2G CDH1->-SDHC PIK3C2G->-SDHC,4,6,2.000000,2,1.251385e-03,
CDH1->-SETD2 CDH1->-STK11 SETD2->-STK11,3,3,2.000000,2,7.407407e-02,
APC->-BLM APC->-ERCC4 BLM->-ERCC4 CDH1->-APC CDH1->-BLM CDH1->-ERCC4,4,6,2.000000,2,1.736111e-03,
CDH1->-ERCC3,2,1,2.000000,2,5.000000e-01,
ARID1A->-PIK3R3,2,1,2.000000,2,2.500000e-01,
ARID1A->-ERCC4 ARID1A->-IKZF1 IKZF1->-ERCC4,3,3,2.000000,2,2.777778e-02,
CD274->-ABL1,2,1,2.000000,2,2.250000e-01,
ASXL1->-ABL1,2,1,2.000000,2,2.500000e-01,
ASXL1->-CREBBP,2,1,2.000000,2,5.000000e-01,
ARID1A->-ARID2 ARID1A->-FLT3 ARID2->-FLT3,3,3,2.000000,2,2.777778e-02,
RAD50->-PIK3CA,2,1,2.000000,2,9.384838e-01,
ASXL1->-PIK3CA PIK3R3->-ASXL1 PIK3R3->-PIK3CA,3,3,2.000000,2,2.777778e-02,
PIK3R3->-BLM,2,1,2.000000,2,2.500000e-01,
PIK3C2G->-ERCC4,2,1,2.000000,2,2.490119e-01,
LATS2->-ASXL1,2,1,2.000000,2,2.500000e-01,
JAK2->-PIK3CA LATS2->-JAK2 LATS2->-PIK3CA,3,3,2.000000,2,2.777778e-02,
CDH1->-JAK2 CDH1->-PIK3CA JAK2->-PIK3CA,3,3,2.000000,2,7.407407e-02,
CDKN1A->-PIK3CA,2,1,2.000000,2,7.216807e-01,
APC->-SETD2,2,1,2.000000,2,2.460317e-01,
SMARCB1->-FLT3,2,1,2.000000,2,2.000000e-01,
CDH1->-PIK3CA CDH1->-SMARCB1 SMARCB1->-PIK3CA,3,3,2.000000,2,1.587302e-02,
FLT3->-PIK3CA,2,1,2.000000,2,7.750000e-01,
ERCC3->-PIK3CA,2,1,2.000000,2,5.000000e-01,
PTEN->-ERBB3,2,1,2.000000,2,2.500000e-01,
ZFHX3->-KMT2D,2,1,2.000000,2,2.500000e-01,
KMT2D->-ERBB3 TP53->-ERBB3 TP53->-KMT2D,3,3,2.000000,2,2.777778e-02,
NOTCH3->-FAT1,2,1,2.000000,2,2.166667e-01,
ESR1->-IRF4,2,1,2.000000,2,1.904762e-01,
NCOR1->-KMT2C,2,1,2.000000,2,9.440741e-01,
RUNX1->-KMT2C,2,1,2.000000,2,6.875000e-01,
RUNX1->-CDKN2A,2,1,2.000000,2,2.491667e-01,
CDH1->-MCL1,2,1,2.000000,2,2.083333e-01,
KMT2C->-TP63,2,1,2.000000,2,4.368207e-01,
KMT2C->-KMT2A KMT2C->-TSC2 TSC2->-KMT2A,3,3,2.000000,2,1.275664e-02,
KMT2C->-MED12 KMT2C->-TSC2 TSC2->-MED12,3,3,2.000000,2,1.014109e-02,
MED12->-KMT2D TP53->-KMT2D TP53->-MED12,3,3,2.000000,2,1.289683e-02,
TP53->-MDM2,2,1,2.000000,2,1.868750e-01,
PIK3CA->-CARD11 PIK3CA->-RUNX1 RUNX1->-CARD11,3,3,2.000000,2,2.750000e-02,
RUNX1->-CARD11 TP53->-CARD11 TP53->-RUNX1,3,3,2.000000,2,2.750000e-02,
RUNX1->-MSH6 TP53->-MSH6 TP53->-RUNX1,3,3,2.000000,2,2.750000e-02,
PIK3CA->-MSH6 PIK3CA->-RUNX1 RUNX1->-MSH6,3,3,2.000000,2,2.750000e-02,
RUNX1->-MGA TP53->-MGA TP53->-RUNX1,3,3,2.000000,2,2.750000e-02,
PIK3CA->-MGA PIK3CA->-RUNX1 RUNX1->-MGA,3,3,2.000000,2,7.361111e-02,
MSH6->-KMT2A,2,1,2.000000,2,2.500000e-01,
FAT1->-MSH6 PIK3CA->-FAT1 PIK3CA->-MSH6,3,3,2.000000,2,2.777778e-02,
PIK3CA->-MGA PIK3CA->-SETD2 SETD2->-MGA,3,3,2.000000,2,8.221120e-02,
SETD2->-MGA TP53->-MGA TP53->-SETD2,3,3,2.000000,2,2.652286e-02,
SETD2->-PTCH1 TP53->-PTCH1 TP53->-SETD2,3,3,2.000000,2,2.652286e-02,
PIK3CA->-PTCH1 PIK3CA->-SETD2 SETD2->-PTCH1,3,3,2.000000,2,3.457428e-02,
NCOR1->-PTCH1 PIK3CA->-NCOR1 PIK3CA->-PTCH1,3,3,2.000000,2,2.777778e-02,
NCOR1->-NF1,2,1,2.000000,2,7.718610e-01,
RB1->-PIK3CG,2,1,2.000000,2,2.321429e-01,
TP53->-TCF3,2,1,2.000000,2,1.409091e-01,
STAT3->-NF1,2,1,2.000000,2,2.371795e-01,
TP53->-IKBKE,2,1,2.000000,2,2.490119e-01,
BARD1->-AKT1 TP53->-AKT1 TP53->-BARD1,3,3,2.000000,2,9.722222e-03,
ATR->-RUNX1 PIK3CA->-ATR PIK3CA->-RUNX1,3,3,2.000000,2,7.361111e-02,
BARD1->-PIK3CA,2,1,2.000000,2,7.441101e-01,
APC->-XPO1,2,1,2.000000,2,1.743659e-01,
MAP2K4->-XPO1,2,1,2.000000,2,1.750000e-01,
TRAF7->-GATA3,2,1,2.000000,2,2.500000e-01,
GATA3->-NOTCH3,2,1,2.000000,2,2.000000e-01,
MEN1->-NOTCH3,2,1,2.000000,2,2.490942e-01,
APC->-NF1 CDH1->-APC CDH1->-NF1,3,3,2.000000,2,4.987336e-02,
ZFHX3->-NF1,2,1,2.000000,2,4.863201e-01,
ZFHX3->-ATM,2,1,2.000000,2,3.404064e-01,
CDH1->-SPOP,2,1,2.000000,2,4.583333e-01,
PIK3CA->-PNRC1,2,1,2.000000,2,2.083333e-01,
TET1->-ESR1,2,1,2.000000,2,6.688596e-01,
RB1->-ESR1,2,1,2.000000,2,2.000000e-01,
CDH1->-PALB2,2,1,2.000000,2,4.333333e-01,
CDH1->-NFE2L2,2,1,2.000000,2,1.577398e-01,
ARID1A->-NOTCH3,2,1,2.000000,2,1.992754e-01,
TP53->-MRE11A,2,1,2.000000,2,1.666667e-01,
PIK3CA->-MDM2,2,1,2.000000,2,2.491667e-01,
ESR1->-NFE2L2,2,1,2.000000,2,2.500000e-01,
ARID1A->-RUNX1 PTEN->-ARID1A PTEN->-RUNX1,3,3,2.000000,2,2.777778e-02,
ESR1->-FUBP1,2,1,2.000000,2,1.666667e-01,
SMAD4->-KDM5C,2,1,2.000000,2,5.000000e-01,
SMAD4->-PIK3CA,2,1,2.000000,2,9.242793e-01,
GRIN2A->-PIK3CA,2,1,2.000000,2,8.991815e-01,
RHOA->-GRIN2A,2,1,2.000000,2,2.500000e-01,
SOX9->-TBX3,2,1,2.000000,2,4.326691e-01,
ATM->-HGF,2,1,2.000000,2,2.500000e-01,
SMAD4->-FAT1,2,1,2.000000,2,2.083333e-01,
NF1->-MAP2K4,2,1,2.000000,2,5.764569e-01,
ATR->-PIK3CA,2,1,2.000000,2,9.993681e-01,
KMT2C->-PPP2R1A,2,1,2.000000,2,1.833333e-01,
SPEN->-DNMT3A,2,1,2.000000,2,4.404762e-01,
STAG2->-AXL,2,1,2.000000,2,2.500000e-01,
CDK8->-KRAS,2,1,2.000000,2,2.241848e-01,
NSD1->-RAD50,2,1,2.000000,2,1.792498e-01,
STAG2->-PTEN STAG2->-TP53 TP53->-PTEN,3,3,2.000000,2,2.777778e-02,
PTEN->-PIK3C2G,2,1,2.000000,2,2.150997e-01,
NOTCH1->-NCOR1,2,1,2.000000,2,2.142857e-01,
SPEN->-NCOR1,2,1,2.000000,2,4.635093e-01,
GATA3->-DOT1L,2,1,2.000000,2,2.333333e-01,
FOXA1->-DOT1L,2,1,2.000000,2,5.964286e-01,
CDH1->-BTK,2,1,2.000000,2,2.500000e-01,
AKT1->-XPO1 CDH1->-AKT1 CDH1->-XPO1,3,3,2.000000,2,2.777778e-02,
BRCA2->-MTOR BRCA2->-XPO1 MTOR->-XPO1,3,3,2.000000,2,2.777778e-02,
BRCA2->-FAT1,2,1,2.000000,2,3.648784e-01,
CDH1->-PIK3R1,2,1,2.000000,2,4.650997e-01,
PIK3R1->-AR,2,1,2.000000,2,2.500000e-01,
FAT1->-AR,2,1,2.000000,2,2.500000e-01,
NOTCH3->-PIK3R1,2,1,2.000000,2,2.500000e-01,
SPEN->-XPO1,2,1,2.000000,2,2.490942e-01,
KMT2C->-NOTCH3 KMT2C->-XPO1 NOTCH3->-XPO1,3,3,2.000000,2,2.747585e-02,
CDH1->-FAT1 MTOR->-CDH1 MTOR->-FAT1,3,3,2.000000,2,2.777778e-02,
RUNX1->-INSR,2,1,2.000000,2,2.491667e-01,
APC->-RUNX1,2,1,2.000000,2,2.491667e-01,
PIK3CA->-PARP1 PIK3CA->-RUNX1 RUNX1->-PARP1,3,3,2.000000,2,2.750000e-02,
NUP93->-PARP1 PIK3CA->-NUP93 PIK3CA->-PARP1,3,3,2.000000,2,2.750000e-02,
TP53->-RPS6KB2,2,1,2.000000,2,2.491667e-01,
NOTCH4->-KMT2D TP53->-KMT2D TP53->-NOTCH4,3,3,2.000000,2,3.516594e-02,
TP53->-HLA-A,2,1,2.000000,2,2.491667e-01,
ARID2->-KMT2D ERCC5->-ARID2 ERCC5->-KMT2D PIK3CA->-ARID2 PIK3CA->-ERCC5 PIK3CA->-KMT2D,4,6,2.000000,2,1.701389e-03,
ARID2->-KMT2D ERCC5->-ARID2 ERCC5->-KMT2D TP53->-ARID2 TP53->-ERCC5 TP53->-KMT2D,4,6,2.000000,2,1.701389e-03,
PTPRS->-PARP1,2,1,2.000000,2,2.143827e-01,
TP53->-NUP93,2,1,2.000000,2,4.991667e-01,
ATR->-KMT2D PIK3CA->-ATR PIK3CA->-KMT2D,3,3,2.000000,2,7.153202e-02,
CDH1->-PIK3CA FLCN->-CDH1 FLCN->-PIK3CA,3,3,2.000000,2,2.744840e-02,
PTPRT->-FGFR2 TP53->-FGFR2 TP53->-PTPRT,3,3,2.000000,2,2.620836e-02,
KMT2D->-FGFR2 TP53->-FGFR2 TP53->-KMT2D,3,3,2.000000,2,2.620836e-02,
PIK3C2G->-KMT2C,2,1,2.000000,2,4.642495e-01,
BRCA1->-CREBBP BRCA1->-KMT2C CREBBP->-KMT2C,3,3,2.000000,2,2.744840e-02,
ERCC4->-NCOR1,2,1,2.000000,2,2.920054e-01,
KMT2D->-NCOR1 SMAD2->-KMT2D SMAD2->-NCOR1,3,3,2.000000,2,2.744840e-02,
CREBBP->-KMT2C CREBBP->-NCOR1 KMT2C->-NCOR1,3,3,2.000000,2,2.715004e-02,
RAD51->-KMT2D,2,1,2.000000,2,1.743083e-01,
AKT1->-TBX3,2,1,2.000000,2,2.500000e-01,
ZFHX3->-ARID2,2,1,2.000000,2,2.490942e-01,
ARID2->-EPHA5 TP53->-ARID2 TP53->-EPHA5,3,3,2.000000,2,1.293300e-01,
CBFB->-MAP2K4,2,1,2.000000,2,1.633333e-01,
MAP3K1->-CTCF,2,1,2.000000,2,7.281346e-01,
ATM->-JUN,2,1,2.000000,2,2.476190e-01,
RHOA->-TBX3,2,1,2.000000,2,2.053571e-01,
FAT1->-RB1,2,1,2.000000,2,6.864035e-01,
PIK3CA->-GATA3 ROS1->-GATA3 ROS1->-PIK3CA,3,3,2.000000,2,2.777778e-02,
FGFR4->-ROS1,2,1,2.000000,2,1.780303e-01,
TP53->-ASXL2,2,1,2.000000,2,3.750000e-01,
TP53->-EPHA3,2,1,2.000000,2,5.000000e-01,
AKT2->-PTPRT,2,1,2.000000,2,2.500000e-01,
RICTOR->-ESR1,2,1,2.000000,2,7.702416e-01,
SMAD4->-ERCC4,2,1,2.000000,2,2.500000e-01,
APC->-DNMT1,2,1,2.000000,2,4.670330e-01,
DNMT3A->-FAT1,2,1,2.000000,2,4.404762e-01,
DNMT1->-SPEN,2,1,2.000000,2,2.500000e-01,
FOXP1->-PTEN,2,1,2.000000,2,2.053571e-01,
CDH1->-AXIN2,2,1,2.000000,2,2.490942e-01,
AKT1->-DNMT1,2,1,2.000000,2,4.670330e-01,
AKT1->-RAD50,2,1,2.000000,2,2.500000e-01,
AKT1->-SETD2,2,1,2.000000,2,1.904762e-01,
SMAD2->-RFWD2,2,1,2.000000,2,2.500000e-01,
KMT2C->-NSD1,2,1,2.000000,2,7.691774e-01,
MAP2K4->-ARID2,2,1,2.000000,2,2.500000e-01,
CDH1->-RET,2,1,2.000000,2,2.500000e-01,
ARID1A->-KDM5C PIK3CA->-ARID1A PIK3CA->-KDM5C,3,3,2.000000,2,5.753968e-02,
LATS1->-RFWD2,2,1,2.000000,2,2.500000e-01,
LATS1->-ATR,2,1,2.000000,2,2.500000e-01,
SMAD4->-RFWD2,2,1,2.000000,2,2.500000e-01,
BCOR->-TSC2,2,1,2.000000,2,2.500000e-01,
TSC2->-KMT2C,2,1,2.000000,2,8.132301e-01,
NCOR1->-IKZF1,2,1,2.000000,2,3.478840e-01,
GATA3->-BCOR,2,1,2.000000,2,2.500000e-01,
ASXL2->-TBX3,2,1,2.000000,2,2.500000e-01,
CDH1->-ASXL2,2,1,2.000000,2,3.805725e-01,
ASXL2->-ARID1A,2,1,2.000000,2,3.759491e-01,
KDR->-KMT2A,2,1,2.000000,2,2.500000e-01,
FOXA1->-ARID1B,2,1,2.000000,2,2.500000e-01,
GPS2->-JAK2,2,1,2.000000,2,2.500000e-01,
EPHA5->-TP53,2,1,2.000000,2,9.904451e-01,
PIK3CA->-MYCN,2,1,2.000000,2,2.500000e-01,
GATA3->-DICER1,2,1,2.000000,2,2.500000e-01,
GATA3->-HIST1H1C,2,1,2.000000,2,2.500000e-01,
PIK3CA->-SHQ1,2,1,2.000000,2,1.904762e-01,
TP53->-MALT1,2,1,2.000000,2,1.666667e-01,
MAP3K1->-ALK,2,1,2.000000,2,5.496612e-01,
MAP3K1->-KLF4,2,1,2.000000,2,1.964286e-01,
TBX3->-NCOA3,2,1,2.000000,2,1.743659e-01,
PTCH1->-PAK7 TBX3->-PAK7 TBX3->-PTCH1,3,3,2.000000,2,2.747585e-02,
PTCH1->-PAK7 SOX9->-PAK7 SOX9->-PTCH1,3,3,2.000000,2,2.747585e-02,
AKT1->-PTCH1,2,1,2.000000,2,1.000000e-01,
TBX3->-IKZF1,2,1,2.000000,2,9.996668e-02,
KDM5C->-MAP3K1,2,1,2.000000,2,2.500000e-01,
PIK3CA->-MEF2B,2,1,2.000000,2,2.500000e-01,
GLI1->-GATA3,2,1,2.000000,2,2.500000e-01,
CBFB->-MEN1,2,1,2.000000,2,2.500000e-01,
NOTCH3->-BLM TP53->-BLM TP53->-NOTCH3,3,3,2.000000,2,1.190476e-02,
GATA3->-AKT1,2,1,2.000000,2,9.837553e-01,
SPEN->-PTPRD,2,1,2.000000,2,1.666667e-01,
JAK1->-MDC1,2,1,2.000000,2,2.149660e-01,
KMT2A->-NOTCH1,2,1,2.000000,2,2.476190e-01,
CHEK2->-CREBBP,2,1,2.000000,2,1.815873e-01,
IDH1->-SETD2 TP53->-IDH1 TP53->-SETD2,3,3,2.000000,2,2.576506e-02,
MDC1->-CREBBP,2,1,2.000000,2,4.967305e-01,
MDC1->-TP53,2,1,2.000000,2,9.514613e-01,
BRCA2->-GATA3,2,1,2.000000,2,5.767661e-01,
BRCA2->-ARID2,2,1,2.000000,2,2.142857e-01,
KMT2C->-ARID2,2,1,2.000000,2,6.868207e-01,
FAT1->-TET1,2,1,2.000000,2,8.579438e-01,
MDC1->-FAT1,2,1,2.000000,2,1.904762e-01,
FOXA1->-PTEN,2,1,2.000000,2,5.788098e-01,
PTPRS->-PIK3CA STK11->-PIK3CA STK11->-PTPRS,3,3,2.000000,2,1.416195e-02,
PTPRS->-MGA STK11->-MGA STK11->-PTPRS,3,3,2.000000,2,1.338443e-02,
CDH1->-RUNX1 CDH1->-TBX3 RUNX1->-TBX3,3,3,2.000000,2,1.319444e-01,
ARAF->-PIK3CA,2,1,2.000000,2,6.254369e-01,
NF1->-FLT3,2,1,2.000000,2,1.750000e-01,
NF1->-ARID2 PIK3CA->-ARID2 PIK3CA->-NF1,3,3,2.000000,2,2.747585e-02,
KMT2D->-FLT3,2,1,2.000000,2,2.500000e-01,
EP300->-TP53,2,1,2.000000,2,9.914015e-01,
NFE2L2->-GATA3,2,1,2.000000,2,2.500000e-01,
ARID1B->-NFE2L2,2,1,2.000000,2,4.650997e-01,
MAP2K4->-FAT1,2,1,2.000000,2,3.800400e-01,
PDGFRA->-ARID2,2,1,2.000000,2,2.241848e-01,
PIK3R1->-NF1,2,1,2.000000,2,8.982763e-01,
PIK3R1->-EPHB1,2,1,2.000000,2,2.500000e-01,
MAP3K1->-PIK3R1,2,1,2.000000,2,6.613248e-01,
SPEN->-ALK,2,1,2.000000,2,2.490942e-01,
EPHA5->-ALK TP53->-ALK TP53->-EPHA5,3,3,2.000000,2,2.777778e-02,
MAP3K1->-ATRX TP53->-ATRX TP53->-MAP3K1,3,3,2.000000,2,1.232922e-02,
TET1->-SPEN TP53->-SPEN TP53->-TET1,3,3,2.000000,2,2.777778e-02,
ARID1B->-ARID2 ARID1B->-IRS1 IRS1->-ARID2,3,3,2.000000,2,2.747585e-02,
AR->-ARID2 AR->-IRS1 IRS1->-ARID2,3,3,2.000000,2,2.747585e-02,
MAP3K1->-ARID1B,2,1,2.000000,2,5.898453e-01,
FAT1->-ARID1B TP53->-ARID1B TP53->-FAT1,3,3,2.000000,2,7.003221e-02,
ARID1B->-ROS1 TP53->-ARID1B TP53->-ROS1,3,3,2.000000,2,9.920635e-03,
FAT1->-IRS1,2,1,2.000000,2,2.500000e-01,
NF1->-NBN,2,1,2.000000,2,2.500000e-01,
TP53->-HIST1H3C,2,1,2.000000,2,1.696429e-01,
KMT2A->-CD79A,2,1,2.000000,2,1.780303e-01,
FGFR4->-CD79A,2,1,2.000000,2,1.780303e-01,
FGFR4->-GRIN2A,2,1,2.000000,2,1.780303e-01,
PIK3R1->-EPHA7,2,1,2.000000,2,2.371795e-01,
NOTCH3->-PALB2,2,1,2.000000,2,2.500000e-01,
NOTCH4->-EIF4A2,2,1,2.000000,2,2.170330e-01,
TP53->-UPF1,2,1,2.000000,2,2.743996e-01,
PIK3CA->-BTK,2,1,2.000000,2,4.583333e-01,
MGA->-RB1,2,1,2.000000,2,4.960317e-01,
TBX3->-GRIN2A,2,1,2.000000,2,2.500000e-01,
AKT1->-ERBB4,2,1,2.000000,2,1.000000e-01,
KDM6A->-TP53,2,1,2.000000,2,9.577099e-01,
RB1->-CDH1,2,1,2.000000,2,9.168351e-01,
RB1->-SPEN,2,1,2.000000,2,2.691603e-01,
CREBBP->-NUP93,2,1,2.000000,2,3.478840e-01,
CDH1->-CIC,2,1,2.000000,2,1.365079e-01,
STK11->-ARID1A,2,1,2.000000,2,5.000000e-01,
KRAS->-ALK,2,1,2.000000,2,2.490942e-01,
ALK->-ARID1A TP53->-ALK TP53->-ARID1A,3,3,2.000000,2,2.777778e-02,
NCOR1->-BCOR,2,1,2.000000,2,5.000000e-01,
BCOR->-RUNX1,2,1,2.000000,2,2.500000e-01,
SF3B1->-ARID1A,2,1,2.000000,2,2.500000e-01,
FANCA->-PARP1,2,1,2.000000,2,1.864198e-01,
FANCA->-PIK3R1,2,1,2.000000,2,1.864198e-01,
KMT2C->-TSC2 PTEN->-KMT2C PTEN->-TSC2,3,3,2.000000,2,4.656567e-03,
GATA3->-FGFR2,2,1,2.000000,2,2.500000e-01,
NOTCH3->-ALK,2,1,2.000000,2,2.490942e-01,
PTEN->-MSH2,2,1,2.000000,2,2.500000e-01,
MDC1->-KMT2C PIK3CA->-KMT2C PIK3CA->-MDC1,3,3,2.000000,2,2.747585e-02,
TSC2->-MAP3K1,2,1,2.000000,2,4.650926e-01,
PPP2R1A->-ARID1A,2,1,2.000000,2,2.871682e-01,
GATA3->-KMT2D,2,1,2.000000,2,6.688604e-01,
NF1->-ATR,2,1,2.000000,2,4.217279e-01,
KLF4->-ARID1A,2,1,2.000000,2,2.083333e-01,
KMT2D->-ARID1A TP53->-ARID1A TP53->-KMT2D,3,3,2.000000,2,7.198254e-02,
PTPRT->-BCOR,2,1,2.000000,2,2.460317e-01,
KMT2D->-BCOR,2,1,2.000000,2,4.960317e-01,
PIK3CA->-ARID2 PIK3CA->-PTCH1 PTCH1->-ARID2,3,3,2.000000,2,2.623457e-02,
PIK3CA->-GLI1 PIK3CA->-PTCH1 PTCH1->-GLI1,3,3,2.000000,2,2.623457e-02,
PIK3CA->-ATR PIK3CA->-PTCH1 PTCH1->-ATR,3,3,2.000000,2,2.623457e-02,
PIK3CA->-BCOR PIK3CA->-PTCH1 PTCH1->-BCOR,3,3,2.000000,2,2.652286e-02,
PTCH1->-KMT2D,2,1,2.000000,2,4.803716e-01,
SETD2->-BCOR,2,1,2.000000,2,2.460317e-01,
HIST1H3I->-HNF1A PIK3CA->-HIST1H3I PIK3CA->-HNF1A,3,3,2.000000,2,2.652286e-02,
HIST1H3I->-HNF1A ROS1->-HIST1H3I ROS1->-HNF1A,3,3,2.000000,2,2.652286e-02,
HIST1H3I->-GATA3 PIK3CA->-GATA3 PIK3CA->-HIST1H3I,3,3,2.000000,2,2.777778e-02,
LATS2->-GATA3,2,1,2.000000,2,2.500000e-01,
ERBB2->-PIK3CA KMT2C->-ERBB2 KMT2C->-PIK3CA,3,3,2.000000,2,1.317959e-01,
PIK3CA->-ALOX12B,2,1,2.000000,2,2.500000e-01,
ERBB2->-PDGFRA,2,1,2.000000,2,2.490942e-01,
KMT2C->-PDGFRA,2,1,2.000000,2,2.490942e-01,
AR->-KMT2A AR->-PDGFRA AR->-PTPRS PDGFRA->-KMT2A PDGFRA->-PTPRS PTPRS->-KMT2A,4,6,2.000000,2,1.698370e-03,
AR->-KMT2A AR->-PIK3CA PIK3CA->-KMT2A,3,3,2.000000,2,2.747585e-02,
KMT2C->-GLI1,2,1,2.000000,2,4.319925e-01,
IRS1->-PTCH1,2,1,2.000000,2,2.490942e-01,
CDH1->-ERBB2 CDH1->-PTPRS ERBB2->-PTPRS,3,3,2.000000,2,2.747585e-02,
PIK3CA->-AXIN1,2,1,2.000000,2,1.400000e-01,
PALB2->-PIK3CA,2,1,2.000000,2,7.651096e-01,
STAG2->-MAP3K1,2,1,2.000000,2,5.000000e-01,
RB1->-PTPRD TP53->-PTPRD TP53->-RB1,3,3,2.000000,2,1.111111e-02,
CBFB->-SF3B1,2,1,2.000000,2,1.964286e-01,
MDC1->-RAD54L PIK3CA->-MDC1 PIK3CA->-RAD54L,3,3,2.000000,2,1.727053e-02,
PIK3CB->-RAD54L,2,1,2.000000,2,3.440163e-01,
CDH1->-MGA,2,1,2.000000,2,1.666667e-01,
PTEN->-INPPL1,2,1,2.000000,2,5.000000e-01,
KMT2B->-KMT2A,2,1,2.000000,2,2.500000e-01,
KMT2D->-FOXP1,2,1,2.000000,2,4.990119e-01,
ARID1A->-ALK,2,1,2.000000,2,6.868207e-01,
AKT1->-SPEN,2,1,2.000000,2,2.321429e-01,
MAP3K1->-RUNX1,2,1,2.000000,2,7.402778e-01,
LATS1->-TP53,2,1,2.000000,2,7.750000e-01,
JAK1->-PDGFRB,2,1,2.000000,2,1.860283e-01,
MDC1->-APC NOTCH4->-APC NOTCH4->-MDC1,3,3,2.000000,2,2.158816e-02,
RB1->-HIST1H3G,2,1,2.000000,2,2.500000e-01,
CDKN1B->-ESR1 CDKN1B->-PIK3CA ESR1->-PIK3CA,3,3,2.000000,2,2.777778e-02,
TP53->-EGFL7,2,1,2.000000,2,1.250000e-01,
KMT2B->-PTPRS,2,1,2.000000,2,2.500000e-01,
KMT2B->-PIK3CA,2,1,2.000000,2,5.000000e-01,
PIK3R1->-MAP3K1,2,1,2.000000,2,6.613248e-01,
ARID1A->-XPO1,2,1,2.000000,2,2.490942e-01,
CDH1->-PIK3CA CDH1->-XPO1 PIK3CA->-XPO1,3,3,2.000000,2,2.747585e-02,
FANCA->-MED12,2,1,2.000000,2,2.150997e-01,
LATS1->-PIK3CA,2,1,2.000000,2,5.710180e-01,
FOXA1->-FH,2,1,2.000000,2,1.750000e-01,
PIK3CA->-XIAP,2,1,2.000000,2,2.170330e-01,
FGFR3->-PIK3CA,2,1,2.000000,2,7.120777e-01,
PIK3CA->-ERCC2,2,1,2.000000,2,3.520833e-01,
NF1->-PRDM1,2,1,2.000000,2,1.815873e-01,
NF1->-PTEN,2,1,2.000000,2,9.905072e-01,
TBX3->-CREBBP,2,1,2.000000,2,7.554149e-02,
MAP2K4->-GPS2,2,1,2.000000,2,3.910317e-01,
FOXA1->-NSD1,2,1,2.000000,2,6.201266e-01,
CTCF->-MAP2K4 CTCF->-PIK3CA MAP2K4->-PIK3CA,3,3,2.000000,2,1.527778e-02,
TP53->-CCND1,2,1,2.000000,2,1.250000e-01,
PIK3CA->-JUN,2,1,2.000000,2,4.301088e-01,
TP53->-TNFAIP3,2,1,2.000000,2,1.666667e-01,
APC->-KEAP1,2,1,2.000000,2,1.750000e-01,
PIK3CA->-SUZ12,2,1,2.000000,2,5.204515e-01,
MGA->-FLT4,2,1,2.000000,2,4.545536e-01,
PPP2R1A->-PIK3CA,2,1,2.000000,2,7.843743e-01,
TP53->-FGF3,2,1,2.000000,2,8.750000e-02,
NF1->-MTOR,2,1,2.000000,2,4.221088e-01,
TP53->-FLCN,2,1,2.000000,2,3.740119e-01,
GATA3->-NOTCH4,2,1,2.000000,2,1.476175e-01,
GATA3->-TET1,2,1,2.000000,2,1.497834e-01,
NF1->-EPHB1,2,1,2.000000,2,2.047619e-01,
NF1->-STAG2,2,1,2.000000,2,1.190238e-01,
MAP2K4->-NF1 MAP2K4->-TET2 NF1->-TET2,3,3,2.000000,2,1.039595e-02,
TMPRSS2->-TP53,2,1,2.000000,2,1.000000e-01,
BRCA2->-TET2,2,1,2.000000,2,2.085971e-01,
CIC->-ARID1B,2,1,2.000000,2,2.113971e-01,
CDH1->-GLI1 CDH1->-PIK3CA PIK3CA->-GLI1,3,3,2.000000,2,1.725270e-02,
PIK3CA->-GLI1 TBX3->-GLI1 TBX3->-PIK3CA,3,3,2.000000,2,1.412150e-02,
ARID1A->-GLI1,2,1,2.000000,2,3.469516e-01,
ARID1A->-RFWD2,2,1,2.000000,2,1.794402e-01,
CDH1->-PIK3C3 CDH1->-PIK3CA PIK3CA->-PIK3C3,3,3,2.000000,2,9.123943e-03,
CDH1->-RASA1 CDH1->-RECQL4 RASA1->-RECQL4,3,3,2.000000,2,1.494314e-02,
CDH1->-RASA1 CDH1->-TBX3 TBX3->-RASA1,3,3,2.000000,2,1.688326e-02,
PIK3CA->-STAT5A,2,1,2.000000,2,1.349772e-01,
PTPRS->-SETD2,2,1,2.000000,2,9.346884e-02,
KMT2D->-HNF1A,2,1,2.000000,2,1.736458e-01,
KMT2D->-XPO1,2,1,2.000000,2,1.912696e-01,
TP53->-MSH2,2,1,2.000000,2,1.807731e-01,
TP53->-STAT3,2,1,2.000000,2,3.189065e-01,
TP53->-ERCC3,2,1,2.000000,2,8.813729e-02,
MEN1->-ESR1,2,1,2.000000,2,1.796068e-01,
TP53->-ERRFI1,2,1,2.000000,2,2.771099e-02,
CDH1->-NTRK2,2,1,2.000000,2,3.977317e-01,
ASXL2->-RB1,2,1,2.000000,2,1.618291e-01,
TP53->-SOS1,2,1,2.000000,2,8.418675e-02,
TP53->-SMARCB1,2,1,2.000000,2,2.562479e-01,
PIK3CA->-FUBP1,2,1,2.000000,1,3.462401e-01,
TP53->-CTNNB1,2,1,2.000000,2,1.044652e-01,
NCOR1->-BRIP1,2,1,2.000000,2,1.774409e-01,
SMAD2->-BCOR,2,1,2.000000,2,1.004665e-01,
ROS1->-MYC,2,1,2.000000,2,1.037987e-01,
TP53->-HIST1H3J,2,1,2.000000,2,5.213818e-02,
PIK3CG->-TET2,2,1,2.000000,2,1.259580e-01,
PIK3CG->-CDC73,2,1,2.000000,2,1.210073e-01,
ARID1A->-DDR2,2,1,2.000000,1,1.706018e-01,
PIK3R1->-ARID2,2,1,2.000000,2,9.680107e-02,
PIK3R1->-ROS1,2,1,2.000000,2,2.921923e-01,
PIK3R1->-MGA,2,1,2.000000,2,9.580140e-02,
GATA3->-PIK3C2G,2,1,2.000000,2,9.946684e-02,
KDM5C->-ARID1A,2,1,2.000000,2,5.484526e-01,
CARD11->-ARID1A,2,1,2.000000,2,6.399599e-01,
CDH1->-CREBBP CDH1->-RAD50 RAD50->-CREBBP,3,3,2.000000,2,1.471732e-02,
MAP3K13->-CREBBP,2,1,2.000000,2,1.834389e-01,
CDH1->-CREBBP CDH1->-KIT KIT->-CREBBP,3,3,2.000000,2,1.627235e-02,
CDH1->-MLH1 TP53->-CDH1 TP53->-MLH1,3,3,2.000000,2,1.370654e-02,
ANKRD11->-PTPRD,2,1,2.000000,2,1.726091e-01,
ANKRD11->-STAG2,2,1,2.000000,2,1.712762e-01,
MAP3K13->-MEN1,2,1,2.000000,2,1.772742e-01,
MAP3K13->-PIK3CA,2,1,2.000000,2,6.338720e-01,
CREBBP->-PARP1,2,1,2.000000,2,1.721093e-01,
STAG2->-PARP1,2,1,2.000000,2,1.779407e-01,
MLH1->-PIK3CA,2,1,2.000000,2,4.201933e-01,
YES1->-KIT,2,1,2.000000,2,9.505720e-02,
ARID1A->-IGF1R,2,1,2.000000,2,4.318160e-01,
ARID2->-IGF1R,2,1,2.000000,2,3.134978e-01,
NOTCH1->-LATS2,2,1,2.000000,2,5.600083e-02,
NOTCH1->-IGF1R,2,1,2.000000,2,7.580709e-02,
AMER1->-PIK3CA CASP8->-AMER1 CASP8->-PIK3CA,3,3,2.000000,2,9.790338e-03,
GATA3->-BRCA2,2,1,2.000000,2,5.765162e-01,
SMO->-KMT2C,2,1,2.000000,2,1.095468e-01,
SMO->-MEN1,2,1,2.000000,2,1.141240e-01,
MAP3K1->-ERBB2,2,1,2.000000,2,8.514733e-01,
PIK3CA->-RICTOR PIK3CA->-SMO SMO->-RICTOR,3,3,2.000000,2,1.517428e-02,
STAG2->-RICTOR,2,1,2.000000,2,1.742519e-01,
TP53->-CHEK2,2,1,2.000000,2,6.501382e-01,
TCF7L2->-PIK3CA,2,1,2.000000,2,1.681558e-01,
CHEK2->-FLT3,2,1,2.000000,2,1.004665e-01,
ERBB3->-ARID1A MAP3K1->-ARID1A MAP3K1->-ERBB3,3,3,2.000000,2,3.221149e-03,
ANKRD11->-CDH1,2,1,2.000000,2,8.346281e-01,
ANKRD11->-BRCA2,2,1,2.000000,2,2.094927e-01,
CDH1->-ABL1,2,1,2.000000,2,1.324558e-01,
CDH1->-FLT3,2,1,2.000000,2,1.242919e-01,
CDK12->-TBX3,2,1,2.000000,2,1.294568e-01,
TBX3->-MAP2K4,2,1,2.000000,2,3.728321e-01,
MAP2K4->-EPHB1,2,1,2.000000,2,1.067739e-01,
PTEN->-ACVR1,2,1,2.000000,2,1.112877e-01,
DDR2->-PIK3CG,2,1,2.000000,2,1.177584e-01,
MAP2K4->-DDR2,2,1,2.000000,2,1.367877e-01,
PIK3CA->-CREBBP PIK3CA->-PTPRD PTPRD->-CREBBP,3,3,2.000000,2,1.963901e-03,
CDH1->-DAXX CDH1->-PIK3CA PIK3CA->-DAXX,3,3,2.000000,2,1.599467e-02,
CBL->-PIK3CA,2,1,2.000000,2,5.089452e-01,
ERBB2->-PTPRD TP53->-ERBB2 TP53->-PTPRD,3,3,2.000000,2,1.015634e-02,
CSF3R->-PIK3CA,2,1,2.000000,2,1.532822e-01,
CDH1->-KMT2C CDH1->-STAT5B KMT2C->-STAT5B,3,3,2.000000,2,1.646387e-02,
CDH1->-YES1,2,1,2.000000,2,1.734924e-01,
CBL->-JAK3,2,1,2.000000,2,1.516754e-01,
ANKRD11->-PLK2,2,1,2.000000,2,1.779407e-01,
NOTCH1->-GATA3,2,1,2.000000,2,3.216650e-01,
ANKRD11->-PIK3CA,2,1,2.000000,2,9.572814e-01,
SUZ12->-PIK3CA,2,1,2.000000,2,5.249153e-01,
APC->-SPEN,2,1,2.000000,2,7.310843e-01,
MAP3K1->-DDR2,2,1,2.000000,2,8.580473e-02,
TBX3->-ARID1A,2,1,2.000000,2,6.421800e-01,
ERBB3->-ARID2,2,1,2.000000,2,3.285571e-01,
TP53->-PLCG2,2,1,2.000000,2,2.901611e-02,
ESR1->-MTOR,2,1,2.000000,1,3.155636e-01,
PIK3CA->-TSC1,2,1,2.000000,2,3.849730e-01,
TP53->-SRSF2,2,1,2.000000,2,1.978058e-01,
KMT2D->-FGF4 PIK3CA->-FGF4 PIK3CA->-KMT2D,3,3,2.000000,2,9.163612e-03,
HNF1A->-TP53,2,1,2.000000,2,9.124220e-01,
ESR1->-LATS2,2,1,2.000000,2,2.350324e-01,
FGFR4->-KMT2C,2,1,2.000000,2,1.733671e-01,
ESR1->-AR,2,1,2.000000,2,7.364212e-02,
FGFR4->-AKT1,2,1,2.000000,2,7.897368e-02,
CDKN1B-/-PIK3CA,2,1,2.000000,0,5.960902e-02,
PIK3CA->-HGF,2,1,2.000000,2,3.475888e-01,
PTCH1->-KMT2C,2,1,2.000000,2,7.659065e-01,
MAP3K1->-JAK3,2,1,2.000000,2,1.002999e-01,
PTEN->-TGFBR2,2,1,2.000000,2,8.363879e-02,
ATM->-DNMT1 PIK3CA->-ATM PIK3CA->-DNMT1,3,3,2.000000,2,5.498167e-03,
MAP3K1->-DNMT1,2,1,2.000000,2,1.056315e-01,
DNMT1->-KMT2C,2,1,2.000000,2,9.513496e-02,
MGA->-HNF1A MGA->-PTCH1 PIK3CA->-HNF1A PIK3CA->-MGA PIK3CA->-PTCH1 PTCH1->-HNF1A,4,6,2.000000,2,4.728732e-04,
MAP3K1->-MGA,2,1,2.000000,2,5.869472e-02,
MAP3K1->-KMT2A,2,1,2.000000,2,6.832732e-01,
FOXA1->-KMT2C FOXA1->-PLK2 PLK2->-KMT2C,3,3,2.000000,2,5.387093e-03,
PIK3CA->-KMT2C PIK3CA->-PLK2 PLK2->-KMT2C,3,3,2.000000,2,2.365353e-02,
MAP3K1->-DICER1 PTEN->-DICER1 PTEN->-MAP3K1,3,3,2.000000,2,5.498167e-03,
MAP3K1->-PIK3CD PTEN->-MAP3K1 PTEN->-PIK3CD,3,3,2.000000,2,5.498167e-03,
PTEN->-RIT1,2,1,2.000000,2,9.396868e-02,
MAP3K1->-SETD2,2,1,2.000000,2,1.007997e-01,
MAP3K1->-ATM,2,1,2.000000,2,6.417596e-01,
ATM->-PLK2 PIK3CA->-ATM PIK3CA->-PLK2,3,3,2.000000,2,5.109408e-03,
DICER1->-PTCH1,2,1,2.000000,2,9.346884e-02,
MAP3K1->-FGFR4 PTEN->-FGFR4 PTEN->-MAP3K1,3,3,2.000000,2,5.350597e-03,
FYN->-ATM,2,1,2.000000,2,9.546818e-02,
FOXA1->-PTCH1 PIK3CA->-FOXA1 PIK3CA->-PTCH1,3,3,2.000000,2,5.220482e-03,
PIK3CA->-PIK3CD,2,1,2.000000,2,6.331223e-02,
TERT->-TP53,2,1,2.000000,2,8.900273e-01,
PTEN->-PIK3CG,2,1,2.000000,2,5.406287e-02,
PTEN->-CDK12,2,1,2.000000,2,5.183783e-02,
