pattern,n_nodes,n_edges,s_exp,s_theta,pval_exp,pval_theta
CDH1->-PIK3CA,2,1,100.000000,101,,3.332223e-04
TP53->-PIK3CA,2,1,84.000000,85,,3.888845e-02
PIK3CA->-TP53,2,1,68.434553,68,,8.367217e-01
MAP3K1->-PIK3CA,2,1,48.000000,49,,5.028962e-02
PIK3CA->-GATA3,2,1,41.155500,43,,2.153056e-01
TP53->-PTEN,2,1,38.000000,38,,4.026039e-04
GATA3->-PIK3CA,2,1,35.666667,37,,7.095890e-01
PIK3CA->-KMT2C,2,1,33.500000,34,,6.024334e-02
PIK3CA->-MAP3K1,2,1,33.000000,34,,9.517704e-01
CBFB->-PIK3CA,2,1,32.500000,33,,5.003879e-06
TP53->-KMT2C,2,1,29.400000,29,,4.385491e-04
PIK3CA->-CDH1,2,1,28.500000,29,,1.000000e+00
PIK3CA->-ESR1,2,1,27.505464,28,,5.446118e-02
TP53->-NF1,2,1,27.000000,27,,6.019827e-03
PIK3CA->-FOXA1,2,1,27.000000,27,,9.003200e-03
CDH1->-TP53,2,1,25.666667,26,,1.225950e-01
TP53->-KMT2D,2,1,24.000000,24,,3.381294e-04
TP53->-MAP3K1,2,1,23.903146,24,,6.016259e-04
CDH1->-KMT2C,2,1,23.500000,24,,4.673706e-04
PIK3CA->-ARID1A,2,1,20.166667,22,,1.488677e-01
KMT2C->-PIK3CA,2,1,20.000000,22,,9.520070e-01
CBFB->-GATA3,2,1,21.000000,21,,3.393179e-04
TP53->-RB1,2,1,21.000000,21,,9.985064e-03
PIK3CA->-FAT1,2,1,19.253606,19,,2.178522e-03
CDH1->-MAP3K1,2,1,19.000000,19,,1.299739e-03
PIK3CA->-SF3B1,2,1,19.000000,19,,2.452104e-05
AKT1->-TP53,2,1,19.000000,19,,1.258357e-04
TP53->-CDH1,2,1,19.000000,19,,8.255136e-01
CDH1->-ERBB2,2,1,18.928571,19,,9.075309e-02
CDH1->-FOXA1,2,1,18.665753,19,,1.558798e-03
TP53->-NCOR1,2,1,18.661458,19,,1.877764e-02
PIK3CA->-RUNX1,2,1,18.600000,19,,2.603381e-02
TP53->-FAT1,2,1,18.000000,18,,6.062359e-04
CDH1->-TBX3,2,1,17.500000,18,,4.544063e-02
MAP2K4->-PIK3CA,2,1,17.166667,18,,4.960106e-02
PIK3CA->-NCOR1,2,1,17.100000,18,,3.615059e-01
TP53->-ARID1A,2,1,17.000000,18,,1.393389e-03
TP53->-GATA3,2,1,17.256098,17,,5.555381e-02
TBX3->-PIK3CA,2,1,17.000000,17,,3.299979e-01
ESR1->-PIK3CA,2,1,16.500000,17,,9.528267e-01
CDH1->-ARID1A,2,1,16.100000,17,,4.904487e-03
NCOR1->-PIK3CA,2,1,16.000000,16,,6.321931e-01
CDH1->-RUNX1,2,1,15.000000,15,,9.866655e-02
CDH1->-NCOR1,2,1,15.000000,15,,2.027715e-02
TP53->-ARID2,2,1,15.000000,15,,3.371991e-04
TP53->-PIK3R1,2,1,15.000000,15,,8.172514e-03
PIK3CA->-TBX3,2,1,14.500000,15,,6.066626e-01
ARID1A->-PIK3CA,2,1,14.500000,15,,8.945820e-01
TP53->-ATR,2,1,14.000000,15,,6.446065e-04
PIK3CA->-KMT2D,2,1,14.333333,14,,3.705426e-02
TP53->-PTPRD,2,1,13.903458,14,,4.478183e-04
TP53->-RUNX1,2,1,13.500000,14,,3.183853e-02
TP53->-BRCA2,2,1,13.500000,14,,6.070098e-04
TP53->-NSD1,2,1,13.000000,14,,3.403731e-04
PIK3CA->-ATR,2,1,13.000000,14,,1.942117e-03
TP53->-KMT2A,2,1,13.000000,13,,5.122017e-04
CDH1->-ESR1,2,1,13.000000,13,,7.657066e-02
PIK3CA->-PTEN,2,1,13.000000,13,,5.442144e-01
TP53->-CREBBP,2,1,12.666667,13,,2.632170e-03
TP53->-STAG2,2,1,12.500000,13,,4.309735e-03
TP53->-FLT4,2,1,12.000000,12,,4.550676e-04
PIK3CA->-SPEN,2,1,12.000000,12,,6.603957e-02
TP53->-APC,2,1,12.000000,12,,1.650044e-03
MEN1->-GATA3,2,1,12.000000,12,,2.441406e-04
NF1->-PIK3CA,2,1,12.000000,12,,3.528310e-01
NF1->-TP53,2,1,12.000000,12,,9.906067e-01
PTEN->-PIK3CA,2,1,11.900000,12,,6.951204e-01
TP53->-ALK,2,1,11.697406,12,,3.982520e-04
TP53->-TBX3,2,1,11.505208,12,,8.132947e-02
PTEN->-TP53,2,1,11.500000,12,,9.999101e-01
MAP3K1->-GATA3,2,1,11.500000,12,,4.691655e-01
CDH1->-CBFB,2,1,11.500000,12,,1.735718e-01
FOXA1->-PIK3CA,2,1,11.500000,12,,9.935705e-01
TP53->-FOXA1,2,1,11.170962,12,,2.719878e-02
PIK3CA->-PTPRT,2,1,11.076369,12,,5.163312e-03
PIK3CA->-RICTOR,2,1,11.000000,12,,8.383607e-04
TP53->-ESR1,2,1,11.400000,11,,1.379925e-02
PIK3CA->-ATM,2,1,11.000000,11,,3.196296e-01
TP53->-ATM,2,1,11.000000,11,,1.634103e-03
TP53->-CDKN2A,2,1,11.000000,11,,1.900121e-02
PIK3CA->-RB1,2,1,11.000000,11,,2.419898e-01
TP53->-FBXW7,2,1,11.000000,11,,6.827926e-03
TP53->-ERBB3,2,1,11.000000,11,,3.630294e-04
TP53->-SETD2,2,1,10.750000,11,,4.439564e-04
TP53->-NOTCH4,2,1,10.697674,11,,3.540691e-04
PIK3CA->-NOTCH4,2,1,10.666667,11,,6.964085e-03
TP53->-PTPRS,2,1,10.665753,11,,3.770173e-04
GATA3->-MAP3K1,2,1,10.500000,11,,6.326817e-01
ESR1->-GATA3,2,1,10.500000,11,,2.329224e-01
PIK3CA->-KMT2A,2,1,10.500000,11,,3.654955e-02
TP53->-MED12,2,1,10.230067,11,,2.952377e-03
TP53->-EPHA5,2,1,10.359794,10,,1.676846e-02
GATA3->-ARID1A,2,1,10.333333,10,,5.507245e-01
TP53->-EP300,2,1,10.256098,10,,1.832439e-02
TP53->-CARD11,2,1,10.000000,10,,4.500098e-03
TP53->-ATRX,2,1,10.000000,10,,2.756296e-03
TP53->-NOTCH2,2,1,10.000000,10,,1.173626e-03
TP53->-BARD1,2,1,10.000000,10,,5.653875e-04
TP53->-ARID1B,2,1,10.000000,10,,5.487202e-02
CDH1->-PTEN,2,1,10.000000,10,,3.629597e-01
ERBB2->-CDH1,2,1,10.000000,10,,9.749840e-01
TP53->-MAP2K4,2,1,10.000000,10,,2.836956e-01
CDH1->-GATA3,2,1,10.000000,10,,1.842612e-02
PIK3CA->-CREBBP,2,1,9.666667,10,,1.424764e-01
PIK3CA->-NF1,2,1,9.666667,10,,6.860847e-01
TP53->-PTPRT,2,1,9.576369,10,,3.157974e-03
PIK3CA->-FLT4,2,1,9.500000,10,,1.497402e-02
TP53->-ARID5B,2,1,9.500000,10,,5.637642e-04
KMT2C->-MAP3K1,2,1,9.500000,10,,4.671980e-01
ERBB2->-PIK3CA,2,1,9.500000,10,,3.855267e-01
PIK3CA->-MAP2K4,2,1,9.500000,10,,9.268456e-01
PIK3CA->-MED12,2,1,8.563401,10,,1.408269e-02
PIK3CA->-CDKN1B,2,1,8.500000,10,,3.099794e-01
TP53->-SPEN,2,1,9.400000,9,,7.614307e-02
TP53->-EPHB1,2,1,9.000000,9,,2.143817e-03
CDH1->-MAP2K4,2,1,9.000000,9,,5.772844e-02
ARID1A->-GATA3,2,1,9.000000,9,,7.145409e-01
AKT1->-CDH1,2,1,9.000000,9,,4.836349e-01
PTEN->-NF1,2,1,9.000000,9,,2.850446e-02
AKT1->-GATA3,2,1,9.000000,9,,2.905273e-02
TP53->-ERCC5,2,1,9.000000,9,,1.670153e-03
TP53->-SF3B1,2,1,9.000000,9,,1.394400e-03
TP53->-ZFHX3,2,1,9.000000,9,,5.700136e-02
KMT2C->-GATA3,2,1,9.000000,9,,3.005533e-01
TP53->-POLE,2,1,9.000000,9,,5.854598e-04
PIK3CA->-POLE,2,1,9.000000,9,,4.844276e-03
TP53->-TET2,2,1,9.000000,9,,1.036057e-03
TP53->-RICTOR,2,1,8.678626,9,,4.463072e-04
PTEN->-KMT2C,2,1,8.500000,9,,7.021076e-03
MEN1->-PIK3CA,2,1,8.500000,9,,6.732101e-02
TP53->-ROS1,2,1,8.500000,9,,3.794506e-02
PIK3CA->-ARID2,2,1,8.500000,9,,5.538053e-02
TP53->-ANKRD11,2,1,8.500000,9,,1.636071e-03
MAP3K1->-KMT2C,2,1,8.500000,9,,6.513674e-01
TP53->-BRCA1,2,1,8.169400,9,,3.568789e-03
CDH1->-MAP3K1 CDH1->-PIK3CA PIK3CA->-MAP3K1,3,3,8.000000,8,,1.257451e-03
CDH1->-FOXA1 CDH1->-PIK3CA PIK3CA->-FOXA1,3,3,8.000000,8,,3.471039e-04
TBX3->-CDH1,2,1,8.466667,8,,9.863807e-01
PIK3CA->-PTPRD,2,1,8.403458,8,,1.040575e-02
TP53->-TSC2,2,1,8.359794,8,,3.944698e-02
ATM->-PIK3CA,2,1,8.251111,8,,8.153667e-01
PIK3CA->-PTCH1,2,1,8.000000,8,,1.629664e-02
CDH1->-CREBBP,2,1,8.000000,8,,8.396333e-02
RB1->-TP53,2,1,8.000000,8,,9.949025e-01
PIK3CA->-ZFHX3,2,1,8.000000,8,,3.957747e-01
CDH1->-AKT1,2,1,8.000000,8,,6.709239e-01
NCOR1->-TP53,2,1,8.000000,8,,9.866066e-01
RUNX1->-PIK3CA,2,1,8.000000,8,,9.905004e-01
TP53->-BAP1,2,1,8.000000,8,,1.796875e-02
RUNX1->-CDH1,2,1,8.000000,8,,9.500418e-01
CBFB->-MAP3K1,2,1,8.000000,8,,5.468750e-02
CDH1->-APC,2,1,8.000000,8,,3.883066e-03
CDH1->-BRCA2,2,1,8.000000,8,,1.470590e-01
CDH1->-NF1,2,1,8.000000,8,,2.689513e-01
PTEN->-CDH1,2,1,8.000000,8,,7.248189e-01
KMT2C->-TP53,2,1,8.000000,8,,9.997352e-01
PTEN->-MAP3K1,2,1,8.000000,8,,1.124099e-01
CDH1->-PTPRD,2,1,7.986220,8,,1.156490e-02
PIK3CA->-PTPRS,2,1,7.680934,8,,1.534660e-01
PIK3CA->-ERBB2,2,1,7.666667,8,,7.455425e-01
TP53->-NOTCH1,2,1,7.664787,8,,3.802859e-03
PIK3CA->-DICER1,2,1,7.500000,8,,1.351079e-02
FOXA1->-MAP3K1,2,1,7.500000,8,,1.743059e-01
PIK3CA->-MGA,2,1,7.500000,8,,4.506640e-01
GATA3->-TP53,2,1,7.000000,8,,9.770379e-01
CDH1->-KMT2C CDH1->-PIK3CA PIK3CA->-KMT2C,3,3,7.000000,7,,3.947323e-03
CTCF->-PIK3CA,2,1,7.326531,7,,2.256675e-01
CDH1->-SPEN,2,1,7.266667,7,,2.070694e-01
MAP3K1->-ARID1A,2,1,7.000000,7,,1.634585e-01
TP53->-KDM6A,2,1,7.000000,7,,6.120182e-02
PIK3CA->-BRCA2,2,1,7.000000,7,,1.646561e-01
CDH1->-EPHB1,2,1,7.000000,7,,7.434427e-03
TP53->-GRIN2A,2,1,7.000000,7,,2.936521e-03
MAP2K4->-GATA3,2,1,7.000000,7,,7.529630e-02
TP53->-DNMT1,2,1,7.000000,7,,2.562896e-03
PIK3CA->-DNMT3A,2,1,7.000000,7,,3.511882e-02
GATA3->-SPEN,2,1,7.000000,7,,3.341251e-01
CBFB->-CDH1,2,1,7.000000,7,,9.129250e-01
PIK3CA->-MDC1,2,1,7.000000,7,,1.754264e-01
CDH1->-KMT2A,2,1,7.000000,7,,3.551641e-02
RB1->-PIK3CA,2,1,7.000000,7,,8.821069e-01
PIK3CA->-BCOR,2,1,7.000000,7,,1.531356e-01
CDH1->-KMT2D,2,1,7.000000,7,,2.855188e-02
NCOR1->-GATA3,2,1,7.000000,7,,2.885045e-02
TP53->-PDGFRA,2,1,7.000000,7,,2.570526e-02
TP53->-MDC1,2,1,7.000000,7,,6.849002e-02
TP53->-BCOR,2,1,7.000000,7,,5.410988e-03
CDH1->-ERBB3,2,1,7.000000,7,,4.833609e-02
TP53->-PALB2,2,1,7.000000,7,,1.000508e-02
TP53->-INSR,2,1,7.000000,7,,1.225165e-02
TP53->-DDR2,2,1,7.000000,7,,1.435688e-02
TP53->-PIK3C2G,2,1,7.000000,7,,2.439949e-03
PIK3CA->-KDR,2,1,6.951220,7,,2.025616e-02
TP53->-SOX17,2,1,6.666667,7,,1.400448e-02
PTEN->-PIK3R1,2,1,6.666667,7,,2.318498e-02
MAP2K4->-TP53,2,1,6.666667,7,,8.118004e-01
TP53->-PIK3CG,2,1,6.666667,7,,1.018471e-02
CDH1->-PTPRS,2,1,6.665753,7,,7.418949e-03
PIK3CA->-EPHA5,2,1,6.639344,7,,2.274763e-02
PIK3CA->-PIK3C2G,2,1,6.611111,7,,1.390929e-02
PIK3CA->-ANKRD11,2,1,6.523810,7,,1.021617e-01
PIK3CA->-ARID5B,2,1,6.500000,7,,2.083181e-02
MAP3K1->-ERBB3,2,1,6.500000,7,,7.742878e-03
MAP3K1->-TBX3,2,1,6.500000,7,,1.366422e-01
PIK3CA->-RAD50,2,1,6.500000,7,,5.144700e-02
PIK3CA->-NSD1,2,1,6.500000,7,,8.260267e-02
TP53->-MTOR,2,1,6.500000,7,,2.829651e-02
ESR1->-ARID1A,2,1,6.500000,7,,1.415029e-01
CDH1->-SETD2,2,1,6.500000,7,,7.886905e-03
CDKN1B->-PIK3CA,2,1,6.500000,7,,8.278851e-01
PIK3CA->-CARD11,2,1,6.500000,7,,6.777148e-03
CDH1->-FAT1,2,1,6.500000,7,,2.467556e-02
TP53->-MGA,2,1,6.500000,7,,1.712219e-02
PIK3CA->-ROS1,2,1,6.500000,7,,1.204025e-01
PIK3CA->-IGF1R,2,1,6.219844,7,,4.121827e-03
TP53->-IGF1R,2,1,6.166667,7,,1.758023e-03
GATA3->-ESR1,2,1,6.166667,7,,8.763367e-01
PIK3CA->-PLK2,2,1,6.000000,7,,6.860360e-03
MGA->-PIK3CA,2,1,6.000000,7,,6.540476e-01
PIK3CA->-RFWD2,2,1,5.863636,7,,2.372262e-02
CDH1->-RFWD2,2,1,5.727273,7,,6.099207e-03
GATA3-/-PIK3CA,2,1,4.177834,7,,8.300808e-01
CBFB->-GATA3 CBFB->-PIK3CA GATA3->-PIK3CA,3,3,5.666667,6,,1.964705e-02
ARID1A->-PIK3CA CDH1->-ARID1A CDH1->-PIK3CA,3,3,5.500000,6,,2.457494e-02
PIK3CA->-PTEN PIK3CA->-TP53 TP53->-PTEN,3,3,6.000000,6,,2.059782e-03
GATA3->-PIK3CA MAP3K1->-GATA3 MAP3K1->-PIK3CA,3,3,5.000000,6,,3.311150e-02
CBFB->-MAP3K1 CBFB->-PIK3CA MAP3K1->-PIK3CA,3,3,6.000000,6,,4.411723e-04
PIK3CA->-AR,2,1,6.363636,6,,2.263891e-01
ATM->-GATA3,2,1,6.352140,6,,1.055341e-01
TP53->-RECQL4,2,1,6.000000,6,,7.204821e-02
TP53->-PIK3CB,2,1,6.000000,6,,1.116295e-02
CDH1->-RICTOR,2,1,6.000000,6,,1.545318e-02
PIK3CA->-ERBB3,2,1,6.000000,6,,3.903256e-01
TP53->-DNMT3A,2,1,6.000000,6,,1.460867e-01
TP53->-DOT1L,2,1,6.000000,6,,3.313479e-02
PIK3CA->-MTOR,2,1,6.000000,6,,1.002331e-01
KMT2C->-NCOR1,2,1,6.000000,6,,1.288743e-01
TP53->-RAD50,2,1,6.000000,6,,1.967135e-02
TP53->-STK11,2,1,6.000000,6,,4.072392e-02
PIK3CA->-CIC,2,1,6.000000,6,,1.891534e-02
PIK3CA->-MST1R,2,1,6.000000,6,,7.217708e-03
PIK3CA->-FGFR2,2,1,6.000000,6,,4.357172e-02
PIK3CA->-EPHB1,2,1,6.000000,6,,6.205357e-02
AKT1->-MAP3K1,2,1,6.000000,6,,6.250000e-02
ZFHX3->-PIK3CA,2,1,6.000000,6,,7.882292e-01
MAP3K1->-TP53,2,1,6.000000,6,,9.995583e-01
PIK3CA->-NUP93,2,1,6.000000,6,,4.815943e-02
GATA3->-KMT2C,2,1,6.000000,6,,8.466062e-01
TP53->-HNF1A,2,1,6.000000,6,,6.898641e-02
TP53->-KDR,2,1,6.000000,6,,1.400601e-01
GATA3->-CDKN1B,2,1,6.000000,6,,1.562500e-02
CBFB->-TP53,2,1,6.000000,6,,1.500000e-01
CDH1->-PTCH1,2,1,6.000000,6,,5.960015e-02
ESR1->-CDH1,2,1,6.000000,6,,9.648749e-01
PIK3CA->-CBFB,2,1,6.000000,6,,9.999983e-01
TP53->-NOTCH3,2,1,6.000000,6,,5.468750e-02
PIK3CA->-APC,2,1,6.000000,6,,3.310168e-01
ARID1A->-KMT2C,2,1,6.000000,6,,5.501180e-01
CDH1->-RB1,2,1,6.000000,6,,1.014632e-01
STK11->-PIK3CA,2,1,6.000000,6,,2.182566e-01
KMT2C->-FAT1,2,1,6.000000,6,,1.830295e-01
NOTCH1->-PIK3CA,2,1,6.000000,6,,4.796667e-01
CDH1->-ATRX,2,1,6.000000,6,,5.843885e-02
TP53->-TP63,2,1,6.000000,6,,1.051971e-02
PIK3CA->-STAG2,2,1,6.000000,6,,6.129220e-01
PTEN->-ARID1A,2,1,6.000000,6,,4.779601e-02
TP53->-NBN,2,1,6.000000,6,,1.002791e-02
PIK3CA->-NOTCH1,2,1,6.000000,6,,4.806840e-01
TP53->-RPTOR,2,1,6.000000,6,,2.737333e-02
PTEN->-SF3B1,2,1,5.904762,6,,2.147135e-01
PIK3CA->-ALK,2,1,5.900576,6,,8.608307e-02
TBX3->-TP53,2,1,5.750000,6,,9.314996e-01
PIK3CA->-BAP1,2,1,5.666667,6,,5.468750e-02
PIK3CA->-TET1,2,1,5.666667,6,,1.279771e-01
TP53->-KDM5A,2,1,5.665753,6,,1.194394e-02
TP53->-JAK3,2,1,5.665753,6,,4.116419e-02
PIK3CA->-PARP1,2,1,5.500000,6,,1.597248e-02
PIK3CA->-ATRX,2,1,5.500000,6,,2.545459e-01
PIK3CA->-HIST1H1C,2,1,5.500000,6,,5.878472e-02
STAG2->-PIK3CA,2,1,5.500000,6,,6.132978e-01
TP53->-TERT,2,1,5.500000,6,,9.615803e-02
ARID2->-GATA3,2,1,5.500000,6,,6.718750e-02
TP53->-MAP3K13,2,1,5.500000,6,,4.620651e-02
PIK3CA->-SETD2,2,1,5.500000,6,,3.735487e-01
TP53->-RFWD2,2,1,5.290698,6,,1.149460e-02
PIK3CA->-SMAD4,2,1,5.266667,6,,1.250777e-01
TP53->-PAK7,2,1,5.197406,6,,6.786935e-03
PIK3CA->-EGFR,2,1,5.000000,6,,1.562500e-02
SPEN->-PIK3CA,2,1,5.000000,6,,9.137809e-01
PIK3CA->-BRCA1,2,1,5.000000,6,,1.731264e-01
PIK3CA-/-TP53,2,1,3.565447,6,,9.999999e-01
PIK3CA->-KMT2C TP53->-KMT2C TP53->-PIK3CA,3,3,4.500000,5,,7.679298e-02
CBFB->-GATA3 CBFB->-PIK3CA PIK3CA->-GATA3,3,3,5.000000,5,,6.987479e-02
CDH1->-KMT2C CDH1->-PIK3CA KMT2C->-PIK3CA,3,3,4.500000,5,,6.473604e-02
CDH1->-PIK3CA TP53->-CDH1 TP53->-PIK3CA,3,3,5.000000,5,,5.142789e-02
CDH1->-PIK3CA CDH1->-TBX3 TBX3->-PIK3CA,3,3,5.000000,5,,7.357097e-02
CDH1->-ARID1A CDH1->-PIK3CA PIK3CA->-ARID1A,3,3,4.500000,5,,8.263465e-02
CDH1->-PIK3CA CDH1->-RUNX1 PIK3CA->-RUNX1,3,3,4.600000,5,,2.938375e-02
PIK3CA->-KMT2D PIK3CA->-TP53 TP53->-KMT2D,3,3,5.000000,5,,1.478081e-02
CBFB->-PIK3CA CDH1->-CBFB CDH1->-PIK3CA,3,3,5.000000,5,,7.647681e-03
CDH1->-ERBB2 CDH1->-PIK3CA ERBB2->-PIK3CA,3,3,4.500000,5,,2.478451e-02
PTEN->-NF1 TP53->-NF1 TP53->-PTEN,3,3,5.000000,5,,9.074098e-03
PIK3CA->-POLE PIK3CA->-TP53 TP53->-POLE,3,3,5.000000,5,,5.140410e-04
KMT2C->-ARID1A,2,1,5.470588,5,,7.641380e-01
PIK3CA->-EP300,2,1,5.451220,5,,4.525132e-01
TP53->-XPO1,2,1,5.359794,5,,4.186226e-02
MAP3K1->-NCOR1,2,1,5.333333,5,,5.460977e-01
PIK3CA->-TET2,2,1,5.333333,5,,4.576864e-01
TP53->-ERBB4,2,1,5.000000,5,,5.856496e-02
TP53->-PBRM1,2,1,5.000000,5,,2.211278e-01
PIK3CA->-ERCC4,2,1,5.000000,5,,5.764416e-02
ARID2->-ARID1A,2,1,5.000000,5,,3.518906e-01
ERBB2->-TBX3,2,1,5.000000,5,,3.540519e-01
MAP3K1->-NOTCH4,2,1,5.000000,5,,2.001416e-02
MEN1->-KMT2C,2,1,5.000000,5,,1.077632e-01
TP53->-ERBB2,2,1,5.000000,5,,6.145806e-01
ERBB2->-KMT2C,2,1,5.000000,5,,2.235696e-01
TP53->-PARP1,2,1,5.000000,5,,3.073663e-02
TP53->-AXIN2,2,1,5.000000,5,,7.552505e-03
TP53->-GLI1,2,1,5.000000,5,,8.299317e-03
NCOR1->-MED12,2,1,5.000000,5,,2.145858e-02
PIK3CA->-BLM,2,1,5.000000,5,,1.004184e-01
KMT2C->-CDH1,2,1,5.000000,5,,9.999052e-01
TP53->-POLD1,2,1,5.000000,5,,1.034655e-02
AKT1->-NOTCH2,2,1,5.000000,5,,1.622376e-02
KMT2D->-PIK3CA,2,1,5.000000,5,,9.904020e-01
AKT1->-KMT2C,2,1,5.000000,5,,2.293324e-01
ARID1B->-PIK3CA,2,1,5.000000,5,,3.454711e-01
GPS2->-PIK3CA,2,1,5.000000,5,,3.437748e-01
CDH1->-NSD1,2,1,5.000000,5,,3.125000e-02
CHEK2->-PIK3CA,2,1,5.000000,5,,9.702381e-02
GATA3->-EGFR,2,1,5.000000,5,,3.125000e-02
TP53->-EPHA7,2,1,5.000000,5,,8.202125e-02
TP53->-BRD4,2,1,5.000000,5,,8.460490e-02
TP53->-TCF7L2,2,1,5.000000,5,,3.146868e-02
ESR1->-MAP3K1,2,1,5.000000,5,,6.196427e-01
NF1->-PIK3R1,2,1,5.000000,5,,2.031250e-01
CREBBP->-KMT2C,2,1,5.000000,5,,8.528354e-02
CDH1->-IKZF1,2,1,5.000000,5,,3.125000e-02
CDH1->-MED12,2,1,5.000000,5,,1.065848e-01
GATA3->-TBX3,2,1,5.000000,5,,1.435276e-01
PIK3CA->-TERT,2,1,5.000000,5,,3.833097e-02
PIK3CA->-GRIN2A,2,1,5.000000,5,,2.321429e-01
FOXA1->-GATA3,2,1,5.000000,5,,5.000000e-01
ERBB2->-TP53,2,1,5.000000,5,,6.159802e-01
ERBB2->-RUNX1,2,1,5.000000,5,,2.265625e-01
TP53->-CEBPA,2,1,5.000000,5,,3.125000e-02
NCOR1->-RUNX1,2,1,5.000000,5,,3.632812e-01
TP53->-JAK1,2,1,5.000000,5,,3.645833e-01
NCOR1->-CDH1,2,1,5.000000,5,,9.939518e-01
MAP2K4->-PTEN,2,1,5.000000,5,,3.623876e-01
TP53->-CIC,2,1,5.000000,5,,1.130952e-01
TP53->-SMARCA4,2,1,5.000000,5,,2.265625e-01
PIK3CA->-KRAS,2,1,5.000000,5,,4.217731e-01
TP53->-PIK3R2,2,1,5.000000,5,,2.604167e-02
RUNX1->-TP53,2,1,5.000000,5,,9.904140e-01
PTPRS->-PIK3CA,2,1,5.000000,5,,7.497289e-01
TP53->-TET1,2,1,5.000000,5,,1.093750e-01
CBFB->-NCOR1,2,1,5.000000,5,,3.333333e-02
CDH1->-DNMT1,2,1,5.000000,5,,3.125000e-02
CDH1->-XPO1,2,1,5.000000,5,,3.136322e-02
AKT1->-MAP2K4,2,1,5.000000,5,,1.056548e-01
PIK3CA->-GLI1,2,1,5.000000,5,,2.568257e-02
CBFB->-AKT1,2,1,5.000000,5,,3.404948e-01
PIK3CA->-BRIP1,2,1,5.000000,5,,7.275231e-02
ARID1A->-IKZF1,2,1,5.000000,5,,2.578307e-02
TP53->-RAF1,2,1,5.000000,5,,9.038654e-03
TP53->-MET,2,1,5.000000,5,,1.557814e-02
CDH1->-STAG2,2,1,5.000000,5,,3.094802e-02
PIK3R1->-TP53,2,1,5.000000,5,,9.863922e-01
CDH1->-RAD50,2,1,5.000000,5,,3.163529e-02
PTEN->-GRIN2A,2,1,5.000000,5,,2.258771e-02
TP53->-IRF4,2,1,5.000000,5,,1.612657e-02
TP53->-TSC1,2,1,5.000000,5,,1.628163e-01
TP53->-ARAF,2,1,5.000000,5,,8.139995e-02
TP53->-TRAF2,2,1,5.000000,5,,1.876458e-02
TP53->-KIT,2,1,5.000000,5,,8.404507e-03
PIK3CA->-DNMT1,2,1,5.000000,5,,3.144785e-02
TP53->-FGFR4,2,1,5.000000,5,,1.503631e-02
KDM5C->-PIK3CA,2,1,4.888889,5,,5.477557e-01
CDH1->-AR,2,1,4.727273,5,,9.357049e-02
TP53->-HIST1H3B,2,1,4.666667,5,,8.054580e-02
TP53->-BRIP1,2,1,4.666667,5,,7.798898e-03
ARID1A->-CDH1,2,1,4.510499,5,,9.962687e-01
PIK3CA->-JAK3,2,1,4.500000,5,,2.212362e-01
MAP3K1->-ESR1,2,1,4.500000,5,,6.176008e-01
TP53->-PLK2,2,1,4.500000,5,,3.048984e-02
KMT2C->-TBX3,2,1,4.500000,5,,4.484501e-01
NF1->-CDH1,2,1,4.500000,5,,8.518210e-01
TET1->-ARID1A,2,1,4.500000,5,,3.143275e-02
PTEN->-RUNX1,2,1,4.500000,5,,3.125000e-02
CBFB->-ARID1A,2,1,4.500000,5,,2.708333e-02
PIK3CA->-NOTCH3,2,1,4.500000,5,,2.074323e-01
TP53->-AR,2,1,4.500000,5,,3.125000e-02
MEN1->-ARID1A,2,1,4.500000,5,,3.136322e-02
CDH1->-POLE,2,1,4.500000,5,,3.125000e-02
TP53->-PTCH1,2,1,4.500000,5,,1.422951e-01
ARID1A->-FAT1,2,1,4.500000,5,,8.202740e-02
TP53->-INPP4B,2,1,4.500000,5,,4.158475e-02
PIK3CA->-PIK3CG,2,1,4.500000,5,,2.096697e-01
TP53->-IKZF1,2,1,4.189903,5,,1.089220e-02
ERBB3->-PIK3CA,2,1,4.173469,5,,6.373649e-01
ESR1->-FAT1,2,1,4.067873,5,,9.397552e-02
PTEN->-GATA3,2,1,4.000000,5,,3.648602e-01
ERBB2->-MAP3K1,2,1,4.000000,5,,2.123728e-01
GATA3->-CREBBP,2,1,4.000000,5,,3.044818e-02
GATA3->-FLT3,2,1,4.000000,5,,2.603299e-02
GATA3->-POLE,2,1,4.000000,5,,9.603049e-02
PIK3CA->-IKZF1,2,1,4.000000,5,,2.341499e-01
PIK3CA->-FGFR4,2,1,3.500000,5,,3.638578e-01
KMT2C-/-PIK3CA,2,1,2.500000,5,,8.171020e-01
KMT2C->-PIK3CA TP53->-KMT2C TP53->-PIK3CA,3,3,2.500000,4,,2.045145e-01
CDH1->-MAP3K1 CDH1->-PIK3CA MAP3K1->-PIK3CA,3,3,4.000000,4,,2.315192e-01
PIK3CA->-FAT1 TP53->-FAT1 TP53->-PIK3CA,3,3,4.000000,4,,4.460437e-02
CDH1->-NCOR1 CDH1->-PIK3CA NCOR1->-PIK3CA,3,3,4.000000,4,,6.727577e-02
CDH1->-ESR1 CDH1->-PIK3CA PIK3CA->-ESR1,3,3,4.000000,4,,7.094479e-03
NF1->-PIK3CA NF1->-TP53 TP53->-PIK3CA,3,3,4.000000,4,,1.262259e-01
PIK3CA->-RB1 PIK3CA->-TP53 TP53->-RB1,3,3,4.000000,4,,3.150843e-02
PIK3CA->-NOTCH4 PIK3CA->-TP53 TP53->-NOTCH4,3,3,3.697674,4,,1.369010e-03
GATA3->-MAP3K1 GATA3->-PIK3CA PIK3CA->-MAP3K1,3,3,4.000000,4,,2.531760e-01
PIK3CA->-PTPRT PIK3CA->-TP53 TP53->-PTPRT,3,3,4.000000,4,,9.016910e-03
KMT2C->-MAP3K1 PIK3CA->-KMT2C PIK3CA->-MAP3K1,3,3,4.000000,4,,2.190207e-01
PIK3CA->-SF3B1 PIK3CA->-TP53 TP53->-SF3B1,3,3,4.000000,4,,9.851231e-03
PIK3CA->-ARID2 PIK3CA->-TP53 TP53->-ARID2,3,3,4.000000,4,,4.548481e-03
CDH1->-PIK3CA TBX3->-CDH1 TBX3->-PIK3CA,3,3,3.500000,4,,1.967363e-01
CDH1->-CREBBP CDH1->-PIK3CA PIK3CA->-CREBBP,3,3,4.000000,4,,1.815931e-02
CDH1->-ERBB2 CDH1->-PIK3CA PIK3CA->-ERBB2,3,3,4.000000,4,,9.718599e-02
MAP3K1->-ARID1A MAP3K1->-PIK3CA PIK3CA->-ARID1A,3,3,3.500000,4,,2.916798e-02
PTEN->-PIK3R1 TP53->-PIK3R1 TP53->-PTEN,3,3,4.000000,4,,6.818715e-04
PIK3CA->-MGA TP53->-MGA TP53->-PIK3CA,3,3,3.500000,4,,5.721727e-03
KMT2C->-NCOR1 PIK3CA->-KMT2C PIK3CA->-NCOR1,3,3,4.000000,4,,3.402308e-03
PIK3CA->-APC PIK3CA->-TP53 TP53->-APC,3,3,4.000000,4,,2.866712e-03
CDH1->-PIK3CA ZFHX3->-CDH1 ZFHX3->-PIK3CA,3,3,4.000000,4,,3.371578e-03
CARD11->-ATR TP53->-ATR TP53->-CARD11,3,3,3.000000,4,,1.903861e-03
CREBBP->-PIK3CA,2,1,4.810906,4,,9.778277e-01
ARID1A->-GRIN2A,2,1,4.470588,4,,1.189266e-01
PIK3CA->-PAK7,2,1,4.400576,4,,2.512920e-01
TP53->-JAK2,2,1,4.351585,4,,2.284736e-01
RHOA->-PIK3CA,2,1,4.333333,4,,2.448239e-01
PIK3CA->-EZH2,2,1,4.277778,4,,1.131290e-01
KMT2C->-BRCA2,2,1,4.276923,4,,5.117785e-01
TP53->-AXIN1,2,1,4.230769,4,,1.065478e-01
PIK3CA->-NF2,2,1,4.000000,4,,5.050711e-02
FOXA1->-KMT2C,2,1,4.000000,4,,3.030607e-01
TP53->-IRS2,2,1,4.000000,4,,1.581306e-01
TP53->-CDK8,2,1,4.000000,4,,1.177941e-01
TP53->-IFNGR1,2,1,4.000000,4,,2.829612e-02
PIK3CA->-BARD1,2,1,4.000000,4,,1.992218e-01
CDH1->-SMO,2,1,4.000000,4,,6.072976e-02
PIK3CA->-YES1,2,1,4.000000,4,,3.818373e-02
CDH1->-MTOR,2,1,4.000000,4,,4.528610e-01
TP53->-TRAF7,2,1,4.000000,4,,7.810530e-02
TP53->-KLF4,2,1,4.000000,4,,2.800664e-01
FAT1->-PIK3CA,2,1,4.000000,4,,9.997500e-01
CDH1->-KDR,2,1,4.000000,4,,5.873042e-02
PIK3CA->-CDKN2A,2,1,4.000000,4,,1.355777e-01
TP53->-MAP2K1,2,1,4.000000,4,,4.166667e-02
CDH1->-CTCF,2,1,4.000000,4,,1.511996e-01
TP53->-GSK3B,2,1,4.000000,4,,1.609216e-02
CDH1->-JUN,2,1,4.000000,4,,6.249433e-02
CDH1->-SMAD4,2,1,4.000000,4,,4.505700e-01
CDH1->-TET2,2,1,4.000000,4,,6.190476e-02
ERBB4->-GATA3,2,1,4.000000,4,,1.250000e-01
FAT1->-RICTOR,2,1,4.000000,4,,1.880837e-01
TET1->-FAT1,2,1,4.000000,4,,3.446637e-01
SETD2->-PIK3CA,2,1,4.000000,4,,8.286798e-01
KMT2A->-GATA3,2,1,4.000000,4,,1.875000e-01
TP53->-EZH2,2,1,4.000000,4,,1.875000e-01
NCOR1->-RB1,2,1,4.000000,4,,3.102299e-01
PIK3CA->-FOXP1,2,1,4.000000,4,,4.574605e-01
PIK3CA->-HIST1H3I,2,1,4.000000,4,,1.861264e-01
EPHA7->-PIK3CA,2,1,4.000000,4,,1.553611e-01
NF1->-KMT2C,2,1,4.000000,4,,3.130435e-01
STAG2->-GATA3,2,1,4.000000,4,,1.875000e-01
MEN1->-SPEN,2,1,4.000000,4,,6.272645e-02
SMARCA4->-PIK3CA,2,1,4.000000,4,,6.352163e-01
KMT2C->-ESR1,2,1,4.000000,4,,1.247740e-01
FOXA1->-TP53,2,1,4.000000,4,,9.844644e-01
PTEN->-ATR,2,1,4.000000,4,,5.408163e-02
NF1->-MED12,2,1,4.000000,4,,1.886905e-01
MAP3K1->-NSD1,2,1,4.000000,4,,4.806548e-01
ATR->-NCOR1,2,1,4.000000,4,,6.309524e-02
TP53->-PRDM1,2,1,4.000000,4,,5.888889e-02
NF1->-MAP3K1,2,1,4.000000,4,,3.452381e-01
TP53->-CTCF,2,1,4.000000,4,,3.428232e-01
PTEN->-ARID1B,2,1,4.000000,4,,1.875000e-01
CDH1->-RHOA,2,1,4.000000,4,,3.381696e-01
CDH1->-FGFR4,2,1,4.000000,4,,1.217927e-01
GATA3->-NSD1,2,1,4.000000,4,,6.250000e-02
GATA3->-MED12,2,1,4.000000,4,,6.026786e-02
MAP3K1->-CDH1,2,1,4.000000,4,,9.997559e-01
PIK3CA->-TSHR,2,1,4.000000,4,,3.125000e-02
TP53->-GATA2,2,1,4.000000,4,,1.907773e-01
FOXA1->-CDH1,2,1,4.000000,4,,9.997400e-01
PIK3CA->-PMS1,2,1,4.000000,4,,5.000000e-02
NF1->-ERBB3,2,1,4.000000,4,,6.250000e-02
CDH1->-JAK2,2,1,4.000000,4,,5.208333e-02
PIK3CA->-INSR,2,1,4.000000,4,,1.719991e-01
ERBB2->-FOXA1,2,1,4.000000,4,,3.381696e-01
TP53->-JUN,2,1,4.000000,4,,6.309524e-02
TP53->-FGFR2,2,1,4.000000,4,,6.274704e-02
MAP2K4->-NCOR1,2,1,4.000000,4,,6.445437e-01
GATA3->-PDGFRA,2,1,4.000000,4,,1.941667e-01
PIK3CA->-DNMT3B,2,1,4.000000,4,,1.886852e-01
PIK3CA->-PIK3CB,2,1,4.000000,4,,2.908614e-01
SPOP->-PIK3CA,2,1,4.000000,4,,2.000000e-01
PIK3CA->-INPP4A,2,1,4.000000,4,,1.875000e-01
CDH1->-NOTCH4,2,1,4.000000,4,,6.272645e-02
NF1->-FOXA1,2,1,4.000000,4,,6.250000e-02
NCOR1->-MAP2K4,2,1,4.000000,4,,6.445437e-01
SOX9->-PTCH1,2,1,4.000000,4,,6.272645e-02
APC->-KMT2D,2,1,4.000000,4,,1.879167e-01
JAK1->-PIK3CA,2,1,4.000000,4,,4.652080e-01
TP53->-EPCAM,2,1,4.000000,4,,1.863545e-01
CDH1->-ANKRD11,2,1,4.000000,4,,3.253789e-01
PIK3CA->-MSH6,2,1,4.000000,4,,3.442708e-01
TBX3->-RUNX1,2,1,4.000000,4,,3.437500e-01
NF1->-ATM,2,1,4.000000,4,,6.250000e-02
KMT2C->-TSC2,2,1,4.000000,4,,2.967034e-01
TP53->-AURKA,2,1,4.000000,4,,5.803571e-02
PIK3CA->-IKBKE,2,1,4.000000,4,,1.671196e-01
GATA3->-CBFB,2,1,4.000000,4,,9.998952e-01
GATA3->-FOXA1,2,1,4.000000,4,,7.460938e-01
MGA->-ATR,2,1,4.000000,4,,5.375000e-02
PIK3CA->-KDM5C,2,1,4.000000,4,,7.774474e-01
TP53->-CDKN1A,2,1,4.000000,4,,1.834389e-01
GATA3->-SF3B1,2,1,4.000000,4,,5.000000e-01
CDH1->-RASA1,2,1,4.000000,4,,1.591969e-01
TBX3->-KMT2C,2,1,4.000000,4,,7.025504e-01
TP53->-SDHB,2,1,4.000000,4,,4.626230e-01
TP53->-REL,2,1,4.000000,4,,2.557481e-02
TP53->-SMAD2,2,1,4.000000,4,,1.604691e-01
TP53->-DAXX,2,1,4.000000,4,,3.096884e-02
CDH1->-ARID5B,2,1,4.000000,4,,6.316418e-02
CDH1->-PARP1,2,1,4.000000,4,,1.893535e-01
TP53->-RBM10,2,1,4.000000,4,,2.043069e-02
PTEN->-TBX3,2,1,4.000000,4,,5.743919e-02
PTEN->-ATRX,2,1,4.000000,4,,1.801899e-01
TP53->-PIM1,2,1,4.000000,4,,2.511663e-02
MAP3K1->-ARID2,2,1,4.000000,4,,5.810563e-02
ERBB2->-ERBB3,2,1,4.000000,4,,5.927191e-02
KMT2C->-PTCH1,2,1,4.000000,4,,2.350794e-01
KMT2C->-PARP1,2,1,4.000000,4,,6.106298e-02
CDH1->-DNMT3A,2,1,4.000000,4,,1.870210e-01
BRCA2->-KMT2C,2,1,4.000000,4,,5.070944e-01
PIK3CA->-PALB2,2,1,4.000000,4,,2.448767e-01
TP53->-NF2,2,1,4.000000,4,,2.261746e-02
PTEN->-SETD2,2,1,4.000000,4,,1.842719e-01
PIK3CA->-HNF1A,2,1,4.000000,4,,1.864379e-01
MAP3K1->-FOXA1,2,1,4.000000,4,,9.174165e-01
MAP3K1->-DICER1,2,1,4.000000,4,,6.164612e-02
MAP3K1->-CDKN1B,2,1,4.000000,4,,4.932344e-01
TP53->-MSH6,2,1,4.000000,4,,1.249364e-01
SPEN->-GATA3,2,1,3.852140,4,,9.051769e-01
TP53->-AXL,2,1,3.669400,4,,2.249250e-02
TP53->-SMO,2,1,3.666667,4,,1.783933e-01
NF1->-TET2,2,1,3.666667,4,,5.109599e-02
TP53->-NTRK1,2,1,3.666667,4,,1.167319e-02
PTEN->-MED12,2,1,3.666667,4,,4.734005e-02
CDH1->-JAK3,2,1,3.665753,4,,5.221593e-02
MAP2K4->-JAK3,2,1,3.665753,4,,5.597579e-02
PIK3CA->-PDGFRA,2,1,3.611111,4,,4.487575e-01
ARID1A->-KMT2D,2,1,3.545455,4,,2.928399e-01
TP53->-PMS1,2,1,3.505208,4,,4.005332e-02
PIK3CA->-BRD4,2,1,3.500000,4,,1.818105e-01
MAP3K1->-MED12,2,1,3.500000,4,,6.319719e-02
TP53->-E2F3,2,1,3.500000,4,,8.926691e-03
PIK3CA->-RECQL4,2,1,3.500000,4,,4.064054e-01
PIK3CA->-PPP2R1A,2,1,3.500000,4,,3.190145e-01
TP53->-DICER1,2,1,3.500000,4,,3.274731e-02
ARID1B->-TP53,2,1,3.500000,4,,9.528887e-01
KMT2D->-KMT2C,2,1,3.500000,4,,4.902667e-01
PIK3CA->-TSC2,2,1,3.500000,4,,4.548104e-01
PIK3CA->-RPS6KB2,2,1,3.500000,4,,6.306245e-02
SMO->-PIK3CA,2,1,3.500000,4,,4.974592e-01
CDH1->-ALK,2,1,3.500000,4,,6.272645e-02
PIK3CA->-SMARCA4,2,1,3.500000,4,,6.352163e-01
CDH1->-EGFR,2,1,3.500000,4,,1.875000e-01
MAP3K1->-ATR,2,1,3.500000,4,,1.886239e-01
TP53->-IRS1,2,1,3.500000,4,,6.110463e-02
FOXA1->-KMT2D,2,1,3.500000,4,,1.875000e-01
CDH1->-PAK7,2,1,3.500000,4,,6.521719e-02
ZFHX3->-KMT2C,2,1,3.500000,4,,1.934812e-01
CDH1->-DNMT3B,2,1,3.500000,4,,6.272645e-02
ARID1A->-TP53,2,1,3.500000,4,,9.992324e-01
RUNX1->-FOXA1,2,1,3.500000,4,,3.437500e-01
RB1->-KMT2C,2,1,3.500000,4,,3.142596e-01
KMT2A->-PIK3CA,2,1,3.500000,4,,9.718741e-01
TP53->-RASA1,2,1,3.500000,4,,1.666667e-01
FOXA1->-ESR1,2,1,3.500000,4,,1.520535e-01
FOXA1->-TBX3,2,1,3.500000,4,,4.509122e-01
ARID1A->-FLT3,2,1,3.500000,4,,1.656115e-01
CDH1->-ATR,2,1,3.500000,4,,6.356929e-02
BRCA2->-CDH1,2,1,3.500000,4,,9.003324e-01
TP53->-EGFR,2,1,3.500000,4,,1.505854e-02
TP53->-MEN1,2,1,3.500000,4,,1.847717e-01
GATA3->-PIK3R2,2,1,3.500000,4,,4.844219e-02
PIK3CA->-IRS1,2,1,3.500000,4,,4.336709e-01
APC->-PIK3CA,2,1,3.500000,4,,7.937757e-01
KMT2C->-MED12,2,1,3.500000,4,,6.193769e-02
KMT2C->-KMT2A,2,1,3.500000,4,,1.820477e-01
TP53->-PAK1,2,1,3.500000,4,,1.274911e-02
GATA3->-RICTOR,2,1,3.000000,4,,1.627997e-01
ARID1A-/-PIK3CA,2,1,2.333333,4,,6.026062e-01
PIK3CA-/-RFWD2,2,1,2.136364,4,,2.114148e-02
MAP3K1-/-PIK3CA,2,1,2.000000,4,,9.748580e-01
CDKN1B-/-PIK3CA,2,1,2.000000,4,,6.101254e-02
PIK3CA->-KMT2C PIK3CA->-TP53 TP53->-KMT2C,3,3,3.000000,3,,4.312994e-01
MAP3K1->-PIK3CA TP53->-MAP3K1 TP53->-PIK3CA,3,3,2.500000,3,,1.802906e-01
CDH1->-MAP3K1 CDH1->-TP53 TP53->-MAP3K1,3,3,3.000000,3,,1.620370e-02
CDH1->-KMT2C TP53->-CDH1 TP53->-KMT2C,3,3,2.500000,3,,1.277117e-01
PIK3CA->-FAT1 PIK3CA->-TP53 TP53->-FAT1,3,3,3.000000,3,,1.686455e-01
PIK3CA->-GATA3 TP53->-GATA3 TP53->-PIK3CA,3,3,2.500000,3,,1.537864e-01
PIK3CA->-GATA3 PIK3CA->-TP53 TP53->-GATA3,3,3,3.121951,3,,1.601851e-01
PIK3CA->-ARID1A PIK3CA->-TP53 TP53->-ARID1A,3,3,2.500000,3,,8.827606e-02
NCOR1->-PIK3CA TP53->-NCOR1 TP53->-PIK3CA,3,3,3.000000,3,,1.556979e-01
CDH1->-NCOR1 CDH1->-PIK3CA PIK3CA->-NCOR1,3,3,2.600000,3,,2.195180e-01
CDH1->-PIK3CA CDH1->-TBX3 PIK3CA->-TBX3,3,3,3.000000,3,,4.283715e-01
PIK3CA->-KMT2D TP53->-KMT2D TP53->-PIK3CA,3,3,3.333333,3,,2.104407e-01
PIK3CA->-ATR PIK3CA->-TP53 TP53->-ATR,3,3,2.500000,3,,7.516871e-02
NF1->-PIK3CA TP53->-NF1 TP53->-PIK3CA,3,3,3.000000,3,,3.232013e-01
CDH1->-FOXA1 CDH1->-PIK3CA FOXA1->-PIK3CA,3,3,3.000000,3,,3.724591e-01
PIK3CA->-FOXA1 TP53->-FOXA1 TP53->-PIK3CA,3,3,3.000000,3,,1.231255e-01
PIK3CA->-ATM PIK3CA->-TP53 TP53->-ATM,3,3,3.000000,3,,6.620831e-02
GATA3->-MAP3K1 GATA3->-PIK3CA MAP3K1->-PIK3CA,3,3,3.000000,3,,4.927637e-01
ESR1->-GATA3 PIK3CA->-ESR1 PIK3CA->-GATA3,3,3,3.000000,3,,1.504972e-01
PIK3CA->-KMT2A TP53->-KMT2A TP53->-PIK3CA,3,3,3.000000,3,,2.002177e-02
GATA3->-ARID1A GATA3->-PIK3CA PIK3CA->-ARID1A,3,3,2.500000,3,,1.178874e-01
CDH1->-GATA3 CDH1->-PIK3CA PIK3CA->-GATA3,3,3,3.451220,3,,1.210418e-01
CDH1->-ESR1 CDH1->-GATA3 ESR1->-GATA3,3,3,3.000000,3,,4.629630e-03
PIK3CA->-CREBBP TP53->-CREBBP TP53->-PIK3CA,3,3,2.666667,3,,3.483536e-02
PIK3CA->-NF1 TP53->-NF1 TP53->-PIK3CA,3,3,2.666667,3,,3.239905e-01
PIK3CA->-PTPRT TP53->-PIK3CA TP53->-PTPRT,3,3,2.576369,3,,6.351567e-02
KMT2C->-MAP3K1 KMT2C->-PIK3CA MAP3K1->-PIK3CA,3,3,2.500000,3,,4.550203e-01
PIK3CA->-SPEN PIK3CA->-TP53 TP53->-SPEN,3,3,3.000000,3,,1.975023e-02
AKT1->-CDH1 AKT1->-TP53 CDH1->-TP53,3,3,2.666667,3,,2.584877e-02
PTEN->-NF1 PTEN->-TP53 TP53->-NF1,3,3,3.000000,3,,1.795000e-01
PTEN->-KMT2C TP53->-KMT2C TP53->-PTEN,3,3,2.500000,3,,1.331019e-02
MAP3K1->-KMT2C MAP3K1->-PIK3CA PIK3CA->-KMT2C,3,3,3.000000,3,,4.537933e-01
CDH1->-NF1 CDH1->-PIK3CA PIK3CA->-NF1,3,3,3.000000,3,,1.573160e-01
CDH1->-PTPRD CDH1->-TP53 TP53->-PTPRD,3,3,2.500000,3,,3.872523e-02
PIK3CA->-PTPRS PIK3CA->-TP53 TP53->-PTPRS,3,3,3.000000,3,,9.651973e-03
FOXA1->-MAP3K1 PIK3CA->-FOXA1 PIK3CA->-MAP3K1,3,3,3.000000,3,,1.610873e-01
FOXA1->-MAP3K1 TP53->-FOXA1 TP53->-MAP3K1,3,3,3.255208,3,,2.223179e-02
GATA3->-ARID1A MAP3K1->-ARID1A MAP3K1->-GATA3,3,3,3.000000,3,,4.629630e-03
CDH1->-EPHB1 CDH1->-TP53 TP53->-EPHB1,3,3,3.000000,3,,4.109741e-03
PIK3CA->-MDC1 PIK3CA->-TP53 TP53->-MDC1,3,3,3.000000,3,,6.072178e-02
PIK3CA->-EPHA5 TP53->-EPHA5 TP53->-PIK3CA,3,3,2.639344,3,,2.187429e-02
PIK3CA->-ANKRD11 TP53->-ANKRD11 TP53->-PIK3CA,3,3,3.023810,3,,1.201472e-02
MAP3K1->-PIK3CA MAP3K1->-TBX3 PIK3CA->-TBX3,3,3,2.500000,3,,5.022934e-02
ESR1->-ARID1A PIK3CA->-ARID1A PIK3CA->-ESR1,3,3,3.000000,3,,8.466190e-03
PIK3CA->-IGF1R TP53->-IGF1R TP53->-PIK3CA,3,3,2.500000,3,,2.229349e-03
CDH1->-PIK3CA CDH1->-RICTOR PIK3CA->-RICTOR,3,3,3.000000,3,,1.532822e-02
PIK3CA->-MTOR PIK3CA->-TP53 TP53->-MTOR,3,3,2.500000,3,,7.714836e-04
CDH1->-KMT2C CDH1->-NCOR1 KMT2C->-NCOR1,3,3,3.000000,3,,3.593323e-02
CDH1->-EPHB1 CDH1->-PIK3CA PIK3CA->-EPHB1,3,3,3.000000,3,,1.587302e-02
PIK3CA->-KDR PIK3CA->-TP53 TP53->-KDR,3,3,3.000000,3,,5.341159e-02
CBFB->-PIK3CA CBFB->-TP53 TP53->-PIK3CA,3,3,3.000000,3,,3.622685e-02
CDH1->-PIK3CA CDH1->-RFWD2 PIK3CA->-RFWD2,3,3,2.363636,3,,2.866285e-02
CDH1->-ATRX CDH1->-PIK3CA PIK3CA->-ATRX,3,3,3.000000,3,,1.620370e-02
NCOR1->-MED12 TP53->-MED12 TP53->-NCOR1,3,3,3.000000,3,,9.034649e-03
CREBBP->-KMT2C PIK3CA->-CREBBP PIK3CA->-KMT2C,3,3,3.000000,3,,2.667696e-02
PIK3CA->-AR PIK3CA->-TP53 TP53->-AR,3,3,2.500000,3,,4.629630e-03
ERBB3->-PIK3CA MAP3K1->-ERBB3 MAP3K1->-PIK3CA,3,3,3.000000,3,,3.496674e-02
FOXA1->-KMT2C PIK3CA->-FOXA1 PIK3CA->-KMT2C,3,3,3.000000,3,,2.893631e-02
PTEN->-ATR TP53->-ATR TP53->-PTEN,3,3,3.000000,3,,4.756090e-03
NF1->-MAP3K1 TP53->-MAP3K1 TP53->-NF1,3,3,3.000000,3,,1.653439e-02
NF1->-MAP3K1 PTEN->-MAP3K1 PTEN->-NF1,3,3,3.000000,3,,4.722833e-03
APC->-KMT2D TP53->-APC TP53->-KMT2D,3,3,3.000000,3,,1.630523e-02
CDH1->-ARID5B CDH1->-PIK3CA PIK3CA->-ARID5B,3,3,3.000000,3,,1.593526e-02
MAP3K1->-FOXA1 MAP3K1->-PIK3CA PIK3CA->-FOXA1,3,3,3.000000,3,,1.642120e-01
MAP3K1->-MED12 PTEN->-MAP3K1 PTEN->-MED12,3,3,2.500000,3,,3.515351e-03
CDH1->-ATR CDH1->-PIK3CA PIK3CA->-ATR,3,3,2.500000,3,,4.730911e-03
ARID1A->-SPEN PIK3CA->-ARID1A PIK3CA->-SPEN,3,3,3.000000,3,,1.632951e-02
CDH1->-BRCA2 CDH1->-ESR1 ESR1->-BRCA2,3,3,3.000000,3,,4.629630e-03
MST1R->-MAP3K1 PIK3CA->-MAP3K1 PIK3CA->-MST1R,3,3,3.000000,3,,5.125661e-03
PTEN->-ZFHX3 TP53->-PTEN TP53->-ZFHX3,3,3,3.000000,3,,4.629630e-03
ARID1A->-NCOR1 PIK3CA->-ARID1A PIK3CA->-NCOR1,3,3,3.000000,3,,1.632951e-02
PIK3CA->-APC PIK3CA->-SPEN SPEN->-APC,3,3,3.000000,3,,8.315265e-03
CDH1->-PIK3CA GPS2->-CDH1 GPS2->-PIK3CA,3,3,3.000000,3,,1.587302e-02
CREBBP->-MAP3K1 PIK3CA->-CREBBP PIK3CA->-MAP3K1,3,3,2.500000,3,,3.434041e-03
PIK3CA->-TP53 PIK3CA->-ZFHX3 ZFHX3->-TP53,3,3,2.500000,3,,8.642551e-03
NCOR1->-MAP3K1,2,1,3.499684,3,,9.193138e-01
PTPRS->-MAP3K1,2,1,3.499684,3,,4.571809e-01
KMT2C->-ERBB3,2,1,3.492958,3,,5.466532e-01
PIK3CA->-RNF43,2,1,3.435159,3,,1.689937e-01
TP53->-ERCC4,2,1,3.400000,3,,2.193676e-01
NOTCH2->-PIK3CA,2,1,3.400000,3,,5.437500e-01
BRCA2->-PIK3CA,2,1,3.357143,3,,9.356365e-01
SPEN->-ARID2,2,1,3.347826,3,,2.225333e-01
GATA3->-ERBB3,2,1,3.274854,3,,4.028241e-01
RECQL4->-PIK3CA,2,1,3.251111,3,,6.873308e-01
TP53->-HGF,2,1,3.000000,3,,1.208064e-01
ATM->-KMT2C,2,1,3.000000,3,,6.222655e-01
TP53->-RHOA,2,1,3.000000,3,,3.945054e-01
IRS2->-CARD11,2,1,3.000000,3,,5.698101e-02
PIK3CA->-EIF4A2,2,1,3.000000,3,,4.503728e-01
PIK3CA->-AMER1,2,1,3.000000,3,,4.515286e-01
PIK3CA->-JAK1,2,1,3.000000,3,,7.464466e-01
PIK3CA->-PIK3C3,2,1,3.000000,3,,2.236487e-01
PIK3CA->-SOX2,2,1,3.000000,3,,9.698337e-02
PIK3CA->-ARAF,2,1,3.000000,3,,3.814562e-01
TP53->-IDH1,2,1,3.000000,3,,5.541804e-02
TP53->-CDK12,2,1,3.000000,3,,4.789237e-01
CDH1->-PIK3CG,2,1,3.000000,3,,2.968594e-01
PIK3CA->-SMO,2,1,3.000000,3,,7.706233e-01
TP53->-HIST1H1C,2,1,3.000000,3,,1.237748e-01
NCOR1->-PTEN,2,1,3.000000,3,,4.498441e-01
TP53->-MYCN,2,1,3.000000,3,,5.131623e-02
TP53->-FOXP1,2,1,3.000000,3,,2.632956e-01
STK11->-EP300,2,1,3.000000,3,,2.650950e-01
BRCA1->-TET2,2,1,3.000000,3,,2.301008e-01
TP53->-RAD21,2,1,3.000000,3,,4.514870e-02
PIK3CA->-FH,2,1,3.000000,3,,2.281250e-01
CDKN2A->-TP53,2,1,3.000000,3,,9.901477e-01
TP53->-H3F3C,2,1,3.000000,3,,7.705765e-02
NF1->-NCOR1,2,1,3.000000,3,,5.000000e-01
CDH1->-LATS1,2,1,3.000000,3,,1.082972e-01
MAP2K4->-CDH1,2,1,3.000000,3,,9.761023e-01
TP53->-DNMT3B,2,1,3.000000,3,,5.952381e-02
NF1->-APC,2,1,3.000000,3,,4.982143e-01
TET2->-PIK3CA,2,1,3.000000,3,,8.925417e-01
TP53->-ERG,2,1,3.000000,3,,7.969936e-02
TP53->-KDM5C,2,1,3.000000,3,,6.003416e-01
FAT1->-TP53,2,1,3.000000,3,,9.997542e-01
MAP2K4->-APC,2,1,3.000000,3,,1.114286e-01
RAD52->-TP53,2,1,3.000000,3,,2.996670e-01
MAP2K4->-TET2,2,1,3.000000,3,,1.179138e-01
ARID1B->-KMT2C,2,1,3.000000,3,,1.180524e-01
PIK3CA->-FBXW7,2,1,3.000000,3,,5.408981e-01
TP53->-ERCC2,2,1,3.000000,3,,7.260913e-02
CDH1->-GPS2,2,1,3.000000,3,,6.286706e-01
PIK3CA->-HIST1H3B,2,1,3.000000,3,,2.889315e-01
KMT2D->-TP53,2,1,3.000000,3,,9.999896e-01
PIK3CA->-KDM5A,2,1,3.000000,3,,4.687500e-01
TP53->-ABL1,2,1,3.000000,3,,4.564312e-01
NCOR1->-TBX3,2,1,3.000000,3,,3.505162e-01
TP53->-PIK3R3,2,1,3.000000,3,,9.375000e-02
ARID1A->-ARID2,2,1,3.000000,3,,8.502706e-01
SETD2->-ARID1A,2,1,3.000000,3,,5.010965e-01
ARID2->-PIK3CA,2,1,3.000000,3,,9.746864e-01
LATS2->-PIK3CA,2,1,3.000000,3,,6.645955e-01
ESR1->-RICTOR,2,1,3.000000,3,,4.832393e-01
GATA3->-PTEN,2,1,3.000000,3,,8.544782e-01
AXL->-PIK3CA,2,1,3.000000,3,,5.553565e-01
EP300->-PIK3CA,2,1,3.000000,3,,8.914699e-01
KMT2A->-BRCA2,2,1,3.000000,3,,2.203849e-01
TP53->-ASXL1,2,1,3.000000,3,,1.250000e-01
MTOR->-XPO1,2,1,3.000000,3,,1.250000e-01
KMT2C->-XPO1,2,1,3.000000,3,,1.254529e-01
KMT2C->-PTPRD,2,1,3.000000,3,,3.157281e-01
NSD1->-MAP3K1,2,1,3.000000,3,,7.589782e-01
NSD1->-KMT2C,2,1,3.000000,3,,4.750000e-01
ARID1A->-EPHB1,2,1,3.000000,3,,1.250000e-01
MAP3K1->-EPHB1,2,1,3.000000,3,,5.000000e-01
CDH1->-DOT1L,2,1,3.000000,3,,3.125000e-01
ARID1A->-MAP3K1,2,1,3.000000,3,,9.422614e-01
ARID1A->-FOXA1,2,1,3.000000,3,,5.006793e-01
DOT1L->-MAP3K1,2,1,3.000000,3,,2.187500e-01
CBFB->-EGFR,2,1,3.000000,3,,1.250000e-01
NCOR1->-FAT1,2,1,3.000000,3,,2.417527e-01
PIK3CA->-FGFR3,2,1,3.000000,3,,4.673685e-01
STAG2->-FAT1,2,1,3.000000,3,,3.125000e-01
PIK3CA->-RBM10,2,1,3.000000,3,,3.125000e-01
PIK3CA->-ASXL2,2,1,3.000000,3,,6.562500e-01
PIK3CA->-PDCD1,2,1,3.000000,3,,3.132411e-01
AKT1->-RUNX1,2,1,3.000000,3,,1.250000e-01
IKZF1->-PIK3CA,2,1,3.000000,3,,7.696280e-01
CDH1->-FLT1,2,1,3.000000,3,,1.250000e-01
HIST1H3I->-SMARCA4,2,1,3.000000,3,,1.236264e-01
CDH1->-EPHA7,2,1,3.000000,3,,1.250000e-01
TP53->-LATS1,2,1,3.000000,3,,5.000000e-01
TP53->-SOX2,2,1,3.000000,3,,1.250000e-01
CDH1->-GRIN2A,2,1,3.000000,3,,1.250000e-01
TP53->-GNA11,2,1,3.000000,3,,1.225425e-01
TP53->-PIK3C3,2,1,3.000000,3,,1.247084e-01
MDC1->-PIK3CA,2,1,3.000000,3,,9.456991e-01
IRS1->-PIK3CA,2,1,3.000000,3,,7.332148e-01
TP53->-NTRK3,2,1,3.000000,3,,3.125000e-01
ARID1A->-EGFR,2,1,3.000000,3,,1.250000e-01
GATA3->-NUP93,2,1,3.000000,3,,1.250000e-01
MAP3K1->-SPEN,2,1,3.000000,3,,3.125000e-01
KMT2C->-SPEN,2,1,3.000000,3,,6.772922e-01
AKT1->-NF1,2,1,3.000000,3,,1.190476e-01
TSC2->-PIK3CA,2,1,3.000000,3,,7.369632e-01
ROS1->-PIK3CA,2,1,3.000000,3,,9.210058e-01
ROS1->-TP53,2,1,3.000000,3,,9.639710e-01
TBX3->-ANKRD11,2,1,3.000000,3,,5.000000e-01
CDH1->-HNF1A,2,1,3.000000,3,,1.250000e-01
PIK3CA->-GNA11,2,1,3.000000,3,,3.132289e-01
ATM->-FAT1,2,1,3.000000,3,,3.154782e-01
PIK3CA->-GATA2,2,1,3.000000,3,,3.174133e-01
PIK3CA->-CTCF,2,1,3.000000,3,,9.563115e-01
TP53->-INPP4A,2,1,3.000000,3,,1.250000e-01
PIK3CA->-SMAD2,2,1,3.000000,3,,3.158473e-01
PIK3C2G->-CREBBP,2,1,3.000000,3,,3.152217e-01
ATRX->-PIK3CA,2,1,3.000000,3,,9.104761e-01
DOT1L->-PIK3CA,2,1,3.000000,3,,5.000000e-01
NCOR1->-CARD11,2,1,3.000000,3,,3.125000e-01
TP53->-CDK4,2,1,3.000000,3,,1.250000e-01
TP53->-AKT2,2,1,3.000000,3,,1.250000e-01
PTEN->-NSD1,2,1,3.000000,3,,1.261905e-01
MED12->-NSD1,2,1,3.000000,3,,3.142857e-01
CHEK2->-TP53,2,1,3.000000,3,,4.358374e-01
CDH1->-KDM6A,2,1,3.000000,3,,5.000000e-01
MTOR->-CDH1,2,1,3.000000,3,,7.358093e-01
CDH1->-PBRM1,2,1,3.000000,3,,3.125000e-01
NF1->-ARID1A,2,1,3.000000,3,,2.875000e-01
ATM->-ESR1,2,1,3.000000,3,,1.125000e-01
ATRX->-GATA3,2,1,3.000000,3,,3.125000e-01
CDH1->-ARID1B,2,1,3.000000,3,,3.027739e-01
CDH1->-SMARCB1,2,1,3.000000,3,,1.250000e-01
ESR1->-RHOA,2,1,3.000000,3,,1.250000e-01
CDH1->-ERCC5,2,1,3.000000,3,,1.222093e-01
MAP3K1->-PTPRD,2,1,3.000000,3,,3.055410e-01
ARID1A->-JAK1,2,1,3.000000,3,,1.250000e-01
CBFB->-ERBB2,2,1,3.000000,3,,1.250000e-01
AKT1->-CBFB,2,1,3.000000,3,,8.417969e-01
BCL6->-CDH1,2,1,3.000000,3,,5.000000e-01
MST1R->-KMT2C,2,1,3.000000,3,,3.191964e-01
TP53->-CUL3,2,1,3.000000,3,,1.250000e-01
ARID1A->-ATM,2,1,3.000000,3,,5.000000e-01
CDH1->-ARID2,2,1,3.000000,3,,3.131793e-01
PTPRT->-PIK3CA,2,1,3.000000,3,,9.898952e-01
ARID1A->-NOTCH4,2,1,3.000000,3,,1.254529e-01
ARID1A->-ATR,2,1,3.000000,3,,1.250000e-01
ESR1->-NCOR1,2,1,3.000000,3,,6.562500e-01
PTPRT->-KMT2C,2,1,3.000000,3,,1.254941e-01
PTPRT->-KMT2D,2,1,3.000000,3,,5.977777e-01
NF1->-KMT2D,2,1,3.000000,3,,2.788654e-01
PTPRS->-KMT2C,2,1,3.000000,3,,3.221187e-01
KMT2C->-KMT2D,2,1,3.000000,3,,7.683603e-01
CREBBP->-TP53,2,1,3.000000,3,,9.929099e-01
ESR1->-SPEN,2,1,3.000000,3,,4.812500e-01
FGFR4->-PIK3CA,2,1,3.000000,3,,8.547530e-01
MEN1->-FAT1,2,1,3.000000,3,,1.101300e-01
TP53->-CDKN1B,2,1,3.000000,3,,3.075165e-01
SF3B1->-GATA3,2,1,3.000000,3,,7.734375e-01
SOX9->-TP53,2,1,3.000000,3,,6.562500e-01
SPEN->-CDH1,2,1,3.000000,3,,9.514172e-01
SPEN->-TP53,2,1,3.000000,3,,9.784088e-01
SDHB->-GATA3,2,1,3.000000,3,,2.920878e-01
PTEN->-MST1R,2,1,3.000000,3,,1.250000e-01
KDM5C->-TP53,2,1,3.000000,3,,5.996126e-01
NCOR1->-ESR1,2,1,3.000000,3,,6.562500e-01
ESR1->-EGFR,2,1,3.000000,3,,1.250000e-01
ASXL1->-PIK3CA,2,1,3.000000,3,,5.985713e-01
TP53->-BBC3,2,1,3.000000,3,,1.250000e-01
CBFB->-CDKN1B,2,1,3.000000,3,,1.250000e-01
GATA3->-NF1,2,1,3.000000,3,,2.875000e-01
TP53->-SOX9,2,1,3.000000,3,,6.562500e-01
PIK3CA->-ARID1B,2,1,3.000000,3,,8.463463e-01
PIK3CA->-ASXL1,2,1,3.000000,3,,5.937812e-01
ARID1A->-APC,2,1,3.000000,3,,3.131793e-01
ERBB2->-PTCH1,2,1,3.000000,3,,1.254529e-01
CDH1->-NOTCH2,2,1,3.000000,3,,8.472176e-02
CBFB->-PTEN,2,1,3.000000,3,,2.857143e-01
PIK3CA->-BRAF,2,1,3.000000,3,,5.000000e-01
PIK3CA->-STK11,2,1,3.000000,3,,8.891925e-01
TP53->-EIF4A2,2,1,3.000000,3,,3.125000e-01
CDH1->-CDKN2A,2,1,3.000000,3,,1.250000e-01
CDH1->-MSH2,2,1,3.000000,3,,1.250000e-01
PIK3CA->-SMARCD1,2,1,3.000000,3,,1.250000e-01
CTCF->-GATA3,2,1,3.000000,3,,2.875000e-01
FOXP1->-PIK3CA,2,1,3.000000,3,,7.408326e-01
TP53->-RAD54L,2,1,3.000000,3,,8.750000e-02
CTCF->-MAP3K1,2,1,3.000000,3,,5.086102e-01
KMT2A->-MAP3K1,2,1,3.000000,3,,4.966678e-01
TP53->-CSF1R,2,1,3.000000,3,,1.250000e-01
MAP2K4->-FOXP1,2,1,3.000000,3,,1.083333e-01
AKT1->-ESR1,2,1,3.000000,3,,2.178857e-01
ARID1A->-ARID5B,2,1,3.000000,3,,1.254529e-01
BRCA1->-GATA2,2,1,3.000000,3,,1.254941e-01
CDH1->-PIK3C2G,2,1,3.000000,3,,3.132411e-01
TP53->-SYK,2,1,3.000000,3,,3.125000e-01
PBRM1->-TP53,2,1,3.000000,3,,7.635241e-01
ARID1B->-NF1,2,1,3.000000,3,,1.254529e-01
SMAD4->-TP53,2,1,3.000000,3,,4.812500e-01
GATA3->-FAT1,2,1,3.000000,3,,6.411613e-01
TP53->-SH2B3,2,1,3.000000,3,,2.321587e-01
STAG2->-TP53,2,1,3.000000,3,,9.955263e-01
TP53->-RET,2,1,3.000000,3,,1.250000e-01
CDKN1B->-MAP3K1,2,1,3.000000,3,,7.648245e-01
PIK3CA->-KLF4,2,1,3.000000,3,,5.000000e-01
CDH1->-EPHA5,2,1,3.000000,3,,1.250000e-01
PTEN->-ARID2,2,1,3.000000,3,,1.250000e-01
CDH1->-KDM5C,2,1,3.000000,3,,9.780073e-02
CDH1->-BLM,2,1,3.000000,3,,2.991086e-01
PIK3CA->-ABL1,2,1,3.000000,3,,3.125000e-01
KMT2D->-TBX3,2,1,3.000000,3,,1.250000e-01
CDH1->-FLT4,2,1,3.000000,3,,1.125000e-01
RUNX1->-NCOR1,2,1,3.000000,3,,8.554688e-01
NF1->-KMT2A,2,1,3.000000,3,,3.131793e-01
PIK3CA->-AURKA,2,1,3.000000,3,,1.160714e-01
RB1->-TET1,2,1,3.000000,3,,3.125000e-01
TP53->-AKT1,2,1,3.000000,3,,9.998420e-01
NOTCH4->-PIK3CA,2,1,3.000000,3,,9.788993e-01
RHOA->-GATA3,2,1,3.000000,3,,1.205357e-01
CBFB->-ESR1,2,1,3.000000,3,,2.937500e-01
PIK3CA->-NCOA3,2,1,3.000000,3,,1.254529e-01
SMAD4->-ESR1,2,1,3.000000,3,,1.250000e-01
SMAD4->-CDH1,2,1,3.000000,3,,7.370628e-01
CBFB->-KMT2C,2,1,3.000000,3,,5.000000e-01
PTEN->-BCOR,2,1,3.000000,3,,1.250000e-01
SPEN->-ATM,2,1,3.000000,3,,5.721708e-01
AKT1->-TET2,2,1,3.000000,3,,3.077387e-01
PIK3CA->-ERCC5,2,1,3.000000,3,,3.131250e-01
FGFR4->-KMT2D,2,1,3.000000,3,,1.254167e-01
CREBBP->-CDH1,2,1,3.000000,3,,9.534787e-01
TP53->-HIST3H3,2,1,3.000000,3,,1.254941e-01
BRCA1->-PIK3CA,2,1,3.000000,3,,8.629982e-01
JAK1->-TP53,2,1,3.000000,3,,8.562500e-01
FAT1->-SPEN,2,1,3.000000,3,,6.562500e-01
CDH1->-IRF4,2,1,3.000000,3,,1.250000e-01
ROS1->-ARID1A,2,1,3.000000,3,,2.797401e-01
LATS1->-KMT2C,2,1,3.000000,3,,2.588720e-01
ROS1->-KMT2D,2,1,3.000000,3,,3.125000e-01
ASXL2->-PIK3CA,2,1,3.000000,3,,6.562500e-01
PIK3CA->-CDKN1A,2,1,3.000000,3,,4.937937e-01
TBX3->-PTCH1,2,1,3.000000,3,,1.254529e-01
AKT1->-CTCF,2,1,3.000000,3,,3.125000e-01
TP53->-NFKBIA,2,1,3.000000,3,,1.250000e-01
CBFB->-SPEN,2,1,3.000000,3,,1.250000e-01
TP53->-BLM,2,1,3.000000,3,,2.737004e-01
PTPRS->-TSC2,2,1,3.000000,3,,8.511112e-02
PTEN->-ROS1,2,1,3.000000,3,,3.125000e-01
TP53->-PIK3CD,2,1,3.000000,3,,1.250000e-01
INPP4A->-ESR1,2,1,3.000000,3,,3.125000e-01
TBX3->-ERBB2,2,1,3.000000,3,,8.495914e-01
CDH1->-TSC2,2,1,3.000000,3,,1.254529e-01
GATA3->-ALK,2,1,3.000000,3,,2.759913e-01
PDGFRA->-PIK3CA,2,1,3.000000,3,,7.312842e-01
PIK3CA->-RAD54L,2,1,3.000000,3,,3.198839e-01
MAP3K1->-ERCC5,2,1,3.000000,3,,4.705357e-01
ARID1A->-BRCA2,2,1,3.000000,3,,5.468382e-01
ARID1A->-CREBBP,2,1,3.000000,3,,2.711213e-01
PIK3CA->-RASA1,2,1,3.000000,3,,2.671193e-01
TBX3->-BRCA2,2,1,3.000000,3,,3.743336e-01
MAP2K4->-ESR1,2,1,3.000000,3,,7.722426e-02
PIK3CA->-SOX17,2,1,3.000000,3,,2.574975e-01
PIK3CA->-FGFR1,2,1,3.000000,3,,2.896825e-01
CDH1->-NOTCH1,2,1,3.000000,3,,4.670884e-01
PIK3CA->-SDHB,2,1,3.000000,3,,2.936882e-01
CHEK2->-GATA3,2,1,3.000000,3,,2.812396e-01
KRAS->-PIK3CA,2,1,3.000000,3,,8.889653e-01
NOTCH1->-MAP3K1,2,1,3.000000,3,,3.667825e-01
LATS1->-TSC2,2,1,3.000000,3,,8.705432e-02
MAP3K1->-CARD11,2,1,3.000000,3,,1.160328e-01
CHEK2->-ARID1A,2,1,3.000000,3,,9.988337e-02
MEN1->-STAG2,2,1,3.000000,3,,1.232922e-01
CDH1->-CDK12,2,1,3.000000,3,,1.148950e-01
ATRX->-EPHB1,2,1,3.000000,3,,1.149617e-01
PTEN->-PTPRS,2,1,3.000000,3,,1.213802e-01
PTEN->-MAP2K4,2,1,3.000000,3,,8.514424e-01
TP53->-FLT3,2,1,3.000000,3,,1.159613e-01
GATA3->-CARD11,2,1,3.000000,3,,1.027991e-01
CDH1->-DAXX,2,1,3.000000,3,,1.200433e-01
TP53->-YES1,2,1,3.000000,3,,1.205259e-01
KRAS->-KMT2C,2,1,3.000000,3,,3.030241e-01
TP53->-MST1R,2,1,3.000000,3,,2.586618e-01
ERBB3->-TBX3,2,1,3.000000,3,,5.629092e-01
APC->-ATM,2,1,3.000000,3,,7.413723e-02
KDM6A->-PIK3CA,2,1,3.000000,3,,2.437769e-01
MAP3K1->-FAT1,2,1,3.000000,3,,1.177108e-01
ERBB2->-ARID1A,2,1,3.000000,3,,2.921110e-01
ERBB2->-ARID2,2,1,3.000000,3,,1.197246e-01
PTEN->-FAT1,2,1,3.000000,3,,5.101770e-01
KMT2C->-STAT5B,2,1,3.000000,3,,3.898628e-02
TP53->-RPS6KA4,2,1,3.000000,3,,2.182606e-01
KMT2C->-ATM,2,1,3.000000,3,,6.199753e-01
PIK3CA->-PAK1,2,1,3.000000,3,,7.965373e-02
PIK3CA->-FLT1,2,1,3.000000,3,,4.276908e-01
TP53->-FLT1,2,1,3.000000,3,,7.672443e-02
PIK3CA->-FGF4,2,1,3.000000,3,,7.530823e-02
PIK3CA->-TRAF2,2,1,3.000000,3,,2.413779e-01
TP53->-PDGFRB,2,1,3.000000,3,,1.813376e-01
PTEN->-NBN,2,1,3.000000,3,,1.264578e-01
PTEN->-PIK3CD,2,1,3.000000,3,,1.244585e-01
PTEN->-ATM,2,1,3.000000,3,,1.306311e-01
PTEN->-JAK3,2,1,3.000000,3,,1.124079e-01
PIK3CA->-AXL,2,1,3.000000,3,,5.575433e-01
PIK3CA->-JAK2,2,1,2.951585,3,,5.294595e-01
IRS2->-PIK3CA,2,1,2.748889,3,,1.727258e-01
PTEN->-DNMT1,2,1,2.701754,3,,8.722115e-02
NOTCH2->-SPEN,2,1,2.666667,3,,8.747084e-02
APC->-PARP1,2,1,2.666667,3,,1.128750e-01
CDH1->-IKBKE,2,1,2.666667,3,,1.045784e-01
PTEN->-BRCA2,2,1,2.666667,3,,7.332556e-02
TBX3->-FOXA1,2,1,2.665753,3,,7.378677e-01
MAP2K4->-PTPRS,2,1,2.665753,3,,1.200711e-01
ESR1->-NOTCH1,2,1,2.600000,3,,2.886252e-01
CDH1->-FBXW7,2,1,2.600000,3,,1.041667e-01
CDH1->-SF3B1,2,1,2.571429,3,,2.750000e-01
BCOR->-PIK3CA,2,1,2.533333,3,,9.373623e-01
ATM->-TBX3,2,1,2.505208,3,,9.855048e-02
ATM->-MAP3K1,2,1,2.505208,3,,4.675525e-01
TP53->-WT1,2,1,2.505208,3,,1.005498e-01
PTEN->-FOXA1,2,1,2.500000,3,,4.321950e-01
FAT1->-ATRX,2,1,2.500000,3,,2.907881e-01
SDHB->-TP53,2,1,2.500000,3,,7.456156e-01
FAT1->-GATA3,2,1,2.500000,3,,6.425150e-01
TP53->-FANCC,2,1,2.500000,3,,1.041667e-01
FAT1->-SETD2,2,1,2.500000,3,,3.149520e-01
MAP3K1->-MEN1,2,1,2.500000,3,,5.000000e-01
RUNX1->-MAP3K1,2,1,2.500000,3,,5.000000e-01
MAP2K4->-ARID1A,2,1,2.500000,3,,8.522159e-02
PIK3CA->-FLT3,2,1,2.500000,3,,5.000000e-01
KDM5C->-ESR1,2,1,2.500000,3,,3.066061e-01
GATA3->-ATR,2,1,2.500000,3,,1.250000e-01
PIK3C2G->-MAP3K1,2,1,2.500000,3,,3.148534e-01
NF1->-ASXL1,2,1,2.500000,3,,1.000000e-01
PIK3CA->-GPS2,2,1,2.500000,3,,8.437054e-01
PIK3CA->-LATS2,2,1,2.500000,3,,6.645955e-01
MAP2K4->-MED12,2,1,2.500000,3,,1.250000e-01
PTPRS->-ARID2,2,1,2.500000,3,,8.673589e-02
CDH1->-ATM,2,1,2.500000,3,,5.017857e-01
GATA3->-BRCA1,2,1,2.500000,3,,4.559314e-01
ARID1A->-ANKRD11,2,1,2.500000,3,,2.738658e-01
CDH1->-MDC1,2,1,2.500000,3,,2.355001e-01
RUNX1->-ARID1A,2,1,2.500000,3,,5.000000e-01
ATRX->-FLT4,2,1,2.500000,3,,1.213762e-01
AKT1->-GPS2,2,1,2.500000,3,,1.041667e-01
ATR->-ALK,2,1,2.500000,3,,1.251250e-01
ESR1->-ERBB4,2,1,2.500000,3,,3.125000e-01
TBX3->-ZFHX3,2,1,2.500000,3,,4.231216e-01
MED12->-PIK3CA,2,1,2.500000,3,,9.780261e-01
NCOR1->-FLT4,2,1,2.500000,3,,1.250000e-01
FAT1->-FLT4,2,1,2.500000,3,,1.250000e-01
SPEN->-FAT1,2,1,2.500000,3,,6.562500e-01
KMT2C->-NOTCH3,2,1,2.500000,3,,1.254529e-01
BRCA1->-CREBBP,2,1,2.500000,3,,3.181443e-01
ROS1->-BCOR,2,1,2.500000,3,,1.079545e-01
ARID1B->-KMT2A,2,1,2.500000,3,,1.254529e-01
DDR2->-PIK3CA,2,1,2.500000,3,,1.250000e-01
PBRM1->-ERBB3,2,1,2.500000,3,,1.280407e-01
ATRX->-RB1,2,1,2.500000,3,,3.146035e-01
MAP3K1->-PTEN,2,1,2.500000,3,,9.675344e-01
SETD2->-ARID2,2,1,2.500000,3,,2.515999e-01
ARID1A->-TBX3,2,1,2.500000,3,,4.536821e-01
TP53->-FGFR1,2,1,2.500000,3,,1.091270e-01
TBX3->-MAP3K1,2,1,2.500000,3,,9.266292e-01
GATA3->-ASXL1,2,1,2.500000,3,,2.796151e-01
ARID1A->-MYC,2,1,2.500000,3,,2.708967e-01
ARID1A->-CARD11,2,1,2.500000,3,,4.478999e-01
ARID2->-CARD11,2,1,2.500000,3,,2.981570e-01
BRCA2->-ZFHX3,2,1,2.500000,3,,7.222592e-02
ATM->-SPEN,2,1,2.500000,3,,5.785399e-01
TBX3->-ESR1,2,1,2.500000,3,,3.006081e-01
ARID1A->-POLE,2,1,2.500000,3,,2.788654e-01
NOTCH1->-ATM,2,1,2.500000,3,,4.253523e-01
PIK3CA->-MEN1,2,1,2.500000,3,,9.791628e-01
ERBB2->-RICTOR,2,1,2.500000,3,,1.257081e-01
PIK3CA->-KIT,2,1,2.500000,3,,2.880956e-01
PTEN->-DDR2,2,1,2.500000,3,,2.963066e-01
MAP3K1->-FANCA,2,1,2.500000,3,,2.989609e-01
YES1->-PARP1,2,1,2.500000,3,,1.303462e-01
TBX3->-FAT1,2,1,2.500000,3,,6.627974e-02
PIK3CG->-SETD2,2,1,2.500000,3,,1.021000e-01
KMT2A->-SETD2,2,1,2.500000,3,,1.232018e-01
KMT2A->-MED12,2,1,2.500000,3,,3.141036e-01
MGA->-KMT2A,2,1,2.500000,3,,2.790585e-01
FOXA1->-KMT2A,2,1,2.500000,3,,1.239587e-01
KMT2C->-AKT1,2,1,2.500000,3,,7.649924e-01
PIK3CA->-RIT1,2,1,2.500000,3,,1.225425e-01
MED12->-FGFR4,2,1,2.500000,3,,1.236223e-01
PTCH1->-KMT2A,2,1,2.500000,3,,3.111562e-01
ERBB3->-CARD11,2,1,2.478873,3,,1.734547e-01
TP53->-FOXL2,2,1,2.419400,3,,4.068644e-02
TP53->-PMS2,2,1,2.174419,3,,9.288570e-02
PIK3CA->-RAD51C,2,1,2.166667,3,,4.973286e-01
ARID1A->-ESR1,2,1,2.136364,3,,9.338375e-01
MAP3K1->-BRCA2,2,1,2.009677,3,,8.080640e-02
PIK3CA->-CDK12,2,1,2.000000,3,,2.672557e-01
PIK3CA->-PARK2,2,1,2.000000,3,,2.991071e-01
ARID1A->-PIK3C2G,2,1,2.000000,3,,2.806148e-01
PIK3CA->-FUBP1,2,1,2.000000,3,,1.311341e-01
ARID1A->-DDR2,2,1,2.000000,3,,1.158127e-01
ESR1->-MTOR,2,1,2.000000,3,,2.010148e-01
APC->-CARD11 APC->-MGA MGA->-CARD11 PIK3CA->-APC PIK3CA->-CARD11 PIK3CA->-MGA PIK3CA->-TP53 TP53->-APC TP53->-CARD11 TP53->-MGA,5,10,2.000000,2,,4.089748e-04
APC->-KMT2D APC->-MGA MGA->-KMT2D PIK3CA->-APC PIK3CA->-KMT2D PIK3CA->-MGA PIK3CA->-TP53 TP53->-APC TP53->-KMT2D TP53->-MGA,5,10,2.000000,2,,3.723203e-04
APC->-ARID2 APC->-MGA MGA->-ARID2 PIK3CA->-APC PIK3CA->-ARID2 PIK3CA->-MGA PIK3CA->-TP53 TP53->-APC TP53->-ARID2 TP53->-MGA,5,10,2.000000,2,,4.083083e-04
APC->-ATR APC->-MGA MGA->-ATR PIK3CA->-APC PIK3CA->-ATR PIK3CA->-MGA PIK3CA->-TP53 TP53->-APC TP53->-ATR TP53->-MGA,5,10,2.000000,2,,3.832056e-04
ARID1B->-KMT2C ARID1B->-NF1 ARID1B->-TSC2 CDH1->-ARID1B CDH1->-KMT2C CDH1->-NF1 CDH1->-TSC2 KMT2C->-NF1 KMT2C->-TSC2 NF1->-TSC2,5,10,2.000000,2,,3.970899e-04
CDH1->-ESR1 CDH1->-GATA3 CDH1->-PIK3CA ESR1->-GATA3 PIK3CA->-ESR1 PIK3CA->-GATA3,4,6,2.000000,2,,1.736111e-03
CDH1->-MAP3K1 CDH1->-NF1 NF1->-MAP3K1 PTEN->-CDH1 PTEN->-MAP3K1 PTEN->-NF1,4,6,2.000000,2,,1.706434e-03
CDH1->-FOXA1 CDH1->-MAP3K1 CDH1->-PIK3CA FOXA1->-MAP3K1 PIK3CA->-FOXA1 PIK3CA->-MAP3K1,4,6,2.000000,2,,5.063657e-03
GATA3->-ARID1A GATA3->-PIK3CA MAP3K1->-ARID1A MAP3K1->-GATA3 MAP3K1->-PIK3CA PIK3CA->-ARID1A,4,6,2.000000,2,,5.063657e-03
CDH1->-BRCA2 CDH1->-PIK3CA CDH1->-TBX3 PIK3CA->-BRCA2 TBX3->-BRCA2 TBX3->-PIK3CA,4,6,2.000000,2,,1.249583e-03
PIK3CA->-BCOR PIK3CA->-PTEN PIK3CA->-TP53 PTEN->-BCOR TP53->-BCOR TP53->-PTEN,4,6,2.000000,2,,1.727886e-03
BRCA1->-SETD2 CDH1->-BRCA1 CDH1->-SETD2 TP53->-BRCA1 TP53->-CDH1 TP53->-SETD2,4,6,2.000000,2,,1.835317e-03
ARID1A->-KMT2C ARID1A->-NCOR1 KMT2C->-NCOR1 PIK3CA->-ARID1A PIK3CA->-KMT2C PIK3CA->-NCOR1,4,6,2.000000,2,,5.135995e-03
ARID1A->-PIK3CA ARID1A->-SETD2 CDH1->-ARID1A CDH1->-PIK3CA CDH1->-SETD2 PIK3CA->-SETD2,4,6,2.000000,2,,5.063657e-03
ERBB2->-KMT2C ERBB2->-PARP1 ERBB2->-PIK3CA KMT2C->-PARP1 PIK3CA->-KMT2C PIK3CA->-PARP1,4,6,2.000000,2,,1.846607e-03
CDH1->-FOXA1 CDH1->-NSD1 CDH1->-PIK3CA NSD1->-FOXA1 PIK3CA->-FOXA1 PIK3CA->-NSD1,4,6,2.000000,2,,1.736111e-03
CDH1->-CREBBP CDH1->-KMT2C CDH1->-PIK3CA CREBBP->-KMT2C PIK3CA->-CREBBP PIK3CA->-KMT2C,4,6,2.000000,2,,7.770133e-03
ARID1A->-IKZF1 ARID1A->-PIK3CA CDH1->-ARID1A CDH1->-IKZF1 CDH1->-PIK3CA IKZF1->-PIK3CA,4,6,2.000000,2,,1.736111e-03
CREBBP->-MAP3K1 GATA3->-CREBBP GATA3->-MAP3K1 GATA3->-PIK3CA PIK3CA->-CREBBP PIK3CA->-MAP3K1,4,6,2.000000,2,,1.736111e-03
CDH1->-KMT2A CDH1->-KMT2C CDH1->-PTCH1 KMT2C->-KMT2A KMT2C->-PTCH1 PTCH1->-KMT2A,4,6,2.000000,2,,1.773853e-03
CDH1->-EPHB1 CDH1->-MAP3K1 CDH1->-PIK3CA MAP3K1->-EPHB1 PIK3CA->-EPHB1 PIK3CA->-MAP3K1,4,6,2.000000,2,,1.736111e-03
ATM->-FAT1 PIK3CA->-ATM PIK3CA->-FAT1 PIK3CA->-TP53 TP53->-ATM TP53->-FAT1,4,6,2.000000,2,,4.873512e-03
GNA11->-FAT1 PIK3CA->-FAT1 PIK3CA->-GNA11 PIK3CA->-TP53 TP53->-FAT1 TP53->-GNA11,4,6,2.000000,2,,1.636905e-03
NCOR1->-NSD1 PTEN->-NCOR1 PTEN->-NSD1 TP53->-NCOR1 TP53->-NSD1 TP53->-PTEN,4,6,2.000000,2,,1.835317e-03
ARID1B->-PTPRS ARID1B->-TSC2 CDH1->-ARID1B CDH1->-PTPRS CDH1->-TSC2 PTPRS->-TSC2,4,6,2.000000,2,,1.743530e-03
ARID1A->-BCOR PIK3CA->-ARID1A PIK3CA->-BCOR PIK3CA->-ROS1 ROS1->-ARID1A ROS1->-BCOR,4,6,2.000000,2,,1.727886e-03
ARID1A->-ATR PIK3CA->-ARID1A PIK3CA->-ATR PIK3CA->-ROS1 ROS1->-ARID1A ROS1->-ATR,4,6,2.000000,2,,1.727886e-03
CDKN1B->-BAP1 CDKN1B->-MAP3K1 MAP3K1->-BAP1 PIK3CA->-BAP1 PIK3CA->-CDKN1B PIK3CA->-MAP3K1,4,6,2.000000,2,,1.736111e-03
PIK3CA->-APC PIK3CA->-SPEN PIK3CA->-TP53 SPEN->-APC TP53->-APC TP53->-SPEN,4,6,2.000000,2,,1.770833e-03
GATA3->-NUP93 MEN1->-GATA3 MEN1->-NUP93 MEN1->-STAG2 STAG2->-GATA3 STAG2->-NUP93,4,6,2.000000,2,,1.736111e-03
ATR->-ARID2 PIK3CA->-ARID2 PIK3CA->-ATR PIK3CA->-PTPRS PTPRS->-ARID2 PTPRS->-ATR,4,6,2.000000,2,,1.809330e-03
CDH1->-KMT2C CDH1->-MEN1 CDH1->-PIK3CA MEN1->-KMT2C PIK3CA->-KMT2C PIK3CA->-MEN1,4,6,2.000000,2,,1.652529e-03
CDH1->-ARID5B CDH1->-MEN1 CDH1->-PIK3CA MEN1->-ARID5B PIK3CA->-ARID5B PIK3CA->-MEN1,4,6,2.000000,2,,1.766018e-03
CDH1->-CREBBP CDH1->-MEN1 CDH1->-PIK3CA MEN1->-CREBBP PIK3CA->-CREBBP PIK3CA->-MEN1,4,6,2.000000,2,,1.695087e-03
KMT2D->-PTPRT PIK3CA->-KMT2D PIK3CA->-PTPRT PIK3CA->-TP53 TP53->-KMT2D TP53->-PTPRT,4,6,2.490323,2,,6.343070e-03
FLT3->-SPEN GATA3->-FLT3 GATA3->-SPEN STAG2->-FLT3 STAG2->-GATA3 STAG2->-SPEN,4,6,2.000000,2,,1.736111e-03
APC->-EPHB1 APC->-KMT2D KMT2D->-EPHB1 TP53->-APC TP53->-EPHB1 TP53->-KMT2D,4,6,2.000000,2,,1.727886e-03
APC->-RAD50 APC->-SDHC CDH1->-APC CDH1->-RAD50 CDH1->-SDHC RAD50->-SDHC,4,6,2.000000,2,,1.706434e-03
APC->-PIK3C2G APC->-SDHC CDH1->-APC CDH1->-PIK3C2G CDH1->-SDHC PIK3C2G->-SDHC,4,6,2.000000,2,,1.706434e-03
APC->-BLM APC->-ERCC4 BLM->-ERCC4 CDH1->-APC CDH1->-BLM CDH1->-ERCC4,4,6,2.000000,2,,1.736111e-03
ARID2->-KMT2D ERCC5->-ARID2 ERCC5->-KMT2D PIK3CA->-ARID2 PIK3CA->-ERCC5 PIK3CA->-KMT2D,4,6,2.000000,2,,1.770833e-03
ARID2->-KMT2D ERCC5->-ARID2 ERCC5->-KMT2D TP53->-ARID2 TP53->-ERCC5 TP53->-KMT2D,4,6,2.000000,2,,1.770833e-03
AR->-KMT2A AR->-PDGFRA AR->-PTPRS PDGFRA->-KMT2A PDGFRA->-PTPRS PTPRS->-KMT2A,4,6,2.000000,2,,1.773853e-03
MGA->-HNF1A MGA->-PTCH1 PIK3CA->-HNF1A PIK3CA->-MGA PIK3CA->-PTCH1 PTCH1->-HNF1A,4,6,2.000000,2,,1.107057e-03
CDH1->-PIK3CA CDH1->-TP53 TP53->-PIK3CA,3,3,2.000000,2,,6.616741e-01
CDH1->-PIK3CA CDH1->-TP53 PIK3CA->-TP53,3,3,2.534553,2,,6.582079e-01
PIK3CA->-MAP3K1 PIK3CA->-TP53 TP53->-MAP3K1,3,3,2.000000,2,,4.570620e-01
CDH1->-KMT2C CDH1->-TP53 TP53->-KMT2C,3,3,2.000000,2,,3.806586e-01
CDH1->-ARID1A PIK3CA->-ARID1A PIK3CA->-CDH1,3,3,2.000000,2,,7.275049e-01
CDH1->-RUNX1 PIK3CA->-CDH1 PIK3CA->-RUNX1,3,3,2.000000,2,,5.888337e-01
CDH1->-NCOR1 TP53->-CDH1 TP53->-NCOR1,3,3,2.000000,2,,3.891206e-01
PIK3CA->-RUNX1 PIK3CA->-TP53 TP53->-RUNX1,3,3,2.000000,2,,1.968879e-01
CDH1->-RUNX1 CDH1->-TP53 TP53->-RUNX1,3,3,2.000000,2,,7.407407e-02
PIK3CA->-PTEN TP53->-PIK3CA TP53->-PTEN,3,3,2.000000,2,,4.781127e-01
MAP3K1->-GATA3 PIK3CA->-GATA3 PIK3CA->-MAP3K1,3,3,2.000000,2,,7.582271e-01
PIK3CA->-FOXA1 PIK3CA->-TP53 TP53->-FOXA1,3,3,2.000000,2,,3.757874e-01
CDH1->-FOXA1 TP53->-CDH1 TP53->-FOXA1,3,3,2.000000,2,,1.844282e-01
PIK3CA->-RB1 TP53->-PIK3CA TP53->-RB1,3,3,2.000000,2,,3.995850e-01
GATA3->-ARID1A PIK3CA->-ARID1A PIK3CA->-GATA3,3,3,2.166667,2,,3.703067e-01
CDH1->-GATA3 PIK3CA->-CDH1 PIK3CA->-GATA3,3,3,2.000000,2,,3.703679e-01
PIK3CA->-NF1 PIK3CA->-TP53 TP53->-NF1,3,3,2.000000,2,,6.187639e-01
PIK3CA->-FLT4 PIK3CA->-TP53 TP53->-FLT4,3,3,2.000000,2,,1.144880e-01
CDH1->-MAP2K4 CDH1->-TP53 TP53->-MAP2K4,3,3,2.000000,2,,6.172161e-02
CDH1->-CDK12 CDH1->-TP53 TP53->-CDK12,3,3,2.000000,2,,1.194046e-02
CDH1->-MAP2K4 PIK3CA->-CDH1 PIK3CA->-MAP2K4,3,3,2.000000,2,,2.843224e-01
ARID1A->-GATA3 ARID1A->-PIK3CA PIK3CA->-GATA3,3,3,2.000000,2,,3.695250e-01
PIK3CA->-SF3B1 TP53->-PIK3CA TP53->-SF3B1,3,3,2.000000,2,,2.772838e-01
PIK3CA->-MED12 PIK3CA->-TP53 TP53->-MED12,3,3,2.000000,2,,1.315041e-01
MAP3K1->-KMT2C PIK3CA->-KMT2C PIK3CA->-MAP3K1,3,3,2.000000,2,,7.288398e-01
KMT2C->-PIK3CA MAP3K1->-KMT2C MAP3K1->-PIK3CA,3,3,2.000000,2,,7.302149e-01
NCOR1->-TP53 PIK3CA->-NCOR1 PIK3CA->-TP53,3,3,2.000000,2,,4.274289e-01
CDH1->-NCOR1 CDH1->-TP53 NCOR1->-TP53,3,3,2.000000,2,,3.891206e-01
CDH1->-PIK3CA RUNX1->-CDH1 RUNX1->-PIK3CA,3,3,2.000000,2,,5.888337e-01
PIK3CA->-CDH1 RUNX1->-CDH1 RUNX1->-PIK3CA,3,3,2.000000,2,,5.888337e-01
CBFB->-GATA3 CBFB->-MAP3K1 MAP3K1->-GATA3,3,3,2.000000,2,,1.319444e-01
CDH1->-BRCA2 TP53->-BRCA2 TP53->-CDH1,3,3,2.000000,2,,5.235292e-02
CDH1->-TP53 PTEN->-CDH1 PTEN->-TP53,3,3,2.000000,2,,6.521900e-02
PTEN->-MAP3K1 TP53->-MAP3K1 TP53->-PTEN,3,3,2.000000,2,,1.335979e-01
MAP3K1->-PIK3CA PTEN->-MAP3K1 PTEN->-PIK3CA,3,3,2.000000,2,,6.059091e-02
CDH1->-PTPRD TP53->-CDH1 TP53->-PTPRD,3,3,2.486220,2,,2.017273e-01
CDH1->-PIK3CA CDH1->-PTPRD PIK3CA->-PTPRD,3,3,2.000000,2,,1.287626e-01
CDH1->-PTPRD PIK3CA->-CDH1 PIK3CA->-PTPRD,3,3,2.000000,2,,1.254073e-01
FOXA1->-MAP3K1 FOXA1->-PIK3CA PIK3CA->-MAP3K1,3,3,2.000000,2,,4.411547e-01
CDH1->-PIK3CA CDH1->-SPEN PIK3CA->-SPEN,3,3,2.000000,2,,7.457729e-02
MAP2K4->-GATA3 MAP2K4->-PIK3CA PIK3CA->-GATA3,3,3,2.000000,2,,5.289352e-02
CBFB->-CDH1 CBFB->-PIK3CA CDH1->-PIK3CA,3,3,2.000000,2,,4.387358e-01
CDH1->-KMT2D CDH1->-PIK3CA PIK3CA->-KMT2D,3,3,2.000000,2,,2.789945e-01
CDH1->-KMT2D PIK3CA->-CDH1 PIK3CA->-KMT2D,3,3,2.000000,2,,2.773908e-01
PIK3CA->-PIK3C2G PIK3CA->-TP53 TP53->-PIK3C2G,3,3,2.000000,2,,9.593643e-02
PIK3CA->-ARID5B TP53->-ARID5B TP53->-PIK3CA,3,3,2.000000,2,,9.318926e-02
PIK3CA->-ARID5B PIK3CA->-TP53 TP53->-ARID5B,3,3,2.000000,2,,9.235320e-02
CDH1->-FAT1 CDH1->-PIK3CA PIK3CA->-FAT1,3,3,2.000000,2,,8.357862e-02
ATM->-GATA3 ATM->-PIK3CA GATA3->-PIK3CA,3,3,2.000000,2,,3.101188e-02
PIK3CA->-ERBB3 TP53->-ERBB3 TP53->-PIK3CA,3,3,2.000000,2,,7.648043e-02
MAP3K1->-ERBB3 MAP3K1->-PIK3CA PIK3CA->-ERBB3,3,3,2.000000,2,,1.907276e-01
PIK3CA->-RAD50 TP53->-PIK3CA TP53->-RAD50,3,3,2.000000,2,,4.784993e-02
PIK3CA->-RAD50 PIK3CA->-TP53 TP53->-RAD50,3,3,2.000000,2,,4.943063e-02
PIK3CA->-EPHB1 TP53->-EPHB1 TP53->-PIK3CA,3,3,2.000000,2,,1.318738e-01
PIK3CA->-EPHB1 PIK3CA->-TP53 TP53->-EPHB1,3,3,2.000000,2,,1.318738e-01
ATRX->-EPHB1 PIK3CA->-ATRX PIK3CA->-EPHB1,3,3,2.000000,2,,2.774386e-02
PIK3CA->-KDR TP53->-KDR TP53->-PIK3CA,3,3,2.000000,2,,2.427694e-01
CDH1->-PIK3CA CDH1->-PTCH1 PIK3CA->-PTCH1,3,3,2.000000,2,,1.214991e-01
CDH1->-APC CDH1->-PIK3CA PIK3CA->-APC,3,3,2.000000,2,,1.309164e-01
ARID1A->-KMT2C CDH1->-ARID1A CDH1->-KMT2C,3,3,2.000000,2,,5.926768e-02
CDH1->-FOXA1 CDH1->-KMT2C FOXA1->-KMT2C,3,3,2.000000,2,,7.457729e-02
ARID1A->-KMT2C ARID1A->-PIK3CA PIK3CA->-KMT2C,3,3,2.000000,2,,3.756678e-01
CDH1->-RB1 CDH1->-TP53 TP53->-RB1,3,3,2.000000,2,,1.319444e-01
CDH1->-RB1 TP53->-CDH1 TP53->-RB1,3,3,2.000000,2,,1.319444e-01
KMT2C->-FAT1 PIK3CA->-FAT1 PIK3CA->-KMT2C,3,3,2.000000,2,,1.893527e-01
PIK3CA->-STAG2 TP53->-PIK3CA TP53->-STAG2,3,3,2.000000,2,,1.043032e-01
CDH1->-PIK3CA CDH1->-STAG2 PIK3CA->-STAG2,3,3,2.000000,2,,1.301511e-01
PIK3CA->-NOTCH1 TP53->-NOTCH1 TP53->-PIK3CA,3,3,2.000000,2,,7.501706e-02
PIK3CA->-SF3B1 PTEN->-PIK3CA PTEN->-SF3B1,3,3,2.000000,2,,1.319444e-01
TBX3->-PIK3CA TBX3->-TP53 TP53->-PIK3CA,3,3,2.000000,2,,2.671704e-01
PIK3CA->-BAP1 PIK3CA->-TP53 TP53->-BAP1,3,3,2.000000,2,,2.777778e-02
KMT2C->-ARID1A PIK3CA->-ARID1A PIK3CA->-KMT2C,3,3,2.000000,2,,3.718933e-01
KMT2C->-ARID1A KMT2C->-PIK3CA PIK3CA->-ARID1A,3,3,2.000000,2,,3.754075e-01
GATA3->-ARID1A KMT2C->-ARID1A KMT2C->-GATA3,3,3,2.000000,2,,2.777778e-02
MAP3K1->-NCOR1 MAP3K1->-PIK3CA NCOR1->-PIK3CA,3,3,2.000000,2,,2.423115e-01
ARID2->-ARID1A TP53->-ARID1A TP53->-ARID2,3,3,2.000000,2,,7.401755e-02
CDH1->-TBX3 ERBB2->-CDH1 ERBB2->-TBX3,3,3,2.000000,2,,1.969438e-01
MAP3K1->-NOTCH4 TP53->-MAP3K1 TP53->-NOTCH4,3,3,2.000000,2,,1.099633e-02
MAP3K1->-NOTCH4 MAP3K1->-PIK3CA PIK3CA->-NOTCH4,3,3,2.000000,2,,9.914288e-02
MAP3K1->-NOTCH4 PIK3CA->-MAP3K1 PIK3CA->-NOTCH4,3,3,2.000000,2,,9.474620e-02
KMT2C->-GATA3 MEN1->-GATA3 MEN1->-KMT2C,3,3,2.000000,2,,2.777778e-02
CDH1->-ERBB2 CDH1->-TP53 TP53->-ERBB2,3,3,2.000000,2,,2.579795e-01
CDH1->-ERBB2 CDH1->-KMT2C ERBB2->-KMT2C,3,3,2.000000,2,,1.916774e-01
CDH1->-KMT2C ERBB2->-CDH1 ERBB2->-KMT2C,3,3,2.000000,2,,1.900043e-01
KMT2C->-PARP1 TP53->-KMT2C TP53->-PARP1,3,3,2.000000,2,,2.626902e-02
PIK3CA->-PARP1 PIK3CA->-TP53 TP53->-PARP1,3,3,2.000000,2,,7.122107e-02
NCOR1->-MED12 NCOR1->-PIK3CA PIK3CA->-MED12,3,3,2.000000,2,,6.911376e-02
CDH1->-KMT2D CDH1->-PIK3CA KMT2D->-PIK3CA,3,3,2.000000,2,,2.799269e-01
AKT1->-KMT2C AKT1->-TP53 TP53->-KMT2C,3,3,2.400000,2,,2.777778e-02
ARID1B->-PIK3CA TP53->-ARID1B TP53->-PIK3CA,3,3,2.000000,2,,1.338560e-01
CDH1->-NSD1 CDH1->-TP53 TP53->-NSD1,3,3,2.000000,2,,2.777778e-02
GATA3->-EGFR GATA3->-PIK3CA PIK3CA->-EGFR,3,3,2.000000,2,,2.777778e-02
ESR1->-MAP3K1 PIK3CA->-ESR1 PIK3CA->-MAP3K1,3,3,2.000000,2,,3.373804e-01
NF1->-PIK3R1 TP53->-NF1 TP53->-PIK3R1,3,3,2.000000,2,,1.261574e-01
NF1->-PIK3R1 PTEN->-NF1 PTEN->-PIK3R1,3,3,2.000000,2,,1.025819e-01
CREBBP->-KMT2C TP53->-CREBBP TP53->-KMT2C,3,3,2.000000,2,,6.169189e-02
ARID1A->-CREBBP ARID1A->-KMT2C CREBBP->-KMT2C,3,3,2.000000,2,,1.818597e-02
CDH1->-MED12 PIK3CA->-CDH1 PIK3CA->-MED12,3,3,2.000000,2,,1.893555e-01
GATA3->-PIK3CA GATA3->-TBX3 TBX3->-PIK3CA,3,3,2.000000,2,,1.689747e-01
GATA3->-PIK3CA GATA3->-TBX3 PIK3CA->-TBX3,3,3,2.000000,2,,1.684524e-01
GATA3->-TBX3 MAP3K1->-GATA3 MAP3K1->-TBX3,3,3,2.000000,2,,1.059028e-01
FOXA1->-GATA3 FOXA1->-MAP3K1 MAP3K1->-GATA3,3,3,2.000000,2,,1.319444e-01
CDH1->-ERBB2 CDH1->-RUNX1 ERBB2->-RUNX1,3,3,2.000000,2,,1.962449e-01
NCOR1->-RUNX1 PIK3CA->-NCOR1 PIK3CA->-RUNX1,3,3,2.000000,2,,2.632245e-01
NCOR1->-PIK3CA NCOR1->-RUNX1 PIK3CA->-RUNX1,3,3,2.000000,2,,2.632245e-01
NCOR1->-CDH1 TP53->-CDH1 TP53->-NCOR1,3,3,2.000000,2,,3.891206e-01
CDH1->-RUNX1 NCOR1->-CDH1 NCOR1->-RUNX1,3,3,2.000000,2,,1.319444e-01
PIK3CA->-CIC TP53->-CIC TP53->-PIK3CA,3,3,2.000000,2,,8.068783e-02
PTPRS->-PIK3CA TP53->-PIK3CA TP53->-PTPRS,3,3,2.000000,2,,9.593381e-02
CDH1->-PIK3CA CDH1->-PTPRS PTPRS->-PIK3CA,3,3,2.000000,2,,7.457729e-02
CBFB->-NCOR1 CBFB->-PIK3CA NCOR1->-PIK3CA,3,3,2.000000,2,,1.435185e-01
CBFB->-NCOR1 CBFB->-TP53 TP53->-NCOR1,3,3,2.000000,2,,1.435185e-01
CDH1->-PIK3CA CDH1->-RAD50 PIK3CA->-RAD50,3,3,2.000000,2,,7.095783e-02
CDH1->-RAD50 TP53->-CDH1 TP53->-RAD50,3,3,2.000000,2,,2.610241e-02
PIK3CA->-GRIN2A PTEN->-GRIN2A PTEN->-PIK3CA,3,3,2.000000,2,,8.068783e-02
CDH1->-DNMT1 CDH1->-PIK3CA PIK3CA->-DNMT1,3,3,2.000000,2,,2.777778e-02
ARID1A->-CDH1 ARID1A->-PIK3CA CDH1->-PIK3CA,3,3,2.000000,2,,7.272146e-01
ESR1->-PIK3CA MAP3K1->-ESR1 MAP3K1->-PIK3CA,3,3,2.000000,2,,3.373804e-01
CDH1->-PIK3CA NF1->-CDH1 NF1->-PIK3CA,3,3,2.000000,2,,4.287500e-01
KMT2C->-ARID1A MEN1->-ARID1A MEN1->-KMT2C,3,3,2.000000,2,,7.457729e-02
PIK3CA->-PTCH1 PIK3CA->-TP53 TP53->-PTCH1,3,3,2.000000,2,,1.218681e-01
FOXA1->-KMT2C TP53->-FOXA1 TP53->-KMT2C,3,3,2.000000,2,,4.374468e-02
PIK3CA->-BARD1 TP53->-BARD1 TP53->-PIK3CA,3,3,2.000000,2,,4.317408e-02
CDH1->-MTOR CDH1->-PIK3CA PIK3CA->-MTOR,3,3,2.000000,2,,8.962621e-02
PIK3CA->-CDKN2A TP53->-CDKN2A TP53->-PIK3CA,3,3,2.000000,2,,7.375218e-02
FAT1->-PIK3CA FAT1->-RICTOR PIK3CA->-RICTOR,3,3,2.000000,2,,1.195502e-01
PIK3CA->-FAT1 PIK3CA->-TET1 TET1->-FAT1,3,3,2.000000,2,,1.328403e-01
NCOR1->-FAT1 NCOR1->-TET1 TET1->-FAT1,3,3,2.000000,2,,2.777778e-02
PIK3CA->-FAT1 PIK3CA->-RB1 RB1->-FAT1,3,3,2.000000,2,,1.319444e-01
TET1->-FAT1 TP53->-FAT1 TP53->-TET1,3,3,2.000000,2,,7.076720e-02
ARID1A->-FAT1 TET1->-ARID1A TET1->-FAT1,3,3,2.000000,2,,2.619293e-02
CDH1->-PIK3CA CDH1->-SETD2 SETD2->-PIK3CA,3,3,2.000000,2,,1.916336e-01
PIK3CA->-EZH2 PIK3CA->-TP53 TP53->-EZH2,3,3,2.000000,2,,7.407407e-02
NCOR1->-PIK3CA NCOR1->-RB1 PIK3CA->-RB1,3,3,2.000000,2,,7.407407e-02
EPHA7->-PIK3CA TP53->-EPHA7 TP53->-PIK3CA,3,3,2.000000,2,,1.344530e-02
GATA3->-SPEN MEN1->-GATA3 MEN1->-SPEN,3,3,2.000000,2,,7.407407e-02
PIK3CA->-ATR PIK3CA->-PTEN PTEN->-ATR,3,3,2.000000,2,,5.914386e-02
MGA->-ATR MGA->-PTEN PTEN->-ATR,3,3,2.000000,2,,1.882619e-02
NF1->-MED12 TP53->-MED12 TP53->-NF1,3,3,2.000000,2,,7.539683e-02
MAP3K1->-NSD1 TP53->-MAP3K1 TP53->-NSD1,3,3,2.000000,2,,7.539683e-02
CDH1->-MAP3K1 CDH1->-NSD1 MAP3K1->-NSD1,3,3,2.000000,2,,1.314696e-01
ATR->-NCOR1 TP53->-ATR TP53->-NCOR1,3,3,2.000000,2,,2.857143e-02
ATR->-NCOR1 PIK3CA->-ATR PIK3CA->-NCOR1,3,3,2.000000,2,,2.777778e-02
ATR->-EP300 PIK3CA->-ATR PIK3CA->-EP300,3,3,2.000000,2,,2.777778e-02
CDH1->-PIK3CA CDH1->-RHOA RHOA->-PIK3CA,3,3,2.000000,2,,6.911376e-02
MAP3K1->-CDH1 MAP3K1->-PIK3CA PIK3CA->-CDH1,3,3,2.000000,2,,7.403781e-01
NF1->-ERBB3 NF1->-TP53 TP53->-ERBB3,3,3,2.000000,2,,7.407407e-02
CDH1->-JAK2 TP53->-CDH1 TP53->-JAK2,3,3,2.000000,2,,2.777778e-02
PIK3CA->-INSR PIK3CA->-TP53 TP53->-INSR,3,3,2.000000,2,,7.453704e-02
ERBB2->-FOXA1 ERBB2->-MAP3K1 FOXA1->-MAP3K1,3,3,2.000000,2,,2.480159e-02
PIK3CA->-PIK3CB PIK3CA->-TP53 TP53->-PIK3CB,3,3,2.000000,2,,2.704518e-02
MDC1->-PIK3CB PIK3CA->-MDC1 PIK3CA->-PIK3CB,3,3,2.000000,2,,2.704518e-02
CDH1->-NOTCH4 CDH1->-PIK3CA PIK3CA->-NOTCH4,3,3,2.000000,2,,7.457729e-02
NF1->-FOXA1 NF1->-PIK3CA PIK3CA->-FOXA1,3,3,2.000000,2,,7.407407e-02
NF1->-FOXA1 TP53->-FOXA1 TP53->-NF1,3,3,2.000000,2,,7.407407e-02
MAP2K4->-PIK3CA NCOR1->-MAP2K4 NCOR1->-PIK3CA,3,3,2.000000,2,,1.417989e-01
NF1->-ATM NF1->-PIK3CA PIK3CA->-ATM,3,3,2.000000,2,,2.777778e-02
GATA3->-FOXA1 PIK3CA->-FOXA1 PIK3CA->-GATA3,3,3,2.000000,2,,2.632245e-01
MGA->-ATR MGA->-PIK3CA PIK3CA->-ATR,3,3,2.000000,2,,1.138185e-01
GATA3->-SF3B1 PIK3CA->-GATA3 PIK3CA->-SF3B1,3,3,2.000000,2,,7.407407e-02
TBX3->-KMT2C TP53->-KMT2C TP53->-TBX3,3,3,2.000000,2,,4.161576e-02
PTEN->-ATRX TP53->-ATRX TP53->-PTEN,3,3,2.000000,2,,1.138866e-01
CDH1->-ERBB3 ERBB2->-CDH1 ERBB2->-ERBB3,3,3,2.000000,2,,7.407407e-02
CDH1->-KMT2C CDH1->-PARP1 KMT2C->-PARP1,3,3,2.000000,2,,6.994352e-02
CDH1->-PARP1 CDH1->-RAD50 RAD50->-PARP1,3,3,2.000000,2,,2.726800e-02
CDH1->-DNMT3A CDH1->-PIK3CA PIK3CA->-DNMT3A,3,3,2.000000,2,,7.280906e-02
CDH1->-DNMT3A TP53->-CDH1 TP53->-DNMT3A,3,3,2.000000,2,,2.615795e-02
NF1->-TET2 TP53->-NF1 TP53->-TET2,3,3,2.000000,2,,2.380952e-02
NF1->-MED12 PTEN->-MED12 PTEN->-NF1,3,3,2.000000,2,,2.833700e-02
NF1->-NSD1 PTEN->-NF1 PTEN->-NSD1,3,3,2.000000,2,,2.833700e-02
CDH1->-JAK3 CDH1->-PIK3CA PIK3CA->-JAK3,3,3,2.000000,2,,2.777778e-02
ARID1A->-KMT2D PIK3CA->-ARID1A PIK3CA->-KMT2D,3,3,2.000000,2,,7.401755e-02
PIK3CA->-DICER1 TP53->-DICER1 TP53->-PIK3CA,3,3,2.000000,2,,1.531223e-02
CDH1->-ALK CDH1->-PIK3CA PIK3CA->-ALK,3,3,2.000000,2,,2.807971e-02
CDH1->-ALK CDH1->-FOXA1 FOXA1->-ALK,3,3,2.000000,2,,2.807971e-02
CDH1->-EGFR CDH1->-PIK3CA PIK3CA->-EGFR,3,3,2.250000,2,,5.555556e-02
CDH1->-PAK7 CDH1->-TP53 TP53->-PAK7,3,3,2.000000,2,,5.465723e-02
CDH1->-PAK7 CDH1->-PIK3CA PIK3CA->-PAK7,3,3,2.000000,2,,7.512865e-02
KMT2C->-PIK3CA ZFHX3->-KMT2C ZFHX3->-PIK3CA,3,3,2.000000,2,,1.176726e-01
CDH1->-DNMT3B CDH1->-PIK3CA PIK3CA->-DNMT3B,3,3,2.000000,2,,2.807971e-02
CDH1->-FOXA1 CDH1->-RUNX1 RUNX1->-FOXA1,3,3,2.000000,2,,1.801698e-01
KMT2C->-PIK3CA RB1->-KMT2C RB1->-PIK3CA,3,3,2.000000,2,,7.407407e-02
FOXA1->-TBX3 PIK3CA->-FOXA1 PIK3CA->-TBX3,3,3,2.000000,2,,7.407407e-02
APC->-PIK3CA CDH1->-APC CDH1->-PIK3CA,3,3,2.000000,2,,1.309164e-01
NCOR1->-MAP3K1 TP53->-MAP3K1 TP53->-NCOR1,3,3,2.000000,2,,9.560305e-02
MAP3K1->-PIK3CA NCOR1->-MAP3K1 NCOR1->-PIK3CA,3,3,2.000000,2,,2.417758e-01
SPEN->-ARID2 TP53->-ARID2 TP53->-SPEN,3,3,2.347826,2,,3.507053e-02
IRS2->-CARD11 TP53->-CARD11 TP53->-IRS2,3,3,2.000000,2,,3.402570e-02
PIK3CA->-ARAF PIK3CA->-TP53 TP53->-ARAF,3,3,2.000000,2,,4.670665e-02
CDH1->-PIK3CA CDH1->-SMO PIK3CA->-SMO,3,3,2.000000,2,,1.227957e-01
STK11->-EP300 TP53->-EP300 TP53->-STK11,3,3,2.000000,2,,9.435281e-02
CDH1->-TET2 MAP2K4->-CDH1 MAP2K4->-TET2,3,3,2.000000,2,,2.698413e-02
CDH1->-MTOR MAP2K4->-CDH1 MAP2K4->-MTOR,3,3,2.000000,2,,2.698413e-02
ARID1B->-KMT2C ARID1B->-PIK3CA KMT2C->-PIK3CA,3,3,2.000000,2,,2.396846e-02
CDH1->-TBX3 NCOR1->-CDH1 NCOR1->-TBX3,3,3,2.000000,2,,2.480159e-02
ARID1A->-PIK3CA SETD2->-ARID1A SETD2->-PIK3CA,3,3,2.000000,2,,1.971616e-01
NOTCH1->-PIK3CA SETD2->-NOTCH1 SETD2->-PIK3CA,3,3,2.000000,2,,7.612168e-02
ARID1A->-ARID2 ARID1A->-PIK3CA ARID2->-PIK3CA,3,3,2.000000,2,,1.327694e-01
CDH1->-MAP3K1 CDH1->-NSD1 NSD1->-MAP3K1,3,3,2.000000,2,,1.314696e-01
CDH1->-DOT1L CDH1->-MAP3K1 DOT1L->-MAP3K1,3,3,2.000000,2,,2.754986e-02
NSD1->-KMT2C PIK3CA->-KMT2C PIK3CA->-NSD1,3,3,2.000000,2,,2.777778e-02
ARID1A->-KMT2C ARID1A->-NSD1 NSD1->-KMT2C,3,3,2.000000,2,,2.777778e-02
MAP3K1->-KMT2C NSD1->-KMT2C NSD1->-MAP3K1,3,3,2.000000,2,,5.754368e-02
ARID1A->-EPHB1 TP53->-ARID1A TP53->-EPHB1,3,3,2.000000,2,,2.774386e-02
HIST1H3I->-SMARCA4 PIK3CA->-HIST1H3I PIK3CA->-SMARCA4,3,3,2.000000,2,,7.249204e-02
ARID1A->-EGFR GATA3->-ARID1A GATA3->-EGFR,3,3,2.000000,2,,2.777778e-02
GATA3->-NUP93 PIK3CA->-GATA3 PIK3CA->-NUP93,3,3,2.000000,2,,7.407407e-02
ARID1A->-SPEN CDH1->-ARID1A CDH1->-SPEN,3,3,2.000000,2,,2.807971e-02
ARID1A->-SPEN MEN1->-ARID1A MEN1->-SPEN,3,3,2.000000,2,,2.807971e-02
GATA3->-SPEN MAP3K1->-GATA3 MAP3K1->-SPEN,3,3,2.000000,2,,2.777778e-02
PIK3CA->-ROS1 PIK3CA->-TP53 ROS1->-TP53,3,3,2.000000,2,,1.493998e-01
PIK3C2G->-CREBBP PIK3CA->-CREBBP PIK3CA->-PIK3C2G,3,3,2.000000,2,,1.111161e-01
CHEK2->-PIK3CA CHEK2->-TP53 TP53->-PIK3CA,3,3,2.000000,2,,2.857143e-02
NF1->-ARID1A PIK3CA->-ARID1A PIK3CA->-NF1,3,3,2.000000,2,,5.787037e-02
CDH1->-ESR1 CDH1->-RHOA ESR1->-RHOA,3,3,2.000000,2,,2.777778e-02
ARID1A->-JAK1 ARID1A->-PIK3CA JAK1->-PIK3CA,3,3,2.000000,2,,7.407407e-02
MST1R->-KMT2C PIK3CA->-KMT2C PIK3CA->-MST1R,3,3,2.000000,2,,7.903439e-02
CDH1->-ARID2 CDH1->-PIK3CA PIK3CA->-ARID2,3,3,2.000000,2,,7.457729e-02
PIK3CA->-KMT2D PIK3CA->-ROS1 ROS1->-KMT2D,3,3,2.000000,2,,2.774386e-02
PTPRT->-KMT2C TP53->-KMT2C TP53->-PTPRT,3,3,2.000000,2,,7.462304e-02
KMT2D->-PIK3CA PTPRT->-KMT2D PTPRT->-PIK3CA,3,3,2.000000,2,,1.573009e-01
PTPRS->-KMT2C TP53->-KMT2C TP53->-PTPRS,3,3,2.000000,2,,3.174603e-02
KMT2C->-KMT2D TP53->-KMT2C TP53->-KMT2D,3,3,2.000000,2,,2.377620e-01
KMT2C->-KMT2D PTPRT->-KMT2C PTPRT->-KMT2D,3,3,2.000000,2,,2.810716e-02
ESR1->-EGFR ESR1->-GATA3 GATA3->-EGFR,3,3,2.000000,2,,2.777778e-02
SOX9->-PTCH1 TP53->-PTCH1 TP53->-SOX9,3,3,2.000000,2,,2.777778e-02
ARID1A->-APC CDH1->-APC CDH1->-ARID1A,3,3,2.000000,2,,2.807971e-02
ARID1A->-CREBBP CDH1->-ARID1A CDH1->-CREBBP,3,3,2.000000,2,,1.151216e-01
CDH1->-PTCH1 ERBB2->-CDH1 ERBB2->-PTCH1,3,3,2.000000,2,,7.457729e-02
ERBB2->-PIK3CA ERBB2->-PTCH1 PIK3CA->-PTCH1,3,3,2.000000,2,,2.807971e-02
ERBB2->-KMT2C ERBB2->-PTCH1 KMT2C->-PTCH1,3,3,2.000000,2,,2.807971e-02
ARID1A->-ARID5B ARID1A->-TP53 TP53->-ARID5B,3,3,2.000000,2,,2.777778e-02
BRCA1->-GATA2 TP53->-BRCA1 TP53->-GATA2,3,3,2.000000,2,,7.462304e-02
CDH1->-PIK3C2G CDH1->-PIK3CA PIK3CA->-PIK3C2G,3,3,2.000000,2,,7.462304e-02
ARID1B->-NF1 PTEN->-ARID1B PTEN->-NF1,3,3,2.000000,2,,2.754986e-02
PTEN->-ARID2 TP53->-ARID2 TP53->-PTEN,3,3,2.000000,2,,7.401755e-02
ATRX->-ARID2 TP53->-ARID2 TP53->-ATRX,3,3,2.000000,2,,2.774386e-02
ATRX->-ARID2 EPHA5->-ARID2 EPHA5->-ATRX,3,3,2.000000,2,,2.774386e-02
EPHA5->-ARID2 EPHA5->-ROS1 ROS1->-ARID2,3,3,2.000000,2,,2.774386e-02
MAP3K1->-ARID2 PTEN->-ARID2 PTEN->-MAP3K1,3,3,2.000000,2,,2.777778e-02
EPCAM->-ARID2 PTEN->-ARID2 PTEN->-EPCAM,3,3,2.000000,2,,2.777778e-02
EPCAM->-ARID2 TP53->-ARID2 TP53->-EPCAM,3,3,2.000000,2,,2.777778e-02
CDH1->-BLM CDH1->-PIK3CA PIK3CA->-BLM,3,3,2.000000,2,,6.475619e-02
PIK3CA->-NCOR1 PIK3CA->-RUNX1 RUNX1->-NCOR1,3,3,2.000000,2,,2.632245e-01
NF1->-KMT2A TP53->-KMT2A TP53->-NF1,3,3,2.000000,2,,2.777778e-02
NF1->-KMT2A PIK3CA->-KMT2A PIK3CA->-NF1,3,3,2.000000,2,,2.807971e-02
PIK3CA->-AURKA TP53->-AURKA TP53->-PIK3CA,3,3,2.000000,2,,6.498016e-02
PIK3CA->-RB1 PIK3CA->-TET1 RB1->-TET1,3,3,2.000000,2,,7.407407e-02
RB1->-TET1 TP53->-RB1 TP53->-TET1,3,3,2.000000,2,,7.407407e-02
PIK3CA->-GATA3 RHOA->-GATA3 RHOA->-PIK3CA,3,3,2.000000,2,,6.911376e-02
CDH1->-GATA3 CDH1->-RHOA RHOA->-GATA3,3,3,2.000000,2,,2.480159e-02
CBFB->-ESR1 CBFB->-PIK3CA PIK3CA->-ESR1,3,3,2.000000,2,,1.944444e-02
CBFB->-KMT2C CBFB->-PIK3CA KMT2C->-PIK3CA,3,3,2.000000,2,,1.962449e-01
SPEN->-ATM SPEN->-TP53 TP53->-ATM,3,3,2.000000,2,,7.331115e-02
AKT1->-TET2 AKT1->-TP53 TP53->-TET2,3,3,2.000000,2,,6.746032e-02
CDH1->-PIK3CA CREBBP->-CDH1 CREBBP->-PIK3CA,3,3,2.000000,2,,3.194961e-01
BRCA1->-PIK3CA TP53->-BRCA1 TP53->-PIK3CA,3,3,2.000000,2,,6.224633e-02
JAK1->-PIK3CA JAK1->-TP53 TP53->-PIK3CA,3,3,2.000000,2,,7.539683e-02
PIK3CA->-CDKN1A PIK3CA->-TP53 TP53->-CDKN1A,3,3,2.000000,2,,1.115731e-01
CBFB->-SPEN GATA3->-CBFB GATA3->-SPEN,3,3,2.000000,2,,7.407407e-02
INPP4A->-ESR1 PIK3CA->-ESR1 PIK3CA->-INPP4A,3,3,2.000000,2,,7.407407e-02
CDH1->-ERBB2 TBX3->-CDH1 TBX3->-ERBB2,3,3,2.000000,2,,1.969438e-01
MAP3K1->-ERCC5 TP53->-ERCC5 TP53->-MAP3K1,3,3,2.000000,2,,1.044974e-01
ARID1A->-BRCA2 ARID1A->-PIK3CA PIK3CA->-BRCA2,3,3,2.000000,2,,5.790662e-02
ARID1A->-CREBBP ARID1A->-PIK3CA PIK3CA->-CREBBP,3,3,2.000000,2,,5.917472e-02
PIK3CA->-SDHB TP53->-PIK3CA TP53->-SDHB,3,3,2.000000,2,,1.082193e-01
MEN1->-NUP93 MEN1->-PIK3CA PIK3CA->-NUP93,3,3,2.000000,2,,2.777778e-02
ATRX->-EPHB1 TP53->-ATRX TP53->-EPHB1,3,3,2.000000,2,,6.377922e-02
ATRX->-EPHB1 CDH1->-ATRX CDH1->-EPHB1,3,3,2.000000,2,,2.177052e-02
PTEN->-MAP2K4 PTEN->-TP53 TP53->-MAP2K4,3,3,2.000000,2,,1.200850e-01
PIK3CA->-YES1 TP53->-PIK3CA TP53->-YES1,3,3,2.000000,2,,7.122107e-02
PTEN->-MST1R TP53->-MST1R TP53->-PTEN,3,3,2.000000,2,,2.777778e-02
APC->-ATM APC->-PIK3CA PIK3CA->-ATM,3,3,2.000000,2,,4.129698e-02
PIK3CA->-TP53 PIK3CA->-TRAF2 TP53->-TRAF2,3,3,2.000000,2,,1.020675e-02
PTEN->-NBN TP53->-NBN TP53->-PTEN,3,3,2.000000,2,,2.777778e-02
PTEN->-PIK3CD TP53->-PIK3CD TP53->-PTEN,3,3,2.000000,2,,2.777778e-02
PIK3CA->-ATM PTEN->-ATM PTEN->-PIK3CA,3,3,2.000000,2,,1.886673e-02
PIK3CA->-DNMT1 PTEN->-DNMT1 PTEN->-PIK3CA,3,3,2.000000,2,,1.893813e-02
ATM->-MAP3K1 ATM->-PIK3CA MAP3K1->-PIK3CA,3,3,2.000000,2,,1.075891e-01
FAT1->-ATRX TP53->-ATRX TP53->-FAT1,3,3,2.000000,2,,2.054871e-02
FAT1->-ATRX PTEN->-ATRX PTEN->-FAT1,3,3,2.000000,2,,2.243697e-02
CDH1->-ATM CDH1->-PIK3CA PIK3CA->-ATM,3,3,2.000000,2,,1.335979e-01
ATR->-ALK TP53->-ALK TP53->-ATR,3,3,2.000000,2,,2.777778e-02
FAT1->-FLT4 PIK3CA->-FAT1 PIK3CA->-FLT4,3,3,2.000000,2,,2.777778e-02
FAT1->-NF1 PIK3CA->-FAT1 PIK3CA->-NF1,3,3,2.000000,2,,7.407407e-02
ARID1B->-KMT2A ARID1B->-PIK3CA PIK3CA->-KMT2A,3,3,2.000000,2,,2.807971e-02
MAP3K1->-PIK3CA TBX3->-MAP3K1 TBX3->-PIK3CA,3,3,2.000000,2,,2.330836e-01
ARID1A->-POLE PIK3CA->-ARID1A PIK3CA->-POLE,3,3,2.000000,2,,7.401755e-02
PIK3CA->-PARP1 PIK3CA->-YES1 YES1->-PARP1,3,3,2.000000,2,,2.400422e-02
TP53->-PARP1 TP53->-YES1 YES1->-PARP1,3,3,2.000000,2,,2.826724e-02
FOXA1->-KMT2A FOXA1->-PIK3CA PIK3CA->-KMT2A,3,3,2.000000,2,,5.799919e-02
PTPRS->-KMT2D TP53->-KMT2D TP53->-PTPRS,3,3,2.333333,2,,5.086897e-02
CDH1->-FOXA1 CDH1->-NCOR1 FOXA1->-NCOR1,3,3,2.000000,2,,2.807971e-02
CDH1->-ERBB3 CDH1->-TBX3 TBX3->-ERBB3,3,3,2.000000,2,,2.777778e-02
TET2->-SETD2 TP53->-SETD2 TP53->-TET2,3,3,2.250000,2,,9.800569e-02
FGFR4->-MSH6 TP53->-FGFR4 TP53->-MSH6,3,3,2.000000,2,,4.427968e-03
NCOR1->-POLE TP53->-NCOR1 TP53->-POLE,3,3,2.000000,2,,1.066311e-02
CDKN2A->-NOTCH4 PIK3CA->-CDKN2A PIK3CA->-NOTCH4,3,3,2.000000,2,,1.250528e-02
CDH1->-CTCF CDH1->-ERBB3 ERBB3->-CTCF,3,3,2.000000,2,,8.885927e-03
BLM->-FAT1 BLM->-KDR FAT1->-KDR,3,3,2.000000,2,,2.271465e-02
KMT2C->-EP300 KMT2D->-EP300 KMT2D->-KMT2C,3,3,2.000000,2,,2.293680e-02
CDH1->-PIK3CA RAD52->-CDH1 RAD52->-PIK3CA,3,3,2.000000,2,,2.312562e-02
CDH1->-PIK3CA STK11->-CDH1 STK11->-PIK3CA,3,3,2.000000,2,,6.383057e-02
JAK3->-GATA3 MAP2K4->-GATA3 MAP2K4->-JAK3,3,3,2.000000,2,,2.430556e-02
JAK2->-BLM JAK2->-MAP3K13 MAP3K13->-BLM,3,3,2.000000,2,,1.884921e-02
PTEN->-BARD1 TP53->-BARD1 TP53->-PTEN,3,3,2.000000,2,,1.805556e-02
ARID2->-CARD11 SETD2->-ARID2 SETD2->-CARD11,3,3,2.000000,2,,2.817333e-02
ARID1A->-CARD11 SETD2->-ARID1A SETD2->-CARD11,3,3,2.000000,2,,2.817333e-02
FAT1->-CARD11 TET1->-CARD11 TET1->-FAT1,3,3,2.000000,2,,7.479074e-02
CCNE1->-RICTOR PIK3CA->-CCNE1 PIK3CA->-RICTOR,3,3,2.000000,2,,2.820777e-02
CCNE1->-IGF1R PIK3CA->-CCNE1 PIK3CA->-IGF1R,3,3,2.000000,2,,2.820777e-02
CDH1->-EZH2 CDH1->-TP53 TP53->-EZH2,3,3,2.000000,2,,2.777778e-02
ARID1A->-DOT1L ARID1A->-FOXA1 DOT1L->-FOXA1,3,3,2.000000,2,,2.460317e-02
CDH1->-DOT1L CDH1->-PIK3CA PIK3CA->-DOT1L,3,3,2.000000,2,,2.777778e-02
PDCD1->-RB1 PIK3CA->-PDCD1 PIK3CA->-RB1,3,3,2.000000,2,,2.777778e-02
PDCD1->-FAT1 PIK3CA->-FAT1 PIK3CA->-PDCD1,3,3,2.000000,2,,2.777778e-02
ASXL2->-FOXP1 PIK3CA->-ASXL2 PIK3CA->-FOXP1,3,3,2.000000,2,,2.777778e-02
NSD1->-PIK3CA TP53->-NSD1 TP53->-PIK3CA,3,3,2.000000,2,,1.304182e-01
ARID2->-IKZF1 ARID2->-PIK3CA IKZF1->-PIK3CA,3,3,2.000000,2,,2.777778e-02
PIK3CA->-CREBBP PIK3CA->-PLK2 PLK2->-CREBBP,3,3,2.000000,2,,7.060931e-02
NOTCH2->-CREBBP TP53->-CREBBP TP53->-NOTCH2,3,3,2.000000,2,,2.222222e-02
CCNE1->-ESR1 CCNE1->-MAP3K1 ESR1->-MAP3K1,3,3,2.000000,2,,2.777778e-02
PIK3CA->-NUP93 PIK3CA->-SPEN SPEN->-NUP93,3,3,2.000000,2,,2.805556e-02
PIK3CA->-TP53 SMARCA4->-PIK3CA SMARCA4->-TP53,3,3,2.000000,2,,1.897371e-01
ROS1->-TP53 TBX3->-ROS1 TBX3->-TP53,3,3,2.000000,2,,7.376543e-02
CDKN2A->-KMT2D TP53->-CDKN2A TP53->-KMT2D,3,3,2.000000,2,,2.805556e-02
PTEN->-CARD11 TP53->-CARD11 TP53->-PTEN,3,3,2.000000,2,,2.774386e-02
NF1->-ERCC5 TP53->-ERCC5 TP53->-NF1,3,3,2.000000,2,,2.857143e-02
ERCC5->-FGFR4 TP53->-ERCC5 TP53->-FGFR4,3,3,2.000000,2,,2.885714e-02
RB1->-FBXW7 TP53->-FBXW7 TP53->-RB1,3,3,2.000000,2,,2.777778e-02
CDH1->-SOX17 CDH1->-TP53 TP53->-SOX17,3,3,2.000000,2,,2.777778e-02
RB1->-AXIN1 TP53->-AXIN1 TP53->-RB1,3,3,2.000000,2,,2.777778e-02
NF1->-PTPRD NF1->-TP53 TP53->-PTPRD,3,3,2.000000,2,,2.222222e-02
CDH1->-PTEN CDH1->-RHOA PTEN->-RHOA,3,3,2.000000,2,,2.777778e-02
MAP2K4->-BRCA2 TP53->-BRCA2 TP53->-MAP2K4,3,3,2.000000,2,,1.760524e-02
KMT2D->-RB1 TP53->-KMT2D TP53->-RB1,3,3,2.000000,2,,6.740702e-02
PIK3CA->-POLE PIK3CA->-SPEN SPEN->-POLE,3,3,2.000000,2,,2.777778e-02
PIK3CA->-FLT1 PIK3CA->-SPEN SPEN->-FLT1,3,3,2.000000,2,,2.777778e-02
CDH1->-PIK3CA PTPRT->-CDH1 PTPRT->-PIK3CA,3,3,2.000000,2,,7.462304e-02
ATR->-NOTCH4 PIK3CA->-ATR PIK3CA->-NOTCH4,3,3,2.000000,2,,2.805556e-02
CDH1->-KMT2C CDH1->-RUNX1 KMT2C->-RUNX1,3,3,2.000000,2,,1.319444e-01
PIK3CA->-RB1 PIK3CA->-RUNX1 RB1->-RUNX1,3,3,2.000000,2,,2.777778e-02
RB1->-RUNX1 TP53->-RB1 TP53->-RUNX1,3,3,2.000000,2,,2.777778e-02
CDH1->-MAP3K1 CDH1->-POLE MAP3K1->-POLE,3,3,2.000000,2,,2.777778e-02
GATA3->-RAD50 PIK3CA->-GATA3 PIK3CA->-RAD50,3,3,2.000000,2,,2.777778e-02
ESR1->-RAD50 PIK3CA->-ESR1 PIK3CA->-RAD50,3,3,2.000000,2,,5.411159e-02
MAP3K1->-NF1 PIK3CA->-MAP3K1 PIK3CA->-NF1,3,3,2.000000,2,,7.407407e-02
CDH1->-NF1 CDH1->-RAD50 NF1->-RAD50,3,3,2.000000,2,,2.754986e-02
ARID2->-BCOR TP53->-ARID2 TP53->-BCOR,3,3,2.000000,2,,2.774386e-02
RB1->-NOTCH2 TP53->-NOTCH2 TP53->-RB1,3,3,2.000000,2,,2.777778e-02
ATM->-RUNX1 PIK3CA->-ATM PIK3CA->-RUNX1,3,3,2.000000,2,,2.384722e-02
CDH1->-ERBB2 CDH1->-NCOR1 NCOR1->-ERBB2,3,3,2.000000,2,,7.407407e-02
CDH1->-INPP4A CDH1->-PIK3CA PIK3CA->-INPP4A,3,3,2.000000,2,,2.777778e-02
NCOR1->-TET2 TP53->-NCOR1 TP53->-TET2,3,3,2.000000,2,,2.777778e-02
CDH1->-CDKN2A CDH1->-NCOR1 CDKN2A->-NCOR1,3,3,2.000000,2,,2.777778e-02
KDM6A->-GRIN2A TP53->-GRIN2A TP53->-KDM6A,3,3,2.000000,2,,2.777778e-02
CDH1->-MSH2 CDH1->-RASA1 MSH2->-RASA1,3,3,2.000000,2,,2.777778e-02
PIK3CA->-POLE PIK3CA->-RB1 RB1->-POLE,3,3,2.000000,2,,7.710246e-02
PIK3CA->-ERG PIK3CA->-TP53 TP53->-ERG,3,3,2.000000,2,,2.962963e-02
CDH1->-PIK3CA CDH1->-SMARCD1 PIK3CA->-SMARCD1,3,3,2.000000,2,,2.777778e-02
ESR1->-PTPRD TP53->-ESR1 TP53->-PTPRD,3,3,2.000000,2,,2.777778e-02
PTEN->-KMT2D TP53->-KMT2D TP53->-PTEN,3,3,2.000000,2,,7.401755e-02
KMT2D->-MDC1 TP53->-KMT2D TP53->-MDC1,3,3,2.000000,2,,2.777778e-02
PIK3CA->-BRIP1 PIK3CA->-RUNX1 RUNX1->-BRIP1,3,3,2.000000,2,,2.777778e-02
MAP3K1->-REL TP53->-MAP3K1 TP53->-REL,3,3,2.000000,2,,2.777778e-02
ATM->-CDH1 ATM->-PIK3CA CDH1->-PIK3CA,3,3,2.000000,2,,1.335979e-01
BCL6->-NOTCH1 CDH1->-BCL6 CDH1->-NOTCH1,3,3,2.000000,2,,2.777778e-02
ATM->-NOTCH4 TP53->-ATM TP53->-NOTCH4,3,3,2.000000,2,,2.805556e-02
RB1->-PTPRT TP53->-PTPRT TP53->-RB1,3,3,2.000000,2,,7.401755e-02
PIK3C2G->-PTPRT TP53->-PIK3C2G TP53->-PTPRT,3,3,2.000000,2,,2.810716e-02
MAP3K1->-NOTCH1 MAP3K1->-PIK3CA PIK3CA->-NOTCH1,3,3,2.000000,2,,1.381448e-01
RB1->-NOTCH1 TP53->-NOTCH1 TP53->-RB1,3,3,2.000000,2,,2.777778e-02
ATM->-PIK3CA ATM->-SF3B1 PIK3CA->-SF3B1,3,3,2.000000,2,,2.777778e-02
CDH1->-DNMT3A CDH1->-KDR DNMT3A->-KDR,3,3,2.000000,2,,2.777778e-02
APC->-RB1 TP53->-APC TP53->-RB1,3,3,2.000000,2,,7.401755e-02
POLE->-SMARCA4 TP53->-POLE TP53->-SMARCA4,3,3,2.000000,2,,2.774386e-02
MSH6->-TERT PIK3CA->-MSH6 PIK3CA->-TERT,3,3,2.000000,2,,2.777778e-02
CDH1->-NOTCH1 CDH1->-PTEN PTEN->-NOTCH1,3,3,2.000000,2,,1.493946e-02
CDH1->-MED12 CDH1->-SDHC MED12->-SDHC,3,3,2.000000,2,,2.754986e-02
CDH1->-SETD2 CDH1->-STK11 SETD2->-STK11,3,3,2.000000,2,,7.407407e-02
ARID1A->-ERCC4 ARID1A->-IKZF1 IKZF1->-ERCC4,3,3,2.000000,2,,2.777778e-02
ARID1A->-ARID2 ARID1A->-FLT3 ARID2->-FLT3,3,3,2.000000,2,,2.777778e-02
ASXL1->-PIK3CA PIK3R3->-ASXL1 PIK3R3->-PIK3CA,3,3,2.000000,2,,2.777778e-02
JAK2->-PIK3CA LATS2->-JAK2 LATS2->-PIK3CA,3,3,2.000000,2,,2.777778e-02
CDH1->-JAK2 CDH1->-PIK3CA JAK2->-PIK3CA,3,3,2.000000,2,,1.030093e-01
CDH1->-PIK3CA CDH1->-SMARCB1 SMARCB1->-PIK3CA,3,3,2.000000,2,,2.777778e-02
KMT2D->-ERBB3 TP53->-ERBB3 TP53->-KMT2D,3,3,2.000000,2,,2.777778e-02
KMT2C->-KMT2A KMT2C->-TSC2 TSC2->-KMT2A,3,3,2.000000,2,,2.657544e-02
KMT2C->-MED12 KMT2C->-TSC2 TSC2->-MED12,3,3,2.000000,2,,2.607397e-02
MED12->-KMT2D TP53->-KMT2D TP53->-MED12,3,3,2.000000,2,,2.628968e-02
PIK3CA->-CARD11 PIK3CA->-RUNX1 RUNX1->-CARD11,3,3,2.000000,2,,2.805556e-02
RUNX1->-CARD11 TP53->-CARD11 TP53->-RUNX1,3,3,2.000000,2,,2.805556e-02
RUNX1->-MSH6 TP53->-MSH6 TP53->-RUNX1,3,3,2.000000,2,,2.805556e-02
PIK3CA->-MSH6 PIK3CA->-RUNX1 RUNX1->-MSH6,3,3,2.000000,2,,2.805556e-02
RUNX1->-MGA TP53->-MGA TP53->-RUNX1,3,3,2.000000,2,,2.805556e-02
PIK3CA->-MGA PIK3CA->-RUNX1 RUNX1->-MGA,3,3,2.000000,2,,7.453704e-02
FAT1->-MSH6 PIK3CA->-FAT1 PIK3CA->-MSH6,3,3,2.000000,2,,2.777778e-02
PIK3CA->-MGA PIK3CA->-SETD2 SETD2->-MGA,3,3,2.000000,2,,1.122671e-01
SETD2->-MGA TP53->-MGA TP53->-SETD2,3,3,2.000000,2,,2.774386e-02
SETD2->-PTCH1 TP53->-PTCH1 TP53->-SETD2,3,3,2.000000,2,,2.774386e-02
PIK3CA->-PTCH1 PIK3CA->-SETD2 SETD2->-PTCH1,3,3,2.000000,2,,5.887584e-02
NCOR1->-PTCH1 PIK3CA->-NCOR1 PIK3CA->-PTCH1,3,3,2.000000,2,,2.777778e-02
BARD1->-AKT1 TP53->-AKT1 TP53->-BARD1,3,3,2.000000,2,,1.805556e-02
ATR->-RUNX1 PIK3CA->-ATR PIK3CA->-RUNX1,3,3,2.000000,2,,7.453704e-02
APC->-NF1 CDH1->-APC CDH1->-NF1,3,3,2.000000,2,,7.237580e-02
ARID1A->-RUNX1 PTEN->-ARID1A PTEN->-RUNX1,3,3,2.000000,2,,2.777778e-02
STAG2->-PTEN STAG2->-TP53 TP53->-PTEN,3,3,2.000000,2,,6.250000e-02
AKT1->-XPO1 CDH1->-AKT1 CDH1->-XPO1,3,3,2.000000,2,,2.777778e-02
BRCA2->-MTOR BRCA2->-XPO1 MTOR->-XPO1,3,3,2.000000,2,,2.777778e-02
KMT2C->-NOTCH3 KMT2C->-XPO1 NOTCH3->-XPO1,3,3,2.000000,2,,2.807971e-02
CDH1->-FAT1 MTOR->-CDH1 MTOR->-FAT1,3,3,2.000000,2,,2.777778e-02
PIK3CA->-PARP1 PIK3CA->-RUNX1 RUNX1->-PARP1,3,3,2.000000,2,,2.805556e-02
NUP93->-PARP1 PIK3CA->-NUP93 PIK3CA->-PARP1,3,3,2.000000,2,,2.805556e-02
NOTCH4->-KMT2D TP53->-KMT2D TP53->-NOTCH4,3,3,2.000000,2,,4.547891e-02
ATR->-KMT2D PIK3CA->-ATR PIK3CA->-KMT2D,3,3,2.000000,2,,7.448028e-02
CDH1->-PIK3CA FLCN->-CDH1 FLCN->-PIK3CA,3,3,2.000000,2,,2.810716e-02
PTPRT->-FGFR2 TP53->-FGFR2 TP53->-PTPRT,3,3,2.000000,2,,2.807284e-02
KMT2D->-FGFR2 TP53->-FGFR2 TP53->-KMT2D,3,3,2.000000,2,,2.807284e-02
BRCA1->-CREBBP BRCA1->-KMT2C CREBBP->-KMT2C,3,3,2.000000,2,,2.810716e-02
KMT2D->-NCOR1 SMAD2->-KMT2D SMAD2->-NCOR1,3,3,2.000000,2,,2.810716e-02
CREBBP->-KMT2C CREBBP->-NCOR1 KMT2C->-NCOR1,3,3,2.000000,2,,2.841267e-02
ARID2->-EPHA5 TP53->-ARID2 TP53->-EPHA5,3,3,2.000000,2,,1.318738e-01
PIK3CA->-GATA3 ROS1->-GATA3 ROS1->-PIK3CA,3,3,2.000000,2,,2.777778e-02
ARID1A->-KDM5C PIK3CA->-ARID1A PIK3CA->-KDM5C,3,3,2.000000,2,,7.407407e-02
PTCH1->-PAK7 TBX3->-PAK7 TBX3->-PTCH1,3,3,2.000000,2,,2.807971e-02
PTCH1->-PAK7 SOX9->-PAK7 SOX9->-PTCH1,3,3,2.000000,2,,2.807971e-02
NOTCH3->-BLM TP53->-BLM TP53->-NOTCH3,3,3,2.000000,2,,1.884921e-02
IDH1->-SETD2 TP53->-IDH1 TP53->-SETD2,3,3,2.000000,2,,2.853654e-02
PTPRS->-PIK3CA STK11->-PIK3CA STK11->-PTPRS,3,3,2.000000,2,,1.366211e-02
PTPRS->-MGA STK11->-MGA STK11->-PTPRS,3,3,2.000000,2,,1.255137e-02
CDH1->-RUNX1 CDH1->-TBX3 RUNX1->-TBX3,3,3,2.000000,2,,1.319444e-01
NF1->-ARID2 PIK3CA->-ARID2 PIK3CA->-NF1,3,3,2.000000,2,,2.807971e-02
EPHA5->-ALK TP53->-ALK TP53->-EPHA5,3,3,2.000000,2,,2.777778e-02
MAP3K1->-ATRX TP53->-ATRX TP53->-MAP3K1,3,3,2.000000,2,,2.499167e-02
TET1->-SPEN TP53->-SPEN TP53->-TET1,3,3,2.000000,2,,2.777778e-02
ARID1B->-ARID2 ARID1B->-IRS1 IRS1->-ARID2,3,3,2.000000,2,,2.807971e-02
AR->-ARID2 AR->-IRS1 IRS1->-ARID2,3,3,2.000000,2,,2.807971e-02
FAT1->-ARID1B TP53->-ARID1B TP53->-FAT1,3,3,2.000000,2,,6.734792e-02
ARID1B->-ROS1 TP53->-ARID1B TP53->-ROS1,3,3,2.000000,2,,2.232143e-02
ALK->-ARID1A TP53->-ALK TP53->-ARID1A,3,3,2.000000,2,,2.777778e-02
KMT2C->-TSC2 PTEN->-KMT2C PTEN->-TSC2,3,3,2.000000,2,,1.134949e-02
MDC1->-KMT2C PIK3CA->-KMT2C PIK3CA->-MDC1,3,3,2.000000,2,,2.807971e-02
KMT2D->-ARID1A TP53->-ARID1A TP53->-KMT2D,3,3,2.000000,2,,7.401755e-02
PIK3CA->-ARID2 PIK3CA->-PTCH1 PTCH1->-ARID2,3,3,2.000000,2,,2.804542e-02
PIK3CA->-GLI1 PIK3CA->-PTCH1 PTCH1->-GLI1,3,3,2.000000,2,,2.804542e-02
PIK3CA->-ATR PIK3CA->-PTCH1 PTCH1->-ATR,3,3,2.000000,2,,2.804542e-02
PIK3CA->-BCOR PIK3CA->-PTCH1 PTCH1->-BCOR,3,3,2.000000,2,,2.774386e-02
HIST1H3I->-HNF1A PIK3CA->-HIST1H3I PIK3CA->-HNF1A,3,3,2.000000,2,,2.774386e-02
HIST1H3I->-HNF1A ROS1->-HIST1H3I ROS1->-HNF1A,3,3,2.000000,2,,2.774386e-02
HIST1H3I->-GATA3 PIK3CA->-GATA3 PIK3CA->-HIST1H3I,3,3,2.000000,2,,2.777778e-02
ERBB2->-PIK3CA KMT2C->-ERBB2 KMT2C->-PIK3CA,3,3,2.000000,2,,1.891034e-01
AR->-KMT2A AR->-PIK3CA PIK3CA->-KMT2A,3,3,2.000000,2,,2.807971e-02
CDH1->-ERBB2 CDH1->-PTPRS ERBB2->-PTPRS,3,3,2.000000,2,,2.807971e-02
RB1->-PTPRD TP53->-PTPRD TP53->-RB1,3,3,2.000000,2,,2.777778e-02
MDC1->-RAD54L PIK3CA->-MDC1 PIK3CA->-RAD54L,3,3,2.000000,2,,2.733915e-02
MDC1->-APC NOTCH4->-APC NOTCH4->-MDC1,3,3,2.000000,2,,2.807971e-02
CDKN1B->-ESR1 CDKN1B->-PIK3CA ESR1->-PIK3CA,3,3,2.000000,2,,2.777778e-02
CDH1->-PIK3CA CDH1->-XPO1 PIK3CA->-XPO1,3,3,2.000000,2,,2.807971e-02
CTCF->-MAP2K4 CTCF->-PIK3CA MAP2K4->-PIK3CA,3,3,2.000000,2,,1.805556e-02
MAP2K4->-NF1 MAP2K4->-TET2 NF1->-TET2,3,3,2.000000,2,,2.312925e-02
CDH1->-GLI1 CDH1->-PIK3CA PIK3CA->-GLI1,3,3,2.000000,2,,1.751228e-02
PIK3CA->-GLI1 TBX3->-GLI1 TBX3->-PIK3CA,3,3,2.000000,2,,1.779298e-02
CDH1->-PIK3C3 CDH1->-PIK3CA PIK3CA->-PIK3C3,3,3,2.000000,2,,1.743863e-02
CDH1->-RASA1 CDH1->-RECQL4 RASA1->-RECQL4,3,3,2.000000,2,,1.860491e-02
CDH1->-RASA1 CDH1->-TBX3 TBX3->-RASA1,3,3,2.000000,2,,1.899367e-02
CDH1->-CREBBP CDH1->-RAD50 RAD50->-CREBBP,3,3,2.000000,2,,2.588026e-02
CDH1->-CREBBP CDH1->-KIT KIT->-CREBBP,3,3,2.000000,2,,2.749084e-02
CDH1->-MLH1 TP53->-CDH1 TP53->-MLH1,3,3,2.000000,2,,2.521382e-02
AMER1->-PIK3CA CASP8->-AMER1 CASP8->-PIK3CA,3,3,2.000000,2,,2.413265e-02
PIK3CA->-RICTOR PIK3CA->-SMO SMO->-RICTOR,3,3,2.000000,2,,2.465845e-02
ERBB3->-ARID1A MAP3K1->-ARID1A MAP3K1->-ERBB3,3,3,2.000000,2,,1.616128e-02
PIK3CA->-CREBBP PIK3CA->-PTPRD PTPRD->-CREBBP,3,3,2.000000,2,,1.613795e-02
CDH1->-DAXX CDH1->-PIK3CA PIK3CA->-DAXX,3,3,2.000000,2,,2.649117e-02
ERBB2->-PTPRD TP53->-ERBB2 TP53->-PTPRD,3,3,2.000000,2,,2.378771e-02
CDH1->-KMT2C CDH1->-STAT5B KMT2C->-STAT5B,3,3,2.000000,2,,2.704654e-02
KMT2D->-FGF4 PIK3CA->-FGF4 PIK3CA->-KMT2D,3,3,2.000000,2,,1.099633e-02
ATM->-DNMT1 PIK3CA->-ATM PIK3CA->-DNMT1,3,3,2.000000,2,,1.771632e-02
FOXA1->-KMT2C FOXA1->-PLK2 PLK2->-KMT2C,3,3,2.000000,2,,1.812983e-02
PIK3CA->-KMT2C PIK3CA->-PLK2 PLK2->-KMT2C,3,3,2.000000,2,,5.797633e-02
MAP3K1->-DICER1 PTEN->-DICER1 PTEN->-MAP3K1,3,3,2.000000,2,,1.921582e-02
MAP3K1->-PIK3CD PTEN->-MAP3K1 PTEN->-PIK3CD,3,3,2.000000,2,,1.677219e-02
ATM->-PLK2 PIK3CA->-ATM PIK3CA->-PLK2,3,3,2.000000,2,,1.866045e-02
MAP3K1->-FGFR4 PTEN->-FGFR4 PTEN->-MAP3K1,3,3,2.000000,2,,1.924121e-02
FOXA1->-PTCH1 PIK3CA->-FOXA1 PIK3CA->-PTCH1,3,3,2.000000,2,,1.860491e-02
ANKRD11->-ARID5B,2,1,2.000000,2,,2.515828e-01
HNF1A->-EPHB1,2,1,2.000000,2,,2.500000e-01
EPHA5->-ARID1A,2,1,2.000000,2,,5.000000e-01
MGA->-PTPRT,2,1,2.000000,2,,2.142857e-01
ARID1B->-PTCH1,2,1,2.000000,2,,2.188830e-01
PTEN->-EPHB1,2,1,2.000000,2,,2.330890e-01
KMT2C->-AR,2,1,2.839988,2,,7.107041e-01
PIK3R1->-MED12,2,1,2.736842,2,,6.738079e-01
SPEN->-KMT2C,2,1,2.733333,2,,8.954084e-01
CDH1->-KRAS,2,1,2.000000,2,,2.377782e-01
MAP3K1->-PIK3C3,2,1,2.499684,2,,4.383539e-01
MAP3K1->-JAK1,2,1,2.499684,2,,4.403532e-01
BRCA2->-ARID1A,2,1,2.470588,2,,8.280557e-01
PIK3CA->-CD274,2,1,2.459016,2,,6.273742e-01
TP53->-U2AF1,2,1,2.440287,2,,3.405531e-01
SMAD4->-NCOR1,2,1,2.400000,2,,4.976190e-01
FAT1->-KMT2C,2,1,2.400000,2,,9.701939e-01
FAT1->-PTEN,2,1,2.400000,2,,8.108069e-01
ARID2->-ALK,2,1,2.363636,2,,6.276241e-01
TP53->-LATS2,2,1,2.359794,2,,7.210930e-01
PTPRT->-ARID2,2,1,2.347826,2,,5.977591e-01
FOXA1->-FAT1,2,1,2.341463,2,,5.201308e-01
GPS2->-TP53,2,1,2.333333,2,,4.583333e-01
TSC2->-KMT2D,2,1,2.333333,2,,4.320227e-01
KMT2C->-PIK3R1,2,1,2.333333,2,,7.875000e-01
AKT1->-PIK3CA,2,1,2.333333,2,,5.572917e-01
BRCA2->-TP53,2,1,2.276923,2,,9.982697e-01
FBXW7->-PIK3CA,2,1,2.266667,2,,8.268057e-01
FLT4->-PIK3CA,2,1,2.251111,2,,9.951174e-01
PIK3CA->-CDC73,2,1,2.250000,2,,6.293735e-01
TP53->-SUFU,2,1,2.000000,2,,8.103965e-02
TP53->-ZRSR2,2,1,2.000000,2,,3.737088e-01
IRS2->-TET2,2,1,2.000000,2,,1.239123e-01
TP53->-BCL6,2,1,2.000000,2,,3.692103e-01
TP53->-TOP1,2,1,2.000000,2,,1.179607e-01
TP53->-PPP2R1A,2,1,2.000000,2,,1.189603e-01
FGFR4->-PTPRD,2,1,2.000000,2,,1.209597e-01
FGFR4->-ERBB3,2,1,2.000000,2,,1.072976e-01
TP53->-AMER1,2,1,2.000000,2,,4.883372e-01
ABL1->-TP53,2,1,2.000000,2,,7.826211e-01
TBX3->-PIK3CG,2,1,2.000000,2,,2.387537e-01
TP53->-CD79A,2,1,2.000000,2,,6.745371e-02
TP53->-GNAS,2,1,2.000000,2,,6.864379e-02
TP53->-CD79B,2,1,2.000000,2,,1.537821e-01
PIK3CA->-RPS6KA4,2,1,2.000000,2,,3.563812e-01
PIK3CA->-RARA,2,1,2.000000,2,,1.161280e-01
KMT2C->-WT1,2,1,2.000000,2,,1.986005e-01
ATM->-TP53,2,1,2.000000,2,,9.921514e-01
KMT2C->-FOXA1,2,1,2.000000,2,,8.757255e-01
BRCA1->-PTCH1,2,1,2.000000,2,,1.439520e-01
BRCA1->-PTPRT,2,1,2.000000,2,,1.421779e-01
KLF4->-NCOR1,2,1,2.000000,2,,1.862712e-01
KLF4->-MED12,2,1,2.000000,2,,1.879374e-01
ROS1->-NF2,2,1,2.000000,2,,1.544485e-01
TP53->-PARK2,2,1,2.000000,2,,7.552244e-02
CDKN2A->-EP300,2,1,2.000000,2,,1.752749e-01
PIK3CA->-PMS2,2,1,2.000000,2,,1.799400e-01
ERBB3->-NUP93,2,1,2.000000,2,,1.726091e-01
SDHB->-INPP4B,2,1,2.000000,2,,2.265911e-01
CDH1->-NUP93,2,1,2.000000,2,,1.632789e-01
KMT2D->-GATA3,2,1,2.000000,2,,6.738587e-01
PTCH1->-GATA3,2,1,2.000000,2,,2.310896e-01
TP53->-SH2D1A,2,1,2.000000,2,,1.765429e-01
PDGFRB->-PIK3CA,2,1,2.000000,2,,5.467070e-01
BLM->-STK11,2,1,2.000000,2,,2.414195e-01
STK11->-MAP2K2,2,1,2.000000,2,,2.322559e-01
STK11->-GATA3,2,1,2.000000,2,,2.327557e-01
ARID1B->-KDR,2,1,2.000000,2,,2.304232e-01
STK11->-PTCH1,2,1,2.000000,2,,2.325891e-01
BLM->-GATA3,2,1,2.000000,2,,4.798401e-01
ARID1B->-GATA3,2,1,2.000000,2,,4.755082e-01
MAP2K2->-KMT2C,2,1,2.000000,2,,2.422930e-01
JAK3->-PIK3CA,2,1,2.000000,2,,9.340632e-01
TP53->-EED,2,1,2.000000,2,,1.741086e-01
FBXW7->-EPHA7,2,1,2.000000,2,,1.746707e-01
PIK3CA->-RAD21,2,1,2.000000,2,,4.861416e-01
BLM->-ARID1B,2,1,2.000000,2,,1.999187e-01
TP53->-FAM175A,2,1,2.000000,2,,4.845607e-01
KMT2D->-INPP4B,2,1,2.000000,2,,1.974897e-01
KMT2D->-ARID1B,2,1,2.000000,2,,2.057661e-01
TP53->-IGF1,2,1,2.000000,2,,2.083333e-01
TP53->-ALOX12B,2,1,2.000000,2,,2.270910e-01
TP53->-SMAD4,2,1,2.000000,2,,8.000000e-01
PIK3CA->-FAM175A,2,1,2.000000,2,,4.722222e-01
ARID1A->-FLT4,2,1,2.000000,2,,3.917028e-01
ARID1A->-DNMT3B,2,1,2.000000,2,,6.892745e-01
SETD2->-ATRX,2,1,2.000000,2,,2.514620e-01
TET1->-ARID2,2,1,2.000000,2,,2.514620e-01
SETD2->-LATS2,2,1,2.000000,2,,5.014620e-01
SETD2->-ESR1,2,1,2.000000,2,,2.514620e-01
ESR1->-DNMT3B,2,1,2.000000,2,,5.014620e-01
ESR1->-TET1,2,1,2.000000,2,,6.885965e-01
ESR1->-AMER1,2,1,2.000000,2,,5.014620e-01
TET1->-DNMT3B,2,1,2.000000,2,,2.514620e-01
TET1->-PIK3CA,2,1,2.000000,2,,9.592990e-01
INHA->-PIK3CA,2,1,2.000000,2,,2.524559e-01
FAT1->-DICER1,2,1,2.000000,2,,2.500000e-01
SETD2->-BRCA2,2,1,2.000000,2,,5.000000e-01
ATM->-MSH6,2,1,2.000000,2,,2.508333e-01
EP300->-MAP3K1,2,1,2.000000,2,,2.500000e-01
MSH6->-PIK3CA,2,1,2.000000,2,,8.908854e-01
TP53->-RAB35,2,1,2.000000,2,,2.500000e-01
KDM5A->-PIK3CA,2,1,2.000000,2,,7.916667e-01
MEN1->-KMT2A,2,1,2.000000,2,,2.500000e-01
RECQL4->-TP53,2,1,2.000000,2,,9.330643e-01
TET1->-ARID1B,2,1,2.000000,2,,2.500000e-01
PTPRD->-XPO1,2,1,2.000000,2,,2.410714e-01
ARID2->-PTPRD,2,1,2.000000,2,,2.500000e-01
ARID2->-KMT2C,2,1,2.000000,2,,6.881793e-01
KMT2C->-CDK8,2,1,2.000000,2,,2.509058e-01
TP53->-RYBP,2,1,2.000000,2,,2.500000e-01
CDH1->-TSC1,2,1,2.000000,2,,2.500000e-01
MAP3K1->-EGFR,2,1,2.000000,2,,2.500000e-01
AKT1->-EGFR,2,1,2.000000,2,,2.500000e-01
MAP3K1->-CBFB,2,1,2.000000,2,,9.892578e-01
SPOP->-MAP3K1,2,1,2.000000,2,,6.892857e-01
AR->-ARID1A,2,1,2.000000,2,,4.376874e-01
MTOR->-DNMT1,2,1,2.000000,2,,2.500000e-01
PIK3CA->-TGFBR1,2,1,2.000000,2,,2.500000e-01
MAP3K1->-TGFBR1,2,1,2.000000,2,,2.500000e-01
STAG2->-CHEK2,2,1,2.000000,2,,5.000000e-01
NCOR1->-FGFR3,2,1,2.000000,2,,2.509058e-01
NCOR1->-TSC1,2,1,2.000000,2,,2.500000e-01
RB1->-FOXP1,2,1,2.000000,2,,2.500000e-01
PDCD1->-FOXP1,2,1,2.000000,2,,2.509881e-01
STAG2->-TET1,2,1,2.000000,2,,2.500000e-01
FOXA1->-ERBB2,2,1,2.000000,2,,8.878348e-01
ARID2->-NSD1,2,1,2.000000,2,,5.000000e-01
CDH1->-BCOR,2,1,2.000000,2,,5.000000e-01
CDKN2A->-KMT2C,2,1,2.000000,2,,2.500000e-01
FBXW7->-SMARCA4,2,1,2.000000,2,,2.472527e-01
FBXW7->-PDGFRA,2,1,2.000000,2,,2.472527e-01
ARID1A->-FGFR3,2,1,2.000000,2,,2.341787e-01
GATA3->-GRIN2A,2,1,2.000000,2,,2.333333e-01
ARID1A->-MET,2,1,2.000000,2,,2.333333e-01
AKT1->-EPHA7,2,1,2.000000,2,,2.500000e-01
AKT1->-CD276,2,1,2.000000,2,,2.500000e-01
CDH1->-FOXL2,2,1,2.000000,2,,2.500000e-01
ATM->-MDC1,2,1,2.000000,2,,5.023810e-01
LATS1->-ROS1,2,1,2.000000,2,,5.000000e-01
CDH1->-KLF4,2,1,2.000000,2,,2.500000e-01
CDH1->-IGF1R,2,1,2.000000,2,,2.500000e-01
KLF4->-GRIN2A,2,1,2.000000,2,,2.500000e-01
MAP3K1->-RAD51C,2,1,2.000000,2,,2.532489e-01
RAD51C->-PIK3CA,2,1,2.000000,2,,8.138450e-01
EPHA7->-HIST1H3B,2,1,2.000000,2,,2.499167e-01
MDC1->-HIST1H3B,2,1,2.000000,2,,2.465845e-01
MAP3K1->-RICTOR,2,1,2.000000,2,,2.449184e-01
MAP3K1->-IRS1,2,1,2.000000,2,,2.490836e-01
PTEN->-NOTCH2,2,1,2.000000,2,,2.500000e-01
PTEN->-AR,2,1,2.000000,2,,2.500000e-01
TP53->-HIST1H3I,2,1,2.000000,2,,2.500000e-01
PIK3CA->-H3F3B,2,1,2.000000,2,,2.500000e-01
ESR1->-CREBBP,2,1,2.000000,2,,2.500000e-01
MAP2K1->-ESR1,2,1,2.000000,2,,2.500000e-01
ESR1->-JAK1,2,1,2.000000,2,,5.000000e-01
ALK->-MAP3K1,2,1,2.000000,2,,6.861046e-01
ATM->-EGFR,2,1,2.000000,2,,2.500000e-01
FLT3->-EGFR,2,1,2.000000,2,,2.500000e-01
GATA3->-HIST1H3F,2,1,2.000000,2,,2.500000e-01
ATM->-CHEK2,2,1,2.000000,2,,2.523810e-01
ATM->-NUP93,2,1,2.000000,2,,2.508333e-01
MYC->-PIK3CA,2,1,2.000000,2,,6.893535e-01
MEN1->-MAP3K1,2,1,2.000000,2,,8.125000e-01
KMT2C->-MYC,2,1,2.000000,2,,2.500000e-01
CDH1->-CSF1R,2,1,2.000000,2,,2.500000e-01
CDH1->-MPL,2,1,2.000000,2,,2.500000e-01
CIC->-ARID1A,2,1,2.000000,2,,4.221926e-01
SMARCA4->-ATR,2,1,2.000000,2,,2.500000e-01
ATR->-TP53,2,1,2.000000,2,,9.996213e-01
RAD54L->-KMT2C,2,1,2.000000,2,,5.098344e-01
TBX3->-TSC2,2,1,2.000000,2,,2.509058e-01
TSC2->-TP53,2,1,2.000000,2,,9.827113e-01
KMT2C->-KDM5C,2,1,2.000000,2,,5.029990e-01
KMT2C->-RAD50,2,1,2.000000,2,,5.079973e-01
NF1->-HIST1H3B,2,1,2.000000,2,,2.500000e-01
PIK3CA->-H3F3C,2,1,2.000000,2,,5.000000e-01
PIK3CA->-MAP3K13,2,1,2.000000,2,,6.857298e-01
PLK2->-KMT2D,2,1,2.000000,2,,2.500000e-01
PIK3CA->-LATS1,2,1,2.000000,2,,6.868544e-01
DNMT3A->-TP53,2,1,2.000000,2,,9.649070e-01
NCOR1->-AXIN1,2,1,2.000000,2,,2.500000e-01
NCOR1->-RASA1,2,1,2.000000,2,,2.500000e-01
PTEN->-RASA1,2,1,2.000000,2,,2.500000e-01
IRS2->-AXIN1,2,1,2.000000,2,,2.417527e-01
PIK3CA->-CDK4,2,1,2.000000,2,,2.500000e-01
ATR->-NSD1,2,1,2.000000,2,,2.523810e-01
SPOP->-NF1,2,1,2.000000,2,,2.523810e-01
TP53->-SPOP,2,1,2.000000,2,,2.523810e-01
RUNX1->-CDKN1B,2,1,2.000000,2,,2.500000e-01
TP53->-PAX5,2,1,2.000000,2,,2.500000e-01
NF1->-CTCF,2,1,2.000000,2,,2.500000e-01
BRAF->-PIK3CA,2,1,2.000000,2,,8.125000e-01
PTEN->-ASXL1,2,1,2.000000,2,,2.000000e-01
CDH1->-CHEK2,2,1,2.000000,2,,5.023810e-01
GATA3->-MST1,2,1,2.000000,2,,2.500000e-01
TSC1->-TP53,2,1,2.000000,2,,9.085275e-01
CDH1->-AXIN1,2,1,2.000000,2,,5.000000e-01
PBRM1->-ERBB2,2,1,2.000000,2,,2.500000e-01
NF1->-EPHA7,2,1,2.000000,2,,4.833333e-01
PTEN->-ESR1,2,1,2.000000,2,,5.000000e-01
CDH1->-ALOX12B,2,1,2.000000,2,,2.500000e-01
ESR1->-ALOX12B,2,1,2.000000,2,,2.500000e-01
ESR1->-ARID1B,2,1,2.000000,2,,2.485838e-01
ATM->-RPS6KB2,2,1,2.000000,2,,2.465695e-01
ATM->-RICTOR,2,1,2.000000,2,,2.512496e-01
TBX3->-MED12,2,1,2.000000,2,,2.410714e-01
GATA3->-CDH1,2,1,2.000000,2,,9.964035e-01
GATA3->-MAP2K4,2,1,2.000000,2,,9.758461e-01
CREBBP->-RB1,2,1,2.000000,2,,2.380952e-01
CREBBP->-DNMT3B,2,1,2.000000,2,,2.389579e-01
PIK3CA->-RAC1,2,1,2.000000,2,,2.500000e-01
KLF4->-TP53,2,1,2.000000,2,,8.557314e-01
GATA3->-JAK1,2,1,2.000000,2,,2.500000e-01
CIC->-KMT2D,2,1,2.000000,2,,4.291903e-01
PIK3R1->-KMT2C,2,1,2.000000,2,,7.875000e-01
CDH1->-TP63,2,1,2.000000,2,,2.509058e-01
ERBB2->-TP63,2,1,2.000000,2,,2.509058e-01
FLT1->-MAP3K1,2,1,2.000000,2,,3.997001e-01
FBXW7->-FLT4,2,1,2.000000,2,,2.500000e-01
FBXW7->-TP53,2,1,2.000000,2,,9.971197e-01
STAT3->-PIK3CA,2,1,2.000000,2,,2.500000e-01
RUNX1->-ERBB2,2,1,2.000000,2,,9.375000e-01
PIK3CA->-CUL3,2,1,2.000000,2,,5.000000e-01
PIK3CA->-MAP2K1,2,1,2.000000,2,,4.500000e-01
CDH1->-BRAF,2,1,2.000000,2,,2.500000e-01
RHOA->-CDH1,2,1,2.000000,2,,8.878348e-01
ARID1A->-RHOA,2,1,2.000000,2,,2.500000e-01
PTPRT->-MAP3K1,2,1,2.000000,2,,6.131290e-01
ATR->-GRIN2A,2,1,2.000000,2,,2.500000e-01
FLT1->-PIK3CA,2,1,2.000000,2,,7.665778e-01
AKT1->-RAD54L,2,1,2.000000,2,,2.525825e-01
RECQL4->-GATA3,2,1,2.000000,2,,4.460180e-01
KMT2C->-ANKRD11,2,1,2.000000,2,,4.958347e-01
PTPRT->-PTPRS,2,1,2.000000,2,,2.500000e-01
NF1->-PTPRS,2,1,2.000000,2,,5.009058e-01
INHA->-CREBBP,2,1,2.000000,2,,2.509881e-01
TP53->-HIST1H3G,2,1,2.000000,2,,4.270243e-01
RUNX1->-GATA3,2,1,2.000000,2,,2.500000e-01
RUNX1->-SETD2,2,1,2.000000,2,,2.500000e-01
NF1->-ERBB2,2,1,2.000000,2,,5.009058e-01
PIK3CG->-PIK3CA,2,1,2.000000,2,,9.321684e-01
IRS1->-SPEN,2,1,2.000000,2,,3.977008e-01
IRS1->-ESR1,2,1,2.000000,2,,2.500000e-01
CDK12->-TP53,2,1,2.000000,2,,8.090525e-01
KMT2C->-CBFB,2,1,2.000000,2,,8.125000e-01
KMT2C->-ARID5B,2,1,2.000000,2,,4.969068e-01
ERBB2->-XPO1,2,1,2.000000,2,,2.410714e-01
FOXA1->-XPO1,2,1,2.000000,2,,2.419449e-01
FOXA1->-PTPRD,2,1,2.000000,2,,2.410714e-01
CDKN1B->-PTPRD,2,1,2.000000,2,,2.410714e-01
SOX9->-PIK3CA,2,1,2.000000,2,,6.881793e-01
SOX9->-IRS1,2,1,2.000000,2,,2.509058e-01
SPEN->-RUNX1,2,1,2.000000,2,,2.508333e-01
RUNX1->-JUN,2,1,2.000000,2,,2.500000e-01
ERBB2->-GATA3,2,1,2.000000,2,,2.500000e-01
PIK3C2G->-NCOR1,2,1,2.000000,2,,5.009881e-01
PIK3C2G->-EGFR,2,1,2.000000,2,,2.500000e-01
MAP2K4->-ATM,2,1,2.000000,2,,2.619048e-01
NF1->-POLE,2,1,2.000000,2,,2.500000e-01
ESR1->-POLE,2,1,2.000000,2,,2.500000e-01
GATA3->-AR,2,1,2.000000,2,,5.000000e-01
DNMT3B->-ARID1A,2,1,2.000000,2,,6.892745e-01
MAP3K1->-AR,2,1,2.000000,2,,5.000000e-01
MAX->-PIK3CA,2,1,2.000000,2,,4.151949e-01
ERBB3->-POLE,2,1,2.000000,2,,2.500000e-01
PIK3CA->-PPM1D,2,1,2.000000,2,,2.502499e-01
PIK3CA->-MYC,2,1,2.000000,2,,6.907281e-01
ESR1->-ZFHX3,2,1,2.000000,2,,2.572476e-01
ARID1B->-ZFHX3,2,1,2.000000,2,,2.493160e-01
PIK3CA->-DCUN1D1,2,1,2.000000,2,,1.416195e-01
AKT1->-ARID1A,2,1,2.000000,2,,6.887288e-01
TP53->-CBFB,2,1,2.000000,2,,9.666667e-01
AKT1->-RB1,2,1,2.000000,2,,2.500000e-01
AKT1->-CREBBP,2,1,2.000000,2,,2.500000e-01
IRS2->-POLE,2,1,2.000000,2,,2.559147e-01
CDH1->-SMAD2,2,1,2.000000,2,,5.009881e-01
CDH1->-PIK3CB,2,1,2.000000,2,,2.500000e-01
IRS2->-TP53,2,1,2.000000,2,,7.703662e-01
MAP2K4->-CIC,2,1,2.000000,2,,1.703083e-01
MAP2K4->-KMT2D,2,1,2.000000,2,,1.754415e-01
CBFB->-TBX3,2,1,2.000000,2,,6.875000e-01
CDH1->-FGFR2,2,1,2.000000,2,,1.756917e-01
KDM6A->-CDH1,2,1,2.000000,2,,8.125000e-01
PIK3CA->-RAB35,2,1,2.000000,2,,2.500000e-01
TP53->-CRLF2,2,1,2.000000,2,,2.500000e-01
ARID1A->-AKT1,2,1,2.000000,2,,6.901033e-01
CDH1->-EIF4A2,2,1,2.000000,2,,2.500000e-01
NCOR1->-KDM6A,2,1,2.000000,2,,2.500000e-01
CDH1->-GNAS,2,1,2.000000,2,,2.500000e-01
TET2->-GRIN2A,2,1,2.000000,2,,2.609130e-01
PTCH1->-NOTCH2,2,1,2.000000,2,,2.500000e-01
KDM6A->-KMT2A,2,1,2.000000,2,,5.000000e-01
RASA1->-KMT2A,2,1,2.000000,2,,2.159091e-01
CDH1->-SLX4,2,1,2.000000,2,,2.500000e-01
CDH1->-FGF19,2,1,2.000000,2,,2.500000e-01
NOTCH4->-EED,2,1,2.000000,2,,2.500000e-01
NOTCH4->-NOTCH2,2,1,2.000000,2,,4.291903e-01
KMT2C->-RASA1,2,1,2.000000,2,,4.361879e-01
PIK3CA->-GNAS,2,1,2.000000,2,,2.500000e-01
SF3B1->-KMT2C,2,1,2.000000,2,,5.119048e-01
TP53->-CBL,2,1,2.000000,2,,2.555556e-01
PIK3R1->-RUNX1,2,1,2.000000,2,,2.500000e-01
ARID1B->-RUNX1,2,1,2.000000,2,,2.500000e-01
ARID1B->-PIK3R1,2,1,2.000000,2,,5.000000e-01
NCOR1->-ARID1A,2,1,2.000000,2,,8.129529e-01
CDH1->-JAK1,2,1,2.000000,2,,5.023810e-01
JAK1->-BRCA2,2,1,2.000000,2,,2.500000e-01
RAD54L->-NCOR1,2,1,2.000000,2,,2.509058e-01
BRCA2->-BAP1,2,1,2.000000,2,,2.500000e-01
BRCA2->-PTPRD,2,1,2.000000,2,,2.500000e-01
TP53->-NEGR1,2,1,2.000000,2,,2.500000e-01
RB1->-TSHR,2,1,2.000000,2,,2.500000e-01
ATRX->-KMT2D,2,1,2.000000,2,,4.545152e-01
RB1->-FLT4,2,1,2.000000,2,,4.998334e-01
RB1->-KMT2D,2,1,2.000000,2,,6.785714e-01
CTCF->-GPS2,2,1,2.000000,2,,2.500000e-01
AKT1->-AXIN1,2,1,2.000000,2,,2.475841e-01
NOTCH2->-TET1,2,1,2.000000,2,,2.477507e-01
BCOR->-GRIN2A,2,1,2.000000,2,,4.720851e-01
NSD1->-MDM2,2,1,2.000000,2,,2.105743e-01
SMARCA4->-TET1,2,1,2.000000,2,,2.549150e-01
AXIN1->-SMARCA4,2,1,2.000000,2,,2.477507e-01
PIK3CA->-PAX5,2,1,2.000000,2,,2.083333e-01
EPHB1->-MAP3K1,2,1,2.000000,2,,8.125000e-01
NCOR1->-ALK,2,1,2.000000,2,,2.509058e-01
ANKRD11->-KMT2D,2,1,2.000000,2,,5.767661e-01
GATA3->-KDM5A,2,1,2.000000,2,,5.000000e-01
TP53->-YAP1,2,1,2.000000,2,,5.000000e-01
CDKN2A->-CARD11,2,1,2.000000,2,,2.508333e-01
CARD11->-TP53,2,1,2.000000,2,,9.903625e-01
PIK3CA->-SOX9,2,1,2.000000,2,,6.881793e-01
CDH1->-SOX9,2,1,2.000000,2,,5.009058e-01
BRCA2->-STK11,2,1,2.000000,2,,2.500000e-01
ESR1->-GNAS,2,1,2.000000,2,,2.500000e-01
PIK3CA->-REL,2,1,2.000000,2,,2.500000e-01
ATM->-NOTCH1,2,1,2.000000,2,,7.651680e-01
MAP3K1->-SPOP,2,1,2.000000,2,,6.892857e-01
MAP3K1->-DNMT3A,2,1,2.000000,2,,2.500000e-01
PIK3CA->-SYK,2,1,2.000000,2,,2.500000e-01
PIK3CA->-BCL6,2,1,2.000000,2,,5.000000e-01
MAP3K1->-SF3B1,2,1,2.000000,2,,5.000000e-01
SMAD4->-MAP3K1,2,1,2.000000,2,,2.166667e-01
SMAD4->-KMT2C,2,1,2.000000,2,,3.930357e-01
KMT2C->-MDM2,2,1,2.000000,2,,2.166667e-01
PALB2->-KDM5C,2,1,2.000000,2,,2.500000e-01
SOX9->-PDGFRA,2,1,2.000000,2,,2.509058e-01
DOT1L->-PDGFRA,2,1,2.000000,2,,2.500000e-01
TP53->-KEAP1,2,1,2.000000,2,,2.500000e-01
PTEN->-PDGFRA,2,1,2.000000,2,,2.500000e-01
CIC->-RUNX1,2,1,2.000000,2,,2.916667e-01
EPCAM->-ARID1B,2,1,2.000000,2,,2.500000e-01
ARID1B->-PDGFRA,2,1,2.000000,2,,2.509058e-01
JAK1->-ZFHX3,2,1,2.000000,2,,2.159091e-01
PIK3CA->-IRF4,2,1,2.000000,2,,2.500000e-01
AKT1->-CIC,2,1,2.000000,2,,2.500000e-01
NCOR1->-ATRX,2,1,2.000000,2,,2.500000e-01
NCOR1->-SMARCA4,2,1,2.000000,2,,2.500000e-01
NOTCH1->-CDH1,2,1,2.000000,2,,7.824130e-01
CDH1->-IL7R,2,1,2.000000,2,,2.237587e-01
AKT1->-NCOR1,2,1,2.000000,2,,2.500000e-01
GPS2->-ESR1,2,1,2.000000,2,,2.166667e-01
TP53->-NFE2L2,2,1,2.000000,2,,2.500000e-01
BRCA1->-DNMT1,2,1,2.000000,2,,1.847717e-01
CDH1->-TERT,2,1,2.000000,2,,2.500000e-01
NOTCH3->-CDH1,2,1,2.000000,2,,6.881793e-01
ANKRD11->-TBX3,2,1,2.000000,2,,8.125000e-01
YAP1->-PIK3CA,2,1,2.000000,2,,5.000000e-01
NOTCH3->-PIK3CA,2,1,2.000000,2,,9.298762e-01
MAP2K4->-NOTCH2,2,1,2.000000,2,,2.500000e-01
TP53->-SMAD3,2,1,2.000000,2,,2.500000e-01
MAP2K4->-KMT2C,2,1,2.000000,2,,5.000000e-01
FOXA1->-CDK8,2,1,2.000000,2,,2.509058e-01
MEN1->-NCOR1,2,1,2.000000,2,,2.509058e-01
MEN1->-MAP2K4,2,1,2.000000,2,,5.000000e-01
CDH1->-NOTCH3,2,1,2.000000,2,,6.881793e-01
PIK3CA->-MYD88,2,1,2.000000,2,,5.000000e-01
TP53->-RAD51,2,1,2.000000,2,,2.509881e-01
TBX3->-CBFB,2,1,2.000000,2,,6.875000e-01
TBX3->-EPHA5,2,1,2.000000,2,,2.500000e-01
RET->-BCOR,2,1,2.000000,2,,2.166667e-01
IDH1->-GATA3,2,1,2.000000,2,,2.500000e-01
MAP3K1->-EPCAM,2,1,2.000000,2,,4.968344e-01
ASXL2->-KDM5C,2,1,2.000000,2,,2.022659e-01
JAK1->-ARID2,2,1,2.000000,2,,2.500000e-01
JAK1->-APC,2,1,2.000000,2,,2.500000e-01
JAK1->-CREBBP,2,1,2.000000,2,,2.523810e-01
JAK1->-SETD2,2,1,2.000000,2,,2.523810e-01
CDH1->-ERCC3,2,1,2.000000,2,,5.000000e-01
ARID1A->-PIK3R3,2,1,2.000000,2,,2.500000e-01
CD274->-ABL1,2,1,2.000000,2,,2.500000e-01
ASXL1->-ABL1,2,1,2.000000,2,,2.500000e-01
ASXL1->-CREBBP,2,1,2.000000,2,,5.000000e-01
RAD50->-PIK3CA,2,1,2.000000,2,,9.662676e-01
PIK3R3->-BLM,2,1,2.000000,2,,2.500000e-01
PIK3C2G->-ERCC4,2,1,2.000000,2,,2.509881e-01
LATS2->-ASXL1,2,1,2.000000,2,,2.500000e-01
CDKN1A->-PIK3CA,2,1,2.000000,2,,8.115628e-01
APC->-SETD2,2,1,2.000000,2,,2.500000e-01
SMARCB1->-FLT3,2,1,2.000000,2,,2.500000e-01
FLT3->-PIK3CA,2,1,2.000000,2,,8.125000e-01
ERCC3->-PIK3CA,2,1,2.000000,2,,5.000000e-01
PTEN->-ERBB3,2,1,2.000000,2,,2.500000e-01
ZFHX3->-KMT2D,2,1,2.000000,2,,2.500000e-01
NOTCH3->-FAT1,2,1,2.000000,2,,2.500000e-01
ESR1->-IRF4,2,1,2.000000,2,,2.261905e-01
NCOR1->-KMT2C,2,1,2.000000,2,,9.590449e-01
RUNX1->-KMT2C,2,1,2.000000,2,,6.875000e-01
RUNX1->-CDKN2A,2,1,2.000000,2,,2.508333e-01
CDH1->-MCL1,2,1,2.000000,2,,2.500000e-01
KMT2C->-TP63,2,1,2.000000,2,,5.009058e-01
TP53->-MDM2,2,1,2.000000,2,,2.508333e-01
MSH6->-KMT2A,2,1,2.000000,2,,2.500000e-01
NCOR1->-NF1,2,1,2.000000,2,,8.125057e-01
RB1->-PIK3CG,2,1,2.000000,2,,2.500000e-01
TP53->-TCF3,2,1,2.000000,2,,2.500000e-01
STAT3->-NF1,2,1,2.000000,2,,2.500000e-01
TP53->-IKBKE,2,1,2.000000,2,,2.509881e-01
BARD1->-PIK3CA,2,1,2.000000,2,,8.026237e-01
APC->-XPO1,2,1,2.000000,2,,2.258152e-01
MAP2K4->-XPO1,2,1,2.000000,2,,2.250000e-01
TRAF7->-GATA3,2,1,2.000000,2,,2.500000e-01
GATA3->-NOTCH3,2,1,2.000000,2,,2.500000e-01
MEN1->-NOTCH3,2,1,2.000000,2,,2.509058e-01
ZFHX3->-NF1,2,1,2.000000,2,,5.009058e-01
ZFHX3->-ATM,2,1,2.000000,2,,5.068311e-01
CDH1->-SPOP,2,1,2.000000,2,,5.000000e-01
PIK3CA->-PNRC1,2,1,2.000000,2,,2.500000e-01
TET1->-ESR1,2,1,2.000000,2,,6.885965e-01
RB1->-ESR1,2,1,2.000000,2,,2.500000e-01
CDH1->-PALB2,2,1,2.000000,2,,5.000000e-01
CDH1->-NFE2L2,2,1,2.000000,2,,2.500000e-01
ARID1A->-NOTCH3,2,1,2.000000,2,,2.509058e-01
TP53->-MRE11A,2,1,2.000000,2,,2.500000e-01
PIK3CA->-MDM2,2,1,2.000000,2,,2.508333e-01
ESR1->-NFE2L2,2,1,2.000000,2,,2.500000e-01
ESR1->-FUBP1,2,1,2.000000,2,,2.500000e-01
SMAD4->-KDM5C,2,1,2.000000,2,,5.000000e-01
SMAD4->-PIK3CA,2,1,2.000000,2,,9.579415e-01
GRIN2A->-PIK3CA,2,1,2.000000,2,,9.397321e-01
RHOA->-GRIN2A,2,1,2.000000,2,,2.500000e-01
SOX9->-TBX3,2,1,2.000000,2,,5.009058e-01
ATM->-HGF,2,1,2.000000,2,,2.500000e-01
SMAD4->-FAT1,2,1,2.000000,2,,2.500000e-01
NF1->-MAP2K4,2,1,2.000000,2,,6.767574e-01
ATR->-PIK3CA,2,1,2.000000,2,,9.996510e-01
KMT2C->-PPP2R1A,2,1,2.000000,2,,2.500000e-01
SPEN->-DNMT3A,2,1,2.000000,2,,5.000000e-01
STAG2->-AXL,2,1,2.000000,2,,2.500000e-01
CDK8->-KRAS,2,1,2.000000,2,,2.759964e-01
NSD1->-RAD50,2,1,2.000000,2,,2.500000e-01
PTEN->-PIK3C2G,2,1,2.000000,2,,2.500000e-01
NOTCH1->-NCOR1,2,1,2.000000,2,,2.500000e-01
SPEN->-NCOR1,2,1,2.000000,2,,5.009058e-01
GATA3->-DOT1L,2,1,2.000000,2,,2.500000e-01
FOXA1->-DOT1L,2,1,2.000000,2,,6.875000e-01
CDH1->-BTK,2,1,2.000000,2,,2.500000e-01
BRCA2->-FAT1,2,1,2.000000,2,,4.145285e-01
CDH1->-PIK3R1,2,1,2.000000,2,,5.000000e-01
PIK3R1->-AR,2,1,2.000000,2,,2.500000e-01
FAT1->-AR,2,1,2.000000,2,,2.500000e-01
NOTCH3->-PIK3R1,2,1,2.000000,2,,2.500000e-01
SPEN->-XPO1,2,1,2.000000,2,,2.509058e-01
RUNX1->-INSR,2,1,2.000000,2,,2.508333e-01
APC->-RUNX1,2,1,2.000000,2,,2.508333e-01
TP53->-RPS6KB2,2,1,2.000000,2,,2.508333e-01
TP53->-HLA-A,2,1,2.000000,2,,2.508333e-01
PTPRS->-PARP1,2,1,2.000000,2,,2.508333e-01
TP53->-NUP93,2,1,2.000000,2,,5.008333e-01
PIK3C2G->-KMT2C,2,1,2.000000,2,,5.009881e-01
ERCC4->-NCOR1,2,1,2.000000,2,,4.365093e-01
RAD51->-KMT2D,2,1,2.000000,2,,2.509881e-01
AKT1->-TBX3,2,1,2.000000,2,,2.500000e-01
ZFHX3->-ARID2,2,1,2.000000,2,,2.509058e-01
CBFB->-MAP2K4,2,1,2.000000,2,,2.400000e-01
MAP3K1->-CTCF,2,1,2.000000,2,,8.172707e-01
ATM->-JUN,2,1,2.000000,2,,2.523810e-01
RHOA->-TBX3,2,1,2.000000,2,,2.410714e-01
FAT1->-RB1,2,1,2.000000,2,,6.875000e-01
FGFR4->-ROS1,2,1,2.000000,2,,2.159091e-01
TP53->-ASXL2,2,1,2.000000,2,,4.750000e-01
TP53->-EPHA3,2,1,2.000000,2,,5.000000e-01
AKT2->-PTPRT,2,1,2.000000,2,,2.500000e-01
RICTOR->-ESR1,2,1,2.000000,2,,8.013610e-01
SMAD4->-ERCC4,2,1,2.000000,2,,2.500000e-01
APC->-DNMT1,2,1,2.000000,2,,5.000000e-01
DNMT3A->-FAT1,2,1,2.000000,2,,5.000000e-01
DNMT1->-SPEN,2,1,2.000000,2,,2.500000e-01
FOXP1->-PTEN,2,1,2.000000,2,,2.142857e-01
CDH1->-AXIN2,2,1,2.000000,2,,2.509058e-01
AKT1->-DNMT1,2,1,2.000000,2,,5.000000e-01
AKT1->-RAD50,2,1,2.000000,2,,2.500000e-01
AKT1->-SETD2,2,1,2.000000,2,,2.380952e-01
SMAD2->-RFWD2,2,1,2.000000,2,,2.500000e-01
KMT2C->-NSD1,2,1,2.000000,2,,7.958333e-01
MAP2K4->-ARID2,2,1,2.000000,2,,2.500000e-01
CDH1->-RET,2,1,2.000000,2,,2.500000e-01
LATS1->-RFWD2,2,1,2.000000,2,,2.500000e-01
LATS1->-ATR,2,1,2.000000,2,,2.500000e-01
SMAD4->-RFWD2,2,1,2.000000,2,,2.500000e-01
BCOR->-TSC2,2,1,2.000000,2,,2.500000e-01
TSC2->-KMT2C,2,1,2.000000,2,,8.671500e-01
NCOR1->-IKZF1,2,1,2.000000,2,,4.200267e-01
GATA3->-BCOR,2,1,2.000000,2,,2.500000e-01
ASXL2->-TBX3,2,1,2.000000,2,,2.500000e-01
CDH1->-ASXL2,2,1,2.000000,2,,4.496834e-01
ASXL2->-ARID1A,2,1,2.000000,2,,4.520160e-01
KDR->-KMT2A,2,1,2.000000,2,,2.500000e-01
FOXA1->-ARID1B,2,1,2.000000,2,,2.500000e-01
GPS2->-JAK2,2,1,2.000000,2,,2.500000e-01
EPHA5->-TP53,2,1,2.000000,2,,9.952647e-01
PIK3CA->-MYCN,2,1,2.000000,2,,2.500000e-01
GATA3->-DICER1,2,1,2.000000,2,,2.500000e-01
GATA3->-HIST1H1C,2,1,2.000000,2,,2.500000e-01
PIK3CA->-SHQ1,2,1,2.000000,2,,2.500000e-01
TP53->-MALT1,2,1,2.000000,2,,2.500000e-01
MAP3K1->-ALK,2,1,2.000000,2,,6.864795e-01
MAP3K1->-KLF4,2,1,2.000000,2,,2.500000e-01
TBX3->-NCOA3,2,1,2.000000,2,,2.509058e-01
AKT1->-PTCH1,2,1,2.000000,2,,2.500000e-01
TBX3->-IKZF1,2,1,2.000000,2,,1.732756e-01
KDM5C->-MAP3K1,2,1,2.000000,2,,2.500000e-01
PIK3CA->-MEF2B,2,1,2.000000,2,,2.500000e-01
GLI1->-GATA3,2,1,2.000000,2,,2.500000e-01
CBFB->-MEN1,2,1,2.000000,2,,2.500000e-01
GATA3->-AKT1,2,1,2.000000,2,,9.933268e-01
SPEN->-PTPRD,2,1,2.000000,2,,2.500000e-01
JAK1->-MDC1,2,1,2.000000,2,,2.523810e-01
KMT2A->-NOTCH1,2,1,2.000000,2,,2.523810e-01
CHEK2->-CREBBP,2,1,2.000000,2,,2.355556e-01
MDC1->-CREBBP,2,1,2.000000,2,,5.032867e-01
MDC1->-TP53,2,1,2.000000,2,,9.741683e-01
BRCA2->-GATA3,2,1,2.000000,2,,6.496168e-01
BRCA2->-ARID2,2,1,2.000000,2,,2.500000e-01
KMT2C->-ARID2,2,1,2.000000,2,,6.881793e-01
FAT1->-TET1,2,1,2.000000,2,,8.910819e-01
MDC1->-FAT1,2,1,2.000000,2,,2.500000e-01
FOXA1->-PTEN,2,1,2.000000,2,,7.660805e-01
ARAF->-PIK3CA,2,1,2.000000,2,,7.275120e-01
NF1->-FLT3,2,1,2.000000,2,,2.500000e-01
KMT2D->-FLT3,2,1,2.000000,2,,2.500000e-01
EP300->-TP53,2,1,2.000000,2,,9.953031e-01
NFE2L2->-GATA3,2,1,2.000000,2,,2.500000e-01
ARID1B->-NFE2L2,2,1,2.000000,2,,5.000000e-01
MAP2K4->-FAT1,2,1,2.000000,2,,4.820060e-01
PDGFRA->-ARID2,2,1,2.000000,2,,2.759964e-01
PIK3R1->-NF1,2,1,2.000000,2,,9.281250e-01
PIK3R1->-EPHB1,2,1,2.000000,2,,2.500000e-01
MAP3K1->-PIK3R1,2,1,2.000000,2,,6.875000e-01
SPEN->-ALK,2,1,2.000000,2,,2.509058e-01
MAP3K1->-ARID1B,2,1,2.000000,2,,6.741071e-01
FAT1->-IRS1,2,1,2.000000,2,,2.500000e-01
NF1->-NBN,2,1,2.000000,2,,2.500000e-01
TP53->-HIST1H3C,2,1,2.000000,2,,2.500000e-01
KMT2A->-CD79A,2,1,2.000000,2,,2.159091e-01
FGFR4->-CD79A,2,1,2.000000,2,,2.159091e-01
FGFR4->-GRIN2A,2,1,2.000000,2,,2.159091e-01
PIK3R1->-EPHA7,2,1,2.000000,2,,2.500000e-01
NOTCH3->-PALB2,2,1,2.000000,2,,2.500000e-01
NOTCH4->-EIF4A2,2,1,2.000000,2,,2.500000e-01
TP53->-UPF1,2,1,2.000000,2,,5.029990e-01
PIK3CA->-BTK,2,1,2.000000,2,,5.000000e-01
MGA->-RB1,2,1,2.000000,2,,5.000000e-01
TBX3->-GRIN2A,2,1,2.000000,2,,2.500000e-01
AKT1->-ERBB4,2,1,2.000000,2,,2.500000e-01
KDM6A->-TP53,2,1,2.000000,2,,9.705143e-01
RB1->-CDH1,2,1,2.000000,2,,9.469769e-01
RB1->-SPEN,2,1,2.000000,2,,3.692103e-01
CREBBP->-NUP93,2,1,2.000000,2,,4.191936e-01
CDH1->-CIC,2,1,2.000000,2,,2.476190e-01
STK11->-ARID1A,2,1,2.000000,2,,5.000000e-01
KRAS->-ALK,2,1,2.000000,2,,2.509058e-01
NCOR1->-BCOR,2,1,2.000000,2,,5.000000e-01
BCOR->-RUNX1,2,1,2.000000,2,,2.500000e-01
SF3B1->-ARID1A,2,1,2.000000,2,,2.500000e-01
FANCA->-PARP1,2,1,2.000000,2,,2.500000e-01
FANCA->-PIK3R1,2,1,2.000000,2,,2.500000e-01
GATA3->-FGFR2,2,1,2.000000,2,,2.500000e-01
NOTCH3->-ALK,2,1,2.000000,2,,2.509058e-01
PTEN->-MSH2,2,1,2.000000,2,,2.500000e-01
TSC2->-MAP3K1,2,1,2.000000,2,,5.456514e-01
PPP2R1A->-ARID1A,2,1,2.000000,2,,3.667111e-01
GATA3->-KMT2D,2,1,2.000000,2,,6.711096e-01
NF1->-ATR,2,1,2.000000,2,,4.282893e-01
KLF4->-ARID1A,2,1,2.000000,2,,2.500000e-01
PTPRT->-BCOR,2,1,2.000000,2,,2.500000e-01
KMT2D->-BCOR,2,1,2.000000,2,,5.000000e-01
PTCH1->-KMT2D,2,1,2.000000,2,,4.800067e-01
SETD2->-BCOR,2,1,2.000000,2,,2.500000e-01
LATS2->-GATA3,2,1,2.000000,2,,2.500000e-01
PIK3CA->-ALOX12B,2,1,2.000000,2,,2.500000e-01
ERBB2->-PDGFRA,2,1,2.000000,2,,2.509058e-01
KMT2C->-PDGFRA,2,1,2.000000,2,,2.509058e-01
KMT2C->-GLI1,2,1,2.000000,2,,4.430914e-01
IRS1->-PTCH1,2,1,2.000000,2,,2.509058e-01
PIK3CA->-AXIN1,2,1,2.000000,2,,2.500000e-01
PALB2->-PIK3CA,2,1,2.000000,2,,8.351692e-01
STAG2->-MAP3K1,2,1,2.000000,2,,5.000000e-01
CBFB->-SF3B1,2,1,2.000000,2,,2.500000e-01
PIK3CB->-RAD54L,2,1,2.000000,2,,5.024992e-01
CDH1->-MGA,2,1,2.000000,2,,2.500000e-01
PTEN->-INPPL1,2,1,2.000000,2,,5.000000e-01
KMT2B->-KMT2A,2,1,2.000000,2,,2.500000e-01
KMT2D->-FOXP1,2,1,2.000000,2,,5.009881e-01
ARID1A->-ALK,2,1,2.000000,2,,6.881793e-01
AKT1->-SPEN,2,1,2.000000,2,,3.750000e-01
MAP3K1->-RUNX1,2,1,2.000000,2,,8.125000e-01
LATS1->-TP53,2,1,2.000000,2,,8.125000e-01
JAK1->-PDGFRB,2,1,2.000000,2,,2.500000e-01
RB1->-HIST1H3G,2,1,2.000000,2,,2.500000e-01
TP53->-EGFL7,2,1,2.000000,2,,2.500000e-01
KMT2B->-PTPRS,2,1,2.000000,2,,2.500000e-01
KMT2B->-PIK3CA,2,1,2.000000,2,,5.000000e-01
PIK3R1->-MAP3K1,2,1,2.000000,2,,6.875000e-01
ARID1A->-XPO1,2,1,2.000000,2,,2.509058e-01
FANCA->-MED12,2,1,2.000000,2,,2.500000e-01
LATS1->-PIK3CA,2,1,2.000000,2,,6.891036e-01
FOXA1->-FH,2,1,2.000000,2,,1.750000e-01
PIK3CA->-XIAP,2,1,2.000000,2,,2.472527e-01
FGFR3->-PIK3CA,2,1,2.000000,2,,7.906717e-01
PIK3CA->-ERCC2,2,1,2.000000,2,,4.333333e-01
NF1->-PRDM1,2,1,2.000000,2,,2.355556e-01
NF1->-PTEN,2,1,2.000000,2,,9.932180e-01
TBX3->-CREBBP,2,1,2.000000,2,,1.209854e-01
MAP2K4->-GPS2,2,1,2.000000,2,,4.642857e-01
FOXA1->-NSD1,2,1,2.000000,2,,6.617378e-01
TP53->-CCND1,2,1,2.000000,2,,2.250000e-01
PIK3CA->-JUN,2,1,2.000000,2,,5.000000e-01
TP53->-TNFAIP3,2,1,2.000000,2,,2.083333e-01
APC->-KEAP1,2,1,2.000000,2,,2.250000e-01
PIK3CA->-SUZ12,2,1,2.000000,2,,6.521437e-01
MGA->-FLT4,2,1,2.000000,2,,4.651190e-01
PPP2R1A->-PIK3CA,2,1,2.000000,2,,8.767511e-01
TP53->-FGF3,2,1,2.000000,2,,1.125000e-01
NF1->-MTOR,2,1,2.000000,2,,4.976190e-01
TP53->-FLCN,2,1,2.000000,2,,3.759881e-01
GATA3->-NOTCH4,2,1,2.000000,2,,1.957681e-01
GATA3->-TET1,2,1,2.000000,2,,1.976008e-01
NF1->-EPHB1,2,1,2.000000,2,,2.476190e-01
NF1->-STAG2,2,1,2.000000,2,,1.436188e-01
TMPRSS2->-TP53,2,1,2.000000,2,,2.000000e-01
BRCA2->-TET2,2,1,2.000000,2,,2.274242e-01
CIC->-ARID1B,2,1,2.000000,2,,2.210930e-01
ARID1A->-GLI1,2,1,2.000000,2,,4.461846e-01
ARID1A->-RFWD2,2,1,2.000000,2,,1.944352e-01
PIK3CA->-STAT5A,2,1,2.000000,2,,1.721648e-01
PTPRS->-SETD2,2,1,2.000000,2,,1.724425e-01
KMT2D->-HNF1A,2,1,2.000000,2,,2.054315e-01
KMT2D->-XPO1,2,1,2.000000,2,,2.069310e-01
TP53->-MSH2,2,1,2.000000,2,,2.159280e-01
TP53->-STAT3,2,1,2.000000,2,,3.370543e-01
TP53->-ERCC3,2,1,2.000000,2,,1.001333e-01
MEN1->-ESR1,2,1,2.000000,2,,2.154282e-01
TP53->-ERRFI1,2,1,2.000000,2,,8.492058e-02
CDH1->-NTRK2,2,1,2.000000,2,,4.515043e-01
ASXL2->-RB1,2,1,2.000000,2,,2.055981e-01
TP53->-SOS1,2,1,2.000000,2,,1.769410e-01
TP53->-SMARCB1,2,1,2.000000,2,,4.290237e-01
TP53->-CTNNB1,2,1,2.000000,2,,1.764412e-01
NCOR1->-BRIP1,2,1,2.000000,2,,1.827724e-01
SMAD2->-BCOR,2,1,2.000000,2,,2.001000e-01
ROS1->-MYC,2,1,2.000000,2,,2.107631e-01
TP53->-HIST1H3J,2,1,2.000000,2,,1.964345e-01
PIK3CG->-TET2,2,1,2.000000,2,,2.007664e-01
PIK3CG->-CDC73,2,1,2.000000,2,,2.090970e-01
PIK3R1->-ARID2,2,1,2.000000,2,,1.297901e-01
PIK3R1->-ROS1,2,1,2.000000,2,,3.301043e-01
PIK3R1->-MGA,2,1,2.000000,2,,1.212929e-01
GATA3->-PIK3C2G,2,1,2.000000,2,,2.042652e-01
KDM5C->-ARID1A,2,1,2.000000,2,,6.526158e-01
CARD11->-ARID1A,2,1,2.000000,2,,7.800816e-01
MAP3K13->-CREBBP,2,1,2.000000,2,,2.469177e-01
ANKRD11->-PTPRD,2,1,2.000000,2,,2.394202e-01
ANKRD11->-STAG2,2,1,2.000000,2,,2.510830e-01
MAP3K13->-MEN1,2,1,2.000000,2,,2.402532e-01
MAP3K13->-PIK3CA,2,1,2.000000,2,,6.799817e-01
CREBBP->-PARP1,2,1,2.000000,2,,2.485838e-01
STAG2->-PARP1,2,1,2.000000,2,,2.535821e-01
MLH1->-PIK3CA,2,1,2.000000,2,,5.000000e-01
YES1->-KIT,2,1,2.000000,2,,2.268336e-01
ARID1A->-IGF1R,2,1,2.000000,2,,6.277026e-01
ARID2->-IGF1R,2,1,2.000000,2,,4.738041e-01
NOTCH1->-LATS2,2,1,2.000000,2,,6.518880e-02
NOTCH1->-IGF1R,2,1,2.000000,2,,1.519981e-01
GATA3->-BRCA2,2,1,2.000000,2,,6.504915e-01
SMO->-KMT2C,2,1,2.000000,2,,2.515828e-01
SMO->-MEN1,2,1,2.000000,2,,2.509164e-01
MAP3K1->-ERBB2,2,1,2.000000,2,,9.334165e-01
STAG2->-RICTOR,2,1,2.000000,2,,2.575808e-01
TP53->-CHEK2,2,1,2.000000,2,,7.700735e-01
TCF7L2->-PIK3CA,2,1,2.000000,2,,4.152810e-01
CHEK2->-FLT3,2,1,2.000000,2,,2.029324e-01
ANKRD11->-CDH1,2,1,2.000000,2,,8.800125e-01
ANKRD11->-BRCA2,2,1,2.000000,2,,3.013995e-01
CDH1->-ABL1,2,1,2.000000,2,,2.342552e-01
CDH1->-FLT3,2,1,2.000000,2,,2.342552e-01
CDK12->-TBX3,2,1,2.000000,2,,2.262579e-01
TBX3->-MAP2K4,2,1,2.000000,2,,4.800067e-01
MAP2K4->-EPHB1,2,1,2.000000,2,,2.303772e-01
PTEN->-ACVR1,2,1,2.000000,2,,2.247584e-01
DDR2->-PIK3CG,2,1,2.000000,2,,2.322559e-01
MAP2K4->-DDR2,2,1,2.000000,2,,2.322559e-01
CBL->-PIK3CA,2,1,2.000000,2,,6.891647e-01
CSF3R->-PIK3CA,2,1,2.000000,2,,2.509164e-01
CDH1->-YES1,2,1,2.000000,2,,2.427524e-01
CBL->-JAK3,2,1,2.000000,2,,2.544411e-01
ANKRD11->-PLK2,2,1,2.000000,2,,2.460846e-01
NOTCH1->-GATA3,2,1,2.000000,2,,3.947018e-01
ANKRD11->-PIK3CA,2,1,2.000000,2,,9.796271e-01
SUZ12->-PIK3CA,2,1,2.000000,2,,6.550455e-01
APC->-SPEN,2,1,2.000000,2,,7.644517e-01
MAP3K1->-DDR2,2,1,2.000000,2,,2.254249e-01
TBX3->-ARID1A,2,1,2.000000,2,,7.747057e-01
ERBB3->-ARID2,2,1,2.000000,2,,4.893369e-01
TP53->-PLCG2,2,1,2.000000,2,,8.445518e-02
PIK3CA->-TSC1,2,1,2.000000,2,,4.055315e-01
TP53->-SRSF2,2,1,2.000000,2,,4.128624e-01
HNF1A->-TP53,2,1,2.000000,2,,9.275951e-01
ESR1->-LATS2,2,1,2.000000,2,,3.588424e-01
FGFR4->-KMT2C,2,1,2.000000,2,,3.658780e-01
ESR1->-AR,2,1,2.000000,2,,1.222926e-01
FGFR4->-AKT1,2,1,2.000000,2,,1.172942e-01
PIK3CA->-HGF,2,1,2.000000,2,,3.490503e-01
PTCH1->-KMT2C,2,1,2.000000,2,,8.331468e-01
MAP3K1->-JAK3,2,1,2.000000,2,,2.402532e-01
PTEN->-TGFBR2,2,1,2.000000,2,,2.454182e-01
MAP3K1->-DNMT1,2,1,2.000000,2,,2.417527e-01
DNMT1->-KMT2C,2,1,2.000000,2,,2.454182e-01
MAP3K1->-MGA,2,1,2.000000,2,,2.434189e-01
MAP3K1->-KMT2A,2,1,2.000000,2,,8.136455e-01
PTEN->-RIT1,2,1,2.000000,2,,2.460846e-01
MAP3K1->-SETD2,2,1,2.000000,2,,2.382539e-01
MAP3K1->-ATM,2,1,2.000000,2,,7.859997e-01
DICER1->-PTCH1,2,1,2.000000,2,,2.539154e-01
FYN->-ATM,2,1,2.000000,2,,2.470843e-01
PIK3CA->-PIK3CD,2,1,2.000000,2,,2.477507e-01
TERT->-TP53,2,1,2.000000,2,,9.495727e-01
PTEN->-PIK3CG,2,1,2.000000,2,,2.170704e-01
PTEN->-CDK12,2,1,2.000000,2,,2.233242e-01
