pattern,n_nodes,n_edges,s_exp,s_theta,pval_exp,pval_theta
CDH1->-PIK3CA,2,1,100.000000,99,,3.332223e-04
TP53->-PIK3CA,2,1,84.000000,83,,2.608831e-03
PIK3CA->-TP53,2,1,68.434553,66,,4.873439e-01
MAP3K1->-PIK3CA,2,1,48.000000,47,,2.416884e-02
PIK3CA->-GATA3,2,1,41.155500,38,,3.111037e-01
TP53->-PTEN,2,1,38.000000,38,,3.370675e-04
GATA3->-PIK3CA,2,1,35.666667,34,,6.616159e-01
PIK3CA->-KMT2C,2,1,33.500000,33,,1.791802e-02
PIK3CA->-MAP3K1,2,1,33.000000,32,,9.160194e-01
CBFB->-PIK3CA,2,1,32.500000,32,,4.937239e-06
TP53->-KMT2C,2,1,29.400000,29,,3.368418e-04
PIK3CA->-CDH1,2,1,28.500000,28,,1.000000e+00
TP53->-NF1,2,1,27.000000,27,,1.804293e-03
PIK3CA->-FOXA1,2,1,27.000000,27,,2.624458e-03
PIK3CA->-ESR1,2,1,27.505464,26,,3.387184e-02
CDH1->-TP53,2,1,25.666667,25,,7.735618e-02
TP53->-KMT2D,2,1,24.000000,24,,3.335309e-04
TP53->-MAP3K1,2,1,23.903146,23,,3.899471e-04
CDH1->-KMT2C,2,1,23.500000,23,,5.008290e-04
CBFB->-GATA3,2,1,21.000000,21,,1.091260e-04
TP53->-RB1,2,1,21.000000,21,,2.584050e-03
CDH1->-MAP3K1,2,1,19.000000,19,,5.688474e-04
PIK3CA->-SF3B1,2,1,19.000000,19,,5.274430e-06
AKT1->-TP53,2,1,19.000000,19,,6.426710e-06
TP53->-CDH1,2,1,19.000000,19,,6.611809e-01
PIK3CA->-ARID1A,2,1,20.166667,18,,3.481438e-01
KMT2C->-PIK3CA,2,1,20.000000,18,,9.785023e-01
PIK3CA->-FAT1,2,1,19.253606,18,,2.499704e-03
CDH1->-ERBB2,2,1,18.928571,18,,7.889288e-02
CDH1->-FOXA1,2,1,18.665753,18,,2.132123e-03
TP53->-NCOR1,2,1,18.661458,18,,1.636741e-02
PIK3CA->-RUNX1,2,1,18.600000,18,,2.632392e-02
TP53->-FAT1,2,1,18.000000,18,,3.440510e-04
CDH1->-TBX3,2,1,17.500000,17,,2.854081e-02
TP53->-GATA3,2,1,17.256098,17,,8.893195e-03
TBX3->-PIK3CA,2,1,17.000000,17,,1.954374e-01
MAP2K4->-PIK3CA,2,1,17.166667,16,,1.093944e-01
PIK3CA->-NCOR1,2,1,17.100000,16,,5.069048e-01
TP53->-ARID1A,2,1,17.000000,16,,1.230573e-03
ESR1->-PIK3CA,2,1,16.500000,16,,8.898908e-01
NCOR1->-PIK3CA,2,1,16.000000,16,,5.039228e-01
CDH1->-ARID1A,2,1,16.100000,15,,1.597642e-02
CDH1->-RUNX1,2,1,15.000000,15,,4.961601e-02
CDH1->-NCOR1,2,1,15.000000,15,,1.619204e-02
TP53->-ARID2,2,1,15.000000,15,,3.338921e-04
TP53->-PIK3R1,2,1,15.000000,15,,2.347252e-03
PIK3CA->-TBX3,2,1,14.500000,14,,5.917301e-01
ARID1A->-PIK3CA,2,1,14.500000,14,,8.323422e-01
PIK3CA->-KMT2D,2,1,14.333333,14,,1.390989e-02
TP53->-ATR,2,1,14.000000,13,,2.244103e-03
TP53->-PTPRD,2,1,13.903458,13,,4.338714e-04
TP53->-RUNX1,2,1,13.500000,13,,4.070058e-02
TP53->-BRCA2,2,1,13.500000,13,,5.639676e-04
TP53->-KMT2A,2,1,13.000000,13,,3.486680e-04
CDH1->-ESR1,2,1,13.000000,13,,5.859936e-02
PIK3CA->-PTEN,2,1,13.000000,13,,3.034038e-01
TP53->-NSD1,2,1,13.000000,12,,7.438724e-04
PIK3CA->-ATR,2,1,13.000000,12,,1.679675e-02
TP53->-CREBBP,2,1,12.666667,12,,1.672655e-03
TP53->-STAG2,2,1,12.500000,12,,5.612114e-03
TP53->-FLT4,2,1,12.000000,12,,3.360807e-04
PIK3CA->-SPEN,2,1,12.000000,12,,2.528325e-02
TP53->-APC,2,1,12.000000,12,,4.682935e-04
MEN1->-GATA3,2,1,12.000000,12,,2.441406e-04
NF1->-PIK3CA,2,1,12.000000,12,,2.357977e-01
NF1->-TP53,2,1,12.000000,12,,9.744103e-01
PTEN->-PIK3CA,2,1,11.900000,11,,6.138434e-01
TP53->-ALK,2,1,11.697406,11,,5.628665e-04
TP53->-TBX3,2,1,11.505208,11,,5.803695e-02
PTEN->-TP53,2,1,11.500000,11,,9.997823e-01
MAP3K1->-GATA3,2,1,11.500000,11,,5.124955e-01
CDH1->-CBFB,2,1,11.500000,11,,2.268278e-01
FOXA1->-PIK3CA,2,1,11.500000,11,,9.926550e-01
TP53->-ESR1,2,1,11.400000,11,,1.669839e-03
PIK3CA->-ATM,2,1,11.000000,11,,1.326536e-01
TP53->-ATM,2,1,11.000000,11,,4.549695e-04
TP53->-CDKN2A,2,1,11.000000,11,,8.018476e-03
PIK3CA->-RB1,2,1,11.000000,11,,2.076074e-01
TP53->-FBXW7,2,1,11.000000,11,,2.142679e-03
TP53->-ERBB3,2,1,11.000000,11,,3.421877e-04
TP53->-FOXA1,2,1,11.170962,10,,5.949492e-02
PIK3CA->-PTPRT,2,1,11.076369,10,,2.509241e-02
PIK3CA->-RICTOR,2,1,11.000000,10,,2.537441e-03
TP53->-SETD2,2,1,10.750000,10,,5.522691e-04
TP53->-NOTCH4,2,1,10.697674,10,,4.041632e-04
PIK3CA->-NOTCH4,2,1,10.666667,10,,1.749631e-02
TP53->-PTPRS,2,1,10.665753,10,,3.900937e-04
GATA3->-MAP3K1,2,1,10.500000,10,,6.754059e-01
ESR1->-GATA3,2,1,10.500000,10,,2.592214e-01
PIK3CA->-KMT2A,2,1,10.500000,10,,4.004459e-02
TP53->-EPHA5,2,1,10.359794,10,,3.646625e-03
GATA3->-ARID1A,2,1,10.333333,10,,3.908665e-01
TP53->-EP300,2,1,10.256098,10,,3.318294e-03
TP53->-CARD11,2,1,10.000000,10,,1.590253e-03
TP53->-ATRX,2,1,10.000000,10,,5.643365e-04
TP53->-NOTCH2,2,1,10.000000,10,,5.736845e-04
TP53->-BARD1,2,1,10.000000,10,,3.621421e-04
TP53->-ARID1B,2,1,10.000000,10,,1.479282e-02
CDH1->-PTEN,2,1,10.000000,10,,2.112595e-01
ERBB2->-CDH1,2,1,10.000000,10,,9.410692e-01
TP53->-MAP2K4,2,1,10.000000,10,,1.238511e-01
CDH1->-GATA3,2,1,10.000000,10,,8.005673e-03
TP53->-MED12,2,1,10.230067,9,,2.952545e-02
PIK3CA->-CREBBP,2,1,9.666667,9,,1.136640e-01
PIK3CA->-NF1,2,1,9.666667,9,,7.236280e-01
TP53->-PTPRT,2,1,9.576369,9,,2.687625e-03
PIK3CA->-FLT4,2,1,9.500000,9,,2.833280e-02
TP53->-ARID5B,2,1,9.500000,9,,1.717149e-03
KMT2C->-MAP3K1,2,1,9.500000,9,,3.637357e-01
ERBB2->-PIK3CA,2,1,9.500000,9,,4.165609e-01
PIK3CA->-MAP2K4,2,1,9.500000,9,,9.357533e-01
TP53->-SPEN,2,1,9.400000,9,,3.739166e-02
TP53->-EPHB1,2,1,9.000000,9,,1.278485e-03
CDH1->-MAP2K4,2,1,9.000000,9,,1.763972e-02
ARID1A->-GATA3,2,1,9.000000,9,,5.757661e-01
AKT1->-CDH1,2,1,9.000000,9,,3.675928e-01
PTEN->-NF1,2,1,9.000000,9,,1.958569e-02
AKT1->-GATA3,2,1,9.000000,9,,5.282738e-03
TP53->-ERCC5,2,1,9.000000,9,,5.928449e-04
TP53->-SF3B1,2,1,9.000000,9,,7.275132e-04
TP53->-ZFHX3,2,1,9.000000,9,,1.123028e-02
KMT2C->-GATA3,2,1,9.000000,9,,2.385332e-01
TP53->-POLE,2,1,9.000000,9,,5.209638e-04
PIK3CA->-POLE,2,1,9.000000,9,,2.310882e-03
TP53->-TET2,2,1,9.000000,9,,5.890100e-04
CDH1->-MAP3K1 CDH1->-PIK3CA PIK3CA->-MAP3K1,3,3,8.000000,8,,9.455568e-04
CDH1->-FOXA1 CDH1->-PIK3CA PIK3CA->-FOXA1,3,3,8.000000,8,,3.052904e-04
TP53->-RICTOR,2,1,8.678626,8,,5.977741e-04
PTEN->-KMT2C,2,1,8.500000,8,,9.612281e-03
MEN1->-PIK3CA,2,1,8.500000,8,,7.987473e-02
TP53->-ROS1,2,1,8.500000,8,,5.118729e-02
PIK3CA->-ARID2,2,1,8.500000,8,,9.528873e-02
TP53->-ANKRD11,2,1,8.500000,8,,1.169731e-03
MAP3K1->-KMT2C,2,1,8.500000,8,,5.474264e-01
TBX3->-CDH1,2,1,8.466667,8,,9.537199e-01
PIK3CA->-PTPRD,2,1,8.403458,8,,1.618269e-03
TP53->-TSC2,2,1,8.359794,8,,1.334304e-02
ATM->-PIK3CA,2,1,8.251111,8,,6.185215e-01
PIK3CA->-PTCH1,2,1,8.000000,8,,6.831344e-03
CDH1->-CREBBP,2,1,8.000000,8,,3.416940e-02
RB1->-TP53,2,1,8.000000,8,,9.843701e-01
PIK3CA->-ZFHX3,2,1,8.000000,8,,2.272740e-01
CDH1->-AKT1,2,1,8.000000,8,,5.596228e-01
NCOR1->-TP53,2,1,8.000000,8,,9.656459e-01
RUNX1->-PIK3CA,2,1,8.000000,8,,9.772924e-01
TP53->-BAP1,2,1,8.000000,8,,6.105587e-03
RUNX1->-CDH1,2,1,8.000000,8,,9.079802e-01
CBFB->-MAP3K1,2,1,8.000000,8,,3.889509e-02
CDH1->-APC,2,1,8.000000,8,,2.742790e-03
CDH1->-BRCA2,2,1,8.000000,8,,7.119457e-02
CDH1->-NF1,2,1,8.000000,8,,2.037213e-01
PTEN->-CDH1,2,1,8.000000,8,,5.685271e-01
KMT2C->-TP53,2,1,8.000000,8,,9.974980e-01
PTEN->-MAP3K1,2,1,8.000000,8,,4.515588e-02
CDH1->-KMT2C CDH1->-PIK3CA PIK3CA->-KMT2C,3,3,7.000000,7,,1.950065e-03
PIK3CA->-MED12,2,1,8.563401,7,,1.896045e-01
PIK3CA->-CDKN1B,2,1,8.500000,7,,6.960733e-01
TP53->-BRCA1,2,1,8.169400,7,,3.702415e-02
CDH1->-PTPRD,2,1,7.986220,7,,2.636140e-02
PIK3CA->-PTPRS,2,1,7.680934,7,,1.133072e-01
PIK3CA->-ERBB2,2,1,7.666667,7,,7.760884e-01
TP53->-NOTCH1,2,1,7.664787,7,,7.257195e-03
PIK3CA->-DICER1,2,1,7.500000,7,,5.537142e-03
FOXA1->-MAP3K1,2,1,7.500000,7,,1.872547e-01
PIK3CA->-MGA,2,1,7.500000,7,,3.955862e-01
CTCF->-PIK3CA,2,1,7.326531,7,,1.543758e-01
CDH1->-SPEN,2,1,7.266667,7,,1.261393e-01
MAP3K1->-ARID1A,2,1,7.000000,7,,8.738233e-02
TP53->-KDM6A,2,1,7.000000,7,,3.566891e-02
PIK3CA->-BRCA2,2,1,7.000000,7,,1.262211e-01
CDH1->-EPHB1,2,1,7.000000,7,,2.771857e-03
TP53->-GRIN2A,2,1,7.000000,7,,2.137453e-03
MAP2K4->-GATA3,2,1,7.000000,7,,4.214683e-02
TP53->-DNMT1,2,1,7.000000,7,,9.950969e-04
PIK3CA->-DNMT3A,2,1,7.000000,7,,1.965580e-02
GATA3->-SPEN,2,1,7.000000,7,,1.703537e-01
CBFB->-CDH1,2,1,7.000000,7,,8.662915e-01
PIK3CA->-MDC1,2,1,7.000000,7,,8.608008e-02
CDH1->-KMT2A,2,1,7.000000,7,,3.459826e-02
RB1->-PIK3CA,2,1,7.000000,7,,8.592867e-01
PIK3CA->-BCOR,2,1,7.000000,7,,8.715422e-02
CDH1->-KMT2D,2,1,7.000000,7,,1.502220e-02
NCOR1->-GATA3,2,1,7.000000,7,,1.347065e-02
TP53->-PDGFRA,2,1,7.000000,7,,6.480741e-03
TP53->-MDC1,2,1,7.000000,7,,2.745606e-02
TP53->-BCOR,2,1,7.000000,7,,1.419216e-03
CDH1->-ERBB3,2,1,7.000000,7,,3.384861e-02
TP53->-PALB2,2,1,7.000000,7,,4.328377e-03
TP53->-INSR,2,1,7.000000,7,,3.508230e-03
TP53->-DDR2,2,1,7.000000,7,,5.131720e-03
TP53->-PIK3C2G,2,1,7.000000,7,,6.520246e-04
PIK3CA->-PTEN PIK3CA->-TP53 TP53->-PTEN,3,3,6.000000,6,,8.346142e-04
CBFB->-MAP3K1 CBFB->-PIK3CA MAP3K1->-PIK3CA,3,3,6.000000,6,,2.061855e-04
GATA3->-TP53,2,1,7.000000,6,,9.845801e-01
PIK3CA->-KDR,2,1,6.951220,6,,5.342432e-02
TP53->-SOX17,2,1,6.666667,6,,3.026557e-02
PTEN->-PIK3R1,2,1,6.666667,6,,7.894206e-02
MAP2K4->-TP53,2,1,6.666667,6,,7.982140e-01
TP53->-PIK3CG,2,1,6.666667,6,,9.152577e-03
CDH1->-PTPRS,2,1,6.665753,6,,2.701931e-02
PIK3CA->-EPHA5,2,1,6.639344,6,,6.588272e-02
PIK3CA->-PIK3C2G,2,1,6.611111,6,,3.210495e-02
PIK3CA->-ARID5B,2,1,6.500000,6,,4.896368e-02
MAP3K1->-ERBB3,2,1,6.500000,6,,1.481750e-02
MAP3K1->-TBX3,2,1,6.500000,6,,1.268096e-01
PIK3CA->-RAD50,2,1,6.500000,6,,7.414215e-02
PIK3CA->-NSD1,2,1,6.500000,6,,1.763448e-01
TP53->-MTOR,2,1,6.500000,6,,3.132959e-02
ESR1->-ARID1A,2,1,6.500000,6,,1.194577e-01
CDH1->-SETD2,2,1,6.500000,6,,4.652778e-02
CDKN1B->-PIK3CA,2,1,6.500000,6,,8.451862e-01
PIK3CA->-CARD11,2,1,6.500000,6,,3.020312e-02
CDH1->-FAT1,2,1,6.500000,6,,6.994759e-02
TP53->-MGA,2,1,6.500000,6,,4.409696e-02
PIK3CA->-ROS1,2,1,6.500000,6,,1.444931e-01
PIK3CA->-AR,2,1,6.363636,6,,1.937759e-01
ATM->-GATA3,2,1,6.352140,6,,6.307106e-02
TP53->-RECQL4,2,1,6.000000,6,,1.672483e-02
TP53->-PIK3CB,2,1,6.000000,6,,3.009579e-03
CDH1->-RICTOR,2,1,6.000000,6,,1.091719e-02
PIK3CA->-ERBB3,2,1,6.000000,6,,2.908939e-01
TP53->-DNMT3A,2,1,6.000000,6,,8.921552e-02
TP53->-DOT1L,2,1,6.000000,6,,1.403756e-02
PIK3CA->-MTOR,2,1,6.000000,6,,2.069927e-02
KMT2C->-NCOR1,2,1,6.000000,6,,8.223838e-02
TP53->-RAD50,2,1,6.000000,6,,1.230188e-02
TP53->-STK11,2,1,6.000000,6,,3.293988e-02
PIK3CA->-CIC,2,1,6.000000,6,,1.015684e-02
PIK3CA->-MST1R,2,1,6.000000,6,,1.337352e-03
PIK3CA->-FGFR2,2,1,6.000000,6,,2.784469e-02
PIK3CA->-EPHB1,2,1,6.000000,6,,4.271051e-02
AKT1->-MAP3K1,2,1,6.000000,6,,2.322917e-02
ZFHX3->-PIK3CA,2,1,6.000000,6,,6.441748e-01
MAP3K1->-TP53,2,1,6.000000,6,,9.963237e-01
PIK3CA->-NUP93,2,1,6.000000,6,,3.522645e-02
GATA3->-KMT2C,2,1,6.000000,6,,8.047200e-01
TP53->-HNF1A,2,1,6.000000,6,,4.512829e-02
TP53->-KDR,2,1,6.000000,6,,9.494307e-02
GATA3->-CDKN1B,2,1,6.000000,6,,1.227679e-02
CBFB->-TP53,2,1,6.000000,6,,8.574383e-02
CDH1->-PTCH1,2,1,6.000000,6,,6.096541e-02
ESR1->-CDH1,2,1,6.000000,6,,9.542701e-01
PIK3CA->-CBFB,2,1,6.000000,6,,9.999931e-01
TP53->-NOTCH3,2,1,6.000000,6,,2.201968e-02
PIK3CA->-APC,2,1,6.000000,6,,2.115819e-01
ARID1A->-KMT2C,2,1,6.000000,6,,5.188098e-01
CDH1->-RB1,2,1,6.000000,6,,4.740811e-02
STK11->-PIK3CA,2,1,6.000000,6,,1.920001e-01
KMT2C->-FAT1,2,1,6.000000,6,,1.217149e-01
NOTCH1->-PIK3CA,2,1,6.000000,6,,3.338314e-01
CDH1->-ATRX,2,1,6.000000,6,,2.432175e-02
TP53->-TP63,2,1,6.000000,6,,5.693935e-03
PIK3CA->-STAG2,2,1,6.000000,6,,5.073881e-01
PTEN->-ARID1A,2,1,6.000000,6,,1.662965e-02
TP53->-NBN,2,1,6.000000,6,,5.173276e-03
PIK3CA->-NOTCH1,2,1,6.000000,6,,3.277023e-01
TP53->-RPTOR,2,1,6.000000,6,,8.327048e-03
CBFB->-GATA3 CBFB->-PIK3CA PIK3CA->-GATA3,3,3,5.000000,5,,3.954581e-02
CBFB->-GATA3 CBFB->-PIK3CA GATA3->-PIK3CA,3,3,5.666667,5,,3.954581e-02
CDH1->-PIK3CA TP53->-CDH1 TP53->-PIK3CA,3,3,5.000000,5,,3.227392e-02
CDH1->-PIK3CA CDH1->-TBX3 TBX3->-PIK3CA,3,3,5.000000,5,,3.874568e-02
ARID1A->-PIK3CA CDH1->-ARID1A CDH1->-PIK3CA,3,3,5.500000,5,,5.214091e-02
PIK3CA->-KMT2D PIK3CA->-TP53 TP53->-KMT2D,3,3,5.000000,5,,1.090591e-02
CBFB->-PIK3CA CDH1->-CBFB CDH1->-PIK3CA,3,3,5.000000,5,,6.345300e-03
PTEN->-NF1 TP53->-NF1 TP53->-PTEN,3,3,5.000000,5,,5.955071e-03
PIK3CA->-POLE PIK3CA->-TP53 TP53->-POLE,3,3,5.000000,5,,4.762650e-04
PIK3CA->-ANKRD11,2,1,6.523810,5,,2.963001e-01
PIK3CA->-IGF1R,2,1,6.219844,5,,6.170386e-02
TP53->-IGF1R,2,1,6.166667,5,,2.045757e-02
GATA3->-ESR1,2,1,6.166667,5,,9.642656e-01
PIK3CA->-PLK2,2,1,6.000000,5,,9.430833e-02
MGA->-PIK3CA,2,1,6.000000,5,,7.947244e-01
PTEN->-SF3B1,2,1,5.904762,5,,3.193359e-01
PIK3CA->-ALK,2,1,5.900576,5,,1.686388e-01
TBX3->-TP53,2,1,5.750000,5,,9.208995e-01
PIK3CA->-BAP1,2,1,5.666667,5,,1.875000e-01
PIK3CA->-TET1,2,1,5.666667,5,,2.633996e-01
TP53->-KDM5A,2,1,5.665753,5,,4.297147e-02
TP53->-JAK3,2,1,5.665753,5,,5.119541e-02
PIK3CA->-PARP1,2,1,5.500000,5,,4.632237e-02
PIK3CA->-ATRX,2,1,5.500000,5,,4.804411e-01
PIK3CA->-HIST1H1C,2,1,5.500000,5,,1.571592e-01
STAG2->-PIK3CA,2,1,5.500000,5,,7.268152e-01
TP53->-TERT,2,1,5.500000,5,,1.064491e-01
ARID2->-GATA3,2,1,5.500000,5,,1.468750e-01
TP53->-MAP3K13,2,1,5.500000,5,,4.627348e-02
PIK3CA->-SETD2,2,1,5.500000,5,,4.872297e-01
KMT2C->-ARID1A,2,1,5.470588,5,,7.381617e-01
PIK3CA->-EP300,2,1,5.451220,5,,3.648301e-01
TP53->-XPO1,2,1,5.359794,5,,3.174228e-02
MAP3K1->-NCOR1,2,1,5.333333,5,,3.744978e-01
PIK3CA->-TET2,2,1,5.333333,5,,3.619172e-01
TP53->-ERBB4,2,1,5.000000,5,,2.988289e-02
TP53->-PBRM1,2,1,5.000000,5,,1.441192e-01
PIK3CA->-ERCC4,2,1,5.000000,5,,2.341434e-02
ARID2->-ARID1A,2,1,5.000000,5,,2.541414e-01
ERBB2->-TBX3,2,1,5.000000,5,,2.053016e-01
MAP3K1->-NOTCH4,2,1,5.000000,5,,1.661946e-02
MEN1->-KMT2C,2,1,5.000000,5,,6.265446e-02
TP53->-ERBB2,2,1,5.000000,5,,5.177085e-01
ERBB2->-KMT2C,2,1,5.000000,5,,1.592173e-01
TP53->-PARP1,2,1,5.000000,5,,1.293778e-02
TP53->-AXIN2,2,1,5.000000,5,,2.287023e-03
TP53->-GLI1,2,1,5.000000,5,,4.208883e-03
NCOR1->-MED12,2,1,5.000000,5,,1.546463e-02
PIK3CA->-BLM,2,1,5.000000,5,,6.553959e-02
KMT2C->-CDH1,2,1,5.000000,5,,9.997036e-01
TP53->-POLD1,2,1,5.000000,5,,3.211818e-03
AKT1->-NOTCH2,2,1,5.000000,5,,3.979328e-03
KMT2D->-PIK3CA,2,1,5.000000,5,,9.764007e-01
AKT1->-KMT2C,2,1,5.000000,5,,1.734266e-01
ARID1B->-PIK3CA,2,1,5.000000,5,,1.893042e-01
GPS2->-PIK3CA,2,1,5.000000,5,,2.292993e-01
CDH1->-NSD1,2,1,5.000000,5,,2.688746e-02
CHEK2->-PIK3CA,2,1,5.000000,5,,8.237492e-02
GATA3->-EGFR,2,1,5.000000,5,,3.125000e-02
TP53->-EPHA7,2,1,5.000000,5,,3.465976e-02
TP53->-BRD4,2,1,5.000000,5,,1.646257e-02
TP53->-TCF7L2,2,1,5.000000,5,,1.969344e-02
ESR1->-MAP3K1,2,1,5.000000,5,,4.872412e-01
NF1->-PIK3R1,2,1,5.000000,5,,1.423026e-01
CREBBP->-KMT2C,2,1,5.000000,5,,5.244874e-02
CDH1->-IKZF1,2,1,5.000000,5,,1.562500e-02
CDH1->-MED12,2,1,5.000000,5,,8.265772e-02
GATA3->-TBX3,2,1,5.000000,5,,1.206758e-01
PIK3CA->-TERT,2,1,5.000000,5,,1.178913e-02
PIK3CA->-GRIN2A,2,1,5.000000,5,,1.314484e-01
FOXA1->-GATA3,2,1,5.000000,5,,4.498698e-01
ERBB2->-TP53,2,1,5.000000,5,,5.150319e-01
ERBB2->-RUNX1,2,1,5.000000,5,,1.875000e-01
TP53->-CEBPA,2,1,5.000000,5,,2.083333e-02
NCOR1->-RUNX1,2,1,5.000000,5,,3.632812e-01
TP53->-JAK1,2,1,5.000000,5,,2.873765e-01
NCOR1->-CDH1,2,1,5.000000,5,,9.923574e-01
MAP2K4->-PTEN,2,1,5.000000,5,,2.604117e-01
TP53->-CIC,2,1,5.000000,5,,8.903885e-02
TP53->-SMARCA4,2,1,5.000000,5,,1.747591e-01
PIK3CA->-KRAS,2,1,5.000000,5,,2.320571e-01
TP53->-PIK3R2,2,1,5.000000,5,,1.388889e-02
RUNX1->-TP53,2,1,5.000000,5,,9.789317e-01
PTPRS->-PIK3CA,2,1,5.000000,5,,5.019017e-01
TP53->-TET1,2,1,5.000000,5,,8.426339e-02
CBFB->-NCOR1,2,1,5.000000,5,,2.722222e-02
CDH1->-DNMT1,2,1,5.000000,5,,3.125000e-02
CDH1->-XPO1,2,1,5.000000,5,,3.113678e-02
AKT1->-MAP2K4,2,1,5.000000,5,,9.077381e-02
PIK3CA->-GLI1,2,1,5.000000,5,,9.532315e-03
CBFB->-AKT1,2,1,5.000000,5,,2.715326e-01
PIK3CA->-BRIP1,2,1,5.000000,5,,3.903103e-02
ARID1A->-IKZF1,2,1,5.000000,5,,1.205848e-02
TP53->-RAF1,2,1,5.000000,5,,2.696663e-03
TP53->-MET,2,1,5.000000,5,,5.271614e-03
CDH1->-STAG2,2,1,5.000000,5,,2.147201e-02
PIK3R1->-TP53,2,1,5.000000,5,,9.661481e-01
CDH1->-RAD50,2,1,5.000000,5,,1.948864e-02
PTEN->-GRIN2A,2,1,5.000000,5,,1.220096e-02
TP53->-IRF4,2,1,5.000000,5,,6.740462e-03
TP53->-TSC1,2,1,5.000000,5,,8.879456e-02
TP53->-ARAF,2,1,5.000000,5,,2.354076e-02
TP53->-TRAF2,2,1,5.000000,5,,9.222671e-03
TP53->-KIT,2,1,5.000000,5,,3.158480e-03
PIK3CA->-DNMT1,2,1,5.000000,5,,1.287071e-02
TP53->-FGFR4,2,1,5.000000,5,,2.867154e-03
PIK3CA->-KMT2C TP53->-KMT2C TP53->-PIK3CA,3,3,4.500000,4,,8.660825e-02
CDH1->-KMT2C CDH1->-PIK3CA KMT2C->-PIK3CA,3,3,4.500000,4,,1.325039e-01
CDH1->-MAP3K1 CDH1->-PIK3CA MAP3K1->-PIK3CA,3,3,4.000000,4,,2.100509e-01
PIK3CA->-FAT1 TP53->-FAT1 TP53->-PIK3CA,3,3,4.000000,4,,3.432586e-02
CDH1->-ARID1A CDH1->-PIK3CA PIK3CA->-ARID1A,3,3,4.500000,4,,1.600851e-01
CDH1->-PIK3CA CDH1->-RUNX1 PIK3CA->-RUNX1,3,3,4.600000,4,,7.059610e-02
CDH1->-NCOR1 CDH1->-PIK3CA NCOR1->-PIK3CA,3,3,4.000000,4,,5.459719e-02
CDH1->-ESR1 CDH1->-PIK3CA PIK3CA->-ESR1,3,3,4.000000,4,,5.486968e-03
NF1->-PIK3CA NF1->-TP53 TP53->-PIK3CA,3,3,4.000000,4,,7.816567e-02
GATA3->-PIK3CA MAP3K1->-GATA3 MAP3K1->-PIK3CA,3,3,5.000000,4,,2.087699e-01
PIK3CA->-RB1 PIK3CA->-TP53 TP53->-RB1,3,3,4.000000,4,,2.921211e-02
GATA3->-MAP3K1 GATA3->-PIK3CA PIK3CA->-MAP3K1,3,3,4.000000,4,,2.087699e-01
PIK3CA->-PTPRT PIK3CA->-TP53 TP53->-PTPRT,3,3,4.000000,4,,6.050488e-03
KMT2C->-MAP3K1 PIK3CA->-KMT2C PIK3CA->-MAP3K1,3,3,4.000000,4,,1.165123e-01
CDH1->-ERBB2 CDH1->-PIK3CA ERBB2->-PIK3CA,3,3,4.500000,4,,5.373260e-02
PIK3CA->-SF3B1 PIK3CA->-TP53 TP53->-SF3B1,3,3,4.000000,4,,7.605820e-03
PIK3CA->-ARID2 PIK3CA->-TP53 TP53->-ARID2,3,3,4.000000,4,,3.007452e-03
CDH1->-CREBBP CDH1->-PIK3CA PIK3CA->-CREBBP,3,3,4.000000,4,,1.163166e-02
CDH1->-ERBB2 CDH1->-PIK3CA PIK3CA->-ERBB2,3,3,4.000000,4,,5.269813e-02
PTEN->-PIK3R1 TP53->-PIK3R1 TP53->-PTEN,3,3,4.000000,4,,4.977621e-04
KMT2C->-NCOR1 PIK3CA->-KMT2C PIK3CA->-NCOR1,3,3,4.000000,4,,3.285399e-03
PIK3CA->-APC PIK3CA->-TP53 TP53->-APC,3,3,4.000000,4,,5.945657e-04
CDH1->-PIK3CA ZFHX3->-CDH1 ZFHX3->-PIK3CA,3,3,4.000000,4,,2.495235e-03
PIK3CA->-RFWD2,2,1,5.863636,4,,4.245322e-01
CDH1->-RFWD2,2,1,5.727273,4,,3.818405e-01
TP53->-RFWD2,2,1,5.290698,4,,1.975433e-01
PIK3CA->-SMAD4,2,1,5.266667,4,,4.375661e-01
TP53->-PAK7,2,1,5.197406,4,,5.671363e-02
PIK3CA->-EGFR,2,1,5.000000,4,,2.041667e-01
SPEN->-PIK3CA,2,1,5.000000,4,,9.786831e-01
PIK3CA->-BRCA1,2,1,5.000000,4,,4.345012e-01
KDM5C->-PIK3CA,2,1,4.888889,4,,6.934747e-01
CREBBP->-PIK3CA,2,1,4.810906,4,,9.282985e-01
CDH1->-AR,2,1,4.727273,4,,2.967854e-01
TP53->-HIST1H3B,2,1,4.666667,4,,1.024425e-01
TP53->-BRIP1,2,1,4.666667,4,,2.821855e-02
ARID1A->-CDH1,2,1,4.510499,4,,9.974183e-01
PIK3CA->-JAK3,2,1,4.500000,4,,2.524535e-01
MAP3K1->-ESR1,2,1,4.500000,4,,7.313489e-01
TP53->-PLK2,2,1,4.500000,4,,1.352644e-01
KMT2C->-TBX3,2,1,4.500000,4,,5.912150e-01
NF1->-CDH1,2,1,4.500000,4,,9.242453e-01
TET1->-ARID1A,2,1,4.500000,4,,1.105724e-01
PTEN->-RUNX1,2,1,4.500000,4,,1.223958e-01
CBFB->-ARID1A,2,1,4.500000,4,,1.255787e-01
PIK3CA->-NOTCH3,2,1,4.500000,4,,3.234356e-01
TP53->-AR,2,1,4.500000,4,,1.158482e-01
MEN1->-ARID1A,2,1,4.500000,4,,1.335727e-01
CDH1->-POLE,2,1,4.500000,4,,1.458333e-01
TP53->-PTCH1,2,1,4.500000,4,,2.865816e-01
ARID1A->-FAT1,2,1,4.500000,4,,1.217053e-01
TP53->-INPP4B,2,1,4.500000,4,,9.968697e-02
PIK3CA->-PIK3CG,2,1,4.500000,4,,2.976932e-01
ARID1A->-GRIN2A,2,1,4.470588,4,,5.297315e-02
PIK3CA->-PAK7,2,1,4.400576,4,,1.824039e-01
TP53->-JAK2,2,1,4.351585,4,,3.832608e-02
RHOA->-PIK3CA,2,1,4.333333,4,,2.252025e-01
PIK3CA->-EZH2,2,1,4.277778,4,,1.136288e-01
KMT2C->-BRCA2,2,1,4.276923,4,,4.739932e-01
TP53->-AXIN1,2,1,4.230769,4,,7.562479e-02
PIK3CA->-NF2,2,1,4.000000,4,,2.284003e-02
FOXA1->-KMT2C,2,1,4.000000,4,,1.438696e-01
TP53->-IRS2,2,1,4.000000,4,,9.960858e-02
TP53->-CDK8,2,1,4.000000,4,,3.414217e-02
TP53->-IFNGR1,2,1,4.000000,4,,1.687691e-02
PIK3CA->-BARD1,2,1,4.000000,4,,1.285425e-01
CDH1->-SMO,2,1,4.000000,4,,1.751797e-02
PIK3CA->-YES1,2,1,4.000000,4,,1.783066e-02
CDH1->-MTOR,2,1,4.000000,4,,3.764132e-01
TP53->-TRAF7,2,1,4.000000,4,,7.108964e-02
TP53->-KLF4,2,1,4.000000,4,,2.373792e-01
FAT1->-PIK3CA,2,1,4.000000,4,,9.992509e-01
CDH1->-KDR,2,1,4.000000,4,,5.835555e-02
PIK3CA->-CDKN2A,2,1,4.000000,4,,9.983658e-02
TP53->-MAP2K1,2,1,4.000000,4,,1.697531e-02
CDH1->-CTCF,2,1,4.000000,4,,1.172942e-01
TP53->-GSK3B,2,1,4.000000,4,,6.806148e-03
CDH1->-JUN,2,1,4.000000,4,,4.563265e-02
CDH1->-SMAD4,2,1,4.000000,4,,3.284372e-01
CDH1->-TET2,2,1,4.000000,4,,5.119048e-02
ERBB4->-GATA3,2,1,4.000000,4,,5.000000e-02
FAT1->-RICTOR,2,1,4.000000,4,,1.204348e-01
TET1->-FAT1,2,1,4.000000,4,,2.781608e-01
SETD2->-PIK3CA,2,1,4.000000,4,,7.322491e-01
KMT2A->-GATA3,2,1,4.000000,4,,1.875000e-01
TP53->-EZH2,2,1,4.000000,4,,1.250000e-01
NCOR1->-RB1,2,1,4.000000,4,,1.962924e-01
PIK3CA->-FOXP1,2,1,4.000000,4,,3.618195e-01
PIK3CA->-HIST1H3I,2,1,4.000000,4,,1.691632e-01
EPHA7->-PIK3CA,2,1,4.000000,4,,1.013143e-01
NF1->-KMT2C,2,1,4.000000,4,,2.758595e-01
STAG2->-GATA3,2,1,4.000000,4,,1.755952e-01
MEN1->-SPEN,2,1,4.000000,4,,6.227355e-02
SMARCA4->-PIK3CA,2,1,4.000000,4,,5.746099e-01
KMT2C->-ESR1,2,1,4.000000,4,,3.742975e-02
FOXA1->-TP53,2,1,4.000000,4,,9.472235e-01
PTEN->-ATR,2,1,4.000000,4,,5.004319e-02
NF1->-MED12,2,1,4.000000,4,,1.689425e-01
MAP3K1->-NSD1,2,1,4.000000,4,,4.454575e-01
ATR->-NCOR1,2,1,4.000000,4,,6.190476e-02
TP53->-PRDM1,2,1,4.000000,4,,4.539683e-02
NF1->-MAP3K1,2,1,4.000000,4,,3.204908e-01
TP53->-CTCF,2,1,4.000000,4,,1.676858e-01
PTEN->-ARID1B,2,1,4.000000,4,,1.668200e-01
CDH1->-RHOA,2,1,4.000000,4,,2.512755e-01
CDH1->-FGFR4,2,1,4.000000,4,,9.165001e-02
GATA3->-NSD1,2,1,4.000000,4,,5.833333e-02
GATA3->-MED12,2,1,4.000000,4,,4.563492e-02
MAP3K1->-CDH1,2,1,4.000000,4,,9.994877e-01
PIK3CA->-TSHR,2,1,4.000000,4,,2.083333e-02
TP53->-GATA2,2,1,4.000000,4,,1.804953e-01
FOXA1->-CDH1,2,1,4.000000,4,,9.993578e-01
PIK3CA->-PMS1,2,1,4.000000,4,,4.583333e-02
NF1->-ERBB3,2,1,4.000000,4,,6.250000e-02
CDH1->-JAK2,2,1,4.000000,4,,3.125000e-02
PIK3CA->-INSR,2,1,4.000000,4,,1.344720e-01
ERBB2->-FOXA1,2,1,4.000000,4,,3.002976e-01
TP53->-JUN,2,1,4.000000,4,,6.190476e-02
TP53->-FGFR2,2,1,4.000000,4,,4.084321e-02
MAP2K4->-NCOR1,2,1,4.000000,4,,6.026290e-01
GATA3->-PDGFRA,2,1,4.000000,4,,1.512500e-01
PIK3CA->-DNMT3B,2,1,4.000000,4,,1.627867e-01
PIK3CA->-PIK3CB,2,1,4.000000,4,,2.025525e-01
SPOP->-PIK3CA,2,1,4.000000,4,,1.552083e-01
PIK3CA->-INPP4A,2,1,4.000000,4,,1.875000e-01
CDH1->-NOTCH4,2,1,4.000000,4,,6.181566e-02
NF1->-FOXA1,2,1,4.000000,4,,6.250000e-02
NCOR1->-MAP2K4,2,1,4.000000,4,,6.026290e-01
SOX9->-PTCH1,2,1,4.000000,4,,6.038647e-02
APC->-KMT2D,2,1,4.000000,4,,1.687773e-01
JAK1->-PIK3CA,2,1,4.000000,4,,3.663273e-01
TP53->-EPCAM,2,1,4.000000,4,,1.352570e-01
CDH1->-ANKRD11,2,1,4.000000,4,,2.367194e-01
PIK3CA->-MSH6,2,1,4.000000,4,,3.432292e-01
TBX3->-RUNX1,2,1,4.000000,4,,3.437500e-01
NF1->-ATM,2,1,4.000000,4,,5.357143e-02
KMT2C->-TSC2,2,1,4.000000,4,,2.115330e-01
TP53->-AURKA,2,1,4.000000,4,,1.581101e-02
PIK3CA->-IKBKE,2,1,4.000000,4,,1.107817e-01
GATA3->-CBFB,2,1,4.000000,4,,9.997436e-01
GATA3->-FOXA1,2,1,4.000000,4,,7.054427e-01
MGA->-ATR,2,1,4.000000,4,,5.035596e-02
PIK3CA->-KDM5C,2,1,4.000000,4,,6.940835e-01
TP53->-CDKN1A,2,1,4.000000,4,,9.403717e-02
GATA3->-SF3B1,2,1,4.000000,4,,4.665179e-01
CDH1->-RASA1,2,1,4.000000,4,,1.534862e-01
TBX3->-KMT2C,2,1,4.000000,4,,5.915514e-01
TP53->-SDHB,2,1,4.000000,4,,3.190053e-01
TP53->-REL,2,1,4.000000,4,,2.107631e-02
TP53->-SMAD2,2,1,4.000000,4,,1.111197e-01
TP53->-DAXX,2,1,4.000000,4,,1.820921e-02
CDH1->-ARID5B,2,1,4.000000,4,,4.128749e-02
CDH1->-PARP1,2,1,4.000000,4,,1.032761e-01
TP53->-RBM10,2,1,4.000000,4,,1.405781e-02
PTEN->-TBX3,2,1,4.000000,4,,3.240586e-02
PTEN->-ATRX,2,1,4.000000,4,,1.275230e-01
TP53->-PIM1,2,1,4.000000,4,,7.935626e-03
MAP3K1->-ARID2,2,1,4.000000,4,,1.895202e-02
ERBB2->-ERBB3,2,1,4.000000,4,,1.995168e-02
KMT2C->-PTCH1,2,1,4.000000,4,,1.476344e-01
KMT2C->-PARP1,2,1,4.000000,4,,3.678047e-02
CDH1->-DNMT3A,2,1,4.000000,4,,1.503665e-01
BRCA2->-KMT2C,2,1,4.000000,4,,4.710416e-01
PIK3CA->-PALB2,2,1,4.000000,4,,1.536312e-01
TP53->-NF2,2,1,4.000000,4,,2.273922e-02
PTEN->-SETD2,2,1,4.000000,4,,7.914293e-02
PIK3CA->-HNF1A,2,1,4.000000,4,,1.059901e-01
MAP3K1->-FOXA1,2,1,4.000000,4,,8.267409e-01
MAP3K1->-DICER1,2,1,4.000000,4,,2.378374e-02
MAP3K1->-CDKN1B,2,1,4.000000,4,,2.912560e-01
TP53->-MSH6,2,1,4.000000,4,,1.045202e-01
PIK3CA->-KMT2C PIK3CA->-TP53 TP53->-KMT2C,3,3,3.000000,3,,2.559930e-01
CDH1->-MAP3K1 CDH1->-TP53 TP53->-MAP3K1,3,3,3.000000,3,,1.620370e-02
PIK3CA->-FAT1 PIK3CA->-TP53 TP53->-FAT1,3,3,3.000000,3,,1.373613e-01
PIK3CA->-GATA3 PIK3CA->-TP53 TP53->-GATA3,3,3,3.121951,3,,6.155333e-02
NCOR1->-PIK3CA TP53->-NCOR1 TP53->-PIK3CA,3,3,3.000000,3,,1.146491e-01
CDH1->-PIK3CA CDH1->-TBX3 PIK3CA->-TBX3,3,3,3.000000,3,,3.272105e-01
PIK3CA->-KMT2D TP53->-KMT2D TP53->-PIK3CA,3,3,3.333333,3,,1.821473e-01
NF1->-PIK3CA TP53->-NF1 TP53->-PIK3CA,3,3,3.000000,3,,2.401095e-01
CDH1->-FOXA1 CDH1->-PIK3CA FOXA1->-PIK3CA,3,3,3.000000,3,,3.615165e-01
PIK3CA->-FOXA1 TP53->-FOXA1 TP53->-PIK3CA,3,3,3.000000,3,,1.114040e-01
PIK3CA->-ATM PIK3CA->-TP53 TP53->-ATM,3,3,3.000000,3,,5.240262e-02
PIK3CA->-NOTCH4 PIK3CA->-TP53 TP53->-NOTCH4,3,3,3.697674,3,,1.340471e-02
GATA3->-MAP3K1 GATA3->-PIK3CA MAP3K1->-PIK3CA,3,3,3.000000,3,,4.381280e-01
ESR1->-GATA3 PIK3CA->-ESR1 PIK3CA->-GATA3,3,3,3.000000,3,,1.134444e-01
PIK3CA->-KMT2A TP53->-KMT2A TP53->-PIK3CA,3,3,3.000000,3,,1.837417e-02
CDH1->-GATA3 CDH1->-PIK3CA PIK3CA->-GATA3,3,3,3.451220,3,,8.243326e-02
CDH1->-ESR1 CDH1->-GATA3 ESR1->-GATA3,3,3,3.000000,3,,4.629630e-03
PIK3CA->-SPEN PIK3CA->-TP53 TP53->-SPEN,3,3,3.000000,3,,9.447929e-03
PTEN->-NF1 PTEN->-TP53 TP53->-NF1,3,3,3.000000,3,,1.465443e-01
MAP3K1->-KMT2C MAP3K1->-PIK3CA PIK3CA->-KMT2C,3,3,3.000000,3,,3.050394e-01
CDH1->-PIK3CA TBX3->-CDH1 TBX3->-PIK3CA,3,3,3.500000,3,,3.277013e-01
CDH1->-NF1 CDH1->-PIK3CA PIK3CA->-NF1,3,3,3.000000,3,,1.120367e-01
PIK3CA->-PTPRS PIK3CA->-TP53 TP53->-PTPRS,3,3,3.000000,3,,5.743739e-03
FOXA1->-MAP3K1 PIK3CA->-FOXA1 PIK3CA->-MAP3K1,3,3,3.000000,3,,1.192879e-01
FOXA1->-MAP3K1 TP53->-FOXA1 TP53->-MAP3K1,3,3,3.255208,3,,1.232382e-02
MAP3K1->-ARID1A MAP3K1->-PIK3CA PIK3CA->-ARID1A,3,3,3.500000,3,,1.069387e-01
GATA3->-ARID1A MAP3K1->-ARID1A MAP3K1->-GATA3,3,3,3.000000,3,,4.629630e-03
CDH1->-EPHB1 CDH1->-TP53 TP53->-EPHB1,3,3,3.000000,3,,1.707764e-03
PIK3CA->-MDC1 PIK3CA->-TP53 TP53->-MDC1,3,3,3.000000,3,,2.711603e-02
ESR1->-ARID1A PIK3CA->-ARID1A PIK3CA->-ESR1,3,3,3.000000,3,,4.304049e-03
PIK3CA->-MGA TP53->-MGA TP53->-PIK3CA,3,3,3.500000,3,,2.141210e-02
CDH1->-PIK3CA CDH1->-RICTOR PIK3CA->-RICTOR,3,3,3.000000,3,,9.635677e-03
CDH1->-KMT2C CDH1->-NCOR1 KMT2C->-NCOR1,3,3,3.000000,3,,3.505641e-02
CDH1->-EPHB1 CDH1->-PIK3CA PIK3CA->-EPHB1,3,3,3.000000,3,,7.731312e-03
PIK3CA->-KDR PIK3CA->-TP53 TP53->-KDR,3,3,3.000000,3,,2.840823e-02
CBFB->-PIK3CA CBFB->-TP53 TP53->-PIK3CA,3,3,3.000000,3,,1.743827e-02
CDH1->-ATRX CDH1->-PIK3CA PIK3CA->-ATRX,3,3,3.000000,3,,1.523920e-02
NCOR1->-MED12 TP53->-MED12 TP53->-NCOR1,3,3,3.000000,3,,5.505950e-03
CREBBP->-KMT2C PIK3CA->-CREBBP PIK3CA->-KMT2C,3,3,3.000000,3,,2.036239e-02
ERBB3->-PIK3CA MAP3K1->-ERBB3 MAP3K1->-PIK3CA,3,3,3.000000,3,,2.420644e-02
FOXA1->-KMT2C PIK3CA->-FOXA1 PIK3CA->-KMT2C,3,3,3.000000,3,,1.928574e-02
PTEN->-ATR TP53->-ATR TP53->-PTEN,3,3,3.000000,3,,4.294177e-03
NF1->-MAP3K1 TP53->-MAP3K1 TP53->-NF1,3,3,3.000000,3,,1.587302e-02
NF1->-MAP3K1 PTEN->-MAP3K1 PTEN->-NF1,3,3,3.000000,3,,3.536381e-03
APC->-KMT2D TP53->-APC TP53->-KMT2D,3,3,3.000000,3,,1.316994e-02
CDH1->-ARID5B CDH1->-PIK3CA PIK3CA->-ARID5B,3,3,3.000000,3,,1.018522e-02
MAP3K1->-FOXA1 MAP3K1->-PIK3CA PIK3CA->-FOXA1,3,3,3.000000,3,,1.187168e-01
ARID1A->-SPEN PIK3CA->-ARID1A PIK3CA->-SPEN,3,3,3.000000,3,,1.607790e-02
CDH1->-BRCA2 CDH1->-ESR1 ESR1->-BRCA2,3,3,3.000000,3,,4.629630e-03
MST1R->-MAP3K1 PIK3CA->-MAP3K1 PIK3CA->-MST1R,3,3,3.000000,3,,4.133598e-03
PTEN->-ZFHX3 TP53->-PTEN TP53->-ZFHX3,3,3,3.000000,3,,4.014504e-03
ARID1A->-NCOR1 PIK3CA->-ARID1A PIK3CA->-NCOR1,3,3,3.000000,3,,1.607790e-02
PIK3CA->-APC PIK3CA->-SPEN SPEN->-APC,3,3,3.000000,3,,5.710720e-03
CDH1->-PIK3CA GPS2->-CDH1 GPS2->-PIK3CA,3,3,3.000000,3,,1.221001e-02
TP53->-IKZF1,2,1,4.189903,3,,1.975785e-01
ESR1->-FAT1,2,1,4.067873,3,,4.474534e-01
PTEN->-GATA3,2,1,4.000000,3,,6.969597e-01
ERBB2->-MAP3K1,2,1,4.000000,3,,5.075682e-01
GATA3->-CREBBP,2,1,4.000000,3,,2.307064e-01
GATA3->-FLT3,2,1,4.000000,3,,3.343211e-01
GATA3->-POLE,2,1,4.000000,3,,3.785735e-01
PIK3CA->-IKZF1,2,1,4.000000,3,,6.631846e-01
SPEN->-GATA3,2,1,3.852140,3,,9.317374e-01
TP53->-AXL,2,1,3.669400,3,,1.629767e-01
TP53->-SMO,2,1,3.666667,3,,2.409788e-01
NF1->-TET2,2,1,3.666667,3,,1.837491e-01
TP53->-NTRK1,2,1,3.666667,3,,4.243030e-02
PTEN->-MED12,2,1,3.666667,3,,1.191797e-01
CDH1->-JAK3,2,1,3.665753,3,,1.368194e-01
MAP2K4->-JAK3,2,1,3.665753,3,,1.546285e-01
PIK3CA->-PDGFRA,2,1,3.611111,3,,6.592767e-01
ARID1A->-KMT2D,2,1,3.545455,3,,5.607046e-01
TP53->-PMS1,2,1,3.505208,3,,9.694546e-02
PIK3CA->-BRD4,2,1,3.500000,3,,1.655699e-01
MAP3K1->-MED12,2,1,3.500000,3,,1.688104e-01
TP53->-E2F3,2,1,3.500000,3,,5.941886e-02
PIK3CA->-RECQL4,2,1,3.500000,3,,4.955064e-01
PIK3CA->-PPP2R1A,2,1,3.500000,3,,4.258784e-01
TP53->-DICER1,2,1,3.500000,3,,5.862786e-02
ARID1B->-TP53,2,1,3.500000,3,,9.674348e-01
KMT2D->-KMT2C,2,1,3.500000,3,,6.741342e-01
PIK3CA->-TSC2,2,1,3.500000,3,,7.004372e-01
PIK3CA->-RPS6KB2,2,1,3.500000,3,,1.590583e-01
SMO->-PIK3CA,2,1,3.500000,3,,5.772894e-01
CDH1->-ALK,2,1,3.500000,3,,2.077899e-01
PIK3CA->-SMARCA4,2,1,3.500000,3,,8.171057e-01
CDH1->-EGFR,2,1,3.500000,3,,3.875000e-01
MAP3K1->-ATR,2,1,3.500000,3,,2.317413e-01
TP53->-IRS1,2,1,3.500000,3,,1.656948e-01
FOXA1->-KMT2D,2,1,3.500000,3,,3.906250e-01
CDH1->-PAK7,2,1,3.500000,3,,1.983216e-01
ZFHX3->-KMT2C,2,1,3.500000,3,,4.218884e-01
CDH1->-DNMT3B,2,1,3.500000,3,,2.493961e-01
ARID1A->-TP53,2,1,3.500000,3,,9.985631e-01
RUNX1->-FOXA1,2,1,3.500000,3,,4.979167e-01
RB1->-KMT2C,2,1,3.500000,3,,3.990213e-01
KMT2A->-PIK3CA,2,1,3.500000,3,,9.827248e-01
TP53->-RASA1,2,1,3.500000,3,,3.466435e-01
FOXA1->-ESR1,2,1,3.500000,3,,3.086940e-01
FOXA1->-TBX3,2,1,3.500000,3,,6.101796e-01
ARID1A->-FLT3,2,1,3.500000,3,,3.490920e-01
CDH1->-ATR,2,1,3.500000,3,,1.498235e-01
BRCA2->-CDH1,2,1,3.500000,3,,9.420999e-01
TP53->-EGFR,2,1,3.500000,3,,7.742830e-02
TP53->-MEN1,2,1,3.500000,3,,3.220489e-01
GATA3->-PIK3R2,2,1,3.500000,3,,1.446185e-01
PIK3CA->-IRS1,2,1,3.500000,3,,5.685832e-01
APC->-PIK3CA,2,1,3.500000,3,,8.788635e-01
KMT2C->-MED12,2,1,3.500000,3,,1.447984e-01
KMT2C->-KMT2A,2,1,3.500000,3,,3.415134e-01
TP53->-PAK1,2,1,3.500000,3,,3.794787e-02
NCOR1->-MAP3K1,2,1,3.499684,3,,8.576823e-01
PTPRS->-MAP3K1,2,1,3.499684,3,,2.025671e-01
KMT2C->-ERBB3,2,1,3.492958,3,,4.741857e-01
PIK3CA->-RNF43,2,1,3.435159,3,,1.252084e-01
TP53->-ERCC4,2,1,3.400000,3,,9.345003e-02
NOTCH2->-PIK3CA,2,1,3.400000,3,,5.071429e-01
BRCA2->-PIK3CA,2,1,3.357143,3,,9.166186e-01
SPEN->-ARID2,2,1,3.347826,3,,2.257292e-01
GATA3->-ERBB3,2,1,3.274854,3,,3.144846e-01
RECQL4->-PIK3CA,2,1,3.251111,3,,5.062541e-01
TP53->-HGF,2,1,3.000000,3,,4.673471e-02
ATM->-KMT2C,2,1,3.000000,3,,3.381015e-01
TP53->-RHOA,2,1,3.000000,3,,2.879839e-01
IRS2->-CARD11,2,1,3.000000,3,,3.768744e-02
PIK3CA->-EIF4A2,2,1,3.000000,3,,2.078671e-01
PIK3CA->-AMER1,2,1,3.000000,3,,2.316345e-01
PIK3CA->-JAK1,2,1,3.000000,3,,6.721916e-01
PIK3CA->-PIK3C3,2,1,3.000000,3,,6.621544e-02
PIK3CA->-SOX2,2,1,3.000000,3,,1.582725e-02
PIK3CA->-ARAF,2,1,3.000000,3,,2.411297e-01
TP53->-IDH1,2,1,3.000000,3,,3.151497e-02
TP53->-CDK12,2,1,3.000000,3,,2.493192e-01
CDH1->-PIK3CG,2,1,3.000000,3,,2.173859e-01
PIK3CA->-SMO,2,1,3.000000,3,,5.760363e-01
TP53->-HIST1H1C,2,1,3.000000,3,,6.762970e-02
NCOR1->-PTEN,2,1,3.000000,3,,3.950359e-01
TP53->-MYCN,2,1,3.000000,3,,4.448517e-02
TP53->-FOXP1,2,1,3.000000,3,,1.853226e-01
STK11->-EP300,2,1,3.000000,3,,2.640453e-01
BRCA1->-TET2,2,1,3.000000,3,,1.068397e-01
TP53->-RAD21,2,1,3.000000,3,,1.632007e-02
PIK3CA->-FH,2,1,3.000000,3,,1.718750e-01
CDKN2A->-TP53,2,1,3.000000,3,,9.818813e-01
TP53->-H3F3C,2,1,3.000000,3,,3.707189e-02
NF1->-NCOR1,2,1,3.000000,3,,4.375154e-01
CDH1->-LATS1,2,1,3.000000,3,,7.439187e-02
MAP2K4->-CDH1,2,1,3.000000,3,,9.348602e-01
TP53->-DNMT3B,2,1,3.000000,3,,5.654762e-02
NF1->-APC,2,1,3.000000,3,,3.481377e-01
TET2->-PIK3CA,2,1,3.000000,3,,8.457713e-01
TP53->-ERG,2,1,3.000000,3,,4.081602e-02
TP53->-KDM5C,2,1,3.000000,3,,5.373507e-01
FAT1->-TP53,2,1,3.000000,3,,9.980125e-01
MAP2K4->-APC,2,1,3.000000,3,,5.733333e-02
RAD52->-TP53,2,1,3.000000,3,,1.985152e-01
MAP2K4->-TET2,2,1,3.000000,3,,7.800454e-02
ARID1B->-KMT2C,2,1,3.000000,3,,9.860207e-02
PIK3CA->-FBXW7,2,1,3.000000,3,,4.512959e-01
TP53->-ERCC2,2,1,3.000000,3,,2.459597e-02
CDH1->-GPS2,2,1,3.000000,3,,5.740079e-01
PIK3CA->-HIST1H3B,2,1,3.000000,3,,2.095774e-01
KMT2D->-TP53,2,1,3.000000,3,,9.999368e-01
PIK3CA->-KDM5A,2,1,3.000000,3,,3.571429e-01
TP53->-ABL1,2,1,3.000000,3,,2.416856e-01
NCOR1->-TBX3,2,1,3.000000,3,,1.751346e-01
TP53->-PIK3R3,2,1,3.000000,3,,5.833333e-02
ARID1A->-ARID2,2,1,3.000000,3,,7.852477e-01
SETD2->-ARID1A,2,1,3.000000,3,,4.783835e-01
ARID2->-PIK3CA,2,1,3.000000,3,,9.547952e-01
LATS2->-PIK3CA,2,1,3.000000,3,,5.527795e-01
ESR1->-RICTOR,2,1,3.000000,3,,4.367168e-01
GATA3->-PTEN,2,1,3.000000,3,,6.959416e-01
AXL->-PIK3CA,2,1,3.000000,3,,5.037964e-01
EP300->-PIK3CA,2,1,3.000000,3,,8.502889e-01
KMT2A->-BRCA2,2,1,3.000000,3,,1.737407e-01
TP53->-ASXL1,2,1,3.000000,3,,8.333333e-02
MTOR->-XPO1,2,1,3.000000,3,,1.250000e-01
KMT2C->-XPO1,2,1,3.000000,3,,1.245471e-01
KMT2C->-PTPRD,2,1,3.000000,3,,2.509997e-01
NSD1->-MAP3K1,2,1,3.000000,3,,7.313095e-01
NSD1->-KMT2C,2,1,3.000000,3,,4.363248e-01
ARID1A->-EPHB1,2,1,3.000000,3,,8.201058e-02
MAP3K1->-EPHB1,2,1,3.000000,3,,4.553571e-01
CDH1->-DOT1L,2,1,3.000000,3,,2.097070e-01
ARID1A->-MAP3K1,2,1,3.000000,3,,9.013766e-01
ARID1A->-FOXA1,2,1,3.000000,3,,3.315088e-01
DOT1L->-MAP3K1,2,1,3.000000,3,,1.969373e-01
CBFB->-EGFR,2,1,3.000000,3,,8.333333e-02
NCOR1->-FAT1,2,1,3.000000,3,,1.780447e-01
PIK3CA->-FGFR3,2,1,3.000000,3,,3.495334e-01
STAG2->-FAT1,2,1,3.000000,3,,3.114035e-01
PIK3CA->-RBM10,2,1,3.000000,3,,2.552632e-01
PIK3CA->-ASXL2,2,1,3.000000,3,,5.788077e-01
PIK3CA->-PDCD1,2,1,3.000000,3,,3.106638e-01
AKT1->-RUNX1,2,1,3.000000,3,,6.111111e-02
IKZF1->-PIK3CA,2,1,3.000000,3,,6.592856e-01
CDH1->-FLT1,2,1,3.000000,3,,1.250000e-01
HIST1H3I->-SMARCA4,2,1,3.000000,3,,1.067940e-01
CDH1->-EPHA7,2,1,3.000000,3,,1.240809e-01
TP53->-LATS1,2,1,3.000000,3,,4.437500e-01
TP53->-SOX2,2,1,3.000000,3,,7.291667e-02
CDH1->-GRIN2A,2,1,3.000000,3,,1.250000e-01
TP53->-GNA11,2,1,3.000000,3,,6.424843e-02
TP53->-PIK3C3,2,1,3.000000,3,,4.807921e-02
MDC1->-PIK3CA,2,1,3.000000,3,,8.916269e-01
IRS1->-PIK3CA,2,1,3.000000,3,,5.705930e-01
TP53->-NTRK3,2,1,3.000000,3,,3.125000e-01
ARID1A->-EGFR,2,1,3.000000,3,,1.250000e-01
GATA3->-NUP93,2,1,3.000000,3,,1.250000e-01
MAP3K1->-SPEN,2,1,3.000000,3,,2.723214e-01
KMT2C->-SPEN,2,1,3.000000,3,,6.330929e-01
AKT1->-NF1,2,1,3.000000,3,,9.523810e-02
TSC2->-PIK3CA,2,1,3.000000,3,,7.040658e-01
ROS1->-PIK3CA,2,1,3.000000,3,,8.297575e-01
ROS1->-TP53,2,1,3.000000,3,,9.185786e-01
TBX3->-ANKRD11,2,1,3.000000,3,,5.000000e-01
CDH1->-HNF1A,2,1,3.000000,3,,1.215278e-01
PIK3CA->-GNA11,2,1,3.000000,3,,2.065542e-01
ATM->-FAT1,2,1,3.000000,3,,1.958553e-01
PIK3CA->-GATA2,2,1,3.000000,3,,3.075977e-01
PIK3CA->-CTCF,2,1,3.000000,3,,9.291968e-01
TP53->-INPP4A,2,1,3.000000,3,,8.333333e-02
PIK3CA->-SMAD2,2,1,3.000000,3,,2.015458e-01
PIK3C2G->-CREBBP,2,1,3.000000,3,,1.980516e-01
ATRX->-PIK3CA,2,1,3.000000,3,,9.022013e-01
DOT1L->-PIK3CA,2,1,3.000000,3,,4.750000e-01
NCOR1->-CARD11,2,1,3.000000,3,,2.833333e-01
TP53->-CDK4,2,1,3.000000,3,,1.250000e-01
TP53->-AKT2,2,1,3.000000,3,,8.750000e-02
PTEN->-NSD1,2,1,3.000000,3,,1.065256e-01
MED12->-NSD1,2,1,3.000000,3,,2.727491e-01
CHEK2->-TP53,2,1,3.000000,3,,2.659222e-01
CDH1->-KDM6A,2,1,3.000000,3,,4.986213e-01
MTOR->-CDH1,2,1,3.000000,3,,6.811812e-01
CDH1->-PBRM1,2,1,3.000000,3,,3.125000e-01
NF1->-ARID1A,2,1,3.000000,3,,2.500000e-01
ATM->-ESR1,2,1,3.000000,3,,8.750000e-02
ATRX->-GATA3,2,1,3.000000,3,,1.964286e-01
CDH1->-ARID1B,2,1,3.000000,3,,2.753266e-01
CDH1->-SMARCB1,2,1,3.000000,3,,9.523810e-02
ESR1->-RHOA,2,1,3.000000,3,,1.250000e-01
CDH1->-ERCC5,2,1,3.000000,3,,4.898367e-02
MAP3K1->-PTPRD,2,1,3.000000,3,,1.683665e-01
ARID1A->-JAK1,2,1,3.000000,3,,1.250000e-01
CBFB->-ERBB2,2,1,3.000000,3,,1.041667e-01
AKT1->-CBFB,2,1,3.000000,3,,7.930893e-01
BCL6->-CDH1,2,1,3.000000,3,,4.635417e-01
MST1R->-KMT2C,2,1,3.000000,3,,3.058036e-01
TP53->-CUL3,2,1,3.000000,3,,2.777778e-02
ARID1A->-ATM,2,1,3.000000,3,,2.971429e-01
CDH1->-ARID2,2,1,3.000000,3,,2.181839e-01
PTPRT->-PIK3CA,2,1,3.000000,3,,9.757510e-01
ARID1A->-NOTCH4,2,1,3.000000,3,,1.245471e-01
ARID1A->-ATR,2,1,3.000000,3,,1.230159e-01
ESR1->-NCOR1,2,1,3.000000,3,,6.562500e-01
PTPRT->-KMT2C,2,1,3.000000,3,,1.245059e-01
PTPRT->-KMT2D,2,1,3.000000,3,,5.797718e-01
NF1->-KMT2D,2,1,3.000000,3,,2.385038e-01
PTPRS->-KMT2C,2,1,3.000000,3,,2.771762e-01
KMT2C->-KMT2D,2,1,3.000000,3,,6.738455e-01
CREBBP->-TP53,2,1,3.000000,3,,9.690818e-01
ESR1->-SPEN,2,1,3.000000,3,,4.437500e-01
FGFR4->-PIK3CA,2,1,3.000000,3,,7.336139e-01
MEN1->-FAT1,2,1,3.000000,3,,8.797068e-02
TP53->-CDKN1B,2,1,3.000000,3,,1.553708e-01
SF3B1->-GATA3,2,1,3.000000,3,,7.483259e-01
SOX9->-TP53,2,1,3.000000,3,,5.269571e-01
SPEN->-CDH1,2,1,3.000000,3,,9.214614e-01
SPEN->-TP53,2,1,3.000000,3,,9.558355e-01
SDHB->-GATA3,2,1,3.000000,3,,2.126974e-01
PTEN->-MST1R,2,1,3.000000,3,,8.333333e-02
KDM5C->-TP53,2,1,3.000000,3,,5.392550e-01
NCOR1->-ESR1,2,1,3.000000,3,,6.562500e-01
ESR1->-EGFR,2,1,3.000000,3,,1.250000e-01
ASXL1->-PIK3CA,2,1,3.000000,3,,5.024436e-01
TP53->-BBC3,2,1,3.000000,3,,2.500000e-02
CBFB->-CDKN1B,2,1,3.000000,3,,9.821429e-02
GATA3->-NF1,2,1,3.000000,3,,1.944444e-01
TP53->-SOX9,2,1,3.000000,3,,5.269571e-01
PIK3CA->-ARID1B,2,1,3.000000,3,,7.301600e-01
PIK3CA->-ASXL1,2,1,3.000000,3,,5.054426e-01
ARID1A->-APC,2,1,3.000000,3,,3.088481e-01
ERBB2->-PTCH1,2,1,3.000000,3,,1.245471e-01
CDH1->-NOTCH2,2,1,3.000000,3,,4.895672e-02
CBFB->-PTEN,2,1,3.000000,3,,2.790179e-01
PIK3CA->-BRAF,2,1,3.000000,3,,5.000000e-01
PIK3CA->-STK11,2,1,3.000000,3,,8.749602e-01
TP53->-EIF4A2,2,1,3.000000,3,,1.802198e-01
CDH1->-CDKN2A,2,1,3.000000,3,,1.250000e-01
CDH1->-MSH2,2,1,3.000000,3,,1.240809e-01
PIK3CA->-SMARCD1,2,1,3.000000,3,,5.833333e-02
CTCF->-GATA3,2,1,3.000000,3,,2.458333e-01
FOXP1->-PIK3CA,2,1,3.000000,3,,6.603662e-01
TP53->-RAD54L,2,1,3.000000,3,,6.666667e-02
CTCF->-MAP3K1,2,1,3.000000,3,,3.596701e-01
KMT2A->-MAP3K1,2,1,3.000000,3,,2.970629e-01
TP53->-CSF1R,2,1,3.000000,3,,1.083333e-01
MAP2K4->-FOXP1,2,1,3.000000,3,,5.000000e-02
AKT1->-ESR1,2,1,3.000000,3,,9.330223e-02
ARID1A->-ARID5B,2,1,3.000000,3,,1.245471e-01
BRCA1->-GATA2,2,1,3.000000,3,,1.207330e-01
CDH1->-PIK3C2G,2,1,3.000000,3,,2.856182e-01
TP53->-SYK,2,1,3.000000,3,,2.877747e-01
PBRM1->-TP53,2,1,3.000000,3,,6.649693e-01
ARID1B->-NF1,2,1,3.000000,3,,1.041835e-01
SMAD4->-TP53,2,1,3.000000,3,,4.169643e-01
GATA3->-FAT1,2,1,3.000000,3,,5.555053e-01
TP53->-SH2B3,2,1,3.000000,3,,1.667129e-01
STAG2->-TP53,2,1,3.000000,3,,9.880001e-01
TP53->-RET,2,1,3.000000,3,,7.142857e-02
CDKN1B->-MAP3K1,2,1,3.000000,3,,5.896743e-01
PIK3CA->-KLF4,2,1,3.000000,3,,4.598214e-01
CDH1->-EPHA5,2,1,3.000000,3,,8.333333e-02
PTEN->-ARID2,2,1,3.000000,3,,1.230159e-01
CDH1->-KDM5C,2,1,3.000000,3,,6.924180e-02
CDH1->-BLM,2,1,3.000000,3,,2.694518e-01
PIK3CA->-ABL1,2,1,3.000000,3,,2.635417e-01
KMT2D->-TBX3,2,1,3.000000,3,,1.250000e-01
CDH1->-FLT4,2,1,3.000000,3,,8.750000e-02
RUNX1->-NCOR1,2,1,3.000000,3,,8.554688e-01
NF1->-KMT2A,2,1,3.000000,3,,3.118207e-01
PIK3CA->-AURKA,2,1,3.000000,3,,6.324405e-02
RB1->-TET1,2,1,3.000000,3,,3.114035e-01
TP53->-AKT1,2,1,3.000000,3,,9.986158e-01
NOTCH4->-PIK3CA,2,1,3.000000,3,,9.703506e-01
RHOA->-GATA3,2,1,3.000000,3,,1.026786e-01
CBFB->-ESR1,2,1,3.000000,3,,2.562500e-01
PIK3CA->-NCOA3,2,1,3.000000,3,,1.037893e-01
SMAD4->-ESR1,2,1,3.000000,3,,1.041667e-01
SMAD4->-CDH1,2,1,3.000000,3,,6.283730e-01
CBFB->-KMT2C,2,1,3.000000,3,,3.875000e-01
PTEN->-BCOR,2,1,3.000000,3,,1.230159e-01
SPEN->-ATM,2,1,3.000000,3,,4.306620e-01
AKT1->-TET2,2,1,3.000000,3,,1.876874e-01
PIK3CA->-ERCC5,2,1,3.000000,3,,3.118750e-01
FGFR4->-KMT2D,2,1,3.000000,3,,1.245833e-01
CREBBP->-CDH1,2,1,3.000000,3,,9.070190e-01
TP53->-HIST3H3,2,1,3.000000,3,,8.300395e-02
BRCA1->-PIK3CA,2,1,3.000000,3,,7.146657e-01
JAK1->-TP53,2,1,3.000000,3,,8.038954e-01
FAT1->-SPEN,2,1,3.000000,3,,5.255102e-01
CDH1->-IRF4,2,1,3.000000,3,,1.026786e-01
ROS1->-ARID1A,2,1,3.000000,3,,1.465453e-01
LATS1->-KMT2C,2,1,3.000000,3,,2.108880e-01
ROS1->-KMT2D,2,1,3.000000,3,,2.314887e-01
ASXL2->-PIK3CA,2,1,3.000000,3,,5.788077e-01
PIK3CA->-CDKN1A,2,1,3.000000,3,,3.602175e-01
TBX3->-PTCH1,2,1,3.000000,3,,1.245471e-01
AKT1->-CTCF,2,1,3.000000,3,,1.350000e-01
TP53->-NFKBIA,2,1,3.000000,3,,9.882479e-02
CBFB->-SPEN,2,1,3.000000,3,,9.821429e-02
TP53->-BLM,2,1,3.000000,3,,1.574475e-01
PTPRS->-TSC2,2,1,3.000000,3,,7.453478e-02
PTEN->-ROS1,2,1,3.000000,3,,3.095238e-01
TP53->-PIK3CD,2,1,3.000000,3,,1.185897e-01
INPP4A->-ESR1,2,1,3.000000,3,,3.125000e-01
TBX3->-ERBB2,2,1,3.000000,3,,7.394208e-01
CDH1->-TSC2,2,1,3.000000,3,,8.164585e-02
GATA3->-ALK,2,1,3.000000,3,,2.392536e-01
PDGFRA->-PIK3CA,2,1,3.000000,3,,6.551157e-01
PIK3CA->-RAD54L,2,1,3.000000,3,,2.610768e-01
MAP3K1->-ERCC5,2,1,3.000000,3,,3.919841e-01
ARID1A->-BRCA2,2,1,3.000000,3,,4.224621e-01
ARID1A->-CREBBP,2,1,3.000000,3,,2.248925e-01
PIK3CA->-RASA1,2,1,3.000000,3,,2.458486e-01
TBX3->-BRCA2,2,1,3.000000,3,,3.224758e-01
MAP2K4->-ESR1,2,1,3.000000,3,,3.656004e-02
PIK3CA->-SOX17,2,1,3.000000,3,,2.327557e-01
PIK3CA->-FGFR1,2,1,3.000000,3,,2.113095e-01
CDH1->-NOTCH1,2,1,3.000000,3,,4.335281e-01
PIK3CA->-SDHB,2,1,3.000000,3,,2.063962e-01
CHEK2->-GATA3,2,1,3.000000,3,,1.982672e-01
KRAS->-PIK3CA,2,1,3.000000,3,,7.557410e-01
NOTCH1->-MAP3K1,2,1,3.000000,3,,3.525194e-01
LATS1->-TSC2,2,1,3.000000,3,,4.074475e-02
MAP3K1->-CARD11,2,1,3.000000,3,,2.451599e-02
CHEK2->-ARID1A,2,1,3.000000,3,,5.123292e-02
MEN1->-STAG2,2,1,3.000000,3,,8.897034e-02
CDH1->-CDK12,2,1,3.000000,3,,1.730157e-02
ATRX->-EPHB1,2,1,3.000000,3,,5.955474e-02
PTEN->-PTPRS,2,1,3.000000,3,,5.398784e-02
PTEN->-MAP2K4,2,1,3.000000,3,,7.912591e-01
TP53->-FLT3,2,1,3.000000,3,,4.371876e-02
GATA3->-CARD11,2,1,3.000000,3,,4.310415e-02
CDH1->-DAXX,2,1,3.000000,3,,8.422193e-02
TP53->-YES1,2,1,3.000000,3,,8.676524e-02
KRAS->-KMT2C,2,1,3.000000,3,,2.049177e-01
TP53->-MST1R,2,1,3.000000,3,,6.809058e-02
ERBB3->-TBX3,2,1,3.000000,3,,4.510727e-01
APC->-ATM,2,1,3.000000,3,,4.392286e-02
KDM6A->-PIK3CA,2,1,3.000000,3,,1.643534e-01
MAP3K1->-FAT1,2,1,3.000000,3,,3.832056e-02
ERBB2->-ARID1A,2,1,3.000000,3,,1.835222e-01
ERBB2->-ARID2,2,1,3.000000,3,,3.934498e-02
PTEN->-FAT1,2,1,3.000000,3,,3.940589e-01
KMT2C->-STAT5B,2,1,3.000000,3,,2.884677e-02
TP53->-RPS6KA4,2,1,3.000000,3,,1.621097e-01
KMT2C->-ATM,2,1,3.000000,3,,3.492650e-01
PIK3CA->-PAK1,2,1,3.000000,3,,1.135377e-02
PIK3CA->-FLT1,2,1,3.000000,3,,4.098217e-01
TP53->-FLT1,2,1,3.000000,3,,6.597801e-02
PIK3CA->-FGF4,2,1,3.000000,3,,6.447851e-02
PIK3CA->-TRAF2,2,1,3.000000,3,,2.190169e-01
TP53->-PDGFRB,2,1,3.000000,3,,9.125813e-02
PTEN->-NBN,2,1,3.000000,3,,4.798401e-02
PTEN->-PIK3CD,2,1,3.000000,3,,4.640974e-02
PTEN->-ATM,2,1,3.000000,3,,3.220468e-02
PTEN->-JAK3,2,1,3.000000,3,,2.478291e-02
PIK3CA->-AXL,2,1,3.000000,3,,5.026100e-01
APC->-CARD11 APC->-MGA MGA->-CARD11 PIK3CA->-APC PIK3CA->-CARD11 PIK3CA->-MGA PIK3CA->-TP53 TP53->-APC TP53->-CARD11 TP53->-MGA,5,10,2.000000,2,,3.992003e-04
APC->-KMT2D APC->-MGA MGA->-KMT2D PIK3CA->-APC PIK3CA->-KMT2D PIK3CA->-MGA PIK3CA->-TP53 TP53->-APC TP53->-KMT2D TP53->-MGA,5,10,2.000000,2,,4.054204e-04
APC->-ARID2 APC->-MGA MGA->-ARID2 PIK3CA->-APC PIK3CA->-ARID2 PIK3CA->-MGA PIK3CA->-TP53 TP53->-APC TP53->-ARID2 TP53->-MGA,5,10,2.000000,2,,3.698767e-04
APC->-ATR APC->-MGA MGA->-ATR PIK3CA->-APC PIK3CA->-ATR PIK3CA->-MGA PIK3CA->-TP53 TP53->-APC TP53->-ATR TP53->-MGA,5,10,2.000000,2,,3.962013e-04
ARID1B->-KMT2C ARID1B->-NF1 ARID1B->-TSC2 CDH1->-ARID1B CDH1->-KMT2C CDH1->-NF1 CDH1->-TSC2 KMT2C->-NF1 KMT2C->-TSC2 NF1->-TSC2,5,10,2.000000,2,,3.669888e-04
CDH1->-ESR1 CDH1->-GATA3 CDH1->-PIK3CA ESR1->-GATA3 PIK3CA->-ESR1 PIK3CA->-GATA3,4,6,2.000000,2,,1.736111e-03
CDH1->-MAP3K1 CDH1->-NF1 NF1->-MAP3K1 PTEN->-CDH1 PTEN->-MAP3K1 PTEN->-NF1,4,6,2.000000,2,,1.251385e-03
CDH1->-FOXA1 CDH1->-MAP3K1 CDH1->-PIK3CA FOXA1->-MAP3K1 PIK3CA->-FOXA1 PIK3CA->-MAP3K1,4,6,2.000000,2,,5.063657e-03
GATA3->-ARID1A GATA3->-PIK3CA MAP3K1->-ARID1A MAP3K1->-GATA3 MAP3K1->-PIK3CA PIK3CA->-ARID1A,4,6,2.000000,2,,5.063657e-03
CDH1->-BRCA2 CDH1->-PIK3CA CDH1->-TBX3 PIK3CA->-BRCA2 TBX3->-BRCA2 TBX3->-PIK3CA,4,6,2.000000,2,,1.332889e-03
PIK3CA->-BCOR PIK3CA->-PTEN PIK3CA->-TP53 PTEN->-BCOR TP53->-BCOR TP53->-PTEN,4,6,2.000000,2,,1.587471e-03
BRCA1->-SETD2 CDH1->-BRCA1 CDH1->-SETD2 TP53->-BRCA1 TP53->-CDH1 TP53->-SETD2,4,6,2.000000,2,,1.636905e-03
ARID1A->-KMT2C ARID1A->-NCOR1 KMT2C->-NCOR1 PIK3CA->-ARID1A PIK3CA->-KMT2C PIK3CA->-NCOR1,4,6,2.000000,2,,4.991319e-03
ARID1A->-PIK3CA ARID1A->-SETD2 CDH1->-ARID1A CDH1->-PIK3CA CDH1->-SETD2 PIK3CA->-SETD2,4,6,2.000000,2,,5.063657e-03
ERBB2->-KMT2C ERBB2->-PARP1 ERBB2->-PIK3CA KMT2C->-PARP1 PIK3CA->-KMT2C PIK3CA->-PARP1,4,6,2.000000,2,,9.163612e-04
CDH1->-FOXA1 CDH1->-NSD1 CDH1->-PIK3CA NSD1->-FOXA1 PIK3CA->-FOXA1 PIK3CA->-NSD1,4,6,2.000000,2,,1.736111e-03
CDH1->-CREBBP CDH1->-KMT2C CDH1->-PIK3CA CREBBP->-KMT2C PIK3CA->-CREBBP PIK3CA->-KMT2C,4,6,2.000000,2,,5.106091e-03
ARID1A->-IKZF1 ARID1A->-PIK3CA CDH1->-ARID1A CDH1->-IKZF1 CDH1->-PIK3CA IKZF1->-PIK3CA,4,6,2.000000,2,,1.736111e-03
CREBBP->-MAP3K1 GATA3->-CREBBP GATA3->-MAP3K1 GATA3->-PIK3CA PIK3CA->-CREBBP PIK3CA->-MAP3K1,4,6,2.000000,2,,1.736111e-03
CDH1->-KMT2A CDH1->-KMT2C CDH1->-PTCH1 KMT2C->-KMT2A KMT2C->-PTCH1 PTCH1->-KMT2A,4,6,2.000000,2,,1.623441e-03
CDH1->-EPHB1 CDH1->-MAP3K1 CDH1->-PIK3CA MAP3K1->-EPHB1 PIK3CA->-EPHB1 PIK3CA->-MAP3K1,4,6,2.000000,2,,7.440476e-04
ATM->-FAT1 PIK3CA->-ATM PIK3CA->-FAT1 PIK3CA->-TP53 TP53->-ATM TP53->-FAT1,4,6,2.000000,2,,3.479112e-03
GNA11->-FAT1 PIK3CA->-FAT1 PIK3CA->-GNA11 PIK3CA->-TP53 TP53->-FAT1 TP53->-GNA11,4,6,2.000000,2,,9.093915e-04
NCOR1->-NSD1 PTEN->-NCOR1 PTEN->-NSD1 TP53->-NCOR1 TP53->-NSD1 TP53->-PTEN,4,6,2.000000,2,,1.636905e-03
ARID1B->-PTPRS ARID1B->-TSC2 CDH1->-ARID1B CDH1->-PTPRS CDH1->-TSC2 PTPRS->-TSC2,4,6,2.000000,2,,1.224181e-03
ARID1A->-BCOR PIK3CA->-ARID1A PIK3CA->-BCOR PIK3CA->-ROS1 ROS1->-ARID1A ROS1->-BCOR,4,6,2.000000,2,,1.587471e-03
ARID1A->-ATR PIK3CA->-ARID1A PIK3CA->-ATR PIK3CA->-ROS1 ROS1->-ARID1A ROS1->-ATR,4,6,2.000000,2,,1.587471e-03
CDKN1B->-BAP1 CDKN1B->-MAP3K1 MAP3K1->-BAP1 PIK3CA->-BAP1 PIK3CA->-CDKN1B PIK3CA->-MAP3K1,4,6,2.000000,2,,1.736111e-03
PIK3CA->-APC PIK3CA->-SPEN PIK3CA->-TP53 SPEN->-APC TP53->-APC TP53->-SPEN,4,6,2.000000,2,,1.701389e-03
GATA3->-NUP93 MEN1->-GATA3 MEN1->-NUP93 MEN1->-STAG2 STAG2->-GATA3 STAG2->-NUP93,4,6,2.000000,2,,1.736111e-03
ATR->-ARID2 PIK3CA->-ARID2 PIK3CA->-ATR PIK3CA->-PTPRS PTPRS->-ARID2 PTPRS->-ATR,4,6,2.000000,2,,1.664402e-03
CDH1->-KMT2C CDH1->-MEN1 CDH1->-PIK3CA MEN1->-KMT2C PIK3CA->-KMT2C PIK3CA->-MEN1,4,6,2.000000,2,,1.134586e-03
CDH1->-ARID5B CDH1->-MEN1 CDH1->-PIK3CA MEN1->-ARID5B PIK3CA->-ARID5B PIK3CA->-MEN1,4,6,2.000000,2,,1.311157e-03
CDH1->-CREBBP CDH1->-MEN1 CDH1->-PIK3CA MEN1->-CREBBP PIK3CA->-CREBBP PIK3CA->-MEN1,4,6,2.000000,2,,1.188915e-03
KMT2D->-PTPRT PIK3CA->-KMT2D PIK3CA->-PTPRT PIK3CA->-TP53 TP53->-KMT2D TP53->-PTPRT,4,6,2.490323,2,,6.033167e-03
FLT3->-SPEN GATA3->-FLT3 GATA3->-SPEN STAG2->-FLT3 STAG2->-GATA3 STAG2->-SPEN,4,6,2.000000,2,,9.424603e-04
APC->-EPHB1 APC->-KMT2D KMT2D->-EPHB1 TP53->-APC TP53->-EPHB1 TP53->-KMT2D,4,6,2.000000,2,,1.587471e-03
APC->-RAD50 APC->-SDHC CDH1->-APC CDH1->-RAD50 CDH1->-SDHC RAD50->-SDHC,4,6,2.000000,2,,1.251385e-03
APC->-PIK3C2G APC->-SDHC CDH1->-APC CDH1->-PIK3C2G CDH1->-SDHC PIK3C2G->-SDHC,4,6,2.000000,2,,1.251385e-03
APC->-BLM APC->-ERCC4 BLM->-ERCC4 CDH1->-APC CDH1->-BLM CDH1->-ERCC4,4,6,2.000000,2,,1.736111e-03
ARID2->-KMT2D ERCC5->-ARID2 ERCC5->-KMT2D PIK3CA->-ARID2 PIK3CA->-ERCC5 PIK3CA->-KMT2D,4,6,2.000000,2,,1.701389e-03
ARID2->-KMT2D ERCC5->-ARID2 ERCC5->-KMT2D TP53->-ARID2 TP53->-ERCC5 TP53->-KMT2D,4,6,2.000000,2,,1.701389e-03
AR->-KMT2A AR->-PDGFRA AR->-PTPRS PDGFRA->-KMT2A PDGFRA->-PTPRS PTPRS->-KMT2A,4,6,2.000000,2,,1.698370e-03
MGA->-HNF1A MGA->-PTCH1 PIK3CA->-HNF1A PIK3CA->-MGA PIK3CA->-PTCH1 PTCH1->-HNF1A,4,6,2.000000,2,,4.855687e-04
CDH1->-PIK3CA CDH1->-TP53 TP53->-PIK3CA,3,3,2.000000,2,,5.946607e-01
MAP3K1->-PIK3CA TP53->-MAP3K1 TP53->-PIK3CA,3,3,2.500000,2,,2.977565e-01
PIK3CA->-MAP3K1 PIK3CA->-TP53 TP53->-MAP3K1,3,3,2.000000,2,,2.993427e-01
CDH1->-KMT2C CDH1->-TP53 TP53->-KMT2C,3,3,2.000000,2,,3.137746e-01
CDH1->-KMT2C TP53->-CDH1 TP53->-KMT2C,3,3,2.500000,2,,3.152294e-01
PIK3CA->-GATA3 TP53->-GATA3 TP53->-PIK3CA,3,3,2.500000,2,,2.545909e-01
PIK3CA->-ARID1A PIK3CA->-TP53 TP53->-ARID1A,3,3,2.500000,2,,1.986884e-01
CDH1->-ARID1A PIK3CA->-ARID1A PIK3CA->-CDH1,3,3,2.000000,2,,6.629490e-01
CDH1->-RUNX1 PIK3CA->-CDH1 PIK3CA->-RUNX1,3,3,2.000000,2,,5.145788e-01
CDH1->-NCOR1 TP53->-CDH1 TP53->-NCOR1,3,3,2.000000,2,,3.581267e-01
CDH1->-NCOR1 CDH1->-PIK3CA PIK3CA->-NCOR1,3,3,2.600000,2,,4.727969e-01
PIK3CA->-RUNX1 PIK3CA->-TP53 TP53->-RUNX1,3,3,2.000000,2,,1.956019e-01
CDH1->-RUNX1 CDH1->-TP53 TP53->-RUNX1,3,3,2.000000,2,,7.407407e-02
PIK3CA->-PTEN TP53->-PIK3CA TP53->-PTEN,3,3,2.000000,2,,3.991703e-01
MAP3K1->-GATA3 PIK3CA->-GATA3 PIK3CA->-MAP3K1,3,3,2.000000,2,,7.166769e-01
PIK3CA->-FOXA1 PIK3CA->-TP53 TP53->-FOXA1,3,3,2.000000,2,,3.562517e-01
CDH1->-FOXA1 TP53->-CDH1 TP53->-FOXA1,3,3,2.000000,2,,1.542171e-01
PIK3CA->-RB1 TP53->-PIK3CA TP53->-RB1,3,3,2.000000,2,,3.880343e-01
GATA3->-ARID1A PIK3CA->-ARID1A PIK3CA->-GATA3,3,3,2.166667,2,,2.562249e-01
CDH1->-GATA3 PIK3CA->-CDH1 PIK3CA->-GATA3,3,3,2.000000,2,,3.050148e-01
PIK3CA->-CREBBP TP53->-CREBBP TP53->-PIK3CA,3,3,2.666667,2,,1.016432e-01
PIK3CA->-NF1 TP53->-NF1 TP53->-PIK3CA,3,3,2.666667,2,,5.285999e-01
PIK3CA->-NF1 PIK3CA->-TP53 TP53->-NF1,3,3,2.000000,2,,5.275378e-01
PIK3CA->-PTPRT TP53->-PIK3CA TP53->-PTPRT,3,3,2.576369,2,,2.230503e-01
PIK3CA->-FLT4 PIK3CA->-TP53 TP53->-FLT4,3,3,2.000000,2,,7.886260e-02
KMT2C->-MAP3K1 KMT2C->-PIK3CA MAP3K1->-PIK3CA,3,3,2.500000,2,,5.982652e-01
CDH1->-MAP2K4 CDH1->-TP53 TP53->-MAP2K4,3,3,2.000000,2,,1.392167e-02
CDH1->-CDK12 CDH1->-TP53 TP53->-CDK12,3,3,2.000000,2,,1.267911e-03
CDH1->-MAP2K4 PIK3CA->-CDH1 PIK3CA->-MAP2K4,3,3,2.000000,2,,2.052113e-01
ARID1A->-GATA3 ARID1A->-PIK3CA PIK3CA->-GATA3,3,3,2.000000,2,,2.556919e-01
AKT1->-CDH1 AKT1->-TP53 CDH1->-TP53,3,3,2.666667,2,,1.281936e-01
PIK3CA->-SF3B1 TP53->-PIK3CA TP53->-SF3B1,3,3,2.000000,2,,2.492161e-01
PIK3CA->-MED12 PIK3CA->-TP53 TP53->-MED12,3,3,2.000000,2,,1.118205e-01
PTEN->-KMT2C TP53->-KMT2C TP53->-PTEN,3,3,2.500000,2,,7.407407e-02
MAP3K1->-KMT2C PIK3CA->-KMT2C PIK3CA->-MAP3K1,3,3,2.000000,2,,5.994003e-01
KMT2C->-PIK3CA MAP3K1->-KMT2C MAP3K1->-PIK3CA,3,3,2.000000,2,,5.993057e-01
NCOR1->-TP53 PIK3CA->-NCOR1 PIK3CA->-TP53,3,3,2.000000,2,,3.588387e-01
CDH1->-NCOR1 CDH1->-TP53 NCOR1->-TP53,3,3,2.000000,2,,3.581267e-01
CDH1->-PIK3CA RUNX1->-CDH1 RUNX1->-PIK3CA,3,3,2.000000,2,,5.145788e-01
PIK3CA->-CDH1 RUNX1->-CDH1 RUNX1->-PIK3CA,3,3,2.000000,2,,5.145788e-01
CBFB->-GATA3 CBFB->-MAP3K1 MAP3K1->-GATA3,3,3,2.000000,2,,1.102431e-01
CDH1->-BRCA2 TP53->-BRCA2 TP53->-CDH1,3,3,2.000000,2,,3.198934e-02
CDH1->-TP53 PTEN->-CDH1 PTEN->-TP53,3,3,2.000000,2,,4.272650e-02
PTEN->-MAP3K1 TP53->-MAP3K1 TP53->-PTEN,3,3,2.000000,2,,1.302910e-01
MAP3K1->-PIK3CA PTEN->-MAP3K1 PTEN->-PIK3CA,3,3,2.000000,2,,1.278278e-02
CDH1->-PTPRD CDH1->-TP53 TP53->-PTPRD,3,3,2.500000,2,,1.368972e-01
CDH1->-PTPRD TP53->-CDH1 TP53->-PTPRD,3,3,2.486220,2,,1.387152e-01
CDH1->-PIK3CA CDH1->-PTPRD PIK3CA->-PTPRD,3,3,2.000000,2,,1.060850e-01
CDH1->-PTPRD PIK3CA->-CDH1 PIK3CA->-PTPRD,3,3,2.000000,2,,1.068949e-01
FOXA1->-MAP3K1 FOXA1->-PIK3CA PIK3CA->-MAP3K1,3,3,2.000000,2,,3.671942e-01
CDH1->-PIK3CA CDH1->-SPEN PIK3CA->-SPEN,3,3,2.000000,2,,7.357085e-02
MAP2K4->-GATA3 MAP2K4->-PIK3CA PIK3CA->-GATA3,3,3,2.000000,2,,3.537533e-02
CBFB->-CDH1 CBFB->-PIK3CA CDH1->-PIK3CA,3,3,2.000000,2,,4.201304e-01
CDH1->-KMT2D CDH1->-PIK3CA PIK3CA->-KMT2D,3,3,2.000000,2,,2.130950e-01
CDH1->-KMT2D PIK3CA->-CDH1 PIK3CA->-KMT2D,3,3,2.000000,2,,2.109792e-01
PIK3CA->-EPHA5 TP53->-EPHA5 TP53->-PIK3CA,3,3,2.639344,2,,9.554159e-02
PIK3CA->-PIK3C2G PIK3CA->-TP53 TP53->-PIK3C2G,3,3,2.000000,2,,7.752752e-02
PIK3CA->-ANKRD11 TP53->-ANKRD11 TP53->-PIK3CA,3,3,3.023810,2,,3.648123e-02
PIK3CA->-ARID5B TP53->-ARID5B TP53->-PIK3CA,3,3,2.000000,2,,6.409307e-02
PIK3CA->-ARID5B PIK3CA->-TP53 TP53->-ARID5B,3,3,2.000000,2,,6.505253e-02
MAP3K1->-PIK3CA MAP3K1->-TBX3 PIK3CA->-TBX3,3,3,2.500000,2,,1.878628e-01
CDH1->-FAT1 CDH1->-PIK3CA PIK3CA->-FAT1,3,3,2.000000,2,,8.367813e-02
ATM->-GATA3 ATM->-PIK3CA GATA3->-PIK3CA,3,3,2.000000,2,,1.390277e-02
PIK3CA->-IGF1R TP53->-IGF1R TP53->-PIK3CA,3,3,2.500000,2,,7.964012e-03
PIK3CA->-ERBB3 TP53->-ERBB3 TP53->-PIK3CA,3,3,2.000000,2,,5.531027e-02
MAP3K1->-ERBB3 MAP3K1->-PIK3CA PIK3CA->-ERBB3,3,3,2.000000,2,,1.601308e-01
PIK3CA->-MTOR PIK3CA->-TP53 TP53->-MTOR,3,3,2.500000,2,,8.701544e-03
PIK3CA->-RAD50 TP53->-PIK3CA TP53->-RAD50,3,3,2.000000,2,,2.291777e-02
PIK3CA->-RAD50 PIK3CA->-TP53 TP53->-RAD50,3,3,2.000000,2,,2.360379e-02
PIK3CA->-EPHB1 TP53->-EPHB1 TP53->-PIK3CA,3,3,2.000000,2,,1.245511e-01
PIK3CA->-EPHB1 PIK3CA->-TP53 TP53->-EPHB1,3,3,2.000000,2,,1.245511e-01
ATRX->-EPHB1 PIK3CA->-ATRX PIK3CA->-EPHB1,3,3,2.000000,2,,2.431262e-02
PIK3CA->-KDR TP53->-KDR TP53->-PIK3CA,3,3,2.000000,2,,1.730708e-01
CDH1->-PIK3CA CDH1->-PTCH1 PIK3CA->-PTCH1,3,3,2.000000,2,,1.252551e-01
CDH1->-APC CDH1->-PIK3CA PIK3CA->-APC,3,3,2.000000,2,,1.113904e-01
ARID1A->-KMT2C CDH1->-ARID1A CDH1->-KMT2C,3,3,2.000000,2,,5.314372e-02
CDH1->-FOXA1 CDH1->-KMT2C FOXA1->-KMT2C,3,3,2.000000,2,,7.357085e-02
ARID1A->-KMT2C ARID1A->-PIK3CA PIK3CA->-KMT2C,3,3,2.000000,2,,3.716352e-01
CDH1->-RB1 CDH1->-TP53 TP53->-RB1,3,3,2.000000,2,,8.024691e-02
CDH1->-RB1 TP53->-CDH1 TP53->-RB1,3,3,2.000000,2,,8.024691e-02
KMT2C->-FAT1 PIK3CA->-FAT1 PIK3CA->-KMT2C,3,3,2.000000,2,,1.504310e-01
PIK3CA->-STAG2 TP53->-PIK3CA TP53->-STAG2,3,3,2.000000,2,,5.124218e-02
CDH1->-PIK3CA CDH1->-STAG2 PIK3CA->-STAG2,3,3,2.000000,2,,1.081676e-01
PIK3CA->-NOTCH1 TP53->-NOTCH1 TP53->-PIK3CA,3,3,2.000000,2,,4.142820e-02
PIK3CA->-SF3B1 PTEN->-PIK3CA PTEN->-SF3B1,3,3,2.000000,2,,8.854167e-02
TBX3->-PIK3CA TBX3->-TP53 TP53->-PIK3CA,3,3,2.000000,2,,2.426487e-01
PIK3CA->-BAP1 PIK3CA->-TP53 TP53->-BAP1,3,3,2.000000,2,,2.777778e-02
KMT2C->-ARID1A PIK3CA->-ARID1A PIK3CA->-KMT2C,3,3,2.000000,2,,3.683793e-01
KMT2C->-ARID1A KMT2C->-PIK3CA PIK3CA->-ARID1A,3,3,2.000000,2,,3.708537e-01
GATA3->-ARID1A KMT2C->-ARID1A KMT2C->-GATA3,3,3,2.000000,2,,2.777778e-02
MAP3K1->-NCOR1 MAP3K1->-PIK3CA NCOR1->-PIK3CA,3,3,2.000000,2,,2.299913e-01
ARID2->-ARID1A TP53->-ARID1A TP53->-ARID2,3,3,2.000000,2,,7.198254e-02
CDH1->-TBX3 ERBB2->-CDH1 ERBB2->-TBX3,3,3,2.000000,2,,1.206583e-01
MAP3K1->-NOTCH4 TP53->-MAP3K1 TP53->-NOTCH4,3,3,2.000000,2,,7.664112e-03
MAP3K1->-NOTCH4 MAP3K1->-PIK3CA PIK3CA->-NOTCH4,3,3,2.000000,2,,9.127513e-02
MAP3K1->-NOTCH4 PIK3CA->-MAP3K1 PIK3CA->-NOTCH4,3,3,2.000000,2,,9.081232e-02
KMT2C->-GATA3 MEN1->-GATA3 MEN1->-KMT2C,3,3,2.000000,2,,2.777778e-02
CDH1->-ERBB2 CDH1->-TP53 TP53->-ERBB2,3,3,2.000000,2,,2.369549e-01
CDH1->-ERBB2 CDH1->-KMT2C ERBB2->-KMT2C,3,3,2.000000,2,,1.703872e-01
CDH1->-KMT2C ERBB2->-CDH1 ERBB2->-KMT2C,3,3,2.000000,2,,1.652505e-01
KMT2C->-PARP1 TP53->-KMT2C TP53->-PARP1,3,3,2.000000,2,,1.532822e-02
PIK3CA->-PARP1 PIK3CA->-TP53 TP53->-PARP1,3,3,2.000000,2,,5.308453e-02
NCOR1->-MED12 NCOR1->-PIK3CA PIK3CA->-MED12,3,3,2.000000,2,,5.753968e-02
CDH1->-KMT2D CDH1->-PIK3CA KMT2D->-PIK3CA,3,3,2.000000,2,,2.149324e-01
AKT1->-KMT2C AKT1->-TP53 TP53->-KMT2C,3,3,2.400000,2,,2.777778e-02
ARID1B->-PIK3CA TP53->-ARID1B TP53->-PIK3CA,3,3,2.000000,2,,8.535838e-02
CDH1->-NSD1 CDH1->-TP53 TP53->-NSD1,3,3,2.000000,2,,2.777778e-02
GATA3->-EGFR GATA3->-PIK3CA PIK3CA->-EGFR,3,3,2.000000,2,,2.777778e-02
ESR1->-MAP3K1 PIK3CA->-ESR1 PIK3CA->-MAP3K1,3,3,2.000000,2,,2.727930e-01
NF1->-PIK3R1 TP53->-NF1 TP53->-PIK3R1,3,3,2.000000,2,,8.482258e-02
NF1->-PIK3R1 PTEN->-NF1 PTEN->-PIK3R1,3,3,2.000000,2,,8.002112e-02
CREBBP->-KMT2C TP53->-CREBBP TP53->-KMT2C,3,3,2.000000,2,,3.433901e-02
ARID1A->-CREBBP ARID1A->-KMT2C CREBBP->-KMT2C,3,3,2.000000,2,,1.587937e-02
CDH1->-MED12 PIK3CA->-CDH1 PIK3CA->-MED12,3,3,2.000000,2,,1.644227e-01
GATA3->-PIK3CA GATA3->-TBX3 TBX3->-PIK3CA,3,3,2.000000,2,,1.408637e-01
GATA3->-PIK3CA GATA3->-TBX3 PIK3CA->-TBX3,3,3,2.000000,2,,1.412424e-01
GATA3->-TBX3 MAP3K1->-GATA3 MAP3K1->-TBX3,3,3,2.000000,2,,9.556878e-02
FOXA1->-GATA3 FOXA1->-MAP3K1 MAP3K1->-GATA3,3,3,2.000000,2,,9.722222e-02
CDH1->-ERBB2 CDH1->-RUNX1 ERBB2->-RUNX1,3,3,2.000000,2,,1.480195e-01
NCOR1->-RUNX1 PIK3CA->-NCOR1 PIK3CA->-RUNX1,3,3,2.000000,2,,2.632245e-01
NCOR1->-PIK3CA NCOR1->-RUNX1 PIK3CA->-RUNX1,3,3,2.000000,2,,2.632245e-01
NCOR1->-CDH1 TP53->-CDH1 TP53->-NCOR1,3,3,2.000000,2,,3.581267e-01
CDH1->-RUNX1 NCOR1->-CDH1 NCOR1->-RUNX1,3,3,2.000000,2,,1.319444e-01
PIK3CA->-CIC TP53->-CIC TP53->-PIK3CA,3,3,2.000000,2,,6.746032e-02
PTPRS->-PIK3CA TP53->-PIK3CA TP53->-PTPRS,3,3,2.000000,2,,7.013376e-02
CDH1->-PIK3CA CDH1->-PTPRS PTPRS->-PIK3CA,3,3,2.000000,2,,3.899960e-02
CBFB->-NCOR1 CBFB->-PIK3CA NCOR1->-PIK3CA,3,3,2.000000,2,,1.203704e-01
CBFB->-NCOR1 CBFB->-TP53 TP53->-NCOR1,3,3,2.000000,2,,1.092593e-01
CDH1->-PIK3CA CDH1->-RAD50 PIK3CA->-RAD50,3,3,2.000000,2,,5.531490e-02
CDH1->-RAD50 TP53->-CDH1 TP53->-RAD50,3,3,2.000000,2,,1.671665e-02
PIK3CA->-GRIN2A PTEN->-GRIN2A PTEN->-PIK3CA,3,3,2.000000,2,,6.746032e-02
CDH1->-DNMT1 CDH1->-PIK3CA PIK3CA->-DNMT1,3,3,2.000000,2,,2.777778e-02
ARID1A->-CDH1 ARID1A->-PIK3CA CDH1->-PIK3CA,3,3,2.000000,2,,6.600968e-01
ESR1->-PIK3CA MAP3K1->-ESR1 MAP3K1->-PIK3CA,3,3,2.000000,2,,2.727930e-01
CDH1->-PIK3CA NF1->-CDH1 NF1->-PIK3CA,3,3,2.000000,2,,3.561319e-01
PIK3CA->-AR PIK3CA->-TP53 TP53->-AR,3,3,2.500000,2,,4.629630e-02
KMT2C->-ARID1A MEN1->-ARID1A MEN1->-KMT2C,3,3,2.000000,2,,7.357085e-02
PIK3CA->-PTCH1 PIK3CA->-TP53 TP53->-PTCH1,3,3,2.000000,2,,1.191864e-01
FOXA1->-KMT2C TP53->-FOXA1 TP53->-KMT2C,3,3,2.000000,2,,2.865711e-02
PIK3CA->-BARD1 TP53->-BARD1 TP53->-PIK3CA,3,3,2.000000,2,,3.794818e-02
CDH1->-MTOR CDH1->-PIK3CA PIK3CA->-MTOR,3,3,2.000000,2,,6.466078e-02
PIK3CA->-CDKN2A TP53->-CDKN2A TP53->-PIK3CA,3,3,2.000000,2,,5.434373e-02
FAT1->-PIK3CA FAT1->-RICTOR PIK3CA->-RICTOR,3,3,2.000000,2,,7.516986e-02
PIK3CA->-FAT1 PIK3CA->-TET1 TET1->-FAT1,3,3,2.000000,2,,1.209311e-01
NCOR1->-FAT1 NCOR1->-TET1 TET1->-FAT1,3,3,2.000000,2,,2.729045e-02
PIK3CA->-FAT1 PIK3CA->-RB1 RB1->-FAT1,3,3,2.000000,2,,1.309292e-01
TET1->-FAT1 TP53->-FAT1 TP53->-TET1,3,3,2.000000,2,,4.596561e-02
ARID1A->-FAT1 TET1->-ARID1A TET1->-FAT1,3,3,2.000000,2,,9.020714e-03
CDH1->-PIK3CA CDH1->-SETD2 SETD2->-PIK3CA,3,3,2.000000,2,,1.495260e-01
PIK3CA->-EZH2 PIK3CA->-TP53 TP53->-EZH2,3,3,2.000000,2,,7.407407e-02
NCOR1->-PIK3CA NCOR1->-RB1 PIK3CA->-RB1,3,3,2.000000,2,,7.326186e-02
EPHA7->-PIK3CA TP53->-EPHA7 TP53->-PIK3CA,3,3,2.000000,2,,5.881373e-03
GATA3->-SPEN MEN1->-GATA3 MEN1->-SPEN,3,3,2.000000,2,,7.407407e-02
PIK3CA->-ATR PIK3CA->-PTEN PTEN->-ATR,3,3,2.000000,2,,5.574694e-02
MGA->-ATR MGA->-PTEN PTEN->-ATR,3,3,2.000000,2,,1.705041e-02
NF1->-MED12 TP53->-MED12 TP53->-NF1,3,3,2.000000,2,,7.275132e-02
MAP3K1->-NSD1 TP53->-MAP3K1 TP53->-NSD1,3,3,2.000000,2,,7.275132e-02
CDH1->-MAP3K1 CDH1->-NSD1 MAP3K1->-NSD1,3,3,2.000000,2,,1.195790e-01
ATR->-NCOR1 TP53->-ATR TP53->-NCOR1,3,3,2.000000,2,,2.698413e-02
ATR->-NCOR1 PIK3CA->-ATR PIK3CA->-NCOR1,3,3,2.000000,2,,2.777778e-02
ATR->-EP300 PIK3CA->-ATR PIK3CA->-EP300,3,3,2.000000,2,,2.777778e-02
CDH1->-PIK3CA CDH1->-RHOA RHOA->-PIK3CA,3,3,2.000000,2,,5.753968e-02
MAP3K1->-CDH1 MAP3K1->-PIK3CA PIK3CA->-CDH1,3,3,2.000000,2,,7.193540e-01
NF1->-ERBB3 NF1->-TP53 TP53->-ERBB3,3,3,2.000000,2,,7.407407e-02
CDH1->-JAK2 TP53->-CDH1 TP53->-JAK2,3,3,2.000000,2,,2.777778e-02
PIK3CA->-INSR PIK3CA->-TP53 TP53->-INSR,3,3,2.000000,2,,5.055556e-02
ERBB2->-FOXA1 ERBB2->-MAP3K1 FOXA1->-MAP3K1,3,3,2.000000,2,,1.736111e-02
PIK3CA->-PIK3CB PIK3CA->-TP53 TP53->-PIK3CB,3,3,2.000000,2,,1.746032e-02
MDC1->-PIK3CB PIK3CA->-MDC1 PIK3CA->-PIK3CB,3,3,2.000000,2,,1.746032e-02
CDH1->-NOTCH4 CDH1->-PIK3CA PIK3CA->-NOTCH4,3,3,2.000000,2,,7.357085e-02
NF1->-FOXA1 NF1->-PIK3CA PIK3CA->-FOXA1,3,3,2.000000,2,,7.407407e-02
NF1->-FOXA1 TP53->-FOXA1 TP53->-NF1,3,3,2.000000,2,,7.407407e-02
MAP2K4->-PIK3CA NCOR1->-MAP2K4 NCOR1->-PIK3CA,3,3,2.000000,2,,1.012007e-01
NF1->-ATM NF1->-PIK3CA PIK3CA->-ATM,3,3,2.000000,2,,2.777778e-02
GATA3->-FOXA1 PIK3CA->-FOXA1 PIK3CA->-GATA3,3,3,2.000000,2,,2.230367e-01
MGA->-ATR MGA->-PIK3CA PIK3CA->-ATR,3,3,2.000000,2,,1.083178e-01
GATA3->-SF3B1 PIK3CA->-GATA3 PIK3CA->-SF3B1,3,3,2.000000,2,,5.671296e-02
TBX3->-KMT2C TP53->-KMT2C TP53->-TBX3,3,3,2.000000,2,,3.004554e-02
PTEN->-ATRX TP53->-ATRX TP53->-PTEN,3,3,2.000000,2,,8.994892e-02
CDH1->-ERBB3 ERBB2->-CDH1 ERBB2->-ERBB3,3,3,2.000000,2,,7.407407e-02
CDH1->-KMT2C CDH1->-PARP1 KMT2C->-PARP1,3,3,2.000000,2,,4.561648e-02
CDH1->-PARP1 CDH1->-RAD50 RAD50->-PARP1,3,3,2.000000,2,,1.365262e-02
CDH1->-DNMT3A CDH1->-PIK3CA PIK3CA->-DNMT3A,3,3,2.000000,2,,5.466696e-02
CDH1->-DNMT3A TP53->-CDH1 TP53->-DNMT3A,3,3,2.000000,2,,1.566145e-02
NF1->-TET2 TP53->-NF1 TP53->-TET2,3,3,2.000000,2,,1.587302e-02
NF1->-MED12 PTEN->-MED12 PTEN->-NF1,3,3,2.000000,2,,2.121829e-02
NF1->-NSD1 PTEN->-NF1 PTEN->-NSD1,3,3,2.000000,2,,2.121829e-02
CDH1->-JAK3 CDH1->-PIK3CA PIK3CA->-JAK3,3,3,2.000000,2,,1.388889e-02
ARID1A->-KMT2D PIK3CA->-ARID1A PIK3CA->-KMT2D,3,3,2.000000,2,,7.198254e-02
MAP3K1->-MED12 PTEN->-MAP3K1 PTEN->-MED12,3,3,2.500000,2,,2.905760e-02
PIK3CA->-DICER1 TP53->-DICER1 TP53->-PIK3CA,3,3,2.000000,2,,1.179884e-03
CDH1->-ALK CDH1->-PIK3CA PIK3CA->-ALK,3,3,2.000000,2,,2.198068e-02
CDH1->-ALK CDH1->-FOXA1 FOXA1->-ALK,3,3,2.000000,2,,2.198068e-02
CDH1->-EGFR CDH1->-PIK3CA PIK3CA->-EGFR,3,3,2.250000,2,,2.777778e-02
CDH1->-PAK7 CDH1->-TP53 TP53->-PAK7,3,3,2.000000,2,,2.922467e-02
CDH1->-PAK7 CDH1->-PIK3CA PIK3CA->-PAK7,3,3,2.000000,2,,6.920142e-02
KMT2C->-PIK3CA ZFHX3->-KMT2C ZFHX3->-PIK3CA,3,3,2.000000,2,,8.657913e-02
CDH1->-DNMT3B CDH1->-PIK3CA PIK3CA->-DNMT3B,3,3,2.000000,2,,2.747585e-02
CDH1->-FOXA1 CDH1->-RUNX1 RUNX1->-FOXA1,3,3,2.000000,2,,1.319444e-01
KMT2C->-PIK3CA RB1->-KMT2C RB1->-PIK3CA,3,3,2.000000,2,,7.407407e-02
FOXA1->-TBX3 PIK3CA->-FOXA1 PIK3CA->-TBX3,3,3,2.000000,2,,7.407407e-02
CDH1->-ATR CDH1->-PIK3CA PIK3CA->-ATR,3,3,2.500000,2,,5.369667e-02
APC->-PIK3CA CDH1->-APC CDH1->-PIK3CA,3,3,2.000000,2,,1.113904e-01
NCOR1->-MAP3K1 TP53->-MAP3K1 TP53->-NCOR1,3,3,2.000000,2,,7.490096e-02
MAP3K1->-PIK3CA NCOR1->-MAP3K1 NCOR1->-PIK3CA,3,3,2.000000,2,,2.299913e-01
SPEN->-ARID2 TP53->-ARID2 TP53->-SPEN,3,3,2.347826,2,,3.538376e-02
IRS2->-CARD11 TP53->-CARD11 TP53->-IRS2,3,3,2.000000,2,,2.261900e-02
PIK3CA->-ARAF PIK3CA->-TP53 TP53->-ARAF,3,3,2.000000,2,,4.106039e-02
CDH1->-PIK3CA CDH1->-SMO PIK3CA->-SMO,3,3,2.000000,2,,3.609346e-02
STK11->-EP300 TP53->-EP300 TP53->-STK11,3,3,2.000000,2,,9.049993e-02
CDH1->-TET2 MAP2K4->-CDH1 MAP2K4->-TET2,3,3,2.000000,2,,1.819292e-02
CDH1->-MTOR MAP2K4->-CDH1 MAP2K4->-MTOR,3,3,2.000000,2,,1.819292e-02
ARID1B->-KMT2C ARID1B->-PIK3CA KMT2C->-PIK3CA,3,3,2.000000,2,,2.203191e-02
CDH1->-TBX3 NCOR1->-CDH1 NCOR1->-TBX3,3,3,2.000000,2,,1.785714e-02
ARID1A->-PIK3CA SETD2->-ARID1A SETD2->-PIK3CA,3,3,2.000000,2,,1.822423e-01
NOTCH1->-PIK3CA SETD2->-NOTCH1 SETD2->-PIK3CA,3,3,2.000000,2,,6.481645e-02
ARID1A->-ARID2 ARID1A->-PIK3CA ARID2->-PIK3CA,3,3,2.000000,2,,1.193874e-01
CDH1->-MAP3K1 CDH1->-NSD1 NSD1->-MAP3K1,3,3,2.000000,2,,1.195790e-01
CDH1->-DOT1L CDH1->-MAP3K1 DOT1L->-MAP3K1,3,3,2.000000,2,,2.184236e-02
NSD1->-KMT2C PIK3CA->-KMT2C PIK3CA->-NSD1,3,3,2.000000,2,,2.777778e-02
ARID1A->-KMT2C ARID1A->-NSD1 NSD1->-KMT2C,3,3,2.000000,2,,2.777778e-02
MAP3K1->-KMT2C NSD1->-KMT2C NSD1->-MAP3K1,3,3,2.000000,2,,4.512900e-02
ARID1A->-EPHB1 TP53->-ARID1A TP53->-EPHB1,3,3,2.000000,2,,2.652286e-02
HIST1H3I->-SMARCA4 PIK3CA->-HIST1H3I PIK3CA->-SMARCA4,3,3,2.000000,2,,6.224118e-02
CARD11->-ATR TP53->-ATR TP53->-CARD11,3,3,3.000000,2,,9.858877e-02
ARID1A->-EGFR GATA3->-ARID1A GATA3->-EGFR,3,3,2.000000,2,,2.777778e-02
GATA3->-NUP93 PIK3CA->-GATA3 PIK3CA->-NUP93,3,3,2.000000,2,,7.407407e-02
ARID1A->-SPEN CDH1->-ARID1A CDH1->-SPEN,3,3,2.000000,2,,2.747585e-02
ARID1A->-SPEN MEN1->-ARID1A MEN1->-SPEN,3,3,2.000000,2,,2.747585e-02
GATA3->-SPEN MAP3K1->-GATA3 MAP3K1->-SPEN,3,3,2.000000,2,,1.736111e-02
PIK3CA->-ROS1 PIK3CA->-TP53 ROS1->-TP53,3,3,2.000000,2,,1.064569e-01
PIK3C2G->-CREBBP PIK3CA->-CREBBP PIK3CA->-PIK3C2G,3,3,2.000000,2,,8.156749e-02
CHEK2->-PIK3CA CHEK2->-TP53 TP53->-PIK3CA,3,3,2.000000,2,,2.698413e-02
NF1->-ARID1A PIK3CA->-ARID1A PIK3CA->-NF1,3,3,2.000000,2,,4.398148e-02
CDH1->-ESR1 CDH1->-RHOA ESR1->-RHOA,3,3,2.000000,2,,2.777778e-02
ARID1A->-JAK1 ARID1A->-PIK3CA JAK1->-PIK3CA,3,3,2.000000,2,,7.407407e-02
MST1R->-KMT2C PIK3CA->-KMT2C PIK3CA->-MST1R,3,3,2.000000,2,,6.911376e-02
CDH1->-ARID2 CDH1->-PIK3CA PIK3CA->-ARID2,3,3,2.000000,2,,7.357085e-02
PIK3CA->-KMT2D PIK3CA->-ROS1 ROS1->-KMT2D,3,3,2.000000,2,,2.652286e-02
PTPRT->-KMT2C TP53->-KMT2C TP53->-PTPRT,3,3,2.000000,2,,7.352511e-02
KMT2D->-PIK3CA PTPRT->-KMT2D PTPRT->-PIK3CA,3,3,2.000000,2,,1.453012e-01
PTPRS->-KMT2C TP53->-KMT2C TP53->-PTPRS,3,3,2.000000,2,,2.380952e-02
KMT2C->-KMT2D TP53->-KMT2C TP53->-KMT2D,3,3,2.000000,2,,1.611278e-01
KMT2C->-KMT2D PTPRT->-KMT2C PTPRT->-KMT2D,3,3,2.000000,2,,2.744840e-02
ESR1->-EGFR ESR1->-GATA3 GATA3->-EGFR,3,3,2.000000,2,,2.777778e-02
SOX9->-PTCH1 TP53->-PTCH1 TP53->-SOX9,3,3,2.000000,2,,2.537879e-02
ARID1A->-APC CDH1->-APC CDH1->-ARID1A,3,3,2.000000,2,,2.747585e-02
ARID1A->-CREBBP CDH1->-ARID1A CDH1->-CREBBP,3,3,2.000000,2,,9.082574e-02
CDH1->-PTCH1 ERBB2->-CDH1 ERBB2->-PTCH1,3,3,2.000000,2,,7.357085e-02
ERBB2->-PIK3CA ERBB2->-PTCH1 PIK3CA->-PTCH1,3,3,2.000000,2,,2.747585e-02
ERBB2->-KMT2C ERBB2->-PTCH1 KMT2C->-PTCH1,3,3,2.000000,2,,2.747585e-02
ARID1A->-ARID5B ARID1A->-TP53 TP53->-ARID5B,3,3,2.000000,2,,2.777778e-02
BRCA1->-GATA2 TP53->-BRCA1 TP53->-GATA2,3,3,2.000000,2,,6.954575e-02
CDH1->-PIK3C2G CDH1->-PIK3CA PIK3CA->-PIK3C2G,3,3,2.000000,2,,7.352511e-02
ARID1B->-NF1 PTEN->-ARID1B PTEN->-NF1,3,3,2.000000,2,,2.002216e-02
PTEN->-ARID2 TP53->-ARID2 TP53->-PTEN,3,3,2.000000,2,,7.198254e-02
ATRX->-ARID2 TP53->-ARID2 TP53->-ATRX,3,3,2.000000,2,,2.652286e-02
ATRX->-ARID2 EPHA5->-ARID2 EPHA5->-ATRX,3,3,2.000000,2,,2.652286e-02
EPHA5->-ARID2 EPHA5->-ROS1 ROS1->-ARID2,3,3,2.000000,2,,2.652286e-02
MAP3K1->-ARID2 PTEN->-ARID2 PTEN->-MAP3K1,3,3,2.000000,2,,2.777778e-02
EPCAM->-ARID2 PTEN->-ARID2 PTEN->-EPCAM,3,3,2.000000,2,,2.777778e-02
EPCAM->-ARID2 TP53->-ARID2 TP53->-EPCAM,3,3,2.000000,2,,2.777778e-02
CDH1->-BLM CDH1->-PIK3CA PIK3CA->-BLM,3,3,2.000000,2,,5.111788e-02
PIK3CA->-NCOR1 PIK3CA->-RUNX1 RUNX1->-NCOR1,3,3,2.000000,2,,2.632245e-01
NF1->-KMT2A TP53->-KMT2A TP53->-NF1,3,3,2.000000,2,,2.777778e-02
NF1->-KMT2A PIK3CA->-KMT2A PIK3CA->-NF1,3,3,2.000000,2,,2.747585e-02
PIK3CA->-AURKA TP53->-AURKA TP53->-PIK3CA,3,3,2.000000,2,,2.711640e-02
PIK3CA->-RB1 PIK3CA->-TET1 RB1->-TET1,3,3,2.000000,2,,7.326186e-02
RB1->-TET1 TP53->-RB1 TP53->-TET1,3,3,2.000000,2,,7.407407e-02
PIK3CA->-GATA3 RHOA->-GATA3 RHOA->-PIK3CA,3,3,2.000000,2,,5.753968e-02
CDH1->-GATA3 CDH1->-RHOA RHOA->-GATA3,3,3,2.000000,2,,1.785714e-02
CBFB->-ESR1 CBFB->-PIK3CA PIK3CA->-ESR1,3,3,2.000000,2,,1.111111e-02
CBFB->-KMT2C CBFB->-PIK3CA KMT2C->-PIK3CA,3,3,2.000000,2,,1.182806e-01
SPEN->-ATM SPEN->-TP53 TP53->-ATM,3,3,2.000000,2,,4.304467e-02
AKT1->-TET2 AKT1->-TP53 TP53->-TET2,3,3,2.000000,2,,5.423280e-02
CDH1->-PIK3CA CREBBP->-CDH1 CREBBP->-PIK3CA,3,3,2.000000,2,,2.779408e-01
BRCA1->-PIK3CA TP53->-BRCA1 TP53->-PIK3CA,3,3,2.000000,2,,3.346333e-02
JAK1->-PIK3CA JAK1->-TP53 TP53->-PIK3CA,3,3,2.000000,2,,7.275132e-02
PIK3CA->-CDKN1A PIK3CA->-TP53 TP53->-CDKN1A,3,3,2.000000,2,,5.652000e-02
CBFB->-SPEN GATA3->-CBFB GATA3->-SPEN,3,3,2.000000,2,,5.671296e-02
INPP4A->-ESR1 PIK3CA->-ESR1 PIK3CA->-INPP4A,3,3,2.000000,2,,7.407407e-02
CDH1->-ERBB2 TBX3->-CDH1 TBX3->-ERBB2,3,3,2.000000,2,,1.206583e-01
MAP3K1->-ERCC5 TP53->-ERCC5 TP53->-MAP3K1,3,3,2.000000,2,,6.359788e-02
ARID1A->-BRCA2 ARID1A->-PIK3CA PIK3CA->-BRCA2,3,3,2.000000,2,,5.401903e-02
ARID1A->-CREBBP ARID1A->-PIK3CA PIK3CA->-CREBBP,3,3,2.000000,2,,5.784384e-02
PIK3CA->-SDHB TP53->-PIK3CA TP53->-SDHB,3,3,2.000000,2,,6.733047e-02
MEN1->-NUP93 MEN1->-PIK3CA PIK3CA->-NUP93,3,3,2.000000,2,,2.777778e-02
ATRX->-EPHB1 TP53->-ATRX TP53->-EPHB1,3,3,2.000000,2,,3.928932e-02
ATRX->-EPHB1 CDH1->-ATRX CDH1->-EPHB1,3,3,2.000000,2,,7.715021e-03
PTEN->-MAP2K4 PTEN->-TP53 TP53->-MAP2K4,3,3,2.000000,2,,6.727850e-02
PIK3CA->-YES1 TP53->-PIK3CA TP53->-YES1,3,3,2.000000,2,,5.336110e-02
PTEN->-MST1R TP53->-MST1R TP53->-PTEN,3,3,2.000000,2,,2.777778e-02
APC->-ATM APC->-PIK3CA PIK3CA->-ATM,3,3,2.000000,2,,3.132734e-02
PIK3CA->-TP53 PIK3CA->-TRAF2 TP53->-TRAF2,3,3,2.000000,2,,7.810176e-03
PTEN->-NBN TP53->-NBN TP53->-PTEN,3,3,2.000000,2,,2.777778e-02
PTEN->-PIK3CD TP53->-PIK3CD TP53->-PTEN,3,3,2.000000,2,,2.408702e-02
PIK3CA->-ATM PTEN->-ATM PTEN->-PIK3CA,3,3,2.000000,2,,3.855858e-03
PIK3CA->-DNMT1 PTEN->-DNMT1 PTEN->-PIK3CA,3,3,2.000000,2,,4.609575e-03
ATM->-MAP3K1 ATM->-PIK3CA MAP3K1->-PIK3CA,3,3,2.000000,2,,8.294457e-02
FAT1->-ATRX TP53->-ATRX TP53->-FAT1,3,3,2.000000,2,,8.275019e-03
FAT1->-ATRX PTEN->-ATRX PTEN->-FAT1,3,3,2.000000,2,,8.719316e-03
CDH1->-ATM CDH1->-PIK3CA PIK3CA->-ATM,3,3,2.000000,2,,1.302910e-01
PIK3CA->-TP53 PIK3CA->-ZFHX3 ZFHX3->-TP53,3,3,2.500000,2,,5.815654e-02
ATR->-ALK TP53->-ALK TP53->-ATR,3,3,2.000000,2,,2.777778e-02
FAT1->-FLT4 PIK3CA->-FAT1 PIK3CA->-FLT4,3,3,2.000000,2,,2.777778e-02
FAT1->-NF1 PIK3CA->-FAT1 PIK3CA->-NF1,3,3,2.000000,2,,7.407407e-02
ARID1B->-KMT2A ARID1B->-PIK3CA PIK3CA->-KMT2A,3,3,2.000000,2,,2.747585e-02
MAP3K1->-PIK3CA TBX3->-MAP3K1 TBX3->-PIK3CA,3,3,2.000000,2,,1.878628e-01
ARID1A->-POLE PIK3CA->-ARID1A PIK3CA->-POLE,3,3,2.000000,2,,7.198254e-02
PIK3CA->-PARP1 PIK3CA->-YES1 YES1->-PARP1,3,3,2.000000,2,,1.627791e-02
TP53->-PARP1 TP53->-YES1 YES1->-PARP1,3,3,2.000000,2,,1.633289e-02
FOXA1->-KMT2A FOXA1->-PIK3CA PIK3CA->-KMT2A,3,3,2.000000,2,,3.587693e-02
PTPRS->-KMT2D TP53->-KMT2D TP53->-PTPRS,3,3,2.333333,2,,4.856714e-02
CDH1->-FOXA1 CDH1->-NCOR1 FOXA1->-NCOR1,3,3,2.000000,2,,2.747585e-02
CDH1->-ERBB3 CDH1->-TBX3 TBX3->-ERBB3,3,3,2.000000,2,,2.777778e-02
TET2->-SETD2 TP53->-SETD2 TP53->-TET2,3,3,2.250000,2,,6.311653e-02
FGFR4->-MSH6 TP53->-FGFR4 TP53->-MSH6,3,3,2.000000,2,,1.597801e-03
NCOR1->-POLE TP53->-NCOR1 TP53->-POLE,3,3,2.000000,2,,4.530236e-03
CDKN2A->-NOTCH4 PIK3CA->-CDKN2A PIK3CA->-NOTCH4,3,3,2.000000,2,,6.931023e-03
CDH1->-CTCF CDH1->-ERBB3 ERBB3->-CTCF,3,3,2.000000,2,,3.054537e-03
BLM->-FAT1 BLM->-KDR FAT1->-KDR,3,3,2.000000,2,,2.138176e-02
KMT2C->-EP300 KMT2D->-EP300 KMT2D->-KMT2C,3,3,2.000000,2,,2.238143e-02
CDH1->-PIK3CA RAD52->-CDH1 RAD52->-PIK3CA,3,3,2.000000,2,,2.347789e-02
CDH1->-PIK3CA STK11->-CDH1 STK11->-PIK3CA,3,3,2.000000,2,,6.790329e-02
JAK3->-GATA3 MAP2K4->-GATA3 MAP2K4->-JAK3,3,3,2.000000,2,,1.782407e-02
JAK2->-BLM JAK2->-MAP3K13 MAP3K13->-BLM,3,3,2.000000,2,,1.190476e-02
PTEN->-BARD1 TP53->-BARD1 TP53->-PTEN,3,3,2.000000,2,,9.722222e-03
ARID2->-CARD11 SETD2->-ARID2 SETD2->-CARD11,3,3,2.000000,2,,2.192447e-02
ARID1A->-CARD11 SETD2->-ARID1A SETD2->-CARD11,3,3,2.000000,2,,2.192447e-02
FAT1->-CARD11 TET1->-CARD11 TET1->-FAT1,3,3,2.000000,2,,6.604747e-02
CCNE1->-RICTOR PIK3CA->-CCNE1 PIK3CA->-RICTOR,3,3,2.000000,2,,2.296182e-02
CCNE1->-IGF1R PIK3CA->-CCNE1 PIK3CA->-IGF1R,3,3,2.000000,2,,2.296182e-02
CDH1->-EZH2 CDH1->-TP53 TP53->-EZH2,3,3,2.000000,2,,2.777778e-02
ARID1A->-DOT1L ARID1A->-FOXA1 DOT1L->-FOXA1,3,3,2.000000,2,,7.936508e-03
CDH1->-DOT1L CDH1->-PIK3CA PIK3CA->-DOT1L,3,3,2.000000,2,,2.777778e-02
PDCD1->-RB1 PIK3CA->-PDCD1 PIK3CA->-RB1,3,3,2.000000,2,,2.729045e-02
PDCD1->-FAT1 PIK3CA->-FAT1 PIK3CA->-PDCD1,3,3,2.000000,2,,2.729045e-02
ASXL2->-FOXP1 PIK3CA->-ASXL2 PIK3CA->-FOXP1,3,3,2.000000,2,,2.729045e-02
NSD1->-PIK3CA TP53->-NSD1 TP53->-PIK3CA,3,3,2.000000,2,,8.749055e-02
ARID2->-IKZF1 ARID2->-PIK3CA IKZF1->-PIK3CA,3,3,2.000000,2,,1.587302e-02
PIK3CA->-CREBBP PIK3CA->-PLK2 PLK2->-CREBBP,3,3,2.000000,2,,4.286909e-02
NOTCH2->-CREBBP TP53->-CREBBP TP53->-NOTCH2,3,3,2.000000,2,,9.424603e-03
CCNE1->-ESR1 CCNE1->-MAP3K1 ESR1->-MAP3K1,3,3,2.000000,2,,2.777778e-02
PIK3CA->-NUP93 PIK3CA->-SPEN SPEN->-NUP93,3,3,2.000000,2,,2.750000e-02
PIK3CA->-TP53 SMARCA4->-PIK3CA SMARCA4->-TP53,3,3,2.000000,2,,1.485330e-01
ROS1->-TP53 TBX3->-ROS1 TBX3->-TP53,3,3,2.000000,2,,4.362875e-02
CDKN2A->-KMT2D TP53->-CDKN2A TP53->-KMT2D,3,3,2.000000,2,,2.750000e-02
PTEN->-CARD11 TP53->-CARD11 TP53->-PTEN,3,3,2.000000,2,,1.878703e-02
NF1->-ERCC5 TP53->-ERCC5 TP53->-NF1,3,3,2.000000,2,,2.698413e-02
ERCC5->-FGFR4 TP53->-ERCC5 TP53->-FGFR4,3,3,2.000000,2,,2.671429e-02
RB1->-FBXW7 TP53->-FBXW7 TP53->-RB1,3,3,2.000000,2,,2.222222e-02
CDH1->-SOX17 CDH1->-TP53 TP53->-SOX17,3,3,2.000000,2,,2.777778e-02
RB1->-AXIN1 TP53->-AXIN1 TP53->-RB1,3,3,2.000000,2,,2.777778e-02
NF1->-PTPRD NF1->-TP53 TP53->-PTPRD,3,3,2.000000,2,,1.388889e-02
CDH1->-PTEN CDH1->-RHOA PTEN->-RHOA,3,3,2.000000,2,,2.777778e-02
MAP2K4->-BRCA2 TP53->-BRCA2 TP53->-MAP2K4,3,3,2.000000,2,,1.943797e-03
KMT2D->-RB1 TP53->-KMT2D TP53->-RB1,3,3,2.000000,2,,6.029291e-02
PIK3CA->-POLE PIK3CA->-SPEN SPEN->-POLE,3,3,2.000000,2,,2.777778e-02
PIK3CA->-FLT1 PIK3CA->-SPEN SPEN->-FLT1,3,3,2.000000,2,,2.777778e-02
CDH1->-PIK3CA PTPRT->-CDH1 PTPRT->-PIK3CA,3,3,2.000000,2,,7.352511e-02
ATR->-NOTCH4 PIK3CA->-ATR PIK3CA->-NOTCH4,3,3,2.000000,2,,2.750000e-02
CDH1->-KMT2C CDH1->-RUNX1 KMT2C->-RUNX1,3,3,2.000000,2,,1.319444e-01
PIK3CA->-RB1 PIK3CA->-RUNX1 RB1->-RUNX1,3,3,2.000000,2,,2.777778e-02
RB1->-RUNX1 TP53->-RB1 TP53->-RUNX1,3,3,2.000000,2,,2.777778e-02
CDH1->-MAP3K1 CDH1->-POLE MAP3K1->-POLE,3,3,2.000000,2,,2.777778e-02
GATA3->-RAD50 PIK3CA->-GATA3 PIK3CA->-RAD50,3,3,2.000000,2,,2.777778e-02
ESR1->-RAD50 PIK3CA->-ESR1 PIK3CA->-RAD50,3,3,2.000000,2,,2.810174e-02
MAP3K1->-NF1 PIK3CA->-MAP3K1 PIK3CA->-NF1,3,3,2.000000,2,,7.407407e-02
CDH1->-NF1 CDH1->-RAD50 NF1->-RAD50,3,3,2.000000,2,,2.184236e-02
ARID2->-BCOR TP53->-ARID2 TP53->-BCOR,3,3,2.000000,2,,2.652286e-02
RB1->-NOTCH2 TP53->-NOTCH2 TP53->-RB1,3,3,2.000000,2,,2.777778e-02
ATM->-RUNX1 PIK3CA->-ATM PIK3CA->-RUNX1,3,3,2.000000,2,,5.500000e-03
CDH1->-ERBB2 CDH1->-NCOR1 NCOR1->-ERBB2,3,3,2.000000,2,,7.407407e-02
CDH1->-INPP4A CDH1->-PIK3CA PIK3CA->-INPP4A,3,3,2.000000,2,,2.777778e-02
NCOR1->-TET2 TP53->-NCOR1 TP53->-TET2,3,3,2.000000,2,,2.777778e-02
CDH1->-CDKN2A CDH1->-NCOR1 CDKN2A->-NCOR1,3,3,2.000000,2,,2.777778e-02
KDM6A->-GRIN2A TP53->-GRIN2A TP53->-KDM6A,3,3,2.000000,2,,2.777778e-02
CDH1->-MSH2 CDH1->-RASA1 MSH2->-RASA1,3,3,2.000000,2,,2.716503e-02
PIK3CA->-POLE PIK3CA->-RB1 RB1->-POLE,3,3,2.000000,2,,6.895190e-02
PIK3CA->-ERG PIK3CA->-TP53 TP53->-ERG,3,3,2.000000,2,,2.592593e-02
CDH1->-PIK3CA CDH1->-SMARCD1 PIK3CA->-SMARCD1,3,3,2.000000,2,,6.944444e-03
ESR1->-PTPRD TP53->-ESR1 TP53->-PTPRD,3,3,2.000000,2,,1.388889e-02
PTEN->-KMT2D TP53->-KMT2D TP53->-PTEN,3,3,2.000000,2,,7.198254e-02
KMT2D->-MDC1 TP53->-KMT2D TP53->-MDC1,3,3,2.000000,2,,2.182540e-02
PIK3CA->-BRIP1 PIK3CA->-RUNX1 RUNX1->-BRIP1,3,3,2.000000,2,,1.944444e-02
MAP3K1->-REL TP53->-MAP3K1 TP53->-REL,3,3,2.000000,2,,2.777778e-02
ATM->-CDH1 ATM->-PIK3CA CDH1->-PIK3CA,3,3,2.000000,2,,1.302910e-01
BCL6->-NOTCH1 CDH1->-BCL6 CDH1->-NOTCH1,3,3,2.000000,2,,2.777778e-02
ATM->-NOTCH4 TP53->-ATM TP53->-NOTCH4,3,3,2.000000,2,,2.750000e-02
RB1->-PTPRT TP53->-PTPRT TP53->-RB1,3,3,2.000000,2,,7.198254e-02
PIK3C2G->-PTPRT TP53->-PIK3C2G TP53->-PTPRT,3,3,2.000000,2,,2.744840e-02
MAP3K1->-NOTCH1 MAP3K1->-PIK3CA PIK3CA->-NOTCH1,3,3,2.000000,2,,1.257440e-01
RB1->-NOTCH1 TP53->-NOTCH1 TP53->-RB1,3,3,2.000000,2,,2.777778e-02
ATM->-PIK3CA ATM->-SF3B1 PIK3CA->-SF3B1,3,3,2.000000,2,,1.388889e-02
CDH1->-DNMT3A CDH1->-KDR DNMT3A->-KDR,3,3,2.000000,2,,2.777778e-02
APC->-RB1 TP53->-APC TP53->-RB1,3,3,2.000000,2,,7.198254e-02
POLE->-SMARCA4 TP53->-POLE TP53->-SMARCA4,3,3,2.000000,2,,1.742931e-02
MSH6->-TERT PIK3CA->-MSH6 PIK3CA->-TERT,3,3,2.000000,2,,2.777778e-02
CDH1->-NOTCH1 CDH1->-PTEN PTEN->-NOTCH1,3,3,2.000000,2,,9.663446e-03
CDH1->-MED12 CDH1->-SDHC MED12->-SDHC,3,3,2.000000,2,,2.184236e-02
CDH1->-SETD2 CDH1->-STK11 SETD2->-STK11,3,3,2.000000,2,,7.407407e-02
ARID1A->-ERCC4 ARID1A->-IKZF1 IKZF1->-ERCC4,3,3,2.000000,2,,2.777778e-02
ARID1A->-ARID2 ARID1A->-FLT3 ARID2->-FLT3,3,3,2.000000,2,,2.777778e-02
ASXL1->-PIK3CA PIK3R3->-ASXL1 PIK3R3->-PIK3CA,3,3,2.000000,2,,2.777778e-02
JAK2->-PIK3CA LATS2->-JAK2 LATS2->-PIK3CA,3,3,2.000000,2,,2.777778e-02
CDH1->-JAK2 CDH1->-PIK3CA JAK2->-PIK3CA,3,3,2.000000,2,,7.407407e-02
CDH1->-PIK3CA CDH1->-SMARCB1 SMARCB1->-PIK3CA,3,3,2.000000,2,,1.587302e-02
KMT2D->-ERBB3 TP53->-ERBB3 TP53->-KMT2D,3,3,2.000000,2,,2.777778e-02
KMT2C->-KMT2A KMT2C->-TSC2 TSC2->-KMT2A,3,3,2.000000,2,,1.275664e-02
KMT2C->-MED12 KMT2C->-TSC2 TSC2->-MED12,3,3,2.000000,2,,1.014109e-02
MED12->-KMT2D TP53->-KMT2D TP53->-MED12,3,3,2.000000,2,,1.289683e-02
PIK3CA->-CARD11 PIK3CA->-RUNX1 RUNX1->-CARD11,3,3,2.000000,2,,2.750000e-02
RUNX1->-CARD11 TP53->-CARD11 TP53->-RUNX1,3,3,2.000000,2,,2.750000e-02
RUNX1->-MSH6 TP53->-MSH6 TP53->-RUNX1,3,3,2.000000,2,,2.750000e-02
PIK3CA->-MSH6 PIK3CA->-RUNX1 RUNX1->-MSH6,3,3,2.000000,2,,2.750000e-02
RUNX1->-MGA TP53->-MGA TP53->-RUNX1,3,3,2.000000,2,,2.750000e-02
PIK3CA->-MGA PIK3CA->-RUNX1 RUNX1->-MGA,3,3,2.000000,2,,7.361111e-02
FAT1->-MSH6 PIK3CA->-FAT1 PIK3CA->-MSH6,3,3,2.000000,2,,2.777778e-02
PIK3CA->-MGA PIK3CA->-SETD2 SETD2->-MGA,3,3,2.000000,2,,8.157898e-02
SETD2->-MGA TP53->-MGA TP53->-SETD2,3,3,2.000000,2,,2.652286e-02
SETD2->-PTCH1 TP53->-PTCH1 TP53->-SETD2,3,3,2.000000,2,,2.652286e-02
PIK3CA->-PTCH1 PIK3CA->-SETD2 SETD2->-PTCH1,3,3,2.000000,2,,3.557260e-02
NCOR1->-PTCH1 PIK3CA->-NCOR1 PIK3CA->-PTCH1,3,3,2.000000,2,,2.777778e-02
BARD1->-AKT1 TP53->-AKT1 TP53->-BARD1,3,3,2.000000,2,,9.722222e-03
ATR->-RUNX1 PIK3CA->-ATR PIK3CA->-RUNX1,3,3,2.000000,2,,7.361111e-02
APC->-NF1 CDH1->-APC CDH1->-NF1,3,3,2.000000,2,,4.957230e-02
ARID1A->-RUNX1 PTEN->-ARID1A PTEN->-RUNX1,3,3,2.000000,2,,2.777778e-02
STAG2->-PTEN STAG2->-TP53 TP53->-PTEN,3,3,2.000000,2,,2.777778e-02
AKT1->-XPO1 CDH1->-AKT1 CDH1->-XPO1,3,3,2.000000,2,,2.777778e-02
BRCA2->-MTOR BRCA2->-XPO1 MTOR->-XPO1,3,3,2.000000,2,,2.777778e-02
KMT2C->-NOTCH3 KMT2C->-XPO1 NOTCH3->-XPO1,3,3,2.000000,2,,2.747585e-02
CDH1->-FAT1 MTOR->-CDH1 MTOR->-FAT1,3,3,2.000000,2,,2.777778e-02
PIK3CA->-PARP1 PIK3CA->-RUNX1 RUNX1->-PARP1,3,3,2.000000,2,,2.750000e-02
NUP93->-PARP1 PIK3CA->-NUP93 PIK3CA->-PARP1,3,3,2.000000,2,,2.750000e-02
NOTCH4->-KMT2D TP53->-KMT2D TP53->-NOTCH4,3,3,2.000000,2,,3.363946e-02
ATR->-KMT2D PIK3CA->-ATR PIK3CA->-KMT2D,3,3,2.000000,2,,7.152795e-02
CDH1->-PIK3CA FLCN->-CDH1 FLCN->-PIK3CA,3,3,2.000000,2,,2.744840e-02
PTPRT->-FGFR2 TP53->-FGFR2 TP53->-PTPRT,3,3,2.000000,2,,2.620836e-02
KMT2D->-FGFR2 TP53->-FGFR2 TP53->-KMT2D,3,3,2.000000,2,,2.620836e-02
BRCA1->-CREBBP BRCA1->-KMT2C CREBBP->-KMT2C,3,3,2.000000,2,,2.744840e-02
KMT2D->-NCOR1 SMAD2->-KMT2D SMAD2->-NCOR1,3,3,2.000000,2,,2.744840e-02
CREBBP->-KMT2C CREBBP->-NCOR1 KMT2C->-NCOR1,3,3,2.000000,2,,2.715004e-02
ARID2->-EPHA5 TP53->-ARID2 TP53->-EPHA5,3,3,2.000000,2,,1.293300e-01
PIK3CA->-GATA3 ROS1->-GATA3 ROS1->-PIK3CA,3,3,2.000000,2,,2.777778e-02
ARID1A->-KDM5C PIK3CA->-ARID1A PIK3CA->-KDM5C,3,3,2.000000,2,,5.753968e-02
PTCH1->-PAK7 TBX3->-PAK7 TBX3->-PTCH1,3,3,2.000000,2,,2.747585e-02
PTCH1->-PAK7 SOX9->-PAK7 SOX9->-PTCH1,3,3,2.000000,2,,2.747585e-02
NOTCH3->-BLM TP53->-BLM TP53->-NOTCH3,3,3,2.000000,2,,1.190476e-02
IDH1->-SETD2 TP53->-IDH1 TP53->-SETD2,3,3,2.000000,2,,2.576506e-02
PTPRS->-PIK3CA STK11->-PIK3CA STK11->-PTPRS,3,3,2.000000,2,,1.432856e-02
PTPRS->-MGA STK11->-MGA STK11->-PTPRS,3,3,2.000000,2,,1.277352e-02
CDH1->-RUNX1 CDH1->-TBX3 RUNX1->-TBX3,3,3,2.000000,2,,1.319444e-01
NF1->-ARID2 PIK3CA->-ARID2 PIK3CA->-NF1,3,3,2.000000,2,,2.747585e-02
EPHA5->-ALK TP53->-ALK TP53->-EPHA5,3,3,2.000000,2,,2.777778e-02
MAP3K1->-ATRX TP53->-ATRX TP53->-MAP3K1,3,3,2.000000,2,,1.177385e-02
TET1->-SPEN TP53->-SPEN TP53->-TET1,3,3,2.000000,2,,2.777778e-02
ARID1B->-ARID2 ARID1B->-IRS1 IRS1->-ARID2,3,3,2.000000,2,,2.747585e-02
AR->-ARID2 AR->-IRS1 IRS1->-ARID2,3,3,2.000000,2,,2.747585e-02
FAT1->-ARID1B TP53->-ARID1B TP53->-FAT1,3,3,2.000000,2,,6.447851e-02
ARID1B->-ROS1 TP53->-ARID1B TP53->-ROS1,3,3,2.000000,2,,9.920635e-03
ALK->-ARID1A TP53->-ALK TP53->-ARID1A,3,3,2.000000,2,,2.777778e-02
KMT2C->-TSC2 PTEN->-KMT2C PTEN->-TSC2,3,3,2.000000,2,,5.224279e-03
MDC1->-KMT2C PIK3CA->-KMT2C PIK3CA->-MDC1,3,3,2.000000,2,,2.747585e-02
KMT2D->-ARID1A TP53->-ARID1A TP53->-KMT2D,3,3,2.000000,2,,7.198254e-02
PIK3CA->-ARID2 PIK3CA->-PTCH1 PTCH1->-ARID2,3,3,2.000000,2,,2.623457e-02
PIK3CA->-GLI1 PIK3CA->-PTCH1 PTCH1->-GLI1,3,3,2.000000,2,,2.623457e-02
PIK3CA->-ATR PIK3CA->-PTCH1 PTCH1->-ATR,3,3,2.000000,2,,2.623457e-02
PIK3CA->-BCOR PIK3CA->-PTCH1 PTCH1->-BCOR,3,3,2.000000,2,,2.652286e-02
HIST1H3I->-HNF1A PIK3CA->-HIST1H3I PIK3CA->-HNF1A,3,3,2.000000,2,,2.652286e-02
HIST1H3I->-HNF1A ROS1->-HIST1H3I ROS1->-HNF1A,3,3,2.000000,2,,2.652286e-02
HIST1H3I->-GATA3 PIK3CA->-GATA3 PIK3CA->-HIST1H3I,3,3,2.000000,2,,2.777778e-02
ERBB2->-PIK3CA KMT2C->-ERBB2 KMT2C->-PIK3CA,3,3,2.000000,2,,1.336435e-01
AR->-KMT2A AR->-PIK3CA PIK3CA->-KMT2A,3,3,2.000000,2,,2.747585e-02
CDH1->-ERBB2 CDH1->-PTPRS ERBB2->-PTPRS,3,3,2.000000,2,,2.747585e-02
RB1->-PTPRD TP53->-PTPRD TP53->-RB1,3,3,2.000000,2,,1.111111e-02
MDC1->-RAD54L PIK3CA->-MDC1 PIK3CA->-RAD54L,3,3,2.000000,2,,1.727053e-02
MDC1->-APC NOTCH4->-APC NOTCH4->-MDC1,3,3,2.000000,2,,2.158816e-02
CDKN1B->-ESR1 CDKN1B->-PIK3CA ESR1->-PIK3CA,3,3,2.000000,2,,2.777778e-02
CDH1->-PIK3CA CDH1->-XPO1 PIK3CA->-XPO1,3,3,2.000000,2,,2.747585e-02
CTCF->-MAP2K4 CTCF->-PIK3CA MAP2K4->-PIK3CA,3,3,2.000000,2,,1.527778e-02
MAP2K4->-NF1 MAP2K4->-TET2 NF1->-TET2,3,3,2.000000,2,,1.039595e-02
CDH1->-GLI1 CDH1->-PIK3CA PIK3CA->-GLI1,3,3,2.000000,2,,1.758230e-02
PIK3CA->-GLI1 TBX3->-GLI1 TBX3->-PIK3CA,3,3,2.000000,2,,1.467083e-02
CDH1->-PIK3C3 CDH1->-PIK3CA PIK3CA->-PIK3C3,3,3,2.000000,2,,1.052030e-02
CDH1->-RASA1 CDH1->-RECQL4 RASA1->-RECQL4,3,3,2.000000,2,,1.575782e-02
CDH1->-RASA1 CDH1->-TBX3 TBX3->-RASA1,3,3,2.000000,2,,1.627235e-02
CDH1->-CREBBP CDH1->-RAD50 RAD50->-CREBBP,3,3,2.000000,2,,1.449517e-02
CDH1->-CREBBP CDH1->-KIT KIT->-CREBBP,3,3,2.000000,2,,1.527269e-02
CDH1->-MLH1 TP53->-CDH1 TP53->-MLH1,3,3,2.000000,2,,1.335111e-02
AMER1->-PIK3CA CASP8->-AMER1 CASP8->-PIK3CA,3,3,2.000000,2,,9.652613e-03
PIK3CA->-RICTOR PIK3CA->-SMO SMO->-RICTOR,3,3,2.000000,2,,1.468321e-02
ERBB3->-ARID1A MAP3K1->-ARID1A MAP3K1->-ERBB3,3,3,2.000000,2,,2.999000e-03
PIK3CA->-CREBBP PIK3CA->-PTPRD PTPRD->-CREBBP,3,3,2.000000,2,,2.200933e-03
CDH1->-DAXX CDH1->-PIK3CA PIK3CA->-DAXX,3,3,2.000000,2,,1.777185e-02
ERBB2->-PTPRD TP53->-ERBB2 TP53->-PTPRD,3,3,2.000000,2,,9.045596e-03
CDH1->-KMT2C CDH1->-STAT5B KMT2C->-STAT5B,3,3,2.000000,2,,1.597507e-02
KMT2D->-FGF4 PIK3CA->-FGF4 PIK3CA->-KMT2D,3,3,2.000000,2,,8.719316e-03
ATM->-DNMT1 PIK3CA->-ATM PIK3CA->-DNMT1,3,3,2.000000,2,,5.276019e-03
FOXA1->-KMT2C FOXA1->-PLK2 PLK2->-KMT2C,3,3,2.000000,2,,5.606827e-03
PIK3CA->-KMT2C PIK3CA->-PLK2 PLK2->-KMT2C,3,3,2.000000,2,,2.165177e-02
MAP3K1->-DICER1 PTEN->-DICER1 PTEN->-MAP3K1,3,3,2.000000,2,,4.998334e-03
MAP3K1->-PIK3CD PTEN->-MAP3K1 PTEN->-PIK3CD,3,3,2.000000,2,,5.831390e-03
ATM->-PLK2 PIK3CA->-ATM PIK3CA->-PLK2,3,3,2.000000,2,,4.942797e-03
MAP3K1->-FGFR4 PTEN->-FGFR4 PTEN->-MAP3K1,3,3,2.000000,2,,6.267752e-03
FOXA1->-PTCH1 PIK3CA->-FOXA1 PIK3CA->-PTCH1,3,3,2.000000,2,,5.164945e-03
ANKRD11->-ARID5B,2,1,2.000000,2,,1.719427e-01
HNF1A->-EPHB1,2,1,2.000000,2,,2.391975e-01
EPHA5->-ARID1A,2,1,2.000000,2,,4.960317e-01
MGA->-PTPRT,2,1,2.000000,2,,2.020975e-01
PIK3CA->-FGFR4,2,1,3.500000,2,,9.190770e-01
ARID1B->-PTCH1,2,1,2.000000,2,,2.342377e-01
GATA3->-RICTOR,2,1,3.000000,2,,6.483322e-01
PTEN->-EPHB1,2,1,2.000000,2,,1.305226e-01
PIK3CA->-JAK2,2,1,2.951585,2,,6.551864e-01
KMT2C->-AR,2,1,2.839988,2,,6.830556e-01
IRS2->-PIK3CA,2,1,2.748889,2,,4.891731e-01
PIK3R1->-MED12,2,1,2.736842,2,,5.908315e-01
SPEN->-KMT2C,2,1,2.733333,2,,8.766681e-01
NOTCH2->-SPEN,2,1,2.666667,2,,2.062408e-01
APC->-PARP1,2,1,2.666667,2,,3.893013e-01
CDH1->-IKBKE,2,1,2.666667,2,,4.156785e-01
PTEN->-BRCA2,2,1,2.666667,2,,2.709097e-01
TBX3->-FOXA1,2,1,2.665753,2,,8.681103e-01
MAP2K4->-PTPRS,2,1,2.665753,2,,3.598086e-01
ESR1->-NOTCH1,2,1,2.600000,2,,5.640795e-01
CDH1->-FBXW7,2,1,2.600000,2,,3.750000e-01
CDH1->-SF3B1,2,1,2.571429,2,,5.937500e-01
BCOR->-PIK3CA,2,1,2.533333,2,,9.753187e-01
ATM->-TBX3,2,1,2.505208,2,,3.063979e-01
TP53->-WT1,2,1,2.505208,2,,3.110630e-01
PTEN->-FOXA1,2,1,2.500000,2,,4.937632e-01
SDHB->-TP53,2,1,2.500000,2,,8.608594e-01
FAT1->-GATA3,2,1,2.500000,2,,8.378532e-01
TP53->-FANCC,2,1,2.500000,2,,2.363636e-01
FAT1->-SETD2,2,1,2.500000,2,,5.312211e-01
MAP3K1->-MEN1,2,1,2.500000,2,,7.041171e-01
RUNX1->-MAP3K1,2,1,2.500000,2,,7.319444e-01
MAP2K4->-ARID1A,2,1,2.500000,2,,2.855715e-01
PIK3CA->-FLT3,2,1,2.500000,2,,7.750000e-01
KDM5C->-ESR1,2,1,2.500000,2,,5.585222e-01
GATA3->-ATR,2,1,2.500000,2,,3.750000e-01
PIK3C2G->-MAP3K1,2,1,2.500000,2,,5.413879e-01
NF1->-ASXL1,2,1,2.500000,2,,3.416667e-01
PIK3CA->-GPS2,2,1,2.500000,2,,9.274238e-01
PIK3CA->-LATS2,2,1,2.500000,2,,8.363704e-01
MAP2K4->-MED12,2,1,2.500000,2,,4.880952e-01
GATA3->-BRCA1,2,1,2.500000,2,,6.220402e-01
ARID1A->-ANKRD11,2,1,2.500000,2,,3.943459e-01
CDH1->-MDC1,2,1,2.500000,2,,5.719327e-01
RUNX1->-ARID1A,2,1,2.500000,2,,7.541667e-01
ATRX->-FLT4,2,1,2.500000,2,,3.985338e-01
AKT1->-GPS2,2,1,2.500000,2,,3.416667e-01
ESR1->-ERBB4,2,1,2.500000,2,,5.750000e-01
TBX3->-ZFHX3,2,1,2.500000,2,,6.730407e-01
MED12->-PIK3CA,2,1,2.500000,2,,9.878492e-01
NCOR1->-FLT4,2,1,2.500000,2,,4.166667e-01
SPEN->-FAT1,2,1,2.500000,2,,8.210034e-01
DDR2->-PIK3CA,2,1,2.500000,2,,3.321429e-01
PBRM1->-ERBB3,2,1,2.500000,2,,3.972009e-01
ATRX->-RB1,2,1,2.500000,2,,6.082523e-01
MAP3K1->-PTEN,2,1,2.500000,2,,9.839734e-01
ARID1A->-TBX3,2,1,2.500000,2,,6.233531e-01
TP53->-FGFR1,2,1,2.500000,2,,3.630952e-01
GATA3->-ASXL1,2,1,2.500000,2,,5.011385e-01
ARID1A->-MYC,2,1,2.500000,2,,3.860886e-01
BRCA2->-ZFHX3,2,1,2.500000,2,,2.251674e-01
ATM->-SPEN,2,1,2.500000,2,,7.553238e-01
TBX3->-ESR1,2,1,2.500000,2,,5.611463e-01
NOTCH1->-ATM,2,1,2.500000,2,,7.122109e-01
CDH1->-KRAS,2,1,2.000000,2,,1.786252e-01
ERBB2->-RICTOR,2,1,2.500000,2,,3.988670e-01
PIK3CA->-KIT,2,1,2.500000,2,,5.183600e-01
PTEN->-DDR2,2,1,2.500000,2,,4.456756e-01
MAP3K1->-FANCA,2,1,2.500000,2,,2.924804e-01
TBX3->-FAT1,2,1,2.500000,2,,1.058539e-01
PIK3CG->-SETD2,2,1,2.500000,2,,2.369210e-01
KMT2A->-SETD2,2,1,2.500000,2,,3.386728e-01
KMT2A->-MED12,2,1,2.500000,2,,5.174213e-01
MGA->-KMT2A,2,1,2.500000,2,,4.077678e-01
KMT2C->-AKT1,2,1,2.500000,2,,9.083595e-01
PIK3CA->-RIT1,2,1,2.500000,2,,3.500500e-01
MED12->-FGFR4,2,1,2.500000,2,,3.498358e-01
MAP3K1->-PIK3C3,2,1,2.499684,2,,1.601909e-01
MAP3K1->-JAK1,2,1,2.499684,2,,2.839054e-01
BRCA2->-ARID1A,2,1,2.470588,2,,7.485887e-01
PIK3CA->-CD274,2,1,2.459016,2,,5.691769e-01
TP53->-U2AF1,2,1,2.440287,2,,3.095635e-01
SMAD4->-NCOR1,2,1,2.400000,2,,4.190476e-01
FAT1->-KMT2C,2,1,2.400000,2,,9.511413e-01
FAT1->-PTEN,2,1,2.400000,2,,7.309823e-01
ARID2->-ALK,2,1,2.363636,2,,4.674900e-01
TP53->-LATS2,2,1,2.359794,2,,5.108422e-01
PTPRT->-ARID2,2,1,2.347826,2,,5.953135e-01
FOXA1->-FAT1,2,1,2.341463,2,,3.675185e-01
GPS2->-TP53,2,1,2.333333,2,,4.166667e-01
TSC2->-KMT2D,2,1,2.333333,2,,3.567144e-01
KMT2C->-PIK3R1,2,1,2.333333,2,,7.549323e-01
AKT1->-PIK3CA,2,1,2.333333,2,,3.777778e-01
BRCA2->-TP53,2,1,2.276923,2,,9.925023e-01
FBXW7->-PIK3CA,2,1,2.266667,2,,7.662504e-01
FLT4->-PIK3CA,2,1,2.251111,2,,9.903659e-01
PIK3CA->-CDC73,2,1,2.250000,2,,5.618901e-01
TP53->-SUFU,2,1,2.000000,2,,5.300500e-02
TP53->-ZRSR2,2,1,2.000000,2,,3.097777e-01
IRS2->-TET2,2,1,2.000000,2,,4.530423e-02
TP53->-BCL6,2,1,2.000000,2,,2.837943e-01
TP53->-TOP1,2,1,2.000000,2,,8.313895e-02
TP53->-PPP2R1A,2,1,2.000000,2,,8.130623e-02
FGFR4->-PTPRD,2,1,2.000000,2,,8.530490e-02
FGFR4->-ERBB3,2,1,2.000000,2,,8.313895e-02
TP53->-AMER1,2,1,2.000000,2,,3.430047e-01
ABL1->-TP53,2,1,2.000000,2,,5.868732e-01
TBX3->-PIK3CG,2,1,2.000000,2,,1.251250e-01
TP53->-CD79A,2,1,2.000000,2,,6.319322e-02
TP53->-GNAS,2,1,2.000000,2,,7.230923e-02
TP53->-CD79B,2,1,2.000000,2,,5.647007e-02
PIK3CA->-RPS6KA4,2,1,2.000000,2,,3.658780e-01
PIK3CA->-RARA,2,1,2.000000,2,,1.182939e-01
KMT2C->-WT1,2,1,2.000000,2,,6.064645e-02
ATM->-TP53,2,1,2.000000,2,,9.733620e-01
KMT2C->-FOXA1,2,1,2.000000,2,,7.592465e-01
BRCA1->-PTCH1,2,1,2.000000,2,,6.415033e-02
BRCA1->-PTPRT,2,1,2.000000,2,,6.107187e-02
KLF4->-NCOR1,2,1,2.000000,2,,1.489503e-01
KLF4->-MED12,2,1,2.000000,2,,1.527824e-01
ROS1->-NF2,2,1,2.000000,2,,8.297234e-02
TP53->-PARK2,2,1,2.000000,2,,5.212548e-02
CDKN2A->-EP300,2,1,2.000000,2,,1.486171e-01
PIK3CA->-PMS2,2,1,2.000000,2,,1.479507e-01
ERBB3->-NUP93,2,1,2.000000,2,,1.119627e-01
SDHB->-INPP4B,2,1,2.000000,2,,1.519494e-01
CDH1->-NUP93,2,1,2.000000,2,,1.041320e-01
KMT2D->-GATA3,2,1,2.000000,2,,6.742336e-01
PTCH1->-GATA3,2,1,2.000000,2,,2.116755e-01
TP53->-SH2D1A,2,1,2.000000,2,,3.434522e-02
PDGFRB->-PIK3CA,2,1,2.000000,2,,4.165468e-01
BLM->-STK11,2,1,2.000000,2,,2.327557e-01
STK11->-MAP2K2,2,1,2.000000,2,,1.870765e-01
STK11->-GATA3,2,1,2.000000,2,,2.360880e-01
ARID1B->-KDR,2,1,2.000000,2,,2.370876e-01
STK11->-PTCH1,2,1,2.000000,2,,2.272576e-01
BLM->-GATA3,2,1,2.000000,2,,3.718760e-01
ARID1B->-GATA3,2,1,2.000000,2,,4.783406e-01
MAP2K2->-KMT2C,2,1,2.000000,2,,2.277635e-01
JAK3->-PIK3CA,2,1,2.000000,2,,8.217542e-01
TP53->-EED,2,1,2.000000,2,,8.624964e-02
FBXW7->-EPHA7,2,1,2.000000,2,,1.481557e-01
PIK3CA->-RAD21,2,1,2.000000,2,,3.127159e-01
BLM->-ARID1B,2,1,2.000000,2,,2.040867e-01
TP53->-FAM175A,2,1,2.000000,2,,2.226702e-01
KMT2D->-INPP4B,2,1,2.000000,2,,1.589125e-01
KMT2D->-ARID1B,2,1,2.000000,2,,1.639620e-01
TP53->-IGF1,2,1,2.000000,2,,1.250000e-01
TP53->-ALOX12B,2,1,2.000000,2,,1.711096e-01
TP53->-SMAD4,2,1,2.000000,2,,7.544643e-01
PIK3CA->-FAM175A,2,1,2.000000,2,,3.133333e-01
ARID1A->-FLT4,2,1,2.000000,2,,2.619127e-01
ARID1A->-DNMT3B,2,1,2.000000,2,,6.681578e-01
SETD2->-ATRX,2,1,2.000000,2,,2.215724e-01
TET1->-ARID2,2,1,2.000000,2,,2.251462e-01
SETD2->-LATS2,2,1,2.000000,2,,3.918129e-01
SETD2->-ESR1,2,1,2.000000,2,,1.500975e-01
ESR1->-DNMT3B,2,1,2.000000,2,,4.751462e-01
ESR1->-TET1,2,1,2.000000,2,,6.688596e-01
ESR1->-AMER1,2,1,2.000000,2,,4.394319e-01
TET1->-DNMT3B,2,1,2.000000,2,,2.251462e-01
TET1->-PIK3CA,2,1,2.000000,2,,9.401080e-01
INHA->-PIK3CA,2,1,2.000000,2,,2.242563e-01
FAT1->-DICER1,2,1,2.000000,2,,2.500000e-01
SETD2->-BRCA2,2,1,2.000000,2,,5.000000e-01
ATM->-MSH6,2,1,2.000000,2,,2.491667e-01
EP300->-MAP3K1,2,1,2.000000,2,,2.500000e-01
MSH6->-PIK3CA,2,1,2.000000,2,,8.903646e-01
TP53->-RAB35,2,1,2.000000,2,,1.666667e-01
KDM5A->-PIK3CA,2,1,2.000000,2,,7.083333e-01
MEN1->-KMT2A,2,1,2.000000,2,,1.428571e-01
RECQL4->-TP53,2,1,2.000000,2,,8.257520e-01
TET1->-ARID1B,2,1,2.000000,2,,2.500000e-01
PTPRD->-XPO1,2,1,2.000000,2,,1.964286e-01
ARID2->-PTPRD,2,1,2.000000,2,,2.500000e-01
ARID2->-KMT2C,2,1,2.000000,2,,6.868207e-01
KMT2C->-CDK8,2,1,2.000000,2,,1.591435e-01
TP53->-RYBP,2,1,2.000000,2,,1.597222e-01
CDH1->-TSC1,2,1,2.000000,2,,2.333333e-01
MAP3K1->-EGFR,2,1,2.000000,2,,2.500000e-01
AKT1->-EGFR,2,1,2.000000,2,,2.013889e-01
MAP3K1->-CBFB,2,1,2.000000,2,,9.846401e-01
SPOP->-MAP3K1,2,1,2.000000,2,,6.230159e-01
AR->-ARID1A,2,1,2.000000,2,,4.276908e-01
MTOR->-DNMT1,2,1,2.000000,2,,2.500000e-01
PIK3CA->-TGFBR1,2,1,2.000000,2,,2.500000e-01
MAP3K1->-TGFBR1,2,1,2.000000,2,,2.500000e-01
STAG2->-CHEK2,2,1,2.000000,2,,4.985380e-01
NCOR1->-FGFR3,2,1,2.000000,2,,2.476375e-01
NCOR1->-TSC1,2,1,2.000000,2,,2.319688e-01
RB1->-FOXP1,2,1,2.000000,2,,2.485380e-01
PDCD1->-FOXP1,2,1,2.000000,2,,2.475556e-01
STAG2->-TET1,2,1,2.000000,2,,2.485380e-01
FOXA1->-ERBB2,2,1,2.000000,2,,8.680060e-01
ARID2->-NSD1,2,1,2.000000,2,,4.404762e-01
CDH1->-BCOR,2,1,2.000000,2,,5.000000e-01
CDKN2A->-KMT2C,2,1,2.000000,2,,2.500000e-01
FBXW7->-SMARCA4,2,1,2.000000,2,,2.170330e-01
FBXW7->-PDGFRA,2,1,2.000000,2,,2.110043e-01
ARID1A->-FGFR3,2,1,2.000000,2,,1.826691e-01
GATA3->-GRIN2A,2,1,2.000000,2,,1.833333e-01
ARID1A->-MET,2,1,2.000000,2,,1.833333e-01
AKT1->-EPHA7,2,1,2.000000,2,,2.500000e-01
AKT1->-CD276,2,1,2.000000,2,,1.666667e-01
CDH1->-FOXL2,2,1,2.000000,2,,2.500000e-01
ATM->-MDC1,2,1,2.000000,2,,3.549509e-01
LATS1->-ROS1,2,1,2.000000,2,,4.250000e-01
CDH1->-KLF4,2,1,2.000000,2,,2.500000e-01
CDH1->-IGF1R,2,1,2.000000,2,,2.500000e-01
KLF4->-GRIN2A,2,1,2.000000,2,,2.500000e-01
MAP3K1->-RAD51C,2,1,2.000000,2,,1.121848e-01
RAD51C->-PIK3CA,2,1,2.000000,2,,6.840121e-01
EPHA7->-HIST1H3B,2,1,2.000000,2,,1.677774e-01
MDC1->-HIST1H3B,2,1,2.000000,2,,1.684439e-01
MAP3K1->-RICTOR,2,1,2.000000,2,,1.759414e-01
MAP3K1->-IRS1,2,1,2.000000,2,,1.722759e-01
PTEN->-NOTCH2,2,1,2.000000,2,,1.696429e-01
PTEN->-AR,2,1,2.000000,2,,1.696429e-01
TP53->-HIST1H3I,2,1,2.000000,2,,1.669501e-01
PIK3CA->-H3F3B,2,1,2.000000,2,,1.666667e-01
ESR1->-CREBBP,2,1,2.000000,2,,2.142857e-01
MAP2K1->-ESR1,2,1,2.000000,2,,1.875000e-01
ESR1->-JAK1,2,1,2.000000,2,,5.000000e-01
ALK->-MAP3K1,2,1,2.000000,2,,5.480118e-01
ATM->-EGFR,2,1,2.000000,2,,2.500000e-01
FLT3->-EGFR,2,1,2.000000,2,,2.500000e-01
GATA3->-HIST1H3F,2,1,2.000000,2,,2.500000e-01
ATM->-CHEK2,2,1,2.000000,2,,2.476190e-01
ATM->-NUP93,2,1,2.000000,2,,2.491667e-01
MYC->-PIK3CA,2,1,2.000000,2,,5.341553e-01
MEN1->-MAP3K1,2,1,2.000000,2,,7.041171e-01
KMT2C->-MYC,2,1,2.000000,2,,2.500000e-01
CDH1->-CSF1R,2,1,2.000000,2,,2.500000e-01
CDH1->-MPL,2,1,2.000000,2,,2.150997e-01
CIC->-ARID1A,2,1,2.000000,2,,3.425525e-01
SMARCA4->-ATR,2,1,2.000000,2,,2.460317e-01
ATR->-TP53,2,1,2.000000,2,,9.984179e-01
RAD54L->-KMT2C,2,1,2.000000,2,,4.901656e-01
TBX3->-TSC2,2,1,2.000000,2,,2.490942e-01
TSC2->-TP53,2,1,2.000000,2,,9.559836e-01
KMT2C->-KDM5C,2,1,2.000000,2,,3.345551e-01
KMT2C->-RAD50,2,1,2.000000,2,,2.298939e-01
NF1->-HIST1H3B,2,1,2.000000,2,,1.666667e-01
PIK3CA->-H3F3C,2,1,2.000000,2,,5.000000e-01
PIK3CA->-MAP3K13,2,1,2.000000,2,,6.316228e-01
PLK2->-KMT2D,2,1,2.000000,2,,2.500000e-01
PIK3CA->-LATS1,2,1,2.000000,2,,5.687687e-01
DNMT3A->-TP53,2,1,2.000000,2,,9.396075e-01
NCOR1->-AXIN1,2,1,2.000000,2,,2.111111e-01
NCOR1->-RASA1,2,1,2.000000,2,,2.111111e-01
PTEN->-RASA1,2,1,2.000000,2,,2.111111e-01
IRS2->-AXIN1,2,1,2.000000,2,,1.109186e-01
PIK3CA->-CDK4,2,1,2.000000,2,,2.500000e-01
ATR->-NSD1,2,1,2.000000,2,,2.476190e-01
SPOP->-NF1,2,1,2.000000,2,,2.476190e-01
TP53->-SPOP,2,1,2.000000,2,,2.476190e-01
RUNX1->-CDKN1B,2,1,2.000000,2,,1.666667e-01
TP53->-PAX5,2,1,2.000000,2,,1.000000e-01
NF1->-CTCF,2,1,2.000000,2,,2.500000e-01
BRAF->-PIK3CA,2,1,2.000000,2,,8.125000e-01
PTEN->-ASXL1,2,1,2.000000,2,,1.750000e-01
CDH1->-CHEK2,2,1,2.000000,2,,4.976190e-01
GATA3->-MST1,2,1,2.000000,2,,8.750000e-02
TSC1->-TP53,2,1,2.000000,2,,8.509571e-01
CDH1->-AXIN1,2,1,2.000000,2,,4.500000e-01
PBRM1->-ERBB2,2,1,2.000000,2,,2.500000e-01
NF1->-EPHA7,2,1,2.000000,2,,4.205128e-01
PTEN->-ESR1,2,1,2.000000,2,,5.000000e-01
CDH1->-ALOX12B,2,1,2.000000,2,,2.500000e-01
ESR1->-ALOX12B,2,1,2.000000,2,,2.500000e-01
ESR1->-ARID1B,2,1,2.000000,2,,4.315228e-02
ATM->-RPS6KB2,2,1,2.000000,2,,1.315173e-01
ATM->-RICTOR,2,1,2.000000,2,,1.326225e-01
TBX3->-MED12,2,1,2.000000,2,,1.955782e-01
GATA3->-CDH1,2,1,2.000000,2,,9.927265e-01
GATA3->-MAP2K4,2,1,2.000000,2,,9.577083e-01
CREBBP->-RB1,2,1,2.000000,2,,1.822090e-01
CREBBP->-DNMT3B,2,1,2.000000,2,,2.253709e-01
PIK3CA->-RAC1,2,1,2.000000,2,,1.166667e-01
KLF4->-TP53,2,1,2.000000,2,,8.258914e-01
GATA3->-JAK1,2,1,2.000000,2,,2.333333e-01
CIC->-KMT2D,2,1,2.000000,2,,3.513829e-01
PIK3R1->-KMT2C,2,1,2.000000,2,,7.549323e-01
CDH1->-TP63,2,1,2.000000,2,,2.490942e-01
ERBB2->-TP63,2,1,2.000000,2,,2.490942e-01
FLT1->-MAP3K1,2,1,2.000000,2,,3.792069e-01
FBXW7->-FLT4,2,1,2.000000,2,,2.083333e-01
FBXW7->-TP53,2,1,2.000000,2,,9.924705e-01
STAT3->-PIK3CA,2,1,2.000000,2,,2.500000e-01
RUNX1->-ERBB2,2,1,2.000000,2,,9.218750e-01
PIK3CA->-CUL3,2,1,2.000000,2,,4.583333e-01
PIK3CA->-MAP2K1,2,1,2.000000,2,,3.916667e-01
CDH1->-BRAF,2,1,2.000000,2,,2.500000e-01
RHOA->-CDH1,2,1,2.000000,2,,8.396046e-01
ARID1A->-RHOA,2,1,2.000000,2,,1.428571e-01
PTPRT->-MAP3K1,2,1,2.000000,2,,5.942602e-01
ATR->-GRIN2A,2,1,2.000000,2,,2.500000e-01
FLT1->-PIK3CA,2,1,2.000000,2,,7.545818e-01
AKT1->-RAD54L,2,1,2.000000,2,,1.429523e-01
RECQL4->-GATA3,2,1,2.000000,2,,3.483839e-01
KMT2C->-ANKRD11,2,1,2.000000,2,,4.333555e-01
PTPRT->-PTPRS,2,1,2.000000,2,,2.500000e-01
NF1->-PTPRS,2,1,2.000000,2,,4.641939e-01
INHA->-CREBBP,2,1,2.000000,2,,2.223320e-01
TP53->-HIST1H3G,2,1,2.000000,2,,3.763745e-01
RUNX1->-GATA3,2,1,2.000000,2,,1.666667e-01
RUNX1->-SETD2,2,1,2.000000,2,,1.666667e-01
NF1->-ERBB2,2,1,2.000000,2,,4.990942e-01
PIK3CG->-PIK3CA,2,1,2.000000,2,,8.564018e-01
IRS1->-SPEN,2,1,2.000000,2,,3.365545e-01
IRS1->-ESR1,2,1,2.000000,2,,2.500000e-01
CDK12->-TP53,2,1,2.000000,2,,6.072572e-01
KMT2C->-CBFB,2,1,2.000000,2,,7.319444e-01
KMT2C->-ARID5B,2,1,2.000000,2,,4.286180e-01
ERBB2->-XPO1,2,1,2.000000,2,,1.964286e-01
FOXA1->-XPO1,2,1,2.000000,2,,1.957169e-01
FOXA1->-PTPRD,2,1,2.000000,2,,1.964286e-01
CDKN1B->-PTPRD,2,1,2.000000,2,,1.964286e-01
SOX9->-PIK3CA,2,1,2.000000,2,,5.929574e-01
SOX9->-IRS1,2,1,2.000000,2,,1.245471e-01
SPEN->-RUNX1,2,1,2.000000,2,,2.491667e-01
RUNX1->-JUN,2,1,2.000000,2,,2.250000e-01
ERBB2->-GATA3,2,1,2.000000,2,,1.666667e-01
PIK3C2G->-NCOR1,2,1,2.000000,2,,4.990119e-01
PIK3C2G->-EGFR,2,1,2.000000,2,,2.500000e-01
MAP2K4->-ATM,2,1,2.000000,2,,2.380952e-01
NF1->-POLE,2,1,2.000000,2,,2.500000e-01
ESR1->-POLE,2,1,2.000000,2,,2.500000e-01
GATA3->-AR,2,1,2.000000,2,,5.000000e-01
DNMT3B->-ARID1A,2,1,2.000000,2,,6.681578e-01
MAP3K1->-AR,2,1,2.000000,2,,5.000000e-01
MAX->-PIK3CA,2,1,2.000000,2,,3.363879e-01
ERBB3->-POLE,2,1,2.000000,2,,2.333333e-01
PIK3CA->-PPM1D,2,1,2.000000,2,,3.948684e-02
PIK3CA->-MYC,2,1,2.000000,2,,5.337804e-01
ESR1->-ZFHX3,2,1,2.000000,2,,4.698434e-02
ARID1B->-ZFHX3,2,1,2.000000,2,,4.415919e-02
PIK3CA->-DCUN1D1,2,1,2.000000,2,,9.846718e-02
AKT1->-ARID1A,2,1,2.000000,2,,4.434162e-01
TP53->-CBFB,2,1,2.000000,2,,9.393621e-01
AKT1->-RB1,2,1,2.000000,2,,1.622299e-01
AKT1->-CREBBP,2,1,2.000000,2,,2.013889e-01
IRS2->-POLE,2,1,2.000000,2,,1.321226e-01
CDH1->-SMAD2,2,1,2.000000,2,,4.990119e-01
CDH1->-PIK3CB,2,1,2.000000,2,,2.500000e-01
IRS2->-TP53,2,1,2.000000,2,,6.793031e-01
MAP2K4->-CIC,2,1,2.000000,2,,7.893559e-02
MAP2K4->-KMT2D,2,1,2.000000,2,,1.014662e-01
CBFB->-TBX3,2,1,2.000000,2,,6.375000e-01
CDH1->-FGFR2,2,1,2.000000,2,,1.743083e-01
KDM6A->-CDH1,2,1,2.000000,2,,8.115809e-01
PIK3CA->-RAB35,2,1,2.000000,2,,2.500000e-01
TP53->-CRLF2,2,1,2.000000,2,,2.500000e-01
ARID1A->-AKT1,2,1,2.000000,2,,4.376466e-01
CDH1->-EIF4A2,2,1,2.000000,2,,2.500000e-01
NCOR1->-KDM6A,2,1,2.000000,2,,2.500000e-01
CDH1->-GNAS,2,1,2.000000,2,,2.500000e-01
TET2->-GRIN2A,2,1,2.000000,2,,1.386205e-01
PTCH1->-NOTCH2,2,1,2.000000,2,,2.481618e-01
KDM6A->-KMT2A,2,1,2.000000,2,,4.981618e-01
RASA1->-KMT2A,2,1,2.000000,2,,1.767213e-01
CDH1->-SLX4,2,1,2.000000,2,,2.481618e-01
CDH1->-FGF19,2,1,2.000000,2,,2.481618e-01
NOTCH4->-EED,2,1,2.000000,2,,2.154371e-01
NOTCH4->-NOTCH2,2,1,2.000000,2,,3.472127e-01
KMT2C->-RASA1,2,1,2.000000,2,,4.271860e-01
PIK3CA->-GNAS,2,1,2.000000,2,,2.500000e-01
SF3B1->-KMT2C,2,1,2.000000,2,,4.880952e-01
TP53->-CBL,2,1,2.000000,2,,2.444444e-01
PIK3R1->-RUNX1,2,1,2.000000,2,,1.666667e-01
ARID1B->-RUNX1,2,1,2.000000,2,,2.430556e-01
ARID1B->-PIK3R1,2,1,2.000000,2,,4.650997e-01
NCOR1->-ARID1A,2,1,2.000000,2,,8.120471e-01
CDH1->-JAK1,2,1,2.000000,2,,4.976190e-01
JAK1->-BRCA2,2,1,2.000000,2,,2.142857e-01
RAD54L->-NCOR1,2,1,2.000000,2,,2.490942e-01
BRCA2->-BAP1,2,1,2.000000,2,,1.409091e-01
BRCA2->-PTPRD,2,1,2.000000,2,,2.500000e-01
TP53->-NEGR1,2,1,2.000000,2,,2.013889e-01
RB1->-TSHR,2,1,2.000000,2,,2.500000e-01
ATRX->-KMT2D,2,1,2.000000,2,,4.273893e-01
RB1->-FLT4,2,1,2.000000,2,,3.950350e-01
RB1->-KMT2D,2,1,2.000000,2,,6.665722e-01
CTCF->-GPS2,2,1,2.000000,2,,1.750000e-01
AKT1->-AXIN1,2,1,2.000000,2,,1.286238e-01
NOTCH2->-TET1,2,1,2.000000,2,,1.277907e-01
BCOR->-GRIN2A,2,1,2.000000,2,,3.159250e-01
NSD1->-MDM2,2,1,2.000000,2,,1.045651e-01
SMARCA4->-TET1,2,1,2.000000,2,,1.427857e-01
AXIN1->-SMARCA4,2,1,2.000000,2,,1.322892e-01
PIK3CA->-PAX5,2,1,2.000000,2,,1.250000e-01
EPHB1->-MAP3K1,2,1,2.000000,2,,7.827381e-01
NCOR1->-ALK,2,1,2.000000,2,,2.490942e-01
ANKRD11->-KMT2D,2,1,2.000000,2,,5.743919e-01
GATA3->-KDM5A,2,1,2.000000,2,,5.000000e-01
TP53->-YAP1,2,1,2.000000,2,,5.000000e-01
CDKN2A->-CARD11,2,1,2.000000,2,,2.491667e-01
CARD11->-TP53,2,1,2.000000,2,,9.820836e-01
PIK3CA->-SOX9,2,1,2.000000,2,,5.929574e-01
CDH1->-SOX9,2,1,2.000000,2,,4.324275e-01
BRCA2->-STK11,2,1,2.000000,2,,2.500000e-01
ESR1->-GNAS,2,1,2.000000,2,,2.500000e-01
PIK3CA->-REL,2,1,2.000000,2,,2.083333e-01
ATM->-NOTCH1,2,1,2.000000,2,,7.053973e-01
MAP3K1->-SPOP,2,1,2.000000,2,,6.230159e-01
MAP3K1->-DNMT3A,2,1,2.000000,2,,1.666667e-01
PIK3CA->-SYK,2,1,2.000000,2,,2.500000e-01
PIK3CA->-BCL6,2,1,2.000000,2,,5.000000e-01
MAP3K1->-SF3B1,2,1,2.000000,2,,3.630952e-01
SMAD4->-MAP3K1,2,1,2.000000,2,,2.000000e-01
SMAD4->-KMT2C,2,1,2.000000,2,,2.957348e-01
KMT2C->-MDM2,2,1,2.000000,2,,1.500000e-01
PALB2->-KDM5C,2,1,2.000000,2,,2.424242e-01
SOX9->-PDGFRA,2,1,2.000000,2,,2.415459e-01
DOT1L->-PDGFRA,2,1,2.000000,2,,2.424242e-01
TP53->-KEAP1,2,1,2.000000,2,,1.696429e-01
PTEN->-PDGFRA,2,1,2.000000,2,,2.430556e-01
CIC->-RUNX1,2,1,2.000000,2,,2.025463e-01
EPCAM->-ARID1B,2,1,2.000000,2,,2.430556e-01
ARID1B->-PDGFRA,2,1,2.000000,2,,2.421749e-01
JAK1->-ZFHX3,2,1,2.000000,2,,1.780303e-01
PIK3CA->-IRF4,2,1,2.000000,2,,2.053571e-01
AKT1->-CIC,2,1,2.000000,2,,1.342593e-01
NCOR1->-ATRX,2,1,2.000000,2,,1.428571e-01
NCOR1->-SMARCA4,2,1,2.000000,2,,2.142857e-01
NOTCH1->-CDH1,2,1,2.000000,2,,7.694376e-01
CDH1->-IL7R,2,1,2.000000,2,,1.329338e-01
AKT1->-NCOR1,2,1,2.000000,2,,2.013889e-01
GPS2->-ESR1,2,1,2.000000,2,,1.833333e-01
TP53->-NFE2L2,2,1,2.000000,2,,1.428571e-01
BRCA1->-DNMT1,2,1,2.000000,2,,9.030323e-02
CDH1->-TERT,2,1,2.000000,2,,2.500000e-01
NOTCH3->-CDH1,2,1,2.000000,2,,6.868207e-01
ANKRD11->-TBX3,2,1,2.000000,2,,8.125000e-01
YAP1->-PIK3CA,2,1,2.000000,2,,5.000000e-01
NOTCH3->-PIK3CA,2,1,2.000000,2,,8.715551e-01
MAP2K4->-NOTCH2,2,1,2.000000,2,,2.500000e-01
TP53->-SMAD3,2,1,2.000000,2,,2.500000e-01
MAP2K4->-KMT2C,2,1,2.000000,2,,5.000000e-01
FOXA1->-CDK8,2,1,2.000000,2,,1.245471e-01
MEN1->-NCOR1,2,1,2.000000,2,,2.490942e-01
MEN1->-MAP2K4,2,1,2.000000,2,,5.000000e-01
CDH1->-NOTCH3,2,1,2.000000,2,,6.868207e-01
PIK3CA->-MYD88,2,1,2.000000,2,,5.000000e-01
TP53->-RAD51,2,1,2.000000,2,,2.490119e-01
TBX3->-CBFB,2,1,2.000000,2,,6.375000e-01
TBX3->-EPHA5,2,1,2.000000,2,,2.500000e-01
RET->-BCOR,2,1,2.000000,2,,1.833333e-01
IDH1->-GATA3,2,1,2.000000,2,,1.750000e-01
MAP3K1->-EPCAM,2,1,2.000000,2,,3.980340e-01
ASXL2->-KDM5C,2,1,2.000000,2,,1.419824e-01
JAK1->-ARID2,2,1,2.000000,2,,2.142857e-01
JAK1->-APC,2,1,2.000000,2,,2.170330e-01
JAK1->-CREBBP,2,1,2.000000,2,,2.476190e-01
JAK1->-SETD2,2,1,2.000000,2,,2.476190e-01
CDH1->-ERCC3,2,1,2.000000,2,,5.000000e-01
ARID1A->-PIK3R3,2,1,2.000000,2,,2.500000e-01
CD274->-ABL1,2,1,2.000000,2,,2.250000e-01
ASXL1->-ABL1,2,1,2.000000,2,,2.500000e-01
ASXL1->-CREBBP,2,1,2.000000,2,,5.000000e-01
RAD50->-PIK3CA,2,1,2.000000,2,,9.222615e-01
PIK3R3->-BLM,2,1,2.000000,2,,2.500000e-01
PIK3C2G->-ERCC4,2,1,2.000000,2,,2.490119e-01
LATS2->-ASXL1,2,1,2.000000,2,,2.500000e-01
CDKN1A->-PIK3CA,2,1,2.000000,2,,7.067517e-01
APC->-SETD2,2,1,2.000000,2,,2.460317e-01
SMARCB1->-FLT3,2,1,2.000000,2,,2.000000e-01
FLT3->-PIK3CA,2,1,2.000000,2,,7.750000e-01
ERCC3->-PIK3CA,2,1,2.000000,2,,5.000000e-01
PTEN->-ERBB3,2,1,2.000000,2,,2.500000e-01
ZFHX3->-KMT2D,2,1,2.000000,2,,2.500000e-01
NOTCH3->-FAT1,2,1,2.000000,2,,2.166667e-01
ESR1->-IRF4,2,1,2.000000,2,,1.904762e-01
NCOR1->-KMT2C,2,1,2.000000,2,,9.432849e-01
RUNX1->-KMT2C,2,1,2.000000,2,,6.875000e-01
RUNX1->-CDKN2A,2,1,2.000000,2,,2.491667e-01
CDH1->-MCL1,2,1,2.000000,2,,2.083333e-01
KMT2C->-TP63,2,1,2.000000,2,,4.365942e-01
TP53->-MDM2,2,1,2.000000,2,,1.868750e-01
MSH6->-KMT2A,2,1,2.000000,2,,2.500000e-01
NCOR1->-NF1,2,1,2.000000,2,,7.690249e-01
RB1->-PIK3CG,2,1,2.000000,2,,2.321429e-01
TP53->-TCF3,2,1,2.000000,2,,1.409091e-01
STAT3->-NF1,2,1,2.000000,2,,2.371795e-01
TP53->-IKBKE,2,1,2.000000,2,,2.490119e-01
BARD1->-PIK3CA,2,1,2.000000,2,,7.243441e-01
APC->-XPO1,2,1,2.000000,2,,1.743659e-01
MAP2K4->-XPO1,2,1,2.000000,2,,1.750000e-01
TRAF7->-GATA3,2,1,2.000000,2,,2.500000e-01
GATA3->-NOTCH3,2,1,2.000000,2,,2.000000e-01
MEN1->-NOTCH3,2,1,2.000000,2,,2.490942e-01
ZFHX3->-NF1,2,1,2.000000,2,,4.862737e-01
ZFHX3->-ATM,2,1,2.000000,2,,3.296996e-01
CDH1->-SPOP,2,1,2.000000,2,,4.583333e-01
PIK3CA->-PNRC1,2,1,2.000000,2,,2.083333e-01
TET1->-ESR1,2,1,2.000000,2,,6.688596e-01
RB1->-ESR1,2,1,2.000000,2,,2.000000e-01
CDH1->-PALB2,2,1,2.000000,2,,4.333333e-01
CDH1->-NFE2L2,2,1,2.000000,2,,1.577398e-01
ARID1A->-NOTCH3,2,1,2.000000,2,,1.992754e-01
TP53->-MRE11A,2,1,2.000000,2,,1.666667e-01
PIK3CA->-MDM2,2,1,2.000000,2,,2.491667e-01
ESR1->-NFE2L2,2,1,2.000000,2,,2.500000e-01
ESR1->-FUBP1,2,1,2.000000,2,,1.666667e-01
SMAD4->-KDM5C,2,1,2.000000,2,,5.000000e-01
SMAD4->-PIK3CA,2,1,2.000000,2,,9.107738e-01
GRIN2A->-PIK3CA,2,1,2.000000,2,,8.896329e-01
RHOA->-GRIN2A,2,1,2.000000,2,,2.500000e-01
SOX9->-TBX3,2,1,2.000000,2,,4.324275e-01
ATM->-HGF,2,1,2.000000,2,,2.500000e-01
SMAD4->-FAT1,2,1,2.000000,2,,2.083333e-01
NF1->-MAP2K4,2,1,2.000000,2,,5.640363e-01
ATR->-PIK3CA,2,1,2.000000,2,,9.993001e-01
KMT2C->-PPP2R1A,2,1,2.000000,2,,1.833333e-01
SPEN->-DNMT3A,2,1,2.000000,2,,4.404762e-01
STAG2->-AXL,2,1,2.000000,2,,2.500000e-01
CDK8->-KRAS,2,1,2.000000,2,,2.241848e-01
NSD1->-RAD50,2,1,2.000000,2,,1.792498e-01
PTEN->-PIK3C2G,2,1,2.000000,2,,2.150997e-01
NOTCH1->-NCOR1,2,1,2.000000,2,,2.142857e-01
SPEN->-NCOR1,2,1,2.000000,2,,4.633799e-01
GATA3->-DOT1L,2,1,2.000000,2,,2.333333e-01
FOXA1->-DOT1L,2,1,2.000000,2,,5.928571e-01
CDH1->-BTK,2,1,2.000000,2,,2.500000e-01
BRCA2->-FAT1,2,1,2.000000,2,,3.630457e-01
CDH1->-PIK3R1,2,1,2.000000,2,,4.650997e-01
PIK3R1->-AR,2,1,2.000000,2,,2.500000e-01
FAT1->-AR,2,1,2.000000,2,,2.500000e-01
NOTCH3->-PIK3R1,2,1,2.000000,2,,2.500000e-01
SPEN->-XPO1,2,1,2.000000,2,,2.490942e-01
RUNX1->-INSR,2,1,2.000000,2,,2.491667e-01
APC->-RUNX1,2,1,2.000000,2,,2.491667e-01
TP53->-RPS6KB2,2,1,2.000000,2,,2.491667e-01
TP53->-HLA-A,2,1,2.000000,2,,2.491667e-01
PTPRS->-PARP1,2,1,2.000000,2,,2.143827e-01
TP53->-NUP93,2,1,2.000000,2,,4.991667e-01
PIK3C2G->-KMT2C,2,1,2.000000,2,,4.641116e-01
ERCC4->-NCOR1,2,1,2.000000,2,,2.820845e-01
RAD51->-KMT2D,2,1,2.000000,2,,1.743083e-01
AKT1->-TBX3,2,1,2.000000,2,,2.500000e-01
ZFHX3->-ARID2,2,1,2.000000,2,,2.490942e-01
CBFB->-MAP2K4,2,1,2.000000,2,,1.633333e-01
MAP3K1->-CTCF,2,1,2.000000,2,,7.142934e-01
ATM->-JUN,2,1,2.000000,2,,2.476190e-01
RHOA->-TBX3,2,1,2.000000,2,,2.053571e-01
FAT1->-RB1,2,1,2.000000,2,,6.864035e-01
FGFR4->-ROS1,2,1,2.000000,2,,1.780303e-01
TP53->-ASXL2,2,1,2.000000,2,,3.750000e-01
TP53->-EPHA3,2,1,2.000000,2,,5.000000e-01
AKT2->-PTPRT,2,1,2.000000,2,,2.500000e-01
RICTOR->-ESR1,2,1,2.000000,2,,7.688318e-01
SMAD4->-ERCC4,2,1,2.000000,2,,2.500000e-01
APC->-DNMT1,2,1,2.000000,2,,4.670330e-01
DNMT3A->-FAT1,2,1,2.000000,2,,4.404762e-01
DNMT1->-SPEN,2,1,2.000000,2,,2.500000e-01
FOXP1->-PTEN,2,1,2.000000,2,,2.053571e-01
CDH1->-AXIN2,2,1,2.000000,2,,2.490942e-01
AKT1->-DNMT1,2,1,2.000000,2,,4.670330e-01
AKT1->-RAD50,2,1,2.000000,2,,2.500000e-01
AKT1->-SETD2,2,1,2.000000,2,,1.904762e-01
SMAD2->-RFWD2,2,1,2.000000,2,,2.500000e-01
KMT2C->-NSD1,2,1,2.000000,2,,7.683048e-01
MAP2K4->-ARID2,2,1,2.000000,2,,2.500000e-01
CDH1->-RET,2,1,2.000000,2,,2.500000e-01
LATS1->-RFWD2,2,1,2.000000,2,,2.500000e-01
LATS1->-ATR,2,1,2.000000,2,,2.500000e-01
SMAD4->-RFWD2,2,1,2.000000,2,,2.500000e-01
BCOR->-TSC2,2,1,2.000000,2,,2.500000e-01
TSC2->-KMT2C,2,1,2.000000,2,,8.038769e-01
NCOR1->-IKZF1,2,1,2.000000,2,,3.468844e-01
GATA3->-BCOR,2,1,2.000000,2,,2.500000e-01
ASXL2->-TBX3,2,1,2.000000,2,,2.500000e-01
CDH1->-ASXL2,2,1,2.000000,2,,3.793973e-01
ASXL2->-ARID1A,2,1,2.000000,2,,3.685676e-01
KDR->-KMT2A,2,1,2.000000,2,,2.500000e-01
FOXA1->-ARID1B,2,1,2.000000,2,,2.500000e-01
GPS2->-JAK2,2,1,2.000000,2,,2.500000e-01
EPHA5->-TP53,2,1,2.000000,2,,9.853397e-01
PIK3CA->-MYCN,2,1,2.000000,2,,2.500000e-01
GATA3->-DICER1,2,1,2.000000,2,,2.500000e-01
GATA3->-HIST1H1C,2,1,2.000000,2,,2.500000e-01
PIK3CA->-SHQ1,2,1,2.000000,2,,1.904762e-01
TP53->-MALT1,2,1,2.000000,2,,1.666667e-01
MAP3K1->-ALK,2,1,2.000000,2,,5.498001e-01
MAP3K1->-KLF4,2,1,2.000000,2,,1.964286e-01
TBX3->-NCOA3,2,1,2.000000,2,,1.743659e-01
AKT1->-PTCH1,2,1,2.000000,2,,1.000000e-01
TBX3->-IKZF1,2,1,2.000000,2,,9.096968e-02
KDM5C->-MAP3K1,2,1,2.000000,2,,2.500000e-01
PIK3CA->-MEF2B,2,1,2.000000,2,,2.500000e-01
GLI1->-GATA3,2,1,2.000000,2,,2.500000e-01
CBFB->-MEN1,2,1,2.000000,2,,2.500000e-01
GATA3->-AKT1,2,1,2.000000,2,,9.770275e-01
SPEN->-PTPRD,2,1,2.000000,2,,1.666667e-01
JAK1->-MDC1,2,1,2.000000,2,,2.149660e-01
KMT2A->-NOTCH1,2,1,2.000000,2,,2.476190e-01
CHEK2->-CREBBP,2,1,2.000000,2,,1.815873e-01
MDC1->-CREBBP,2,1,2.000000,2,,4.967133e-01
MDC1->-TP53,2,1,2.000000,2,,9.407057e-01
BRCA2->-GATA3,2,1,2.000000,2,,5.801400e-01
BRCA2->-ARID2,2,1,2.000000,2,,2.142857e-01
KMT2C->-ARID2,2,1,2.000000,2,,6.868207e-01
FAT1->-TET1,2,1,2.000000,2,,8.556735e-01
MDC1->-FAT1,2,1,2.000000,2,,1.904762e-01
FOXA1->-PTEN,2,1,2.000000,2,,4.979949e-01
ARAF->-PIK3CA,2,1,2.000000,2,,6.028433e-01
NF1->-FLT3,2,1,2.000000,2,,1.750000e-01
KMT2D->-FLT3,2,1,2.000000,2,,2.500000e-01
EP300->-TP53,2,1,2.000000,2,,9.840333e-01
NFE2L2->-GATA3,2,1,2.000000,2,,2.500000e-01
ARID1B->-NFE2L2,2,1,2.000000,2,,4.650997e-01
MAP2K4->-FAT1,2,1,2.000000,2,,3.797068e-01
PDGFRA->-ARID2,2,1,2.000000,2,,2.241848e-01
PIK3R1->-NF1,2,1,2.000000,2,,8.934765e-01
PIK3R1->-EPHB1,2,1,2.000000,2,,2.500000e-01
MAP3K1->-PIK3R1,2,1,2.000000,2,,6.613248e-01
SPEN->-ALK,2,1,2.000000,2,,2.490942e-01
MAP3K1->-ARID1B,2,1,2.000000,2,,5.842364e-01
FAT1->-IRS1,2,1,2.000000,2,,2.500000e-01
NF1->-NBN,2,1,2.000000,2,,2.500000e-01
TP53->-HIST1H3C,2,1,2.000000,2,,1.696429e-01
KMT2A->-CD79A,2,1,2.000000,2,,1.780303e-01
FGFR4->-CD79A,2,1,2.000000,2,,1.780303e-01
FGFR4->-GRIN2A,2,1,2.000000,2,,1.780303e-01
PIK3R1->-EPHA7,2,1,2.000000,2,,2.371795e-01
NOTCH3->-PALB2,2,1,2.000000,2,,2.500000e-01
NOTCH4->-EIF4A2,2,1,2.000000,2,,2.170330e-01
TP53->-UPF1,2,1,2.000000,2,,2.331425e-01
PIK3CA->-BTK,2,1,2.000000,2,,4.583333e-01
MGA->-RB1,2,1,2.000000,2,,4.960317e-01
TBX3->-GRIN2A,2,1,2.000000,2,,2.500000e-01
AKT1->-ERBB4,2,1,2.000000,2,,1.000000e-01
KDM6A->-TP53,2,1,2.000000,2,,9.565998e-01
RB1->-CDH1,2,1,2.000000,2,,9.079850e-01
RB1->-SPEN,2,1,2.000000,2,,2.547484e-01
CREBBP->-NUP93,2,1,2.000000,2,,3.623792e-01
CDH1->-CIC,2,1,2.000000,2,,1.365079e-01
STK11->-ARID1A,2,1,2.000000,2,,5.000000e-01
KRAS->-ALK,2,1,2.000000,2,,2.490942e-01
NCOR1->-BCOR,2,1,2.000000,2,,5.000000e-01
BCOR->-RUNX1,2,1,2.000000,2,,2.500000e-01
SF3B1->-ARID1A,2,1,2.000000,2,,2.500000e-01
FANCA->-PARP1,2,1,2.000000,2,,1.864198e-01
FANCA->-PIK3R1,2,1,2.000000,2,,1.864198e-01
GATA3->-FGFR2,2,1,2.000000,2,,2.500000e-01
NOTCH3->-ALK,2,1,2.000000,2,,2.490942e-01
PTEN->-MSH2,2,1,2.000000,2,,2.500000e-01
TSC2->-MAP3K1,2,1,2.000000,2,,4.580137e-01
PPP2R1A->-ARID1A,2,1,2.000000,2,,2.937354e-01
GATA3->-KMT2D,2,1,2.000000,2,,6.707348e-01
NF1->-ATR,2,1,2.000000,2,,4.217158e-01
KLF4->-ARID1A,2,1,2.000000,2,,2.083333e-01
PTPRT->-BCOR,2,1,2.000000,2,,2.460317e-01
KMT2D->-BCOR,2,1,2.000000,2,,4.960317e-01
PTCH1->-KMT2D,2,1,2.000000,2,,4.863696e-01
SETD2->-BCOR,2,1,2.000000,2,,2.460317e-01
LATS2->-GATA3,2,1,2.000000,2,,2.500000e-01
PIK3CA->-ALOX12B,2,1,2.000000,2,,2.500000e-01
ERBB2->-PDGFRA,2,1,2.000000,2,,2.490942e-01
KMT2C->-PDGFRA,2,1,2.000000,2,,2.490942e-01
KMT2C->-GLI1,2,1,2.000000,2,,4.314504e-01
IRS1->-PTCH1,2,1,2.000000,2,,2.490942e-01
PIK3CA->-AXIN1,2,1,2.000000,2,,1.400000e-01
PALB2->-PIK3CA,2,1,2.000000,2,,7.467838e-01
STAG2->-MAP3K1,2,1,2.000000,2,,5.000000e-01
CBFB->-SF3B1,2,1,2.000000,2,,1.964286e-01
PIK3CB->-RAD54L,2,1,2.000000,2,,3.265340e-01
CDH1->-MGA,2,1,2.000000,2,,1.666667e-01
PTEN->-INPPL1,2,1,2.000000,2,,5.000000e-01
KMT2B->-KMT2A,2,1,2.000000,2,,2.500000e-01
KMT2D->-FOXP1,2,1,2.000000,2,,4.990119e-01
ARID1A->-ALK,2,1,2.000000,2,,6.868207e-01
AKT1->-SPEN,2,1,2.000000,2,,2.321429e-01
MAP3K1->-RUNX1,2,1,2.000000,2,,7.319444e-01
LATS1->-TP53,2,1,2.000000,2,,7.750000e-01
JAK1->-PDGFRB,2,1,2.000000,2,,1.860283e-01
RB1->-HIST1H3G,2,1,2.000000,2,,2.500000e-01
TP53->-EGFL7,2,1,2.000000,2,,1.250000e-01
KMT2B->-PTPRS,2,1,2.000000,2,,2.500000e-01
KMT2B->-PIK3CA,2,1,2.000000,2,,5.000000e-01
PIK3R1->-MAP3K1,2,1,2.000000,2,,6.613248e-01
ARID1A->-XPO1,2,1,2.000000,2,,2.490942e-01
FANCA->-MED12,2,1,2.000000,2,,2.150997e-01
LATS1->-PIK3CA,2,1,2.000000,2,,5.733922e-01
FOXA1->-FH,2,1,2.000000,2,,1.750000e-01
PIK3CA->-XIAP,2,1,2.000000,2,,2.170330e-01
FGFR3->-PIK3CA,2,1,2.000000,2,,6.985953e-01
PIK3CA->-ERCC2,2,1,2.000000,2,,3.416667e-01
NF1->-PRDM1,2,1,2.000000,2,,1.815873e-01
NF1->-PTEN,2,1,2.000000,2,,9.900237e-01
TBX3->-CREBBP,2,1,2.000000,2,,7.320671e-02
MAP2K4->-GPS2,2,1,2.000000,2,,3.880952e-01
FOXA1->-NSD1,2,1,2.000000,2,,6.228646e-01
TP53->-CCND1,2,1,2.000000,2,,1.250000e-01
PIK3CA->-JUN,2,1,2.000000,2,,4.274240e-01
TP53->-TNFAIP3,2,1,2.000000,2,,1.666667e-01
APC->-KEAP1,2,1,2.000000,2,,1.750000e-01
PIK3CA->-SUZ12,2,1,2.000000,2,,5.153074e-01
MGA->-FLT4,2,1,2.000000,2,,4.545238e-01
PPP2R1A->-PIK3CA,2,1,2.000000,2,,7.502769e-01
TP53->-FGF3,2,1,2.000000,2,,8.750000e-02
NF1->-MTOR,2,1,2.000000,2,,4.190476e-01
TP53->-FLCN,2,1,2.000000,2,,3.740119e-01
GATA3->-NOTCH4,2,1,2.000000,2,,1.479507e-01
GATA3->-TET1,2,1,2.000000,2,,1.516161e-01
NF1->-EPHB1,2,1,2.000000,2,,2.047619e-01
NF1->-STAG2,2,1,2.000000,2,,1.185161e-01
TMPRSS2->-TP53,2,1,2.000000,2,,1.000000e-01
BRCA2->-TET2,2,1,2.000000,2,,2.179274e-01
CIC->-ARID1B,2,1,2.000000,2,,2.010302e-01
ARID1A->-GLI1,2,1,2.000000,2,,3.556980e-01
ARID1A->-RFWD2,2,1,2.000000,2,,1.879374e-01
PIK3CA->-STAT5A,2,1,2.000000,2,,1.357103e-01
PTPRS->-SETD2,2,1,2.000000,2,,1.032989e-01
KMT2D->-HNF1A,2,1,2.000000,2,,1.774171e-01
KMT2D->-XPO1,2,1,2.000000,2,,1.846051e-01
TP53->-MSH2,2,1,2.000000,2,,1.764412e-01
TP53->-STAT3,2,1,2.000000,2,,3.207392e-01
TP53->-ERCC3,2,1,2.000000,2,,8.147284e-02
MEN1->-ESR1,2,1,2.000000,2,,1.732756e-01
TP53->-ERRFI1,2,1,2.000000,2,,2.990847e-02
CDH1->-NTRK2,2,1,2.000000,2,,4.027110e-01
ASXL2->-RB1,2,1,2.000000,2,,1.702766e-01
TP53->-SOS1,2,1,2.000000,2,,8.517161e-02
TP53->-SMARCB1,2,1,2.000000,2,,2.645785e-01
TP53->-CTNNB1,2,1,2.000000,2,,1.012996e-01
NCOR1->-BRIP1,2,1,2.000000,2,,1.912696e-01
SMAD2->-BCOR,2,1,2.000000,2,,1.041320e-01
ROS1->-MYC,2,1,2.000000,2,,9.646784e-02
TP53->-HIST1H3J,2,1,2.000000,2,,4.938354e-02
PIK3CG->-TET2,2,1,2.000000,2,,1.316228e-01
PIK3CG->-CDC73,2,1,2.000000,2,,1.163660e-01
PIK3R1->-ARID2,2,1,2.000000,2,,9.646784e-02
PIK3R1->-ROS1,2,1,2.000000,2,,2.833817e-01
PIK3R1->-MGA,2,1,2.000000,2,,9.046984e-02
GATA3->-PIK3C2G,2,1,2.000000,2,,9.713429e-02
KDM5C->-ARID1A,2,1,2.000000,2,,5.323285e-01
CARD11->-ARID1A,2,1,2.000000,2,,6.012660e-01
MAP3K13->-CREBBP,2,1,2.000000,2,,1.769410e-01
ANKRD11->-PTPRD,2,1,2.000000,2,,1.669444e-01
ANKRD11->-STAG2,2,1,2.000000,2,,1.684439e-01
MAP3K13->-MEN1,2,1,2.000000,2,,1.787737e-01
MAP3K13->-PIK3CA,2,1,2.000000,2,,6.281240e-01
CREBBP->-PARP1,2,1,2.000000,2,,1.812729e-01
STAG2->-PARP1,2,1,2.000000,2,,1.686105e-01
MLH1->-PIK3CA,2,1,2.000000,2,,4.290237e-01
YES1->-KIT,2,1,2.000000,2,,9.201011e-02
ARID1A->-IGF1R,2,1,2.000000,2,,4.027009e-01
ARID2->-IGF1R,2,1,2.000000,2,,3.017123e-01
NOTCH1->-LATS2,2,1,2.000000,2,,6.020215e-02
NOTCH1->-IGF1R,2,1,2.000000,2,,8.270927e-02
GATA3->-BRCA2,2,1,2.000000,2,,5.715178e-01
SMO->-KMT2C,2,1,2.000000,2,,1.083759e-01
SMO->-MEN1,2,1,2.000000,2,,1.146562e-01
MAP3K1->-ERBB2,2,1,2.000000,2,,8.008881e-01
STAG2->-RICTOR,2,1,2.000000,2,,1.699453e-01
TP53->-CHEK2,2,1,2.000000,2,,6.261743e-01
TCF7L2->-PIK3CA,2,1,2.000000,2,,1.276360e-01
CHEK2->-FLT3,2,1,2.000000,2,,9.880040e-02
ANKRD11->-CDH1,2,1,2.000000,2,,8.302984e-01
ANKRD11->-BRCA2,2,1,2.000000,2,,1.997667e-01
CDH1->-ABL1,2,1,2.000000,2,,1.297901e-01
CDH1->-FLT3,2,1,2.000000,2,,1.321226e-01
CDK12->-TBX3,2,1,2.000000,2,,1.306231e-01
TBX3->-MAP2K4,2,1,2.000000,2,,3.639739e-01
MAP2K4->-EPHB1,2,1,2.000000,2,,1.103220e-01
PTEN->-ACVR1,2,1,2.000000,2,,1.088507e-01
DDR2->-PIK3CG,2,1,2.000000,2,,1.149736e-01
MAP2K4->-DDR2,2,1,2.000000,2,,1.256248e-01
CBL->-PIK3CA,2,1,2.000000,2,,4.870162e-01
CSF3R->-PIK3CA,2,1,2.000000,2,,1.539487e-01
CDH1->-YES1,2,1,2.000000,2,,1.696885e-01
CBL->-JAK3,2,1,2.000000,2,,1.487430e-01
ANKRD11->-PLK2,2,1,2.000000,2,,1.791070e-01
NOTCH1->-GATA3,2,1,2.000000,2,,3.192269e-01
ANKRD11->-PIK3CA,2,1,2.000000,2,,9.423287e-01
SUZ12->-PIK3CA,2,1,2.000000,2,,5.144327e-01
APC->-SPEN,2,1,2.000000,2,,7.297690e-01
MAP3K1->-DDR2,2,1,2.000000,2,,7.880706e-02
TBX3->-ARID1A,2,1,2.000000,2,,6.240521e-01
ERBB3->-ARID2,2,1,2.000000,2,,3.298900e-01
TP53->-PLCG2,2,1,2.000000,2,,3.374431e-02
PIK3CA->-TSC1,2,1,2.000000,2,,3.865758e-01
TP53->-SRSF2,2,1,2.000000,2,,1.898521e-01
HNF1A->-TP53,2,1,2.000000,2,,9.029787e-01
ESR1->-LATS2,2,1,2.000000,2,,2.259318e-01
FGFR4->-KMT2C,2,1,2.000000,2,,1.661113e-01
ESR1->-AR,2,1,2.000000,2,,7.514162e-02
FGFR4->-AKT1,2,1,2.000000,2,,7.480840e-02
PIK3CA->-HGF,2,1,2.000000,2,,3.420906e-01
PTCH1->-KMT2C,2,1,2.000000,2,,7.578026e-01
MAP3K1->-JAK3,2,1,2.000000,2,,9.646784e-02
PTEN->-TGFBR2,2,1,2.000000,2,,7.822393e-02
MAP3K1->-DNMT1,2,1,2.000000,2,,9.880040e-02
DNMT1->-KMT2C,2,1,2.000000,2,,9.813396e-02
MAP3K1->-MGA,2,1,2.000000,2,,5.764745e-02
MAP3K1->-KMT2A,2,1,2.000000,2,,6.514035e-01
PTEN->-RIT1,2,1,2.000000,2,,9.580140e-02
MAP3K1->-SETD2,2,1,2.000000,2,,1.042986e-01
MAP3K1->-ATM,2,1,2.000000,2,,6.118543e-01
DICER1->-PTCH1,2,1,2.000000,2,,9.913362e-02
FYN->-ATM,2,1,2.000000,2,,1.039653e-01
PIK3CA->-PIK3CD,2,1,2.000000,2,,6.653338e-02
TERT->-TP53,2,1,2.000000,2,,8.529285e-01
PTEN->-PIK3CG,2,1,2.000000,2,,4.945685e-02
PTEN->-CDK12,2,1,2.000000,2,,4.744552e-02
