pattern,n_nodes,n_edges,s_exp,s_theta,pval_exp,pval_theta
CDH1->-PIK3CA,2,1,100.000000,100,1.642977e-11,
TP53->-PIK3CA,2,1,84.000000,84,2.279445e-02,
PIK3CA->-TP53,2,1,70.000000,70,6.069128e-01,
MAP3K1->-PIK3CA,2,1,49.000000,49,2.539961e-02,
PIK3CA->-GATA3,2,1,42.000000,42,2.274176e-01,
TP53->-PTEN,2,1,38.000000,38,2.753480e-05,
GATA3->-PIK3CA,2,1,36.000000,36,7.246537e-01,
PIK3CA->-KMT2C,2,1,33.000000,33,5.701025e-02,
PIK3CA->-MAP3K1,2,1,32.000000,32,9.651265e-01,
CBFB->-PIK3CA,2,1,32.000000,32,1.819412e-05,
TP53->-KMT2C,2,1,29.000000,29,7.028048e-05,
PIK3CA->-KMT2C TP53->-KMT2C TP53->-PIK3CA,3,3,4.000000,4,1.512238e-01,
PIK3CA->-KMT2C PIK3CA->-TP53 TP53->-KMT2C,3,3,3.000000,3,3.598822e-01,
PIK3CA->-CDH1,2,1,29.000000,29,1.000000e+00,
PIK3CA->-FOXA1,2,1,27.000000,27,4.912776e-03,
PIK3CA->-ESR1,2,1,27.000000,27,4.192575e-02,
TP53->-NF1,2,1,27.000000,27,5.623639e-03,
TP53->-MAP3K1,2,1,25.000000,25,2.877982e-05,
MAP3K1->-PIK3CA TP53->-MAP3K1 TP53->-PIK3CA,3,3,3.000000,3,1.463378e-01,
PIK3CA->-MAP3K1 PIK3CA->-TP53 TP53->-MAP3K1,3,3,2.000000,2,4.083605e-01,
CDH1->-TP53,2,1,25.000000,25,1.491051e-01,
CDH1->-PIK3CA CDH1->-TP53 TP53->-PIK3CA,3,3,2.000000,2,6.577676e-01,
CDH1->-PIK3CA CDH1->-TP53 PIK3CA->-TP53,3,3,4.000000,4,1.558091e-01,
CDH1->-KMT2C,2,1,24.000000,24,1.019126e-04,
CDH1->-KMT2C CDH1->-PIK3CA PIK3CA->-KMT2C,3,3,7.000000,7,2.698917e-03,
CDH1->-KMT2C CDH1->-TP53 TP53->-KMT2C,3,3,2.000000,2,3.687902e-01,
TP53->-KMT2D,2,1,24.000000,24,4.329146e-06,
KMT2C->-PIK3CA,2,1,21.000000,21,9.513356e-01,
KMT2C->-PIK3CA TP53->-KMT2C TP53->-PIK3CA,3,3,4.000000,4,1.512238e-01,
CDH1->-KMT2C CDH1->-PIK3CA KMT2C->-PIK3CA,3,3,4.000000,4,1.620712e-01,
TP53->-RB1,2,1,21.000000,21,6.153148e-03,
CBFB->-GATA3,2,1,21.000000,21,2.245546e-04,
CBFB->-GATA3 CBFB->-PIK3CA PIK3CA->-GATA3,3,3,5.000000,5,6.576675e-02,
CBFB->-GATA3 CBFB->-PIK3CA GATA3->-PIK3CA,3,3,6.000000,6,1.813066e-02,
CDH1->-FOXA1,2,1,19.000000,19,6.985614e-04,
CDH1->-FOXA1 CDH1->-PIK3CA PIK3CA->-FOXA1,3,3,8.000000,8,3.071442e-04,
CDH1->-MAP3K1,2,1,19.000000,19,9.909342e-04,
CDH1->-MAP3K1 CDH1->-PIK3CA MAP3K1->-PIK3CA,3,3,4.000000,4,2.153188e-01,
CDH1->-MAP3K1 CDH1->-PIK3CA PIK3CA->-MAP3K1,3,3,8.000000,8,1.013056e-03,
CDH1->-MAP3K1 CDH1->-TP53 TP53->-MAP3K1,3,3,3.000000,3,1.620370e-02,
PIK3CA->-SF3B1,2,1,19.000000,19,7.841322e-06,
CDH1->-ERBB2,2,1,19.000000,19,6.470389e-02,
PIK3CA->-FAT1,2,1,19.000000,19,1.666466e-03,
AKT1->-TP53,2,1,19.000000,19,5.741114e-05,
PIK3CA->-ARID1A,2,1,19.000000,19,3.620449e-01,
TP53->-NCOR1,2,1,19.000000,19,1.293615e-02,
PIK3CA->-RUNX1,2,1,19.000000,19,1.771922e-02,
TP53->-CDH1,2,1,19.000000,19,7.773290e-01,
CDH1->-PIK3CA TP53->-CDH1 TP53->-PIK3CA,3,3,5.000000,5,5.068635e-02,
CDH1->-KMT2C TP53->-CDH1 TP53->-KMT2C,3,3,3.000000,3,1.191564e-01,
CDH1->-TBX3,2,1,18.000000,18,2.562360e-02,
TP53->-FAT1,2,1,18.000000,18,1.235600e-04,
PIK3CA->-FAT1 TP53->-FAT1 TP53->-PIK3CA,3,3,4.000000,4,4.005622e-02,
PIK3CA->-FAT1 PIK3CA->-TP53 TP53->-FAT1,3,3,3.000000,3,1.580749e-01,
TP53->-GATA3,2,1,18.000000,18,1.067295e-02,
PIK3CA->-GATA3 TP53->-GATA3 TP53->-PIK3CA,3,3,2.000000,2,4.008505e-01,
PIK3CA->-GATA3 PIK3CA->-TP53 TP53->-GATA3,3,3,4.000000,4,3.465667e-02,
TBX3->-PIK3CA,2,1,17.000000,17,3.000026e-01,
CDH1->-PIK3CA CDH1->-TBX3 TBX3->-PIK3CA,3,3,5.000000,5,5.817586e-02,
MAP2K4->-PIK3CA,2,1,17.000000,17,8.794304e-02,
PIK3CA->-NCOR1,2,1,17.000000,17,4.400955e-01,
ESR1->-PIK3CA,2,1,16.000000,16,9.434994e-01,
TP53->-ARID1A,2,1,16.000000,16,4.625135e-03,
PIK3CA->-ARID1A PIK3CA->-TP53 TP53->-ARID1A,3,3,2.000000,2,2.277361e-01,
NCOR1->-PIK3CA,2,1,16.000000,16,5.771691e-01,
NCOR1->-PIK3CA TP53->-NCOR1 TP53->-PIK3CA,3,3,3.000000,3,1.443886e-01,
ARID1A->-PIK3CA,2,1,15.000000,15,8.356317e-01,
CDH1->-RUNX1,2,1,15.000000,15,8.538246e-02,
CDH1->-PIK3CA CDH1->-RUNX1 PIK3CA->-RUNX1,3,3,5.000000,5,3.102034e-02,
CDH1->-RUNX1 PIK3CA->-CDH1 PIK3CA->-RUNX1,3,3,2.000000,2,5.964604e-01,
CDH1->-ARID1A,2,1,15.000000,15,3.422734e-02,
CDH1->-ARID1A CDH1->-PIK3CA PIK3CA->-ARID1A,3,3,4.000000,4,2.126187e-01,
CDH1->-ARID1A PIK3CA->-ARID1A PIK3CA->-CDH1,3,3,2.000000,2,7.222046e-01,
ARID1A->-PIK3CA CDH1->-ARID1A CDH1->-PIK3CA,3,3,6.000000,6,2.323600e-02,
TP53->-ARID2,2,1,15.000000,15,4.430677e-06,
PIK3CA->-TBX3,2,1,15.000000,15,5.741909e-01,
CDH1->-PIK3CA CDH1->-TBX3 PIK3CA->-TBX3,3,3,3.000000,3,3.883104e-01,
TP53->-PIK3R1,2,1,15.000000,15,8.452699e-03,
CDH1->-NCOR1,2,1,15.000000,15,1.856654e-02,
CDH1->-NCOR1 TP53->-CDH1 TP53->-NCOR1,3,3,2.000000,2,3.752824e-01,
CDH1->-NCOR1 CDH1->-PIK3CA PIK3CA->-NCOR1,3,3,3.000000,3,2.111623e-01,
CDH1->-NCOR1 CDH1->-PIK3CA NCOR1->-PIK3CA,3,3,4.000000,4,6.343402e-02,
PIK3CA->-KMT2D,2,1,14.000000,14,3.152232e-02,
PIK3CA->-KMT2D TP53->-KMT2D TP53->-PIK3CA,3,3,3.000000,3,2.167134e-01,
PIK3CA->-KMT2D PIK3CA->-TP53 TP53->-KMT2D,3,3,5.000000,5,1.485700e-02,
TP53->-NSD1,2,1,14.000000,14,9.300595e-06,
TP53->-BRCA2,2,1,14.000000,14,7.663184e-04,
TP53->-RUNX1,2,1,14.000000,14,2.169630e-02,
PIK3CA->-RUNX1 PIK3CA->-TP53 TP53->-RUNX1,3,3,2.000000,2,1.962449e-01,
CDH1->-RUNX1 CDH1->-TP53 TP53->-RUNX1,3,3,2.000000,2,7.407407e-02,
TP53->-ATR,2,1,13.000000,13,8.409497e-03,
TP53->-CREBBP,2,1,13.000000,13,2.868507e-03,
CDH1->-ESR1,2,1,13.000000,13,6.159978e-02,
CDH1->-ESR1 CDH1->-PIK3CA PIK3CA->-ESR1,3,3,4.000000,4,5.486968e-03,
TP53->-PTPRD,2,1,13.000000,13,6.357080e-04,
TP53->-STAG2,2,1,13.000000,13,3.759575e-03,
TP53->-KMT2A,2,1,13.000000,13,1.312565e-04,
PIK3CA->-PTEN,2,1,13.000000,13,4.141842e-01,
PIK3CA->-PTEN TP53->-PIK3CA TP53->-PTEN,3,3,2.000000,2,4.307027e-01,
PIK3CA->-PTEN PIK3CA->-TP53 TP53->-PTEN,3,3,6.000000,6,8.999248e-04,
MEN1->-GATA3,2,1,12.000000,12,2.441406e-04,
PTEN->-TP53,2,1,12.000000,12,9.997989e-01,
PIK3CA->-SPEN,2,1,12.000000,12,5.895301e-02,
PIK3CA->-ATR,2,1,12.000000,12,2.534059e-02,
APC->-ATR APC->-MGA MGA->-ATR PIK3CA->-APC PIK3CA->-ATR PIK3CA->-MGA PIK3CA->-TP53 TP53->-APC TP53->-ATR TP53->-MGA,5,10,2.000000,2,4.169721e-04,
APC->-ARID2 APC->-MGA MGA->-ARID2 PIK3CA->-APC PIK3CA->-ARID2 PIK3CA->-MGA PIK3CA->-TP53 TP53->-APC TP53->-ARID2 TP53->-MGA,5,10,2.000000,2,3.894257e-04,
APC->-CARD11 APC->-MGA MGA->-CARD11 PIK3CA->-APC PIK3CA->-CARD11 PIK3CA->-MGA PIK3CA->-TP53 TP53->-APC TP53->-CARD11 TP53->-MGA,5,10,2.000000,2,4.065312e-04,
APC->-KMT2D APC->-MGA MGA->-KMT2D PIK3CA->-APC PIK3CA->-KMT2D PIK3CA->-MGA PIK3CA->-TP53 TP53->-APC TP53->-KMT2D TP53->-MGA,5,10,2.000000,2,3.820949e-04,
NF1->-TP53,2,1,12.000000,12,9.903798e-01,
NF1->-PIK3CA,2,1,12.000000,12,3.636806e-01,
NF1->-PIK3CA TP53->-NF1 TP53->-PIK3CA,3,3,3.000000,3,3.472483e-01,
NF1->-PIK3CA NF1->-TP53 TP53->-PIK3CA,3,3,4.000000,4,1.416277e-01,
TP53->-FLT4,2,1,12.000000,12,6.049782e-05,
TP53->-APC,2,1,12.000000,12,5.048934e-04,
TP53->-FOXA1,2,1,11.000000,11,5.973709e-02,
PIK3CA->-FOXA1 TP53->-FOXA1 TP53->-PIK3CA,3,3,3.000000,3,1.231255e-01,
PIK3CA->-FOXA1 PIK3CA->-TP53 TP53->-FOXA1,3,3,2.000000,2,3.757874e-01,
CDH1->-FOXA1 CDH1->-TP53 TP53->-FOXA1,3,3,2.000000,2,1.754882e-01,
CDH1->-FOXA1 TP53->-CDH1 TP53->-FOXA1,3,3,2.000000,2,1.754882e-01,
PIK3CA->-RB1,2,1,11.000000,11,2.342669e-01,
PIK3CA->-RB1 TP53->-PIK3CA TP53->-RB1,3,3,2.000000,2,3.933353e-01,
PIK3CA->-RB1 PIK3CA->-TP53 TP53->-RB1,3,3,4.000000,4,3.025886e-02,
TP53->-CDKN2A,2,1,11.000000,11,1.570190e-02,
TP53->-PTPRS,2,1,11.000000,11,2.488564e-05,
TP53->-ERBB3,2,1,11.000000,11,5.183497e-05,
TP53->-ATM,2,1,11.000000,11,1.249348e-03,
TP53->-ESR1,2,1,11.000000,11,4.724271e-03,
PIK3CA->-NOTCH4,2,1,11.000000,11,8.346440e-03,
GATA3->-ARID1A,2,1,11.000000,11,3.391428e-01,
GATA3->-ARID1A PIK3CA->-ARID1A PIK3CA->-GATA3,3,3,2.000000,2,3.232037e-01,
GATA3->-ARID1A GATA3->-PIK3CA PIK3CA->-ARID1A,3,3,3.000000,3,9.333350e-02,
MAP3K1->-GATA3,2,1,11.000000,11,5.695699e-01,
GATA3->-PIK3CA MAP3K1->-GATA3 MAP3K1->-PIK3CA,3,3,5.000000,5,9.325044e-02,
MAP3K1->-GATA3 PIK3CA->-GATA3 PIK3CA->-MAP3K1,3,3,2.000000,2,7.437045e-01,
TP53->-TBX3,2,1,11.000000,11,1.032452e-01,
ESR1->-GATA3,2,1,11.000000,11,1.830853e-01,
ESR1->-GATA3 PIK3CA->-ESR1 PIK3CA->-GATA3,3,3,3.000000,3,1.457001e-01,
PIK3CA->-ATM,2,1,11.000000,11,2.966949e-01,
PIK3CA->-ATM PIK3CA->-TP53 TP53->-ATM,3,3,3.000000,3,7.149536e-02,
PTEN->-PIK3CA,2,1,11.000000,11,7.180704e-01,
TP53->-ALK,2,1,11.000000,11,7.836613e-04,
FOXA1->-PIK3CA,2,1,11.000000,11,9.959250e-01,
CDH1->-FOXA1 CDH1->-PIK3CA FOXA1->-PIK3CA,3,3,3.000000,3,3.620529e-01,
TP53->-MED12,2,1,11.000000,11,3.158435e-03,
CDH1->-CBFB,2,1,11.000000,11,2.518611e-01,
CBFB->-PIK3CA CDH1->-CBFB CDH1->-PIK3CA,3,3,5.000000,5,6.345300e-03,
TP53->-FBXW7,2,1,11.000000,11,5.015770e-03,
TP53->-SETD2,2,1,11.000000,11,5.608946e-05,
PIK3CA->-PTPRT,2,1,11.000000,11,1.806479e-02,
PIK3CA->-KMT2A,2,1,11.000000,11,3.014726e-02,
PIK3CA->-KMT2A TP53->-KMT2A TP53->-PIK3CA,3,3,3.000000,3,2.391975e-02,
PIK3CA->-NF1,2,1,10.000000,10,6.928035e-01,
PIK3CA->-NF1 TP53->-NF1 TP53->-PIK3CA,3,3,3.000000,3,3.472483e-01,
PIK3CA->-NF1 PIK3CA->-TP53 TP53->-NF1,3,3,2.000000,2,6.410987e-01,
PIK3CA->-RICTOR,2,1,10.000000,10,1.142739e-02,
CDH1->-PTEN,2,1,10.000000,10,3.114174e-01,
TP53->-ATRX,2,1,10.000000,10,1.010441e-03,
PIK3CA->-MAP2K4,2,1,10.000000,10,9.129668e-01,
TP53->-CARD11,2,1,10.000000,10,5.029213e-03,
TP53->-NOTCH2,2,1,10.000000,10,8.450255e-04,
PIK3CA->-CREBBP,2,1,10.000000,10,1.373971e-01,
PIK3CA->-CREBBP TP53->-CREBBP TP53->-PIK3CA,3,3,3.000000,3,3.239338e-02,
TP53->-EP300,2,1,10.000000,10,1.212770e-02,
TP53->-MAP2K4,2,1,10.000000,10,2.017210e-01,
CDH1->-GATA3,2,1,10.000000,10,1.123106e-02,
CDH1->-GATA3 CDH1->-PIK3CA PIK3CA->-GATA3,3,3,4.000000,4,2.231493e-02,
CDH1->-GATA3 PIK3CA->-CDH1 PIK3CA->-GATA3,3,3,2.000000,2,3.510832e-01,
CDH1->-ESR1 CDH1->-GATA3 ESR1->-GATA3,3,3,3.000000,3,4.629630e-03,
CDH1->-ESR1 CDH1->-GATA3 CDH1->-PIK3CA ESR1->-GATA3 PIK3CA->-ESR1 PIK3CA->-GATA3,4,6,2.000000,2,1.736111e-03,
TP53->-NOTCH4,2,1,10.000000,10,5.396405e-04,
PIK3CA->-NOTCH4 PIK3CA->-TP53 TP53->-NOTCH4,3,3,3.000000,3,2.363079e-02,
GATA3->-MAP3K1,2,1,10.000000,10,7.243205e-01,
GATA3->-MAP3K1 GATA3->-PIK3CA MAP3K1->-PIK3CA,3,3,3.000000,3,4.731136e-01,
GATA3->-MAP3K1 GATA3->-PIK3CA PIK3CA->-MAP3K1,3,3,4.000000,4,2.367365e-01,
PIK3CA->-MED12,2,1,10.000000,10,1.064241e-02,
PIK3CA->-MED12 TP53->-MED12 TP53->-PIK3CA,3,3,2.000000,2,1.379362e-01,
PIK3CA->-MED12 PIK3CA->-TP53 TP53->-MED12,3,3,2.000000,2,1.379362e-01,
ERBB2->-CDH1,2,1,10.000000,10,9.645252e-01,
TP53->-ARID1B,2,1,10.000000,10,3.025419e-02,
ERBB2->-PIK3CA,2,1,10.000000,10,3.387790e-01,
CDH1->-ERBB2 CDH1->-PIK3CA ERBB2->-PIK3CA,3,3,5.000000,5,1.672010e-02,
TP53->-EPHA5,2,1,10.000000,10,1.518099e-02,
TP53->-BARD1,2,1,10.000000,10,2.031250e-04,
TP53->-PTPRT,2,1,10.000000,10,2.072102e-03,
PIK3CA->-PTPRT TP53->-PIK3CA TP53->-PTPRT,3,3,3.000000,3,7.442212e-02,
PIK3CA->-PTPRT PIK3CA->-TP53 TP53->-PTPRT,3,3,4.000000,4,1.261509e-02,
KMT2C->-GATA3,2,1,9.000000,9,2.692207e-01,
KMT2C->-GATA3 KMT2C->-PIK3CA PIK3CA->-GATA3,3,3,2.000000,2,3.222256e-01,
KMT2C->-MAP3K1,2,1,9.000000,9,5.299770e-01,
KMT2C->-MAP3K1 PIK3CA->-KMT2C PIK3CA->-MAP3K1,3,3,4.000000,4,1.854347e-01,
KMT2C->-MAP3K1 KMT2C->-PIK3CA MAP3K1->-PIK3CA,3,3,3.000000,3,4.081609e-01,
TP53->-EPHB1,2,1,9.000000,9,1.512910e-03,
ARID1A->-GATA3,2,1,9.000000,9,6.854446e-01,
ARID1A->-GATA3 ARID1A->-PIK3CA PIK3CA->-GATA3,3,3,2.000000,2,3.232037e-01,
AKT1->-CDH1,2,1,9.000000,9,4.481773e-01,
AKT1->-CDH1 AKT1->-TP53 CDH1->-TP53,3,3,2.000000,2,1.281936e-01,
PIK3CA->-ARID2,2,1,9.000000,9,4.716830e-02,
PIK3CA->-ARID2 PIK3CA->-TP53 TP53->-ARID2,3,3,4.000000,4,5.374436e-03,
TP53->-ROS1,2,1,9.000000,9,2.700362e-02,
CDH1->-MAP2K4,2,1,9.000000,9,3.701460e-02,
CDH1->-MAP2K4 CDH1->-PIK3CA MAP2K4->-PIK3CA,3,3,2.000000,2,2.508369e-01,
CDH1->-MAP2K4 PIK3CA->-CDH1 PIK3CA->-MAP2K4,3,3,2.000000,2,2.508369e-01,
CDH1->-MAP2K4 CDH1->-TP53 TP53->-MAP2K4,3,3,2.000000,2,5.667997e-02,
CDH1->-CDK12 CDH1->-TP53 TP53->-CDK12,3,3,2.000000,2,7.054094e-03,
TP53->-RICTOR,2,1,9.000000,9,1.100902e-04,
PIK3CA->-RICTOR PIK3CA->-TP53 TP53->-RICTOR,3,3,2.000000,2,5.606710e-02,
PTEN->-NF1,2,1,9.000000,9,2.541932e-02,
PTEN->-NF1 TP53->-NF1 TP53->-PTEN,3,3,5.000000,5,6.317977e-03,
PTEN->-NF1 PTEN->-TP53 TP53->-NF1,3,3,3.000000,3,1.510735e-01,
MEN1->-PIK3CA,2,1,9.000000,9,3.817401e-02,
AKT1->-GATA3,2,1,9.000000,9,1.334945e-02,
TP53->-ZFHX3,2,1,9.000000,9,2.974710e-02,
PIK3CA->-FLT4,2,1,9.000000,9,5.287500e-02,
PIK3CA->-FLT4 PIK3CA->-TP53 TP53->-FLT4,3,3,2.000000,2,1.135381e-01,
TP53->-ERCC5,2,1,9.000000,9,7.233796e-04,
TP53->-SF3B1,2,1,9.000000,9,1.410590e-03,
PIK3CA->-SF3B1 TP53->-PIK3CA TP53->-SF3B1,3,3,2.000000,2,2.632245e-01,
PIK3CA->-SF3B1 PIK3CA->-TP53 TP53->-SF3B1,3,3,4.000000,4,8.701989e-03,
PIK3CA->-POLE,2,1,9.000000,9,3.560865e-03,
TP53->-ARID5B,2,1,9.000000,9,2.903825e-03,
PIK3CA->-CDKN1B,2,1,9.000000,9,3.950722e-01,
TP53->-POLE,2,1,9.000000,9,4.676069e-04,
PIK3CA->-POLE PIK3CA->-TP53 TP53->-POLE,3,3,5.000000,5,1.988244e-04,
TP53->-TET2,2,1,9.000000,9,6.290584e-04,
TP53->-SPEN,2,1,9.000000,9,7.665222e-02,
PIK3CA->-SPEN PIK3CA->-TP53 TP53->-SPEN,3,3,3.000000,3,2.391975e-02,
ATM->-PIK3CA,2,1,8.000000,8,7.940128e-01,
MAP3K1->-KMT2C,2,1,8.000000,8,7.055363e-01,
MAP3K1->-KMT2C MAP3K1->-PIK3CA PIK3CA->-KMT2C,3,3,3.000000,3,4.081609e-01,
MAP3K1->-KMT2C PIK3CA->-KMT2C PIK3CA->-MAP3K1,3,3,2.000000,2,6.929397e-01,
KMT2C->-PIK3CA MAP3K1->-KMT2C MAP3K1->-PIK3CA,3,3,2.000000,2,6.929397e-01,
PIK3CA->-ERBB2,2,1,8.000000,8,7.013697e-01,
CDH1->-ERBB2 CDH1->-PIK3CA PIK3CA->-ERBB2,3,3,4.000000,4,7.249632e-02,
PIK3CA->-ZFHX3,2,1,8.000000,8,3.075557e-01,
TP53->-TSC2,2,1,8.000000,8,3.265797e-02,
PTEN->-KMT2C,2,1,8.000000,8,2.718157e-02,
PTEN->-KMT2C TP53->-KMT2C TP53->-PTEN,3,3,2.000000,2,8.854167e-02,
CDH1->-AKT1,2,1,8.000000,8,6.386989e-01,
TP53->-ANKRD11,2,1,8.000000,8,1.177436e-02,
CDH1->-BRCA2,2,1,8.000000,8,1.162760e-01,
CDH1->-BRCA2 TP53->-BRCA2 TP53->-CDH1,3,3,2.000000,2,4.513889e-02,
TBX3->-CDH1,2,1,8.000000,8,9.760043e-01,
CDH1->-PIK3CA TBX3->-CDH1 TBX3->-PIK3CA,3,3,3.000000,3,3.883104e-01,
PTEN->-CDH1,2,1,8.000000,8,6.750778e-01,
CDH1->-TP53 PTEN->-CDH1 PTEN->-TP53,3,3,2.000000,2,5.912930e-02,
PIK3CA->-PTPRD,2,1,8.000000,8,7.252112e-03,
PIK3CA->-PTPRS,2,1,8.000000,8,1.228614e-01,
PIK3CA->-PTPRS PIK3CA->-TP53 TP53->-PTPRS,3,3,3.000000,3,9.994173e-03,
PIK3CA->-PTCH1,2,1,8.000000,8,1.151058e-02,
NCOR1->-TP53,2,1,8.000000,8,9.815710e-01,
NCOR1->-TP53 PIK3CA->-NCOR1 PIK3CA->-TP53,3,3,2.000000,2,4.071404e-01,
CDH1->-NCOR1 CDH1->-TP53 NCOR1->-TP53,3,3,2.000000,2,3.752824e-01,
PTEN->-MAP3K1,2,1,8.000000,8,7.754859e-02,
PTEN->-MAP3K1 TP53->-MAP3K1 TP53->-PTEN,3,3,2.000000,2,1.319444e-01,
MAP3K1->-PIK3CA PTEN->-MAP3K1 PTEN->-PIK3CA,3,3,2.000000,2,2.914352e-02,
CDH1->-MAP3K1 CDH1->-NF1 NF1->-MAP3K1 PTEN->-CDH1 PTEN->-MAP3K1 PTEN->-NF1,4,6,2.000000,2,1.251385e-03,
RUNX1->-PIK3CA,2,1,8.000000,8,9.860122e-01,
CDH1->-CREBBP,2,1,8.000000,8,5.874966e-02,
CDH1->-CREBBP CDH1->-PIK3CA PIK3CA->-CREBBP,3,3,4.000000,4,1.929762e-02,
KMT2C->-TP53,2,1,8.000000,8,9.995236e-01,
RB1->-TP53,2,1,8.000000,8,9.924000e-01,
TP53->-BAP1,2,1,8.000000,8,8.894413e-03,
RUNX1->-CDH1,2,1,8.000000,8,9.420944e-01,
CDH1->-PIK3CA RUNX1->-CDH1 RUNX1->-PIK3CA,3,3,2.000000,2,5.964604e-01,
PIK3CA->-CDH1 RUNX1->-CDH1 RUNX1->-PIK3CA,3,3,2.000000,2,5.964604e-01,
CBFB->-MAP3K1,2,1,8.000000,8,4.715402e-02,
CBFB->-MAP3K1 CBFB->-PIK3CA MAP3K1->-PIK3CA,3,3,6.000000,6,3.239580e-04,
CBFB->-GATA3 CBFB->-MAP3K1 MAP3K1->-GATA3,3,3,2.000000,2,1.102431e-01,
CDH1->-NF1,2,1,8.000000,8,2.497354e-01,
CDH1->-NF1 CDH1->-PIK3CA PIK3CA->-NF1,3,3,3.000000,3,1.509788e-01,
CDH1->-PTPRD,2,1,8.000000,8,6.312047e-03,
CDH1->-PTPRD CDH1->-TP53 TP53->-PTPRD,3,3,2.000000,2,1.644761e-01,
CDH1->-PTPRD TP53->-CDH1 TP53->-PTPRD,3,3,3.000000,3,2.722824e-02,
CDH1->-PIK3CA CDH1->-PTPRD PIK3CA->-PTPRD,3,3,2.000000,2,1.153150e-01,
CDH1->-PTPRD PIK3CA->-CDH1 PIK3CA->-PTPRD,3,3,2.000000,2,1.153150e-01,
CDH1->-APC,2,1,8.000000,8,3.050913e-03,
PIK3CA->-IGF1R,2,1,7.000000,7,2.500000e-03,
PIK3CA->-CARD11,2,1,7.000000,7,5.133010e-03,
PIK3CA->-CARD11 TP53->-CARD11 TP53->-PIK3CA,3,3,2.000000,2,1.127678e-01,
GATA3->-TP53,2,1,7.000000,7,9.837760e-01,
GATA3->-TP53 PIK3CA->-GATA3 PIK3CA->-TP53,3,3,2.000000,2,4.008505e-01,
TP53->-DNMT1,2,1,7.000000,7,3.038194e-03,
CDH1->-KMT2D,2,1,7.000000,7,2.865349e-02,
CDH1->-KMT2D CDH1->-PIK3CA PIK3CA->-KMT2D,3,3,2.000000,2,2.920848e-01,
CDH1->-KMT2D PIK3CA->-CDH1 PIK3CA->-KMT2D,3,3,2.000000,2,2.920848e-01,
FOXA1->-MAP3K1,2,1,7.000000,7,3.092112e-01,
FOXA1->-MAP3K1 PIK3CA->-FOXA1 PIK3CA->-MAP3K1,3,3,3.000000,3,1.645846e-01,
CDH1->-FOXA1 CDH1->-MAP3K1 CDH1->-PIK3CA FOXA1->-MAP3K1 PIK3CA->-FOXA1 PIK3CA->-MAP3K1,4,6,2.000000,2,5.063657e-03,
FOXA1->-MAP3K1 TP53->-FOXA1 TP53->-MAP3K1,3,3,3.000000,3,1.899200e-02,
FOXA1->-MAP3K1 FOXA1->-PIK3CA PIK3CA->-MAP3K1,3,3,2.000000,2,4.378055e-01,
CDH1->-EPHB1,2,1,7.000000,7,4.216270e-03,
CDH1->-EPHB1 CDH1->-TP53 TP53->-EPHB1,3,3,3.000000,3,2.873890e-03,
PIK3CA->-NSD1,2,1,7.000000,7,8.463542e-02,
PIK3CA->-ANKRD11,2,1,7.000000,7,9.751591e-02,
PIK3CA->-ANKRD11 TP53->-ANKRD11 TP53->-PIK3CA,3,3,4.000000,4,2.135710e-03,
PIK3CA->-BRCA2,2,1,7.000000,7,2.111317e-01,
CDH1->-BRCA2 CDH1->-PIK3CA CDH1->-TBX3 PIK3CA->-BRCA2 TBX3->-BRCA2 TBX3->-PIK3CA,4,6,2.000000,2,1.736111e-03,
PIK3CA->-DNMT3A,2,1,7.000000,7,2.984423e-02,
CDH1->-PTPRS,2,1,7.000000,7,3.620530e-03,
CDH1->-PTPRS CDH1->-TP53 TP53->-PTPRS,3,3,2.000000,2,1.881092e-02,
PIK3CA->-RFWD2,2,1,7.000000,7,1.896711e-02,
TP53->-MDC1,2,1,7.000000,7,5.286739e-02,
PIK3CA->-PLK2,2,1,7.000000,7,3.814303e-03,
TP53->-MTOR,2,1,7.000000,7,1.260648e-02,
ATM->-GATA3,2,1,7.000000,7,2.769886e-02,
ATM->-GATA3 ATM->-PIK3CA GATA3->-PIK3CA,3,3,2.000000,2,4.882155e-02,
ATM->-SPEN,2,1,2.000000,2,8.693182e-01,
GATA3->-SPEN,2,1,7.000000,7,2.491297e-01,
MAP3K1->-ARID1A,2,1,7.000000,7,1.191478e-01,
MAP3K1->-ARID1A MAP3K1->-PIK3CA PIK3CA->-ARID1A,3,3,3.000000,3,1.181020e-01,
GATA3->-ARID1A MAP3K1->-ARID1A MAP3K1->-GATA3,3,3,3.000000,3,4.629630e-03,
GATA3->-ARID1A GATA3->-PIK3CA MAP3K1->-ARID1A MAP3K1->-GATA3 MAP3K1->-PIK3CA PIK3CA->-ARID1A,4,6,2.000000,2,5.063657e-03,
TP53->-DDR2,2,1,7.000000,7,1.685918e-02,
TP53->-PIK3CG,2,1,7.000000,7,5.639227e-03,
CDH1->-ERBB3,2,1,7.000000,7,5.390625e-02,
CDH1->-SPEN,2,1,7.000000,7,1.673177e-01,
CDH1->-PIK3CA CDH1->-SPEN PIK3CA->-SPEN,3,3,2.000000,2,7.407407e-02,
PIK3CA->-PIK3C2G,2,1,7.000000,7,1.549479e-02,
PIK3CA->-DICER1,2,1,7.000000,7,3.785761e-02,
NCOR1->-GATA3,2,1,7.000000,7,2.707403e-02,
PIK3CA->-AR,2,1,7.000000,7,7.343750e-02,
TP53->-PIK3C2G,2,1,7.000000,7,1.786458e-03,
PIK3CA->-PIK3C2G TP53->-PIK3C2G TP53->-PIK3CA,3,3,2.000000,2,1.057849e-01,
PIK3CA->-PIK3C2G PIK3CA->-TP53 TP53->-PIK3C2G,3,3,2.000000,2,1.057849e-01,
PTEN->-PIK3R1,2,1,7.000000,7,2.487313e-02,
PTEN->-PIK3R1 TP53->-PIK3R1 TP53->-PTEN,3,3,4.000000,4,3.504726e-04,
MGA->-PIK3CA,2,1,7.000000,7,5.707015e-01,
TP53->-KDM6A,2,1,7.000000,7,5.050858e-02,
GATA3->-ESR1,2,1,7.000000,7,8.410675e-01,
GATA3->-ESR1 GATA3->-PIK3CA PIK3CA->-ESR1,3,3,2.000000,2,4.108276e-01,
MAP3K1->-TBX3,2,1,7.000000,7,8.749781e-02,
MAP3K1->-PIK3CA MAP3K1->-TBX3 PIK3CA->-TBX3,3,3,3.000000,3,4.888975e-02,
TP53->-GRIN2A,2,1,7.000000,7,3.978588e-03,
CBFB->-CDH1,2,1,7.000000,7,8.814396e-01,
CBFB->-CDH1 CBFB->-PIK3CA CDH1->-PIK3CA,3,3,2.000000,2,4.201304e-01,
MAP2K4->-TP53,2,1,7.000000,7,7.358355e-01,
MAP2K4->-TP53 PIK3CA->-MAP2K4 PIK3CA->-TP53,3,3,2.000000,2,2.297347e-01,
PIK3CA->-ARID5B,2,1,7.000000,7,1.755715e-02,
PIK3CA->-ARID5B TP53->-ARID5B TP53->-PIK3CA,3,3,2.000000,2,8.353915e-02,
ANKRD11->-ARID5B,2,1,2.000000,2,2.038177e-01,
PIK3CA->-ARID5B PIK3CA->-TP53 TP53->-ARID5B,3,3,2.000000,2,8.353915e-02,
CDH1->-SETD2,2,1,7.000000,7,6.250000e-03,
BRCA1->-SETD2 CDH1->-BRCA1 CDH1->-SETD2 TP53->-BRCA1 TP53->-CDH1 TP53->-SETD2,4,6,2.000000,2,1.736111e-03,
CTCF->-PIK3CA,2,1,7.000000,7,2.286621e-01,
PIK3CA->-MDC1,2,1,7.000000,7,1.116592e-01,
PIK3CA->-MDC1 PIK3CA->-TP53 TP53->-MDC1,3,3,3.000000,3,3.946322e-02,
TP53->-INSR,2,1,7.000000,7,1.153935e-02,
CDH1->-KMT2A,2,1,7.000000,7,3.515625e-02,
TP53->-BCOR,2,1,7.000000,7,3.401124e-03,
RB1->-PIK3CA,2,1,7.000000,7,8.771755e-01,
PIK3CA->-MGA,2,1,7.000000,7,5.707015e-01,
TP53->-NOTCH1,2,1,7.000000,7,2.964988e-02,
PIK3CA->-KDR,2,1,7.000000,7,1.773867e-02,
TP53->-PALB2,2,1,7.000000,7,1.134591e-02,
TP53->-BRCA1,2,1,7.000000,7,7.377604e-02,
TP53->-PDGFRA,2,1,7.000000,7,1.548611e-02,
PIK3CA->-EPHA5,2,1,7.000000,7,1.911943e-02,
PIK3CA->-EPHA5 TP53->-EPHA5 TP53->-PIK3CA,3,3,3.000000,3,1.625269e-02,
MAP2K4->-GATA3,2,1,7.000000,7,5.794271e-02,
MAP2K4->-GATA3 MAP2K4->-PIK3CA PIK3CA->-GATA3,3,3,2.000000,2,7.407407e-02,
PIK3CA->-BCOR,2,1,7.000000,7,1.115800e-01,
PIK3CA->-BCOR PIK3CA->-PTEN PIK3CA->-TP53 PTEN->-BCOR TP53->-BCOR TP53->-PTEN,4,6,2.000000,2,1.634276e-03,
NOTCH1->-PIK3CA,2,1,6.000000,6,4.617961e-01,
PIK3CA->-ATRX,2,1,6.000000,6,2.497187e-01,
ESR1->-ARID1A,2,1,6.000000,6,2.087901e-01,
ESR1->-ARID1A PIK3CA->-ARID1A PIK3CA->-ESR1,3,3,3.000000,3,7.523148e-03,
TP53->-DOT1L,2,1,6.000000,6,2.374579e-02,
TP53->-PIK3CB,2,1,6.000000,6,9.672619e-03,
ARID1A->-KMT2C,2,1,6.000000,6,5.799805e-01,
ARID1A->-KMT2C ARID1A->-NCOR1 KMT2C->-NCOR1 PIK3CA->-ARID1A PIK3CA->-KMT2C PIK3CA->-NCOR1,4,6,2.000000,2,5.063657e-03,
ARID1A->-KMT2C ARID1A->-PIK3CA PIK3CA->-KMT2C,3,3,2.000000,2,3.953231e-01,
ARID1A->-KMT2C CDH1->-ARID1A CDH1->-KMT2C,3,3,2.000000,2,7.407407e-02,
CDH1->-FOXA1 CDH1->-KMT2C FOXA1->-KMT2C,3,3,2.000000,2,7.407407e-02,
PIK3CA->-EPHB1,2,1,6.000000,6,4.617915e-02,
PIK3CA->-EPHB1 TP53->-EPHB1 TP53->-PIK3CA,3,3,2.000000,2,1.253849e-01,
PIK3CA->-EPHB1 PIK3CA->-TP53 TP53->-EPHB1,3,3,2.000000,2,1.253849e-01,
ATRX->-EPHB1 PIK3CA->-ATRX PIK3CA->-EPHB1,3,3,2.000000,2,2.468571e-02,
HNF1A->-EPHB1,2,1,2.000000,2,2.404835e-01,
CDH1->-EPHB1 CDH1->-PIK3CA PIK3CA->-EPHB1,3,3,3.000000,3,9.013363e-03,
STK11->-PIK3CA,2,1,6.000000,6,1.988360e-01,
CDH1->-RICTOR,2,1,6.000000,6,1.188937e-02,
CDH1->-PIK3CA CDH1->-RICTOR PIK3CA->-RICTOR,3,3,3.000000,3,1.096211e-02,
AKT1->-MAP3K1,2,1,6.000000,6,4.687500e-02,
ZFHX3->-PIK3CA,2,1,6.000000,6,7.168927e-01,
PIK3CA->-MTOR,2,1,6.000000,6,7.125614e-02,
PIK3CA->-MTOR PIK3CA->-TP53 TP53->-MTOR,3,3,3.000000,3,7.853836e-04,
MAP3K1->-ERBB3,2,1,6.000000,6,2.998185e-02,
MAP3K1->-TP53,2,1,6.000000,6,9.991738e-01,
TP53->-RFWD2,2,1,6.000000,6,8.811565e-03,
PIK3CA->-RFWD2 TP53->-PIK3CA TP53->-RFWD2,3,3,2.000000,2,3.725774e-02,
ATR-/-PIK3CA ATR-/-RFWD2 PIK3CA->-RFWD2,3,3,2.000000,2,1.535077e-03,
PIK3CA->-EP300,2,1,6.000000,6,1.999866e-01,
PIK3CA->-ROS1,2,1,6.000000,6,2.204609e-01,
PIK3CA->-ERBB3,2,1,6.000000,6,3.871250e-01,
PIK3CA->-ERBB3 TP53->-ERBB3 TP53->-PIK3CA,3,3,2.000000,2,7.268126e-02,
MAP3K1->-ERBB3 MAP3K1->-PIK3CA PIK3CA->-ERBB3,3,3,2.000000,2,1.767814e-01,
PIK3CA->-NUP93,2,1,6.000000,6,4.743304e-02,
GATA3->-KMT2C,2,1,6.000000,6,8.258036e-01,
TBX3->-TP53,2,1,6.000000,6,8.746995e-01,
TBX3->-PIK3CA TBX3->-TP53 TP53->-PIK3CA,3,3,2.000000,2,2.715969e-01,
PIK3CA->-TP53 TBX3->-PIK3CA TBX3->-TP53,3,3,2.000000,2,2.715969e-01,
TP53->-HNF1A,2,1,6.000000,6,7.672842e-02,
CDH1->-FAT1,2,1,6.000000,6,9.936573e-02,
CDH1->-FAT1 CDH1->-PIK3CA PIK3CA->-FAT1,3,3,2.000000,2,9.680522e-02,
CDH1->-ATRX,2,1,6.000000,6,3.623629e-02,
CDH1->-ATRX CDH1->-PIK3CA PIK3CA->-ATRX,3,3,3.000000,3,1.523920e-02,
TP53->-KDM5A,2,1,6.000000,6,8.388158e-03,
TP53->-TERT,2,1,6.000000,6,7.390894e-02,
TP53->-STK11,2,1,6.000000,6,4.147910e-02,
TP53->-RECQL4,2,1,6.000000,6,6.341688e-02,
CREBBP->-PIK3CA,2,1,6.000000,6,8.240030e-01,
PTEN->-SF3B1,2,1,6.000000,6,1.816840e-01,
PIK3CA->-SF3B1 PTEN->-PIK3CA PTEN->-SF3B1,3,3,2.000000,2,8.854167e-02,
TP53->-TP63,2,1,6.000000,6,8.184524e-03,
CDH1->-RFWD2,2,1,6.000000,6,4.562038e-02,
CDH1->-KMT2C CDH1->-PIK3CA CDH1->-RFWD2 KMT2C->-RFWD2 PIK3CA->-KMT2C PIK3CA->-RFWD2,4,6,3.000000,3,4.553597e-05,
CDH1->-RAD50 CDH1->-RFWD2 RAD50->-RFWD2 TP53->-CDH1 TP53->-RAD50 TP53->-RFWD2,4,6,2.000000,2,1.092863e-03,
TP53->-IGF1R,2,1,6.000000,6,9.050926e-03,
PIK3CA->-IGF1R TP53->-IGF1R TP53->-PIK3CA,3,3,3.000000,3,5.787037e-04,
KMT2C->-NCOR1,2,1,6.000000,6,1.057528e-01,
KMT2C->-NCOR1 PIK3CA->-KMT2C PIK3CA->-NCOR1,3,3,4.000000,4,3.343621e-03,
CDH1->-KMT2C CDH1->-NCOR1 KMT2C->-NCOR1,3,3,3.000000,3,3.549383e-02,
KMT2C->-NCOR1 KMT2C->-TP53 TP53->-NCOR1,3,3,2.000000,2,8.670034e-02,
PIK3CA->-STAG2,2,1,6.000000,6,5.575507e-01,
PIK3CA->-STAG2 TP53->-PIK3CA TP53->-STAG2,3,3,2.000000,2,8.258834e-02,
CDH1->-PIK3CA CDH1->-STAG2 PIK3CA->-STAG2,3,3,2.000000,2,1.153150e-01,
PIK3CA->-NOTCH1,2,1,6.000000,6,4.617961e-01,
PIK3CA->-NOTCH1 TP53->-NOTCH1 TP53->-PIK3CA,3,3,2.000000,2,6.177662e-02,
CDH1->-RB1,2,1,6.000000,6,8.621528e-02,
CDH1->-RB1 CDH1->-TP53 TP53->-RB1,3,3,2.000000,2,1.126543e-01,
CDH1->-RB1 TP53->-CDH1 TP53->-RB1,3,3,2.000000,2,1.126543e-01,
TP53->-SOX17,2,1,6.000000,6,7.367725e-02,
PIK3CA->-CIC,2,1,6.000000,6,1.413690e-02,
TP53->-MGA,2,1,6.000000,6,7.882722e-02,
PIK3CA->-MGA TP53->-MGA TP53->-PIK3CA,3,3,3.000000,3,3.621184e-02,
PIK3CA->-MST1R,2,1,6.000000,6,3.703704e-03,
TP53->-DNMT3A,2,1,6.000000,6,1.167882e-01,
TP53->-KDR,2,1,6.000000,6,1.248162e-01,
PIK3CA->-KDR TP53->-KDR TP53->-PIK3CA,3,3,2.000000,2,2.219158e-01,
PIK3CA->-KDR PIK3CA->-TP53 TP53->-KDR,3,3,3.000000,3,4.614516e-02,
PIK3CA->-FGFR2,2,1,6.000000,6,4.731812e-02,
PIK3CA->-SETD2,2,1,6.000000,6,3.277821e-01,
ARID1A->-PIK3CA ARID1A->-SETD2 CDH1->-ARID1A CDH1->-PIK3CA CDH1->-SETD2 PIK3CA->-SETD2,4,6,2.000000,2,5.063657e-03,
GATA3->-CDKN1B,2,1,6.000000,6,1.227679e-02,
PIK3CA->-RAD50,2,1,6.000000,6,1.534639e-01,
CBFB->-TP53,2,1,6.000000,6,1.041271e-01,
CBFB->-PIK3CA CBFB->-TP53 TP53->-PIK3CA,3,3,3.000000,3,2.584877e-02,
CDH1->-PTCH1,2,1,6.000000,6,6.043199e-02,
CDH1->-PIK3CA CDH1->-PTCH1 PIK3CA->-PTCH1,3,3,2.000000,2,1.250511e-01,
TP53->-RPTOR,2,1,6.000000,6,2.361111e-02,
PIK3CA->-BAP1,2,1,6.000000,6,5.468750e-02,
PIK3CA->-BAP1 PIK3CA->-TP53 TP53->-BAP1,3,3,2.000000,2,2.777778e-02,
PTEN->-ARID1A,2,1,6.000000,6,3.846340e-02,
ESR1->-CDH1,2,1,6.000000,6,9.562555e-01,
TP53->-NBN,2,1,6.000000,6,7.291667e-03,
CDKN1B->-PIK3CA,2,1,6.000000,6,8.865575e-01,
PIK3CA->-CBFB,2,1,6.000000,6,9.999977e-01,
TP53->-RAD50,2,1,6.000000,6,2.752191e-02,
PIK3CA->-RAD50 TP53->-PIK3CA TP53->-RAD50,3,3,2.000000,2,6.667883e-02,
PIK3CA->-RAD50 PIK3CA->-TP53 TP53->-RAD50,3,3,2.000000,2,6.667883e-02,
TP53->-NOTCH3,2,1,6.000000,6,4.201389e-02,
KMT2C->-FAT1,2,1,6.000000,6,1.766683e-01,
KMT2C->-FAT1 PIK3CA->-FAT1 PIK3CA->-KMT2C,3,3,2.000000,2,1.920794e-01,
PIK3CA->-APC,2,1,6.000000,6,2.845471e-01,
PIK3CA->-APC PIK3CA->-TP53 TP53->-APC,3,3,4.000000,4,1.190303e-03,
APC->-NCOR1 CDH1->-APC CDH1->-NCOR1 CDH1->-PIK3CA PIK3CA->-APC PIK3CA->-NCOR1,4,6,2.000000,2,1.278236e-03,
ERBB3->-PIK3CA,2,1,5.000000,5,6.259779e-01,
ERBB3->-PIK3CA MAP3K1->-ERBB3 MAP3K1->-PIK3CA,3,3,3.000000,3,2.965478e-02,
KMT2C->-BRCA2,2,1,5.000000,5,3.696117e-01,
KMT2C->-BRCA2 TP53->-BRCA2 TP53->-KMT2C,3,3,2.000000,2,6.377315e-02,
MEN1->-KMT2C,2,1,5.000000,5,8.143580e-02,
KMT2C->-GATA3 MEN1->-GATA3 MEN1->-KMT2C,3,3,2.000000,2,2.777778e-02,
TP53->-RAF1,2,1,5.000000,5,8.731171e-03,
TP53->-PAK7,2,1,5.000000,5,4.060614e-02,
CDH1->-NSD1,2,1,5.000000,5,2.697650e-02,
CDH1->-NSD1 CDH1->-TP53 TP53->-NSD1,3,3,2.000000,2,2.777778e-02,
CDH1->-FOXA1 CDH1->-NSD1 CDH1->-PIK3CA NSD1->-FOXA1 PIK3CA->-FOXA1 PIK3CA->-NSD1,4,6,2.000000,2,1.736111e-03,
TP53->-TSC1,2,1,5.000000,5,1.359799e-01,
PIK3CA->-GLI1,2,1,5.000000,5,3.091931e-02,
CBFB->-AKT1,2,1,5.000000,5,3.366970e-01,
PIK3CA->-HIST1H1C,2,1,5.000000,5,1.914062e-01,
PIK3CA->-TET1,2,1,5.000000,5,2.917535e-01,
CHEK2->-PIK3CA,2,1,5.000000,5,9.635417e-02,
STAG2->-PIK3CA,2,1,5.000000,5,7.658818e-01,
GATA3->-EGFR,2,1,5.000000,5,3.125000e-02,
PIK3CA->-EGFR,2,1,5.000000,5,8.593750e-02,
GATA3->-EGFR GATA3->-PIK3CA PIK3CA->-EGFR,3,3,2.000000,2,2.777778e-02,
PIK3CA->-ALK,2,1,5.000000,5,2.154907e-01,
TP53->-KIT,2,1,5.000000,5,1.009383e-02,
KDM5C->-PIK3CA,2,1,5.000000,5,5.095703e-01,
PIK3CA->-BRIP1,2,1,5.000000,5,7.916667e-02,
ZFHX3->-CDH1,2,1,5.000000,5,1.344010e-01,
CDH1->-PIK3CA ZFHX3->-CDH1 ZFHX3->-PIK3CA,3,3,4.000000,4,2.516902e-03,
ARID1A->-GRIN2A,2,1,5.000000,5,1.329545e-02,
TP53->-EPHA7,2,1,5.000000,5,5.323709e-02,
TP53->-BRD4,2,1,5.000000,5,5.129630e-02,
PIK3CA->-NOTCH3,2,1,5.000000,5,1.407407e-01,
PIK3CA->-JAK3,2,1,5.000000,5,1.552438e-01,
TP53->-HIST1H3B,2,1,5.000000,5,3.431312e-02,
TP53->-TCF7L2,2,1,5.000000,5,2.421024e-02,
TP53->-PLK2,2,1,5.000000,5,2.183761e-02,
PIK3CA->-PLK2 TP53->-PIK3CA TP53->-PLK2,3,3,2.000000,2,4.760004e-02,
ESR1->-MAP3K1,2,1,5.000000,5,5.689603e-01,
ESR1->-MAP3K1 PIK3CA->-ESR1 PIK3CA->-MAP3K1,3,3,2.000000,2,3.302040e-01,
KMT2C->-ARID1A,2,1,5.000000,5,7.827148e-01,
KMT2C->-ARID1A PIK3CA->-ARID1A PIK3CA->-KMT2C,3,3,2.000000,2,3.953231e-01,
KMT2C->-ARID1A KMT2C->-PIK3CA PIK3CA->-ARID1A,3,3,2.000000,2,3.953231e-01,
GATA3->-ARID1A KMT2C->-ARID1A KMT2C->-GATA3,3,3,2.000000,2,2.777778e-02,
GATA3->-FLT3,2,1,5.000000,5,1.965703e-02,
KMT2C->-CDH1,2,1,5.000000,5,9.998772e-01,
TP53->-ARAF,2,1,5.000000,5,4.066087e-02,
TP53->-MET,2,1,5.000000,5,1.034091e-02,
TP53->-MAP3K13,2,1,5.000000,5,1.287085e-01,
MAP3K1->-ESR1,2,1,5.000000,5,5.689603e-01,
ESR1->-PIK3CA MAP3K1->-ESR1 MAP3K1->-PIK3CA,3,3,2.000000,2,3.302040e-01,
PIK3CA->-DNMT1,2,1,5.000000,5,2.519231e-02,
PTEN->-GATA3,2,1,5.000000,5,3.177083e-01,
PTEN->-GATA3 TP53->-GATA3 TP53->-PTEN,3,3,2.000000,2,9.920635e-03,
CDH1->-AR,2,1,5.000000,5,1.093750e-01,
CDH1->-AR CDH1->-PIK3CA PIK3CA->-AR,3,3,2.000000,2,1.962449e-01,
NCOR1->-MED12,2,1,5.000000,5,2.343750e-02,
NCOR1->-MED12 TP53->-MED12 TP53->-NCOR1,3,3,3.000000,3,9.806469e-03,
NCOR1->-MED12 NCOR1->-PIK3CA PIK3CA->-MED12,3,3,2.000000,2,6.911376e-02,
TP53->-FGFR4,2,1,5.000000,5,8.333333e-03,
NF1->-PIK3R1,2,1,5.000000,5,1.828437e-01,
NF1->-PIK3R1 TP53->-NF1 TP53->-PIK3R1,3,3,2.000000,2,9.608910e-02,
NF1->-PIK3R1 PTEN->-NF1 PTEN->-PIK3R1,3,3,2.000000,2,1.122378e-01,
TP53->-AXIN2,2,1,5.000000,5,7.833333e-03,
CREBBP->-KMT2C,2,1,5.000000,5,9.031199e-02,
CREBBP->-KMT2C TP53->-CREBBP TP53->-KMT2C,3,3,2.000000,2,5.257556e-02,
CREBBP->-KMT2C PIK3CA->-CREBBP PIK3CA->-KMT2C,3,3,3.000000,3,2.995069e-02,
CDH1->-CREBBP CDH1->-KMT2C CDH1->-PIK3CA CREBBP->-KMT2C PIK3CA->-CREBBP PIK3CA->-KMT2C,4,6,2.000000,2,8.074724e-03,
ARID1A->-CREBBP ARID1A->-KMT2C CREBBP->-KMT2C,3,3,2.000000,2,2.777778e-02,
KMT2C->-TBX3,2,1,5.000000,5,4.353693e-01,
TP53->-JAK3,2,1,5.000000,5,1.287939e-01,
CDH1->-STAG2,2,1,5.000000,5,2.547722e-02,
PIK3CA->-TET2,2,1,5.000000,5,4.232598e-01,
TP53->-ERBB2,2,1,5.000000,5,5.538416e-01,
CDH1->-ERBB2 CDH1->-TP53 TP53->-ERBB2,3,3,2.000000,2,2.439774e-01,
CDH1->-IKZF1,2,1,5.000000,5,1.875000e-02,
TP53->-PBRM1,2,1,5.000000,5,2.005837e-01,
PIK3CA->-BRCA1,2,1,5.000000,5,3.088927e-01,
TP53->-POLD1,2,1,5.000000,5,6.951389e-03,
GATA3->-TBX3,2,1,5.000000,5,1.463701e-01,
GATA3->-PIK3CA GATA3->-TBX3 TBX3->-PIK3CA,3,3,2.000000,2,1.726744e-01,
GATA3->-PIK3CA GATA3->-TBX3 PIK3CA->-TBX3,3,3,2.000000,2,1.726744e-01,
GATA3->-TBX3 MAP3K1->-GATA3 MAP3K1->-TBX3,3,3,2.000000,2,1.030093e-01,
CDH1->-MED12,2,1,5.000000,5,9.613000e-02,
CDH1->-MED12 PIK3CA->-CDH1 PIK3CA->-MED12,3,3,2.000000,2,1.893555e-01,
PIK3CA->-TERT,2,1,5.000000,5,4.154321e-02,
PIK3R1->-TP53,2,1,5.000000,5,9.863701e-01,
ERBB2->-KMT2C,2,1,5.000000,5,1.719231e-01,
CDH1->-ERBB2 CDH1->-KMT2C ERBB2->-KMT2C,3,3,2.000000,2,1.777677e-01,
CDH1->-KMT2C ERBB2->-CDH1 ERBB2->-KMT2C,3,3,2.000000,2,1.777677e-01,
KMT2C->-PARP1 TP53->-KMT2C TP53->-PARP1,3,3,2.000000,2,1.979566e-02,
ERBB2->-KMT2C ERBB2->-PARP1 ERBB2->-PIK3CA KMT2C->-PARP1 PIK3CA->-KMT2C PIK3CA->-PARP1,4,6,2.000000,2,1.092863e-03,
TP53->-XPO1,2,1,5.000000,5,5.947731e-02,
MAP3K1->-NOTCH4,2,1,5.000000,5,2.174708e-02,
MAP3K1->-NOTCH4 MAP3K1->-PIK3CA PIK3CA->-NOTCH4,3,3,2.000000,2,1.024419e-01,
MAP3K1->-NOTCH4 PIK3CA->-MAP3K1 PIK3CA->-NOTCH4,3,3,2.000000,2,1.024419e-01,
NOTCH4->-PTPRT PIK3CA->-NOTCH4 PIK3CA->-PTPRT,3,3,2.000000,2,1.361656e-02,
MAP3K1->-NOTCH4 MAP3K1->-PTPRT NOTCH4->-PTPRT TP53->-MAP3K1 TP53->-NOTCH4 TP53->-PTPRT,4,6,2.000000,2,6.181201e-04,
PIK3CA->-GRIN2A,2,1,5.000000,5,1.875000e-01,
NF1->-CDH1,2,1,5.000000,5,8.392726e-01,
CDH1->-PIK3CA NF1->-CDH1 NF1->-PIK3CA,3,3,2.000000,2,4.175866e-01,
NF1->-CDH1 NF1->-PIK3CA PIK3CA->-CDH1,3,3,2.000000,2,4.175866e-01,
FOXA1->-GATA3,2,1,5.000000,5,4.908854e-01,
FOXA1->-GATA3 FOXA1->-PIK3CA GATA3->-PIK3CA,3,3,2.000000,2,2.632245e-01,
FOXA1->-GATA3 FOXA1->-MAP3K1 MAP3K1->-GATA3,3,3,2.000000,2,1.319444e-01,
CDH1->-RAD50,2,1,5.000000,5,2.199315e-02,
CDH1->-PIK3CA CDH1->-RAD50 PIK3CA->-RAD50,3,3,2.000000,2,6.077054e-02,
ERBB2->-TP53,2,1,5.000000,5,5.538416e-01,
PIK3CA->-PARP1,2,1,5.000000,5,6.104209e-02,
TP53->-PARP1,2,1,5.000000,5,1.698481e-02,
PIK3CA->-PARP1 PIK3CA->-TP53 TP53->-PARP1,3,3,2.000000,2,6.077054e-02,
AKT1->-NOTCH2,2,1,5.000000,5,6.609623e-03,
TP53->-BRIP1,2,1,5.000000,5,6.402116e-03,
ERBB2->-RUNX1,2,1,5.000000,5,2.265625e-01,
CDH1->-ERBB2 CDH1->-RUNX1 ERBB2->-RUNX1,3,3,2.000000,2,1.962449e-01,
TP53->-CEBPA,2,1,5.000000,5,2.083333e-02,
NCOR1->-RUNX1,2,1,5.000000,5,3.632812e-01,
NCOR1->-RUNX1 PIK3CA->-NCOR1 PIK3CA->-RUNX1,3,3,2.000000,2,2.632245e-01,
NCOR1->-PIK3CA NCOR1->-RUNX1 PIK3CA->-RUNX1,3,3,2.000000,2,2.632245e-01,
ARID2->-GATA3,2,1,5.000000,5,1.796875e-01,
ARID2->-ARID1A,2,1,5.000000,5,3.018292e-01,
ARID2->-ARID1A TP53->-ARID1A TP53->-ARID2,3,3,2.000000,2,7.266088e-02,
EPHA5->-ARID1A,2,1,2.000000,2,4.973545e-01,
NCOR1->-CDH1,2,1,5.000000,5,9.933343e-01,
NCOR1->-CDH1 TP53->-CDH1 TP53->-NCOR1,3,3,2.000000,2,3.752824e-01,
CDH1->-RUNX1 NCOR1->-CDH1 NCOR1->-RUNX1,3,3,2.000000,2,1.319444e-01,
TP53->-JAK1,2,1,5.000000,5,3.450521e-01,
KMT2D->-PIK3CA,2,1,5.000000,5,9.883243e-01,
CDH1->-KMT2D CDH1->-PIK3CA KMT2D->-PIK3CA,3,3,2.000000,2,2.920848e-01,
PTEN->-GRIN2A,2,1,5.000000,5,1.846591e-02,
ARID1A->-GRIN2A PTEN->-ARID1A PTEN->-GRIN2A,3,3,2.000000,2,1.430976e-02,
PIK3CA->-GRIN2A PTEN->-GRIN2A PTEN->-PIK3CA,3,3,2.000000,2,7.407407e-02,
PIK3CA->-SMAD4,2,1,5.000000,5,2.718686e-01,
MAP2K4->-PTEN,2,1,5.000000,5,3.100740e-01,
TP53->-GLI1,2,1,5.000000,5,1.451315e-02,
TP53->-CIC,2,1,5.000000,5,1.093750e-01,
PIK3CA->-CIC TP53->-CIC TP53->-PIK3CA,3,3,2.000000,2,7.407407e-02,
TP53->-IRF4,2,1,5.000000,5,1.333333e-02,
TP53->-SMARCA4,2,1,5.000000,5,2.253224e-01,
TP53->-TRAF2,2,1,5.000000,5,1.472886e-02,
PIK3CA->-KRAS,2,1,5.000000,5,2.980921e-01,
PIK3CA->-BLM,2,1,5.000000,5,7.502298e-02,
TP53->-PIK3R2,2,1,5.000000,5,2.083333e-02,
PIK3CA->-ERCC4,2,1,5.000000,5,4.206731e-02,
ARID1A->-IKZF1,2,1,5.000000,5,1.875000e-02,
ARID1A->-IKZF1 ARID1A->-PIK3CA CDH1->-ARID1A CDH1->-IKZF1 CDH1->-PIK3CA IKZF1->-PIK3CA,4,6,2.000000,2,1.736111e-03,
AKT1->-KMT2C,2,1,5.000000,5,2.420247e-01,
AKT1->-KMT2C AKT1->-TP53 TP53->-KMT2C,3,3,2.000000,2,2.777778e-02,
RUNX1->-TP53,2,1,5.000000,5,9.861433e-01,
PTPRS->-PIK3CA,2,1,5.000000,5,7.071612e-01,
PTPRS->-PIK3CA TP53->-PIK3CA TP53->-PTPRS,3,3,2.000000,2,9.546146e-02,
CDH1->-PIK3CA CDH1->-PTPRS PTPRS->-PIK3CA,3,3,2.000000,2,3.935185e-02,
TP53->-TET1,2,1,5.000000,5,9.542411e-02,
TP53->-ERBB4,2,1,5.000000,5,3.954713e-02,
CBFB->-NCOR1,2,1,5.000000,5,2.916667e-02,
CBFB->-NCOR1 CBFB->-PIK3CA NCOR1->-PIK3CA,3,3,2.000000,2,1.319444e-01,
CBFB->-NCOR1 CBFB->-TP53 TP53->-NCOR1,3,3,2.000000,2,1.203704e-01,
CDH1->-DNMT1,2,1,5.000000,5,3.125000e-02,
CDH1->-DNMT1 CDH1->-PIK3CA PIK3CA->-DNMT1,3,3,2.000000,2,2.777778e-02,
CDH1->-XPO1,2,1,5.000000,5,3.125000e-02,
MAP3K1->-NCOR1,2,1,5.000000,5,4.624607e-01,
MAP3K1->-NCOR1 MAP3K1->-PIK3CA NCOR1->-PIK3CA,3,3,2.000000,2,2.437194e-01,
ARID1B->-PIK3CA,2,1,5.000000,5,2.487280e-01,
ARID1B->-PIK3CA TP53->-ARID1B TP53->-PIK3CA,3,3,2.000000,2,1.045269e-01,
AKT1->-MAP2K4,2,1,5.000000,5,9.821429e-02,
ERBB2->-TBX3,2,1,5.000000,5,2.367216e-01,
CDH1->-TBX3 ERBB2->-CDH1 ERBB2->-TBX3,3,3,2.000000,2,1.212545e-01,
GPS2->-PIK3CA,2,1,5.000000,5,3.322793e-01,
FAT1->-PIK3CA,2,1,4.000000,4,9.997156e-01,
SETD2->-PIK3CA,2,1,4.000000,4,7.937752e-01,
CDH1->-PIK3CA CDH1->-SETD2 SETD2->-PIK3CA,3,3,2.000000,2,1.673097e-01,
FAT1->-RICTOR,2,1,4.000000,4,1.597222e-01,
FAT1->-PIK3CA FAT1->-RICTOR PIK3CA->-RICTOR,3,3,2.000000,2,1.054205e-01,
TET1->-FAT1,2,1,4.000000,4,3.158482e-01,
PIK3CA->-FAT1 PIK3CA->-TET1 TET1->-FAT1,3,3,2.000000,2,1.319444e-01,
NCOR1->-FAT1 NCOR1->-TET1 TET1->-FAT1,3,3,2.000000,2,2.777778e-02,
PIK3CA->-FAT1 PIK3CA->-RB1 RB1->-FAT1,3,3,2.000000,2,1.319444e-01,
TET1->-FAT1 TP53->-FAT1 TP53->-TET1,3,3,2.000000,2,5.753968e-02,
ESR1->-FAT1,2,1,4.000000,4,2.384577e-01,
ESR1->-FAT1 PIK3CA->-ESR1 PIK3CA->-FAT1,3,3,2.000000,2,6.216931e-02,
ARID1A->-FAT1,2,1,4.000000,4,2.104982e-01,
TET1->-ARID1A,2,1,4.000000,4,1.348214e-01,
ARID1A->-FAT1 TET1->-ARID1A TET1->-FAT1,3,3,2.000000,2,1.785714e-02,
PIK3CA->-RPS6KB2,2,1,4.000000,4,4.861111e-02,
CDH1->-SMO,2,1,4.000000,4,5.095443e-02,
TP53->-RBM10,2,1,4.000000,4,2.777778e-02,
KMT2A->-GATA3,2,1,4.000000,4,1.875000e-01,
TP53->-CDK8,2,1,4.000000,4,1.063426e-01,
SMO->-PIK3CA,2,1,4.000000,4,4.407541e-01,
CDH1->-PIK3CA CDH1->-SMO SMO->-PIK3CA,3,3,2.000000,2,1.153150e-01,
FOXA1->-KMT2C,2,1,4.000000,4,2.424615e-01,
FOXA1->-KMT2C PIK3CA->-FOXA1 PIK3CA->-KMT2C,3,3,3.000000,3,2.941744e-02,
FOXA1->-KMT2C TP53->-FOXA1 TP53->-KMT2C,3,3,2.000000,2,3.787879e-02,
PIK3CA->-EZH2,2,1,4.000000,4,1.250000e-01,
TP53->-EZH2,2,1,4.000000,4,1.875000e-01,
PIK3CA->-EZH2 PIK3CA->-TP53 TP53->-EZH2,3,3,2.000000,2,7.407407e-02,
GATA3->-PIK3R2,2,1,4.000000,4,4.345238e-02,
GATA3->-PIK3R2 TP53->-GATA3 TP53->-PIK3R2,3,3,2.000000,2,2.777778e-02,
CBFB->-ARID1A,2,1,4.000000,4,1.481481e-01,
NCOR1->-RB1,2,1,4.000000,4,2.698864e-01,
NCOR1->-PIK3CA NCOR1->-RB1 PIK3CA->-RB1,3,3,2.000000,2,7.407407e-02,
PIK3CA->-FOXP1,2,1,4.000000,4,4.531250e-01,
CDH1->-ALK,2,1,4.000000,4,3.888889e-02,
CDH1->-ALK CDH1->-PIK3CA PIK3CA->-ALK,3,3,2.000000,2,2.222222e-02,
CDH1->-ALK CDH1->-FOXA1 FOXA1->-ALK,3,3,2.000000,2,2.222222e-02,
TP53->-IKZF1,2,1,4.000000,4,1.095238e-01,
PIK3CA->-HIST1H3I,2,1,4.000000,4,1.848109e-01,
PIK3CA->-BARD1,2,1,4.000000,4,2.277603e-01,
PIK3CA->-BARD1 TP53->-BARD1 TP53->-PIK3CA,3,3,2.000000,2,8.750827e-02,
PIK3CA->-SMARCA4,2,1,4.000000,4,6.337673e-01,
CDH1->-MTOR,2,1,4.000000,4,4.348958e-01,
CDH1->-MTOR CDH1->-PIK3CA PIK3CA->-MTOR,3,3,2.000000,2,8.532109e-02,
CDH1->-EGFR,2,1,4.000000,4,1.500000e-01,
CDH1->-EGFR CDH1->-PIK3CA PIK3CA->-EGFR,3,3,2.000000,2,4.629630e-02,
CDH1->-KDR,2,1,4.000000,4,5.974265e-02,
SPEN->-PIK3CA,2,1,4.000000,4,9.903942e-01,
PIK3CA->-BRD4,2,1,4.000000,4,9.198575e-02,
EPHA7->-PIK3CA,2,1,4.000000,4,1.296303e-01,
EPHA7->-PIK3CA TP53->-EPHA7 TP53->-PIK3CA,3,3,2.000000,2,9.200538e-03,
MAP3K1->-ATR,2,1,4.000000,4,1.031863e-01,
NF1->-KMT2C,2,1,4.000000,4,3.223825e-01,
TP53->-AR,2,1,4.000000,4,1.272321e-01,
PIK3CA->-AR PIK3CA->-TP53 TP53->-AR,3,3,2.000000,2,4.629630e-02,
PIK3CA->-CDKN2A,2,1,4.000000,4,1.666667e-01,
PIK3CA->-CDKN2A TP53->-CDKN2A TP53->-PIK3CA,3,3,2.000000,2,1.133433e-01,
STAG2->-GATA3,2,1,4.000000,4,1.755952e-01,
MEN1->-SPEN,2,1,4.000000,4,6.250000e-02,
GATA3->-SPEN MEN1->-GATA3 MEN1->-SPEN,3,3,2.000000,2,7.407407e-02,
MEN1->-ARID1A,2,1,4.000000,4,1.577381e-01,
KMT2C->-ARID1A MEN1->-ARID1A MEN1->-KMT2C,3,3,2.000000,2,7.407407e-02,
SMARCA4->-PIK3CA,2,1,4.000000,4,6.337673e-01,
PIK3CA->-IRS1,2,1,4.000000,4,3.792335e-01,
KMT2C->-ESR1,2,1,4.000000,4,9.583333e-02,
BRCA2->-PIK3CA,2,1,4.000000,4,8.469938e-01,
PTEN->-TBX3,2,1,4.000000,4,5.032895e-02,
PTEN->-ATRX,2,1,4.000000,4,1.619639e-01,
PTEN->-ATRX TP53->-ATRX TP53->-PTEN,3,3,2.000000,2,1.116110e-01,
TP53->-INPP4B,2,1,4.000000,4,1.544901e-01,
TP53->-PIM1,2,1,4.000000,4,1.748971e-02,
TP53->-MAP2K1,2,1,4.000000,4,4.050926e-02,
TP53->-SDHB,2,1,4.000000,4,4.427900e-01,
CDH1->-CTCF,2,1,4.000000,4,1.473214e-01,
TP53->-AXIN1,2,1,4.000000,4,1.291667e-01,
TP53->-IRS2,2,1,4.000000,4,1.977462e-01,
TP53->-RASA1,2,1,4.000000,4,1.458333e-01,
FOXA1->-TP53,2,1,4.000000,4,9.794106e-01,
PIK3CA->-PIK3CG,2,1,4.000000,4,3.913063e-01,
PIK3CA->-HNF1A,2,1,4.000000,4,1.589574e-01,
TP53->-PRDM1,2,1,4.000000,4,6.250000e-02,
PTEN->-MED12,2,1,4.000000,4,3.382899e-02,
PTEN->-MED12 TP53->-MED12 TP53->-PTEN,3,3,2.000000,2,1.455026e-02,
PTEN->-ATR,2,1,4.000000,4,6.183862e-02,
PTEN->-ATR TP53->-ATR TP53->-PTEN,3,3,3.000000,3,4.488310e-03,
PIK3CA->-ATR PIK3CA->-PTEN PTEN->-ATR,3,3,2.000000,2,7.266088e-02,
MGA->-ATR MGA->-PTEN PTEN->-ATR,3,3,2.000000,2,2.692986e-02,
MGA->-PTPRT,2,1,2.000000,2,2.473545e-01,
ATR->-NCOR1,2,1,4.000000,4,6.250000e-02,
ATR->-NCOR1 TP53->-ATR TP53->-NCOR1,3,3,2.000000,2,2.777778e-02,
ATR->-NCOR1 PIK3CA->-ATR PIK3CA->-NCOR1,3,3,2.000000,2,2.777778e-02,
ATR->-EP300 PIK3CA->-ATR PIK3CA->-EP300,3,3,2.000000,2,2.777778e-02,
MAP3K1->-NSD1,2,1,4.000000,4,4.577991e-01,
MAP3K1->-NSD1 TP53->-MAP3K1 TP53->-NSD1,3,3,2.000000,2,7.407407e-02,
CDH1->-MAP3K1 CDH1->-NSD1 MAP3K1->-NSD1,3,3,2.000000,2,1.195988e-01,
NF1->-MED12,2,1,4.000000,4,1.704060e-01,
NF1->-MED12 TP53->-MED12 TP53->-NF1,3,3,2.000000,2,7.407407e-02,
MAP3K1->-MED12 NF1->-MAP3K1 NF1->-MED12 PTEN->-MAP3K1 PTEN->-MED12 PTEN->-NF1,4,6,2.000000,2,1.251385e-03,
NF1->-NSD1 PTEN->-NF1 PTEN->-NSD1,3,3,2.000000,2,2.185185e-02,
NF1->-MAP3K1,2,1,4.000000,4,3.223825e-01,
NF1->-MAP3K1 TP53->-MAP3K1 TP53->-NF1,3,3,3.000000,3,1.620370e-02,
NF1->-MAP3K1 PTEN->-MAP3K1 PTEN->-NF1,3,3,3.000000,3,3.641975e-03,
MAP3K1->-MED12,2,1,4.000000,4,4.349441e-02,
MAP3K1->-MED12 MAP3K1->-PIK3CA PIK3CA->-MED12,3,3,2.000000,2,1.902778e-02,
MAP3K1->-MED12 PTEN->-MAP3K1 PTEN->-MED12,3,3,3.000000,3,2.494753e-03,
TP53->-IFNGR1,2,1,4.000000,4,3.750000e-02,
TP53->-CTCF,2,1,4.000000,4,2.501042e-01,
BRCA2->-KMT2C,2,1,4.000000,4,6.337159e-01,
TBX3->-KMT2C,2,1,4.000000,4,6.943892e-01,
TBX3->-KMT2C TP53->-KMT2C TP53->-TBX3,3,3,2.000000,2,3.787879e-02,
KMT2C->-AR,2,1,4.000000,4,1.354167e-01,
ARID1A->-CDH1,2,1,4.000000,4,9.988975e-01,
ARID1A->-CDH1 ARID1A->-PIK3CA CDH1->-PIK3CA,3,3,2.000000,2,7.222046e-01,
CDH1->-RASA1,2,1,4.000000,4,1.875000e-01,
TP53->-REL,2,1,4.000000,4,3.333333e-02,
TP53->-TRAF7,2,1,4.000000,4,1.100000e-01,
FOXA1->-TBX3,2,1,4.000000,4,3.957087e-01,
FOXA1->-TBX3 PIK3CA->-FOXA1 PIK3CA->-TBX3,3,3,2.000000,2,7.407407e-02,
TP53->-PMS1,2,1,4.000000,4,2.416667e-02,
ERBB2->-MAP3K1,2,1,4.000000,4,3.285759e-01,
TP53->-SMO,2,1,4.000000,4,1.085811e-01,
NF1->-TET2,2,1,4.000000,4,4.200680e-02,
NF1->-TET2 TP53->-NF1 TP53->-TET2,3,3,2.000000,2,1.825397e-02,
PTEN->-ARID1B,2,1,4.000000,4,1.704060e-01,
CDH1->-RHOA,2,1,4.000000,4,3.012330e-01,
CDH1->-PAK7,2,1,4.000000,4,4.050926e-02,
CDH1->-PAK7 CDH1->-TP53 TP53->-PAK7,3,3,2.000000,2,4.224537e-02,
CDH1->-FGFR4,2,1,4.000000,4,1.208333e-01,
PIK3CA->-FGFR4,2,1,4.000000,4,5.390892e-01,
GATA3->-NSD1,2,1,4.000000,4,5.833333e-02,
GATA3->-MED12,2,1,4.000000,4,5.625000e-02,
MAP3K1->-CDH1,2,1,4.000000,4,9.996827e-01,
MAP3K1->-CDH1 MAP3K1->-PIK3CA PIK3CA->-CDH1,3,3,2.000000,2,7.248008e-01,
PIK3CA->-TSHR,2,1,4.000000,4,4.166667e-02,
TP53->-GATA2,2,1,4.000000,4,1.875000e-01,
TP53->-GSK3B,2,1,4.000000,4,2.777778e-02,
ARID1A->-FLT3,2,1,4.000000,4,1.494048e-01,
FOXA1->-CDH1,2,1,4.000000,4,9.995680e-01,
MAP3K1->-ARID2,2,1,4.000000,4,3.502747e-02,
MAP3K1->-FOXA1,2,1,4.000000,4,8.965810e-01,
MAP3K1->-FOXA1 MAP3K1->-PIK3CA PIK3CA->-FOXA1,3,3,3.000000,3,1.645846e-01,
PIK3CA->-PMS1,2,1,4.000000,4,6.250000e-02,
MAP3K1->-DICER1,2,1,4.000000,4,5.038462e-02,
ERBB2->-ERBB3,2,1,4.000000,4,3.502747e-02,
CDH1->-ERBB3 ERBB2->-CDH1 ERBB2->-ERBB3,3,3,2.000000,2,7.407407e-02,
NF1->-ERBB3,2,1,4.000000,4,6.250000e-02,
NF1->-ERBB3 NF1->-TP53 TP53->-ERBB3,3,3,2.000000,2,7.407407e-02,
ARID1B->-TP53,2,1,4.000000,4,9.248506e-01,
TP53->-DAXX,2,1,4.000000,4,3.396962e-02,
CDH1->-JAK2,2,1,4.000000,4,6.250000e-02,
PIK3CA->-INSR,2,1,4.000000,4,1.755952e-01,
PIK3CA->-INSR PIK3CA->-TP53 TP53->-INSR,3,3,2.000000,2,7.407407e-02,
ERBB2->-FOXA1,2,1,4.000000,4,3.278274e-01,
ERBB2->-FOXA1 ERBB2->-MAP3K1 FOXA1->-MAP3K1,3,3,2.000000,2,2.480159e-02,
MAP3K1->-CDKN1B,2,1,4.000000,4,4.306954e-01,
KMT2C->-CDKN1B MAP3K1->-CDKN1B MAP3K1->-KMT2C MAP3K1->-PIK3CA PIK3CA->-CDKN1B PIK3CA->-KMT2C,4,6,2.000000,2,1.028893e-03,
TP53->-NTRK1,2,1,4.000000,4,1.222222e-02,
CDH1->-JUN,2,1,4.000000,4,5.654762e-02,
TP53->-JUN,2,1,4.000000,4,6.250000e-02,
TP53->-FGFR2,2,1,4.000000,4,6.183862e-02,
PIK3CA->-YES1,2,1,4.000000,4,3.057266e-02,
MAP2K4->-NCOR1,2,1,4.000000,4,6.236979e-01,
GATA3->-PDGFRA,2,1,4.000000,4,1.875000e-01,
CDH1->-POLE,2,1,4.000000,4,1.625000e-01,
PIK3CA->-DNMT3B,2,1,4.000000,4,1.750000e-01,
ARID1A->-TP53,2,1,4.000000,4,9.972371e-01,
KMT2C->-PTCH1,2,1,4.000000,4,2.375138e-01,
CDH1->-KMT2A CDH1->-KMT2C CDH1->-PTCH1 KMT2C->-KMT2A KMT2C->-PTCH1 PTCH1->-KMT2A,4,6,2.000000,2,1.736111e-03,
KMT2C->-PARP1,2,1,4.000000,4,4.398631e-02,
TP53->-PTCH1,2,1,4.000000,4,3.563682e-01,
PIK3CA->-PTCH1 PIK3CA->-TP53 TP53->-PTCH1,3,3,2.000000,2,1.233267e-01,
TP53->-JAK2,2,1,4.000000,4,1.731790e-01,
CDH1->-JAK2 TP53->-CDH1 TP53->-JAK2,3,3,2.000000,2,2.777778e-02,
PIK3CA->-PIK3CB,2,1,4.000000,4,2.916667e-01,
PIK3CA->-PIK3CB PIK3CA->-TP53 TP53->-PIK3CB,3,3,2.000000,2,2.777778e-02,
MDC1->-PIK3CB PIK3CA->-MDC1 PIK3CA->-PIK3CB,3,3,2.000000,2,2.777778e-02,
SPOP->-PIK3CA,2,1,4.000000,4,1.666667e-01,
CDH1->-SMAD4,2,1,4.000000,4,3.713624e-01,
PIK3CA->-RNF43,2,1,4.000000,4,3.105710e-02,
PIK3CA->-INPP4A,2,1,4.000000,4,1.875000e-01,
CDH1->-TET2,2,1,4.000000,4,5.654762e-02,
CDH1->-NOTCH4,2,1,4.000000,4,6.250000e-02,
CDH1->-NOTCH4 CDH1->-PIK3CA PIK3CA->-NOTCH4,3,3,2.000000,2,7.407407e-02,
KMT2C->-KMT2A,2,1,4.000000,4,1.390797e-01,
RB1->-KMT2C,2,1,4.000000,4,2.392330e-01,
RB1->-KMT2C TP53->-KMT2C TP53->-RB1,3,3,2.000000,2,6.969998e-02,
AKT2->-KMT2C TP53->-AKT2 TP53->-KMT2C,3,3,2.000000,2,2.777778e-02,
KMT2C->-PIK3CA RB1->-KMT2C RB1->-PIK3CA,3,3,2.000000,2,7.407407e-02,
KMT2A->-PIK3CA,2,1,4.000000,4,9.663929e-01,
NF1->-FOXA1,2,1,4.000000,4,6.250000e-02,
NF1->-FOXA1 NF1->-PIK3CA PIK3CA->-FOXA1,3,3,2.000000,2,7.407407e-02,
NF1->-FOXA1 TP53->-FOXA1 TP53->-NF1,3,3,2.000000,2,7.407407e-02,
KMT2C->-MED12,2,1,4.000000,4,3.417418e-02,
KMT2C->-MED12 PTEN->-KMT2C PTEN->-MED12,3,3,2.000000,2,1.496852e-02,
PTEN->-SETD2,2,1,4.000000,4,1.246669e-01,
CDH1->-DNMT3A,2,1,4.000000,4,1.644089e-01,
CDH1->-DNMT3A CDH1->-PIK3CA PIK3CA->-DNMT3A,3,3,2.000000,2,6.077054e-02,
CDH1->-DNMT3A TP53->-CDH1 TP53->-DNMT3A,3,3,2.000000,2,1.979566e-02,
NCOR1->-MAP2K4,2,1,4.000000,4,6.236979e-01,
MAP2K4->-PIK3CA NCOR1->-MAP2K4 NCOR1->-PIK3CA,3,3,2.000000,2,1.211335e-01,
SOX9->-PTCH1,2,1,4.000000,4,6.250000e-02,
TP53->-EGFR,2,1,4.000000,4,3.500000e-02,
APC->-KMT2D,2,1,4.000000,4,1.861772e-01,
APC->-KMT2D TP53->-APC TP53->-KMT2D,3,3,3.000000,3,1.585040e-02,
PTEN->-RUNX1,2,1,4.000000,4,1.458333e-01,
TP53->-EPCAM,2,1,4.000000,4,1.604167e-01,
JAK1->-PIK3CA,2,1,4.000000,4,4.192995e-01,
CDH1->-ANKRD11,2,1,4.000000,4,2.747588e-01,
PIK3CA->-MSH6,2,1,4.000000,4,3.437500e-01,
TP53->-KLF4,2,1,4.000000,4,2.891204e-01,
TBX3->-RUNX1,2,1,4.000000,4,3.437500e-01,
CDH1->-PARP1,2,1,4.000000,4,1.139246e-01,
CDH1->-KMT2C CDH1->-PARP1 KMT2C->-PARP1,3,3,2.000000,2,5.202923e-02,
CDH1->-PARP1 CDH1->-RAD50 RAD50->-PARP1,3,3,2.000000,2,1.557258e-02,
CDH1->-ARID5B,2,1,4.000000,4,4.953903e-02,
CDH1->-ARID5B CDH1->-PIK3CA PIK3CA->-ARID5B,3,3,3.000000,3,1.207961e-02,
KMT2D->-KMT2C,2,1,4.000000,4,4.596245e-01,
KMT2D->-KMT2C TP53->-KMT2C TP53->-KMT2D,3,3,2.000000,2,2.231061e-01,
NF1->-ATM,2,1,4.000000,4,6.250000e-02,
NF1->-ATM NF1->-PIK3CA PIK3CA->-ATM,3,3,2.000000,2,2.777778e-02,
KMT2C->-TSC2,2,1,4.000000,4,2.478192e-01,
TP53->-MSH6,2,1,4.000000,4,1.375000e-01,
TP53->-AURKA,2,1,4.000000,4,2.678571e-02,
PIK3CA->-IKBKE,2,1,4.000000,4,1.111111e-01,
PIK3CA->-PALB2,2,1,4.000000,4,2.085744e-01,
GATA3->-CBFB,2,1,4.000000,4,9.998513e-01,
PIK3CA->-NF2,2,1,4.000000,4,6.385281e-02,
RHOA->-PIK3CA,2,1,4.000000,4,2.606027e-01,
CDH1->-PIK3CA CDH1->-RHOA RHOA->-PIK3CA,3,3,2.000000,2,6.911376e-02,
TP53->-E2F3,2,1,4.000000,4,3.000000e-02,
PIK3CA->-PAK7,2,1,4.000000,4,2.215413e-01,
CDH1->-PAK7 CDH1->-PIK3CA PIK3CA->-PAK7,3,3,2.000000,2,7.021605e-02,
TP53->-NF2,2,1,4.000000,4,2.767094e-02,
TP53->-AXL,2,1,4.000000,4,3.030627e-02,
PIK3CA->-PPP2R1A,2,1,4.000000,4,3.020833e-01,
GATA3->-FOXA1,2,1,4.000000,4,7.388021e-01,
GATA3->-FOXA1 PIK3CA->-FOXA1 PIK3CA->-GATA3,3,3,2.000000,2,2.632245e-01,
MGA->-ATR,2,1,4.000000,4,6.183862e-02,
MGA->-ATR MGA->-PIK3CA PIK3CA->-ATR,3,3,2.000000,2,1.301779e-01,
TP53->-SMAD2,2,1,4.000000,4,1.375000e-01,
PIK3CA->-KDM5C,2,1,4.000000,4,7.488281e-01,
PIK3CA->-IKZF1,2,1,4.000000,4,5.211227e-01,
TP53->-CDKN1A,2,1,4.000000,4,1.447310e-01,
GATA3->-SF3B1,2,1,4.000000,4,4.665179e-01,
GATA3->-SF3B1 PIK3CA->-GATA3 PIK3CA->-SF3B1,3,3,2.000000,2,5.671296e-02,
ERBB4->-GATA3,2,1,4.000000,4,6.458333e-02,
ESR1->-NOTCH1,2,1,3.000000,3,2.500000e-01,
ARID2->-PIK3CA,2,1,3.000000,3,9.703190e-01,
LATS2->-PIK3CA,2,1,3.000000,3,6.041667e-01,
ESR1->-RICTOR,2,1,3.000000,3,5.000000e-01,
ARID1A->-ARID2,2,1,3.000000,3,8.183795e-01,
ARID1A->-ARID2 ARID1A->-PIK3CA ARID2->-PIK3CA,3,3,2.000000,2,1.301779e-01,
FAT1->-ATRX,2,1,3.000000,3,2.759868e-01,
FAT1->-ATRX TP53->-ATRX TP53->-FAT1,3,3,2.000000,2,1.881092e-02,
FAT1->-ATRX PTEN->-ATRX PTEN->-FAT1,3,3,2.000000,2,1.881092e-02,
SETD2->-ARID1A,2,1,3.000000,3,4.980159e-01,
ARID1A->-PIK3CA SETD2->-ARID1A SETD2->-PIK3CA,3,3,2.000000,2,1.942821e-01,
NOTCH1->-PIK3CA SETD2->-NOTCH1 SETD2->-PIK3CA,3,3,2.000000,2,7.407407e-02,
FAT1->-SETD2,2,1,3.000000,3,2.678571e-01,
FAT1->-SETD2 TP53->-FAT1 TP53->-SETD2,3,3,2.000000,2,1.587302e-02,
GATA3->-PTEN,2,1,3.000000,3,8.281250e-01,
NOTCH1->-ATM,2,1,3.000000,3,4.488636e-01,
ATM->-MAP3K1,2,1,3.000000,3,3.750175e-01,
ATM->-MAP3K1 ATM->-PIK3CA MAP3K1->-PIK3CA,3,3,2.000000,2,1.137153e-01,
EP300->-PIK3CA,2,1,3.000000,3,8.802754e-01,
AXL->-PIK3CA,2,1,3.000000,3,5.798611e-01,
NOTCH1->-MAP3K1,2,1,3.000000,3,4.062500e-01,
PIK3CA->-SMO,2,1,3.000000,3,7.276000e-01,
CDH1->-PIK3CA CDH1->-SMO PIK3CA->-SMO,3,3,2.000000,2,1.153150e-01,
KMT2A->-BRCA2,2,1,3.000000,3,2.187500e-01,
TP53->-ASXL1,2,1,3.000000,3,8.333333e-02,
SDHB->-TP53,2,1,3.000000,3,7.290914e-01,
PTEN->-FOXA1,2,1,3.000000,3,3.300181e-01,
KMT2C->-PTPRD,2,1,3.000000,3,2.778633e-01,
KMT2C->-XPO1,2,1,3.000000,3,1.250000e-01,
MTOR->-XPO1,2,1,3.000000,3,1.250000e-01,
CDK8->-PIK3CA,2,1,3.000000,3,2.059028e-01,
CDK8->-PIK3CA TP53->-CDK8 TP53->-PIK3CA,3,3,2.000000,2,5.092593e-03,
NSD1->-KMT2C,2,1,3.000000,3,4.493590e-01,
NSD1->-KMT2C PIK3CA->-KMT2C PIK3CA->-NSD1,3,3,2.000000,2,2.777778e-02,
ARID1A->-KMT2C ARID1A->-NSD1 NSD1->-KMT2C,3,3,2.000000,2,2.777778e-02,
ARID1A->-FOXA1,2,1,3.000000,3,4.053571e-01,
CDH1->-DOT1L,2,1,3.000000,3,2.442511e-01,
DOT1L->-MAP3K1,2,1,3.000000,3,2.272080e-01,
CDH1->-DOT1L CDH1->-MAP3K1 DOT1L->-MAP3K1,3,3,2.000000,2,2.185185e-02,
CDH1->-MAP3K1 CDH1->-NSD1 NSD1->-MAP3K1,3,3,2.000000,2,1.195988e-01,
PIK3CA->-FH,2,1,3.000000,3,2.166667e-01,
NSD1->-MAP3K1,2,1,3.000000,3,7.410746e-01,
MAP3K1->-KMT2C NSD1->-KMT2C NSD1->-MAP3K1,3,3,2.000000,2,4.937654e-02,
ARID1A->-MAP3K1,2,1,3.000000,3,9.194446e-01,
ARID1A->-EPHB1,2,1,3.000000,3,1.236772e-01,
ARID1A->-EPHB1 TP53->-ARID1A TP53->-EPHB1,3,3,2.000000,2,2.692986e-02,
MAP3K1->-EPHB1,2,1,3.000000,3,4.553571e-01,
CDH1->-EPHB1 CDH1->-MAP3K1 CDH1->-PIK3CA MAP3K1->-EPHB1 PIK3CA->-EPHB1 PIK3CA->-MAP3K1,4,6,2.000000,2,7.440476e-04,
CBFB->-EGFR,2,1,3.000000,3,1.250000e-01,
PIK3CA->-ASXL2,2,1,3.000000,3,6.562500e-01,
NCOR1->-FAT1,2,1,3.000000,3,2.277778e-01,
PIK3CA->-FGFR3,2,1,3.000000,3,3.730159e-01,
PIK3CA->-RBM10,2,1,3.000000,3,3.125000e-01,
PIK3CA->-PDCD1,2,1,3.000000,3,3.125000e-01,
STAG2->-FAT1,2,1,3.000000,3,3.125000e-01,
AKT1->-RUNX1,2,1,3.000000,3,8.333333e-02,
RUNX1->-MAP3K1,2,1,3.000000,3,5.000000e-01,
TP53->-CDK12,2,1,3.000000,3,4.009868e-01,
NSD1->-KIT,2,1,3.000000,3,4.880952e-02,
NSD1->-KIT TP53->-KIT TP53->-NSD1,3,3,2.000000,2,6.349206e-03,
PIK3CA->-KIT,2,1,3.000000,3,2.544027e-01,
PIK3CA->-KIT TP53->-KIT TP53->-PIK3CA,3,3,2.000000,2,4.642933e-02,
IKZF1->-PIK3CA,2,1,3.000000,3,7.822917e-01,
CDH1->-FLT1,2,1,3.000000,3,1.250000e-01,
HIST1H3I->-SMARCA4,2,1,3.000000,3,1.223182e-01,
HIST1H3I->-SMARCA4 PIK3CA->-HIST1H3I PIK3CA->-SMARCA4,3,3,2.000000,2,7.115326e-02,
PIK3CA->-PDGFRA,2,1,3.000000,3,7.368647e-01,
PIK3CA->-EIF4A2,2,1,3.000000,3,3.449553e-01,
PIK3CA->-FBXW7,2,1,3.000000,3,5.271268e-01,
CDH1->-EPHA7,2,1,3.000000,3,1.250000e-01,
TP53->-FOXL2,2,1,3.000000,3,5.962963e-02,
SPEN->-ARID2,2,1,3.000000,3,2.589286e-01,
SPEN->-ARID2 TP53->-ARID2 TP53->-SPEN,3,3,2.000000,2,4.629630e-02,
TP53->-LATS1,2,1,3.000000,3,4.625000e-01,
LATS1->-TSC2,2,1,3.000000,3,7.090909e-02,
TP53->-SOX2,2,1,3.000000,3,1.000000e-01,
CDH1->-GRIN2A,2,1,3.000000,3,1.250000e-01,
CDH1->-JAK3,2,1,3.000000,3,1.981491e-01,
CDH1->-JAK3 CDH1->-PIK3CA PIK3CA->-JAK3,3,3,2.000000,2,1.388889e-02,
MAP2K4->-JAK3,2,1,3.000000,3,2.292325e-01,
ARID1A-/-PIK3CA,2,1,3.000000,3,3.560569e-01,
TP53->-PIK3C3,2,1,3.000000,3,8.522993e-02,
ERBB3->-CARD11 TP53->-CARD11 TP53->-ERBB3,3,3,3.000000,3,4.611798e-04,
IRS1->-PIK3CA,2,1,3.000000,3,6.750470e-01,
MDC1->-PIK3CA,2,1,3.000000,3,9.128847e-01,
MAP3K1->-CARD11,2,1,3.000000,3,5.815018e-02,
TP53->-IRS1,2,1,3.000000,3,2.216776e-01,
ATR-/-CARD11 TP53->-ATR TP53->-CARD11,3,3,3.000000,3,1.556178e-05,
TP53->-GNA11,2,1,3.000000,3,1.037582e-01,
PTEN->-ATM,2,1,3.000000,3,7.917582e-02,
PIK3CA->-ATM PTEN->-ATM PTEN->-PIK3CA,3,3,2.000000,2,1.902778e-02,
TP53->-RPS6KA4,2,1,3.000000,3,1.977041e-01,
TP53->-NTRK3,2,1,3.000000,3,3.125000e-01,
PIK3CA->-AMER1,2,1,3.000000,3,3.405131e-01,
FOXA1->-KMT2D,2,1,3.000000,3,3.973214e-01,
FOXA1->-ESR1,2,1,3.000000,3,3.488520e-01,
CDKN2A->-TP53,2,1,3.000000,3,9.885828e-01,
TP53->-PMS2,2,1,3.000000,3,8.680556e-02,
MAP3K1->-JAK1,2,1,3.000000,3,6.043956e-02,
KMT2C->-ATM,2,1,3.000000,3,5.105194e-01,
KMT2C->-EGFR,2,1,3.000000,3,1.000000e-01,
KMT2C->-EGFR KMT2C->-PIK3CA PIK3CA->-EGFR,3,3,2.000000,2,2.777778e-02,
KMT2C->-SPEN,2,1,3.000000,3,6.601562e-01,
KMT2C->-ERBB3,2,1,3.000000,3,5.370040e-01,
CHEK2->-ARID1A,2,1,3.000000,3,8.690476e-02,
GATA3->-ERBB3,2,1,3.000000,3,3.700000e-01,
GATA3->-NUP93,2,1,3.000000,3,1.250000e-01,
GATA3->-NUP93 PIK3CA->-GATA3 PIK3CA->-NUP93,3,3,2.000000,2,7.407407e-02,
MEN1->-STAG2,2,1,3.000000,3,1.019089e-01,
MEN1->-NUP93 MEN1->-PIK3CA PIK3CA->-NUP93,3,3,2.000000,2,2.777778e-02,
GATA3->-NUP93 MEN1->-GATA3 MEN1->-NUP93 MEN1->-STAG2 STAG2->-GATA3 STAG2->-NUP93,4,6,2.000000,2,1.736111e-03,
ARID1A->-EGFR,2,1,3.000000,3,1.250000e-01,
ARID1A->-EGFR GATA3->-ARID1A GATA3->-EGFR,3,3,2.000000,2,2.777778e-02,
PIK3CA->-FLT3,2,1,3.000000,3,5.000000e-01,
ARID1A->-SPEN PIK3CA->-ARID1A PIK3CA->-SPEN,3,3,3.000000,3,1.620370e-02,
ARID1A->-SPEN CDH1->-ARID1A CDH1->-SPEN,3,3,2.000000,2,2.777778e-02,
ARID1A->-SPEN MEN1->-ARID1A MEN1->-SPEN,3,3,2.000000,2,2.777778e-02,
MAP3K1->-SPEN,2,1,3.000000,3,2.723214e-01,
GATA3->-SPEN MAP3K1->-GATA3 MAP3K1->-SPEN,3,3,2.000000,2,1.736111e-02,
KMT2C->-AKT1,2,1,3.000000,3,7.729492e-01,
RECQL4->-PIK3CA,2,1,3.000000,3,6.935884e-01,
AKT1->-NF1,2,1,3.000000,3,1.071429e-01,
ATM->-KMT2C,2,1,3.000000,3,5.105194e-01,
ROS1->-PIK3CA,2,1,3.000000,3,8.829873e-01,
ROS1->-TP53,2,1,3.000000,3,9.499891e-01,
PIK3CA->-ROS1 PIK3CA->-TP53 ROS1->-TP53,3,3,2.000000,2,1.349354e-01,
TSC2->-PIK3CA,2,1,3.000000,3,7.061839e-01,
ESR1-/-PIK3CA,2,1,3.000000,3,8.888945e-01,
TBX3->-BRCA2,2,1,3.000000,3,4.250000e-01,
CDH1->-BRCA2 CDH1->-ESR1 ESR1->-BRCA2,3,3,3.000000,3,4.629630e-03,
CDH1->-PIK3CG,2,1,3.000000,3,2.759868e-01,
TBX3->-ANKRD11,2,1,3.000000,3,5.000000e-01,
TBX3->-ESR1,2,1,3.000000,3,2.300824e-01,
CDH1->-HNF1A,2,1,3.000000,3,1.215278e-01,
TBX3->-FOXA1,2,1,3.000000,3,6.916231e-01,
CDH1->-FOXA1 CDH1->-TBX3 TBX3->-FOXA1,3,3,2.000000,2,1.881092e-02,
PTEN->-PTPRS,2,1,3.000000,3,8.689271e-02,
CDH1->-PTPRS PTEN->-CDH1 PTEN->-PTPRS,3,3,2.000000,2,1.479792e-02,
PTEN->-ACVR1,2,1,2.000000,2,1.737854e-01,
MAP2K4->-PTPRS,2,1,3.000000,3,1.006579e-01,
PTEN->-FAT1,2,1,3.000000,3,5.220455e-01,
PTEN->-JAK3,2,1,3.000000,3,8.114575e-02,
PTEN->-MAP2K4,2,1,3.000000,3,8.217188e-01,
PTEN->-MAP2K4 PTEN->-TP53 TP53->-MAP2K4,3,3,2.000000,2,8.619639e-02,
TP53->-FLT3,2,1,3.000000,3,1.006579e-01,
PIK3CA->-FLT3 TP53->-FLT3 TP53->-PIK3CA,3,3,2.000000,2,2.777778e-02,
NF1->-FLT3,2,1,2.000000,2,2.500000e-01,
ATRX->-EPHB1,2,1,3.000000,3,9.682627e-02,
ATRX->-EPHB1 TP53->-ATRX TP53->-EPHB1,3,3,2.000000,2,5.459343e-02,
PTEN->-EPHB1,2,1,2.000000,2,1.991855e-01,
ATRX->-EPHB1 CDH1->-ATRX CDH1->-EPHB1,3,3,2.000000,2,1.724334e-02,
CDH1->-CDK12,2,1,3.000000,3,4.473684e-02,
TP53->-RHOA,2,1,3.000000,3,3.700352e-01,
ATM->-FAT1,2,1,3.000000,3,2.708333e-01,
ATM->-FAT1 PIK3CA->-ATM PIK3CA->-FAT1 PIK3CA->-TP53 TP53->-ATM TP53->-FAT1,4,6,2.000000,2,5.063657e-03,
GNA11->-FAT1 PIK3CA->-FAT1 PIK3CA->-GNA11 PIK3CA->-TP53 TP53->-FAT1 TP53->-GNA11,4,6,2.000000,2,1.736111e-03,
TP53->-H3F3C,2,1,3.000000,3,7.500000e-02,
PIK3CA->-GNA11,2,1,3.000000,3,2.806373e-01,
PIK3CA->-GATA2,2,1,3.000000,3,3.125000e-01,
PIK3CA->-CTCF,2,1,3.000000,3,9.567278e-01,
TP53->-INPP4A,2,1,3.000000,3,8.333333e-02,
STK11->-EP300,2,1,3.000000,3,2.795956e-01,
STK11->-EP300 TP53->-EP300 TP53->-STK11,3,3,2.000000,2,1.052790e-01,
TP53->-ERCC2,2,1,3.000000,3,6.964286e-02,
CREBBP->-MAP3K1 PIK3CA->-CREBBP PIK3CA->-MAP3K1,3,3,3.000000,3,4.629630e-03,
PIK3C2G->-CREBBP,2,1,3.000000,3,3.125000e-01,
PIK3C2G->-CREBBP PIK3CA->-CREBBP PIK3CA->-PIK3C2G,3,3,2.000000,2,1.319444e-01,
PIK3CA->-SMAD2,2,1,3.000000,3,3.125000e-01,
PIK3C2G->-MAP3K1,2,1,3.000000,3,2.868590e-01,
PIK3C2G->-MAP3K1 PIK3CA->-MAP3K1 PIK3CA->-PIK3C2G,3,3,2.000000,2,7.407407e-02,
CDH1->-GPS2,2,1,3.000000,3,5.882937e-01,
PTEN->-DNMT1,2,1,3.000000,3,7.837607e-02,
PIK3CA->-DNMT1 PTEN->-DNMT1 PTEN->-PIK3CA,3,3,2.000000,2,1.902778e-02,
DOT1L->-PIK3CA,2,1,3.000000,3,4.750000e-01,
ATRX->-PIK3CA,2,1,3.000000,3,9.080504e-01,
NCOR1->-PTEN,2,1,3.000000,3,4.583333e-01,
GATA3->-CARD11,2,1,3.000000,3,8.690476e-02,
NCOR1->-CARD11,2,1,3.000000,3,3.125000e-01,
IRS2->-CARD11,2,1,3.000000,3,7.045455e-02,
IRS2->-CARD11 TP53->-CARD11 TP53->-IRS2,3,3,2.000000,2,3.984287e-02,
TP53->-CDK4,2,1,3.000000,3,1.250000e-01,
TP53->-AKT2,2,1,3.000000,3,1.250000e-01,
PTEN->-NSD1,2,1,3.000000,3,1.079060e-01,
NCOR1->-NSD1 PTEN->-NCOR1 PTEN->-NSD1 TP53->-NCOR1 TP53->-NSD1 TP53->-PTEN,4,6,2.000000,2,1.736111e-03,
NF1->-NCOR1,2,1,3.000000,3,4.821429e-01,
NCOR1->-MAP3K1,2,1,3.000000,3,8.907311e-01,
NCOR1->-MAP3K1 TP53->-MAP3K1 TP53->-NCOR1,3,3,2.000000,2,8.670034e-02,
MAP3K1->-PIK3CA NCOR1->-MAP3K1 NCOR1->-PIK3CA,3,3,2.000000,2,2.437194e-01,
MED12->-FGFR4,2,1,3.000000,3,1.007692e-01,
MED12->-NSD1,2,1,3.000000,3,2.749288e-01,
ARID1A->-PIK3C2G,2,1,3.000000,3,2.048214e-01,
ARID1A->-PIK3C2G TP53->-ARID1A TP53->-PIK3C2G,3,3,2.000000,2,1.111111e-02,
ARID1A->-BRCA2,2,1,3.000000,3,5.604058e-01,
ARID1A->-BRCA2 ARID1A->-PIK3CA PIK3CA->-BRCA2,3,3,2.000000,2,7.407407e-02,
ARID1A->-CREBBP,2,1,3.000000,3,2.760417e-01,
ARID1A->-CREBBP ARID1A->-PIK3CA PIK3CA->-CREBBP,3,3,2.000000,2,7.407407e-02,
ARID1A->-CREBBP CDH1->-ARID1A CDH1->-CREBBP,3,3,2.000000,2,1.126543e-01,
ARID1A->-APC CDH1->-APC CDH1->-ARID1A,3,3,2.000000,2,2.777778e-02,
PIK3CA->-RECQL4,2,1,3.000000,3,6.935884e-01,
PIK3CA->-PIK3C3,2,1,3.000000,3,1.561599e-01,
PIK3CA->-RASA1,2,1,3.000000,3,3.125000e-01,
KMT2C->-PIK3R1,2,1,3.000000,3,4.743590e-01,
KMT2C->-PIK3R1 PTEN->-KMT2C PTEN->-PIK3R1,3,3,2.000000,2,6.419753e-02,
CHEK2->-TP53,2,1,3.000000,3,3.541005e-01,
CHEK2->-PIK3CA CHEK2->-TP53 TP53->-PIK3CA,3,3,2.000000,2,2.777778e-02,
PIK3CA->-HIST1H3B,2,1,3.000000,3,2.570534e-01,
CDH1->-KDM6A,2,1,3.000000,3,5.000000e-01,
GATA3->-POLE,2,1,3.000000,3,5.071270e-01,
CDH1->-LATS1,2,1,3.000000,3,9.166667e-02,
MTOR->-CDH1,2,1,3.000000,3,7.234136e-01,
CDH1->-FBXW7,2,1,3.000000,3,8.333333e-02,
CDH1->-FBXW7 TP53->-CDH1 TP53->-FBXW7,3,3,2.000000,2,3.935185e-02,
CDH1->-PBRM1,2,1,3.000000,3,3.125000e-01,
NF1->-ARID1A,2,1,3.000000,3,2.875000e-01,
NF1->-ARID1A PIK3CA->-ARID1A PIK3CA->-NF1,3,3,2.000000,2,5.787037e-02,
SPEN->-GATA3,2,1,3.000000,3,9.570233e-01,
ATM->-ESR1,2,1,3.000000,3,1.250000e-01,
ATRX->-GATA3,2,1,3.000000,3,2.375000e-01,
CDH1->-ARID1B,2,1,3.000000,3,2.789640e-01,
CDH1->-SMARCB1,2,1,3.000000,3,9.523810e-02,
ESR1->-RHOA,2,1,3.000000,3,1.250000e-01,
CDH1->-ESR1 CDH1->-RHOA ESR1->-RHOA,3,3,2.000000,2,2.777778e-02,
CDH1->-ATR,2,1,3.000000,3,2.192118e-01,
CDH1->-ATR CDH1->-PIK3CA PIK3CA->-ATR,3,3,2.000000,2,6.077054e-02,
CDH1->-ERCC5,2,1,3.000000,3,8.333333e-02,
MAP2K4->-CDH1,2,1,3.000000,3,9.617037e-01,
PIK3CA->-GPS2,2,1,3.000000,3,8.362723e-01,
TP53->-LATS2,2,1,3.000000,3,2.729167e-01,
MAP2K4->-MED12,2,1,3.000000,3,1.250000e-01,
TP53->-DNMT3B,2,1,3.000000,3,1.250000e-01,
ZFHX3->-KMT2C,2,1,3.000000,3,4.583333e-01,
KMT2C->-PIK3CA ZFHX3->-KMT2C ZFHX3->-PIK3CA,3,3,2.000000,2,1.054205e-01,
MAP3K1->-PTPRD,2,1,3.000000,3,3.058036e-01,
ARID1A-/-CDH1,2,1,3.000000,3,1.421693e-01,
ARID1A-/-CDH1 TP53->-ARID1A TP53->-CDH1,3,3,2.000000,2,2.258698e-02,
ARID1A->-JAK1,2,1,3.000000,3,1.250000e-01,
ARID1A->-JAK1 ARID1A->-PIK3CA JAK1->-PIK3CA,3,3,2.000000,2,7.407407e-02,
PIK3CA->-JAK1,2,1,3.000000,3,7.129121e-01,
CBFB->-ERBB2,2,1,3.000000,3,1.250000e-01,
CBFB->-CDH1 CBFB->-ERBB2 CDH1->-ERBB2,3,3,2.000000,2,2.777778e-02,
AKT1->-CBFB,2,1,3.000000,3,8.395182e-01,
BCL6->-CDH1,2,1,3.000000,3,4.635417e-01,
PIK3R1->-MED12,2,1,3.000000,3,3.368974e-01,
PIK3R1->-MED12 PTEN->-MED12 PTEN->-PIK3R1,3,3,2.000000,2,1.144621e-02,
MST1R->-KMT2C,2,1,3.000000,3,3.125000e-01,
MST1R->-KMT2C PIK3CA->-KMT2C PIK3CA->-MST1R,3,3,2.000000,2,7.407407e-02,
MST1R->-MAP3K1 PIK3CA->-MAP3K1 PIK3CA->-MST1R,3,3,3.000000,3,4.629630e-03,
PIK3CA->-FLT1,2,1,3.000000,3,4.429825e-01,
CHEK2->-GATA3,2,1,3.000000,3,2.553571e-01,
PIK3C2G-/-POLE,2,1,3.000000,3,5.147090e-02,
KMT2D->-TP53,2,1,3.000000,3,9.999877e-01,
TP53->-CUL3,2,1,3.000000,3,7.291667e-02,
CDH1->-ATM,2,1,3.000000,3,4.553571e-01,
CDH1->-ATM CDH1->-PIK3CA PIK3CA->-ATM,3,3,2.000000,2,1.319444e-01,
ARID1A->-ATM,2,1,3.000000,3,4.053571e-01,
CDH1->-ARID2,2,1,3.000000,3,2.500000e-01,
CDH1->-ARID2 CDH1->-PIK3CA PIK3CA->-ARID2,3,3,2.000000,2,7.407407e-02,
PTPRT->-ARID2,2,1,3.000000,3,2.571334e-01,
PIK3CA->-ARID2 PIK3CA->-PTPRT PIK3CA->-TP53 PTPRT->-ARID2 TP53->-ARID2 TP53->-PTPRT,4,6,2.000000,2,2.801616e-04,
CDH1->-DAXX,2,1,3.000000,3,1.019089e-01,
PTPRT->-PIK3CA,2,1,3.000000,3,9.874902e-01,
ARID1A->-NOTCH4,2,1,3.000000,3,1.250000e-01,
PIK3CA->-KDM5A,2,1,3.000000,3,5.000000e-01,
ARID1A->-ATR,2,1,3.000000,3,1.236772e-01,
PIK3CA->-KMT2D PIK3CA->-ROS1 ROS1->-KMT2D,3,3,2.000000,2,2.692986e-02,
ARID1A->-ATR ARID1A->-BCOR BCOR->-ATR PIK3CA->-ARID1A PIK3CA->-ATR PIK3CA->-BCOR PIK3CA->-ROS1 ROS1->-ARID1A ROS1->-ATR ROS1->-BCOR,5,10,2.000000,2,3.754304e-04,
BRCA1->-TET2,2,1,3.000000,3,1.860417e-01,
ESR1->-NCOR1,2,1,3.000000,3,6.562500e-01,
GATA3->-BRCA1,2,1,3.000000,3,3.875000e-01,
GATA3->-BRCA1 GATA3->-PIK3CA PIK3CA->-BRCA1,3,3,2.000000,2,1.248255e-01,
CDH1->-SF3B1,2,1,3.000000,3,2.750000e-01,
PTPRS->-KMT2C,2,1,3.000000,3,2.868590e-01,
PTPRS->-KMT2C TP53->-KMT2C TP53->-PTPRS,3,3,2.000000,2,2.777778e-02,
KMT2C->-KMT2D,2,1,3.000000,3,7.427866e-01,
KMT2C->-KMT2D TP53->-KMT2C TP53->-KMT2D,3,3,2.000000,2,2.231061e-01,
KMT2C->-KMT2D PTPRT->-KMT2C PTPRT->-KMT2D,3,3,2.000000,2,2.777778e-02,
PTPRT->-KMT2C,2,1,3.000000,3,1.250000e-01,
PTPRT->-KMT2C TP53->-KMT2C TP53->-PTPRT,3,3,2.000000,2,7.407407e-02,
NF1->-KMT2D,2,1,3.000000,3,2.750000e-01,
PTPRT->-KMT2D,2,1,3.000000,3,6.069814e-01,
KMT2D->-PIK3CA PTPRT->-KMT2D PTPRT->-PIK3CA,3,3,2.000000,2,1.616015e-01,
CREBBP->-TP53,2,1,3.000000,3,9.934123e-01,
ESR1->-SPEN,2,1,3.000000,3,5.000000e-01,
FGFR4->-PIK3CA,2,1,3.000000,3,7.931490e-01,
PIK3CA->-JAK2,2,1,3.000000,3,4.998148e-01,
MEN1->-FAT1,2,1,3.000000,3,1.130952e-01,
TP53->-CDKN1B,2,1,3.000000,3,2.316964e-01,
SF3B1->-GATA3,2,1,3.000000,3,7.483259e-01,
SOX9->-TP53,2,1,3.000000,3,5.597222e-01,
TP53->-DICER1,2,1,3.000000,3,1.722222e-01,
PIK3CA->-DICER1 TP53->-DICER1 TP53->-PIK3CA,3,3,2.000000,2,1.504630e-02,
SPEN->-CDH1,2,1,3.000000,3,9.364193e-01,
SPEN->-TP53,2,1,3.000000,3,9.779816e-01,
SDHB->-GATA3,2,1,3.000000,3,3.042279e-01,
PTEN->-MST1R,2,1,3.000000,3,1.250000e-01,
TP53->-YES1,2,1,3.000000,3,1.019089e-01,
PIK3CA->-YES1 TP53->-PIK3CA TP53->-YES1,3,3,2.000000,2,6.077054e-02,
KDM5C->-TP53,2,1,3.000000,3,5.850962e-01,
NCOR1->-ESR1,2,1,3.000000,3,6.562500e-01,
ESR1->-EGFR,2,1,3.000000,3,1.250000e-01,
ESR1->-EGFR ESR1->-GATA3 GATA3->-EGFR,3,3,2.000000,2,2.777778e-02,
MAP2K4->-ESR1,2,1,3.000000,3,6.500000e-02,
ASXL1->-PIK3CA,2,1,3.000000,3,5.937500e-01,
TP53->-BBC3,2,1,3.000000,3,5.250000e-02,
CBFB->-CDKN1B,2,1,3.000000,3,9.821429e-02,
GATA3->-NF1,2,1,3.000000,3,2.277778e-01,
CDH1->-DNMT3B,2,1,3.000000,3,2.500000e-01,
CDH1->-DNMT3B CDH1->-PIK3CA PIK3CA->-DNMT3B,3,3,2.000000,2,2.777778e-02,
TP53->-SOX9,2,1,3.000000,3,5.597222e-01,
SOX9->-PTCH1 TP53->-PTCH1 TP53->-SOX9,3,3,2.000000,2,2.777778e-02,
NF1->-APC,2,1,3.000000,3,4.191646e-01,
PIK3CA->-ARID1B,2,1,3.000000,3,7.771058e-01,
PIK3CA->-PAK1,2,1,3.000000,3,4.639376e-02,
PIK3CA->-TP53 PIK3CA->-ZFHX3 ZFHX3->-TP53,3,3,3.000000,3,7.523148e-03,
PIK3CA->-ASXL1,2,1,3.000000,3,5.937500e-01,
ARID1A->-APC,2,1,3.000000,3,3.105159e-01,
TP53->-PAK1,2,1,3.000000,3,1.246686e-01,
ERBB2->-PTCH1,2,1,3.000000,3,1.250000e-01,
CDH1->-PTCH1 ERBB2->-CDH1 ERBB2->-PTCH1,3,3,2.000000,2,7.407407e-02,
ERBB2->-PIK3CA ERBB2->-PTCH1 PIK3CA->-PTCH1,3,3,2.000000,2,2.777778e-02,
ERBB2->-KMT2C ERBB2->-PTCH1 KMT2C->-PTCH1,3,3,2.000000,2,2.777778e-02,
CDH1->-MDC1,2,1,3.000000,3,2.562500e-01,
IRS2->-PIK3CA,2,1,3.000000,3,1.941667e-01,
PIK3CA->-SOX17,2,1,3.000000,3,2.602041e-01,
ARID1A->-ESR1,2,1,3.000000,3,8.768126e-01,
TP53->-FLT1,2,1,3.000000,3,8.698830e-02,
CDH1->-NOTCH2,2,1,3.000000,3,7.500000e-02,
TET2->-PIK3CA,2,1,3.000000,3,8.769635e-01,
CBFB->-PTEN,2,1,3.000000,3,3.125000e-01,
NOTCH2->-SPEN,2,1,3.000000,3,4.642857e-02,
TP53->-U2AF1,2,1,3.000000,3,6.388889e-02,
RUNX1->-ARID1A,2,1,3.000000,3,4.500000e-01,
PIK3CA->-BRAF,2,1,3.000000,3,5.000000e-01,
PIK3CA->-STK11,2,1,3.000000,3,8.796030e-01,
CDH1->-CDKN2A,2,1,3.000000,3,1.250000e-01,
TP53->-EIF4A2,2,1,3.000000,3,2.562500e-01,
KMT2C->-STAT5B,2,1,3.000000,3,5.435140e-02,
CDH1->-MSH2,2,1,3.000000,3,1.250000e-01,
PTCH1->-KMT2A,2,1,3.000000,3,2.761538e-01,
PIK3CA->-KMT2A PIK3CA->-PTCH1 PTCH1->-KMT2A,3,3,2.000000,2,5.949074e-02,
BRCA2->-CDH1,2,1,3.000000,3,9.629557e-01,
TP53->-ERCC4,2,1,3.000000,3,1.443452e-01,
TP53->-ERG,2,1,3.000000,3,7.500000e-02,
PIK3CA->-SMARCD1,2,1,3.000000,3,6.666667e-02,
CTCF->-GATA3,2,1,3.000000,3,3.125000e-01,
FOXP1->-PIK3CA,2,1,3.000000,3,7.382812e-01,
TP53->-RAD54L,2,1,3.000000,3,1.000000e-01,
ATRX->-FLT4,2,1,3.000000,3,9.791667e-02,
CTCF->-MAP3K1,2,1,3.000000,3,4.593750e-01,
AKT1->-GPS2,2,1,3.000000,3,8.333333e-02,
AKT1->-PIK3CA,2,1,3.000000,3,2.187500e-01,
KMT2A->-MAP3K1,2,1,3.000000,3,4.190110e-01,
TP53->-CSF1R,2,1,3.000000,3,1.083333e-01,
FOXA1->-KMT2A,2,1,3.000000,3,1.007692e-01,
FOXA1->-KMT2A FOXA1->-PIK3CA PIK3CA->-KMT2A,3,3,2.000000,2,5.949074e-02,
PTEN->-NBN,2,1,3.000000,3,1.007692e-01,
PTEN->-NBN TP53->-NBN TP53->-PTEN,3,3,2.000000,2,2.777778e-02,
PIK3CG->-SETD2,2,1,3.000000,3,6.717949e-02,
KMT2A->-SETD2 PIK3CA->-KMT2A PIK3CA->-PIK3CG PIK3CA->-SETD2 PIK3CG->-KMT2A PIK3CG->-SETD2,4,6,2.000000,2,1.028893e-03,
KMT2A->-MED12 PIK3CA->-KMT2A PIK3CA->-MED12 PIK3CA->-PIK3CG PIK3CG->-KMT2A PIK3CG->-MED12,4,6,2.000000,2,1.028893e-03,
PTEN->-PIK3CD,2,1,3.000000,3,9.560158e-02,
MGA->-KMT2A,2,1,3.000000,3,2.105139e-01,
KMT2A->-SETD2,2,1,3.000000,3,1.007692e-01,
KMT2A->-MED12,2,1,3.000000,3,2.385714e-01,
KMT2D->-PTPRT PIK3CA->-KMT2D PIK3CA->-PTPRT PIK3CA->-TP53 TP53->-KMT2D TP53->-PTPRT,4,6,3.000000,3,1.393079e-04,
PIK3CA->-FGFR1,2,1,3.000000,3,2.500000e-01,
TP53->-FGFR1,2,1,3.000000,3,8.333333e-02,
PIK3CA->-FGFR1 PIK3CA->-TP53 TP53->-FGFR1,3,3,2.000000,2,3.935185e-02,
MAP2K4->-FOXP1,2,1,3.000000,3,8.750000e-02,
AKT1->-ESR1,2,1,3.000000,3,1.697917e-01,
ARID1A->-ARID5B,2,1,3.000000,3,1.250000e-01,
ARID1A->-ARID5B ARID1A->-TP53 TP53->-ARID5B,3,3,2.000000,2,2.777778e-02,
TP53->-MYCN,2,1,3.000000,3,8.750000e-02,
BRCA1->-GATA2,2,1,3.000000,3,1.250000e-01,
BRCA1->-GATA2 TP53->-BRCA1 TP53->-GATA2,3,3,2.000000,2,7.407407e-02,
CDH1->-NOTCH1,2,1,3.000000,3,4.625000e-01,
CDH1->-PIK3C2G,2,1,3.000000,3,2.868590e-01,
CDH1->-PIK3C2G CDH1->-PIK3CA PIK3CA->-PIK3C2G,3,3,2.000000,2,7.407407e-02,
TP53->-SYK,2,1,3.000000,3,3.125000e-01,
PBRM1->-TP53,2,1,3.000000,3,7.294089e-01,
TP53->-KDM5C,2,1,3.000000,3,5.850962e-01,
GATA3->-CREBBP,2,1,3.000000,3,3.266667e-01,
CREBBP->-MAP3K1 GATA3->-CREBBP GATA3->-MAP3K1 GATA3->-PIK3CA PIK3CA->-CREBBP PIK3CA->-MAP3K1,4,6,2.000000,2,1.736111e-03,
ARID1B->-NF1,2,1,3.000000,3,1.079060e-01,
ARID1B->-NF1 PTEN->-ARID1B PTEN->-NF1,3,3,2.000000,2,2.185185e-02,
ARID1B->-PTPRS ARID1B->-TSC2 CDH1->-ARID1B CDH1->-PTPRS CDH1->-TSC2 PTPRS->-TSC2,4,6,2.000000,2,1.251385e-03,
ARID1B->-KMT2C ARID1B->-NF1 ARID1B->-TSC2 CDH1->-ARID1B CDH1->-KMT2C CDH1->-NF1 CDH1->-TSC2 KMT2C->-NF1 KMT2C->-TSC2 NF1->-TSC2,5,10,2.000000,2,3.798734e-04,
SMAD4->-TP53,2,1,3.000000,3,5.000000e-01,
GATA3->-FAT1,2,1,3.000000,3,5.893076e-01,
TP53->-SH2B3,2,1,3.000000,3,2.261574e-01,
STAG2->-TP53,2,1,3.000000,3,9.947989e-01,
FAT1->-TP53,2,1,3.000000,3,9.994813e-01,
TP53->-RET,2,1,3.000000,3,1.026786e-01,
NOTCH2->-PIK3CA,2,1,3.000000,3,5.535714e-01,
KRAS->-KMT2C,2,1,3.000000,3,2.250770e-01,
PIK3CA->-ARAF,2,1,3.000000,3,3.334501e-01,
PIK3CA->-ARAF PIK3CA->-TP53 TP53->-ARAF,3,3,2.000000,2,5.047204e-02,
PIK3CA->-SOX2,2,1,3.000000,3,6.043956e-02,
PIK3CA->-CD274,2,1,3.000000,3,2.419643e-01,
RUNX1->-FOXA1,2,1,3.000000,3,5.597222e-01,
CDH1->-FOXA1 CDH1->-RUNX1 RUNX1->-FOXA1,3,3,2.000000,2,1.480195e-01,
CDKN1B->-MAP3K1,2,1,3.000000,3,7.192439e-01,
CDKN1B->-BAP1 CDKN1B->-MAP3K1 MAP3K1->-BAP1 PIK3CA->-BAP1 PIK3CA->-CDKN1B PIK3CA->-MAP3K1,4,6,2.000000,2,1.736111e-03,
PIK3CA->-KLF4,2,1,3.000000,3,4.598214e-01,
CDH1->-EPHA5,2,1,3.000000,3,8.333333e-02,
PTEN->-ARID2,2,1,3.000000,3,1.236772e-01,
PTEN->-ARID2 TP53->-ARID2 TP53->-PTEN,3,3,2.000000,2,7.266088e-02,
EPHA5->-ARID2 EPHA5->-ROS1 ROS1->-ARID2,3,3,2.000000,2,2.692986e-02,
ATRX->-ARID2 EPHA5->-ARID2 EPHA5->-ATRX,3,3,2.000000,2,2.692986e-02,
ATRX->-ARID2 TP53->-ARID2 TP53->-ATRX,3,3,2.000000,2,2.692986e-02,
MAP3K1->-ARID2 PTEN->-ARID2 PTEN->-MAP3K1,3,3,2.000000,2,2.777778e-02,
EPCAM->-ARID2 TP53->-ARID2 TP53->-EPCAM,3,3,2.000000,2,2.777778e-02,
EPCAM->-ARID2 PTEN->-ARID2 PTEN->-EPCAM,3,3,2.000000,2,2.777778e-02,
TP53->-MEN1,2,1,3.000000,3,3.918540e-01,
KRAS->-PIK3CA,2,1,3.000000,3,8.137575e-01,
CDH1->-KDM5C,2,1,3.000000,3,1.000000e-01,
APC->-PIK3CA,2,1,3.000000,3,9.134059e-01,
APC->-PIK3CA CDH1->-APC CDH1->-PIK3CA,3,3,2.000000,2,1.211335e-01,
PIK3CA->-ABL1,2,1,3.000000,3,2.937500e-01,
CDH1->-BLM,2,1,3.000000,3,2.734375e-01,
CDH1->-BLM CDH1->-PIK3CA PIK3CA->-BLM,3,3,2.000000,2,5.438745e-02,
PTEN->-ZFHX3 TP53->-PTEN TP53->-ZFHX3,3,3,3.000000,3,4.014504e-03,
TP53->-MST1R,2,1,3.000000,3,1.646825e-01,
PTEN->-MST1R TP53->-MST1R TP53->-PTEN,3,3,2.000000,2,2.777778e-02,
KMT2D->-TBX3,2,1,3.000000,3,1.250000e-01,
ERBB3->-TBX3,2,1,3.000000,3,5.147174e-01,
CDH1->-FLT4,2,1,3.000000,3,1.000000e-01,
RUNX1->-NCOR1,2,1,3.000000,3,8.554688e-01,
PIK3CA->-NCOR1 PIK3CA->-RUNX1 RUNX1->-NCOR1,3,3,2.000000,2,2.632245e-01,
RB1->-TET1,2,1,3.000000,3,3.125000e-01,
PIK3CA->-RB1 PIK3CA->-TET1 RB1->-TET1,3,3,2.000000,2,7.407407e-02,
RB1->-TET1 TP53->-RB1 TP53->-TET1,3,3,2.000000,2,7.407407e-02,
PIK3CA->-AURKA,2,1,3.000000,3,8.035714e-02,
PIK3CA->-AURKA TP53->-AURKA TP53->-PIK3CA,3,3,2.000000,2,4.513889e-02,
FAT1->-FLT4,2,1,3.000000,3,8.333333e-02,
FAT1->-FLT4 TP53->-FAT1 TP53->-FLT4,3,3,2.000000,2,6.944444e-03,
FAT1->-FLT4 PIK3CA->-FAT1 PIK3CA->-FLT4,3,3,2.000000,2,2.777778e-02,
FAT1->-NF1 PIK3CA->-FAT1 PIK3CA->-NF1,3,3,2.000000,2,7.407407e-02,
NF1->-KMT2A,2,1,3.000000,3,3.125000e-01,
NF1->-KMT2A TP53->-KMT2A TP53->-NF1,3,3,2.000000,2,2.777778e-02,
NF1->-KMT2A PIK3CA->-KMT2A PIK3CA->-NF1,3,3,2.000000,2,2.777778e-02,
PTEN->-BRCA2,2,1,3.000000,3,7.681818e-02,
TP53->-AKT1,2,1,3.000000,3,9.997094e-01,
NOTCH4->-PIK3CA,2,1,3.000000,3,9.812718e-01,
TP53->-RAD21,2,1,3.000000,3,5.000000e-02,
RHOA->-GATA3,2,1,3.000000,3,1.205357e-01,
CDH1->-GATA3 CDH1->-RHOA RHOA->-GATA3,3,3,2.000000,2,2.480159e-02,
PIK3CA->-GATA3 RHOA->-GATA3 RHOA->-PIK3CA,3,3,2.000000,2,6.911376e-02,
CBFB->-ESR1,2,1,3.000000,3,2.562500e-01,
CBFB->-ESR1 CBFB->-PIK3CA PIK3CA->-ESR1,3,3,2.000000,2,1.111111e-02,
TP53->-FOXP1,2,1,3.000000,3,2.250000e-01,
PIK3CA->-NCOA3,2,1,3.000000,3,1.250000e-01,
APC->-PARP1,2,1,3.000000,3,1.079060e-01,
MAP2K4->-APC,2,1,3.000000,3,1.130952e-01,
APC->-ATM,2,1,3.000000,3,9.090909e-02,
APC->-ATM APC->-PIK3CA PIK3CA->-ATM,3,3,2.000000,2,4.882155e-02,
ARID1A->-NCOR1 PIK3CA->-ARID1A PIK3CA->-NCOR1,3,3,3.000000,3,1.620370e-02,
SMAD4->-ESR1,2,1,3.000000,3,1.041667e-01,
SMAD4->-CDH1,2,1,3.000000,3,6.675492e-01,
PIK3CA->-SDHB,2,1,3.000000,3,3.042279e-01,
PIK3CA->-SDHB TP53->-PIK3CA TP53->-SDHB,3,3,2.000000,2,1.250511e-01,
CBFB->-KMT2C,2,1,3.000000,3,5.000000e-01,
CBFB->-KMT2C CBFB->-PIK3CA KMT2C->-PIK3CA,3,3,2.000000,2,1.962449e-01,
RAD52->-TP53,2,1,3.000000,3,2.426471e-01,
TP53->-HGF,2,1,3.000000,3,1.101852e-01,
PTEN->-BCOR,2,1,3.000000,3,1.236772e-01,
SPEN->-ATM,2,1,3.000000,3,6.136364e-01,
SPEN->-ATM SPEN->-TP53 TP53->-ATM,3,3,2.000000,2,7.407407e-02,
AKT1->-TET2,2,1,3.000000,3,2.291667e-01,
AKT1->-TET2 AKT1->-TP53 TP53->-TET2,3,3,2.000000,2,5.820106e-02,
PIK3CA->-APC PIK3CA->-SPEN SPEN->-APC,3,3,3.000000,3,9.890572e-03,
PIK3CA->-APC PIK3CA->-SPEN PIK3CA->-TP53 SPEN->-APC TP53->-APC TP53->-SPEN,4,6,2.000000,2,1.736111e-03,
PIK3CA->-ERCC5,2,1,3.000000,3,3.125000e-01,
FGFR4->-KMT2D,2,1,3.000000,3,1.250000e-01,
BRCA1->-PIK3CA,2,1,3.000000,3,8.107240e-01,
BRCA1->-PIK3CA TP53->-BRCA1 TP53->-PIK3CA,3,3,2.000000,2,5.481840e-02,
CDH1->-PIK3CA CREBBP->-CDH1 CREBBP->-PIK3CA,3,3,2.000000,2,3.344048e-01,
BRCA1->-CREBBP,2,1,3.000000,3,2.500000e-01,
BRCA1->-CREBBP TP53->-BRCA1 TP53->-CREBBP,3,3,2.000000,2,4.431217e-02,
TP53->-HIST3H3,2,1,3.000000,3,8.333333e-02,
CREBBP->-CDH1,2,1,3.000000,3,9.368464e-01,
FBXW7->-PIK3CA,2,1,3.000000,3,5.271268e-01,
FBXW7->-PIK3CA TP53->-FBXW7 TP53->-PIK3CA,3,3,2.000000,2,7.566551e-02,
JAK1->-TP53,2,1,3.000000,3,8.445312e-01,
JAK1->-PIK3CA JAK1->-TP53 TP53->-PIK3CA,3,3,2.000000,2,7.407407e-02,
BRCA2->-TP53,2,1,3.000000,3,9.934551e-01,
TP53->-FANCC,2,1,3.000000,3,8.863636e-02,
TP53->-ABL1,2,1,3.000000,3,4.089414e-01,
NCOR1->-TBX3,2,1,3.000000,3,2.956250e-01,
CDH1->-TBX3 NCOR1->-CDH1 NCOR1->-TBX3,3,3,2.000000,2,2.480159e-02,
FAT1->-SPEN,2,1,3.000000,3,5.967262e-01,
CDH1->-IRF4,2,1,3.000000,3,1.250000e-01,
CDH1->-BRCA1 TP53->-BRCA1 TP53->-CDH1,3,3,3.000000,3,9.259259e-03,
MAP2K4->-TET2,2,1,3.000000,3,9.693878e-02,
CDH1->-TET2 MAP2K4->-CDH1 MAP2K4->-TET2,3,3,2.000000,2,2.258852e-02,
CDH1->-MTOR MAP2K4->-CDH1 MAP2K4->-MTOR,3,3,2.000000,2,2.258852e-02,
LATS1->-KMT2C,2,1,3.000000,3,2.579545e-01,
PIK3CA->-TSC2,2,1,3.000000,3,7.061839e-01,
PIK3CA->-FGF4,2,1,3.000000,3,8.698830e-02,
ARID1A->-KMT2D,2,1,3.000000,3,5.919643e-01,
ARID1A->-KMT2D PIK3CA->-ARID1A PIK3CA->-KMT2D,3,3,2.000000,2,7.266088e-02,
ROS1->-KMT2D,2,1,3.000000,3,3.105159e-01,
ROS1->-ARID1A,2,1,3.000000,3,1.896164e-01,
ROS1->-BCOR,2,1,3.000000,3,1.049383e-01,
TP53->-IDH1,2,1,3.000000,3,7.420635e-02,
IDH1->-PIK3CA,2,1,3.000000,3,2.357804e-01,
IDH1->-PIK3CA TP53->-IDH1 TP53->-PIK3CA,3,3,2.000000,2,3.950589e-02,
ASXL2->-PIK3CA,2,1,3.000000,3,6.562500e-01,
PIK3CA->-AXL,2,1,3.000000,3,5.798611e-01,
KDM6A->-PIK3CA,2,1,3.000000,3,2.224444e-01,
PIK3CA->-TRAF2,2,1,3.000000,3,2.536994e-01,
PIK3CA->-TP53 PIK3CA->-TRAF2 TP53->-TRAF2,3,3,2.000000,2,1.320091e-02,
FAT1->-GATA3,2,1,3.000000,3,5.893076e-01,
ARID1B->-KMT2C,2,1,3.000000,3,1.031454e-01,
ARID1B->-KMT2C ARID1B->-PIK3CA KMT2C->-PIK3CA,3,3,2.000000,2,2.446895e-02,
ARID1B->-PTCH1,2,1,2.000000,2,2.389706e-01,
PIK3CA->-CDKN1A,2,1,3.000000,3,4.355159e-01,
PIK3CA->-CDKN1A PIK3CA->-TP53 TP53->-CDKN1A,3,3,2.000000,2,9.320269e-02,
TP53->-HIST1H1C,2,1,3.000000,3,1.498016e-01,
AKT1->-CTCF,2,1,3.000000,3,2.375000e-01,
TBX3->-PTCH1,2,1,3.000000,3,1.250000e-01,
MAP3K1->-FAT1,2,1,3.000000,3,7.005495e-02,
TP53->-NFKBIA,2,1,3.000000,3,1.185897e-01,
CBFB->-SPEN,2,1,3.000000,3,9.821429e-02,
CBFB->-SPEN GATA3->-CBFB GATA3->-SPEN,3,3,2.000000,2,5.671296e-02,
TP53->-BLM,2,1,3.000000,3,2.426471e-01,
PTPRS->-TSC2,2,1,3.000000,3,7.433523e-02,
TP53->-PDGFRB,2,1,3.000000,3,1.589390e-01,
PTEN->-ROS1,2,1,3.000000,3,3.105159e-01,
TP53->-PIK3CD,2,1,3.000000,3,1.185897e-01,
PTEN->-PIK3CD TP53->-PIK3CD TP53->-PTEN,3,3,2.000000,2,2.408702e-02,
BCOR->-PIK3CA,2,1,3.000000,3,9.126017e-01,
TP53->-PIK3R3,2,1,3.000000,3,1.250000e-01,
CDH1->-PIK3CA GPS2->-CDH1 GPS2->-PIK3CA,3,3,3.000000,3,1.404151e-02,
INPP4A->-ESR1,2,1,3.000000,3,3.125000e-01,
INPP4A->-ESR1 PIK3CA->-ESR1 PIK3CA->-INPP4A,3,3,2.000000,2,7.407407e-02,
ATRX->-RB1,2,1,3.000000,3,2.700342e-01,
ATRX->-RB1 TP53->-ATRX TP53->-RB1,3,3,2.000000,2,1.755250e-02,
TBX3->-ERBB2,2,1,3.000000,3,7.649611e-01,
CDH1->-ERBB2 TBX3->-CDH1 TBX3->-ERBB2,3,3,2.000000,2,1.212545e-01,
CDH1->-TSC2,2,1,3.000000,3,8.221408e-02,
ERBB2->-ARID1A,2,1,3.000000,3,2.300824e-01,
GATA3->-ALK,2,1,3.000000,3,2.625000e-01,
GATA3-/-PIK3CA,2,1,3.000000,3,8.897298e-01,
PDGFRA->-PIK3CA,2,1,3.000000,3,7.368647e-01,
ERBB2->-ARID2,2,1,3.000000,3,7.005495e-02,
PIK3CA->-RAD54L,2,1,3.000000,3,3.125000e-01,
PTPRS->-MAP3K1,2,1,3.000000,3,3.775183e-01,
NOTCH4->-APC,2,1,3.000000,3,2.410714e-01,
NOTCH4->-APC TP53->-APC TP53->-NOTCH4,3,3,2.000000,2,4.232804e-02,
MAP3K1->-ERCC5,2,1,3.000000,3,4.375000e-01,
MAP3K1->-ERCC5 TP53->-ERCC5 TP53->-MAP3K1,3,3,2.000000,2,8.854167e-02,
AMER1->-PIK3CA CASP8->-AMER1 CASP8->-PIK3CA,3,3,2.000000,2,1.909722e-02,
NOTCH1->-IGF1R NOTCH1->-PIK3CA PIK3CA->-IGF1R,3,3,2.000000,2,1.262626e-02,
NOTCH1->-LATS2,2,1,2.000000,2,1.250000e-01,
TET1->-DNMT3B,2,1,2.000000,2,2.500000e-01,
ESR1->-DNMT3B,2,1,2.000000,2,5.000000e-01,
CCNE1->-IGF1R PIK3CA->-CCNE1 PIK3CA->-IGF1R,3,3,2.000000,2,2.777778e-02,
CCNE1->-RICTOR PIK3CA->-CCNE1 PIK3CA->-RICTOR,3,3,2.000000,2,2.777778e-02,
ARID1A->-DNMT3B,2,1,2.000000,2,6.875000e-01,
ARID2->-IGF1R,2,1,2.000000,2,3.901099e-01,
ARID1A->-IGF1R,2,1,2.000000,2,5.190934e-01,
TET1->-PIK3CA,2,1,2.000000,2,9.488715e-01,
PIK3CA->-RAD51C,2,1,2.000000,2,7.443319e-01,
INHA->-PIK3CA,2,1,2.000000,2,2.500000e-01,
ARID2->-CARD11 SETD2->-ARID2 SETD2->-CARD11,3,3,2.000000,2,2.692986e-02,
ARID1A->-CARD11 SETD2->-ARID1A SETD2->-CARD11,3,3,2.000000,2,2.692986e-02,
SETD2->-ATRX,2,1,2.000000,2,2.473545e-01,
TET1->-ARID2,2,1,2.000000,2,2.500000e-01,
FAT1->-CARD11 TET1->-CARD11 TET1->-FAT1,3,3,2.000000,2,7.407407e-02,
ESR1->-TET1,2,1,2.000000,2,6.875000e-01,
ESR1->-LATS2,2,1,2.000000,2,3.958333e-01,
SETD2->-LATS2,2,1,2.000000,2,5.000000e-01,
SETD2->-ESR1,2,1,2.000000,2,2.500000e-01,
ESR1->-AMER1,2,1,2.000000,2,4.642857e-01,
SETD2->-BRCA2,2,1,2.000000,2,5.000000e-01,
FAT1->-DICER1,2,1,2.000000,2,2.500000e-01,
SETD2->-FGFR4,2,1,2.000000,2,2.015385e-01,
FGFR4->-PPP2R1A,2,1,2.000000,2,1.500000e-01,
ATM->-MSH6,2,1,2.000000,2,2.500000e-01,
EP300->-MAP3K1,2,1,2.000000,2,2.500000e-01,
MSH6->-PIK3CA,2,1,2.000000,2,8.906250e-01,
TP53->-RAB35,2,1,2.000000,2,2.500000e-01,
KMT2D->-RPS6KB2 PIK3CA->-KMT2D PIK3CA->-RPS6KB2,3,3,2.000000,2,2.777778e-02,
CDH1->-KDM5A,2,1,2.000000,2,2.013158e-01,
KDM5A->-PIK3CA,2,1,2.000000,2,8.125000e-01,
PIK3CA->-PARK2,2,1,2.000000,2,6.205357e-01,
GATA3->-BRCA2,2,1,2.000000,2,6.303571e-01,
MEN1->-KMT2A,2,1,2.000000,2,1.904762e-01,
RECQL4->-TP53,2,1,2.000000,2,9.195657e-01,
TET1->-ARID1B,2,1,2.000000,2,2.500000e-01,
FOXA1-/-RUNX1,2,1,2.000000,2,8.888889e-02,
ARID2->-PTPRD,2,1,2.000000,2,2.500000e-01,
ARID2->-KMT2C,2,1,2.000000,2,6.875000e-01,
PTPRD->-XPO1,2,1,2.000000,2,2.410714e-01,
KMT2C->-CDK8,2,1,2.000000,2,2.013889e-01,
SMO->-KMT2C,2,1,2.000000,2,1.641865e-01,
SMO->-MEN1,2,1,2.000000,2,1.641865e-01,
TP53->-RYBP,2,1,2.000000,2,2.013889e-01,
ARID1A->-DOT1L ARID1A->-FOXA1 DOT1L->-FOXA1,3,3,2.000000,2,1.587302e-02,
FOXA1->-FH,2,1,2.000000,2,2.000000e-01,
CDH1->-DOT1L CDH1->-PIK3CA PIK3CA->-DOT1L,3,3,2.000000,2,2.777778e-02,
CDH1->-EZH2 CDH1->-TP53 TP53->-EZH2,3,3,2.000000,2,2.777778e-02,
CDH1->-TSC1,2,1,2.000000,2,2.333333e-01,
AKT1->-EGFR,2,1,2.000000,2,2.500000e-01,
MAP3K1->-EGFR,2,1,2.000000,2,2.500000e-01,
MAP3K1->-CBFB,2,1,2.000000,2,9.873744e-01,
SPOP->-MAP3K1,2,1,2.000000,2,6.875000e-01,
MTOR->-DNMT1,2,1,2.000000,2,2.500000e-01,
AR->-ARID1A,2,1,2.000000,2,5.000000e-01,
CDH1->-NTRK2,2,1,2.000000,2,4.500000e-01,
PIK3CA->-TGFBR1,2,1,2.000000,2,2.500000e-01,
MAP3K1->-TGFBR1,2,1,2.000000,2,2.500000e-01,
MAP3K1->-ERBB2,2,1,2.000000,2,8.716140e-01,
PIK3CA->-XIAP,2,1,2.000000,2,2.472527e-01,
ASXL2->-RB1,2,1,2.000000,2,2.000000e-01,
ASXL2->-FOXP1 PIK3CA->-ASXL2 PIK3CA->-FOXP1,3,3,2.000000,2,2.777778e-02,
NCOR1->-FGFR3,2,1,2.000000,2,2.500000e-01,
NCOR1->-TSC1,2,1,2.000000,2,2.333333e-01,
PDCD1->-RB1 PIK3CA->-PDCD1 PIK3CA->-RB1,3,3,2.000000,2,2.777778e-02,
PDCD1->-FAT1 PIK3CA->-FAT1 PIK3CA->-PDCD1,3,3,2.000000,2,2.777778e-02,
RB1->-FOXP1,2,1,2.000000,2,2.500000e-01,
PIK3CA->-RICTOR PIK3CA->-SMO SMO->-RICTOR,3,3,2.000000,2,1.979566e-02,
STAG2->-RICTOR,2,1,2.000000,2,2.038177e-01,
PIK3CA->-TSC1,2,1,2.000000,2,4.239766e-01,
STAG2->-TET1,2,1,2.000000,2,2.500000e-01,
PDCD1->-FOXP1,2,1,2.000000,2,2.500000e-01,
STAG2->-CHEK2,2,1,2.000000,2,5.000000e-01,
FOXA1->-ERBB2,2,1,2.000000,2,8.825149e-01,
RUNX1->-BRCA2,2,1,2.000000,2,5.000000e-01,
MAP3K1->-BRCA2,2,1,2.000000,2,4.239766e-01,
AKT1->-BRCA2,2,1,2.000000,2,4.666667e-01,
CDK12->-MAP3K1,2,1,2.000000,2,3.224176e-01,
ARID2->-IKZF1 ARID2->-PIK3CA IKZF1->-PIK3CA,3,3,2.000000,2,2.777778e-02,
ARID2->-IKZF1 ARID2->-KIT IKZF1->-KIT,3,3,2.000000,2,2.777778e-02,
ARID2->-NSD1,2,1,2.000000,2,5.000000e-01,
NSD1->-IKZF1 TP53->-IKZF1 TP53->-NSD1,3,3,2.000000,2,2.777778e-02,
NSD1->-PIK3CA TP53->-NSD1 TP53->-PIK3CA,3,3,2.000000,2,1.319444e-01,
CDH1->-BCOR,2,1,2.000000,2,5.000000e-01,
CDKN2A->-KMT2C,2,1,2.000000,2,2.500000e-01,
TP53->-CHEK2,2,1,2.000000,2,7.039683e-01,
BRCA2->-ZFHX3,2,1,2.000000,2,3.272727e-01,
PIK3CA->-RAD21,2,1,2.000000,2,4.377289e-01,
FBXW7->-EPHA7,2,1,2.000000,2,1.703297e-01,
FGFR3->-PIK3CA,2,1,2.000000,2,7.203907e-01,
FBXW7->-SMARCA4,2,1,2.000000,2,2.472527e-01,
FBXW7->-PDGFRA,2,1,2.000000,2,2.472527e-01,
GATA3->-GRIN2A,2,1,2.000000,2,2.500000e-01,
ARID1A->-FGFR3,2,1,2.000000,2,2.500000e-01,
ARID1A->-MET,2,1,2.000000,2,2.500000e-01,
AKT1->-EPHA7,2,1,2.000000,2,2.500000e-01,
AKT1->-CD276,2,1,2.000000,2,1.666667e-01,
CDH1->-FOXL2,2,1,2.000000,2,2.500000e-01,
ATM->-MDC1,2,1,2.000000,2,4.166667e-01,
TP53->-TOP1,2,1,2.000000,2,1.500000e-01,
LATS1->-ROS1,2,1,2.000000,2,4.500000e-01,
ESR1->-NOTCH3 PIK3CA->-ESR1 PIK3CA->-NOTCH3,3,3,2.000000,2,6.944444e-03,
KLF4->-GRIN2A,2,1,2.000000,2,2.500000e-01,
CDH1->-IGF1R,2,1,2.000000,2,2.500000e-01,
CDH1->-KLF4,2,1,2.000000,2,2.500000e-01,
EPHA7->-HIST1H3B,2,1,2.000000,2,2.075163e-01,
MDC1->-HIST1H3B,2,1,2.000000,2,2.075163e-01,
MDC1->-CARD11 MDC1->-PIK3CA PIK3CA->-CARD11,3,3,2.000000,2,1.936955e-02,
MAP3K1->-PIK3C3,2,1,2.000000,2,2.740960e-01,
PIK3C3->-RFWD2,2,1,2.000000,2,2.075163e-01,
CARD11->-RFWD2 ERBB3->-CARD11 ERBB3->-RFWD2 TP53->-CARD11 TP53->-ERBB3 TP53->-RFWD2,4,6,2.000000,2,1.035426e-03,
PIK3CA-/-RICTOR,2,1,2.000000,2,6.424228e-01,
TCF7L2->-PIK3CA,2,1,2.000000,2,2.836782e-01,
RAD51C->-PIK3CA,2,1,2.000000,2,7.443319e-01,
MAP3K1->-IRS1,2,1,2.000000,2,2.075163e-01,
MAP3K1->-RICTOR,2,1,2.000000,2,2.075163e-01,
MAP3K1->-RAD51C,2,1,2.000000,2,1.383442e-01,
ATR->-RICTOR,2,1,2.000000,2,4.113341e-01,
TP53->-HIST1H3I,2,1,2.000000,2,1.943500e-01,
PTEN->-NOTCH2,2,1,2.000000,2,1.964286e-01,
PTEN->-AR,2,1,2.000000,2,1.964286e-01,
ATM-/-NOTCH2 TP53->-ATM TP53->-NOTCH2,3,3,2.000000,2,1.071429e-02,
PIK3CA->-H3F3B,2,1,2.000000,2,1.666667e-01,
FOXA1->-H3F3B,2,1,2.000000,2,1.333333e-01,
TP53->-ZRSR2,2,1,2.000000,2,3.909091e-01,
TP53->-AMER1,2,1,2.000000,2,4.156015e-01,
NOTCH2->-CREBBP TP53->-CREBBP TP53->-NOTCH2,3,3,2.000000,2,1.507937e-02,
PIK3CA->-NOTCH2 TP53->-NOTCH2 TP53->-PIK3CA,3,3,2.000000,2,1.884921e-02,
ESR1->-CREBBP,2,1,2.000000,2,2.142857e-01,
PIK3CA->-CREBBP PIK3CA->-PLK2 PLK2->-CREBBP,3,3,2.000000,2,4.760004e-02,
MAP2K1->-ESR1,2,1,2.000000,2,1.964286e-01,
CDKN2A->-NOTCH4 PIK3CA->-CDKN2A PIK3CA->-NOTCH4,3,3,2.000000,2,1.884921e-02,
CDKN2A->-EP300,2,1,2.000000,2,2.083333e-01,
MTOR->-RFWD2 TP53->-MTOR TP53->-RFWD2,3,3,2.000000,2,1.884921e-02,
PIK3CA->-PMS2,2,1,2.000000,2,2.083333e-01,
PIK3CA->-RFWD2 PIK3CA->-ROS1 ROS1->-RFWD2,3,3,2.000000,2,1.884921e-02,
CCNE1->-ESR1 CCNE1->-MAP3K1 ESR1->-MAP3K1,3,3,2.000000,2,2.777778e-02,
ALK->-MAP3K1,2,1,2.000000,2,6.375000e-01,
ESR1->-JAK1,2,1,2.000000,2,5.000000e-01,
KMT2C->-STAG2,2,1,2.000000,2,3.228654e-01,
KMT2C->-MYC,2,1,2.000000,2,2.500000e-01,
ATM->-CHEK2,2,1,2.000000,2,2.500000e-01,
CHEK2->-FLT3,2,1,2.000000,2,1.738095e-01,
GATA3->-HIST1H3F,2,1,2.000000,2,2.500000e-01,
ATM->-EGFR,2,1,2.000000,2,2.500000e-01,
ATM->-FLT3,2,1,2.000000,2,2.500000e-01,
ATM->-ARID1A,2,1,2.000000,2,7.454365e-01,
ATM->-NUP93,2,1,2.000000,2,2.500000e-01,
PIK3CA->-NUP93 PIK3CA->-SPEN SPEN->-NUP93,3,3,2.000000,2,2.777778e-02,
MAP3K1->-ATM,2,1,2.000000,2,7.234510e-01,
MEN1->-MAP3K1,2,1,2.000000,2,7.555390e-01,
FLT3->-EGFR,2,1,2.000000,2,2.500000e-01,
FLT3->-SPEN GATA3->-FLT3 GATA3->-SPEN STAG2->-FLT3 STAG2->-GATA3 STAG2->-SPEN,4,6,2.000000,2,9.424603e-04,
ERBB3->-ARID1A MAP3K1->-ARID1A MAP3K1->-ERBB3,3,3,2.000000,2,7.936508e-03,
ERBB3->-NUP93,2,1,2.000000,2,1.696429e-01,
MYC->-PIK3CA,2,1,2.000000,2,6.000000e-01,
CDH1->-MPL,2,1,2.000000,2,2.158120e-01,
CDH1->-CSF1R,2,1,2.000000,2,2.500000e-01,
CIC->-ARID1A,2,1,2.000000,2,4.000000e-01,
PIK3CA->-TP53 SMARCA4->-PIK3CA SMARCA4->-TP53,3,3,2.000000,2,1.942821e-01,
SMARCA4->-ATR,2,1,2.000000,2,2.473545e-01,
ABL1->-TP53,2,1,2.000000,2,7.482536e-01,
ATR->-TP53,2,1,2.000000,2,9.995062e-01,
RAD54L->-KMT2C,2,1,2.000000,2,5.000000e-01,
ROS1->-TP53 TBX3->-ROS1 TBX3->-TP53,3,3,2.000000,2,4.761905e-02,
TSC2->-TP53,2,1,2.000000,2,9.765009e-01,
TBX3->-TSC2,2,1,2.000000,2,2.500000e-01,
KMT2C->-KDM5C,2,1,2.000000,2,4.000000e-01,
KMT2C->-RAD50,2,1,2.000000,2,3.221559e-01,
ANKRD11->-BRCA2,2,1,2.000000,2,4.238095e-01,
MET->-FANCC,2,1,2.000000,2,1.772727e-01,
ANKRD11->-CDH1,2,1,2.000000,2,8.530506e-01,
TBX3->-PIK3CG,2,1,2.000000,2,2.013158e-01,
GATA3-/-MAP3K1,2,1,2.000000,2,3.248677e-01,
DDR2->-PIK3CG,2,1,2.000000,2,1.869361e-01,
FAT1->-DDR2,2,1,2.000000,2,3.006042e-01,
PTEN->-DDR2,2,1,2.000000,2,5.977412e-01,
MAP2K4->-DDR2,2,1,2.000000,2,2.013158e-01,
CDH1->-FOXA1 CDH1->-PIK3CG PIK3CG->-FOXA1,3,3,2.000000,2,1.881092e-02,
CDK12->-FOXA1,2,1,2.000000,2,4.028543e-01,
CDK12->-TBX3,2,1,2.000000,2,2.013158e-01,
MAP2K4->-FOXA1,2,1,2.000000,2,4.513158e-01,
CDH1->-ABL1,2,1,2.000000,2,2.013158e-01,
CDH1->-FLT3,2,1,2.000000,2,2.013158e-01,
TBX3->-PTPRS,2,1,2.000000,2,2.013158e-01,
TBX3->-FAT1,2,1,2.000000,2,2.652256e-01,
TBX3->-KDM5A,2,1,2.000000,2,2.013158e-01,
TBX3->-MAP2K4,2,1,2.000000,2,4.513158e-01,
PIK3CG->-PTPRS TP53->-PIK3CG TP53->-PTPRS,3,3,2.000000,2,5.374547e-03,
FLT3->-PTPRS,2,1,2.000000,2,2.013158e-01,
TP53->-DIS3,2,1,2.000000,2,2.013158e-01,
PTEN->-PIK3CG,2,1,2.000000,2,1.622915e-01,
CDK12-/-JAK3 PTEN->-CDK12 PTEN->-JAK3,3,3,2.000000,2,3.589744e-04,
EPHB1->-KDM5A TP53->-EPHB1 TP53->-KDM5A,3,3,2.000000,2,1.881092e-02,
MAP2K4->-EPHB1,2,1,2.000000,2,1.821429e-01,
SDHB->-INPP4B,2,1,2.000000,2,1.858660e-01,
NF1->-HIST1H3B,2,1,2.000000,2,1.944444e-01,
PIK3CA->-RIT1,2,1,2.000000,2,4.515385e-01,
PIK3CA->-MAP3K13,2,1,2.000000,2,6.528633e-01,
ATM->-PLK2 PIK3CA->-ATM PIK3CA->-PLK2,3,3,2.000000,2,1.902778e-02,
MAP3K13->-PLK2,2,1,2.000000,2,2.038177e-01,
TP53->-WT1,2,1,2.000000,2,3.818182e-01,
PIK3CA->-H3F3C,2,1,2.000000,2,5.000000e-01,
CDH1->-CTCF CDH1->-ERBB3 ERBB3->-CTCF,3,3,2.000000,2,9.920635e-03,
BRCA2->-TERT TP53->-BRCA2 TP53->-TERT,3,3,2.000000,2,2.777778e-02,
STK11->-KMT2D TP53->-KMT2D TP53->-STK11,3,3,2.000000,2,4.541190e-02,
PLK2->-KMT2D,2,1,2.000000,2,2.500000e-01,
CDKN2A->-KMT2D TP53->-CDKN2A TP53->-KMT2D,3,3,2.000000,2,2.777778e-02,
LATS1->-GLI1,2,1,2.000000,2,2.500000e-01,
PIK3CA->-LATS1,2,1,2.000000,2,6.875000e-01,
PIK3CA->-CREBBP PIK3CA->-PTPRD PTPRD->-CREBBP,3,3,2.000000,2,1.979566e-02,
CREBBP->-SMAD2 PIK3C2G->-CREBBP PIK3C2G->-SMAD2,3,3,2.000000,2,2.777778e-02,
DICER1->-PTCH1,2,1,2.000000,2,2.015385e-01,
DNMT3A->-TP53,2,1,2.000000,2,9.546339e-01,
BRCA2->-TET2,2,1,2.000000,2,2.363636e-01,
BRCA2->-ATR,2,1,2.000000,2,1.575758e-01,
CIC->-ARID1B,2,1,2.000000,2,2.363636e-01,
ARID1B->-ATR,2,1,2.000000,2,2.363636e-01,
BLM->-ARID1B,2,1,2.000000,2,2.259358e-01,
ARID2->-ALK,2,1,2.000000,2,5.277778e-01,
PIK3CA->-CDC73,2,1,2.000000,2,6.101190e-01,
NCOR1->-AXIN1,2,1,2.000000,2,2.500000e-01,
IRS2->-AXIN1,2,1,2.000000,2,1.708333e-01,
PTEN->-CARD11 TP53->-CARD11 TP53->-PTEN,3,3,2.000000,2,2.692986e-02,
PTEN->-RASA1,2,1,2.000000,2,2.500000e-01,
NCOR1->-RASA1,2,1,2.000000,2,2.500000e-01,
TP53->-SOS1,2,1,2.000000,2,1.333333e-01,
PIK3CA->-CDK4,2,1,2.000000,2,2.500000e-01,
ESR1->-TP53 PIK3CA->-ESR1 PIK3CA->-TP53,3,3,2.000000,2,9.519906e-02,
FOXA1->-PIK3CG PIK3CA->-FOXA1 PIK3CA->-PIK3CG,3,3,2.000000,2,4.735185e-02,
PIK3CA->-ERCC2,2,1,2.000000,2,4.333333e-01,
NF1->-PRDM1,2,1,2.000000,2,2.500000e-01,
MAP3K1->-FGFR4 MAP3K1->-MED12 MED12->-FGFR4 PTEN->-FGFR4 PTEN->-MAP3K1 PTEN->-MED12,4,6,2.000000,2,1.028893e-03,
ERCC5->-FGFR4 TP53->-ERCC5 TP53->-FGFR4,3,3,2.000000,2,2.777778e-02,
ATR->-NSD1,2,1,2.000000,2,2.500000e-01,
SPOP->-NF1,2,1,2.000000,2,2.500000e-01,
NF1->-ERCC5 TP53->-ERCC5 TP53->-NF1,3,3,2.000000,2,2.777778e-02,
TP53->-SPOP,2,1,2.000000,2,2.500000e-01,
ATR->-ERCC5 TP53->-ATR TP53->-ERCC5,3,3,2.000000,2,4.513889e-02,
CDKN1B-/-PIK3CA,2,1,2.000000,2,2.923546e-01,
RUNX1->-CDKN1B,2,1,2.000000,2,1.666667e-01,
TP53->-PAX5,2,1,2.000000,2,1.750000e-01,
NF1->-PIK3R1 NF1->-PTEN PTEN->-PIK3R1,3,3,2.000000,2,1.122378e-01,
NF1->-CTCF,2,1,2.000000,2,2.500000e-01,
CDH1->-GLI1 CDH1->-PIK3CA PIK3CA->-GLI1,3,3,2.000000,2,2.777778e-02,
PIK3CA->-GLI1 TBX3->-GLI1 TBX3->-PIK3CA,3,3,2.000000,2,2.777778e-02,
TBX3->-AR,2,1,2.000000,2,2.500000e-01,
ARID1A->-GLI1,2,1,2.000000,2,4.527116e-01,
PIK3CA->-STAT5A,2,1,2.000000,2,2.166667e-01,
BRCA2->-AR,2,1,2.000000,2,2.500000e-01,
BRCA2->-RFWD2 CDH1->-BRCA2 CDH1->-RFWD2,3,3,2.000000,2,2.777778e-02,
TBX3->-CREBBP,2,1,2.000000,2,1.666667e-01,
CREBBP->-AR,2,1,2.000000,2,2.500000e-01,
CDH1->-CREBBP CDH1->-PIK3CA CDH1->-RFWD2 CREBBP->-RFWD2 PIK3CA->-CREBBP PIK3CA->-RFWD2,4,6,2.000000,2,1.092863e-03,
RECQL4->-KMT2C,2,1,2.000000,2,5.000000e-01,
CDH1->-RASA1 CDH1->-RECQL4 RASA1->-RECQL4,3,3,2.000000,2,2.777778e-02,
CDH1->-PIK3C3 CDH1->-PIK3CA PIK3CA->-PIK3C3,3,3,2.000000,2,1.587302e-02,
ARID1A->-TBX3,2,1,2.000000,2,7.139914e-01,
ARID1A->-RFWD2,2,1,2.000000,2,2.500000e-01,
TBX3->-RFWD2,2,1,2.000000,2,2.000000e-01,
CDH1->-RASA1 CDH1->-TBX3 TBX3->-RASA1,3,3,2.000000,2,2.777778e-02,
BRAF->-PIK3CA,2,1,2.000000,2,8.125000e-01,
TP53->-ERCC3,2,1,2.000000,2,1.333333e-01,
PTEN->-ASXL1,2,1,2.000000,2,2.500000e-01,
NF1->-ASXL1,2,1,2.000000,2,4.166667e-01,
KMT2C->-FOXA1,2,1,2.000000,2,8.342535e-01,
KMT2C->-WT1,2,1,2.000000,2,1.318182e-01,
ATM-/-FOXA1,2,1,2.000000,2,3.318905e-01,
ATM->-NCOR1,2,1,2.000000,2,3.818182e-01,
ATM->-TP53,2,1,2.000000,2,9.904540e-01,
RB1->-NCOR1,2,1,2.000000,2,8.536932e-01,
MAP3K1-/-NCOR1,2,1,2.000000,2,3.777289e-01,
CDH1->-CHEK2,2,1,2.000000,2,5.000000e-01,
GATA3->-MST1,2,1,2.000000,2,1.666667e-01,
MED12-/-ROS1 TP53->-MED12 TP53->-ROS1,3,3,2.000000,2,6.349206e-03,
TSC1->-TP53,2,1,2.000000,2,8.885411e-01,
TSC1->-KDM6A,2,1,2.000000,2,1.408382e-01,
CDH1->-AXIN1,2,1,2.000000,2,5.000000e-01,
RB1->-AXIN1 TP53->-AXIN1 TP53->-RB1,3,3,2.000000,2,2.777778e-02,
PBRM1->-ERBB2,2,1,2.000000,2,2.500000e-01,
CDH1->-SOX17 CDH1->-TP53 TP53->-SOX17,3,3,2.000000,2,2.777778e-02,
RB1->-FBXW7 TP53->-FBXW7 TP53->-RB1,3,3,2.000000,2,2.222222e-02,
PBRM1->-RB1 TP53->-PBRM1 TP53->-RB1,3,3,2.000000,2,1.810516e-02,
NF1->-EPHA7,2,1,2.000000,2,4.871795e-01,
NF1->-PTPRD NF1->-TP53 TP53->-PTPRD,3,3,2.000000,2,2.777778e-02,
RNF43->-ERBB2,2,1,2.000000,2,2.500000e-01,
CDH1->-NUP93,2,1,2.000000,2,1.696429e-01,
PIK3CB->-PIK3CA,2,1,2.000000,2,8.645833e-01,
SPEN->-ESR1,2,1,2.000000,2,8.125000e-01,
CDH1->-PTEN CDH1->-RHOA PTEN->-RHOA,3,3,2.000000,2,2.777778e-02,
PTEN->-ESR1,2,1,2.000000,2,5.000000e-01,
CDH1->-ALOX12B,2,1,2.000000,2,2.500000e-01,
ESR1->-ARID1B,2,1,2.000000,2,1.333333e-01,
ESR1->-ALOX12B,2,1,2.000000,2,2.500000e-01,
MAP2K4->-BRCA2 TP53->-BRCA2 TP53->-MAP2K4,3,3,2.000000,2,1.041667e-02,
TP53->-FAM175A,2,1,2.000000,2,3.680556e-01,
CDK12-/-MAP2K4,2,1,2.000000,2,1.843860e-01,
MAP2K4->-ERCC5 TP53->-ERCC5 TP53->-MAP2K4,3,3,2.000000,2,1.041667e-02,
MAP2K4->-GPS2,2,1,2.000000,2,4.428571e-01,
ATM->-RPS6KB2,2,1,2.000000,2,1.944444e-01,
ATM->-BRD4,2,1,2.000000,2,1.567521e-01,
BRD4-/-ZFHX3 PIK3CA->-BRD4 PIK3CA->-ZFHX3,3,3,2.000000,2,2.777778e-03,
FAT1->-KMT2C,2,1,2.000000,2,9.661469e-01,
MSH2->-KMT2C,2,1,2.000000,2,4.444444e-01,
PIK3CA->-KMT2C PIK3CA->-RICTOR RICTOR->-KMT2C,3,3,2.000000,2,1.072265e-02,
ATM->-RICTOR,2,1,2.000000,2,1.944444e-01,
FGFR4-/-LATS2,2,1,2.000000,2,1.388889e-01,
GATA3->-CDH1,2,1,2.000000,2,9.947033e-01,
GATA3->-MAP2K4,2,1,2.000000,2,9.694010e-01,
TBX3->-MED12,2,1,2.000000,2,2.410714e-01,
PTPRS->-SETD2,2,1,2.000000,2,1.333333e-01,
CREBBP->-RB1,2,1,2.000000,2,2.013889e-01,
CREBBP->-DNMT3B,2,1,2.000000,2,2.500000e-01,
TP53->-CD79A,2,1,2.000000,2,1.428571e-01,
KMT2D->-RB1 TP53->-KMT2D TP53->-RB1,3,3,2.000000,2,7.266088e-02,
PIK3CA->-RAC1,2,1,2.000000,2,1.750000e-01,
KLF4->-TP53,2,1,2.000000,2,8.614583e-01,
GATA3->-JAK1,2,1,2.000000,2,2.333333e-01,
CIC->-KMT2D,2,1,2.000000,2,4.000000e-01,
PIK3R1->-KMT2C,2,1,2.000000,2,7.954060e-01,
ERBB2->-TP63,2,1,2.000000,2,2.500000e-01,
CDH1->-TP63,2,1,2.000000,2,2.500000e-01,
MGA->-NOTCH4 TP53->-MGA TP53->-NOTCH4,3,3,2.000000,2,1.041667e-02,
NOTCH4->-ROS1 TP53->-NOTCH4 TP53->-ROS1,3,3,2.000000,2,3.397817e-02,
PIK3R1->-ARID2,2,1,2.000000,2,1.666667e-01,
PIK3R1->-ROS1,2,1,2.000000,2,3.690476e-01,
MED12->-ARID2,2,1,2.000000,2,1.666667e-01,
PIK3R1->-MGA,2,1,2.000000,2,1.666667e-01,
MGA->-ROS1,2,1,2.000000,2,3.762760e-01,
PIK3CA->-FLT1 PIK3CA->-SPEN SPEN->-FLT1,3,3,2.000000,2,2.777778e-02,
PIK3CA->-POLE PIK3CA->-SPEN SPEN->-POLE,3,3,2.000000,2,2.777778e-02,
KMT2C->-FLT1,2,1,2.000000,2,1.772727e-01,
ARID1A->-POLE PIK3CA->-ARID1A PIK3CA->-POLE,3,3,2.000000,2,7.266088e-02,
FLT1->-MAP3K1,2,1,2.000000,2,4.239766e-01,
FBXW7->-FLT4,2,1,2.000000,2,2.500000e-01,
FBXW7->-TP53,2,1,2.000000,2,9.964019e-01,
ARID1A->-PIK3CB BRCA2->-ARID1A BRCA2->-PIK3CB,3,3,2.000000,2,1.385836e-02,
GATA3->-PIK3C2G,2,1,2.000000,2,1.738095e-01,
GATA3-/-POLE,2,1,2.000000,2,2.179471e-01,
FLT3->-PIK3CB,2,1,2.000000,2,1.187698e-01,
KDM5C->-ARID1A,2,1,2.000000,2,6.303571e-01,
ASXL1-/-KDM5C,2,1,2.000000,2,1.422222e-01,
ANKRD11->-PIK3C2G,2,1,2.000000,2,1.216667e-01,
CARD11->-ARID1A,2,1,2.000000,2,7.092721e-01,
KMT2D->-INPP4B,2,1,2.000000,2,1.991422e-01,
KMT2D->-ARID1B,2,1,2.000000,2,1.991422e-01,
KMT2D->-HNF1A,2,1,2.000000,2,2.061287e-01,
ATRX->-HNF1A TP53->-ATRX TP53->-HNF1A,3,3,2.000000,2,5.149972e-02,
KMT2D->-XPO1,2,1,2.000000,2,2.083333e-01,
TP53->-MSH2,2,1,2.000000,2,2.083333e-01,
RUNX1->-ERBB2,2,1,2.000000,2,9.375000e-01,
STAT3->-PIK3CA,2,1,2.000000,2,2.500000e-01,
PIK3CA->-MAP2K1,2,1,2.000000,2,4.583333e-01,
PIK3CA->-CUL3,2,1,2.000000,2,4.583333e-01,
MEN1->-ESR1,2,1,2.000000,2,2.261905e-01,
CDH1->-BRAF,2,1,2.000000,2,2.500000e-01,
FOXA1->-ATM,2,1,2.000000,2,4.437772e-01,
RHOA->-CDH1,2,1,2.000000,2,8.688350e-01,
ARID1A->-RHOA,2,1,2.000000,2,1.904762e-01,
CDH1->-PIK3CA PTPRT->-CDH1 PTPRT->-PIK3CA,3,3,2.000000,2,7.407407e-02,
CDH1->-DAXX CDH1->-PIK3CA PIK3CA->-DAXX,3,3,2.000000,2,1.979566e-02,
PTPRT->-MAP3K1,2,1,2.000000,2,6.304825e-01,
ATR->-NOTCH4 PIK3CA->-ATR PIK3CA->-NOTCH4,3,3,2.000000,2,2.777778e-02,
ATR->-GRIN2A,2,1,2.000000,2,2.500000e-01,
CDK12-/-HNF1A,2,1,2.000000,2,7.753846e-02,
CDK12-/-PTCH1,2,1,2.000000,2,7.753846e-02,
PTPRT->-HNF1A,2,1,2.000000,2,2.701176e-01,
BRCA1->-PTCH1,2,1,2.000000,2,1.500000e-01,
BRCA1->-PTPRT,2,1,2.000000,2,1.500000e-01,
PTPRT->-TET2,2,1,2.000000,2,4.000000e-01,
PTPRT->-JAK2,2,1,2.000000,2,1.839259e-01,
CDH1->-CBL,2,1,2.000000,2,1.750000e-01,
FLT1->-PIK3CA,2,1,2.000000,2,7.744883e-01,
CBL->-PIK3CA,2,1,2.000000,2,5.908088e-01,
AKT1->-RAD54L,2,1,2.000000,2,1.708333e-01,
RECQL4->-GATA3,2,1,2.000000,2,4.333333e-01,
GATA3-/-RICTOR,2,1,2.000000,2,8.888889e-02,
BRCA1-/-RICTOR,2,1,2.000000,2,2.953086e-01,
NF1->-PTPRS,2,1,2.000000,2,4.658120e-01,
PTPRS->-KMT2D TP53->-KMT2D TP53->-PTPRS,3,3,2.000000,2,4.976852e-02,
PTPRT->-PTPRS,2,1,2.000000,2,2.500000e-01,
KMT2C->-ANKRD11,2,1,2.000000,2,4.538177e-01,
KMT2D->-ANKRD11 TP53->-ANKRD11 TP53->-KMT2D,3,3,2.000000,2,1.111111e-02,
PTPRT->-ANKRD11,2,1,2.000000,2,1.333333e-01,
INHA->-CREBBP,2,1,2.000000,2,2.500000e-01,
TERT->-TP53,2,1,2.000000,2,9.313779e-01,
TP53->-IGF1,2,1,2.000000,2,1.666667e-01,
TP53->-HIST1H3G,2,1,2.000000,2,4.500000e-01,
RUNX1->-GATA3,2,1,2.000000,2,2.000000e-01,
RUNX1->-SETD2,2,1,2.000000,2,2.000000e-01,
NF1->-ERBB2,2,1,2.000000,2,5.000000e-01,
ERBB2->-ESR1,2,1,2.000000,2,1.401099e-01,
IRS1->-SPEN,2,1,2.000000,2,4.318182e-01,
PIK3CG->-PIK3CA,2,1,2.000000,2,8.994542e-01,
IRS1->-ESR1,2,1,2.000000,2,2.500000e-01,
CDK12->-TP53,2,1,2.000000,2,7.424342e-01,
KMT2C->-ARID5B,2,1,2.000000,2,4.538177e-01,
FGFR4->-KMT2C,2,1,2.000000,2,3.473718e-01,
KMT2C->-CBFB,2,1,2.000000,2,8.125000e-01,
FOXA1->-FAT1,2,1,2.000000,2,5.365539e-01,
FOXA1->-NSD1,2,1,2.000000,2,6.567460e-01,
FOXA1->-INSR,2,1,2.000000,2,1.507937e-01,
ERBB2->-PTPRD TP53->-ERBB2 TP53->-PTPRD,3,3,2.000000,2,1.767469e-02,
ERBB2->-XPO1,2,1,2.000000,2,2.410714e-01,
FOXA1->-PTPRD,2,1,2.000000,2,2.410714e-01,
CDKN1B->-PTPRD,2,1,2.000000,2,2.410714e-01,
FOXA1->-XPO1,2,1,2.000000,2,2.410714e-01,
FOXA1->-CDKN1B,2,1,2.000000,2,1.943407e-01,
KMT2C-/-PIK3CA,2,1,2.000000,2,8.085513e-01,
SOX9->-PIK3CA,2,1,2.000000,2,6.250000e-01,
SOX9->-IRS1,2,1,2.000000,2,1.666667e-01,
PIK3CA-/-TP53,2,1,2.000000,2,9.999989e-01,
SPEN->-KMT2C,2,1,2.000000,2,8.890625e-01,
SPEN->-RUNX1,2,1,2.000000,2,2.500000e-01,
CDH1->-KMT2C CDH1->-RUNX1 KMT2C->-RUNX1,3,3,2.000000,2,1.319444e-01,
RUNX1->-JUN,2,1,2.000000,2,2.500000e-01,
PIK3CA->-RB1 PIK3CA->-RUNX1 RB1->-RUNX1,3,3,2.000000,2,2.777778e-02,
RB1->-RUNX1 TP53->-RB1 TP53->-RUNX1,3,3,2.000000,2,2.777778e-02,
ERBB2->-GATA3,2,1,2.000000,2,2.500000e-01,
NCOR1->-EGFR,2,1,2.000000,2,2.500000e-01,
PIK3C2G->-NCOR1,2,1,2.000000,2,5.000000e-01,
FYN->-ATM,2,1,2.000000,2,2.015385e-01,
MAP2K4->-ATM,2,1,2.000000,2,2.500000e-01,
PIK3C2G->-EGFR,2,1,2.000000,2,2.500000e-01,
BARD1->-PTPRT,2,1,2.000000,2,1.000000e-01,
CTCF->-MAP2K4 CTCF->-PIK3CA MAP2K4->-PIK3CA,3,3,2.000000,2,2.777778e-02,
CSF3R->-PIK3CA,2,1,2.000000,2,2.009804e-01,
ESR1->-POLE,2,1,2.000000,2,2.500000e-01,
NF1->-POLE,2,1,2.000000,2,2.500000e-01,
CDH1->-MAP3K1 CDH1->-POLE MAP3K1->-POLE,3,3,2.000000,2,2.777778e-02,
IGF1R->-GATA3 PIK3CA->-GATA3 PIK3CA->-IGF1R,3,3,2.000000,2,4.169297e-02,
GATA3->-RAD50 PIK3CA->-GATA3 PIK3CA->-RAD50,3,3,2.000000,2,2.777778e-02,
ESR1->-RAD50 PIK3CA->-ESR1 PIK3CA->-RAD50,3,3,2.000000,2,3.935185e-02,
GATA3->-AR,2,1,2.000000,2,5.000000e-01,
IGF1R->-ESR1,2,1,2.000000,2,3.901099e-01,
ESR1->-AR,2,1,2.000000,2,1.458333e-01,
CDH1->-NF1 CDH1->-RAD50 NF1->-RAD50,3,3,2.000000,2,2.185185e-02,
MAP3K1->-NF1 PIK3CA->-MAP3K1 PIK3CA->-NF1,3,3,2.000000,2,7.407407e-02,
DNMT3B->-ARID1A,2,1,2.000000,2,6.875000e-01,
MAP3K1->-AR,2,1,2.000000,2,5.000000e-01,
MAX->-PIK3CA,2,1,2.000000,2,3.928571e-01,
GATA3->-IGF1R,2,1,2.000000,2,6.770455e-01,
ERBB3->-CDH1,2,1,2.000000,2,9.676897e-01,
ERBB3->-POLE,2,1,2.000000,2,2.333333e-01,
ARID1B->-ZFHX3,2,1,2.000000,2,1.333333e-01,
ZFHX3->-MST1R,2,1,2.000000,2,3.833333e-01,
ARID1A->-MTOR,2,1,2.000000,2,3.166667e-01,
ZFHX3->-MTOR,2,1,2.000000,2,9.777778e-02,
ESR1->-MTOR,2,1,2.000000,2,4.636111e-01,
PIK3CA->-PPM1D,2,1,2.000000,2,1.333333e-01,
PIK3CA->-MYC,2,1,2.000000,2,6.000000e-01,
JAK2-/-TP53,2,1,2.000000,2,3.470194e-01,
ESR1->-ZFHX3,2,1,2.000000,2,1.333333e-01,
BRCA1-/-TP53,2,1,2.000000,2,4.617284e-01,
NOTCH4->-YES1,2,1,2.000000,2,4.000000e-01,
PIK3CA->-DCUN1D1,2,1,2.000000,2,1.500000e-01,
FOXA1->-PTCH1 PIK3CA->-FOXA1 PIK3CA->-PTCH1,3,3,2.000000,2,1.902778e-02,
AKT1->-CREBBP,2,1,2.000000,2,2.013889e-01,
AKT1->-RB1,2,1,2.000000,2,2.013889e-01,
AKT1->-ARID1A,2,1,2.000000,2,5.978009e-01,
ARID1A-/-TP53,2,1,2.000000,2,8.461848e-01,
TP53->-CBFB,2,1,2.000000,2,9.487587e-01,
CDH1->-SMAD2,2,1,2.000000,2,5.000000e-01,
CDH1->-PIK3CB,2,1,2.000000,2,2.500000e-01,
IRS2->-TP53,2,1,2.000000,2,7.970928e-01,
IRS2->-PIK3CB IRS2->-POLE POLE->-PIK3CB,3,3,2.000000,2,1.400966e-02,
MAP2K4->-CIC,2,1,2.000000,2,1.357143e-01,
MAP2K4->-KMT2D,2,1,2.000000,2,1.500000e-01,
MAP2K4->-ARID1A,2,1,2.000000,2,3.333333e-01,
CBFB->-TBX3,2,1,2.000000,2,6.875000e-01,
MAP3K1->-PIK3CA TBX3->-MAP3K1 TBX3->-PIK3CA,3,3,2.000000,2,2.297347e-01,
CDH1->-FGFR2,2,1,2.000000,2,2.000000e-01,
KDM6A->-CDH1,2,1,2.000000,2,8.125000e-01,
HNF1A->-TP53,2,1,2.000000,2,9.327141e-01,
BRIP1-/-SOX17,2,1,2.000000,2,7.301587e-02,
PIK3CA->-RAB35,2,1,2.000000,2,2.500000e-01,
KMT2C-/-SPEN,2,1,2.000000,2,2.000000e-01,
PTPRD-/-TP53,2,1,2.000000,2,6.303343e-01,
TP53->-RNF43,2,1,2.000000,2,1.242284e-01,
ALK-/-PIK3CA,2,1,2.000000,2,3.256296e-01,
RB1->-NOTCH2 TP53->-NOTCH2 TP53->-RB1,3,3,2.000000,2,2.777778e-02,
ARID2->-BCOR TP53->-ARID2 TP53->-BCOR,3,3,2.000000,2,2.692986e-02,
ATM->-RUNX1 PIK3CA->-ATM PIK3CA->-RUNX1,3,3,2.000000,2,1.388889e-02,
TP53->-CRLF2,2,1,2.000000,2,2.500000e-01,
TP53->-CCND1,2,1,2.000000,2,2.250000e-01,
ARID1A->-AKT1,2,1,2.000000,2,5.978009e-01,
CDH1->-INPP4A CDH1->-PIK3CA PIK3CA->-INPP4A,3,3,2.000000,2,2.777778e-02,
CDH1->-ERBB2 CDH1->-NCOR1 NCOR1->-ERBB2,3,3,2.000000,2,7.407407e-02,
CDH1->-GNAS,2,1,2.000000,2,2.500000e-01,
TP53->-GNAS,2,1,2.000000,2,1.428571e-01,
TET2->-GRIN2A,2,1,2.000000,2,1.708333e-01,
KDM6A->-GRIN2A TP53->-GRIN2A TP53->-KDM6A,3,3,2.000000,2,2.777778e-02,
CDH1->-CDKN2A CDH1->-NCOR1 CDKN2A->-NCOR1,3,3,2.000000,2,2.777778e-02,
NCOR1->-TET2 TP53->-NCOR1 TP53->-TET2,3,3,2.000000,2,2.777778e-02,
NCOR1->-KDM6A,2,1,2.000000,2,2.500000e-01,
CDH1->-EIF4A2,2,1,2.000000,2,2.500000e-01,
NOTCH4->-NOTCH2,2,1,2.000000,2,3.750000e-01,
NOTCH4->-EED,2,1,2.000000,2,2.500000e-01,
PTCH1->-NOTCH2,2,1,2.000000,2,2.500000e-01,
KMT2C->-RASA1,2,1,2.000000,2,5.000000e-01,
CDH1->-MSH2 CDH1->-RASA1 MSH2->-RASA1,3,3,2.000000,2,2.777778e-02,
CDH1->-YES1,2,1,2.000000,2,2.038177e-01,
CDH1->-KMT2C CDH1->-STAT5B KMT2C->-STAT5B,3,3,2.000000,2,1.979566e-02,
CDH1->-SLX4,2,1,2.000000,2,2.500000e-01,
CDH1->-FGF19,2,1,2.000000,2,2.500000e-01,
KDM6A->-KMT2A,2,1,2.000000,2,5.000000e-01,
RASA1->-KMT2A,2,1,2.000000,2,2.121212e-01,
FAT1->-ARID2 TP53->-ARID2 TP53->-FAT1,3,3,2.000000,2,6.944444e-03,
PIK3CA->-GNAS,2,1,2.000000,2,2.500000e-01,
FLT4->-PIK3CA,2,1,2.000000,2,9.942958e-01,
SF3B1->-KMT2C,2,1,2.000000,2,5.000000e-01,
CBL->-JAK3,2,1,2.000000,2,2.009804e-01,
PIK3CA->-ERG PIK3CA->-TP53 TP53->-ERG,3,3,2.000000,2,2.777778e-02,
PIK3CA->-POLE PIK3CA->-RB1 RB1->-POLE,3,3,2.000000,2,7.266088e-02,
TP53->-CBL,2,1,2.000000,2,2.500000e-01,
CDH1->-PIK3CA CDH1->-SMARCD1 PIK3CA->-SMARCD1,3,3,2.000000,2,6.944444e-03,
PIK3R1->-RUNX1,2,1,2.000000,2,2.500000e-01,
ARID1B->-RUNX1,2,1,2.000000,2,2.500000e-01,
ARID1B->-PIK3R1,2,1,2.000000,2,4.658120e-01,
NCOR1->-ARID1A,2,1,2.000000,2,8.125000e-01,
BRCA2->-PTPRD,2,1,2.000000,2,2.500000e-01,
BRCA2->-BAP1,2,1,2.000000,2,1.772727e-01,
JAK1->-BRCA2,2,1,2.000000,2,2.142857e-01,
ESR1->-PTPRD TP53->-ESR1 TP53->-PTPRD,3,3,2.000000,2,1.388889e-02,
RAD54L->-NCOR1,2,1,2.000000,2,2.500000e-01,
CDH1->-JAK1,2,1,2.000000,2,5.000000e-01,
TP53->-NEGR1,2,1,2.000000,2,2.500000e-01,
RB1->-TSHR,2,1,2.000000,2,2.500000e-01,
KMT2D->-GATA3,2,1,2.000000,2,6.792279e-01,
RB1->-FLT4,2,1,2.000000,2,4.458333e-01,
RB1->-KMT2D,2,1,2.000000,2,6.855159e-01,
ATRX->-KMT2D,2,1,2.000000,2,4.556878e-01,
CTCF->-GPS2,2,1,2.000000,2,2.500000e-01,
PTCH1->-GATA3,2,1,2.000000,2,2.162115e-01,
EP300->-SRSF2,2,1,2.000000,2,1.500000e-01,
TP53->-ERRFI1,2,1,2.000000,2,1.100000e-01,
TP53->-SRSF2,2,1,2.000000,2,2.812784e-01,
TP53->-SMARCB1,2,1,2.000000,2,3.642857e-01,
PIK3CA->-PIK3CD,2,1,2.000000,2,1.343590e-01,
MTOR->-AKT1,2,1,2.000000,2,3.291667e-01,
NOTCH2->-TET1,2,1,2.000000,2,1.708333e-01,
YES1->-KIT,2,1,2.000000,2,1.392755e-01,
AXIN1->-SMARCA4,2,1,2.000000,2,1.708333e-01,
SMARCA4->-TET1,2,1,2.000000,2,1.708333e-01,
AKT1->-AXIN1,2,1,2.000000,2,1.708333e-01,
KIT->-RIT1,2,1,2.000000,2,1.708333e-01,
FLT3->-RIT1,2,1,2.000000,2,1.708333e-01,
NSD1->-MDM2,2,1,2.000000,2,1.480556e-01,
BRCA1->-PIK3C2G,2,1,2.000000,2,4.208333e-01,
IRS2->-TET2,2,1,2.000000,2,9.628788e-02,
KMT2A-/-MDM2,2,1,2.000000,2,6.785714e-02,
BCOR->-GRIN2A,2,1,2.000000,2,3.829545e-01,
KMT2A-/-RIT1,2,1,2.000000,2,6.138462e-02,
PIK3CA->-PAX5,2,1,2.000000,2,1.250000e-01,
BRD4->-FGFR4,2,1,2.000000,2,2.015385e-01,
PTCH1->-FGFR4,2,1,2.000000,2,2.015385e-01,
PIK3CA->-KMT2C PIK3CA->-PLK2 PLK2->-KMT2C,3,3,2.000000,2,4.786345e-02,
FOXA1->-KMT2C FOXA1->-PLK2 PLK2->-KMT2C,3,3,2.000000,2,1.902778e-02,
DNMT1->-KMT2C,2,1,2.000000,2,2.015385e-01,
PTCH1->-KMT2C,2,1,2.000000,2,8.299071e-01,
FOXA1->-NBN PIK3CA->-FOXA1 PIK3CA->-NBN,3,3,2.000000,2,1.902778e-02,
FOXA1->-FGFR4,2,1,2.000000,2,2.015385e-01,
FOXA1->-MED12,2,1,2.000000,2,1.881026e-01,
MAP3K1->-NBN,2,1,2.000000,2,1.343590e-01,
PTEN->-TGFBR2,2,1,2.000000,2,1.679487e-01,
CDK12-/-PIK3CA,2,1,2.000000,2,2.701493e-01,
MAP3K1->-DNMT1,2,1,2.000000,2,2.015385e-01,
MAP3K1->-KMT2A MAP3K1->-MGA MGA->-KMT2A,3,3,2.000000,2,1.087302e-02,
MAP3K1->-JAK3,2,1,2.000000,2,2.015385e-01,
MAP3K1->-SETD2,2,1,2.000000,2,2.015385e-01,
MAP3K1->-PIK3CD PTEN->-MAP3K1 PTEN->-PIK3CD,3,3,2.000000,2,1.902778e-02,
MAP3K1->-DICER1 PTEN->-DICER1 PTEN->-MAP3K1,3,3,2.000000,2,1.902778e-02,
ATM->-DNMT1 PIK3CA->-ATM PIK3CA->-DNMT1,3,3,2.000000,2,1.902778e-02,
DNMT1->-SETD2,2,1,2.000000,2,2.015385e-01,
PTEN->-RIT1,2,1,2.000000,2,2.015385e-01,
KMT2A->-FGFR4 KMT2A->-MED12 MED12->-FGFR4,3,3,2.000000,2,1.902778e-02,
MGA->-FGFR4 PIK3CA->-FGFR4 PIK3CA->-MGA,3,3,2.000000,2,1.902778e-02,
ATM->-FGFR4 PIK3CA->-ATM PIK3CA->-FGFR4,3,3,2.000000,2,1.902778e-02,
ATM->-KMT2A ATM->-SETD2 KMT2A->-SETD2,3,3,2.000000,2,1.902778e-02,
MGA->-HNF1A MGA->-PTCH1 PIK3CA->-HNF1A PIK3CA->-MGA PIK3CA->-PTCH1 PTCH1->-HNF1A,4,6,2.000000,2,9.685410e-04,
MGA->-SETD2,2,1,2.000000,2,6.490415e-01,
MED12->-SETD2,2,1,2.000000,2,4.515385e-01,
RHOA->-TP53,2,1,2.000000,2,7.181818e-01,
EPHB1->-MAP3K1,2,1,2.000000,2,7.827381e-01,
PTEN->-KMT2D TP53->-KMT2D TP53->-PTEN,3,3,2.000000,2,7.266088e-02,
PIK3CA->-PTEN PIK3CA->-PTPRT PTEN->-PTPRT,3,3,2.000000,2,7.266088e-02,
KMT2D->-MDC1 TP53->-KMT2D TP53->-MDC1,3,3,2.000000,2,2.777778e-02,
NCOR1->-ALK,2,1,2.000000,2,2.500000e-01,
CARD11->-ATR TP53->-ATR TP53->-CARD11,3,3,2.000000,2,1.329536e-01,
ATR->-ALK TP53->-ALK TP53->-ATR,3,3,2.000000,2,2.777778e-02,
SETD2->-KMT2D TP53->-KMT2D TP53->-SETD2,3,3,2.000000,2,1.538849e-02,
ANKRD11->-KMT2D,2,1,2.000000,2,6.312500e-01,
ANKRD11->-PLK2,2,1,2.000000,2,2.038177e-01,
ATM->-TBX3,2,1,2.000000,2,3.818182e-01,
GATA3->-KDM5A,2,1,2.000000,2,5.000000e-01,
TP53->-YAP1,2,1,2.000000,2,5.000000e-01,
CDH1->-FOXA1 CDH1->-NCOR1 FOXA1->-NCOR1,3,3,2.000000,2,2.777778e-02,
MAP2K4->-SMAD4,2,1,2.000000,2,1.583333e-01,
BRIP1->-ESR1,2,1,2.000000,2,5.000000e-01,
CDKN2A->-CARD11,2,1,2.000000,2,2.500000e-01,
CARD11->-TP53,2,1,2.000000,2,9.904279e-01,
PIK3CA->-BRIP1 PIK3CA->-RUNX1 RUNX1->-BRIP1,3,3,2.000000,2,2.777778e-02,
PIK3CA->-JUN,2,1,2.000000,2,4.761905e-01,
ESR1->-ERBB4,2,1,2.000000,2,6.125000e-01,
TP53->-SH2D1A,2,1,2.000000,2,1.283333e-01,
CDH1->-SOX9,2,1,2.000000,2,4.333333e-01,
PIK3CA->-SOX9,2,1,2.000000,2,6.250000e-01,
BRCA2->-STK11,2,1,2.000000,2,2.500000e-01,
ESR1->-GNAS,2,1,2.000000,2,2.500000e-01,
ATM->-NOTCH4 TP53->-ATM TP53->-NOTCH4,3,3,2.000000,2,2.777778e-02,
MAP3K1->-DNMT3A,2,1,2.000000,2,2.500000e-01,
MAP3K1->-SPOP,2,1,2.000000,2,6.875000e-01,
CDH1->-DNMT3A CDH1->-KDR DNMT3A->-KDR,3,3,2.000000,2,2.777778e-02,
MAP3K1->-RB1 TP53->-MAP3K1 TP53->-RB1,3,3,2.000000,2,2.679924e-02,
MAP3K1->-NOTCH1 MAP3K1->-PIK3CA PIK3CA->-NOTCH1,3,3,2.000000,2,1.319444e-01,
MAP3K1->-REL TP53->-MAP3K1 TP53->-REL,3,3,2.000000,2,2.777778e-02,
MAP3K1->-SF3B1,2,1,2.000000,2,3.630952e-01,
ATM->-CDH1 ATM->-PIK3CA CDH1->-PIK3CA,3,3,2.000000,2,1.319444e-01,
ATM->-NOTCH1,2,1,2.000000,2,7.784091e-01,
ATM->-PIK3CA ATM->-SF3B1 PIK3CA->-SF3B1,3,3,2.000000,2,2.777778e-02,
BCL6->-NOTCH1 CDH1->-BCL6 CDH1->-NOTCH1,3,3,2.000000,2,2.777778e-02,
PIK3CA->-BCL6,2,1,2.000000,2,5.000000e-01,
TP53->-BCL6,2,1,2.000000,2,3.422980e-01,
RB1->-NOTCH1 TP53->-NOTCH1 TP53->-RB1,3,3,2.000000,2,2.777778e-02,
RB1->-PTPRT TP53->-PTPRT TP53->-RB1,3,3,2.000000,2,7.266088e-02,
PIK3CA->-SYK,2,1,2.000000,2,2.500000e-01,
PIK3CA->-REL,2,1,2.000000,2,2.500000e-01,
PIK3C2G->-PTPRT TP53->-PIK3C2G TP53->-PTPRT,3,3,2.000000,2,2.777778e-02,
SMAD4->-KMT2C,2,1,2.000000,2,3.666667e-01,
KMT2C->-MDM2,2,1,2.000000,2,1.702381e-01,
SMAD4->-MAP3K1,2,1,2.000000,2,2.166667e-01,
DOT1L->-PDGFRA,2,1,2.000000,2,2.500000e-01,
SOX9->-PDGFRA,2,1,2.000000,2,2.500000e-01,
PALB2->-KDM5C,2,1,2.000000,2,2.500000e-01,
APC->-RB1 TP53->-APC TP53->-RB1,3,3,2.000000,2,7.266088e-02,
APC->-EPHB1 APC->-KMT2D KMT2D->-EPHB1 TP53->-APC TP53->-EPHB1 TP53->-KMT2D,4,6,2.000000,2,1.634276e-03,
APC->-KEAP1,2,1,2.000000,2,2.500000e-01,
TP53->-KEAP1,2,1,2.000000,2,1.785714e-01,
TP53->-TNFAIP3,2,1,2.000000,2,2.500000e-01,
SMAD4->-ERBB3,2,1,2.000000,2,2.000000e-01,
PTEN->-PDGFRA,2,1,2.000000,2,2.500000e-01,
CIC->-RUNX1,2,1,2.000000,2,2.500000e-01,
EPCAM->-ARID1B,2,1,2.000000,2,2.500000e-01,
ARID1B->-PDGFRA,2,1,2.000000,2,2.500000e-01,
ARID1A->-IRF4,2,1,2.000000,2,2.500000e-01,
PIK3CA->-IRF4,2,1,2.000000,2,2.500000e-01,
ARID1A->-ANKRD11,2,1,2.000000,2,5.339683e-01,
TBX3->-ZFHX3,2,1,2.000000,2,7.225000e-01,
JAK1->-TBX3 TP53->-JAK1 TP53->-TBX3,3,3,2.000000,2,2.777778e-02,
JAK1->-ZFHX3,2,1,2.000000,2,2.121212e-01,
AKT1->-CIC,2,1,2.000000,2,1.666667e-01,
NCOR1->-SMARCA4,2,1,2.000000,2,2.500000e-01,
SMAD4->-NCOR1,2,1,2.000000,2,4.761905e-01,
NCOR1->-ATRX,2,1,2.000000,2,2.500000e-01,
NCOR1->-POLE TP53->-NCOR1 TP53->-POLE,3,3,2.000000,2,1.455026e-02,
POLE->-SMARCA4 TP53->-POLE TP53->-SMARCA4,3,3,2.000000,2,2.692986e-02,
POLE->-ATRX TP53->-ATRX TP53->-POLE,3,3,2.000000,2,2.692986e-02,
NOTCH1->-GATA3,2,1,2.000000,2,4.151515e-01,
NOTCH1->-CDH1,2,1,2.000000,2,7.875000e-01,
CDH1->-IL7R,2,1,2.000000,2,1.582621e-01,
SH2B3->-EGFR,2,1,2.000000,2,2.500000e-01,
FOXA1->-EGFR,2,1,2.000000,2,5.000000e-01,
AKT1->-NCOR1,2,1,2.000000,2,2.500000e-01,
NOTCH1->-EPHA5,2,1,2.000000,2,2.650000e-01,
ALOX12B->-MAP3K1,2,1,2.000000,2,8.333333e-02,
MAP3K1-/-TSC2,2,1,2.000000,2,1.874237e-01,
GPS2->-TP53,2,1,2.000000,2,4.166667e-01,
GPS2->-ESR1,2,1,2.000000,2,2.166667e-01,
IKZF1-/-RET,2,1,2.000000,2,5.952381e-02,
TP53->-NFE2L2,2,1,2.000000,2,2.053571e-01,
BRCA1->-DNMT1,2,1,2.000000,2,1.428571e-01,
NOTCH3->-CDH1,2,1,2.000000,2,6.875000e-01,
NOTCH3->-PIK3CA,2,1,2.000000,2,8.935185e-01,
CDH1->-TERT,2,1,2.000000,2,2.500000e-01,
ANKRD11->-PIK3CA,2,1,2.000000,2,9.776485e-01,
ANKRD11->-TBX3,2,1,2.000000,2,8.125000e-01,
YAP1->-PIK3CA,2,1,2.000000,2,5.000000e-01,
MSH6->-TERT PIK3CA->-MSH6 PIK3CA->-TERT,3,3,2.000000,2,2.777778e-02,
MAP2K4->-NOTCH2,2,1,2.000000,2,2.500000e-01,
MED12->-PIK3CA,2,1,2.000000,2,9.946291e-01,
TP53->-SMAD3,2,1,2.000000,2,2.500000e-01,
MAP2K4->-KMT2C,2,1,2.000000,2,5.000000e-01,
PTPRS->-HIST1H1C,2,1,2.000000,2,1.458333e-01,
PIK3CA-/-SPEN,2,1,2.000000,2,4.872339e-01,
NCOR1->-SOX2 PIK3CA->-NCOR1 PIK3CA->-SOX2,3,3,2.000000,2,5.799756e-03,
NCOR1->-AMER1,2,1,2.000000,2,1.208791e-01,
CDK12-/-PTPRS,2,1,2.000000,2,2.705996e-01,
PDGFRB->-PIK3CA,2,1,2.000000,2,4.985032e-01,
FOXA1->-CDK8,2,1,2.000000,2,2.500000e-01,
JAK3->-GATA3 MAP2K4->-GATA3 MAP2K4->-JAK3,3,3,2.000000,2,2.777778e-02,
MEN1->-NCOR1,2,1,2.000000,2,2.500000e-01,
MEN1->-MAP2K4,2,1,2.000000,2,5.000000e-01,
CDH1->-NOTCH3,2,1,2.000000,2,6.875000e-01,
PIK3CA->-MYD88,2,1,2.000000,2,5.000000e-01,
TP53->-RAD51,2,1,2.000000,2,2.500000e-01,
TBX3->-EPHA5,2,1,2.000000,2,2.500000e-01,
TBX3->-CBFB,2,1,2.000000,2,6.875000e-01,
RET->-BCOR,2,1,2.000000,2,2.166667e-01,
HIST3H3-/-PIK3CA,2,1,2.000000,2,1.746032e-01,
IDH1->-GATA3,2,1,2.000000,2,2.500000e-01,
MAP3K1->-EPCAM,2,1,2.000000,2,4.458333e-01,
TP53->-PARP1 TP53->-YES1 YES1->-PARP1,3,3,2.000000,2,1.979566e-02,
PIK3CA->-PARP1 PIK3CA->-YES1 YES1->-PARP1,3,3,2.000000,2,1.979566e-02,
CDH1->-CREBBP CDH1->-MEN1 CDH1->-PIK3CA MEN1->-CREBBP PIK3CA->-CREBBP PIK3CA->-MEN1,4,6,2.000000,2,1.092863e-03,
CDH1->-ARID5B CDH1->-MEN1 CDH1->-PIK3CA MEN1->-ARID5B PIK3CA->-ARID5B PIK3CA->-MEN1,4,6,2.000000,2,1.092863e-03,
CDH1->-MEN1 CDH1->-PIK3CA CDH1->-PLK2 MEN1->-PLK2 PIK3CA->-MEN1 PIK3CA->-PLK2,4,6,2.000000,2,1.092863e-03,
CDH1->-KMT2C CDH1->-MEN1 CDH1->-PIK3CA MEN1->-KMT2C PIK3CA->-KMT2C PIK3CA->-MEN1,4,6,2.000000,2,1.092863e-03,
CDH1->-KRAS,2,1,2.000000,2,2.038177e-01,
TP53->-STAT5B,2,1,2.000000,2,1.087028e-01,
MLH1->-PIK3CA,2,1,2.000000,2,4.538177e-01,
CDH1->-MLH1 TP53->-CDH1 TP53->-MLH1,3,3,2.000000,2,1.583653e-02,
ANKRD11->-PTPRD,2,1,2.000000,2,2.038177e-01,
CDH1->-CREBBP CDH1->-KIT KIT->-CREBBP,3,3,2.000000,2,1.979566e-02,
CDH1->-CREBBP CDH1->-RAD50 RAD50->-CREBBP,3,3,2.000000,2,1.979566e-02,
MAP3K13->-CREBBP,2,1,2.000000,2,2.038177e-01,
MAP3K13->-MEN1,2,1,2.000000,2,2.038177e-01,
PIK3CA->-PPP6C,2,1,2.000000,2,1.638535e-01,
TP53->-PPP6C,2,1,2.000000,2,1.358785e-01,
MAP3K13->-PIK3CA,2,1,2.000000,2,6.528633e-01,
FUBP1-/-PIK3CA,2,1,2.000000,2,6.157635e-02,
STAG2->-PARP1,2,1,2.000000,2,2.038177e-01,
CREBBP->-PARP1,2,1,2.000000,2,2.038177e-01,
ANKRD11->-STAG2,2,1,2.000000,2,2.038177e-01,
ERBB2->-RICTOR,2,1,2.000000,2,4.371511e-01,
RICTOR->-CREBBP TP53->-CREBBP TP53->-RICTOR,3,3,2.000000,2,7.069878e-03,
PIK3CA->-CREBBP PIK3CA->-RICTOR RICTOR->-CREBBP,3,3,2.000000,2,7.069878e-03,
ATR-/-TP53,2,1,2.000000,2,5.202440e-01,
MAP3K1->-MEN1,2,1,2.000000,2,7.555390e-01,
ASXL2->-KDM5C,2,1,2.000000,2,2.000000e-01,
PTEN->-RB1,2,1,2.000000,2,4.473545e-01,
CDH1->-NOTCH1 CDH1->-PTEN PTEN->-NOTCH1,3,3,2.000000,2,1.527778e-02,
PIK3CA->-SUZ12,2,1,2.000000,2,5.841503e-01,
APC->-BLM APC->-ERCC4 BLM->-ERCC4 CDH1->-APC CDH1->-BLM CDH1->-ERCC4,4,6,2.000000,2,1.736111e-03,
JAK1->-APC,2,1,2.000000,2,2.500000e-01,
APC->-RAD50 APC->-SDHC CDH1->-APC CDH1->-RAD50 CDH1->-SDHC RAD50->-SDHC,4,6,2.000000,2,1.251385e-03,
APC->-PIK3C2G APC->-SDHC CDH1->-APC CDH1->-PIK3C2G CDH1->-SDHC PIK3C2G->-SDHC,4,6,2.000000,2,1.251385e-03,
CDH1->-MED12 CDH1->-SDHC MED12->-SDHC,3,3,2.000000,2,2.185185e-02,
APC->-SETD2,2,1,2.000000,2,2.473545e-01,
CD274->-ABL1,2,1,2.000000,2,2.250000e-01,
JAK2->-BLM JAK2->-MAP3K13 MAP3K13->-BLM,3,3,2.000000,2,2.777778e-02,
JAK2->-ABL1 JAK2->-MAP3K13 MAP3K13->-ABL1,3,3,2.000000,2,2.777778e-02,
ASXL1->-ABL1,2,1,2.000000,2,2.500000e-01,
ASXL1->-CREBBP,2,1,2.000000,2,5.000000e-01,
BLM->-STK11,2,1,2.000000,2,2.389706e-01,
PIK3R3->-BLM,2,1,2.000000,2,2.500000e-01,
JAK1->-ARID2,2,1,2.000000,2,2.142857e-01,
JAK1->-CREBBP,2,1,2.000000,2,2.500000e-01,
JAK1->-SETD2,2,1,2.000000,2,2.500000e-01,
CDH1->-SETD2 CDH1->-STK11 SETD2->-STK11,3,3,2.000000,2,7.407407e-02,
CDKN1A->-PIK3CA,2,1,2.000000,2,7.692901e-01,
CDKN1A->-CREBBP,2,1,2.000000,2,1.666667e-01,
ERCC3->-PIK3CA,2,1,2.000000,2,5.000000e-01,
CDH1->-JAK2 CDH1->-PIK3CA JAK2->-PIK3CA,3,3,2.000000,2,1.319444e-01,
JAK2->-PIK3CA LATS2->-JAK2 LATS2->-PIK3CA,3,3,2.000000,2,2.777778e-02,
FLT3->-PIK3CA,2,1,2.000000,2,8.125000e-01,
RAD50->-PIK3CA,2,1,2.000000,2,9.599094e-01,
ASXL1->-PIK3CA PIK3R3->-ASXL1 PIK3R3->-PIK3CA,3,3,2.000000,2,2.777778e-02,
CDH1->-PIK3CA CDH1->-SMARCB1 SMARCB1->-PIK3CA,3,3,2.000000,2,1.587302e-02,
CDH1->-ERCC3,2,1,2.000000,2,5.000000e-01,
PIK3C2G->-ERCC4,2,1,2.000000,2,2.500000e-01,
ARID1A->-ARID2 ARID1A->-FLT3 ARID2->-FLT3,3,3,2.000000,2,2.777778e-02,
CDH1->-CREBBP CDH1->-IKZF1 IKZF1->-CREBBP,3,3,2.000000,2,5.555556e-03,
ARID1A->-ERCC4 ARID1A->-IKZF1 IKZF1->-ERCC4,3,3,2.000000,2,2.777778e-02,
SMARCB1->-FLT3,2,1,2.000000,2,2.500000e-01,
LATS2->-ASXL1,2,1,2.000000,2,2.500000e-01,
ARID1A->-TOP1,2,1,2.000000,2,1.500000e-01,
ARID1A->-PIK3R3,2,1,2.000000,2,2.500000e-01,
PTEN->-BARD1 TP53->-BARD1 TP53->-PTEN,3,3,2.000000,2,1.805556e-02,
PTEN->-ERBB3,2,1,2.000000,2,2.500000e-01,
TP53->-CTNNB1,2,1,2.000000,2,1.250000e-01,
ERBB3->-KMT2C TP53->-ERBB3 TP53->-KMT2C,3,3,2.000000,2,2.379771e-02,
KMT2D->-ERBB3 TP53->-ERBB3 TP53->-KMT2D,3,3,2.000000,2,2.777778e-02,
ZFHX3->-KMT2D,2,1,2.000000,2,2.500000e-01,
KLF4->-NCOR1,2,1,2.000000,2,1.944444e-01,
TP53->-SUFU,2,1,2.000000,2,1.095960e-01,
KLF4->-MED12,2,1,2.000000,2,1.944444e-01,
NOTCH3->-FAT1,2,1,2.000000,2,2.166667e-01,
ESR1->-IRF4,2,1,2.000000,2,2.500000e-01,
RUNX1->-KMT2C,2,1,2.000000,2,6.875000e-01,
NCOR1->-KMT2C,2,1,2.000000,2,9.519176e-01,
RUNX1->-CDKN2A,2,1,2.000000,2,2.500000e-01,
CDH1->-MCL1,2,1,2.000000,2,2.083333e-01,
KMT2C->-TP63,2,1,2.000000,2,4.464286e-01,
KMT2C->-KMT2A KMT2C->-TSC2 TSC2->-KMT2A,3,3,2.000000,2,1.438492e-02,
MED12->-KMT2D TP53->-KMT2D TP53->-MED12,3,3,2.000000,2,1.438492e-02,
TSC2->-KMT2D,2,1,2.000000,2,3.686508e-01,
KMT2C->-MED12 KMT2C->-TSC2 TSC2->-MED12,3,3,2.000000,2,1.131614e-02,
TP53->-MDM2,2,1,2.000000,2,1.964286e-01,
CIC->-SF3B1 PIK3CA->-CIC PIK3CA->-SF3B1,3,3,2.000000,2,2.777778e-02,
NCOR1->-FLT4,2,1,2.000000,2,4.166667e-01,
NCOR1->-NF1,2,1,2.000000,2,8.005952e-01,
NCOR1->-PTCH1 PIK3CA->-NCOR1 PIK3CA->-PTCH1,3,3,2.000000,2,2.777778e-02,
RB1->-PIK3CG,2,1,2.000000,2,2.321429e-01,
PIK3CG->-TET2,2,1,2.000000,2,1.666667e-01,
FAT1->-MSH6 PIK3CA->-FAT1 PIK3CA->-MSH6,3,3,2.000000,2,2.777778e-02,
MSH6->-KMT2A,2,1,2.000000,2,2.500000e-01,
RUNX1->-MSH6 TP53->-MSH6 TP53->-RUNX1,3,3,2.000000,2,2.777778e-02,
PIK3CA->-MSH6 PIK3CA->-RUNX1 RUNX1->-MSH6,3,3,2.000000,2,2.777778e-02,
RUNX1->-MGA TP53->-MGA TP53->-RUNX1,3,3,2.000000,2,2.777778e-02,
PIK3CA->-MGA PIK3CA->-RUNX1 RUNX1->-MGA,3,3,2.000000,2,7.407407e-02,
PIK3CA->-CARD11 PIK3CA->-RUNX1 RUNX1->-CARD11,3,3,2.000000,2,2.777778e-02,
RUNX1->-CARD11 TP53->-CARD11 TP53->-RUNX1,3,3,2.000000,2,2.777778e-02,
RUNX1->-AURKA TP53->-AURKA TP53->-RUNX1,3,3,2.000000,2,6.944444e-03,
MGA->-FLT4,2,1,2.000000,2,5.000000e-01,
TERT->-FLT4 TP53->-FLT4 TP53->-TERT,3,3,2.000000,2,1.810516e-02,
STAT3->-NF1,2,1,2.000000,2,2.371795e-01,
PIK3CA->-MGA PIK3CA->-SETD2 SETD2->-MGA,3,3,2.000000,2,1.120601e-01,
SETD2->-MGA TP53->-MGA TP53->-SETD2,3,3,2.000000,2,2.692986e-02,
SETD2->-PTCH1 TP53->-PTCH1 TP53->-SETD2,3,3,2.000000,2,2.692986e-02,
PIK3CA->-PTCH1 PIK3CA->-SETD2 SETD2->-PTCH1,3,3,2.000000,2,5.825561e-02,
TP53->-TCF3,2,1,2.000000,2,1.772727e-01,
TP53->-IKBKE,2,1,2.000000,2,2.500000e-01,
BARD1->-AKT1 TP53->-AKT1 TP53->-BARD1,3,3,2.000000,2,1.805556e-02,
ATR->-RUNX1 PIK3CA->-ATR PIK3CA->-RUNX1,3,3,2.000000,2,7.407407e-02,
NCOR1->-BRIP1,2,1,2.000000,2,2.142857e-01,
BARD1->-PIK3CA,2,1,2.000000,2,8.231293e-01,
STK11->-MAP2K2,2,1,2.000000,2,1.991422e-01,
MAP3K1->-RAD21,2,1,2.000000,2,1.269841e-01,
TP53->-ALOX12B,2,1,2.000000,2,2.916667e-01,
APC->-XPO1,2,1,2.000000,2,2.500000e-01,
MAP2K4->-XPO1,2,1,2.000000,2,2.500000e-01,
MEN1->-NOTCH3,2,1,2.000000,2,2.500000e-01,
GATA3->-NOTCH3,2,1,2.000000,2,2.500000e-01,
TRAF7->-GATA3,2,1,2.000000,2,2.500000e-01,
APC->-NF1 CDH1->-APC CDH1->-NF1,3,3,2.000000,2,5.628680e-02,
ZFHX3->-ATM,2,1,2.000000,2,4.444444e-01,
ZFHX3->-NF1,2,1,2.000000,2,4.871795e-01,
CDH1->-SPOP,2,1,2.000000,2,4.583333e-01,
PIK3CA->-PNRC1,2,1,2.000000,2,2.083333e-01,
TET1->-ESR1,2,1,2.000000,2,6.875000e-01,
RB1->-ESR1,2,1,2.000000,2,2.000000e-01,
CDH1->-PALB2,2,1,2.000000,2,4.333333e-01,
CDH1->-NFE2L2,2,1,2.000000,2,1.582621e-01,
ARID1A->-NOTCH3,2,1,2.000000,2,2.500000e-01,
NF2-/-SPEN PIK3CA->-NF2 PIK3CA->-SPEN,3,3,2.000000,2,7.359307e-03,
NFE2L2->-SPEN,2,1,2.000000,2,3.482143e-01,
ROS1->-NF2,2,1,2.000000,2,1.428571e-01,
TP53->-MRE11A,2,1,2.000000,2,2.500000e-01,
PIK3CA->-MDM2,2,1,2.000000,2,2.500000e-01,
ESR1->-NFE2L2,2,1,2.000000,2,2.500000e-01,
ARID1A->-RUNX1 PTEN->-ARID1A PTEN->-RUNX1,3,3,2.000000,2,2.777778e-02,
KDM5C->-ESR1,2,1,2.000000,2,6.125000e-01,
ESR1->-FUBP1,2,1,2.000000,2,1.666667e-01,
ARID1A->-GRIN2A ARID1A->-IKZF1 IKZF1->-GRIN2A,3,3,2.000000,2,6.944444e-03,
GRIN2A->-PIK3CA,2,1,2.000000,2,9.218750e-01,
RHOA->-GRIN2A,2,1,2.000000,2,2.500000e-01,
SMAD4->-KDM5C,2,1,2.000000,2,5.000000e-01,
SMAD4->-PIK3CA,2,1,2.000000,2,9.423196e-01,
NOTCH3->-BRCA2,2,1,2.000000,2,2.500000e-01,
SOX9->-TBX3,2,1,2.000000,2,4.333333e-01,
ATM->-HGF,2,1,2.000000,2,2.500000e-01,
PIK3CA->-HGF,2,1,2.000000,2,3.666667e-01,
SMAD4->-FAT1,2,1,2.000000,2,2.083333e-01,
NF1->-MAP2K4,2,1,2.000000,2,6.420068e-01,
GATA3->-ATR,2,1,2.000000,2,4.166667e-01,
ATR->-PIK3CA,2,1,2.000000,2,9.995475e-01,
KMT2C->-PPP2R1A,2,1,2.000000,2,2.500000e-01,
PPP2R1A->-PIK3CA,2,1,2.000000,2,8.697917e-01,
SPEN->-DNMT3A,2,1,2.000000,2,5.000000e-01,
SPEN->-PIK3R1,2,1,2.000000,2,4.750000e-01,
RB1->-PIK3R1,2,1,2.000000,2,2.250000e-01,
TP53->-FGF3,2,1,2.000000,2,2.250000e-01,
STAG2->-AXL,2,1,2.000000,2,2.500000e-01,
CDK8->-KRAS,2,1,2.000000,2,2.500000e-01,
TBX3->-GATA3,2,1,2.000000,2,8.988255e-01,
GATA3-/-RPS6KA4,2,1,2.000000,2,1.632653e-01,
PIK3CA->-RPS6KA4,2,1,2.000000,2,3.928571e-01,
PIK3CA->-RARA,2,1,2.000000,2,1.428571e-01,
PTEN-/-SF3B1,2,1,2.000000,2,1.333333e-01,
NSD1->-RAD50,2,1,2.000000,2,2.158120e-01,
STAG2->-PTEN STAG2->-TP53 TP53->-PTEN,3,3,2.000000,2,7.407407e-02,
PTEN->-PIK3C2G,2,1,2.000000,2,2.158120e-01,
SPEN->-NCOR1,2,1,2.000000,2,5.000000e-01,
MTOR->-NCOR1 NF1->-MTOR NF1->-NCOR1,3,3,2.000000,2,2.258852e-02,
NOTCH1->-NCOR1,2,1,2.000000,2,2.500000e-01,
FOXA1->-DOT1L,2,1,2.000000,2,6.293651e-01,
GATA3->-DOT1L,2,1,2.000000,2,2.333333e-01,
FGFR4->-AKT1,2,1,2.000000,2,1.458333e-01,
CDH1->-BTK,2,1,2.000000,2,2.500000e-01,
AKT1->-XPO1 CDH1->-AKT1 CDH1->-XPO1,3,3,2.000000,2,2.777778e-02,
KMT2C->-NOTCH3 KMT2C->-XPO1 NOTCH3->-XPO1,3,3,2.000000,2,2.777778e-02,
SPEN->-XPO1,2,1,2.000000,2,2.500000e-01,
NOTCH3->-PIK3R1,2,1,2.000000,2,2.500000e-01,
BRCA2->-FAT1,2,1,2.000000,2,4.272727e-01,
BRCA2->-SPEN,2,1,2.000000,2,4.000000e-01,
BRCA2->-MTOR BRCA2->-XPO1 MTOR->-XPO1,3,3,2.000000,2,2.777778e-02,
SPEN->-FAT1,2,1,2.000000,2,8.608631e-01,
CDH1->-FAT1 MTOR->-CDH1 MTOR->-FAT1,3,3,2.000000,2,2.777778e-02,
FAT1->-AR,2,1,2.000000,2,2.500000e-01,
PIK3R1->-AR,2,1,2.000000,2,2.500000e-01,
CDH1->-PIK3R1,2,1,2.000000,2,4.658120e-01,
NOTCH4->-KMT2D TP53->-KMT2D TP53->-NOTCH4,3,3,2.000000,2,5.047204e-02,
APC->-ATM APC->-PTPRS ATM->-PTPRS,3,3,2.000000,2,1.262626e-02,
ATM->-PTPRS PIK3CA->-ATM PIK3CA->-PTPRS,3,3,2.000000,2,4.882155e-02,
APC->-RUNX1,2,1,2.000000,2,2.500000e-01,
PTPRS->-PARP1,2,1,2.000000,2,2.158120e-01,
ATR->-ARID2 PIK3CA->-ARID2 PIK3CA->-ATR PIK3CA->-PTPRS PTPRS->-ARID2 PTPRS->-ATR,4,6,2.000000,2,1.736111e-03,
FGFR4->-MSH6 TP53->-FGFR4 TP53->-MSH6,3,3,2.000000,2,7.744108e-03,
NUP93->-PARP1 PIK3CA->-NUP93 PIK3CA->-PARP1,3,3,2.000000,2,2.777778e-02,
PIK3CA->-PARP1 PIK3CA->-RUNX1 RUNX1->-PARP1,3,3,2.000000,2,2.777778e-02,
TP53->-NUP93,2,1,2.000000,2,5.000000e-01,
ARID2->-KMT2D ERCC5->-ARID2 ERCC5->-KMT2D PIK3CA->-ARID2 PIK3CA->-ERCC5 PIK3CA->-KMT2D,4,6,2.000000,2,1.736111e-03,
ARID2->-KMT2D ERCC5->-ARID2 ERCC5->-KMT2D TP53->-ARID2 TP53->-ERCC5 TP53->-KMT2D,4,6,2.000000,2,1.736111e-03,
RUNX1->-INSR,2,1,2.000000,2,2.500000e-01,
TP53->-RPS6KB2,2,1,2.000000,2,2.500000e-01,
SPEN->-KMT2D TP53->-KMT2D TP53->-SPEN,3,3,2.000000,2,2.777778e-02,
PIK3CA->-KMT2D PIK3CA->-SPEN SPEN->-KMT2D,3,3,2.000000,2,2.777778e-02,
ATR->-KMT2D PIK3CA->-ATR PIK3CA->-KMT2D,3,3,2.000000,2,7.266088e-02,
TP53->-HLA-A,2,1,2.000000,2,2.500000e-01,
BRCA1->-CREBBP BRCA1->-KMT2C CREBBP->-KMT2C,3,3,2.000000,2,2.777778e-02,
PIK3C2G->-KMT2C,2,1,2.000000,2,4.658120e-01,
CDH1->-PIK3CA FLCN->-CDH1 FLCN->-PIK3CA,3,3,2.000000,2,2.777778e-02,
TP53->-FLCN,2,1,2.000000,2,4.166667e-01,
CREBBP->-KMT2C CREBBP->-NCOR1 KMT2C->-NCOR1,3,3,2.000000,2,2.777778e-02,
ERCC4->-NCOR1,2,1,2.000000,2,3.708791e-01,
KMT2D->-NCOR1 SMAD2->-KMT2D SMAD2->-NCOR1,3,3,2.000000,2,2.777778e-02,
PTPRT->-FGFR2 TP53->-FGFR2 TP53->-PTPRT,3,3,2.000000,2,2.692986e-02,
KMT2D->-FGFR2 TP53->-FGFR2 TP53->-KMT2D,3,3,2.000000,2,2.692986e-02,
FOXP1->-PTPRT,2,1,2.000000,2,5.000000e-01,
CDH1->-IKBKE,2,1,2.000000,2,4.166667e-01,
RAD51->-KMT2D,2,1,2.000000,2,2.500000e-01,
NTRK2->-KMT2D,2,1,2.000000,2,2.000000e-01,
AKT1->-TBX3,2,1,2.000000,2,2.500000e-01,
ARID2->-EPHA5 TP53->-ARID2 TP53->-EPHA5,3,3,2.000000,2,1.301779e-01,
ZFHX3->-ARID2,2,1,2.000000,2,2.500000e-01,
CBFB->-MAP2K4,2,1,2.000000,2,1.750000e-01,
MAP3K1->-CTCF,2,1,2.000000,2,7.854167e-01,
ATM->-JUN,2,1,2.000000,2,2.500000e-01,
RHOA->-TBX3,2,1,2.000000,2,2.410714e-01,
FAT1->-RB1,2,1,2.000000,2,6.875000e-01,
PIK3CA->-GATA3 STK11->-GATA3 STK11->-PIK3CA,3,3,2.000000,2,2.446895e-02,
NF2->-GATA3 PIK3CA->-GATA3 PIK3CA->-NF2,3,3,2.000000,2,1.262626e-02,
PIK3CA->-GATA3 ROS1->-GATA3 ROS1->-PIK3CA,3,3,2.000000,2,2.777778e-02,
FGFR4->-ROS1,2,1,2.000000,2,2.121212e-01,
TP53->-ASXL2,2,1,2.000000,2,4.750000e-01,
AKT2->-PTPRT,2,1,2.000000,2,2.500000e-01,
TP53->-PPP2R1A,2,1,2.000000,2,1.500000e-01,
TP53->-EPHA3,2,1,2.000000,2,5.000000e-01,
RICTOR->-ESR1,2,1,2.000000,2,8.125000e-01,
SUZ12->-PIK3CA,2,1,2.000000,2,5.841503e-01,
DNMT3A->-FAT1,2,1,2.000000,2,5.000000e-01,
BLM->-FAT1 BLM->-KDR FAT1->-KDR,3,3,2.000000,2,2.446895e-02,
DNMT1->-SPEN,2,1,2.000000,2,2.500000e-01,
APC->-DNMT1,2,1,2.000000,2,5.000000e-01,
APC->-SPEN,2,1,2.000000,2,7.784091e-01,
SMAD4->-ERCC4,2,1,2.000000,2,2.500000e-01,
FOXP1->-PTEN,2,1,2.000000,2,2.500000e-01,
AKT1->-DNMT1,2,1,2.000000,2,5.000000e-01,
AKT1->-RAD50,2,1,2.000000,2,2.500000e-01,
AKT1->-SETD2,2,1,2.000000,2,2.142857e-01,
MAP2K4->-SETD2,2,1,2.000000,2,2.142857e-01,
CDH1->-AXIN2,2,1,2.000000,2,2.500000e-01,
TET2->-SETD2 TP53->-SETD2 TP53->-TET2,3,3,2.000000,2,7.514172e-02,
SMAD2->-RFWD2,2,1,2.000000,2,2.500000e-01,
MAP2K4->-ARID2,2,1,2.000000,2,2.500000e-01,
KMT2C->-NSD1,2,1,2.000000,2,7.775997e-01,
CDH1->-RET,2,1,2.000000,2,2.500000e-01,
TSC2->-KMT2C,2,1,2.000000,2,8.341792e-01,
KMT2C->-EP300 KMT2D->-EP300 KMT2D->-KMT2C,3,3,2.000000,2,2.446895e-02,
NCOR1->-CDC73,2,1,2.000000,2,1.666667e-01,
IKZF1->-CDC73,2,1,2.000000,2,1.666667e-01,
ARID1A->-MYC,2,1,2.000000,2,5.133333e-01,
ROS1->-MYC,2,1,2.000000,2,1.500000e-01,
LATS1->-ATR,2,1,2.000000,2,2.500000e-01,
LATS1->-RFWD2,2,1,2.000000,2,2.500000e-01,
ARID1A->-KDM5C PIK3CA->-ARID1A PIK3CA->-KDM5C,3,3,2.000000,2,7.407407e-02,
SMAD4->-RFWD2,2,1,2.000000,2,2.500000e-01,
BCOR->-TSC2,2,1,2.000000,2,2.500000e-01,
SMAD2->-BCOR,2,1,2.000000,2,1.500000e-01,
KMT2D->-FGF4 PIK3CA->-FGF4 PIK3CA->-KMT2D,3,3,2.000000,2,1.361656e-02,
NCOR1->-IKZF1,2,1,2.000000,2,4.166667e-01,
GATA3->-RICTOR,2,1,2.000000,2,7.319444e-01,
BRCA1->-RICTOR PIK3CA->-BRCA1 PIK3CA->-RICTOR,3,3,2.000000,2,3.595197e-02,
GATA3->-BCOR,2,1,2.000000,2,2.500000e-01,
IRS2->-FLT4 TP53->-FLT4 TP53->-IRS2,3,3,2.000000,2,1.990741e-03,
FLT4-/-PIK3CA TP53->-FLT4 TP53->-PIK3CA,3,3,2.000000,2,3.744444e-02,
PIK3CA-/-RECQL4,2,1,2.000000,2,5.013595e-01,
ASXL2->-TBX3,2,1,2.000000,2,2.500000e-01,
CDH1->-ASXL2,2,1,2.000000,2,4.500000e-01,
ASXL2->-ARID1A,2,1,2.000000,2,4.333333e-01,
DDR2->-PIK3CA,2,1,2.000000,2,3.821429e-01,
FOXA1->-ARID1B,2,1,2.000000,2,2.500000e-01,
ARID1B->-KMT2A ARID1B->-PIK3CA PIK3CA->-KMT2A,3,3,2.000000,2,2.777778e-02,
ARID1B->-KDR,2,1,2.000000,2,2.389706e-01,
KDR->-KMT2A,2,1,2.000000,2,2.500000e-01,
KDM6A->-KDR KDM6A->-PIK3CA PIK3CA->-KDR,3,3,2.000000,2,1.909722e-02,
GPS2->-JAK2,2,1,2.000000,2,2.500000e-01,
EPHA5->-TP53,2,1,2.000000,2,9.944003e-01,
PIK3CA->-MYCN,2,1,2.000000,2,2.500000e-01,
GATA3->-NOTCH4 GATA3->-PIK3CA PIK3CA->-NOTCH4,3,3,2.000000,2,1.111111e-02,
GATA3->-HIST1H1C,2,1,2.000000,2,2.500000e-01,
GATA3->-ASXL1,2,1,2.000000,2,6.303571e-01,
GATA3->-DICER1,2,1,2.000000,2,2.500000e-01,
PIK3CA->-SHQ1,2,1,2.000000,2,2.500000e-01,
CDH1->-PIK3CA STK11->-CDH1 STK11->-PIK3CA,3,3,2.000000,2,6.855937e-02,
STK11->-PTCH1,2,1,2.000000,2,2.389706e-01,
MAP2K2->-KMT2C,2,1,2.000000,2,2.389706e-01,
ARID1B->-GATA3,2,1,2.000000,2,4.889706e-01,
RAD52->-GATA3,2,1,2.000000,2,1.593137e-01,
BLM->-GATA3,2,1,2.000000,2,4.223039e-01,
CDH1->-PIK3CA RAD52->-CDH1 RAD52->-PIK3CA,3,3,2.000000,2,2.446895e-02,
TP53->-MALT1,2,1,2.000000,2,1.666667e-01,
MAP3K1->-FANCA,2,1,2.000000,2,4.424749e-01,
MAP3K1->-ALK,2,1,2.000000,2,6.375000e-01,
MAP3K1->-KLF4,2,1,2.000000,2,1.964286e-01,
TBX3-/-ZFHX3,2,1,2.000000,2,1.066667e-01,
TP53->-CD79B,2,1,2.000000,2,1.458333e-01,
TP53->-PLCG2,2,1,2.000000,2,1.014864e-01,
TP53->-SMAD4,2,1,2.000000,2,8.125000e-01,
PBRM1->-ERBB3,2,1,2.000000,2,4.458333e-01,
TBX3->-NCOA3,2,1,2.000000,2,1.750000e-01,
TBX3->-IKZF1,2,1,2.000000,2,1.666667e-01,
PTCH1->-PAK7 SOX9->-PAK7 SOX9->-PTCH1,3,3,2.000000,2,2.777778e-02,
PTCH1->-PAK7 TBX3->-PAK7 TBX3->-PTCH1,3,3,2.000000,2,2.777778e-02,
AKT1->-PTCH1,2,1,2.000000,2,1.500000e-01,
KDM5C->-MAP3K1,2,1,2.000000,2,2.500000e-01,
PIK3CA->-MEF2B,2,1,2.000000,2,2.500000e-01,
GLI1->-GATA3,2,1,2.000000,2,2.500000e-01,
CBFB->-MEN1,2,1,2.000000,2,2.500000e-01,
NOTCH3->-BLM TP53->-BLM TP53->-NOTCH3,3,3,2.000000,2,2.777778e-02,
GATA3->-AKT1,2,1,2.000000,2,9.869389e-01,
SPEN->-PTPRD,2,1,2.000000,2,1.666667e-01,
IDH1->-SETD2 TP53->-IDH1 TP53->-SETD2,3,3,2.000000,2,2.692986e-02,
CHEK2->-CREBBP,2,1,2.000000,2,2.333333e-01,
MDC1->-CREBBP,2,1,2.000000,2,5.000000e-01,
KMT2A->-NOTCH1,2,1,2.000000,2,2.500000e-01,
MDC1->-TP53,2,1,2.000000,2,9.660695e-01,
JAK1->-MDC1,2,1,2.000000,2,2.500000e-01,
BRCA2->-ARID2,2,1,2.000000,2,2.142857e-01,
BRCA2->-GATA3,2,1,2.000000,2,6.303571e-01,
KMT2C->-ARID2,2,1,2.000000,2,6.875000e-01,
KMT2C->-TNFAIP3,2,1,2.000000,2,1.458333e-01,
ESR1->-POLD1,2,1,2.000000,2,1.750000e-01,
MDC1->-FAT1,2,1,2.000000,2,2.500000e-01,
CARD11->-FAT1,2,1,2.000000,2,6.050824e-01,
FAT1->-TET1,2,1,2.000000,2,8.766741e-01,
GATA3->-TET1,2,1,2.000000,2,1.833333e-01,
CARD11->-PBRM1,2,1,2.000000,2,3.909091e-01,
FOXA1->-PTEN,2,1,2.000000,2,6.779390e-01,
PIK3CA-/-PTEN,2,1,2.000000,2,6.637854e-01,
PTPRS->-PIK3CA STK11->-PIK3CA STK11->-PTPRS,3,3,2.000000,2,1.319444e-02,
PTPRS->-MGA STK11->-MGA STK11->-PTPRS,3,3,2.000000,2,1.319444e-02,
CDH1->-RUNX1 CDH1->-TBX3 RUNX1->-TBX3,3,3,2.000000,2,1.319444e-01,
ARAF->-PIK3CA,2,1,2.000000,2,6.875198e-01,
PIK3CG->-CDC73,2,1,2.000000,2,1.547619e-01,
NF1->-ARID2 PIK3CA->-ARID2 PIK3CA->-NF1,3,3,2.000000,2,2.777778e-02,
KMT2D->-FLT3,2,1,2.000000,2,2.500000e-01,
PIK3CA->-LATS2,2,1,2.000000,2,8.645833e-01,
EP300->-TP53,2,1,2.000000,2,9.930350e-01,
NFE2L2->-GATA3,2,1,2.000000,2,2.500000e-01,
ARID1B->-NFE2L2,2,1,2.000000,2,4.658120e-01,
MAP2K4->-FAT1,2,1,2.000000,2,4.513158e-01,
PDGFRA->-ARID2,2,1,2.000000,2,2.500000e-01,
PIK3R1->-NF1,2,1,2.000000,2,9.178946e-01,
PIK3R1->-EPHB1,2,1,2.000000,2,2.500000e-01,
NF1->-EPHB1,2,1,2.000000,2,2.261905e-01,
EPHA5->-ALK TP53->-ALK TP53->-EPHA5,3,3,2.000000,2,2.777778e-02,
ARID1B->-ARID2 ARID1B->-IRS1 IRS1->-ARID2,3,3,2.000000,2,2.777778e-02,
AR->-ARID2 AR->-IRS1 IRS1->-ARID2,3,3,2.000000,2,2.777778e-02,
MAP3K1->-ARID1B,2,1,2.000000,2,5.918422e-01,
FAT1->-ARID1B TP53->-ARID1B TP53->-FAT1,3,3,2.000000,2,6.855937e-02,
ARID1B->-ROS1 TP53->-ARID1B TP53->-ROS1,3,3,2.000000,2,1.041667e-02,
MAP3K1->-PIK3R1,2,1,2.000000,2,6.618590e-01,
MAP3K1->-ATRX TP53->-ATRX TP53->-MAP3K1,3,3,2.000000,2,1.810516e-02,
FAT1->-IRS1,2,1,2.000000,2,2.500000e-01,
TET1->-SPEN TP53->-SPEN TP53->-TET1,3,3,2.000000,2,2.777778e-02,
SPEN->-ALK,2,1,2.000000,2,2.500000e-01,
TP53->-STAT3,2,1,2.000000,2,4.205128e-01,
JAK3->-PIK3CA,2,1,2.000000,2,9.021268e-01,
CDH1->-ERBB3 CDH1->-TBX3 TBX3->-ERBB3,3,3,2.000000,2,2.777778e-02,
TP53->-HIST1H3J,2,1,2.000000,2,1.500000e-01,
CTCF->-TP53,2,1,2.000000,2,8.383854e-01,
NF1->-NBN,2,1,2.000000,2,2.500000e-01,
TP53->-HIST1H3C,2,1,2.000000,2,1.785714e-01,
KMT2D->-MYCN,2,1,2.000000,2,1.750000e-01,
ANKRD11->-MYCN,2,1,2.000000,2,1.750000e-01,
NF1->-STAG2,2,1,2.000000,2,1.714286e-01,
MAP2K4->-NF1 MAP2K4->-TET2 NF1->-TET2,3,3,2.000000,2,1.484389e-02,
CREBBP-/-GATA3,2,1,2.000000,2,2.266667e-01,
JAK1->-ROS1,2,1,2.000000,2,2.121212e-01,
FGFR4->-GRIN2A,2,1,2.000000,2,2.121212e-01,
FGFR4->-CD79A,2,1,2.000000,2,2.121212e-01,
KMT2A->-CD79A,2,1,2.000000,2,2.121212e-01,
MGA->-BCOR,2,1,2.000000,2,2.098765e-01,
NOTCH3->-PALB2,2,1,2.000000,2,2.500000e-01,
PIK3R1->-EPHA7,2,1,2.000000,2,2.371795e-01,
NOTCH4->-EIF4A2,2,1,2.000000,2,2.500000e-01,
TMPRSS2->-TP53,2,1,2.000000,2,2.166667e-01,
KMT2C-/-MAP3K1,2,1,2.000000,2,5.229923e-01,
TP53->-UPF1,2,1,2.000000,2,4.011905e-01,
PIK3CA->-BTK,2,1,2.000000,2,5.000000e-01,
ATM->-HIST1H3J,2,1,2.000000,2,1.090909e-01,
MGA->-RB1,2,1,2.000000,2,4.973545e-01,
TBX3->-GRIN2A,2,1,2.000000,2,2.500000e-01,
AKT1->-ERBB4,2,1,2.000000,2,1.500000e-01,
KDM6A->-TP53,2,1,2.000000,2,9.647712e-01,
MAP3K1->-DDR2,2,1,2.000000,2,1.401099e-01,
MAP3K1->-PTEN,2,1,2.000000,2,9.903389e-01,
BRCA2->-TBX3,2,1,2.000000,2,7.625000e-01,
RB1->-SPEN,2,1,2.000000,2,3.750000e-01,
RB1->-CDH1,2,1,2.000000,2,9.390972e-01,
ERBB3->-PTPRD FGFR4->-ERBB3 FGFR4->-PTPRD,3,3,2.000000,2,7.744108e-03,
PIK3CA->-FAM175A,2,1,2.000000,2,4.180556e-01,
CREBBP->-NUP93,2,1,2.000000,2,4.196429e-01,
TBX3->-ARID1A,2,1,2.000000,2,7.139914e-01,
CDH1->-CIC,2,1,2.000000,2,1.507937e-01,
STK11->-ARID1A,2,1,2.000000,2,5.000000e-01,
ALK->-ARID1A TP53->-ALK TP53->-ARID1A,3,3,2.000000,2,2.777778e-02,
KRAS->-ALK,2,1,2.000000,2,2.500000e-01,
BCOR->-RUNX1,2,1,2.000000,2,2.500000e-01,
PIK3CA->-RUNX1 PIK3CA->-SF3B1 SF3B1->-RUNX1,3,3,2.000000,2,2.777778e-02,
NCOR1->-BCOR,2,1,2.000000,2,5.000000e-01,
SF3B1->-ARID1A,2,1,2.000000,2,2.500000e-01,
FANCA->-PARP1 FANCA->-PIK3R1 PIK3R1->-PARP1,3,3,2.000000,2,2.185185e-02,
ARID1A-/-FAT1,2,1,2.000000,2,2.126445e-01,
KMT2C->-TSC2 PTEN->-KMT2C PTEN->-TSC2,3,3,2.000000,2,1.125701e-02,
GATA3->-FGFR2,2,1,2.000000,2,2.500000e-01,
NOTCH3->-ALK,2,1,2.000000,2,2.500000e-01,
PTEN->-MSH2,2,1,2.000000,2,2.500000e-01,
MDC1->-KMT2C PIK3CA->-KMT2C PIK3CA->-MDC1,3,3,2.000000,2,2.777778e-02,
TSC2->-MAP3K1,2,1,2.000000,2,5.107346e-01,
BRCA1->-MDC1,2,1,2.000000,2,4.250000e-01,
GATA3->-KMT2D,2,1,2.000000,2,6.792279e-01,
PPP2R1A->-ARID1A,2,1,2.000000,2,3.583333e-01,
NF1->-ATR,2,1,2.000000,2,4.500000e-01,
FLT4->-GATA3,2,1,2.000000,2,4.000000e-01,
ARID1A->-FLT4,2,1,2.000000,2,3.333333e-01,
KLF4->-ARID1A,2,1,2.000000,2,2.083333e-01,
HIST1H3I->-HNF1A PIK3CA->-HIST1H3I PIK3CA->-HNF1A,3,3,2.000000,2,2.692986e-02,
HIST1H3I->-HNF1A ROS1->-HIST1H3I ROS1->-HNF1A,3,3,2.000000,2,2.692986e-02,
PIK3CA->-GLI1 PIK3CA->-PTCH1 PTCH1->-GLI1,3,3,2.000000,2,2.692986e-02,
PIK3CA->-ARID2 PIK3CA->-PTCH1 PTCH1->-ARID2,3,3,2.000000,2,2.692986e-02,
PIK3CA->-ATR PIK3CA->-PTCH1 PTCH1->-ATR,3,3,2.000000,2,2.692986e-02,
PTPRT->-BCOR,2,1,2.000000,2,2.473545e-01,
KMT2D->-BCOR,2,1,2.000000,2,4.973545e-01,
SETD2->-BCOR,2,1,2.000000,2,2.473545e-01,
PTCH1->-KMT2D,2,1,2.000000,2,4.863251e-01,
KMT2D->-ARID1A TP53->-ARID1A TP53->-KMT2D,3,3,2.000000,2,7.266088e-02,
PIK3CA->-BCOR PIK3CA->-PTCH1 PTCH1->-BCOR,3,3,2.000000,2,2.692986e-02,
HIST1H3I->-GATA3 PIK3CA->-GATA3 PIK3CA->-HIST1H3I,3,3,2.000000,2,2.777778e-02,
LATS2->-GATA3,2,1,2.000000,2,2.500000e-01,
ERBB2->-PIK3CA KMT2C->-ERBB2 KMT2C->-PIK3CA,3,3,2.000000,2,1.402961e-01,
MAP3K1-/-PIK3CA,2,1,2.000000,2,9.218943e-01,
PIK3CA->-HIST1H3J,2,1,2.000000,2,1.818182e-01,
PIK3CA->-ALOX12B,2,1,2.000000,2,2.500000e-01,
ARID2-/-DDR2,2,1,2.000000,2,1.758242e-01,
JAK3->-RAD21 TP53->-JAK3 TP53->-RAD21,3,3,2.000000,2,9.027778e-03,
KMT2C->-GLI1,2,1,2.000000,2,5.000000e-01,
KMT2C->-PDGFRA,2,1,2.000000,2,2.500000e-01,
ERBB2->-PDGFRA,2,1,2.000000,2,2.500000e-01,
AR->-KMT2A AR->-PIK3CA PIK3CA->-KMT2A,3,3,2.000000,2,2.777778e-02,
AR->-KMT2A AR->-PDGFRA AR->-PTPRS PDGFRA->-KMT2A PDGFRA->-PTPRS PTPRS->-KMT2A,4,6,2.000000,2,1.736111e-03,
CDH1->-ERBB2 CDH1->-PTPRS ERBB2->-PTPRS,3,3,2.000000,2,2.777778e-02,
IRS1->-PTCH1,2,1,2.000000,2,2.500000e-01,
ARID2->-PIK3CG,2,1,2.000000,2,2.166667e-01,
PIK3CA->-AXIN1,2,1,2.000000,2,1.750000e-01,
PALB2->-PIK3CA,2,1,2.000000,2,8.043237e-01,
GATA3-/-SPEN,2,1,2.000000,2,3.879809e-01,
PTPRS->-GATA3,2,1,2.000000,2,5.681818e-01,
STAG2->-MAP3K1,2,1,2.000000,2,5.000000e-01,
FAT1->-PTEN,2,1,2.000000,2,8.161035e-01,
RB1->-PTPRD TP53->-PTPRD TP53->-RB1,3,3,2.000000,2,1.111111e-02,
CBFB->-SF3B1,2,1,2.000000,2,1.964286e-01,
DNMT3A->-NSD1 TP53->-DNMT3A TP53->-NSD1,3,3,2.000000,2,2.777778e-02,
PIK3CB->-RAD54L,2,1,2.000000,2,4.208333e-01,
MDC1->-RAD54L PIK3CA->-MDC1 PIK3CA->-RAD54L,3,3,2.000000,2,2.777778e-02,
PIK3CA->-PIK3R3,2,1,2.000000,2,6.875000e-01,
CDH1->-MGA CDH1->-PIK3CA MGA->-PIK3CA,3,3,2.000000,2,2.777778e-02,
PTEN->-INPPL1,2,1,2.000000,2,5.000000e-01,
KMT2B->-KMT2A,2,1,2.000000,2,2.500000e-01,
KMT2D->-FOXP1,2,1,2.000000,2,5.000000e-01,
PTCH1-/-TP53,2,1,2.000000,2,2.135709e-01,
ARID1A->-ALK,2,1,2.000000,2,6.875000e-01,
FLT4-/-NOTCH4 TP53->-FLT4 TP53->-NOTCH4,3,3,2.000000,2,1.015873e-02,
AKT1->-SPEN,2,1,2.000000,2,2.797619e-01,
MAP3K1->-RUNX1,2,1,2.000000,2,8.125000e-01,
LATS1->-TP53,2,1,2.000000,2,7.875000e-01,
RET->-PIK3CA,2,1,2.000000,2,4.166667e-01,
MDC1->-APC NOTCH4->-APC NOTCH4->-MDC1,3,3,2.000000,2,2.777778e-02,
TP53->-EED,2,1,2.000000,2,1.750000e-01,
JAK1->-PDGFRB,2,1,2.000000,2,2.142857e-01,
TP53->-PARK2,2,1,2.000000,2,1.285714e-01,
RB1->-HIST1H3G,2,1,2.000000,2,2.500000e-01,
ARID1A-/-DDR2,2,1,2.000000,2,2.014652e-01,
CDKN1B->-ESR1 CDKN1B->-PIK3CA ESR1->-PIK3CA,3,3,2.000000,2,2.777778e-02,
TP53->-EGFL7,2,1,2.000000,2,1.666667e-01,
KMT2B->-PTPRS,2,1,2.000000,2,2.500000e-01,
KMT2B->-PIK3CA,2,1,2.000000,2,5.000000e-01,
PIK3R1->-MAP3K1,2,1,2.000000,2,6.618590e-01,
CDH1->-PIK3CA CDH1->-XPO1 PIK3CA->-XPO1,3,3,2.000000,2,2.777778e-02,
ARID1A->-XPO1,2,1,2.000000,2,2.500000e-01,
NFE2L2-/-PDGFRB,2,1,2.000000,2,1.953602e-02,
FANCA->-MED12,2,1,2.000000,2,2.158120e-01,
LATS1->-PIK3CA,2,1,2.000000,2,6.875000e-01,
ERBB3->-ARID2,2,1,2.000000,2,3.901099e-01,
TNFAIP3->-NF1,2,1,2.000000,2,1.607143e-01,
