pattern,n_nodes,n_edges,s_exp,s_theta,pval_exp,pval_theta
CDH1->-PIK3CA,2,1,101.000000,101,5.049396e-12,
TP53->-PIK3CA,2,1,84.000000,84,1.897365e-02,
PIK3CA->-TP53,2,1,68.000000,68,6.990348e-01,
MAP3K1->-PIK3CA,2,1,49.000000,49,2.164614e-02,
PIK3CA->-GATA3,2,1,43.000000,43,1.541938e-01,
TP53->-PTEN,2,1,38.000000,38,2.265453e-05,
GATA3->-PIK3CA,2,1,37.000000,37,6.275995e-01,
PIK3CA->-KMT2C,2,1,33.000000,33,4.464928e-02,
CBFB->-PIK3CA,2,1,33.000000,33,3.914938e-06,
PIK3CA->-MAP3K1,2,1,32.000000,32,9.599590e-01,
TP53->-KMT2C,2,1,29.000000,29,4.982943e-05,
PIK3CA->-KMT2C TP53->-KMT2C TP53->-PIK3CA,3,3,4.000000,4,1.467916e-01,
PIK3CA->-KMT2C PIK3CA->-TP53 TP53->-KMT2C,3,3,3.000000,3,3.531957e-01,
PIK3CA->-CDH1,2,1,28.000000,28,1.000000e+00,
PIK3CA->-FOXA1,2,1,27.000000,27,6.524683e-03,
PIK3CA->-ESR1,2,1,27.000000,27,5.510247e-02,
TP53->-NF1,2,1,27.000000,27,2.871610e-03,
CDH1->-TP53,2,1,25.000000,25,1.647346e-01,
CDH1->-PIK3CA CDH1->-TP53 TP53->-PIK3CA,3,3,2.000000,2,6.307945e-01,
CDH1->-PIK3CA CDH1->-TP53 PIK3CA->-TP53,3,3,2.000000,2,6.307945e-01,
TP53->-MAP3K1,2,1,24.000000,24,7.200799e-05,
MAP3K1->-PIK3CA TP53->-MAP3K1 TP53->-PIK3CA,3,3,3.000000,3,1.166025e-01,
PIK3CA->-MAP3K1 PIK3CA->-TP53 TP53->-MAP3K1,3,3,2.000000,2,3.612853e-01,
CDH1->-KMT2C,2,1,24.000000,24,1.257629e-04,
CDH1->-KMT2C CDH1->-PIK3CA PIK3CA->-KMT2C,3,3,7.000000,7,4.482375e-03,
CDH1->-KMT2C CDH1->-TP53 TP53->-KMT2C,3,3,2.000000,2,3.598629e-01,
TP53->-KMT2D,2,1,24.000000,24,6.574020e-06,
KMT2C->-PIK3CA,2,1,21.000000,21,9.389782e-01,
KMT2C->-PIK3CA TP53->-KMT2C TP53->-PIK3CA,3,3,3.000000,3,3.531957e-01,
CDH1->-KMT2C CDH1->-PIK3CA KMT2C->-PIK3CA,3,3,5.000000,5,7.113933e-02,
TP53->-RB1,2,1,21.000000,21,6.161477e-03,
CBFB->-GATA3,2,1,21.000000,21,3.274156e-04,
CBFB->-GATA3 CBFB->-PIK3CA PIK3CA->-GATA3,3,3,5.000000,5,6.971767e-02,
CBFB->-GATA3 CBFB->-PIK3CA GATA3->-PIK3CA,3,3,6.000000,6,1.955311e-02,
CDH1->-ERBB2,2,1,20.000000,20,3.406302e-02,
CDH1->-MAP3K1,2,1,19.000000,19,7.777312e-04,
CDH1->-MAP3K1 CDH1->-PIK3CA MAP3K1->-PIK3CA,3,3,4.000000,4,2.100509e-01,
CDH1->-MAP3K1 CDH1->-PIK3CA PIK3CA->-MAP3K1,3,3,8.000000,8,9.455568e-04,
CDH1->-MAP3K1 CDH1->-TP53 TP53->-MAP3K1,3,3,3.000000,3,1.620370e-02,
PIK3CA->-SF3B1,2,1,19.000000,19,1.700719e-05,
PIK3CA->-FAT1,2,1,19.000000,19,1.694560e-03,
AKT1->-TP53,2,1,19.000000,19,5.256773e-05,
PIK3CA->-ARID1A,2,1,19.000000,19,3.199513e-01,
TP53->-NCOR1,2,1,19.000000,19,1.174628e-02,
PIK3CA->-RUNX1,2,1,19.000000,19,2.092633e-02,
TP53->-CDH1,2,1,19.000000,19,7.955799e-01,
CDH1->-PIK3CA TP53->-CDH1 TP53->-PIK3CA,3,3,5.000000,5,4.216068e-02,
CDH1->-KMT2C TP53->-CDH1 TP53->-KMT2C,3,3,3.000000,3,1.139999e-01,
CDH1->-FOXA1,2,1,18.000000,18,3.256557e-03,
CDH1->-FOXA1 CDH1->-PIK3CA PIK3CA->-FOXA1,3,3,8.000000,8,3.071442e-04,
CDH1->-TBX3,2,1,18.000000,18,3.486910e-02,
TP53->-FAT1,2,1,18.000000,18,2.281652e-04,
PIK3CA->-FAT1 TP53->-FAT1 TP53->-PIK3CA,3,3,4.000000,4,3.887457e-02,
PIK3CA->-FAT1 PIK3CA->-TP53 TP53->-FAT1,3,3,3.000000,3,1.549751e-01,
PIK3CA->-NCOR1,2,1,18.000000,18,3.304595e-01,
PIK3CA->-NCOR1 TP53->-NCOR1 TP53->-PIK3CA,3,3,2.000000,2,4.111615e-01,
TBX3->-PIK3CA,2,1,17.000000,17,3.079414e-01,
CDH1->-PIK3CA CDH1->-TBX3 TBX3->-PIK3CA,3,3,5.000000,5,6.385793e-02,
TP53->-GATA3,2,1,17.000000,17,3.002178e-02,
PIK3CA->-GATA3 TP53->-GATA3 TP53->-PIK3CA,3,3,3.000000,3,1.371459e-01,
PIK3CA->-GATA3 PIK3CA->-TP53 TP53->-GATA3,3,3,3.000000,3,1.371459e-01,
MAP2K4->-PIK3CA,2,1,17.000000,17,9.545785e-02,
ESR1->-PIK3CA,2,1,16.000000,16,9.559768e-01,
TP53->-ARID1A,2,1,16.000000,16,6.820870e-03,
PIK3CA->-ARID1A PIK3CA->-TP53 TP53->-ARID1A,3,3,2.000000,2,2.315287e-01,
CDH1->-ARID1A,2,1,16.000000,16,9.972955e-03,
CDH1->-ARID1A CDH1->-PIK3CA PIK3CA->-ARID1A,3,3,4.000000,4,1.713741e-01,
CDH1->-ARID1A PIK3CA->-ARID1A PIK3CA->-CDH1,3,3,2.000000,2,6.770369e-01,
NCOR1->-PIK3CA,2,1,16.000000,16,5.992573e-01,
NCOR1->-PIK3CA TP53->-NCOR1 TP53->-PIK3CA,3,3,3.000000,3,1.466281e-01,
CDH1->-RUNX1,2,1,15.000000,15,7.449849e-02,
CDH1->-PIK3CA CDH1->-RUNX1 PIK3CA->-RUNX1,3,3,5.000000,5,3.102034e-02,
CDH1->-RUNX1 PIK3CA->-CDH1 PIK3CA->-RUNX1,3,3,2.000000,2,5.964604e-01,
TP53->-ARID2,2,1,15.000000,15,5.812872e-06,
PIK3CA->-TBX3,2,1,15.000000,15,5.831958e-01,
CDH1->-PIK3CA CDH1->-TBX3 PIK3CA->-TBX3,3,3,3.000000,3,4.040848e-01,
TP53->-PIK3R1,2,1,15.000000,15,5.181231e-03,
CDH1->-NCOR1,2,1,15.000000,15,1.908957e-02,
CDH1->-NCOR1 TP53->-CDH1 TP53->-NCOR1,3,3,2.000000,2,3.694350e-01,
CDH1->-NCOR1 CDH1->-PIK3CA PIK3CA->-NCOR1,3,3,3.000000,3,2.143250e-01,
CDH1->-NCOR1 CDH1->-PIK3CA NCOR1->-PIK3CA,3,3,4.000000,4,6.486828e-02,
ARID1A->-PIK3CA,2,1,14.000000,14,8.853614e-01,
ARID1A->-PIK3CA CDH1->-ARID1A CDH1->-PIK3CA,3,3,5.000000,5,5.818884e-02,
PIK3CA->-KMT2D,2,1,14.000000,14,3.718853e-02,
PIK3CA->-KMT2D TP53->-KMT2D TP53->-PIK3CA,3,3,3.000000,3,2.368154e-01,
PIK3CA->-KMT2D PIK3CA->-TP53 TP53->-KMT2D,3,3,5.000000,5,1.810809e-02,
TP53->-PTPRD,2,1,14.000000,14,5.844910e-05,
TP53->-RUNX1,2,1,13.000000,13,4.489132e-02,
PIK3CA->-RUNX1 PIK3CA->-TP53 TP53->-RUNX1,3,3,2.000000,2,1.962449e-01,
CDH1->-RUNX1 CDH1->-TP53 TP53->-RUNX1,3,3,2.000000,2,7.407407e-02,
TP53->-ATR,2,1,13.000000,13,6.509523e-03,
TP53->-CREBBP,2,1,13.000000,13,1.308559e-03,
TP53->-BRCA2,2,1,13.000000,13,2.271244e-03,
CDH1->-ESR1,2,1,13.000000,13,7.999344e-02,
CDH1->-ESR1 CDH1->-PIK3CA PIK3CA->-ESR1,3,3,4.000000,4,8.701989e-03,
TP53->-KMT2A,2,1,13.000000,13,1.054348e-04,
PIK3CA->-PTEN,2,1,13.000000,13,4.562741e-01,
PIK3CA->-PTEN TP53->-PIK3CA TP53->-PTEN,3,3,2.000000,2,4.391719e-01,
PIK3CA->-PTEN PIK3CA->-TP53 TP53->-PTEN,3,3,6.000000,6,1.007863e-03,
PIK3CA->-RICTOR,2,1,12.000000,12,2.195150e-04,
MEN1->-GATA3,2,1,12.000000,12,2.441406e-04,
TP53->-NSD1,2,1,12.000000,12,1.895789e-03,
PTEN->-TP53,2,1,12.000000,12,9.997658e-01,
PIK3CA->-SPEN,2,1,12.000000,12,5.256792e-02,
PIK3CA->-ATR,2,1,12.000000,12,2.083685e-02,
APC->-KMT2D APC->-MGA MGA->-KMT2D PIK3CA->-APC PIK3CA->-KMT2D PIK3CA->-MGA PIK3CA->-TP53 TP53->-APC TP53->-KMT2D TP53->-MGA,5,10,2.000000,2,3.970899e-04,
APC->-ATR APC->-CARD11 APC->-MGA CARD11->-ATR MGA->-ATR MGA->-CARD11 PIK3CA->-APC PIK3CA->-ATR PIK3CA->-CARD11 PIK3CA->-MGA PIK3CA->-TP53 TP53->-APC TP53->-ATR TP53->-CARD11 TP53->-MGA,6,15,2.000000,2,3.349994e-04,
APC->-ARID2 APC->-MGA MGA->-ARID2 PIK3CA->-APC PIK3CA->-ARID2 PIK3CA->-MGA PIK3CA->-TP53 TP53->-APC TP53->-ARID2 TP53->-MGA,5,10,2.000000,2,3.823170e-04,
PTEN->-PIK3CA,2,1,12.000000,12,6.123041e-01,
PTEN->-PIK3CA TP53->-PIK3CA TP53->-PTEN,3,3,2.000000,2,4.391719e-01,
FOXA1->-PIK3CA,2,1,12.000000,12,9.917299e-01,
CDH1->-FOXA1 CDH1->-PIK3CA FOXA1->-PIK3CA,3,3,3.000000,3,3.620529e-01,
TP53->-STAG2,2,1,12.000000,12,1.213689e-02,
NF1->-TP53,2,1,12.000000,12,9.833888e-01,
NF1->-PIK3CA,2,1,12.000000,12,3.039027e-01,
NF1->-PIK3CA TP53->-NF1 TP53->-PIK3CA,3,3,3.000000,3,2.795943e-01,
NF1->-PIK3CA NF1->-TP53 TP53->-PIK3CA,3,3,4.000000,4,1.008131e-01,
TP53->-FLT4,2,1,12.000000,12,8.962448e-05,
TP53->-APC,2,1,12.000000,12,4.644097e-04,
PIK3CA->-PTPRT,2,1,12.000000,12,5.775834e-03,
TP53->-FOXA1,2,1,11.000000,11,7.959678e-02,
PIK3CA->-FOXA1 TP53->-FOXA1 TP53->-PIK3CA,3,3,3.000000,3,1.348469e-01,
PIK3CA->-FOXA1 PIK3CA->-TP53 TP53->-FOXA1,3,3,2.000000,2,3.953231e-01,
CDH1->-FOXA1 TP53->-CDH1 TP53->-FOXA1,3,3,2.000000,2,1.831028e-01,
PIK3CA->-RB1,2,1,11.000000,11,2.350420e-01,
PIK3CA->-RB1 TP53->-PIK3CA TP53->-RB1,3,3,2.000000,2,3.953231e-01,
PIK3CA->-RB1 PIK3CA->-TP53 TP53->-RB1,3,3,4.000000,4,3.065641e-02,
TP53->-CDKN2A,2,1,11.000000,11,1.260245e-02,
TP53->-PTPRS,2,1,11.000000,11,7.089120e-05,
TP53->-ERBB3,2,1,11.000000,11,5.111100e-05,
TP53->-ATM,2,1,11.000000,11,2.577360e-03,
TP53->-ESR1,2,1,11.000000,11,6.659066e-03,
PIK3CA->-NOTCH4,2,1,11.000000,11,1.095725e-02,
TP53->-NOTCH4,2,1,11.000000,11,4.135532e-05,
PIK3CA->-NOTCH4 PIK3CA->-TP53 TP53->-NOTCH4,3,3,4.000000,4,2.133261e-03,
MAP3K1->-GATA3,2,1,11.000000,11,5.918488e-01,
GATA3->-PIK3CA MAP3K1->-GATA3 MAP3K1->-PIK3CA,3,3,6.000000,6,3.630433e-02,
MAP3K1->-GATA3 PIK3CA->-GATA3 PIK3CA->-MAP3K1,3,3,2.000000,2,7.681947e-01,
TP53->-TBX3,2,1,11.000000,11,1.422613e-01,
PIK3CA->-ATM,2,1,11.000000,11,2.446992e-01,
PIK3CA->-ATM PIK3CA->-TP53 TP53->-ATM,3,3,3.000000,3,6.712623e-02,
TP53->-ALK,2,1,11.000000,11,7.554977e-04,
TP53->-MED12,2,1,11.000000,11,3.016605e-03,
CDH1->-CBFB,2,1,11.000000,11,2.751334e-01,
CBFB->-PIK3CA CDH1->-CBFB CDH1->-PIK3CA,3,3,5.000000,5,8.950062e-03,
TP53->-FBXW7,2,1,11.000000,11,5.271047e-03,
TP53->-SETD2,2,1,11.000000,11,1.302083e-04,
PIK3CA->-NF1,2,1,10.000000,10,6.340882e-01,
PIK3CA->-NF1 TP53->-NF1 TP53->-PIK3CA,3,3,3.000000,3,2.795943e-01,
PIK3CA->-NF1 PIK3CA->-TP53 TP53->-NF1,3,3,2.000000,2,5.733327e-01,
CDH1->-PTEN,2,1,10.000000,10,3.415072e-01,
TP53->-ATRX,2,1,10.000000,10,1.520925e-03,
PIK3CA->-MAP2K4,2,1,10.000000,10,9.194818e-01,
TP53->-CARD11,2,1,10.000000,10,5.085237e-03,
TP53->-NOTCH2,2,1,10.000000,10,1.889881e-03,
TP53->-EP300,2,1,10.000000,10,1.069885e-02,
GATA3->-ARID1A,2,1,10.000000,10,4.699876e-01,
GATA3->-ARID1A PIK3CA->-ARID1A PIK3CA->-GATA3,3,3,2.000000,2,3.132266e-01,
GATA3->-ARID1A GATA3->-PIK3CA PIK3CA->-ARID1A,3,3,3.000000,3,8.810072e-02,
TP53->-MAP2K4,2,1,10.000000,10,2.161441e-01,
ESR1->-GATA3,2,1,10.000000,10,3.611153e-01,
ESR1->-GATA3 PIK3CA->-ESR1 PIK3CA->-GATA3,3,3,3.000000,3,1.336530e-01,
CDH1->-GATA3,2,1,10.000000,10,1.037354e-02,
CDH1->-GATA3 CDH1->-PIK3CA PIK3CA->-GATA3,3,3,3.000000,3,9.905006e-02,
CDH1->-GATA3 PIK3CA->-CDH1 PIK3CA->-GATA3,3,3,2.000000,2,3.321180e-01,
CDH1->-ESR1 CDH1->-GATA3 ESR1->-GATA3,3,3,3.000000,3,4.629630e-03,
CDH1->-ESR1 CDH1->-GATA3 CDH1->-PIK3CA ESR1->-GATA3 PIK3CA->-ESR1 PIK3CA->-GATA3,4,6,2.000000,2,1.736111e-03,
GATA3->-MAP3K1,2,1,10.000000,10,7.431070e-01,
GATA3->-MAP3K1 GATA3->-PIK3CA MAP3K1->-PIK3CA,3,3,3.000000,3,5.067184e-01,
GATA3->-MAP3K1 GATA3->-PIK3CA PIK3CA->-MAP3K1,3,3,4.000000,4,2.652701e-01,
ERBB2->-CDH1,2,1,10.000000,10,9.690788e-01,
TP53->-ARID1B,2,1,10.000000,10,3.697024e-02,
ERBB2->-PIK3CA,2,1,10.000000,10,3.514956e-01,
CDH1->-ERBB2 CDH1->-PIK3CA ERBB2->-PIK3CA,3,3,5.000000,5,1.954538e-02,
TP53->-ARID5B,2,1,10.000000,10,4.598174e-04,
TP53->-EPHA5,2,1,10.000000,10,1.351094e-02,
TP53->-PTPRT,2,1,10.000000,10,2.352759e-03,
PIK3CA->-PTPRT TP53->-PIK3CA TP53->-PTPRT,3,3,3.000000,3,8.170013e-02,
PIK3CA->-PTPRT PIK3CA->-TP53 TP53->-PTPRT,3,3,4.000000,4,1.448267e-02,
TP53->-BARD1,2,1,10.000000,10,1.391369e-04,
PIK3CA->-KMT2A,2,1,10.000000,10,6.592230e-02,
PIK3CA->-KMT2A TP53->-KMT2A TP53->-PIK3CA,3,3,3.000000,3,2.391975e-02,
ATM->-PIK3CA,2,1,9.000000,9,5.836607e-01,
ATM->-PIK3CA TP53->-ATM TP53->-PIK3CA,3,3,2.000000,2,2.703088e-01,
KMT2C->-GATA3,2,1,9.000000,9,2.672954e-01,
KMT2C->-MAP3K1,2,1,9.000000,9,5.010295e-01,
KMT2C->-MAP3K1 PIK3CA->-KMT2C PIK3CA->-MAP3K1,3,3,4.000000,4,1.483852e-01,
KMT2C->-MAP3K1 KMT2C->-PIK3CA MAP3K1->-PIK3CA,3,3,3.000000,3,3.557767e-01,
TP53->-EPHB1,2,1,9.000000,9,1.726974e-03,
ARID1A->-GATA3,2,1,9.000000,9,6.465661e-01,
ARID1A->-GATA3 ARID1A->-PIK3CA PIK3CA->-GATA3,3,3,2.000000,2,3.132266e-01,
AKT1->-CDH1,2,1,9.000000,9,4.155887e-01,
AKT1->-CDH1 AKT1->-TP53 CDH1->-TP53,3,3,2.000000,2,1.281936e-01,
TP53->-TSC2,2,1,9.000000,9,6.454346e-03,
TP53->-ROS1,2,1,9.000000,9,3.362630e-02,
CDH1->-MAP2K4,2,1,9.000000,9,4.193584e-02,
CDH1->-MAP2K4 CDH1->-PIK3CA MAP2K4->-PIK3CA,3,3,2.000000,2,2.518691e-01,
CDH1->-MAP2K4 PIK3CA->-CDH1 PIK3CA->-MAP2K4,3,3,2.000000,2,2.518691e-01,
CDH1->-MAP2K4 CDH1->-TP53 TP53->-MAP2K4,3,3,2.000000,2,6.786012e-02,
CDH1->-CDK12 CDH1->-TP53 TP53->-CDK12,3,3,2.000000,2,1.105019e-02,
PTEN->-NF1,2,1,9.000000,9,2.616573e-02,
PTEN->-NF1 TP53->-NF1 TP53->-PTEN,3,3,5.000000,5,6.045177e-03,
PTEN->-NF1 PTEN->-TP53 TP53->-NF1,3,3,3.000000,3,1.476916e-01,
PIK3CA->-CREBBP,2,1,9.000000,9,2.119696e-01,
PIK3CA->-CREBBP TP53->-CREBBP TP53->-PIK3CA,3,3,2.000000,2,1.757960e-01,
PIK3CA->-PLK2 TP53->-PIK3CA TP53->-PLK2,3,3,2.000000,2,5.698220e-02,
AKT1->-GATA3,2,1,9.000000,9,1.871486e-02,
TP53->-ANKRD11,2,1,9.000000,9,7.866837e-04,
TP53->-ZFHX3,2,1,9.000000,9,2.974229e-02,
PIK3CA->-FLT4,2,1,9.000000,9,5.876360e-02,
PIK3CA->-FLT4 PIK3CA->-TP53 TP53->-FLT4,3,3,2.000000,2,1.292110e-01,
TP53->-ERCC5,2,1,9.000000,9,7.426698e-04,
TP53->-SF3B1,2,1,9.000000,9,1.692708e-03,
PIK3CA->-SF3B1 TP53->-PIK3CA TP53->-SF3B1,3,3,2.000000,2,2.632245e-01,
PIK3CA->-SF3B1 PIK3CA->-TP53 TP53->-SF3B1,3,3,4.000000,4,8.701989e-03,
PIK3CA->-MED12,2,1,9.000000,9,3.663695e-02,
PIK3CA->-MED12 TP53->-MED12 TP53->-PIK3CA,3,3,2.000000,2,1.300327e-01,
PIK3CA->-MED12 PIK3CA->-TP53 TP53->-MED12,3,3,2.000000,2,1.300327e-01,
PIK3CA->-POLE,2,1,9.000000,9,3.958333e-03,
TP53->-POLE,2,1,9.000000,9,6.696429e-04,
PIK3CA->-POLE PIK3CA->-TP53 TP53->-POLE,3,3,5.000000,5,2.357682e-04,
TP53->-TET2,2,1,9.000000,9,6.989538e-04,
TP53->-SPEN,2,1,9.000000,9,6.946999e-02,
PIK3CA->-SPEN PIK3CA->-TP53 TP53->-SPEN,3,3,3.000000,3,1.850665e-02,
FOXA1->-MAP3K1,2,1,8.000000,8,1.291405e-01,
FOXA1->-MAP3K1 PIK3CA->-FOXA1 PIK3CA->-MAP3K1,3,3,3.000000,3,1.504755e-01,
CDH1->-FOXA1 CDH1->-MAP3K1 CDH1->-PIK3CA FOXA1->-MAP3K1 PIK3CA->-FOXA1 PIK3CA->-MAP3K1,4,6,2.000000,2,5.063657e-03,
FOXA1->-MAP3K1 FOXA1->-PIK3CA PIK3CA->-MAP3K1,3,3,2.000000,2,4.176496e-01,
FOXA1->-MAP3K1 TP53->-FOXA1 TP53->-MAP3K1,3,3,4.000000,4,1.362835e-03,
MAP3K1->-KMT2C,2,1,8.000000,8,6.805909e-01,
MAP3K1->-KMT2C MAP3K1->-PIK3CA PIK3CA->-KMT2C,3,3,3.000000,3,3.557767e-01,
MAP3K1->-KMT2C PIK3CA->-KMT2C PIK3CA->-MAP3K1,3,3,2.000000,2,6.475752e-01,
KMT2C->-PIK3CA MAP3K1->-KMT2C MAP3K1->-PIK3CA,3,3,2.000000,2,6.475752e-01,
PIK3CA->-ERBB2,2,1,8.000000,8,7.131389e-01,
CDH1->-ERBB2 CDH1->-PIK3CA PIK3CA->-ERBB2,3,3,4.000000,4,8.116578e-02,
PIK3CA->-ZFHX3,2,1,8.000000,8,2.872313e-01,
PIK3CA->-ARID2,2,1,8.000000,8,1.411133e-01,
PIK3CA->-ARID2 PIK3CA->-TP53 TP53->-ARID2,3,3,4.000000,4,5.486968e-03,
TP53->-RICTOR,2,1,8.000000,8,3.548499e-03,
PIK3CA->-RICTOR TP53->-PIK3CA TP53->-RICTOR,3,3,2.000000,2,5.478097e-02,
ATR-/-PIK3CA ATR-/-RICTOR PIK3CA-/-RFWD2 PIK3CA->-RICTOR RFWD2-/-RICTOR RFWD2->-ATR,4,6,2.000000,2,2.088663e-05,
PTEN->-KMT2C,2,1,8.000000,8,2.096079e-02,
PTEN->-KMT2C TP53->-KMT2C TP53->-PTEN,3,3,2.000000,2,8.854167e-02,
MEN1->-PIK3CA,2,1,8.000000,8,1.397564e-01,
CDH1->-AKT1,2,1,8.000000,8,6.077804e-01,
CDH1->-BRCA2,2,1,8.000000,8,1.173420e-01,
CDH1->-BRCA2 TP53->-BRCA2 TP53->-CDH1,3,3,2.000000,2,5.092593e-02,
TBX3->-CDH1,2,1,8.000000,8,9.824430e-01,
CDH1->-PIK3CA TBX3->-CDH1 TBX3->-PIK3CA,3,3,4.000000,4,1.825229e-01,
PTEN->-CDH1,2,1,8.000000,8,7.039689e-01,
CDH1->-TP53 PTEN->-CDH1 PTEN->-TP53,3,3,2.000000,2,6.461176e-02,
PIK3CA->-PTPRS,2,1,8.000000,8,1.168737e-01,
PIK3CA->-PTPRS PIK3CA->-TP53 TP53->-PTPRS,3,3,3.000000,3,1.708783e-02,
PIK3CA->-PTPRD,2,1,8.000000,8,4.127754e-03,
PIK3CA->-PTCH1,2,1,8.000000,8,1.090920e-02,
PIK3CA->-DICER1,2,1,8.000000,8,5.153217e-03,
NCOR1->-TP53,2,1,8.000000,8,9.796950e-01,
NCOR1->-TP53 PIK3CA->-NCOR1 PIK3CA->-TP53,3,3,2.000000,2,4.111615e-01,
CDH1->-NCOR1 CDH1->-TP53 NCOR1->-TP53,3,3,2.000000,2,3.694350e-01,
PTEN->-MAP3K1,2,1,8.000000,8,7.075404e-02,
PTEN->-MAP3K1 TP53->-MAP3K1 TP53->-PTEN,3,3,2.000000,2,1.319444e-01,
MAP3K1->-PIK3CA PTEN->-MAP3K1 PTEN->-PIK3CA,3,3,2.000000,2,4.444444e-02,
CDH1->-MAP3K1 CDH1->-NF1 NF1->-MAP3K1 PTEN->-CDH1 PTEN->-MAP3K1 PTEN->-NF1,4,6,2.000000,2,1.478909e-03,
PIK3CA->-CDKN1B,2,1,8.000000,8,6.205699e-01,
RUNX1->-PIK3CA,2,1,8.000000,8,9.880136e-01,
CDH1->-CREBBP,2,1,8.000000,8,4.969032e-02,
CDH1->-CREBBP CDH1->-PIK3CA PIK3CA->-CREBBP,3,3,4.000000,4,1.562243e-02,
RB1->-TP53,2,1,8.000000,8,9.923218e-01,
KMT2C->-TP53,2,1,8.000000,8,9.993639e-01,
CTCF->-PIK3CA,2,1,8.000000,8,7.193080e-02,
TP53->-BAP1,2,1,8.000000,8,1.268371e-02,
RUNX1->-CDH1,2,1,8.000000,8,9.339622e-01,
CDH1->-PIK3CA RUNX1->-CDH1 RUNX1->-PIK3CA,3,3,2.000000,2,5.964604e-01,
PIK3CA->-CDH1 RUNX1->-CDH1 RUNX1->-PIK3CA,3,3,2.000000,2,5.964604e-01,
CBFB->-MAP3K1,2,1,8.000000,8,5.468750e-02,
CBFB->-MAP3K1 CBFB->-PIK3CA MAP3K1->-PIK3CA,3,3,6.000000,6,4.411723e-04,
CBFB->-GATA3 CBFB->-MAP3K1 MAP3K1->-GATA3,3,3,2.000000,2,1.319444e-01,
CDH1->-NF1,2,1,8.000000,8,2.391078e-01,
CDH1->-NF1 CDH1->-PIK3CA PIK3CA->-NF1,3,3,3.000000,3,1.327478e-01,
PIK3CA->-MGA,2,1,8.000000,8,4.107587e-01,
CDH1->-PTPRD,2,1,8.000000,8,1.017584e-02,
CDH1->-PTPRD CDH1->-TP53 TP53->-PTPRD,3,3,3.000000,3,3.405022e-02,
CDH1->-PTPRD TP53->-CDH1 TP53->-PTPRD,3,3,2.000000,2,1.881039e-01,
CDH1->-PIK3CA CDH1->-PTPRD PIK3CA->-PTPRD,3,3,2.000000,2,1.105796e-01,
CDH1->-PTPRD PIK3CA->-CDH1 PIK3CA->-PTPRD,3,3,2.000000,2,1.105796e-01,
CDH1->-APC,2,1,8.000000,8,3.593474e-03,
TP53->-BRCA1,2,1,8.000000,8,1.915429e-02,
ESR1->-ARID1A,2,1,7.000000,7,8.381310e-02,
ESR1->-ARID1A PIK3CA->-ARID1A PIK3CA->-ESR1,3,3,3.000000,3,7.833168e-03,
TP53->-DNMT1,2,1,7.000000,7,2.343750e-03,
CDH1->-KMT2D,2,1,7.000000,7,2.138790e-02,
CDH1->-KMT2D CDH1->-PIK3CA PIK3CA->-KMT2D,3,3,2.000000,2,2.498074e-01,
CDH1->-KMT2D PIK3CA->-CDH1 PIK3CA->-KMT2D,3,3,2.000000,2,2.498074e-01,
CDH1->-EPHB1,2,1,7.000000,7,5.213033e-03,
CDH1->-EPHB1 CDH1->-TP53 TP53->-EPHB1,3,3,3.000000,3,3.683398e-03,
PIK3CA->-BRCA2,2,1,7.000000,7,1.668724e-01,
CDH1->-BRCA2 CDH1->-PIK3CA CDH1->-TBX3 PIK3CA->-BRCA2 TBX3->-BRCA2 TBX3->-PIK3CA,4,6,2.000000,2,8.585165e-04,
PIK3CA->-DNMT3A,2,1,7.000000,7,2.090297e-02,
CDH1->-PTPRS,2,1,7.000000,7,4.277253e-03,
CDH1->-PTPRS CDH1->-TP53 TP53->-PTPRS,3,3,2.000000,2,2.210039e-02,
TP53->-MDC1,2,1,7.000000,7,4.260826e-02,
PIK3CA->-PLK2,2,1,7.000000,7,3.592507e-03,
GATA3->-SPEN,2,1,7.000000,7,2.674353e-01,
ATM->-GATA3,2,1,7.000000,7,2.365057e-02,
ATM->-GATA3 ATM->-PIK3CA GATA3->-PIK3CA,3,3,2.000000,2,3.549383e-02,
MAP3K1->-ARID1A,2,1,7.000000,7,1.224674e-01,
MAP3K1->-ARID1A MAP3K1->-PIK3CA PIK3CA->-ARID1A,3,3,3.000000,3,1.181020e-01,
GATA3->-ARID1A MAP3K1->-ARID1A MAP3K1->-GATA3,3,3,3.000000,3,4.629630e-03,
GATA3->-ARID1A GATA3->-PIK3CA MAP3K1->-ARID1A MAP3K1->-GATA3 MAP3K1->-PIK3CA PIK3CA->-ARID1A,4,6,2.000000,2,5.063657e-03,
PIK3CA->-RAD50,2,1,7.000000,7,3.879074e-02,
CDH1->-FAT1,2,1,7.000000,7,3.033028e-02,
CDH1->-FAT1 CDH1->-PIK3CA PIK3CA->-FAT1,3,3,2.000000,2,1.219022e-01,
TP53->-PIK3CG,2,1,7.000000,7,7.109257e-03,
TP53->-DDR2,2,1,7.000000,7,1.885182e-02,
CDH1->-ERBB3,2,1,7.000000,7,5.376420e-02,
CDH1->-SPEN,2,1,7.000000,7,1.830859e-01,
CDH1->-PIK3CA CDH1->-SPEN PIK3CA->-SPEN,3,3,2.000000,2,7.407407e-02,
PTEN->-SF3B1,2,1,7.000000,7,8.984375e-02,
PIK3CA->-SF3B1 PTEN->-PIK3CA PTEN->-SF3B1,3,3,2.000000,2,1.319444e-01,
PTEN->-SF3B1 TP53->-PTEN TP53->-SF3B1,3,3,2.000000,2,2.777778e-02,
NCOR1->-GATA3,2,1,7.000000,7,2.173682e-02,
TP53->-PIK3C2G,2,1,7.000000,7,1.750000e-03,
PTEN->-PIK3R1,2,1,7.000000,7,2.562933e-02,
PTEN->-PIK3R1 TP53->-PIK3R1 TP53->-PTEN,3,3,4.000000,4,3.106461e-04,
TP53->-KDM6A,2,1,7.000000,7,5.576550e-02,
TP53->-SOX17,2,1,7.000000,7,1.271495e-02,
GATA3->-ESR1,2,1,7.000000,7,8.568970e-01,
MAP3K1->-TBX3,2,1,7.000000,7,1.106094e-01,
MAP3K1->-PIK3CA MAP3K1->-TBX3 PIK3CA->-TBX3,3,3,3.000000,3,5.845826e-02,
TP53->-GRIN2A,2,1,7.000000,7,2.893519e-03,
CBFB->-CDH1,2,1,7.000000,7,8.942284e-01,
CBFB->-CDH1 CBFB->-PIK3CA CDH1->-PIK3CA,3,3,2.000000,2,4.573412e-01,
TP53->-MGA,2,1,7.000000,7,2.280093e-02,
PIK3CA->-MGA TP53->-MGA TP53->-PIK3CA,3,3,4.000000,4,7.139132e-03,
MAP2K4->-TP53,2,1,7.000000,7,7.510941e-01,
MAP2K4->-TP53 PIK3CA->-MAP2K4 PIK3CA->-TP53,3,3,2.000000,2,2.215297e-01,
CDH1->-SETD2,2,1,7.000000,7,6.250000e-03,
BRCA1->-SETD2 CDH1->-BRCA1 CDH1->-SETD2 TP53->-BRCA1 TP53->-CDH1 TP53->-SETD2,4,6,2.000000,2,1.736111e-03,
PIK3CA->-MDC1,2,1,7.000000,7,1.144899e-01,
PIK3CA->-MDC1 PIK3CA->-TP53 TP53->-MDC1,3,3,3.000000,3,2.981844e-02,
TP53->-INSR,2,1,7.000000,7,1.262442e-02,
CDH1->-KMT2A,2,1,7.000000,7,3.495519e-02,
TP53->-BCOR,2,1,7.000000,7,4.201389e-03,
RB1->-PIK3CA,2,1,7.000000,7,8.776855e-01,
TP53->-NOTCH1,2,1,7.000000,7,2.365079e-02,
TP53->-PALB2,2,1,7.000000,7,2.242496e-02,
TP53->-PDGFRA,2,1,7.000000,7,1.391602e-02,
PIK3CA->-EPHA5,2,1,7.000000,7,1.743304e-02,
PIK3CA->-EPHA5 TP53->-EPHA5 TP53->-PIK3CA,3,3,3.000000,3,1.658951e-02,
CDKN1B->-PIK3CA,2,1,7.000000,7,7.874139e-01,
MAP2K4->-GATA3,2,1,7.000000,7,5.880842e-02,
MAP2K4->-GATA3 MAP2K4->-PIK3CA PIK3CA->-GATA3,3,3,2.000000,2,4.347718e-02,
PIK3CA->-BCOR,2,1,7.000000,7,1.294833e-01,
PIK3CA->-BCOR PIK3CA->-PTEN PIK3CA->-TP53 PTEN->-BCOR TP53->-BCOR TP53->-PTEN,4,6,2.000000,2,1.736111e-03,
NOTCH1->-PIK3CA,2,1,6.000000,6,4.583786e-01,
PIK3CA->-ATRX,2,1,6.000000,6,2.539062e-01,
PIK3CA->-CARD11,2,1,6.000000,6,4.093137e-02,
PIK3CA->-IGF1R,2,1,6.000000,6,3.187500e-02,
GATA3->-TP53,2,1,6.000000,6,9.951523e-01,
TP53->-DOT1L,2,1,6.000000,6,2.481061e-02,
TP53->-PIK3CB,2,1,6.000000,6,8.035714e-03,
TP53->-PAK7,2,1,6.000000,6,3.208333e-03,
PIK3CA->-EPHB1,2,1,6.000000,6,5.096372e-02,
PIK3CA->-EPHB1 TP53->-EPHB1 TP53->-PIK3CA,3,3,2.000000,2,1.319444e-01,
PIK3CA->-EPHB1 PIK3CA->-TP53 TP53->-EPHB1,3,3,2.000000,2,1.319444e-01,
ATRX->-EPHB1 PIK3CA->-ATRX PIK3CA->-EPHB1,3,3,2.000000,2,2.777778e-02,
HNF1A->-EPHB1,2,1,2.000000,2,2.500000e-01,
CDH1->-EPHB1 CDH1->-PIK3CA PIK3CA->-EPHB1,3,3,3.000000,3,1.099773e-02,
PIK3CA->-NSD1,2,1,6.000000,6,2.239955e-01,
ARID1A->-KMT2C,2,1,6.000000,6,5.352239e-01,
ARID1A->-KMT2C ARID1A->-NCOR1 KMT2C->-NCOR1 PIK3CA->-ARID1A PIK3CA->-KMT2C PIK3CA->-NCOR1,4,6,2.000000,2,5.063657e-03,
ARID1A->-KMT2C CDH1->-ARID1A CDH1->-KMT2C,3,3,2.000000,2,5.588624e-02,
CDH1->-FOXA1 CDH1->-KMT2C FOXA1->-KMT2C,3,3,2.000000,2,7.407407e-02,
ARID1A->-KMT2C ARID1A->-PIK3CA PIK3CA->-KMT2C,3,3,2.000000,2,3.697406e-01,
STK11->-PIK3CA,2,1,6.000000,6,2.299358e-01,
PIK3CA->-TET1,2,1,6.000000,6,1.129688e-01,
PIK3CA->-HIST1H1C,2,1,6.000000,6,5.312500e-02,
CDH1->-RICTOR,2,1,6.000000,6,1.106322e-02,
CDH1->-PIK3CA CDH1->-RICTOR PIK3CA->-RICTOR,3,3,3.000000,3,1.012868e-02,
AKT1->-MAP3K1,2,1,6.000000,6,2.829861e-02,
ZFHX3->-PIK3CA,2,1,6.000000,6,6.969998e-01,
PIK3CA->-MTOR,2,1,6.000000,6,7.250024e-02,
MAP3K1->-TP53,2,1,6.000000,6,9.986376e-01,
MAP3K1->-ERBB3,2,1,6.000000,6,2.725133e-02,
PIK3CA->-EP300,2,1,6.000000,6,2.167889e-01,
PIK3CA->-ROS1,2,1,6.000000,6,2.315238e-01,
TP53->-MTOR,2,1,6.000000,6,7.058656e-02,
PIK3CA->-MTOR PIK3CA->-TP53 TP53->-MTOR,3,3,2.000000,2,2.296509e-02,
PIK3CA->-NUP93,2,1,6.000000,6,4.910714e-02,
PIK3CA->-ERBB3,2,1,6.000000,6,3.640469e-01,
PIK3CA->-ERBB3 TP53->-ERBB3 TP53->-PIK3CA,3,3,2.000000,2,6.887212e-02,
MAP3K1->-ERBB3 MAP3K1->-PIK3CA PIK3CA->-ERBB3,3,3,2.000000,2,1.692954e-01,
GATA3->-KMT2C,2,1,6.000000,6,8.243275e-01,
TBX3->-TP53,2,1,6.000000,6,9.071124e-01,
TBX3->-PIK3CA TBX3->-TP53 TP53->-PIK3CA,3,3,2.000000,2,2.680087e-01,
PIK3CA->-TP53 TBX3->-PIK3CA TBX3->-TP53,3,3,2.000000,2,2.680087e-01,
TP53->-HNF1A,2,1,6.000000,6,7.469599e-02,
TP53->-JAK3,2,1,6.000000,6,2.678227e-02,
TP53->-KDM5A,2,1,6.000000,6,9.210526e-03,
CDH1->-ATRX,2,1,6.000000,6,3.976974e-02,
CDH1->-ATRX CDH1->-PIK3CA PIK3CA->-ATRX,3,3,3.000000,3,1.620370e-02,
TP53->-MAP3K13,2,1,6.000000,6,2.113729e-02,
TP53->-STK11,2,1,6.000000,6,4.101344e-02,
TP53->-RECQL4,2,1,6.000000,6,5.118766e-02,
PIK3CA->-PIK3C2G,2,1,6.000000,6,5.821181e-02,
PIK3CA->-PIK3C2G PIK3CA->-TP53 TP53->-PIK3C2G,3,3,2.000000,2,9.747942e-02,
PIK3CA->-AR,2,1,6.000000,6,1.966346e-01,
TP53->-TP63,2,1,6.000000,6,9.300595e-03,
TP53->-IGF1R,2,1,6.000000,6,2.187500e-02,
PIK3CA->-IGF1R TP53->-IGF1R TP53->-PIK3CA,3,3,3.000000,3,1.157407e-03,
MGA->-PIK3CA,2,1,6.000000,6,7.926499e-01,
KMT2C->-NCOR1,2,1,6.000000,6,1.147017e-01,
KMT2C->-NCOR1 PIK3CA->-KMT2C PIK3CA->-NCOR1,3,3,4.000000,4,3.343621e-03,
CDH1->-KMT2C CDH1->-NCOR1 KMT2C->-NCOR1,3,3,3.000000,3,3.549383e-02,
KMT2C->-NCOR1 KMT2C->-TP53 TP53->-NCOR1,3,3,2.000000,2,9.617003e-02,
PIK3CA->-STAG2,2,1,6.000000,6,5.394599e-01,
PIK3CA->-STAG2 TP53->-PIK3CA TP53->-STAG2,3,3,2.000000,2,6.770168e-02,
CDH1->-PIK3CA CDH1->-STAG2 PIK3CA->-STAG2,3,3,2.000000,2,1.105796e-01,
PIK3CA->-NOTCH1,2,1,6.000000,6,4.583786e-01,
PIK3CA->-NOTCH1 TP53->-NOTCH1 TP53->-PIK3CA,3,3,2.000000,2,6.394676e-02,
CDH1->-RB1,2,1,6.000000,6,7.710648e-02,
CDH1->-RB1 CDH1->-TP53 TP53->-RB1,3,3,2.000000,2,1.126543e-01,
CDH1->-RB1 TP53->-CDH1 TP53->-RB1,3,3,2.000000,2,1.126543e-01,
PIK3CA->-BRCA1,2,1,6.000000,6,1.546457e-01,
PIK3CA->-BRCA1 PIK3CA->-TP53 TP53->-BRCA1,3,3,2.000000,2,6.218998e-02,
PIK3CA->-CIC,2,1,6.000000,6,1.547619e-02,
PIK3CA->-MST1R,2,1,6.000000,6,5.729167e-03,
TP53->-DNMT3A,2,1,6.000000,6,9.696608e-02,
TP53->-KDR,2,1,6.000000,6,1.205408e-01,
PIK3CA->-FGFR2,2,1,6.000000,6,6.250000e-02,
GATA3->-CDKN1B,2,1,6.000000,6,1.562500e-02,
CDKN1B->-PIK3CA GATA3->-CDKN1B GATA3->-PIK3CA,3,3,2.000000,2,1.319444e-01,
CBFB->-TP53,2,1,6.000000,6,1.235677e-01,
CBFB->-PIK3CA CBFB->-TP53 TP53->-PIK3CA,3,3,3.000000,3,3.549383e-02,
CDH1->-PTCH1,2,1,6.000000,6,5.906851e-02,
CDH1->-PIK3CA CDH1->-PTCH1 PIK3CA->-PTCH1,3,3,2.000000,2,1.219022e-01,
TP53->-RPTOR,2,1,6.000000,6,1.689113e-02,
PIK3CA->-BAP1,2,1,6.000000,6,6.250000e-02,
PIK3CA->-BAP1 PIK3CA->-TP53 TP53->-BAP1,3,3,2.000000,2,2.777778e-02,
ESR1->-CDH1,2,1,6.000000,6,9.665817e-01,
PTEN->-ARID1A,2,1,6.000000,6,2.875000e-02,
PIK3CA->-KDR,2,1,6.000000,6,8.402787e-02,
PIK3CA->-KDR TP53->-KDR TP53->-PIK3CA,3,3,2.000000,2,2.183442e-01,
PIK3CA->-KDR PIK3CA->-TP53 TP53->-KDR,3,3,3.000000,3,4.489146e-02,
PIK3CA->-ARID5B,2,1,6.000000,6,9.381648e-02,
PIK3CA->-ARID5B TP53->-ARID5B TP53->-PIK3CA,3,3,2.000000,2,9.481566e-02,
ANKRD11->-ARID5B,2,1,2.000000,2,1.896552e-01,
PIK3CA->-ARID5B PIK3CA->-TP53 TP53->-ARID5B,3,3,2.000000,2,9.481566e-02,
TP53->-NBN,2,1,6.000000,6,1.085069e-02,
PIK3CA->-CBFB,2,1,6.000000,6,9.999980e-01,
TP53->-RAD50,2,1,6.000000,6,3.245221e-02,
PIK3CA->-RAD50 TP53->-PIK3CA TP53->-RAD50,3,3,2.000000,2,5.393033e-02,
PIK3CA->-RAD50 PIK3CA->-TP53 TP53->-RAD50,3,3,2.000000,2,5.393033e-02,
TP53->-NOTCH3,2,1,6.000000,6,3.455343e-02,
KMT2C->-FAT1,2,1,6.000000,6,1.785287e-01,
KMT2C->-FAT1 PIK3CA->-FAT1 PIK3CA->-KMT2C,3,3,2.000000,2,2.211156e-01,
PIK3CA->-APC,2,1,6.000000,6,3.096894e-01,
PIK3CA->-APC PIK3CA->-TP53 TP53->-APC,3,3,4.000000,4,2.057613e-03,
APC->-NCOR1 CDH1->-APC CDH1->-NCOR1 CDH1->-PIK3CA PIK3CA->-APC PIK3CA->-NCOR1,4,6,2.000000,2,1.636905e-03,
ESR1->-FAT1,2,1,5.000000,5,7.563121e-02,
ESR1->-FAT1 PIK3CA->-ESR1 PIK3CA->-FAT1,3,3,2.000000,2,6.746032e-02,
MEN1->-KMT2C,2,1,5.000000,5,7.752634e-02,
KMT2C->-GATA3 MEN1->-GATA3 MEN1->-KMT2C,3,3,2.000000,2,2.777778e-02,
KMT2C->-BRCA2,2,1,5.000000,5,2.759261e-01,
KMT2C->-BRCA2 TP53->-BRCA2 TP53->-KMT2C,3,3,2.000000,2,4.189815e-02,
TP53->-RAF1,2,1,5.000000,5,1.204902e-02,
PTEN->-RUNX1,2,1,5.000000,5,2.025463e-02,
PIK3CA->-EZH2,2,1,5.000000,5,1.562500e-02,
TP53->-TSC1,2,1,5.000000,5,1.481779e-01,
CDH1->-NSD1,2,1,5.000000,5,2.902422e-02,
CDH1->-NSD1 CDH1->-TP53 TP53->-NSD1,3,3,2.000000,2,2.777778e-02,
CDH1->-FOXA1 CDH1->-NSD1 CDH1->-PIK3CA NSD1->-FOXA1 PIK3CA->-FOXA1 PIK3CA->-NSD1,4,6,2.000000,2,1.736111e-03,
PIK3CA->-GLI1,2,1,5.000000,5,1.382212e-02,
CBFB->-AKT1,2,1,5.000000,5,3.145435e-01,
PIK3CA->-ANKRD11,2,1,5.000000,5,4.217374e-01,
PIK3CA->-ANKRD11 TP53->-ANKRD11 TP53->-PIK3CA,3,3,2.000000,2,9.446426e-02,
CHEK2->-PIK3CA,2,1,5.000000,5,1.093750e-01,
STAG2->-PIK3CA,2,1,5.000000,5,7.523572e-01,
PIK3CA->-EGFR,2,1,5.000000,5,6.458333e-02,
GATA3->-EGFR,2,1,5.000000,5,3.125000e-02,
GATA3->-EGFR GATA3->-PIK3CA PIK3CA->-EGFR,3,3,2.000000,2,2.777778e-02,
PIK3CA->-ALK,2,1,5.000000,5,2.253056e-01,
TP53->-KIT,2,1,5.000000,5,9.031199e-03,
PIK3CA->-BRIP1,2,1,5.000000,5,5.443122e-02,
KDM5C->-PIK3CA,2,1,5.000000,5,5.268880e-01,
ZFHX3->-CDH1,2,1,5.000000,5,1.212587e-01,
CDH1->-PIK3CA ZFHX3->-CDH1 ZFHX3->-PIK3CA,3,3,4.000000,4,2.516902e-03,
ARID1A->-GRIN2A,2,1,5.000000,5,9.472222e-03,
TP53->-EPHA7,2,1,5.000000,5,6.190883e-02,
SPEN->-PIK3CA,2,1,5.000000,5,9.615633e-01,
TP53->-BRD4,2,1,5.000000,5,4.420332e-02,
PIK3CA->-NOTCH3,2,1,5.000000,5,1.527778e-01,
TP53->-HIST1H3B,2,1,5.000000,5,4.227260e-02,
TP53->-TCF7L2,2,1,5.000000,5,2.230392e-02,
TP53->-PLK2,2,1,5.000000,5,2.370690e-02,
PIK3CA->-RFWD2,2,1,5.000000,5,2.354954e-01,
ESR1->-MAP3K1,2,1,5.000000,5,5.315505e-01,
ESR1->-MAP3K1 PIK3CA->-ESR1 PIK3CA->-MAP3K1,3,3,2.000000,2,2.799694e-01,
MEN1->-ARID1A,2,1,5.000000,5,2.380952e-02,
KMT2C->-ARID1A,2,1,5.000000,5,7.492005e-01,
KMT2C->-ARID1A PIK3CA->-ARID1A PIK3CA->-KMT2C,3,3,2.000000,2,3.697406e-01,
KMT2C->-ARID1A KMT2C->-PIK3CA PIK3CA->-ARID1A,3,3,2.000000,2,3.697406e-01,
GATA3->-ARID1A KMT2C->-ARID1A KMT2C->-GATA3,3,3,2.000000,2,2.777778e-02,
KMT2C->-ARID1A MEN1->-ARID1A MEN1->-KMT2C,3,3,2.000000,2,7.407407e-02,
GATA3->-FLT3,2,1,5.000000,5,1.750283e-02,
KMT2C->-CDH1,2,1,5.000000,5,9.998972e-01,
TP53->-INPP4B,2,1,5.000000,5,4.673051e-02,
TP53->-ARAF,2,1,5.000000,5,4.972994e-02,
TP53->-MET,2,1,5.000000,5,1.219697e-02,
TP53->-TERT,2,1,5.000000,5,1.873327e-01,
PIK3CA->-DNMT1,2,1,5.000000,5,1.894231e-02,
CREBBP->-PIK3CA,2,1,5.000000,5,8.957494e-01,
PTEN->-GATA3,2,1,5.000000,5,2.815394e-01,
PTEN->-GATA3 TP53->-GATA3 TP53->-PTEN,3,3,2.000000,2,1.289683e-02,
CDH1->-AR,2,1,5.000000,5,9.048764e-02,
TP53->-FGFR4,2,1,5.000000,5,1.174242e-02,
NCOR1->-MED12,2,1,5.000000,5,2.176339e-02,
NCOR1->-MED12 TP53->-MED12 TP53->-NCOR1,3,3,3.000000,3,8.460589e-03,
NCOR1->-MED12 NCOR1->-PIK3CA PIK3CA->-MED12,3,3,2.000000,2,6.498016e-02,
NF1->-PIK3R1,2,1,5.000000,5,1.898742e-01,
NF1->-PIK3R1 TP53->-NF1 TP53->-PIK3R1,3,3,2.000000,2,9.608910e-02,
NF1->-PIK3R1 PTEN->-NF1 PTEN->-PIK3R1,3,3,2.000000,2,1.179962e-01,
TP53->-AXIN2,2,1,5.000000,5,1.312500e-02,
CREBBP->-KMT2C,2,1,5.000000,5,5.932803e-02,
CREBBP->-KMT2C TP53->-CREBBP TP53->-KMT2C,3,3,2.000000,2,3.725243e-02,
CREBBP->-KMT2C PIK3CA->-CREBBP PIK3CA->-KMT2C,3,3,3.000000,3,2.191306e-02,
CDH1->-CREBBP CDH1->-KMT2C CDH1->-PIK3CA CREBBP->-KMT2C PIK3CA->-CREBBP PIK3CA->-KMT2C,4,6,2.000000,2,5.537479e-03,
ARID1A->-CREBBP ARID1A->-KMT2C CREBBP->-KMT2C,3,3,2.000000,2,1.686508e-02,
KMT2C->-TBX3,2,1,5.000000,5,4.172312e-01,
CDH1->-STAG2,2,1,5.000000,5,2.370690e-02,
PIK3CA->-TET2,2,1,5.000000,5,4.166832e-01,
TP53->-PBRM1,2,1,5.000000,5,2.145539e-01,
TP53->-ERBB2,2,1,5.000000,5,5.373226e-01,
CDH1->-ERBB2 CDH1->-TP53 TP53->-ERBB2,3,3,2.000000,2,2.384966e-01,
CDH1->-IKZF1,2,1,5.000000,5,1.875000e-02,
TP53->-POLD1,2,1,5.000000,5,1.531250e-02,
SPEN->-GATA3,2,1,5.000000,5,7.065042e-01,
CDH1->-RFWD2,2,1,5.000000,5,1.722243e-01,
CDH1->-PIK3CA CDH1->-RFWD2 PIK3CA->-RFWD2,3,3,2.000000,2,1.481779e-01,
CDH1->-MED12,2,1,5.000000,5,9.506306e-02,
CDH1->-MED12 PIK3CA->-CDH1 PIK3CA->-MED12,3,3,2.000000,2,1.746091e-01,
GATA3->-TBX3,2,1,5.000000,5,1.685439e-01,
GATA3->-PIK3CA GATA3->-TBX3 TBX3->-PIK3CA,3,3,2.000000,2,1.922784e-01,
GATA3->-PIK3CA GATA3->-TBX3 PIK3CA->-TBX3,3,3,2.000000,2,1.922784e-01,
GATA3->-TBX3 MAP3K1->-GATA3 MAP3K1->-TBX3,3,3,2.000000,2,1.236772e-01,
PIK3CA->-TERT,2,1,5.000000,5,2.319444e-02,
PIK3R1->-TP53,2,1,5.000000,5,9.797282e-01,
ERBB2->-KMT2C,2,1,5.000000,5,1.659483e-01,
CDH1->-ERBB2 CDH1->-KMT2C ERBB2->-KMT2C,3,3,2.000000,2,1.725061e-01,
CDH1->-KMT2C ERBB2->-CDH1 ERBB2->-KMT2C,3,3,2.000000,2,1.725061e-01,
KMT2C->-PARP1 TP53->-KMT2C TP53->-PARP1,3,3,2.000000,2,1.752265e-02,
ERBB2->-KMT2C ERBB2->-PARP1 ERBB2->-PIK3CA KMT2C->-PARP1 PIK3CA->-KMT2C PIK3CA->-PARP1,4,6,2.000000,2,9.247418e-04,
TP53->-XPO1,2,1,5.000000,5,5.369433e-02,
PIK3CA->-GRIN2A,2,1,5.000000,5,1.527778e-01,
MAP3K1->-NOTCH4,2,1,5.000000,5,2.576754e-02,
MAP3K1->-NOTCH4 MAP3K1->-PIK3CA PIK3CA->-NOTCH4,3,3,2.000000,2,1.149237e-01,
MAP3K1->-NOTCH4 PIK3CA->-MAP3K1 PIK3CA->-NOTCH4,3,3,2.000000,2,1.149237e-01,
MAP3K1->-TRAF2 PIK3CA->-MAP3K1 PIK3CA->-TRAF2,3,3,2.000000,2,6.045752e-02,
NOTCH4->-PTPRT PIK3CA->-NOTCH4 PIK3CA->-PTPRT,3,3,2.000000,2,1.960784e-02,
MAP3K1->-NOTCH4 MAP3K1->-PTPRT NOTCH4->-PTPRT TP53->-MAP3K1 TP53->-NOTCH4 TP53->-PTPRT,4,6,2.000000,2,1.066481e-03,
PIK3CA->-SETD2,2,1,5.000000,5,5.488990e-01,
ARID1A->-PIK3CA ARID1A->-SETD2 CDH1->-ARID1A CDH1->-PIK3CA CDH1->-SETD2 PIK3CA->-SETD2,4,6,2.000000,2,5.063657e-03,
FOXA1->-GATA3,2,1,5.000000,5,4.908854e-01,
FOXA1->-GATA3 FOXA1->-PIK3CA GATA3->-PIK3CA,3,3,2.000000,2,2.632245e-01,
FOXA1->-GATA3 FOXA1->-MAP3K1 MAP3K1->-GATA3,3,3,2.000000,2,1.319444e-01,
CDH1->-RAD50,2,1,5.000000,5,2.201837e-02,
CDH1->-PIK3CA CDH1->-RAD50 PIK3CA->-RAD50,3,3,2.000000,2,5.698220e-02,
CDH1->-RAD50 TP53->-CDH1 TP53->-RAD50,3,3,2.000000,2,1.752265e-02,
PIK3CA->-PARP1,2,1,5.000000,5,5.385114e-02,
TP53->-PARP1,2,1,5.000000,5,2.054598e-02,
PIK3CA->-PARP1 PIK3CA->-TP53 TP53->-PARP1,3,3,2.000000,2,5.698220e-02,
TP53->-PTCH1,2,1,5.000000,5,1.364867e-01,
PIK3CA->-PTCH1 PIK3CA->-TP53 TP53->-PTCH1,3,3,2.000000,2,1.219022e-01,
ERBB2->-TP53,2,1,5.000000,5,5.373226e-01,
AKT1->-NOTCH2,2,1,5.000000,5,1.015873e-02,
TP53->-BRIP1,2,1,5.000000,5,8.924162e-03,
PIK3CA->-PAK7,2,1,5.000000,5,5.177083e-02,
ERBB2->-RUNX1,2,1,5.000000,5,1.875000e-01,
CDH1->-ERBB2 CDH1->-RUNX1 ERBB2->-RUNX1,3,3,2.000000,2,1.480195e-01,
TP53->-CEBPA,2,1,5.000000,5,3.125000e-02,
NCOR1->-RUNX1,2,1,5.000000,5,3.632812e-01,
NCOR1->-RUNX1 PIK3CA->-NCOR1 PIK3CA->-RUNX1,3,3,2.000000,2,2.632245e-01,
NCOR1->-PIK3CA NCOR1->-RUNX1 PIK3CA->-RUNX1,3,3,2.000000,2,2.632245e-01,
ARID2->-GATA3,2,1,5.000000,5,1.796875e-01,
ARID2->-ARID1A,2,1,5.000000,5,3.091947e-01,
ARID2->-ARID1A TP53->-ARID1A TP53->-ARID2,3,3,2.000000,2,7.407407e-02,
EPHA5->-ARID1A,2,1,2.000000,2,5.000000e-01,
TP53->-JAK1,2,1,5.000000,5,3.053096e-01,
NCOR1->-CDH1,2,1,5.000000,5,9.935323e-01,
NCOR1->-CDH1 TP53->-CDH1 TP53->-NCOR1,3,3,2.000000,2,3.694350e-01,
CDH1->-RUNX1 NCOR1->-CDH1 NCOR1->-RUNX1,3,3,2.000000,2,1.319444e-01,
KMT2D->-PIK3CA,2,1,5.000000,5,9.900279e-01,
CDH1->-KMT2D CDH1->-PIK3CA KMT2D->-PIK3CA,3,3,2.000000,2,2.498074e-01,
PTEN->-GRIN2A,2,1,5.000000,5,1.467803e-02,
ARID1A->-GRIN2A PTEN->-ARID1A PTEN->-GRIN2A,3,3,2.000000,2,7.575758e-03,
PTEN->-BRCA2,2,1,2.000000,2,3.242424e-01,
PIK3CA->-GRIN2A PTEN->-GRIN2A PTEN->-PIK3CA,3,3,2.000000,2,7.407407e-02,
PIK3CA->-SMAD4,2,1,5.000000,5,2.948082e-01,
MAP2K4->-PTEN,2,1,5.000000,5,3.205592e-01,
TP53->-GLI1,2,1,5.000000,5,1.240079e-02,
TP53->-CIC,2,1,5.000000,5,1.072049e-01,
PIK3CA->-CIC TP53->-CIC TP53->-PIK3CA,3,3,2.000000,2,7.407407e-02,
TP53->-IRF4,2,1,5.000000,5,8.333333e-03,
TP53->-SMARCA4,2,1,5.000000,5,1.875000e-01,
TP53->-TRAF2,2,1,5.000000,5,2.147295e-02,
PIK3CA->-KRAS,2,1,5.000000,5,2.906789e-01,
PIK3CA->-BLM,2,1,5.000000,5,8.720895e-02,
TP53->-PIK3R2,2,1,5.000000,5,2.083333e-02,
PIK3CA->-ERCC4,2,1,5.000000,5,4.507212e-02,
ARID1A->-IKZF1,2,1,5.000000,5,2.291667e-02,
ARID1A->-IKZF1 ARID1A->-PIK3CA CDH1->-ARID1A CDH1->-IKZF1 CDH1->-PIK3CA IKZF1->-PIK3CA,4,6,2.000000,2,1.736111e-03,
AKT1->-KMT2C,2,1,5.000000,5,2.526042e-01,
AKT1->-KMT2C AKT1->-TP53 TP53->-KMT2C,3,3,2.000000,2,3.935185e-02,
RUNX1->-TP53,2,1,5.000000,5,9.805493e-01,
PTPRS->-PIK3CA,2,1,5.000000,5,6.970160e-01,
PTPRS->-PIK3CA TP53->-PIK3CA TP53->-PTPRS,3,3,2.000000,2,1.306718e-01,
CDH1->-PIK3CA CDH1->-PTPRS PTPRS->-PIK3CA,3,3,2.000000,2,3.935185e-02,
TP53->-TET1,2,1,5.000000,5,1.093750e-01,
TP53->-ERBB4,2,1,5.000000,5,3.953348e-02,
CBFB->-NCOR1,2,1,5.000000,5,2.916667e-02,
CBFB->-NCOR1 CBFB->-PIK3CA NCOR1->-PIK3CA,3,3,2.000000,2,1.319444e-01,
CBFB->-NCOR1 CBFB->-TP53 TP53->-NCOR1,3,3,2.000000,2,1.203704e-01,
CDH1->-DNMT1,2,1,5.000000,5,3.125000e-02,
CDH1->-DNMT1 CDH1->-PIK3CA PIK3CA->-DNMT1,3,3,2.000000,2,2.777778e-02,
CDH1->-XPO1,2,1,5.000000,5,3.125000e-02,
MAP3K1->-NCOR1,2,1,5.000000,5,5.192171e-01,
MAP3K1->-NCOR1 MAP3K1->-PIK3CA NCOR1->-PIK3CA,3,3,2.000000,2,2.799694e-01,
ARID1B->-PIK3CA,2,1,5.000000,5,2.617780e-01,
ARID1B->-PIK3CA TP53->-ARID1B TP53->-PIK3CA,3,3,2.000000,2,1.125139e-01,
AKT1->-MAP2K4,2,1,5.000000,5,1.056548e-01,
ERBB2->-TBX3,2,1,5.000000,5,3.091947e-01,
CDH1->-TBX3 ERBB2->-CDH1 ERBB2->-TBX3,3,3,2.000000,2,1.962449e-01,
GPS2->-PIK3CA,2,1,5.000000,5,2.818341e-01,
FAT1->-PIK3CA,2,1,4.000000,4,9.997283e-01,
TET1->-FAT1,2,1,4.000000,4,3.437500e-01,
PIK3CA->-FAT1 PIK3CA->-TET1 TET1->-FAT1,3,3,2.000000,2,1.319444e-01,
PIK3CA->-FAT1 PIK3CA->-RB1 RB1->-FAT1,3,3,2.000000,2,1.319444e-01,
NCOR1->-FAT1 NCOR1->-TET1 TET1->-FAT1,3,3,2.000000,2,2.777778e-02,
TET1->-FAT1 TP53->-FAT1 TP53->-TET1,3,3,2.000000,2,7.407407e-02,
ARID1A->-FAT1,2,1,4.000000,4,2.191496e-01,
FAT1->-RICTOR,2,1,4.000000,4,1.597222e-01,
FAT1->-PIK3CA FAT1->-RICTOR PIK3CA->-RICTOR,3,3,2.000000,2,1.054205e-01,
SETD2->-PIK3CA,2,1,4.000000,4,7.772572e-01,
CDH1->-PIK3CA CDH1->-SETD2 SETD2->-PIK3CA,3,3,2.000000,2,1.673097e-01,
TET1->-ARID1A,2,1,4.000000,4,1.541667e-01,
ARID1A->-FAT1 TET1->-ARID1A TET1->-FAT1,3,3,2.000000,2,2.777778e-02,
CDH1->-SMO,2,1,4.000000,4,2.408320e-02,
TP53->-RBM10,2,1,4.000000,4,2.170139e-02,
KMT2A->-GATA3,2,1,4.000000,4,1.875000e-01,
TP53->-CDK8,2,1,4.000000,4,1.156327e-01,
TP53->-EZH2,2,1,4.000000,4,1.875000e-01,
PIK3CA->-EZH2 PIK3CA->-TP53 TP53->-EZH2,3,3,2.000000,2,7.407407e-02,
FOXA1->-KMT2C,2,1,4.000000,4,2.298689e-01,
FOXA1->-KMT2C PIK3CA->-FOXA1 PIK3CA->-KMT2C,3,3,3.000000,3,2.314815e-02,
FOXA1->-KMT2C TP53->-FOXA1 TP53->-KMT2C,3,3,2.000000,2,4.545455e-02,
GATA3->-PIK3R2,2,1,4.000000,4,3.869048e-02,
GATA3->-PIK3R2 TP53->-GATA3 TP53->-PIK3R2,3,3,2.000000,2,2.777778e-02,
CBFB->-ARID1A,2,1,4.000000,4,1.331019e-01,
NCOR1->-RB1,2,1,4.000000,4,2.869318e-01,
NCOR1->-PIK3CA NCOR1->-RB1 PIK3CA->-RB1,3,3,2.000000,2,7.407407e-02,
PIK3CA->-FOXP1,2,1,4.000000,4,4.687500e-01,
CDH1->-ALK,2,1,4.000000,4,3.888889e-02,
CDH1->-ALK CDH1->-PIK3CA PIK3CA->-ALK,3,3,2.000000,2,2.222222e-02,
CDH1->-ALK CDH1->-FOXA1 FOXA1->-ALK,3,3,2.000000,2,2.222222e-02,
TP53->-IKZF1,2,1,4.000000,4,9.491213e-02,
PIK3CA->-BARD1,2,1,4.000000,4,2.304679e-01,
PIK3CA->-BARD1 TP53->-BARD1 TP53->-PIK3CA,3,3,2.000000,2,6.840514e-02,
PIK3CA->-HIST1H3I,2,1,4.000000,4,1.710165e-01,
CDH1->-EGFR,2,1,4.000000,4,1.500000e-01,
CDH1->-EGFR CDH1->-PIK3CA PIK3CA->-EGFR,3,3,3.000000,3,1.851852e-03,
CDH1->-MTOR,2,1,4.000000,4,4.538690e-01,
CDH1->-MTOR CDH1->-PIK3CA PIK3CA->-MTOR,3,3,2.000000,2,9.741119e-02,
CDH1->-KDR,2,1,4.000000,4,5.836397e-02,
SPEN->-ARID2,2,1,4.000000,4,4.464286e-02,
SPEN->-ARID2 TP53->-ARID2 TP53->-SPEN,3,3,3.000000,3,1.851852e-03,
PIK3CA->-ARID2 PIK3CA->-SPEN PIK3CA->-TP53 SPEN->-ARID2 TP53->-ARID2 TP53->-SPEN,4,6,2.000000,2,2.976190e-04,
PIK3CA->-JAK3,2,1,4.000000,4,3.482569e-01,
ARID1A-/-PIK3CA,2,1,4.000000,4,2.933401e-01,
ARID1A-/-PIK3CA CDH1->-ARID1A CDH1->-PIK3CA,3,3,2.000000,2,1.729752e-02,
CDH1->-JAK3,2,1,4.000000,4,3.647368e-02,
CDH1->-JAK3 CDH1->-PIK3CA PIK3CA->-JAK3,3,3,2.000000,2,1.388889e-02,
MAP2K4->-JAK3,2,1,4.000000,4,3.872515e-02,
MAP2K4->-JAK3 TP53->-JAK3 TP53->-MAP2K4,3,3,2.000000,2,1.933784e-02,
CDH1->-JAK3 CDH1->-MAP2K4 MAP2K4->-JAK3,3,3,2.000000,2,1.105019e-02,
CARD11->-ATR TP53->-ATR TP53->-CARD11,3,3,4.000000,4,9.025697e-04,
ERBB3->-PIK3CA,2,1,4.000000,4,8.105016e-01,
ERBB3->-PIK3CA MAP3K1->-ERBB3 MAP3K1->-PIK3CA,3,3,3.000000,3,2.740900e-02,
EPHA7->-PIK3CA,2,1,4.000000,4,1.276691e-01,
EPHA7->-PIK3CA TP53->-EPHA7 TP53->-PIK3CA,3,3,2.000000,2,1.142940e-02,
TP53->-RFWD2,2,1,4.000000,4,2.322727e-01,
NF1->-KMT2C,2,1,4.000000,4,3.326211e-01,
TP53->-AR,2,1,4.000000,4,1.348214e-01,
PIK3CA->-AR PIK3CA->-TP53 TP53->-AR,3,3,2.000000,2,4.629630e-02,
FOXA1->-KMT2D,2,1,4.000000,4,1.696429e-01,
PIK3CA->-CDKN2A,2,1,4.000000,4,1.168981e-01,
PIK3CA->-CDKN2A TP53->-CDKN2A TP53->-PIK3CA,3,3,2.000000,2,6.218998e-02,
STAG2->-GATA3,2,1,4.000000,4,1.755952e-01,
MEN1->-SPEN,2,1,4.000000,4,6.250000e-02,
GATA3->-SPEN MEN1->-GATA3 MEN1->-SPEN,3,3,2.000000,2,7.407407e-02,
KMT2C->-ERBB3,2,1,4.000000,4,2.339286e-01,
GATA3->-ERBB3,2,1,4.000000,4,1.183036e-01,
GATA3->-ERBB3 PIK3CA->-ERBB3 PIK3CA->-GATA3,3,3,2.000000,2,4.017857e-02,
RECQL4->-PIK3CA,2,1,4.000000,4,3.767317e-01,
SMARCA4->-PIK3CA,2,1,4.000000,4,5.908310e-01,
PIK3CA->-IRS1,2,1,4.000000,4,3.580214e-01,
KMT2C->-ESR1,2,1,4.000000,4,1.000000e-01,
BRCA2->-PIK3CA,2,1,4.000000,4,8.076985e-01,
PTEN->-ATRX,2,1,4.000000,4,1.730263e-01,
PTEN->-ATRX TP53->-ATRX TP53->-PTEN,3,3,2.000000,2,1.201166e-01,
PTEN->-TBX3,2,1,4.000000,4,5.526316e-02,
TP53->-SDHB,2,1,4.000000,4,3.990671e-01,
TP53->-PIM1,2,1,4.000000,4,2.904541e-02,
TP53->-MAP2K1,2,1,4.000000,4,4.484954e-02,
CDH1->-CTCF,2,1,4.000000,4,1.517857e-01,
MAP3K1->-ESR1,2,1,4.000000,4,7.647236e-01,
ESR1->-PIK3CA MAP3K1->-ESR1 MAP3K1->-PIK3CA,3,3,2.000000,2,2.799694e-01,
TP53->-AXIN1,2,1,4.000000,4,1.100000e-01,
TP53->-IRS2,2,1,4.000000,4,1.883165e-01,
TP53->-RASA1,2,1,4.000000,4,1.875000e-01,
PIK3CA->-PIK3CG,2,1,4.000000,4,3.755105e-01,
FOXA1->-TP53,2,1,4.000000,4,9.848930e-01,
PIK3CA->-HNF1A,2,1,4.000000,4,1.382692e-01,
TP53->-PRDM1,2,1,4.000000,4,4.583333e-02,
TP53->-IFNGR1,2,1,4.000000,4,4.305556e-02,
NF1->-MAP3K1,2,1,4.000000,4,3.326211e-01,
NF1->-MAP3K1 TP53->-MAP3K1 TP53->-NF1,3,3,3.000000,3,1.620370e-02,
NF1->-MAP3K1 PTEN->-MAP3K1 PTEN->-NF1,3,3,3.000000,3,4.115226e-03,
NF1->-MED12,2,1,4.000000,4,1.785969e-01,
NF1->-MED12 TP53->-MED12 TP53->-NF1,3,3,2.000000,2,7.407407e-02,
ATR->-NCOR1,2,1,4.000000,4,6.250000e-02,
ATR->-NCOR1 TP53->-ATR TP53->-NCOR1,3,3,2.000000,2,2.777778e-02,
ATR->-NCOR1 PIK3CA->-ATR PIK3CA->-NCOR1,3,3,2.000000,2,2.777778e-02,
ATR->-EP300 PIK3CA->-ATR PIK3CA->-EP300,3,3,2.000000,2,2.777778e-02,
NCOR1->-MAP3K1,2,1,4.000000,4,7.558457e-01,
NCOR1->-MAP3K1 TP53->-MAP3K1 TP53->-NCOR1,3,3,2.000000,2,9.617003e-02,
MAP3K1->-PIK3CA NCOR1->-MAP3K1 NCOR1->-PIK3CA,3,3,2.000000,2,2.799694e-01,
PTEN->-ATR,2,1,4.000000,4,6.250000e-02,
PTEN->-ATR TP53->-ATR TP53->-PTEN,3,3,3.000000,3,4.629630e-03,
PIK3CA->-ATR PIK3CA->-PTEN PTEN->-ATR,3,3,2.000000,2,7.407407e-02,
MGA->-PTPRT,2,1,2.000000,2,2.500000e-01,
MGA->-ATR MGA->-PTEN PTEN->-ATR,3,3,2.000000,2,2.777778e-02,
MAP3K1->-NSD1,2,1,4.000000,4,4.888711e-01,
MAP3K1->-NSD1 TP53->-MAP3K1 TP53->-NSD1,3,3,2.000000,2,7.407407e-02,
CDH1->-MAP3K1 CDH1->-NSD1 MAP3K1->-NSD1,3,3,2.000000,2,1.255144e-01,
TP53->-CTCF,2,1,4.000000,4,2.528125e-01,
ARID1A->-CDH1,2,1,4.000000,4,9.986803e-01,
ARID1A->-CDH1 ARID1A->-PIK3CA CDH1->-PIK3CA,3,3,2.000000,2,6.770369e-01,
CDH1->-RASA1,2,1,4.000000,4,1.564722e-01,
BRCA2->-KMT2C,2,1,4.000000,4,5.367670e-01,
TBX3->-KMT2C,2,1,4.000000,4,6.774749e-01,
TBX3->-KMT2C TP53->-KMT2C TP53->-TBX3,3,3,2.000000,2,4.545455e-02,
TP53->-REL,2,1,4.000000,4,6.250000e-02,
TP53->-TRAF7,2,1,4.000000,4,1.458333e-01,
GATA3->-POLE,2,1,4.000000,4,1.929705e-01,
PTEN->-ARID1B,2,1,4.000000,4,1.752483e-01,
CDH1->-RHOA,2,1,4.000000,4,2.959184e-01,
CDH1->-PAK7,2,1,4.000000,4,4.583333e-02,
CDH1->-PAK7 CDH1->-TP53 TP53->-PAK7,3,3,2.000000,2,5.092593e-02,
CDH1->-PAK7 CDH1->-PIK3CA PIK3CA->-PAK7,3,3,2.000000,2,7.407407e-02,
PIK3CA->-FGFR4,2,1,4.000000,4,5.100093e-01,
CDH1->-FGFR4,2,1,4.000000,4,1.166667e-01,
GATA3->-NSD1,2,1,4.000000,4,5.833333e-02,
MAP3K1->-CDH1,2,1,4.000000,4,9.996079e-01,
MAP3K1->-CDH1 MAP3K1->-PIK3CA PIK3CA->-CDH1,3,3,2.000000,2,7.193540e-01,
GATA3->-MED12,2,1,4.000000,4,5.158730e-02,
PIK3CA->-TSHR,2,1,4.000000,4,2.083333e-02,
TP53->-GATA2,2,1,4.000000,4,1.875000e-01,
TP53->-GSK3B,2,1,4.000000,4,2.777778e-02,
ARID1A->-FLT3,2,1,4.000000,4,1.398810e-01,
PIK3CA-/-TP53,2,1,4.000000,4,9.999643e-01,
CDH1->-PIK3CA CDH1->-TP53 PIK3CA-/-TP53,3,3,2.000000,2,4.081743e-02,
FOXA1->-CDH1,2,1,4.000000,4,9.995901e-01,
PIK3CA->-PMS1,2,1,4.000000,4,6.250000e-02,
MAP3K1->-FOXA1,2,1,4.000000,4,8.879850e-01,
MAP3K1->-FOXA1 MAP3K1->-PIK3CA PIK3CA->-FOXA1,3,3,3.000000,3,1.504755e-01,
MAP3K1->-ARID2,2,1,4.000000,4,3.777473e-02,
MAP3K1->-DICER1,2,1,4.000000,4,3.788462e-02,
GATA3->-RICTOR,2,1,4.000000,4,1.240741e-01,
BRCA1->-RICTOR GATA3->-BRCA1 GATA3->-PIK3CA GATA3->-RICTOR PIK3CA->-BRCA1 PIK3CA->-RICTOR,4,6,2.000000,2,1.226301e-03,
GATA3->-RICTOR TP53->-GATA3 TP53->-RICTOR,3,3,2.000000,2,1.289683e-02,
NF1->-CDH1,2,1,4.000000,4,9.379025e-01,
CDH1->-PIK3CA NF1->-CDH1 NF1->-PIK3CA,3,3,2.000000,2,3.895295e-01,
NF1->-ERBB3,2,1,4.000000,4,6.250000e-02,
NF1->-ERBB3 NF1->-TP53 TP53->-ERBB3,3,3,2.000000,2,7.407407e-02,
ERBB2->-ERBB3,2,1,4.000000,4,3.777473e-02,
CDH1->-ERBB3 ERBB2->-CDH1 ERBB2->-ERBB3,3,3,2.000000,2,7.407407e-02,
TP53->-DAXX,2,1,4.000000,4,2.634100e-02,
CDH1->-JAK2,2,1,4.000000,4,6.250000e-02,
PIK3CA->-INSR,2,1,4.000000,4,1.612103e-01,
PIK3CA->-INSR PIK3CA->-TP53 TP53->-INSR,3,3,2.000000,2,5.092593e-02,
ERBB2->-FOXA1,2,1,4.000000,4,3.168155e-01,
MAP3K1->-CDKN1B,2,1,4.000000,4,3.700767e-01,
TP53->-JUN,2,1,4.000000,4,6.250000e-02,
CDH1->-JUN,2,1,4.000000,4,6.190476e-02,
TP53->-FGFR2,2,1,4.000000,4,4.166667e-02,
PIK3CA->-YES1,2,1,4.000000,4,3.318966e-02,
MAP2K4->-NCOR1,2,1,4.000000,4,6.354167e-01,
GATA3->-PDGFRA,2,1,4.000000,4,1.819444e-01,
PIK3CA->-DNMT3B,2,1,4.000000,4,1.875000e-01,
CDH1->-DNMT3B,2,1,4.000000,4,6.250000e-02,
CDH1->-DNMT3B CDH1->-PIK3CA PIK3CA->-DNMT3B,3,3,2.000000,2,2.777778e-02,
CDH1->-POLE,2,1,4.000000,4,1.625000e-01,
KMT2C->-PARP1,2,1,4.000000,4,4.403674e-02,
TP53->-JAK2,2,1,4.000000,4,1.746557e-01,
CDH1->-JAK2 TP53->-CDH1 TP53->-JAK2,3,3,2.000000,2,2.777778e-02,
KMT2C->-PTCH1,2,1,4.000000,4,2.059746e-01,
CDH1->-KMT2A CDH1->-KMT2C CDH1->-PTCH1 KMT2C->-KMT2A KMT2C->-PTCH1 PTCH1->-KMT2A,4,6,2.000000,2,1.659518e-03,
PIK3CA->-PIK3CB,2,1,4.000000,4,2.459077e-01,
PIK3CA->-PIK3CB PIK3CA->-TP53 TP53->-PIK3CB,3,3,2.000000,2,1.752137e-02,
MDC1->-PIK3CB PIK3CA->-MDC1 PIK3CA->-PIK3CB,3,3,2.000000,2,1.752137e-02,
SPOP->-PIK3CA,2,1,4.000000,4,1.666667e-01,
CDH1->-SMAD4,2,1,4.000000,4,4.099901e-01,
CDH1->-PIK3CA CDH1->-SMAD4 PIK3CA->-SMAD4,3,3,2.000000,2,5.804044e-02,
RUNX1->-FOXA1,2,1,4.000000,4,2.527778e-01,
PIK3CA->-FOXA1 PIK3CA->-RUNX1 RUNX1->-FOXA1,3,3,2.000000,2,5.092593e-02,
CDH1->-FOXA1 CDH1->-RUNX1 RUNX1->-FOXA1,3,3,2.000000,2,1.480195e-01,
PIK3CA->-INPP4A,2,1,4.000000,4,1.875000e-01,
CDH1->-TET2,2,1,4.000000,4,6.190476e-02,
CDH1->-NOTCH4,2,1,4.000000,4,6.204044e-02,
CDH1->-NOTCH4 CDH1->-PIK3CA PIK3CA->-NOTCH4,3,3,2.000000,2,7.407407e-02,
RB1->-KMT2C,2,1,4.000000,4,2.434659e-01,
RB1->-KMT2C TP53->-KMT2C TP53->-RB1,3,3,2.000000,2,7.171792e-02,
AKT2->-KMT2C TP53->-AKT2 TP53->-KMT2C,3,3,2.000000,2,2.777778e-02,
KMT2C->-PIK3CA RB1->-KMT2C RB1->-PIK3CA,3,3,2.000000,2,7.407407e-02,
NF1->-FOXA1,2,1,4.000000,4,6.250000e-02,
NF1->-FOXA1 NF1->-PIK3CA PIK3CA->-FOXA1,3,3,2.000000,2,7.407407e-02,
NF1->-FOXA1 TP53->-FOXA1 TP53->-NF1,3,3,2.000000,2,7.407407e-02,
PTEN->-SETD2,2,1,4.000000,4,1.048077e-01,
CDH1->-DNMT3A,2,1,4.000000,4,1.573276e-01,
CDH1->-DNMT3A CDH1->-PIK3CA PIK3CA->-DNMT3A,3,3,2.000000,2,5.698220e-02,
CDH1->-DNMT3A TP53->-CDH1 TP53->-DNMT3A,3,3,2.000000,2,1.752265e-02,
NCOR1->-MAP2K4,2,1,4.000000,4,6.354167e-01,
MAP2K4->-PIK3CA NCOR1->-MAP2K4 NCOR1->-PIK3CA,3,3,2.000000,2,1.302910e-01,
TP53->-EGFR,2,1,4.000000,4,1.750000e-02,
SOX9->-PTCH1,2,1,4.000000,4,6.250000e-02,
APC->-KMT2D,2,1,4.000000,4,1.875000e-01,
APC->-KMT2D TP53->-APC TP53->-KMT2D,3,3,3.000000,3,1.620370e-02,
JAK1->-PIK3CA,2,1,4.000000,4,4.278846e-01,
TP53->-EPCAM,2,1,4.000000,4,1.470486e-01,
CDH1->-ANKRD11,2,1,4.000000,4,2.663793e-01,
PIK3CA->-MSH6,2,1,4.000000,4,3.437500e-01,
TP53->-KLF4,2,1,4.000000,4,2.651042e-01,
TBX3->-RUNX1,2,1,4.000000,4,3.437500e-01,
CDH1->-PARP1,2,1,4.000000,4,1.143449e-01,
CDH1->-KMT2C CDH1->-PARP1 KMT2C->-PARP1,3,3,2.000000,2,5.259781e-02,
CDH1->-PARP1 CDH1->-RAD50 RAD50->-PARP1,3,3,2.000000,2,1.557569e-02,
CDH1->-ARID5B,2,1,4.000000,4,4.741379e-02,
CDH1->-ARID5B CDH1->-PIK3CA PIK3CA->-ARID5B,3,3,3.000000,3,1.193074e-02,
KMT2D->-KMT2C,2,1,4.000000,4,4.257506e-01,
KMT2D->-KMT2C TP53->-KMT2C TP53->-KMT2D,3,3,2.000000,2,1.974997e-01,
NF1->-ATM,2,1,4.000000,4,5.357143e-02,
NF1->-ATM NF1->-PIK3CA PIK3CA->-ATM,3,3,2.000000,2,2.777778e-02,
KMT2C->-TSC2,2,1,4.000000,4,2.454939e-01,
TP53->-AURKA,2,1,4.000000,4,2.604167e-02,
TP53->-MSH6,2,1,4.000000,4,1.329545e-01,
PIK3CA->-IKBKE,2,1,4.000000,4,1.875000e-01,
PIK3CA->-PALB2,2,1,4.000000,4,2.786458e-01,
GATA3->-CBFB,2,1,4.000000,4,9.998936e-01,
PIK3CA->-NF2,2,1,4.000000,4,6.159091e-02,
RHOA->-PIK3CA,2,1,4.000000,4,2.555804e-01,
CDH1->-PIK3CA CDH1->-RHOA RHOA->-PIK3CA,3,3,2.000000,2,6.498016e-02,
TP53->-E2F3,2,1,4.000000,4,2.009259e-02,
TP53->-NF2,2,1,4.000000,4,3.162393e-02,
GATA3->-FOXA1,2,1,4.000000,4,7.388021e-01,
GATA3->-FOXA1 PIK3CA->-FOXA1 PIK3CA->-GATA3,3,3,2.000000,2,2.632245e-01,
MGA->-ATR,2,1,4.000000,4,6.250000e-02,
MGA->-ATR MGA->-PIK3CA PIK3CA->-ATR,3,3,2.000000,2,1.319444e-01,
TP53->-SMAD2,2,1,4.000000,4,1.541667e-01,
PIK3CA->-KDM5C,2,1,4.000000,4,7.615885e-01,
PIK3CA->-IKZF1,2,1,4.000000,4,4.811043e-01,
TP53->-CDKN1A,2,1,4.000000,4,1.312500e-01,
GATA3->-SF3B1,2,1,4.000000,4,5.000000e-01,
GATA3->-SF3B1 PIK3CA->-GATA3 PIK3CA->-SF3B1,3,3,2.000000,2,7.407407e-02,
ERBB4->-GATA3,2,1,4.000000,4,1.111111e-01,
FAT1->-ATRX,2,1,3.000000,3,2.907895e-01,
FAT1->-ATRX TP53->-ATRX TP53->-FAT1,3,3,2.000000,2,2.210039e-02,
FAT1->-ATRX PTEN->-ATRX PTEN->-FAT1,3,3,2.000000,2,2.210039e-02,
LATS2->-PIK3CA,2,1,3.000000,3,6.041667e-01,
ARID2->-PIK3CA,2,1,3.000000,3,9.705287e-01,
SETD2->-ARID1A,2,1,3.000000,3,5.000000e-01,
ARID1A->-PIK3CA SETD2->-ARID1A SETD2->-PIK3CA,3,3,2.000000,2,1.962449e-01,
NOTCH1->-PIK3CA SETD2->-NOTCH1 SETD2->-PIK3CA,3,3,2.000000,2,7.407407e-02,
ARID1A->-CARD11,2,1,3.000000,3,3.543956e-01,
ARID2->-CARD11,2,1,3.000000,3,2.383242e-01,
ARID1A->-ARID2,2,1,3.000000,3,8.230168e-01,
ARID1A->-ARID2 ARID1A->-PIK3CA ARID2->-PIK3CA,3,3,2.000000,2,1.319444e-01,
ESR1->-RICTOR,2,1,3.000000,3,4.642857e-01,
ARID1A->-CARD11 ARID2->-ARID1A ARID2->-CARD11,3,3,2.000000,2,4.431217e-02,
FAT1->-SETD2,2,1,3.000000,3,3.125000e-01,
FAT1->-SETD2 TP53->-FAT1 TP53->-SETD2,3,3,2.000000,2,2.777778e-02,
GATA3->-PTEN,2,1,3.000000,3,8.020833e-01,
EP300->-PIK3CA,2,1,3.000000,3,8.908436e-01,
AXL->-PIK3CA,2,1,3.000000,3,5.868056e-01,
NOTCH1->-MAP3K1,2,1,3.000000,3,3.995536e-01,
ATM->-MAP3K1,2,1,3.000000,3,3.579720e-01,
ATM->-MAP3K1 ATM->-PIK3CA MAP3K1->-PIK3CA,3,3,2.000000,2,9.490741e-02,
PIK3CA->-PARK2,2,1,3.000000,3,2.247024e-01,
PIK3CA->-SMO,2,1,3.000000,3,6.413054e-01,
CDH1->-PIK3CA CDH1->-SMO PIK3CA->-SMO,3,3,2.000000,2,5.195555e-02,
KMT2A->-BRCA2,2,1,3.000000,3,2.281250e-01,
TP53->-ASXL1,2,1,3.000000,3,8.333333e-02,
SDHB->-TP53,2,1,3.000000,3,6.913064e-01,
KMT2C->-PTPRD,2,1,3.000000,3,2.672414e-01,
KMT2C->-XPO1,2,1,3.000000,3,1.250000e-01,
MTOR->-XPO1,2,1,3.000000,3,1.250000e-01,
CDK8->-PIK3CA,2,1,3.000000,3,2.214892e-01,
CDK8->-PIK3CA TP53->-CDK8 TP53->-PIK3CA,3,3,2.000000,2,8.796296e-03,
SMO->-PIK3CA,2,1,3.000000,3,6.413054e-01,
ARID1A->-EPHB1,2,1,3.000000,3,1.250000e-01,
ARID1A->-EPHB1 TP53->-ARID1A TP53->-EPHB1,3,3,2.000000,2,2.777778e-02,
MAP3K1->-EPHB1,2,1,3.000000,3,4.553571e-01,
CDH1->-EPHB1 CDH1->-MAP3K1 CDH1->-PIK3CA MAP3K1->-EPHB1 PIK3CA->-EPHB1 PIK3CA->-MAP3K1,4,6,2.000000,2,7.440476e-04,
PIK3CA->-FH,2,1,3.000000,3,2.166667e-01,
CDH1->-DOT1L,2,1,3.000000,3,2.555623e-01,
ARID1A->-FOXA1,2,1,3.000000,3,4.053571e-01,
NSD1->-KMT2C,2,1,3.000000,3,4.866453e-01,
NSD1->-KMT2C PIK3CA->-KMT2C PIK3CA->-NSD1,3,3,2.000000,2,2.777778e-02,
ARID1A->-KMT2C ARID1A->-NSD1 NSD1->-KMT2C,3,3,2.000000,2,2.777778e-02,
DOT1L->-MAP3K1,2,1,3.000000,3,2.076211e-01,
CDH1->-DOT1L CDH1->-MAP3K1 DOT1L->-MAP3K1,3,3,2.000000,2,2.469136e-02,
CDH1->-MAP3K1 CDH1->-NSD1 NSD1->-MAP3K1,3,3,2.000000,2,1.255144e-01,
ARID1A->-MAP3K1,2,1,3.000000,3,9.211943e-01,
NSD1->-MAP3K1,2,1,3.000000,3,7.650908e-01,
MAP3K1->-KMT2C NSD1->-KMT2C NSD1->-MAP3K1,3,3,2.000000,2,6.893004e-02,
CBFB->-EGFR,2,1,3.000000,3,8.333333e-02,
NCOR1->-FAT1,2,1,3.000000,3,2.343750e-01,
STAG2->-FAT1,2,1,3.000000,3,3.125000e-01,
PIK3CA->-RBM10,2,1,3.000000,3,2.750000e-01,
PIK3CA->-ASXL2,2,1,3.000000,3,6.093750e-01,
PIK3CA->-FGFR3,2,1,3.000000,3,4.440247e-01,
PIK3CA->-PDCD1,2,1,3.000000,3,3.125000e-01,
TP53->-CDK12,2,1,3.000000,3,3.788041e-01,
AKT1->-RUNX1,2,1,3.000000,3,9.166667e-02,
PIK3CA->-KIT,2,1,3.000000,3,2.672414e-01,
PIK3CA->-KIT TP53->-KIT TP53->-PIK3CA,3,3,2.000000,2,5.698220e-02,
IKZF1->-PIK3CA,2,1,3.000000,3,7.524853e-01,
CDH1->-FLT1,2,1,3.000000,3,1.250000e-01,
PIK3CA->-SMARCA4,2,1,3.000000,3,8.273180e-01,
PIK3CA->-EIF4A2,2,1,3.000000,3,3.152578e-01,
PIK3CA->-FBXW7,2,1,3.000000,3,5.157007e-01,
PIK3CA->-PDGFRA,2,1,3.000000,3,7.029354e-01,
HIST1H3I->-SMARCA4,2,1,3.000000,3,1.085165e-01,
HIST1H3I->-SMARCA4 PIK3CA->-HIST1H3I PIK3CA->-SMARCA4,3,3,2.000000,2,6.415344e-02,
CDH1->-EPHA7,2,1,3.000000,3,1.240809e-01,
TP53->-SOX2,2,1,3.000000,3,1.250000e-01,
TP53->-LATS1,2,1,3.000000,3,5.000000e-01,
LATS1->-TSC2,2,1,3.000000,3,7.045455e-02,
PIK3CA->-BRD4,2,1,3.000000,3,3.025737e-01,
CDH1->-GRIN2A,2,1,3.000000,3,1.250000e-01,
MAP3K1->-ATR,2,1,3.000000,3,3.446895e-01,
MAP3K1->-PIK3C3,2,1,3.000000,3,3.921569e-02,
MAP3K1->-CARD11,2,1,3.000000,3,5.777311e-02,
MDC1->-PIK3CA,2,1,3.000000,3,9.145634e-01,
PIK3CA-/-RFWD2,2,1,3.000000,3,5.007591e-02,
IRS1->-PIK3CA,2,1,3.000000,3,6.557932e-01,
TP53->-IRS1,2,1,3.000000,3,2.107843e-01,
TP53->-PIK3C3,2,1,3.000000,3,7.851891e-02,
TP53->-GNA11,2,1,3.000000,3,7.373950e-02,
TP53->-RPS6KA4,2,1,3.000000,3,2.155612e-01,
PTEN->-ATM,2,1,3.000000,3,6.494505e-02,
PIK3CA->-ATM PTEN->-ATM PTEN->-PIK3CA,3,3,2.000000,2,1.000000e-02,
TP53->-NTRK3,2,1,3.000000,3,3.125000e-01,
PIK3CA->-AMER1,2,1,3.000000,3,3.619910e-01,
FOXA1->-ESR1,2,1,3.000000,3,4.019274e-01,
CDKN2A->-TP53,2,1,3.000000,3,9.859945e-01,
MAP3K1->-JAK1,2,1,3.000000,3,6.730769e-02,
MEN1->-STAG2,2,1,3.000000,3,9.482759e-02,
GATA3->-NUP93 MEN1->-GATA3 MEN1->-NUP93 MEN1->-STAG2 STAG2->-GATA3 STAG2->-NUP93,4,6,2.000000,2,1.736111e-03,
MEN1->-NUP93 MEN1->-PIK3CA PIK3CA->-NUP93,3,3,2.000000,2,2.777778e-02,
KMT2C->-SPEN,2,1,3.000000,3,6.822917e-01,
ARID1A->-SPEN PIK3CA->-ARID1A PIK3CA->-SPEN,3,3,3.000000,3,1.620370e-02,
ARID1A->-SPEN CDH1->-ARID1A CDH1->-SPEN,3,3,2.000000,2,2.777778e-02,
ARID1A->-SPEN MEN1->-ARID1A MEN1->-SPEN,3,3,2.000000,2,2.777778e-02,
ATM->-SPEN,2,1,3.000000,3,5.222324e-01,
ATM->-GATA3 ATM->-SPEN SPEN->-GATA3,3,3,2.000000,2,3.549383e-02,
MAP3K1->-SPEN,2,1,3.000000,3,3.125000e-01,
GATA3->-SPEN MAP3K1->-GATA3 MAP3K1->-SPEN,3,3,2.000000,2,2.777778e-02,
GATA3->-NUP93,2,1,3.000000,3,1.250000e-01,
GATA3->-NUP93 PIK3CA->-GATA3 PIK3CA->-NUP93,3,3,2.000000,2,7.407407e-02,
KMT2C->-ATM,2,1,3.000000,3,4.944299e-01,
ARID1A->-EGFR,2,1,3.000000,3,1.250000e-01,
ARID1A->-EGFR GATA3->-ARID1A GATA3->-EGFR,3,3,2.000000,2,2.777778e-02,
CHEK2->-ARID1A,2,1,3.000000,3,7.738095e-02,
KMT2C->-AKT1,2,1,3.000000,3,7.812500e-01,
AKT1->-NF1,2,1,3.000000,3,1.190476e-01,
ATM->-KMT2C,2,1,3.000000,3,4.944299e-01,
TSC2->-PIK3CA,2,1,3.000000,3,7.258598e-01,
ROS1->-PIK3CA,2,1,3.000000,3,8.888439e-01,
ROS1->-TP53,2,1,3.000000,3,9.583999e-01,
PIK3CA->-ROS1 PIK3CA->-TP53 ROS1->-TP53,3,3,2.000000,2,1.335438e-01,
KDM5C->-ESR1,2,1,3.000000,3,2.625000e-01,
ANKRD11-/-PIK3CA,2,1,3.000000,3,1.691970e-01,
ANKRD11-/-PIK3CA TP53->-ANKRD11 TP53->-PIK3CA,3,3,2.000000,2,3.290463e-02,
CDH1->-PIK3CG,2,1,3.000000,3,2.907895e-01,
TBX3->-ANKRD11,2,1,3.000000,3,5.000000e-01,
CDH1->-BRCA2 CDH1->-ESR1 ESR1->-BRCA2,3,3,3.000000,3,4.629630e-03,
TBX3->-BRCA2,2,1,3.000000,3,3.546703e-01,
CDH1->-HNF1A,2,1,3.000000,3,1.250000e-01,
GATA3->-ATR,2,1,3.000000,3,8.333333e-02,
PTEN->-FAT1,2,1,3.000000,3,5.110885e-01,
TP53->-FLT3,2,1,3.000000,3,8.842105e-02,
CDH1->-CDK12,2,1,3.000000,3,5.403509e-02,
MAP2K4->-PTPRS,2,1,3.000000,3,1.105263e-01,
PTEN->-PTPRS,2,1,3.000000,3,1.026541e-01,
CDH1->-ACVR1 CDH1->-PTPRS PTEN->-ACVR1 PTEN->-CDH1 PTEN->-PTPRS PTPRS->-ACVR1,4,6,2.000000,2,1.045157e-03,
PTEN->-MAP2K4,2,1,3.000000,3,8.287500e-01,
PTEN->-MAP2K4 PTEN->-TP53 TP53->-MAP2K4,3,3,2.000000,2,9.236416e-02,
PTEN->-JAK3,2,1,3.000000,3,6.699595e-02,
ATRX->-EPHB1,2,1,3.000000,3,1.105263e-01,
ATRX->-EPHB1 TP53->-ATRX TP53->-EPHB1,3,3,2.000000,2,6.461176e-02,
PTEN->-EPHB1,2,1,2.000000,2,2.210526e-01,
ATRX->-EPHB1 CDH1->-ATRX CDH1->-EPHB1,3,3,2.000000,2,2.210039e-02,
TP53->-RHOA,2,1,3.000000,3,3.790179e-01,
ATM->-FAT1,2,1,3.000000,3,2.311508e-01,
ATM->-FAT1 PIK3CA->-ATM PIK3CA->-FAT1 PIK3CA->-TP53 TP53->-ATM TP53->-FAT1,4,6,2.000000,2,3.479112e-03,
GNA11->-FAT1 PIK3CA->-FAT1 PIK3CA->-GNA11 PIK3CA->-TP53 TP53->-FAT1 TP53->-GNA11,4,6,2.000000,2,9.093915e-04,
PIK3CA->-GNA11,2,1,3.000000,3,2.288866e-01,
TP53->-H3F3C,2,1,3.000000,3,6.944444e-02,
TP53->-WT1,2,1,3.000000,3,7.954545e-02,
PIK3CA->-CTCF,2,1,3.000000,3,9.472377e-01,
PIK3CA->-GATA2,2,1,3.000000,3,3.125000e-01,
TP53->-INPP4A,2,1,3.000000,3,8.333333e-02,
STK11->-EP300,2,1,3.000000,3,2.756434e-01,
STK11->-EP300 TP53->-EP300 TP53->-STK11,3,3,2.000000,2,1.023506e-01,
TP53->-ERCC2,2,1,3.000000,3,6.632653e-02,
PIK3CA->-SMAD2,2,1,3.000000,3,2.343750e-01,
PIK3C2G->-CREBBP,2,1,3.000000,3,2.343750e-01,
PIK3C2G->-CREBBP PIK3CA->-CREBBP PIK3CA->-PIK3C2G,3,3,2.000000,2,9.060847e-02,
PIK3C2G->-MAP3K1,2,1,3.000000,3,2.228751e-01,
PIK3C2G->-MAP3K1 PIK3CA->-MAP3K1 PIK3CA->-PIK3C2G,3,3,2.000000,2,4.100529e-02,
CREBBP->-MAP3K1 PIK3CA->-CREBBP PIK3CA->-MAP3K1,3,3,3.000000,3,1.322751e-03,
CDH1->-GPS2,2,1,3.000000,3,6.025794e-01,
ARID2->-ALK,2,1,3.000000,3,1.833333e-01,
ARID2->-ALK TP53->-ALK TP53->-ARID2,3,3,2.000000,2,3.935185e-02,
DOT1L->-PIK3CA,2,1,3.000000,3,5.000000e-01,
ATRX->-PIK3CA,2,1,3.000000,3,9.101562e-01,
IRS2->-CARD11,2,1,3.000000,3,7.045455e-02,
IRS2->-CARD11 TP53->-CARD11 TP53->-IRS2,3,3,2.000000,2,3.872054e-02,
NCOR1->-CARD11,2,1,3.000000,3,3.125000e-01,
GATA3->-CARD11,2,1,3.000000,3,7.738095e-02,
NCOR1->-PTEN,2,1,3.000000,3,4.531250e-01,
TP53->-CDK4,2,1,3.000000,3,1.250000e-01,
TP53->-AKT2,2,1,3.000000,3,1.250000e-01,
NF1->-NCOR1,2,1,3.000000,3,4.714286e-01,
PTEN->-NSD1,2,1,3.000000,3,1.160969e-01,
NCOR1->-NSD1 PTEN->-NCOR1 PTEN->-NSD1 TP53->-NCOR1 TP53->-NSD1 TP53->-PTEN,4,6,2.000000,2,1.736111e-03,
PTEN->-MED12,2,1,3.000000,3,1.878824e-01,
NF1->-MED12 PTEN->-MED12 PTEN->-NF1,3,3,2.000000,2,2.469136e-02,
NF1->-NSD1 PTEN->-NF1 PTEN->-NSD1,3,3,2.000000,2,2.469136e-02,
MED12->-NSD1,2,1,3.000000,3,2.869421e-01,
PIK3CA->-RECQL4,2,1,3.000000,3,6.615497e-01,
PIK3CA->-PIK3C3,2,1,3.000000,3,1.277467e-01,
MAP3K1->-PIK3C3 PIK3CA->-MAP3K1 PIK3CA->-PIK3C3,3,3,2.000000,2,1.645415e-02,
PIK3CA->-RASA1,2,1,3.000000,3,2.671703e-01,
ARID1A->-BRCA2,2,1,3.000000,3,4.806560e-01,
ARID1A->-BRCA2 ARID1A->-PIK3CA PIK3CA->-BRCA2,3,3,2.000000,2,5.588624e-02,
ARID1A->-CREBBP,2,1,3.000000,3,2.336500e-01,
ARID1A->-CREBBP CDH1->-ARID1A CDH1->-CREBBP,3,3,2.000000,2,9.143519e-02,
ARID1A->-APC CDH1->-APC CDH1->-ARID1A,3,3,2.000000,2,2.777778e-02,
ARID1A->-CREBBP ARID1A->-PIK3CA PIK3CA->-CREBBP,3,3,2.000000,2,5.588624e-02,
KMT2C->-PIK3R1,2,1,3.000000,3,4.866453e-01,
KMT2C->-PIK3R1 PTEN->-KMT2C PTEN->-PIK3R1,3,3,2.000000,2,6.893004e-02,
PIK3CA->-HIST1H3B,2,1,3.000000,3,2.683824e-01,
CHEK2->-TP53,2,1,3.000000,3,3.268519e-01,
CHEK2->-PIK3CA CHEK2->-TP53 TP53->-PIK3CA,3,3,2.000000,2,2.777778e-02,
CDH1->-KDM6A,2,1,3.000000,3,4.986213e-01,
ERBB2->-MAP3K1,2,1,3.000000,3,5.709635e-01,
ERBB2->-FOXA1 ERBB2->-MAP3K1 FOXA1->-MAP3K1,3,3,2.000000,2,2.033730e-02,
CDH1->-LATS1,2,1,3.000000,3,9.166667e-02,
CDH1->-FBXW7,2,1,3.000000,3,1.250000e-01,
CDH1->-FBXW7 TP53->-CDH1 TP53->-FBXW7,3,3,2.000000,2,7.407407e-02,
MTOR->-CDH1,2,1,3.000000,3,7.387330e-01,
CDH1->-PBRM1,2,1,3.000000,3,3.125000e-01,
NF1->-ARID1A,2,1,3.000000,3,2.625000e-01,
NF1->-ARID1A PIK3CA->-ARID1A PIK3CA->-NF1,3,3,2.000000,2,5.092593e-02,
ESR1-/-PIK3CA,2,1,3.000000,3,7.738469e-01,
ATM->-ESR1,2,1,3.000000,3,1.125000e-01,
ATRX->-GATA3,2,1,3.000000,3,2.142857e-01,
CDH1->-ARID1B,2,1,3.000000,3,2.870318e-01,
CDH1->-SMARCB1,2,1,3.000000,3,9.523810e-02,
ESR1->-RHOA,2,1,3.000000,3,1.250000e-01,
CDH1->-ESR1 CDH1->-RHOA ESR1->-RHOA,3,3,2.000000,2,2.777778e-02,
CDH1->-ATR,2,1,3.000000,3,2.212644e-01,
CDH1->-ATR CDH1->-PIK3CA PIK3CA->-ATR,3,3,2.000000,2,5.698220e-02,
CDH1->-ERCC5,2,1,3.000000,3,9.166667e-02,
MAP2K4->-CDH1,2,1,3.000000,3,9.656414e-01,
FAT1->-KMT2C,2,1,3.000000,3,8.666274e-01,
FAT1->-KMT2C PIK3CA->-FAT1 PIK3CA->-KMT2C,3,3,2.000000,2,2.211156e-01,
PIK3CA->-RPS6KB2,2,1,3.000000,3,2.294974e-01,
TP53->-LATS2,2,1,3.000000,3,2.841518e-01,
MAP3K1->-MED12,2,1,3.000000,3,2.195914e-01,
MAP3K1->-MED12 PTEN->-MAP3K1 PTEN->-MED12,3,3,2.000000,2,4.061728e-02,
TP53->-DNMT3B,2,1,3.000000,3,1.190476e-01,
ZFHX3->-KMT2C,2,1,3.000000,3,4.583333e-01,
KMT2C->-PIK3CA ZFHX3->-KMT2C ZFHX3->-PIK3CA,3,3,2.000000,2,1.054205e-01,
MAP3K1->-PTPRD,2,1,3.000000,3,2.170759e-01,
PIK3CA->-JAK1,2,1,3.000000,3,7.193510e-01,
ARID1A->-JAK1,2,1,3.000000,3,1.250000e-01,
ARID1A->-JAK1 ARID1A->-PIK3CA JAK1->-PIK3CA,3,3,2.000000,2,7.407407e-02,
AKT1->-CBFB,2,1,3.000000,3,8.247070e-01,
CBFB->-ERBB2,2,1,3.000000,3,1.250000e-01,
CBFB->-CDH1 CBFB->-ERBB2 CDH1->-ERBB2,3,3,2.000000,2,2.777778e-02,
BCL6->-CDH1,2,1,3.000000,3,4.635417e-01,
PIK3CA->-FLT1,2,1,3.000000,3,4.671053e-01,
ARID1A->-POLE,2,1,3.000000,3,2.410714e-01,
ARID1A->-POLE PIK3CA->-ARID1A PIK3CA->-POLE,3,3,2.000000,2,7.407407e-02,
ARID1A->-POLE GATA3->-ARID1A GATA3->-POLE,3,3,2.000000,2,1.068376e-02,
MST1R->-KMT2C,2,1,3.000000,3,3.125000e-01,
MST1R->-KMT2C PIK3CA->-KMT2C PIK3CA->-MST1R,3,3,2.000000,2,7.407407e-02,
MST1R->-MAP3K1 PIK3CA->-MAP3K1 PIK3CA->-MST1R,3,3,3.000000,3,4.629630e-03,
CHEK2->-GATA3,2,1,3.000000,3,2.410714e-01,
KMT2D->-TP53,2,1,3.000000,3,9.999907e-01,
TP53->-CUL3,2,1,3.000000,3,5.833333e-02,
CDH1->-ATM,2,1,3.000000,3,4.553571e-01,
CDH1->-ATM CDH1->-PIK3CA PIK3CA->-ATM,3,3,2.000000,2,1.319444e-01,
ARID1A->-ATM,2,1,3.000000,3,4.053571e-01,
PTPRT->-PIK3CA,2,1,3.000000,3,9.906018e-01,
CDH1->-DAXX,2,1,3.000000,3,9.482759e-02,
CDH1->-ARID2,2,1,3.000000,3,2.500000e-01,
CDH1->-ARID2 CDH1->-PIK3CA PIK3CA->-ARID2,3,3,2.000000,2,7.407407e-02,
PIK3CA->-KDM5A,2,1,3.000000,3,3.928571e-01,
ARID1A->-NOTCH4,2,1,3.000000,3,1.250000e-01,
ARID1A->-ATR,2,1,3.000000,3,1.250000e-01,
PIK3CA->-KMT2D PIK3CA->-ROS1 ROS1->-KMT2D,3,3,2.000000,2,2.777778e-02,
ARID1A->-ATR ARID1A->-BCOR BCOR->-ATR PIK3CA->-ARID1A PIK3CA->-ATR PIK3CA->-BCOR PIK3CA->-ROS1 ROS1->-ARID1A ROS1->-ATR ROS1->-BCOR,5,10,2.000000,2,4.020882e-04,
BRCA1->-TET2,2,1,3.000000,3,2.156667e-01,
ESR1->-NCOR1,2,1,3.000000,3,6.562500e-01,
GATA3->-BRCA1,2,1,3.000000,3,3.979167e-01,
BRCA1->-RICTOR PIK3CA->-BRCA1 PIK3CA->-RICTOR,3,3,3.000000,3,2.325149e-03,
CDH1->-SF3B1,2,1,3.000000,3,3.125000e-01,
PTPRT->-KMT2C,2,1,3.000000,3,1.250000e-01,
PTPRT->-KMT2C TP53->-KMT2C TP53->-PTPRT,3,3,2.000000,2,7.407407e-02,
PTPRT->-KMT2D,2,1,3.000000,3,6.288377e-01,
KMT2D->-PIK3CA PTPRT->-KMT2D PTPRT->-PIK3CA,3,3,2.000000,2,1.773330e-01,
PTPRS->-KMT2C,2,1,3.000000,3,2.991453e-01,
PTPRS->-KMT2C TP53->-KMT2C TP53->-PTPRS,3,3,2.000000,2,2.777778e-02,
KMT2C->-KMT2D,2,1,3.000000,3,7.151643e-01,
KMT2C->-KMT2D TP53->-KMT2C TP53->-KMT2D,3,3,2.000000,2,1.974997e-01,
KMT2C->-KMT2D PTPRT->-KMT2C PTPRT->-KMT2D,3,3,2.000000,2,2.777778e-02,
NF1->-KMT2D,2,1,3.000000,3,2.625000e-01,
FOXA1->-TBX3,2,1,3.000000,3,7.156100e-01,
FOXA1->-TBX3 PIK3CA->-FOXA1 PIK3CA->-TBX3,3,3,2.000000,2,7.407407e-02,
CREBBP->-TP53,2,1,3.000000,3,9.880884e-01,
ESR1->-SPEN,2,1,3.000000,3,4.812500e-01,
ARID1B->-TP53,2,1,3.000000,3,9.821565e-01,
FGFR4->-PIK3CA,2,1,3.000000,3,7.731838e-01,
PIK3CA->-JAK2,2,1,3.000000,3,4.951042e-01,
MEN1->-FAT1,2,1,3.000000,3,1.190476e-01,
TP53->-CDKN1B,2,1,3.000000,3,2.441964e-01,
SF3B1->-GATA3,2,1,3.000000,3,7.734375e-01,
SOX9->-TP53,2,1,3.000000,3,6.041667e-01,
TP53->-NTRK1,2,1,3.000000,3,1.580556e-01,
TP53->-DICER1,2,1,3.000000,3,1.901786e-01,
PIK3CA->-DICER1 TP53->-DICER1 TP53->-PIK3CA,3,3,2.000000,2,2.649046e-02,
SPEN->-TP53,2,1,3.000000,3,9.744595e-01,
SPEN->-CDH1,2,1,3.000000,3,9.439648e-01,
SPEN->-KMT2C,2,1,3.000000,3,6.822917e-01,
SDHB->-GATA3,2,1,3.000000,3,2.558619e-01,
PTEN->-MST1R,2,1,3.000000,3,8.333333e-02,
TP53->-YES1,2,1,3.000000,3,9.482759e-02,
PIK3CA->-YES1 TP53->-PIK3CA TP53->-YES1,3,3,2.000000,2,5.698220e-02,
KDM5C->-TP53,2,1,3.000000,3,5.780805e-01,
MAP2K4->-ESR1,2,1,3.000000,3,7.500000e-02,
NCOR1->-ESR1,2,1,3.000000,3,6.562500e-01,
ESR1->-EGFR,2,1,3.000000,3,1.250000e-01,
ESR1->-EGFR ESR1->-GATA3 GATA3->-EGFR,3,3,2.000000,2,2.777778e-02,
ASXL1->-PIK3CA,2,1,3.000000,3,6.093750e-01,
TP53->-BBC3,2,1,3.000000,3,4.500000e-02,
CBFB->-CDKN1B,2,1,3.000000,3,1.250000e-01,
GATA3->-NF1,2,1,3.000000,3,2.055556e-01,
TP53->-SOX9,2,1,3.000000,3,6.041667e-01,
SOX9->-PTCH1 TP53->-PTCH1 TP53->-SOX9,3,3,2.000000,2,2.777778e-02,
NF1->-APC,2,1,3.000000,3,4.100784e-01,
PIK3CA->-ARID1B,2,1,3.000000,3,7.870056e-01,
PIK3CA->-PAK1,2,1,3.000000,3,5.668860e-02,
ARID1A-/-TP53,2,1,3.000000,3,4.159768e-01,
ARID1A-/-TP53 PIK3CA->-ARID1A PIK3CA->-TP53,3,3,2.000000,2,4.511905e-02,
ESR1->-MTOR,2,1,3.000000,3,1.267113e-01,
PIK3CA->-ASXL1,2,1,3.000000,3,6.093750e-01,
ARID1A->-APC,2,1,3.000000,3,3.125000e-01,
TP53->-PAK1,2,1,3.000000,3,2.001645e-01,
ERBB2->-PTCH1,2,1,3.000000,3,1.250000e-01,
CDH1->-PTCH1 ERBB2->-CDH1 ERBB2->-PTCH1,3,3,2.000000,2,7.407407e-02,
ERBB2->-PIK3CA ERBB2->-PTCH1 PIK3CA->-PTCH1,3,3,2.000000,2,2.777778e-02,
ERBB2->-KMT2C ERBB2->-PTCH1 KMT2C->-PTCH1,3,3,2.000000,2,2.777778e-02,
IRS2->-PIK3CA,2,1,3.000000,3,2.541667e-01,
PIK3CA->-SOX17,2,1,3.000000,3,2.678571e-01,
CDH1->-MDC1,2,1,3.000000,3,2.562500e-01,
TP53->-FLT1,2,1,3.000000,3,1.030702e-01,
CDH1->-NOTCH2,2,1,3.000000,3,7.444853e-02,
TET2->-PIK3CA,2,1,3.000000,3,8.742295e-01,
CBFB->-PTEN,2,1,3.000000,3,3.125000e-01,
NOTCH2->-SPEN,2,1,3.000000,3,5.714286e-02,
TP53->-SMO,2,1,3.000000,3,3.099643e-01,
PIK3CA->-BRAF,2,1,3.000000,3,5.000000e-01,
PIK3CA->-STK11,2,1,3.000000,3,8.977488e-01,
TP53->-EIF4A2,2,1,3.000000,3,2.375000e-01,
CDH1->-CDKN2A,2,1,3.000000,3,1.250000e-01,
CDH1->-MSH2,2,1,3.000000,3,1.240809e-01,
KMT2C->-KMT2A,2,1,3.000000,3,3.980153e-01,
KMT2C->-STAT5B,2,1,3.000000,3,5.020284e-02,
BRCA2->-CDH1,2,1,3.000000,3,9.636970e-01,
TP53->-ERCC4,2,1,3.000000,3,1.443452e-01,
TP53->-ERG,2,1,3.000000,3,6.944444e-02,
PIK3CA->-SMARCD1,2,1,3.000000,3,8.333333e-02,
CTCF->-GATA3,2,1,3.000000,3,2.750000e-01,
FOXP1->-PIK3CA,2,1,3.000000,3,7.500000e-01,
TP53->-RAD54L,2,1,3.000000,3,7.714286e-02,
CTCF->-MAP3K1,2,1,3.000000,3,3.875000e-01,
KMT2A->-PIK3CA,2,1,3.000000,3,9.886821e-01,
KMT2A->-MAP3K1,2,1,3.000000,3,3.694017e-01,
TP53->-CSF1R,2,1,3.000000,3,1.083333e-01,
ARID1A->-DDR2,2,1,3.000000,3,4.532967e-02,
YES1->-PARP1,2,1,3.000000,3,6.068966e-02,
PIK3CA->-PARP1 PIK3CA->-YES1 YES1->-PARP1,3,3,2.000000,2,1.752265e-02,
TP53->-PARP1 TP53->-YES1 YES1->-PARP1,3,3,2.000000,2,1.752265e-02,
PTEN->-PIK3CD,2,1,3.000000,3,7.188363e-02,
PTEN->-NBN,2,1,3.000000,3,7.576923e-02,
PTEN->-NBN TP53->-NBN TP53->-PTEN,3,3,2.000000,2,2.777778e-02,
KMT2A->-SETD2,2,1,3.000000,3,7.576923e-02,
KMT2A->-MED12,2,1,3.000000,3,2.153846e-01,
PIK3CA->-FGFR1,2,1,3.000000,3,2.187500e-01,
TP53->-PMS1,2,1,3.000000,3,2.113636e-01,
KMT2D->-PTPRT PIK3CA->-KMT2D PIK3CA->-PTPRT PIK3CA->-TP53 TP53->-KMT2D TP53->-PTPRT,4,6,3.000000,3,2.000935e-04,
MAP2K4->-FOXP1,2,1,3.000000,3,1.000000e-01,
AKT1->-ESR1,2,1,3.000000,3,2.187500e-01,
ARID1A->-TP53,2,1,3.000000,3,9.996874e-01,
ARID1A->-ARID5B,2,1,3.000000,3,1.250000e-01,
ARID1A->-ARID5B ARID1A->-TP53 TP53->-ARID5B,3,3,2.000000,2,2.777778e-02,
ESR1->-ERBB4,2,1,3.000000,3,3.125000e-01,
TP53->-MYCN,2,1,3.000000,3,8.750000e-02,
BRCA1->-GATA2,2,1,3.000000,3,1.250000e-01,
BRCA1->-GATA2 TP53->-BRCA1 TP53->-GATA2,3,3,2.000000,2,7.407407e-02,
CDH1->-PIK3C2G,2,1,3.000000,3,2.991453e-01,
CDH1->-PIK3C2G CDH1->-PIK3CA PIK3CA->-PIK3C2G,3,3,2.000000,2,7.407407e-02,
CDH1->-NOTCH1,2,1,3.000000,3,4.625000e-01,
TP53->-SYK,2,1,3.000000,3,3.125000e-01,
PBRM1->-TP53,2,1,3.000000,3,7.420152e-01,
TP53->-KDM5C,2,1,3.000000,3,5.780805e-01,
GATA3->-CREBBP,2,1,3.000000,3,3.368056e-01,
CREBBP->-MAP3K1 GATA3->-CREBBP GATA3->-MAP3K1 GATA3->-PIK3CA PIK3CA->-CREBBP PIK3CA->-MAP3K1,4,6,2.000000,2,1.736111e-03,
ARID1B->-NF1,2,1,3.000000,3,1.128720e-01,
ARID1B->-NF1 PTEN->-ARID1B PTEN->-NF1,3,3,2.000000,2,2.263374e-02,
ARID1B->-PTPRS ARID1B->-TSC2 CDH1->-ARID1B CDH1->-PTPRS CDH1->-TSC2 PTPRS->-TSC2,4,6,2.000000,2,1.478909e-03,
ARID1B->-KMT2C ARID1B->-NF1 ARID1B->-TSC2 CDH1->-ARID1B CDH1->-KMT2C CDH1->-NF1 CDH1->-TSC2 KMT2C->-NF1 KMT2C->-TSC2 NF1->-TSC2,5,10,2.000000,2,3.892036e-04,
SMAD4->-TP53,2,1,3.000000,3,4.357143e-01,
GATA3->-FAT1,2,1,3.000000,3,6.082152e-01,
TP53->-SH2B3,2,1,3.000000,3,2.240741e-01,
STAG2->-TP53,2,1,3.000000,3,9.931263e-01,
FAT1->-TP53,2,1,3.000000,3,9.996900e-01,
TP53->-RET,2,1,3.000000,3,1.026786e-01,
NOTCH2->-PIK3CA,2,1,3.000000,3,6.041667e-01,
KRAS->-KMT2C,2,1,3.000000,3,2.155172e-01,
PIK3CA->-SOX2,2,1,3.000000,3,6.730769e-02,
PIK3CA->-ARAF,2,1,3.000000,3,3.675354e-01,
PIK3CA->-ARAF PIK3CA->-TP53 TP53->-ARAF,3,3,2.000000,2,6.045752e-02,
CDKN1B->-MAP3K1,2,1,3.000000,3,6.676036e-01,
CDKN1B->-BAP1 CDKN1B->-MAP3K1 MAP3K1->-BAP1 PIK3CA->-BAP1 PIK3CA->-CDKN1B PIK3CA->-MAP3K1,4,6,2.000000,2,1.736111e-03,
PIK3CA->-KLF4,2,1,3.000000,3,5.000000e-01,
CDH1->-EPHA5,2,1,3.000000,3,1.250000e-01,
PTEN->-ARID2,2,1,3.000000,3,1.250000e-01,
PTEN->-ARID2 TP53->-ARID2 TP53->-PTEN,3,3,2.000000,2,7.407407e-02,
ATRX->-ARID2 TP53->-ARID2 TP53->-ATRX,3,3,2.000000,2,2.777778e-02,
ATRX->-ARID2 EPHA5->-ARID2 EPHA5->-ATRX,3,3,2.000000,2,2.777778e-02,
EPHA5->-ARID2 EPHA5->-ROS1 ROS1->-ARID2,3,3,2.000000,2,2.777778e-02,
MAP3K1->-ARID2 PTEN->-ARID2 PTEN->-MAP3K1,3,3,2.000000,2,2.777778e-02,
EPCAM->-ARID2 PTEN->-ARID2 PTEN->-EPCAM,3,3,2.000000,2,2.777778e-02,
EPCAM->-ARID2 TP53->-ARID2 TP53->-EPCAM,3,3,2.000000,2,2.777778e-02,
TP53->-MEN1,2,1,3.000000,3,3.813697e-01,
KRAS->-PIK3CA,2,1,3.000000,3,8.085129e-01,
CDH1->-KDM5C,2,1,3.000000,3,1.000000e-01,
PIK3CA->-ABL1,2,1,3.000000,3,2.812500e-01,
APC->-PIK3CA,2,1,3.000000,3,9.243455e-01,
APC->-PIK3CA CDH1->-APC CDH1->-PIK3CA,3,3,2.000000,2,1.302910e-01,
CDH1->-BLM,2,1,3.000000,3,2.695312e-01,
CDH1->-BLM CDH1->-PIK3CA PIK3CA->-BLM,3,3,2.000000,2,5.219227e-02,
PTEN->-ZFHX3 TP53->-PTEN TP53->-ZFHX3,3,3,3.000000,3,4.014504e-03,
TP53->-MST1R,2,1,3.000000,3,1.750000e-01,
PTEN->-MST1R TP53->-MST1R TP53->-PTEN,3,3,2.000000,2,2.777778e-02,
ERBB3->-TBX3,2,1,3.000000,3,5.281961e-01,
KMT2D->-TBX3,2,1,3.000000,3,1.250000e-01,
CDH1->-FLT4,2,1,3.000000,3,1.125000e-01,
KMT2C->-MED12,2,1,3.000000,3,2.046695e-01,
RUNX1->-NCOR1,2,1,3.000000,3,8.554688e-01,
PIK3CA->-NCOR1 PIK3CA->-RUNX1 RUNX1->-NCOR1,3,3,2.000000,2,2.632245e-01,
FAT1->-FLT4,2,1,3.000000,3,1.250000e-01,
FAT1->-FLT4 TP53->-FAT1 TP53->-FLT4,3,3,2.000000,2,2.777778e-02,
FAT1->-FLT4 PIK3CA->-FAT1 PIK3CA->-FLT4,3,3,2.000000,2,2.777778e-02,
FAT1->-NF1 PIK3CA->-FAT1 PIK3CA->-NF1,3,3,2.000000,2,7.407407e-02,
NF1->-TET2,2,1,3.000000,3,2.527740e-01,
NF1->-TET2 TP53->-NF1 TP53->-TET2,3,3,2.000000,2,2.380952e-02,
NF1->-SETD2 TP53->-NF1 TP53->-SETD2,3,3,2.000000,2,2.380952e-02,
RB1->-TET1,2,1,3.000000,3,3.125000e-01,
PIK3CA->-RB1 PIK3CA->-TET1 RB1->-TET1,3,3,2.000000,2,7.407407e-02,
RB1->-TET1 TP53->-RB1 TP53->-TET1,3,3,2.000000,2,7.407407e-02,
NF1->-KMT2A,2,1,3.000000,3,3.125000e-01,
NF1->-KMT2A TP53->-KMT2A TP53->-NF1,3,3,2.000000,2,2.777778e-02,
NF1->-KMT2A PIK3CA->-KMT2A PIK3CA->-NF1,3,3,2.000000,2,2.777778e-02,
PIK3CA->-AURKA,2,1,3.000000,3,7.812500e-02,
PIK3CA->-AURKA TP53->-AURKA TP53->-PIK3CA,3,3,2.000000,2,3.373016e-02,
TP53->-AKT1,2,1,3.000000,3,9.996495e-01,
NOTCH4->-PIK3CA,2,1,3.000000,3,9.844045e-01,
TP53->-RAD21,2,1,3.000000,3,4.608196e-02,
CBFB->-ESR1,2,1,3.000000,3,3.125000e-01,
CBFB->-ESR1 CBFB->-PIK3CA PIK3CA->-ESR1,3,3,2.000000,2,2.777778e-02,
RHOA->-GATA3,2,1,3.000000,3,1.160714e-01,
CDH1->-GATA3 CDH1->-RHOA RHOA->-GATA3,3,3,2.000000,2,2.232143e-02,
PIK3CA->-GATA3 RHOA->-GATA3 RHOA->-PIK3CA,3,3,2.000000,2,6.498016e-02,
TP53->-FOXP1,2,1,3.000000,3,2.375000e-01,
PIK3CA->-NCOA3,2,1,3.000000,3,1.041667e-01,
APC->-PARP1,2,1,3.000000,3,1.044872e-01,
MAP2K4->-APC,2,1,3.000000,3,8.914286e-02,
APC->-ATM,2,1,3.000000,3,8.181818e-02,
APC->-ATM APC->-PIK3CA PIK3CA->-ATM,3,3,2.000000,2,4.601571e-02,
ARID1A->-NCOR1 PIK3CA->-ARID1A PIK3CA->-NCOR1,3,3,3.000000,3,1.620370e-02,
SMAD4->-ESR1,2,1,3.000000,3,1.250000e-01,
SMAD4->-CDH1,2,1,3.000000,3,7.031052e-01,
PIK3CA->-RNF43,2,1,3.000000,3,2.125000e-01,
PIK3CA->-SDHB,2,1,3.000000,3,2.558619e-01,
PIK3CA->-SDHB TP53->-PIK3CA TP53->-SDHB,3,3,2.000000,2,8.778722e-02,
CBFB->-KMT2C,2,1,3.000000,3,4.375000e-01,
CBFB->-KMT2C CBFB->-PIK3CA KMT2C->-PIK3CA,3,3,2.000000,2,1.480195e-01,
RAD52->-TP53,2,1,3.000000,3,2.491575e-01,
TP53->-AXL,2,1,3.000000,3,2.209758e-01,
PIK3CA->-PPP2R1A,2,1,3.000000,3,5.983333e-01,
TP53->-HGF,2,1,3.000000,3,1.189815e-01,
PTEN->-BCOR,2,1,3.000000,3,1.250000e-01,
SPEN->-ATM,2,1,3.000000,3,5.222324e-01,
SPEN->-ATM SPEN->-TP53 TP53->-ATM,3,3,2.000000,2,4.345136e-02,
SPEN->-FAT1,2,1,3.000000,3,5.816327e-01,
KMT2C->-AR,2,1,3.000000,3,3.609203e-01,
AKT1->-TET2,2,1,3.000000,3,2.371429e-01,
AKT1->-TET2 AKT1->-TP53 TP53->-TET2,3,3,2.000000,2,6.746032e-02,
PIK3CA->-ERCC5,2,1,3.000000,3,3.125000e-01,
PIK3CA->-APC PIK3CA->-SPEN SPEN->-APC,3,3,3.000000,3,9.189113e-03,
PIK3CA->-APC PIK3CA->-SPEN PIK3CA->-TP53 SPEN->-APC TP53->-APC TP53->-SPEN,4,6,2.000000,2,1.736111e-03,
FGFR4->-KMT2D,2,1,3.000000,3,1.250000e-01,
BRCA1->-PIK3CA,2,1,3.000000,3,8.471772e-01,
BRCA1->-PIK3CA TP53->-BRCA1 TP53->-PIK3CA,3,3,2.000000,2,6.218998e-02,
CDH1->-PIK3CA CREBBP->-CDH1 CREBBP->-PIK3CA,3,3,2.000000,2,3.075630e-01,
TP53->-HIST3H3,2,1,3.000000,3,8.333333e-02,
CDH1->-IKBKE,2,1,3.000000,3,1.250000e-01,
CREBBP->-CDH1,2,1,3.000000,3,9.264284e-01,
JAK1->-TP53,2,1,3.000000,3,8.177228e-01,
JAK1->-PIK3CA JAK1->-TP53 TP53->-PIK3CA,3,3,2.000000,2,7.407407e-02,
TP53->-ABL1,2,1,3.000000,3,3.808929e-01,
GATA3-/-TP53,2,1,3.000000,3,4.577496e-01,
CDH1->-GATA3 CDH1->-TP53 GATA3-/-TP53,3,3,2.000000,2,3.151261e-03,
NCOR1->-TBX3,2,1,3.000000,3,3.409767e-01,
CDH1->-TBX3 NCOR1->-CDH1 NCOR1->-TBX3,3,3,2.000000,2,2.232143e-02,
FAT1->-SPEN,2,1,3.000000,3,5.816327e-01,
MAP2K4->-TET2,2,1,3.000000,3,1.179138e-01,
CDH1->-TET2 MAP2K4->-CDH1 MAP2K4->-TET2,3,3,2.000000,2,2.698413e-02,
CDH1->-MTOR MAP2K4->-CDH1 MAP2K4->-MTOR,3,3,2.000000,2,2.698413e-02,
CDH1->-IRF4,2,1,3.000000,3,1.250000e-01,
PIK3CA->-FGF4,2,1,3.000000,3,1.030702e-01,
PIK3CA->-TSC2,2,1,3.000000,3,7.258598e-01,
LATS1->-KMT2C,2,1,3.000000,3,2.306818e-01,
ARID1A->-KMT2D,2,1,3.000000,3,5.937500e-01,
ARID1A->-KMT2D PIK3CA->-ARID1A PIK3CA->-KMT2D,3,3,2.000000,2,7.407407e-02,
ROS1->-ARID1A,2,1,3.000000,3,2.319940e-01,
ROS1->-KMT2D,2,1,3.000000,3,3.125000e-01,
IDH1->-PIK3CA,2,1,3.000000,3,2.541667e-01,
TP53->-IDH1,2,1,3.000000,3,8.611111e-02,
IDH1->-PIK3CA TP53->-IDH1 TP53->-PIK3CA,3,3,2.000000,2,4.976852e-02,
ASXL2->-PIK3CA,2,1,3.000000,3,6.093750e-01,
PIK3CA->-AXL,2,1,3.000000,3,5.868056e-01,
KDM6A->-PIK3CA,2,1,3.000000,3,2.311447e-01,
PIK3CA->-TRAF2,2,1,3.000000,3,2.796053e-01,
PIK3CA->-TP53 PIK3CA->-TRAF2 TP53->-TRAF2,3,3,2.000000,2,1.960784e-02,
FAT1->-GATA3,2,1,3.000000,3,6.082152e-01,
ARID1B->-KMT2C,2,1,3.000000,3,1.084140e-01,
ARID1B->-KMT2C ARID1B->-PIK3CA KMT2C->-PIK3CA,3,3,2.000000,2,2.295752e-02,
ARID1B->-PTCH1,2,1,2.000000,2,2.334559e-01,
PIK3CA->-CDKN1A,2,1,3.000000,3,4.104167e-01,
PIK3CA->-CDKN1A PIK3CA->-TP53 TP53->-CDKN1A,3,3,2.000000,2,7.769097e-02,
TP53->-HIST1H1C,2,1,3.000000,3,1.651786e-01,
ERBB3->-CARD11,2,1,3.000000,3,1.390595e-01,
ERBB3->-CARD11 TP53->-CARD11 TP53->-ERBB3,3,3,2.000000,2,2.494359e-02,
AKT1->-CTCF,2,1,3.000000,3,2.056250e-01,
TBX3->-PTCH1,2,1,3.000000,3,1.250000e-01,
MAP3K1->-FAT1,2,1,3.000000,3,7.554945e-02,
TP53->-NFKBIA,2,1,3.000000,3,1.185897e-01,
CBFB->-SPEN,2,1,3.000000,3,1.250000e-01,
CBFB->-SPEN GATA3->-CBFB GATA3->-SPEN,3,3,2.000000,2,7.407407e-02,
TP53->-BLM,2,1,3.000000,3,2.076355e-01,
PTPRS->-TSC2,2,1,3.000000,3,9.803735e-02,
TP53->-PDGFRB,2,1,3.000000,3,2.291667e-01,
TP53->-PIK3CD,2,1,3.000000,3,1.185897e-01,
PTEN->-PIK3CD TP53->-PIK3CD TP53->-PTEN,3,3,2.000000,2,2.408702e-02,
PTEN->-ROS1,2,1,3.000000,3,3.125000e-01,
TP53->-PIK3R3,2,1,3.000000,3,6.666667e-02,
CDH1->-PIK3CA GPS2->-CDH1 GPS2->-PIK3CA,3,3,3.000000,3,1.587302e-02,
INPP4A->-ESR1,2,1,3.000000,3,3.125000e-01,
INPP4A->-ESR1 PIK3CA->-ESR1 PIK3CA->-INPP4A,3,3,2.000000,2,7.407407e-02,
ATRX->-RB1,2,1,3.000000,3,2.562500e-01,
ATRX->-RB1 TP53->-ATRX TP53->-RB1,3,3,2.000000,2,1.438492e-02,
TBX3->-ERBB2,2,1,3.000000,3,8.230168e-01,
CDH1->-ERBB2 TBX3->-CDH1 TBX3->-ERBB2,3,3,2.000000,2,1.962449e-01,
MAP3K1->-PTEN,2,1,3.000000,3,9.472691e-01,
CDH1->-TSC2,2,1,3.000000,3,8.845476e-02,
ERBB2->-ARID1A,2,1,3.000000,3,2.383242e-01,
GATA3->-ALK,2,1,3.000000,3,2.875000e-01,
PDGFRA->-PIK3CA,2,1,3.000000,3,7.029354e-01,
ERBB2->-ARID2,2,1,3.000000,3,7.554945e-02,
PIK3CA->-RAD54L,2,1,3.000000,3,2.696429e-01,
PTPRS->-MAP3K1,2,1,3.000000,3,3.228379e-01,
NOTCH4->-APC,2,1,3.000000,3,2.500000e-01,
NOTCH4->-APC TP53->-APC TP53->-NOTCH4,3,3,2.000000,2,4.497354e-02,
MAP3K1->-ERCC5,2,1,3.000000,3,4.250000e-01,
MAP3K1->-ERCC5 TP53->-ERCC5 TP53->-MAP3K1,3,3,2.000000,2,7.870370e-02,
FAT1->-CARD11 TET1->-CARD11 TET1->-FAT1,3,3,2.000000,2,7.407407e-02,
TET1->-DNMT3B,2,1,2.000000,2,2.500000e-01,
ARID1A->-DNMT3B,2,1,2.000000,2,6.875000e-01,
ESR1->-DNMT3B,2,1,2.000000,2,5.000000e-01,
CCNE1->-RICTOR PIK3CA->-CCNE1 PIK3CA->-RICTOR,3,3,2.000000,2,2.777778e-02,
CCNE1->-IGF1R PIK3CA->-CCNE1 PIK3CA->-IGF1R,3,3,2.000000,2,2.777778e-02,
PIK3CA->-RAD51C,2,1,2.000000,2,7.646655e-01,
ESR1->-NOTCH1,2,1,2.000000,2,6.250000e-01,
NOTCH1->-LATS2,2,1,2.000000,2,1.160714e-01,
NOTCH1->-IGF1R,2,1,2.000000,2,1.636364e-01,
TET1->-PIK3CA,2,1,2.000000,2,9.532118e-01,
AMER1->-PIK3CA CASP8->-AMER1 CASP8->-PIK3CA,3,3,2.000000,2,1.562500e-02,
INHA->-PIK3CA,2,1,2.000000,2,2.500000e-01,
ESR1->-TET1,2,1,2.000000,2,6.875000e-01,
TET1->-ARID2,2,1,2.000000,2,2.500000e-01,
ARID1A->-IGF1R,2,1,2.000000,2,5.284341e-01,
ARID2->-IGF1R,2,1,2.000000,2,4.010989e-01,
SETD2->-ESR1,2,1,2.000000,2,2.500000e-01,
SETD2->-LATS2,2,1,2.000000,2,5.000000e-01,
SETD2->-ATRX,2,1,2.000000,2,2.500000e-01,
ARID1A->-CARD11 SETD2->-ARID1A SETD2->-CARD11,3,3,2.000000,2,2.777778e-02,
ARID2->-CARD11 SETD2->-ARID2 SETD2->-CARD11,3,3,2.000000,2,2.777778e-02,
ESR1->-LATS2,2,1,2.000000,2,3.750000e-01,
ESR1->-ARID2,2,1,2.000000,2,3.010989e-01,
ESR1->-AMER1,2,1,2.000000,2,5.000000e-01,
IGF1R->-ATRX,2,1,2.000000,2,2.500000e-01,
FAT1->-DICER1,2,1,2.000000,2,2.500000e-01,
SETD2->-BRCA2,2,1,2.000000,2,5.000000e-01,
FGFR4->-PPP2R1A,2,1,2.000000,2,1.409091e-01,
MSH6->-PIK3CA,2,1,2.000000,2,8.906250e-01,
EP300->-MAP3K1,2,1,2.000000,2,2.500000e-01,
NOTCH1->-ATM,2,1,2.000000,2,7.483766e-01,
ATM->-MSH6,2,1,2.000000,2,2.500000e-01,
TP53->-RAB35,2,1,2.000000,2,1.666667e-01,
KDM5A->-PIK3CA,2,1,2.000000,2,7.361111e-01,
CDH1->-KDM5A,2,1,2.000000,2,1.684211e-01,
MAP3K1-/-RBM10 TP53->-MAP3K1 TP53->-RBM10,3,3,2.000000,2,2.182540e-02,
MEN1->-KMT2A,2,1,2.000000,2,1.904762e-01,
GATA3->-BRCA2,2,1,2.000000,2,6.160714e-01,
RECQL4->-TP53,2,1,2.000000,2,9.018320e-01,
TET1->-ARID1B,2,1,2.000000,2,2.500000e-01,
ARID2->-PTPRD,2,1,2.000000,2,2.500000e-01,
PTPRD->-XPO1,2,1,2.000000,2,2.232143e-01,
ARID2->-KMT2C,2,1,2.000000,2,6.875000e-01,
MEN1-/-PIK3CA,2,1,2.000000,2,1.476877e-01,
TP53->-RYBP,2,1,2.000000,2,2.013889e-01,
KMT2C->-CDK8,2,1,2.000000,2,2.013889e-01,
SMO->-MEN1,2,1,2.000000,2,1.527778e-01,
SMO->-KMT2C,2,1,2.000000,2,1.527778e-01,
CDH1->-DOT1L CDH1->-PIK3CA PIK3CA->-DOT1L,3,3,2.000000,2,2.777778e-02,
CDH1->-EZH2 CDH1->-TP53 TP53->-EZH2,3,3,2.000000,2,2.777778e-02,
CDH1->-TSC1,2,1,2.000000,2,2.333333e-01,
ARID1A->-DOT1L ARID1A->-FOXA1 DOT1L->-FOXA1,3,3,2.000000,2,1.587302e-02,
FOXA1->-FH,2,1,2.000000,2,2.000000e-01,
AKT1->-EGFR,2,1,2.000000,2,2.500000e-01,
MAP3K1->-CBFB,2,1,2.000000,2,9.892578e-01,
MAP3K1->-EGFR,2,1,2.000000,2,2.500000e-01,
SPOP->-MAP3K1,2,1,2.000000,2,6.250000e-01,
MTOR->-DNMT1,2,1,2.000000,2,2.500000e-01,
AR->-ARID1A,2,1,2.000000,2,4.395604e-01,
CDH1->-NTRK2,2,1,2.000000,2,4.333333e-01,
PIK3CA->-XIAP,2,1,2.000000,2,2.170330e-01,
PIK3CA->-TGFBR1,2,1,2.000000,2,2.500000e-01,
MAP3K1->-TGFBR1,2,1,2.000000,2,2.500000e-01,
MAP3K1->-ERBB2,2,1,2.000000,2,8.388044e-01,
PDCD1->-FAT1 PIK3CA->-FAT1 PIK3CA->-PDCD1,3,3,2.000000,2,2.777778e-02,
PDCD1->-RB1 PIK3CA->-PDCD1 PIK3CA->-RB1,3,3,2.000000,2,2.777778e-02,
NCOR1->-FGFR3,2,1,2.000000,2,2.500000e-01,
NCOR1->-TSC1,2,1,2.000000,2,2.333333e-01,
RB1->-FOXP1,2,1,2.000000,2,2.500000e-01,
ASXL2->-RB1,2,1,2.000000,2,2.000000e-01,
STAG2->-CHEK2,2,1,2.000000,2,5.000000e-01,
ASXL2->-FOXP1 PIK3CA->-ASXL2 PIK3CA->-FOXP1,3,3,2.000000,2,2.777778e-02,
PDCD1->-FOXP1,2,1,2.000000,2,2.500000e-01,
STAG2->-TET1,2,1,2.000000,2,2.500000e-01,
STAG2->-RICTOR,2,1,2.000000,2,1.896552e-01,
PIK3CA->-RICTOR PIK3CA->-SMO SMO->-RICTOR,3,3,2.000000,2,1.752265e-02,
STAG2->-HIST1H1C,2,1,2.000000,2,1.428571e-01,
PIK3CA->-TSC1,2,1,2.000000,2,4.561404e-01,
FOXA1->-ERBB2,2,1,2.000000,2,8.767113e-01,
BRCA2-/-TP53,2,1,2.000000,2,9.002987e-01,
BRCA2-/-CDK12,2,1,2.000000,2,7.111111e-02,
RUNX1->-MAP3K1,2,1,2.000000,2,7.319444e-01,
NSD1->-PIK3CA TP53->-NSD1 TP53->-PIK3CA,3,3,2.000000,2,1.105769e-01,
NSD1->-KIT,2,1,2.000000,2,2.790476e-01,
ARID2->-IKZF1 ARID2->-KIT IKZF1->-KIT,3,3,2.000000,2,2.777778e-02,
ARID2->-IKZF1 ARID2->-PIK3CA IKZF1->-PIK3CA,3,3,2.000000,2,2.777778e-02,
NSD1->-IKZF1,2,1,2.000000,2,4.428571e-01,
ARID2->-NSD1,2,1,2.000000,2,5.000000e-01,
CDH1->-BCOR,2,1,2.000000,2,5.000000e-01,
CDKN2A->-KMT2C,2,1,2.000000,2,2.500000e-01,
TP53->-CHEK2,2,1,2.000000,2,6.777778e-01,
BRCA2->-ZFHX3,2,1,2.000000,2,3.257576e-01,
PIK3CA->-RAD21,2,1,2.000000,2,3.967469e-01,
FGFR3->-PIK3CA,2,1,2.000000,2,7.738095e-01,
FBXW7->-SMARCA4,2,1,2.000000,2,2.170330e-01,
FBXW7->-EPHA7,2,1,2.000000,2,1.832723e-01,
FBXW7->-PDGFRA,2,1,2.000000,2,2.110043e-01,
ARID1A->-MET,2,1,2.000000,2,1.833333e-01,
ARID1A->-FGFR3,2,1,2.000000,2,1.833333e-01,
GATA3->-GRIN2A,2,1,2.000000,2,1.833333e-01,
TP53->-FOXL2,2,1,2.000000,2,3.222222e-01,
CDH1->-FOXL2,2,1,2.000000,2,2.500000e-01,
AKT1->-CD276,2,1,2.000000,2,1.666667e-01,
AKT1->-EPHA7,2,1,2.000000,2,2.500000e-01,
ATM->-MDC1,2,1,2.000000,2,4.428571e-01,
TP53->-TOP1,2,1,2.000000,2,1.409091e-01,
LATS1->-ROS1,2,1,2.000000,2,5.000000e-01,
ROS1->-TSC2,2,1,2.000000,2,5.000000e-01,
ESR1->-NOTCH3 PIK3CA->-ESR1 PIK3CA->-NOTCH3,3,3,2.000000,2,6.944444e-03,
CDH1->-IGF1R,2,1,2.000000,2,2.500000e-01,
CDH1->-KLF4,2,1,2.000000,2,2.500000e-01,
KLF4->-GRIN2A,2,1,2.000000,2,2.500000e-01,
MAP3K1->-RAD51C,2,1,2.000000,2,1.911765e-01,
RAD51C->-PIK3CA,2,1,2.000000,2,7.646655e-01,
MAP3K1->-RICTOR,2,1,2.000000,2,1.911765e-01,
MAP3K1->-IRS1,2,1,2.000000,2,1.911765e-01,
TCF7L2->-PIK3CA,2,1,2.000000,2,2.646172e-01,
EPHA7->-HIST1H3B,2,1,2.000000,2,1.911765e-01,
MDC1->-HIST1H3B,2,1,2.000000,2,1.911765e-01,
PIK3C3-/-RFWD2,2,1,2.000000,2,5.688429e-02,
CARD11->-RFWD2 TP53->-CARD11 TP53->-RFWD2,3,3,2.000000,2,1.613562e-02,
TCF7L2->-PIK3C3,2,1,2.000000,2,1.029412e-01,
TP53->-HIST1H3I,2,1,2.000000,2,2.142857e-01,
PTEN->-NOTCH2,2,1,2.000000,2,2.142857e-01,
PTEN->-AR,2,1,2.000000,2,2.142857e-01,
PIK3CA->-H3F3B,2,1,2.000000,2,2.500000e-01,
TP53->-ZRSR2,2,1,2.000000,2,3.730519e-01,
PIK3CA->-NOTCH2 TP53->-NOTCH2 TP53->-PIK3CA,3,3,2.000000,2,3.935185e-02,
TP53->-AMER1,2,1,2.000000,2,4.710526e-01,
NOTCH2->-CREBBP TP53->-CREBBP TP53->-NOTCH2,3,3,2.000000,2,1.388889e-02,
ESR1->-PLK2 PIK3CA->-ESR1 PIK3CA->-PLK2,3,3,2.000000,2,2.777778e-02,
ESR1->-CREBBP,2,1,2.000000,2,2.500000e-01,
PIK3CA->-CREBBP PIK3CA->-PLK2 PLK2->-CREBBP,3,3,2.000000,2,5.698220e-02,
ESR1-/-KMT2D,2,1,2.000000,2,5.714286e-02,
MAP2K1->-ESR1,2,1,2.000000,2,2.142857e-01,
CDKN2A->-NOTCH4 PIK3CA->-CDKN2A PIK3CA->-NOTCH4,3,3,2.000000,2,1.289683e-02,
MTOR->-NOTCH4,2,1,2.000000,2,1.805556e-01,
PIK3CA->-PMS2,2,1,2.000000,2,1.805556e-01,
RFWD2-/-TP53,2,1,2.000000,2,1.576516e-01,
CDKN2A->-EP300,2,1,2.000000,2,1.805556e-01,
CCNE1->-ESR1 CCNE1->-MAP3K1 ESR1->-MAP3K1,3,3,2.000000,2,2.777778e-02,
ESR1->-JAK1,2,1,2.000000,2,5.000000e-01,
ALK->-MAP3K1,2,1,2.000000,2,6.238889e-01,
FLT3->-SPEN GATA3->-FLT3 GATA3->-SPEN STAG2->-FLT3 STAG2->-GATA3 STAG2->-SPEN,4,6,2.000000,2,9.424603e-04,
PIK3CA->-NUP93 PIK3CA->-SPEN SPEN->-NUP93,3,3,2.000000,2,2.777778e-02,
ATM->-NUP93,2,1,2.000000,2,2.500000e-01,
MYC->-PIK3CA,2,1,2.000000,2,6.031250e-01,
PIK3CA->-FLT3,2,1,2.000000,2,7.875000e-01,
ERBB3->-NUP93,2,1,2.000000,2,1.785714e-01,
MEN1->-MAP3K1,2,1,2.000000,2,7.555390e-01,
KMT2C->-MYC,2,1,2.000000,2,2.500000e-01,
GATA3->-HIST1H3F,2,1,2.000000,2,2.500000e-01,
ERBB3->-ARID1A MAP3K1->-ARID1A MAP3K1->-ERBB3,3,3,2.000000,2,9.920635e-03,
ATM->-EGFR,2,1,2.000000,2,2.500000e-01,
ATM->-FLT3,2,1,2.000000,2,2.500000e-01,
MAP3K1->-ATM,2,1,2.000000,2,7.088636e-01,
ATM->-CHEK2,2,1,2.000000,2,2.500000e-01,
FLT3->-EGFR,2,1,2.000000,2,2.500000e-01,
CHEK2->-FLT3,2,1,2.000000,2,1.547619e-01,
CDH1->-CSF1R,2,1,2.000000,2,2.500000e-01,
CDH1->-MPL,2,1,2.000000,2,2.321937e-01,
CIC->-ARID1A,2,1,2.000000,2,4.000000e-01,
PIK3CA->-TP53 SMARCA4->-PIK3CA SMARCA4->-TP53,3,3,2.000000,2,1.640947e-01,
SMARCA4->-ATR,2,1,2.000000,2,2.500000e-01,
ABL1->-TP53,2,1,2.000000,2,7.229551e-01,
ATR->-TP53,2,1,2.000000,2,9.993783e-01,
RAD54L->-KMT2C,2,1,2.000000,2,5.000000e-01,
TSC2->-TP53,2,1,2.000000,2,9.769043e-01,
TBX3->-TSC2,2,1,2.000000,2,2.500000e-01,
ROS1->-TP53 TBX3->-ROS1 TBX3->-TP53,3,3,2.000000,2,5.753968e-02,
KMT2C->-RAD50,2,1,2.000000,2,3.563284e-01,
KMT2C->-KDM5C,2,1,2.000000,2,4.333333e-01,
TBX3->-PIK3CG,2,1,2.000000,2,2.210526e-01,
ANKRD11->-CDH1,2,1,2.000000,2,8.479167e-01,
ANKRD11->-BRCA2,2,1,2.000000,2,3.047619e-01,
TBX3->-ESR1,2,1,2.000000,2,6.133242e-01,
GATA3-/-MAP3K1,2,1,2.000000,2,1.904762e-01,
FAT1-/-FOXA1,2,1,2.000000,2,7.662490e-02,
FAT1->-DDR2 TP53->-DDR2 TP53->-FAT1,3,3,2.000000,2,2.210039e-02,
TBX3->-FAT1,2,1,2.000000,2,2.727564e-01,
DDR2->-PIK3CG,2,1,2.000000,2,2.052632e-01,
PTEN->-PIK3CG,2,1,2.000000,2,1.339919e-01,
FOXA1-/-JAK3 PTEN->-FOXA1 PTEN->-JAK3,3,3,2.000000,2,7.101514e-04,
PTEN->-CDK12,2,1,2.000000,2,1.339919e-01,
FOXA1-/-TBX3,2,1,2.000000,2,4.210526e-02,
CDH1->-FLT3 CDH1->-JAK3 FLT3->-JAK3,3,3,2.000000,2,2.210039e-02,
ABL1->-JAK3 CDH1->-ABL1 CDH1->-JAK3,3,3,2.000000,2,2.210039e-02,
FLT3->-PTPRS,2,1,2.000000,2,2.210526e-01,
TP53->-DIS3,2,1,2.000000,2,2.210526e-01,
CDK12->-PTPRS,2,1,2.000000,2,2.767881e-01,
CDK12->-AMER1,2,1,2.000000,2,1.190283e-01,
TBX3->-PTPRS,2,1,2.000000,2,2.210526e-01,
MAP2K4->-DDR2,2,1,2.000000,2,2.210526e-01,
PTEN->-DDR2,2,1,2.000000,2,5.878947e-01,
MAP2K4->-EPHB1,2,1,2.000000,2,2.189474e-01,
TBX3->-MAP2K4,2,1,2.000000,2,4.591479e-01,
ATRX->-JAK3 TP53->-ATRX TP53->-JAK3,3,3,2.000000,2,5.525097e-03,
AMER1->-JAK3,2,1,2.000000,2,1.603715e-01,
CDK12->-TBX3,2,1,2.000000,2,2.210526e-01,
TBX3->-DDR2,2,1,2.000000,2,1.336032e-01,
EPHB1->-KDM5A TP53->-EPHB1 TP53->-KDM5A,3,3,2.000000,2,2.210039e-02,
TBX3->-KDM5A,2,1,2.000000,2,1.473684e-01,
SDHB->-INPP4B,2,1,2.000000,2,2.010315e-01,
NF1->-HIST1H3B,2,1,2.000000,2,2.152778e-01,
PIK3CA->-H3F3C,2,1,2.000000,2,5.000000e-01,
PIK3CA->-MAP3K13,2,1,2.000000,2,6.422414e-01,
PIK3CA->-RIT1,2,1,2.000000,2,4.015385e-01,
MAP3K13->-PLK2,2,1,2.000000,2,1.896552e-01,
ATM->-PLK2 PIK3CA->-ATM PIK3CA->-PLK2,3,3,2.000000,2,1.000000e-02,
CDH1->-CTCF CDH1->-ERBB3 ERBB3->-CTCF,3,3,2.000000,2,1.190476e-02,
BRCA2->-TERT TP53->-BRCA2 TP53->-TERT,3,3,2.000000,2,2.777778e-02,
PLK2->-KMT2D,2,1,2.000000,2,2.500000e-01,
CDKN2A->-KMT2D TP53->-CDKN2A TP53->-KMT2D,3,3,2.000000,2,2.777778e-02,
STK11->-KMT2D TP53->-KMT2D TP53->-STK11,3,3,2.000000,2,5.347449e-02,
ANKRD11-/-PPM1D,2,1,2.000000,2,1.928571e-01,
PIK3CA->-LATS1,2,1,2.000000,2,6.093750e-01,
MAP3K1-/-PTPRS PIK3CA->-MAP3K1 PIK3CA->-PTPRS,3,3,2.000000,2,2.289377e-03,
PIK3CA->-CREBBP PIK3CA->-PTPRD PTPRD->-CREBBP,3,3,2.000000,2,5.006473e-03,
DICER1->-PTCH1,2,1,2.000000,2,1.515385e-01,
DNMT3A->-TP53,2,1,2.000000,2,9.447211e-01,
BLM->-ARID1B,2,1,2.000000,2,2.037433e-01,
ARID1B->-DICER1,2,1,2.000000,2,3.556818e-01,
CIC->-ARID1B,2,1,2.000000,2,2.121212e-01,
BRCA2->-TET2,2,1,2.000000,2,2.181818e-01,
BRCA2->-ATR,2,1,2.000000,2,1.600000e-01,
PIK3CA->-CDC73,2,1,2.000000,2,5.941220e-01,
PIK3CA->-DNMT1 PTEN->-DNMT1 PTEN->-PIK3CA,3,3,2.000000,2,1.000000e-02,
IRS2->-AXIN1,2,1,2.000000,2,1.600000e-01,
NCOR1->-AXIN1,2,1,2.000000,2,2.500000e-01,
NCOR1->-IRS2,2,1,2.000000,2,5.000000e-01,
TP53->-SOS1,2,1,2.000000,2,1.500000e-01,
PTEN->-CARD11 TP53->-CARD11 TP53->-PTEN,3,3,2.000000,2,2.777778e-02,
NCOR1->-RASA1,2,1,2.000000,2,2.500000e-01,
PTEN->-RASA1,2,1,2.000000,2,2.500000e-01,
PIK3CA->-CDK4,2,1,2.000000,2,2.500000e-01,
PIK3CA->-ERCC2,2,1,2.000000,2,5.000000e-01,
FOXA1->-PIK3CG PIK3CA->-FOXA1 PIK3CA->-PIK3CG,3,3,2.000000,2,4.444444e-02,
NF1->-ERCC5 TP53->-ERCC5 TP53->-NF1,3,3,2.000000,2,2.777778e-02,
ATR->-ERCC5 TP53->-ATR TP53->-ERCC5,3,3,2.000000,2,5.092593e-02,
ERCC5->-FGFR4 TP53->-ERCC5 TP53->-FGFR4,3,3,2.000000,2,2.777778e-02,
ERCC5->-MAP3K1 TP53->-ERCC5 TP53->-MAP3K1,3,3,2.000000,2,7.870370e-02,
TP53->-SPOP,2,1,2.000000,2,2.500000e-01,
SPOP->-NF1,2,1,2.000000,2,2.500000e-01,
NF1->-PRDM1,2,1,2.000000,2,1.833333e-01,
ATR->-NSD1,2,1,2.000000,2,2.500000e-01,
MAP3K1->-FGFR4 PTEN->-FGFR4 PTEN->-MAP3K1,3,3,2.000000,2,1.000000e-02,
MED12->-FGFR4,2,1,2.000000,2,4.015385e-01,
RUNX1->-CDKN1B,2,1,2.000000,2,2.500000e-01,
TP53->-PAX5,2,1,2.000000,2,1.750000e-01,
ARID1A->-PTPRD TP53->-ARID1A TP53->-PTPRD,3,3,2.000000,2,1.942761e-02,
NF1->-CTCF,2,1,2.000000,2,2.500000e-01,
NF1->-PIK3R1 NF1->-PTEN PTEN->-PIK3R1,3,3,2.000000,2,1.179962e-01,
CDH1->-RASA1 CDH1->-RECQL4 RASA1->-RECQL4,3,3,2.000000,2,1.649306e-02,
RECQL4->-KMT2C,2,1,2.000000,2,3.711740e-01,
CDH1->-PIK3C3 CDH1->-PIK3CA PIK3CA->-PIK3C3,3,3,2.000000,2,9.637188e-03,
CDH1->-GLI1 CDH1->-PIK3CA PIK3CA->-GLI1,3,3,2.000000,2,1.686508e-02,
PIK3CA->-GLI1 TBX3->-GLI1 TBX3->-PIK3CA,3,3,2.000000,2,1.686508e-02,
ARID1A->-GLI1,2,1,2.000000,2,4.395604e-01,
PIK3CA->-STAT5A,2,1,2.000000,2,1.895604e-01,
CDH1-/-RFWD2 CDH1->-KMT2C CDH1->-PIK3CA KMT2C-/-RFWD2 PIK3CA-/-RFWD2 PIK3CA->-KMT2C,4,6,2.000000,2,1.689906e-04,
CDH1-/-RFWD2 CDH1->-CREBBP CDH1->-PIK3CA CREBBP-/-RFWD2 PIK3CA-/-RFWD2 PIK3CA->-CREBBP,4,6,2.000000,2,1.689906e-04,
ARID1A->-RFWD2,2,1,2.000000,2,1.895604e-01,
ARID1A->-TBX3,2,1,2.000000,2,6.974173e-01,
CDH1->-RASA1 CDH1->-TBX3 TBX3->-RASA1,3,3,2.000000,2,1.686508e-02,
TBX3->-CREBBP,2,1,2.000000,2,1.105769e-01,
BRAF->-PIK3CA,2,1,2.000000,2,8.125000e-01,
TP53->-ERCC3,2,1,2.000000,2,2.500000e-01,
KLF4->-PIK3CA,2,1,2.000000,2,8.125000e-01,
PTEN->-ASXL1,2,1,2.000000,2,2.500000e-01,
NF1->-ASXL1,2,1,2.000000,2,4.166667e-01,
ATM->-TP53,2,1,2.000000,2,9.935196e-01,
RB1->-FOXA1 RB1->-TP53 TP53->-FOXA1,3,3,2.000000,2,1.060606e-02,
KMT2C->-FOXA1,2,1,2.000000,2,8.247334e-01,
ATM->-FOXA1,2,1,2.000000,2,4.232421e-01,
RB1->-NCOR1,2,1,2.000000,2,8.622159e-01,
ATM->-NCOR1,2,1,2.000000,2,3.733766e-01,
KMT2C->-WT1,2,1,2.000000,2,1.590909e-01,
CDH1->-CHEK2,2,1,2.000000,2,5.000000e-01,
KMT2C->-POLE,2,1,2.000000,2,1.666667e-01,
GATA3->-MST1,2,1,2.000000,2,1.333333e-01,
TSC1->-TP53,2,1,2.000000,2,8.969924e-01,
MED12-/-PIK3R1 TP53->-MED12 TP53->-PIK3R1,3,3,2.000000,2,2.208050e-02,
MED12-/-PIM1 TP53->-MED12 TP53->-PIM1,3,3,2.000000,2,6.349206e-03,
MED12-/-ROS1 TP53->-MED12 TP53->-ROS1,3,3,2.000000,2,6.349206e-03,
TSC1->-KDM6A,2,1,2.000000,2,1.668755e-01,
CDH1->-AXIN1,2,1,2.000000,2,4.500000e-01,
CDH1->-SOX17 CDH1->-TP53 TP53->-SOX17,3,3,2.000000,2,2.777778e-02,
RB1->-FBXW7 TP53->-FBXW7 TP53->-RB1,3,3,2.000000,2,2.222222e-02,
PBRM1->-RB1 TP53->-PBRM1 TP53->-RB1,3,3,2.000000,2,1.438492e-02,
RB1->-AXIN1 TP53->-AXIN1 TP53->-RB1,3,3,2.000000,2,2.777778e-02,
PBRM1->-ERBB2,2,1,2.000000,2,2.500000e-01,
NF1->-PTPRD NF1->-TP53 TP53->-PTPRD,3,3,2.000000,2,1.388889e-02,
NF1->-EPHA7,2,1,2.000000,2,4.205128e-01,
RNF43->-ERBB2,2,1,2.000000,2,2.500000e-01,
MTOR->-PIK3CA,2,1,2.000000,2,9.297225e-01,
CREBBP-/-PIK3CA,2,1,2.000000,2,6.797527e-01,
CDH1->-NUP93,2,1,2.000000,2,1.785714e-01,
BRCA1->-GATA3 PIK3CA->-BRCA1 PIK3CA->-GATA3,3,3,2.000000,2,1.313703e-01,
SPEN->-ESR1,2,1,2.000000,2,8.000000e-01,
ESR1->-ARID1B,2,1,2.000000,2,1.375000e-01,
CDH1->-ALOX12B,2,1,2.000000,2,2.500000e-01,
ESR1->-ALOX12B,2,1,2.000000,2,2.500000e-01,
PTEN->-ESR1,2,1,2.000000,2,5.000000e-01,
CDH1->-PTEN CDH1->-RHOA PTEN->-RHOA,3,3,2.000000,2,2.777778e-02,
MAP2K4->-FAM175A TP53->-FAM175A TP53->-MAP2K4,3,3,2.000000,2,1.215278e-02,
MAP2K4->-BRCA2 TP53->-BRCA2 TP53->-MAP2K4,3,3,2.000000,2,1.388889e-02,
MAP2K4->-ERCC5 TP53->-ERCC5 TP53->-MAP2K4,3,3,2.000000,2,1.388889e-02,
PIK3CA->-GPS2,2,1,2.000000,2,9.462976e-01,
MAP2K4->-GPS2,2,1,2.000000,2,4.976190e-01,
BRD4-/-ZFHX3 PIK3CA->-BRD4 PIK3CA->-ZFHX3,3,3,2.000000,2,2.678571e-03,
MSH2->-KMT2C,2,1,2.000000,2,4.426062e-01,
ATM->-RPS6KB2,2,1,2.000000,2,1.944444e-01,
ATM->-RICTOR,2,1,2.000000,2,1.944444e-01,
GATA3->-CDH1,2,1,2.000000,2,9.942341e-01,
GATA3->-MAP2K4,2,1,2.000000,2,9.692582e-01,
TBX3->-MED12,2,1,2.000000,2,2.210884e-01,
PTPRS->-SETD2,2,1,2.000000,2,1.500000e-01,
TP53->-CD79A,2,1,2.000000,2,1.133787e-01,
CREBBP->-DNMT3B,2,1,2.000000,2,2.380952e-01,
KMT2D->-RB1 TP53->-KMT2D TP53->-RB1,3,3,2.000000,2,6.746032e-02,
CREBBP->-RB1,2,1,2.000000,2,1.917989e-01,
PIK3CA->-RAC1,2,1,2.000000,2,1.750000e-01,
PIK3CA->-TCF3,2,1,2.000000,2,2.083333e-01,
KLF4->-TP53,2,1,2.000000,2,8.471354e-01,
GATA3->-JAK1,2,1,2.000000,2,2.500000e-01,
CIC->-KMT2D,2,1,2.000000,2,4.000000e-01,
PIK3R1->-KMT2C,2,1,2.000000,2,8.035969e-01,
CDH1->-TP63,2,1,2.000000,2,2.500000e-01,
ERBB2->-TP63,2,1,2.000000,2,2.500000e-01,
MGA->-NOTCH4 TP53->-MGA TP53->-NOTCH4,3,3,2.000000,2,1.041667e-02,
NOTCH4->-ROS1 TP53->-NOTCH4 TP53->-ROS1,3,3,2.000000,2,2.653770e-02,
PIK3R1->-MGA,2,1,2.000000,2,1.666667e-01,
MGA->-ROS1,2,1,2.000000,2,3.484848e-01,
MED12-/-MGA,2,1,2.000000,2,1.312821e-01,
PIK3R1->-ARID2,2,1,2.000000,2,1.666667e-01,
PIK3R1->-ROS1,2,1,2.000000,2,3.690476e-01,
PIK3R1->-MED12,2,1,2.000000,2,6.913439e-01,
MED12->-ARID2,2,1,2.000000,2,1.666667e-01,
PIK3CA->-POLE PIK3CA->-SPEN SPEN->-POLE,3,3,2.000000,2,2.777778e-02,
PIK3CA->-FLT1 PIK3CA->-SPEN SPEN->-FLT1,3,3,2.000000,2,2.777778e-02,
ARID1A->-FLT1,2,1,2.000000,2,1.409091e-01,
FLT1->-MAP3K1,2,1,2.000000,2,4.561404e-01,
FBXW7->-FLT4,2,1,2.000000,2,2.083333e-01,
FBXW7->-TP53,2,1,2.000000,2,9.964037e-01,
ANKRD11->-PIK3C2G,2,1,2.000000,2,9.285714e-02,
ASXL1->-SRC,2,1,2.000000,2,1.547619e-01,
ASXL1-/-KDM5C,2,1,2.000000,2,1.777778e-01,
FLT3-/-PIK3CB FLT3->-POLE PIK3CB-/-POLE,3,3,2.000000,2,7.568084e-03,
CARD11->-ARID1A,2,1,2.000000,2,7.060113e-01,
GATA3->-PIK3C2G,2,1,2.000000,2,1.547619e-01,
BRCA2->-ARID1A,2,1,2.000000,2,7.902025e-01,
KDM5C->-ARID1A,2,1,2.000000,2,6.160714e-01,
CHEK2->-PIK3CB,2,1,2.000000,2,1.031746e-01,
KMT2D->-ARID1B,2,1,2.000000,2,1.945466e-01,
KMT2D->-INPP4B,2,1,2.000000,2,1.945466e-01,
TP53->-MSH2,2,1,2.000000,2,2.083333e-01,
KMT2D->-XPO1,2,1,2.000000,2,2.083333e-01,
KMT2D->-HNF1A,2,1,2.000000,2,2.083333e-01,
ATRX->-HNF1A TP53->-ATRX TP53->-HNF1A,3,3,2.000000,2,5.588624e-02,
STAT3->-PIK3CA,2,1,2.000000,2,2.500000e-01,
RUNX1->-ERBB2,2,1,2.000000,2,9.218750e-01,
PIK3CA->-CUL3,2,1,2.000000,2,5.000000e-01,
PIK3CA->-MAP2K1,2,1,2.000000,2,5.000000e-01,
MEN1->-ESR1,2,1,2.000000,2,2.380952e-01,
CDH1->-BRAF,2,1,2.000000,2,2.500000e-01,
ARID1A->-BRAF,2,1,2.000000,2,1.510989e-01,
RHOA->-CDH1,2,1,2.000000,2,8.656463e-01,
FOXA1->-ATM,2,1,2.000000,2,4.232421e-01,
ARID1A->-RHOA,2,1,2.000000,2,1.904762e-01,
CDH1->-DAXX CDH1->-PIK3CA PIK3CA->-DAXX,3,3,2.000000,2,1.752265e-02,
CDH1->-PIK3CA PTPRT->-CDH1 PTPRT->-PIK3CA,3,3,2.000000,2,7.407407e-02,
PTPRT->-ARID2,2,1,2.000000,2,6.339286e-01,
PTPRT->-MAP3K1,2,1,2.000000,2,6.546053e-01,
ATR->-NOTCH4 PIK3CA->-ATR PIK3CA->-NOTCH4,3,3,2.000000,2,2.777778e-02,
ATR->-GRIN2A,2,1,2.000000,2,2.500000e-01,
ARID1A->-DICER1,2,1,2.000000,2,1.375000e-01,
PTPRT->-TET2,2,1,2.000000,2,4.555556e-01,
BRCA1->-PTPRT,2,1,2.000000,2,2.055556e-01,
PTPRT->-HNF1A,2,1,2.000000,2,3.333333e-01,
BRCA1->-PTCH1,2,1,2.000000,2,2.055556e-01,
PTCH1->-CDK12,2,1,2.000000,2,1.245983e-01,
HNF1A->-CDK12,2,1,2.000000,2,1.245983e-01,
CBL->-PIK3CA,2,1,2.000000,2,5.746324e-01,
FLT1->-PIK3CA,2,1,2.000000,2,7.905702e-01,
AKT1->-RAD54L,2,1,2.000000,2,1.600000e-01,
RECQL4->-GATA3,2,1,2.000000,2,4.333333e-01,
PTPRT->-PTPRS,2,1,2.000000,2,2.500000e-01,
KMT2C->-ANKRD11,2,1,2.000000,2,4.396552e-01,
KMT2D->-ANKRD11 TP53->-ANKRD11 TP53->-KMT2D,3,3,2.000000,2,1.111111e-02,
PTPRS->-KMT2D TP53->-KMT2D TP53->-PTPRS,3,3,2.000000,2,6.057099e-02,
NF1->-PTPRS,2,1,2.000000,2,4.821937e-01,
TERT->-TP53,2,1,2.000000,2,9.094575e-01,
INHA->-CREBBP,2,1,2.000000,2,2.321429e-01,
TP53->-IGF1,2,1,2.000000,2,1.666667e-01,
TP53->-HIST1H3G,2,1,2.000000,2,4.500000e-01,
RUNX1->-GATA3,2,1,2.000000,2,2.000000e-01,
RUNX1->-SETD2,2,1,2.000000,2,2.000000e-01,
NF1->-ERBB2,2,1,2.000000,2,5.000000e-01,
IRS1->-SPEN,2,1,2.000000,2,4.136364e-01,
PIK3CG->-PIK3CA,2,1,2.000000,2,8.941930e-01,
IRS1->-ESR1,2,1,2.000000,2,2.500000e-01,
CDK12->-TP53,2,1,2.000000,2,7.230556e-01,
FGFR4->-KMT2C,2,1,2.000000,2,2.765385e-01,
KMT2C->-ARID5B,2,1,2.000000,2,4.396552e-01,
KMT2C->-CBFB,2,1,2.000000,2,7.708333e-01,
FOXA1->-FAT1,2,1,2.000000,2,5.644110e-01,
FAT1-/-NSD1,2,1,2.000000,2,1.088435e-02,
FOXA1->-INSR,2,1,2.000000,2,2.380952e-01,
FOXA1->-NSD1,2,1,2.000000,2,6.658730e-01,
FOXA1->-XPO1,2,1,2.000000,2,2.232143e-01,
FOXA1->-PTPRD,2,1,2.000000,2,2.232143e-01,
ERBB2->-XPO1,2,1,2.000000,2,2.232143e-01,
CDKN1B->-PTPRD,2,1,2.000000,2,2.232143e-01,
ERBB2->-PTPRD TP53->-ERBB2 TP53->-PTPRD,3,3,2.000000,2,1.282909e-02,
SOX9->-PIK3CA,2,1,2.000000,2,6.250000e-01,
SOX9->-IRS1,2,1,2.000000,2,1.666667e-01,
PIK3CA->-NTRK1,2,1,2.000000,2,1.750000e-01,
SPEN->-RUNX1,2,1,2.000000,2,2.500000e-01,
RUNX1->-JUN,2,1,2.000000,2,2.500000e-01,
CDH1->-KMT2C CDH1->-RUNX1 KMT2C->-RUNX1,3,3,2.000000,2,1.319444e-01,
PIK3CA->-RB1 PIK3CA->-RUNX1 RB1->-RUNX1,3,3,2.000000,2,2.777778e-02,
RB1->-RUNX1 TP53->-RB1 TP53->-RUNX1,3,3,2.000000,2,2.777778e-02,
ERBB2->-GATA3,2,1,2.000000,2,2.500000e-01,
MAP2K4->-ATM,2,1,2.000000,2,2.500000e-01,
PIK3C2G->-NCOR1,2,1,2.000000,2,5.000000e-01,
NCOR1->-EGFR,2,1,2.000000,2,2.500000e-01,
PIK3C2G->-EGFR,2,1,2.000000,2,2.500000e-01,
FYN->-ATM,2,1,2.000000,2,1.515385e-01,
BARD1->-PTPRT,2,1,2.000000,2,1.500000e-01,
CSF3R->-PIK3CA,2,1,2.000000,2,1.813725e-01,
CTCF->-MAP2K4 CTCF->-PIK3CA MAP2K4->-PIK3CA,3,3,2.000000,2,1.527778e-02,
DNMT3B->-ARID1A,2,1,2.000000,2,6.875000e-01,
ESR1->-POLE,2,1,2.000000,2,2.500000e-01,
ESR1->-AR,2,1,2.000000,2,1.250000e-01,
ESR1->-RAD50 PIK3CA->-ESR1 PIK3CA->-RAD50,3,3,2.000000,2,5.092593e-02,
GATA3->-RAD50 PIK3CA->-GATA3 PIK3CA->-RAD50,3,3,2.000000,2,2.777778e-02,
NF1->-POLE,2,1,2.000000,2,2.500000e-01,
CDH1->-MAP3K1 CDH1->-POLE MAP3K1->-POLE,3,3,2.000000,2,2.777778e-02,
IGF1R->-GATA3 PIK3CA->-GATA3 PIK3CA->-IGF1R,3,3,2.000000,2,5.872966e-02,
GATA3->-AR,2,1,2.000000,2,5.000000e-01,
MAP3K1->-AR,2,1,2.000000,2,5.000000e-01,
CDH1->-NF1 CDH1->-RAD50 NF1->-RAD50,3,3,2.000000,2,2.469136e-02,
MAP3K1->-NF1 PIK3CA->-MAP3K1 PIK3CA->-NF1,3,3,2.000000,2,7.407407e-02,
MAX->-PIK3CA,2,1,2.000000,2,3.839286e-01,
GATA3->-MGA,2,1,2.000000,2,4.833333e-01,
GATA3->-IGF1R,2,1,2.000000,2,7.106818e-01,
TBX3->-FOXA1,2,1,2.000000,2,9.137111e-01,
ERBB3->-CDH1,2,1,2.000000,2,9.677252e-01,
ERBB3->-POLE,2,1,2.000000,2,2.500000e-01,
ESR1->-ZFHX3,2,1,2.000000,2,1.375000e-01,
ARID1B->-ZFHX3,2,1,2.000000,2,1.375000e-01,
PIK3CA->-PPM1D,2,1,2.000000,2,1.375000e-01,
PIK3CA->-MYC,2,1,2.000000,2,6.031250e-01,
JAK2-/-PTPRT,2,1,2.000000,2,3.294815e-01,
ESR1-/-TP53 PIK3CA->-ESR1 PIK3CA->-TP53,3,3,2.000000,2,3.844388e-02,
BRD4-/-DICER1,2,1,2.000000,2,1.772308e-01,
ARID1A->-MTOR,2,1,2.000000,2,2.875000e-01,
ARID1A->-PAK1,2,1,2.000000,2,1.375000e-01,
PIK3CA->-DCUN1D1,2,1,2.000000,2,1.750000e-01,
SMARCA4->-PARP1,2,1,2.000000,2,1.600000e-01,
FOXA1->-PTCH1 PIK3CA->-FOXA1 PIK3CA->-PTCH1,3,3,2.000000,2,1.000000e-02,
TP53->-CBFB,2,1,2.000000,2,9.574508e-01,
ARID1A-/-CDH1,2,1,2.000000,2,5.498179e-01,
AKT1->-CREBBP,2,1,2.000000,2,2.013889e-01,
AKT1->-RB1,2,1,2.000000,2,2.013889e-01,
AKT1->-ARID1A,2,1,2.000000,2,5.711806e-01,
IRS2->-TP53,2,1,2.000000,2,7.874369e-01,
IRS2->-POLE,2,1,2.000000,2,1.600000e-01,
CDH1->-PIK3CB,2,1,2.000000,2,2.500000e-01,
CDH1->-SMAD2,2,1,2.000000,2,5.000000e-01,
ARID1A->-ESR1,2,1,2.000000,2,9.744333e-01,
MAP2K4->-ARID1A,2,1,2.000000,2,3.333333e-01,
MAP2K4->-KMT2D,2,1,2.000000,2,1.500000e-01,
MAP2K4->-CIC,2,1,2.000000,2,1.485714e-01,
MAP3K1->-PIK3CA TBX3->-MAP3K1 TBX3->-PIK3CA,3,3,2.000000,2,2.536559e-01,
CBFB->-TBX3,2,1,2.000000,2,6.875000e-01,
CDH1->-FGFR2 CDH1->-KMT2C KMT2C->-FGFR2,3,3,2.000000,2,2.777778e-02,
KDM6A->-CDH1,2,1,2.000000,2,8.115809e-01,
TP53->-DNAJB1,2,1,2.000000,2,8.944444e-02,
HNF1A->-TP53,2,1,2.000000,2,9.308920e-01,
PIK3CA->-RAB35,2,1,2.000000,2,2.500000e-01,
GATA3->-HIST1H3J,2,1,2.000000,2,1.636364e-01,
TP53->-RNF43,2,1,2.000000,2,1.166667e-01,
ALK-/-PIK3CA,2,1,2.000000,2,2.782222e-01,
TP53->-U2AF1,2,1,2.000000,2,3.888889e-01,
RB1->-NOTCH2 TP53->-NOTCH2 TP53->-RB1,3,3,2.000000,2,2.777778e-02,
ARID2->-BCOR TP53->-ARID2 TP53->-BCOR,3,3,2.000000,2,2.777778e-02,
ATM->-RUNX1 PIK3CA->-ATM PIK3CA->-RUNX1,3,3,2.000000,2,1.388889e-02,
TP53->-CRLF2,2,1,2.000000,2,2.500000e-01,
TP53->-CCND1,2,1,2.000000,2,1.500000e-01,
ARID1A->-AKT1,2,1,2.000000,2,5.711806e-01,
CDH1->-INPP4A CDH1->-PIK3CA PIK3CA->-INPP4A,3,3,2.000000,2,2.777778e-02,
CDH1->-ERBB2 CDH1->-NCOR1 NCOR1->-ERBB2,3,3,2.000000,2,7.407407e-02,
ERBB2->-BRAF,2,1,2.000000,2,1.510989e-01,
TP53->-GNAS,2,1,2.000000,2,1.190476e-01,
NCOR1->-TET2 TP53->-NCOR1 TP53->-TET2,3,3,2.000000,2,2.777778e-02,
TET2->-GRIN2A,2,1,2.000000,2,1.600000e-01,
CDH1->-GNAS,2,1,2.000000,2,2.500000e-01,
CDH1->-EIF4A2,2,1,2.000000,2,2.500000e-01,
CDH1->-CDKN2A CDH1->-NCOR1 CDKN2A->-NCOR1,3,3,2.000000,2,2.777778e-02,
NCOR1->-KDM6A,2,1,2.000000,2,2.500000e-01,
KDM6A->-GRIN2A TP53->-GRIN2A TP53->-KDM6A,3,3,2.000000,2,2.777778e-02,
CDH1->-SLX4,2,1,2.000000,2,2.481618e-01,
NOTCH4->-EED,2,1,2.000000,2,2.481618e-01,
NOTCH4->-NOTCH2,2,1,2.000000,2,3.981618e-01,
RASA1->-KMT2A,2,1,2.000000,2,1.804813e-01,
KMT2C->-RASA1,2,1,2.000000,2,4.377222e-01,
CDH1->-MSH2 CDH1->-RASA1 MSH2->-RASA1,3,3,2.000000,2,2.716503e-02,
CDH1->-FGF19,2,1,2.000000,2,2.481618e-01,
CDH1->-KMT2C CDH1->-STAT5B KMT2C->-STAT5B,3,3,2.000000,2,1.713612e-02,
CDH1->-YES1,2,1,2.000000,2,1.882606e-01,
PTCH1->-NOTCH2,2,1,2.000000,2,2.481618e-01,
KDM6A->-KMT2A,2,1,2.000000,2,4.981618e-01,
FAT1->-ERCC4,2,1,2.000000,2,4.166667e-01,
ARID2-/-FAT1,2,1,2.000000,2,1.318681e-01,
FLT4->-PIK3CA,2,1,2.000000,2,9.948218e-01,
PIK3CA->-GNAS,2,1,2.000000,2,2.500000e-01,
SF3B1->-KMT2C,2,1,2.000000,2,5.000000e-01,
PIK3CA->-ERG PIK3CA->-TP53 TP53->-ERG,3,3,2.000000,2,2.777778e-02,
TP53->-CBL,2,1,2.000000,2,2.500000e-01,
PIK3CA->-POLE PIK3CA->-RB1 RB1->-POLE,3,3,2.000000,2,7.407407e-02,
CBL->-JAK3,2,1,2.000000,2,1.813725e-01,
CDH1->-PIK3CA CDH1->-SMARCD1 PIK3CA->-SMARCD1,3,3,2.000000,2,6.944444e-03,
ARID1B->-PIK3R1,2,1,2.000000,2,4.821937e-01,
ARID1B->-RUNX1,2,1,2.000000,2,2.430556e-01,
TCF7L2->-SOX2,2,1,2.000000,2,1.346154e-01,
PIK3R1->-RUNX1,2,1,2.000000,2,1.666667e-01,
NCOR1->-ARID1A,2,1,2.000000,2,8.125000e-01,
CTCF->-ESR1,2,1,2.000000,2,2.500000e-01,
BRCA2->-BAP1,2,1,2.000000,2,2.090909e-01,
TP53->-NEGR1,2,1,2.000000,2,2.500000e-01,
CDH1->-JAK1,2,1,2.000000,2,5.000000e-01,
ESR1->-PTPRD TP53->-ESR1 TP53->-PTPRD,3,3,2.000000,2,2.777778e-02,
RAD54L->-NCOR1,2,1,2.000000,2,2.500000e-01,
NCOR1->-JAK1,2,1,2.000000,2,1.346154e-01,
BRCA2->-PTPRD,2,1,2.000000,2,2.500000e-01,
JAK1->-BRCA2,2,1,2.000000,2,2.142857e-01,
RB1->-TSHR,2,1,2.000000,2,2.500000e-01,
RB1->-FLT4,2,1,2.000000,2,4.250000e-01,
ATRX->-FLT4,2,1,2.000000,2,4.250000e-01,
RB1->-KMT2D,2,1,2.000000,2,6.785714e-01,
KMT2D->-GATA3,2,1,2.000000,2,6.750919e-01,
ATRX->-KMT2D,2,1,2.000000,2,4.583333e-01,
AKT1->-PIK3CA,2,1,2.000000,2,4.518519e-01,
CTCF->-GPS2,2,1,2.000000,2,1.750000e-01,
PTCH1->-GATA3,2,1,2.000000,2,2.112220e-01,
TP53->-ERRFI1,2,1,2.000000,2,9.777778e-02,
TP53->-SMARCB1,2,1,2.000000,2,3.738095e-01,
TP53->-SRSF2,2,1,2.000000,2,3.431368e-01,
EP300->-SRSF2,2,1,2.000000,2,1.833333e-01,
TP53->-PMS2,2,1,2.000000,2,3.888889e-01,
PIK3CA->-PIK3CD,2,1,2.000000,2,1.010256e-01,
MTOR->-AKT1,2,1,2.000000,2,2.750000e-01,
NSD1->-PARP1,2,1,2.000000,2,1.486040e-01,
BCOR->-PARP1,2,1,2.000000,2,1.160784e-01,
MDM2->-PARP1,2,1,2.000000,2,1.600000e-01,
KIT->-PARP1 YES1->-KIT YES1->-PARP1,3,3,2.000000,2,7.649019e-03,
GRIN2A->-PARP1,2,1,2.000000,2,1.600000e-01,
IRS2->-TET2,2,1,2.000000,2,9.018182e-02,
NOTCH2->-TET1,2,1,2.000000,2,1.600000e-01,
AKT1->-AXIN1,2,1,2.000000,2,1.600000e-01,
SMARCA4->-TET1,2,1,2.000000,2,1.600000e-01,
AXIN1->-SMARCA4,2,1,2.000000,2,1.600000e-01,
NSD1->-MDM2,2,1,2.000000,2,1.600000e-01,
NSD1-/-PIK3CB,2,1,2.000000,2,8.228571e-02,
KMT2A->-RIT1,2,1,2.000000,2,9.698462e-02,
PIK3C2G-/-POLE,2,1,2.000000,2,3.549206e-01,
BRCA1->-PIK3C2G,2,1,2.000000,2,4.100000e-01,
BCOR-/-KMT2A,2,1,2.000000,2,9.818182e-02,
BCOR->-GRIN2A,2,1,2.000000,2,3.418182e-01,
KMT2A-/-MDM2,2,1,2.000000,2,5.142857e-02,
BRCA1->-PIK3CB,2,1,2.000000,2,3.147619e-01,
PIK3CA->-PAX5,2,1,2.000000,2,1.666667e-01,
JAK3-/-PIK3CG,2,1,2.000000,2,2.315717e-01,
KMT2A-/-PIK3CG,2,1,2.000000,2,1.641026e-01,
MAP3K1->-PIK3CD PTEN->-MAP3K1 PTEN->-PIK3CD,3,3,2.000000,2,1.000000e-02,
MAP3K1->-DICER1 PTEN->-DICER1 PTEN->-MAP3K1,3,3,2.000000,2,1.000000e-02,
FOXA1->-KMT2C FOXA1->-PLK2 PLK2->-KMT2C,3,3,2.000000,2,1.000000e-02,
PIK3CA->-KMT2C PIK3CA->-PLK2 PLK2->-KMT2C,3,3,2.000000,2,3.172809e-02,
FOXA1->-FGFR4,2,1,2.000000,2,1.515385e-01,
CDKN1B-/-KMT2C CDKN1B-/-PIK3CA MAP3K1->-CDKN1B MAP3K1->-KMT2C MAP3K1->-PIK3CA PIK3CA->-KMT2C,4,6,2.000000,2,3.270160e-04,
MGA->-HNF1A MGA->-PTCH1 PIK3CA->-HNF1A PIK3CA->-MGA PIK3CA->-PTCH1 PTCH1->-HNF1A,4,6,2.000000,2,3.797380e-04,
PTEN->-TGFBR2,2,1,2.000000,2,1.262821e-01,
PTEN->-RIT1,2,1,2.000000,2,1.515385e-01,
MAP3K1->-NBN,2,1,2.000000,2,1.052350e-01,
MAP3K1->-JAK3,2,1,2.000000,2,1.515385e-01,
MAP3K1->-SETD2,2,1,2.000000,2,1.515385e-01,
MAP3K1->-MGA,2,1,2.000000,2,1.154579e-01,
KMT2A-/-PIK3CA MAP3K1->-KMT2A MAP3K1->-PIK3CA,3,3,2.000000,2,1.562882e-03,
MAP3K1->-DNMT1,2,1,2.000000,2,1.515385e-01,
DNMT1-/-NBN,2,1,2.000000,2,1.500366e-01,
PIK3CA->-CDK12,2,1,2.000000,2,4.392209e-01,
JAK3->-RIT1,2,1,2.000000,2,1.515385e-01,
MED12->-SETD2,2,1,2.000000,2,4.015385e-01,
DNMT1->-KMT2C,2,1,2.000000,2,1.515385e-01,
PTCH1->-KMT2C,2,1,2.000000,2,8.058325e-01,
MGA->-FGFR4 PIK3CA->-FGFR4 PIK3CA->-MGA,3,3,2.000000,2,1.000000e-02,
ATM->-FGFR4 PIK3CA->-ATM PIK3CA->-FGFR4,3,3,2.000000,2,1.000000e-02,
ATM->-DNMT1 PIK3CA->-ATM PIK3CA->-DNMT1,3,3,2.000000,2,1.000000e-02,
PTCH1->-FGFR4,2,1,2.000000,2,1.515385e-01,
EPHB1->-MAP3K1,2,1,2.000000,2,7.827381e-01,
RHOA->-TP53,2,1,2.000000,2,7.253089e-01,
KMT2D->-MDC1 TP53->-KMT2D TP53->-MDC1,3,3,2.000000,2,2.777778e-02,
TP53->-FGFR1,2,1,2.000000,2,3.750000e-01,
PIK3CA->-PTEN PIK3CA->-PTPRT PTEN->-PTPRT,3,3,2.000000,2,7.407407e-02,
PTEN->-KMT2D TP53->-KMT2D TP53->-PTEN,3,3,2.000000,2,7.407407e-02,
ARID1A->-PIK3C2G,2,1,2.000000,2,5.526786e-01,
NCOR1->-ALK,2,1,2.000000,2,2.500000e-01,
ATR->-ALK TP53->-ALK TP53->-ATR,3,3,2.000000,2,2.777778e-02,
SETD2->-KMT2D TP53->-KMT2D TP53->-SETD2,3,3,2.000000,2,2.777778e-02,
ANKRD11->-KMT2D,2,1,2.000000,2,6.312500e-01,
ANKRD11->-PLK2,2,1,2.000000,2,1.896552e-01,
ATM->-TBX3,2,1,2.000000,2,4.090909e-01,
GATA3->-KDM5A,2,1,2.000000,2,5.000000e-01,
TP53->-YAP1,2,1,2.000000,2,5.000000e-01,
CDH1->-FOXA1 CDH1->-NCOR1 FOXA1->-NCOR1,3,3,2.000000,2,2.777778e-02,
MAP2K4->-SMAD4,2,1,2.000000,2,2.476190e-01,
PIK3CA->-EP300 PIK3CA->-SMAD4 SMAD4->-EP300,3,3,2.000000,2,2.777778e-02,
CARD11->-TP53,2,1,2.000000,2,9.903496e-01,
CDKN2A->-CARD11,2,1,2.000000,2,2.500000e-01,
PIK3CA->-JUN,2,1,2.000000,2,4.976190e-01,
PIK3CA->-BRIP1 PIK3CA->-RUNX1 RUNX1->-BRIP1,3,3,2.000000,2,2.777778e-02,
TP53->-SH2D1A,2,1,2.000000,2,9.000000e-02,
EPHA5-/-NOTCH1 TP53->-EPHA5 TP53->-NOTCH1,3,3,2.000000,2,3.178571e-02,
PIK3CA->-SOX9,2,1,2.000000,2,6.250000e-01,
CDH1->-SOX9,2,1,2.000000,2,5.000000e-01,
BRCA2->-STK11,2,1,2.000000,2,2.500000e-01,
ESR1->-GNAS,2,1,2.000000,2,2.500000e-01,
ATM->-NOTCH4 TP53->-ATM TP53->-NOTCH4,3,3,2.000000,2,2.777778e-02,
PIK3CA->-REL,2,1,2.000000,2,2.083333e-01,
PIK3CA->-SYK,2,1,2.000000,2,2.500000e-01,
PIK3CA->-BCL6,2,1,2.000000,2,5.000000e-01,
PIK3C2G->-PTPRT TP53->-PIK3C2G TP53->-PTPRT,3,3,2.000000,2,2.777778e-02,
RB1->-PTPRT TP53->-PTPRT TP53->-RB1,3,3,2.000000,2,7.407407e-02,
MAP3K1->-REL TP53->-MAP3K1 TP53->-REL,3,3,2.000000,2,2.777778e-02,
BCL6->-NOTCH1 CDH1->-BCL6 CDH1->-NOTCH1,3,3,2.000000,2,2.777778e-02,
ATM->-CDH1 ATM->-PIK3CA CDH1->-PIK3CA,3,3,2.000000,2,1.319444e-01,
ATM->-NOTCH1,2,1,2.000000,2,7.483766e-01,
MAP3K1->-DNMT3A,2,1,2.000000,2,1.666667e-01,
MAP3K1->-SPOP,2,1,2.000000,2,6.250000e-01,
MAP3K1->-RB1 TP53->-MAP3K1 TP53->-RB1,3,3,2.000000,2,2.865260e-02,
MAP3K1->-NOTCH1 MAP3K1->-PIK3CA PIK3CA->-NOTCH1,3,3,2.000000,2,1.319444e-01,
MAP3K1->-SF3B1,2,1,2.000000,2,5.000000e-01,
TP53->-BCL6,2,1,2.000000,2,3.422980e-01,
CDH1->-DNMT3A CDH1->-KDR DNMT3A->-KDR,3,3,2.000000,2,2.777778e-02,
RB1->-NOTCH1 TP53->-NOTCH1 TP53->-RB1,3,3,2.000000,2,2.777778e-02,
ATM->-PIK3CA ATM->-SF3B1 PIK3CA->-SF3B1,3,3,2.000000,2,1.388889e-02,
SMAD4->-KMT2C,2,1,2.000000,2,4.000000e-01,
KMT2C->-MDM2,2,1,2.000000,2,2.142857e-01,
SMAD4->-MAP3K1,2,1,2.000000,2,2.500000e-01,
SOX9->-PDGFRA,2,1,2.000000,2,2.500000e-01,
DOT1L->-PDGFRA,2,1,2.000000,2,2.500000e-01,
PALB2->-KDM5C,2,1,2.000000,2,2.500000e-01,
APC->-EPHB1 APC->-KMT2D KMT2D->-EPHB1 TP53->-APC TP53->-EPHB1 TP53->-KMT2D,4,6,2.000000,2,1.736111e-03,
APC->-RB1 TP53->-APC TP53->-RB1,3,3,2.000000,2,7.407407e-02,
APC->-KEAP1,2,1,2.000000,2,2.250000e-01,
TP53->-KEAP1,2,1,2.000000,2,2.053571e-01,
TP53->-TNFAIP3,2,1,2.000000,2,1.666667e-01,
ARID1B->-PDGFRA,2,1,2.000000,2,2.430556e-01,
EPCAM->-ARID1B,2,1,2.000000,2,2.430556e-01,
CIC->-RUNX1,2,1,2.000000,2,2.430556e-01,
PDGFRA-/-RUNX1 TP53->-PDGFRA TP53->-RUNX1,3,3,2.000000,2,4.629630e-03,
PTEN->-PDGFRA,2,1,2.000000,2,2.430556e-01,
TP53->-ARID5B TP53->-ZFHX3 ZFHX3->-ARID5B,3,3,2.000000,2,2.020202e-02,
TBX3->-ZFHX3,2,1,2.000000,2,7.141667e-01,
JAK1->-ZFHX3,2,1,2.000000,2,1.818182e-01,
PIK3CA->-IRF4,2,1,2.000000,2,2.500000e-01,
ARID1A->-IRF4,2,1,2.000000,2,2.500000e-01,
ARID1A->-ANKRD11,2,1,2.000000,2,5.209821e-01,
AKT1->-CIC,2,1,2.000000,2,1.666667e-01,
POLE->-SMARCA4 TP53->-POLE TP53->-SMARCA4,3,3,2.000000,2,1.825397e-02,
NCOR1->-SMARCA4,2,1,2.000000,2,2.142857e-01,
NCOR1->-POLE TP53->-NCOR1 TP53->-POLE,3,3,2.000000,2,8.475057e-03,
SMAD4->-NCOR1,2,1,2.000000,2,4.619048e-01,
NCOR1->-ATRX,2,1,2.000000,2,1.428571e-01,
NOTCH1->-CDH1,2,1,2.000000,2,7.875000e-01,
NOTCH1->-GATA3,2,1,2.000000,2,3.969697e-01,
CDH1->-IL7R,2,1,2.000000,2,1.702754e-01,
SH2B3->-EGFR,2,1,2.000000,2,2.500000e-01,
FOXA1->-EGFR,2,1,2.000000,2,5.000000e-01,
AKT1->-NCOR1,2,1,2.000000,2,2.500000e-01,
ALOX12B->-MAP3K1,2,1,2.000000,2,8.060516e-02,
MAP3K1->-EPHA5,2,1,2.000000,2,2.896825e-01,
MAP3K1-/-TSC2,2,1,2.000000,2,1.644960e-01,
GPS2->-TP53,2,1,2.000000,2,4.166667e-01,
GPS2->-ESR1,2,1,2.000000,2,2.500000e-01,
NFE2L2-/-SPEN,2,1,2.000000,2,8.290816e-02,
SPEN->-IKZF1,2,1,2.000000,2,1.584184e-01,
TP53->-NFE2L2,2,1,2.000000,2,2.053571e-01,
RET->-IKZF1,2,1,2.000000,2,1.197917e-01,
BRCA1->-DNMT1,2,1,2.000000,2,1.547619e-01,
ANKRD11->-PIK3CA,2,1,2.000000,2,9.678322e-01,
NOTCH3->-PIK3CA,2,1,2.000000,2,9.027778e-01,
YAP1->-PIK3CA,2,1,2.000000,2,5.000000e-01,
CDH1->-TERT,2,1,2.000000,2,2.500000e-01,
MSH6->-TERT PIK3CA->-MSH6 PIK3CA->-TERT,3,3,2.000000,2,2.777778e-02,
ANKRD11->-TBX3,2,1,2.000000,2,8.125000e-01,
NOTCH3->-CDH1,2,1,2.000000,2,6.875000e-01,
MED12->-PIK3CA,2,1,2.000000,2,9.932559e-01,
MAP2K4->-NOTCH2,2,1,2.000000,2,2.500000e-01,
MAP2K4->-MED12,2,1,2.000000,2,4.880952e-01,
TP53->-SMAD3,2,1,2.000000,2,2.500000e-01,
MAP2K4->-KMT2C,2,1,2.000000,2,5.000000e-01,
NCOR1->-SOX2 PIK3CA->-NCOR1 PIK3CA->-SOX2,3,3,2.000000,2,6.944444e-03,
MAP3K1->-ARAF PIK3CA->-ARAF PIK3CA->-MAP3K1,3,3,2.000000,2,4.901961e-03,
PDGFRB->-PIK3CA,2,1,2.000000,2,5.979010e-01,
FOXA1->-CDK8,2,1,2.000000,2,2.500000e-01,
MEN1->-MAP2K4,2,1,2.000000,2,5.000000e-01,
MEN1->-NCOR1,2,1,2.000000,2,2.500000e-01,
JAK3->-GATA3 MAP2K4->-GATA3 MAP2K4->-JAK3,3,3,2.000000,2,2.430556e-02,
PIK3CA->-MYD88,2,1,2.000000,2,5.000000e-01,
CDH1->-NOTCH3,2,1,2.000000,2,6.875000e-01,
TP53->-RAD51,2,1,2.000000,2,2.500000e-01,
TBX3->-EPHA5,2,1,2.000000,2,2.500000e-01,
TBX3->-CBFB,2,1,2.000000,2,6.875000e-01,
RET->-BCOR,2,1,2.000000,2,1.833333e-01,
HIST3H3->-PIK3CA,2,1,2.000000,2,5.555556e-01,
IDH1->-GATA3,2,1,2.000000,2,2.500000e-01,
MAP3K1->-EPCAM,2,1,2.000000,2,4.250000e-01,
STAG2->-PARP1,2,1,2.000000,2,1.896552e-01,
CREBBP->-PARP1,2,1,2.000000,2,1.896552e-01,
TP53->-PPP6C,2,1,2.000000,2,1.264368e-01,
CDH1->-ARID5B CDH1->-MEN1 CDH1->-PIK3CA MEN1->-ARID5B PIK3CA->-ARID5B PIK3CA->-MEN1,4,6,2.000000,2,9.247418e-04,
CDH1->-KMT2C CDH1->-MEN1 CDH1->-PIK3CA MEN1->-KMT2C PIK3CA->-KMT2C PIK3CA->-MEN1,4,6,2.000000,2,9.247418e-04,
CDH1->-CREBBP CDH1->-MEN1 CDH1->-PIK3CA MEN1->-CREBBP PIK3CA->-CREBBP PIK3CA->-MEN1,4,6,2.000000,2,9.247418e-04,
CDH1->-KRAS,2,1,2.000000,2,1.896552e-01,
CDH1->-MEN1 CDH1->-PIK3CA CDH1->-PLK2 MEN1->-PLK2 PIK3CA->-MEN1 PIK3CA->-PLK2,4,6,2.000000,2,9.247418e-04,
MAP3K13->-MEN1,2,1,2.000000,2,1.896552e-01,
ATR-/-TP53,2,1,2.000000,2,6.386364e-01,
MLH1->-PIK3CA,2,1,2.000000,2,4.396552e-01,
CDH1->-MLH1 TP53->-CDH1 TP53->-MLH1,3,3,2.000000,2,1.401812e-02,
ANKRD11->-STAG2,2,1,2.000000,2,1.896552e-01,
MAP3K13->-PIK3CA,2,1,2.000000,2,6.422414e-01,
CDH1->-CREBBP CDH1->-RAD50 RAD50->-CREBBP,3,3,2.000000,2,1.752265e-02,
CDH1->-CREBBP CDH1->-KIT KIT->-CREBBP,3,3,2.000000,2,1.752265e-02,
MAP3K13->-CREBBP,2,1,2.000000,2,1.896552e-01,
ANKRD11->-PTPRD,2,1,2.000000,2,1.896552e-01,
RAD50->-RICTOR TP53->-RAD50 TP53->-RICTOR,3,3,2.000000,2,1.752265e-02,
ERBB2->-RICTOR,2,1,2.000000,2,4.229885e-01,
MAP3K1->-ARID1A MAP3K1->-MEN1 MEN1->-ARID1A,3,3,2.000000,2,5.423280e-02,
PTEN->-RB1,2,1,2.000000,2,4.500000e-01,
CDH1->-NOTCH1 CDH1->-PTEN PTEN->-NOTCH1,3,3,2.000000,2,1.527778e-02,
ASXL2->-KDM5C,2,1,2.000000,2,2.000000e-01,
ERCC3->-PIK3CA,2,1,2.000000,2,5.000000e-01,
CDH1->-ERCC3,2,1,2.000000,2,5.000000e-01,
ASXL1->-ABL1,2,1,2.000000,2,2.500000e-01,
ASXL1->-CREBBP,2,1,2.000000,2,5.000000e-01,
LATS2->-ASXL1,2,1,2.000000,2,2.500000e-01,
ASXL1->-PIK3CA PIK3R3->-ASXL1 PIK3R3->-PIK3CA,3,3,2.000000,2,2.777778e-02,
PIK3CA->-SUZ12,2,1,2.000000,2,5.678105e-01,
SMARCB1->-FLT3,2,1,2.000000,2,2.500000e-01,
CDH1->-PIK3CA CDH1->-SMARCB1 SMARCB1->-PIK3CA,3,3,2.000000,2,1.587302e-02,
FLT3->-PIK3CA,2,1,2.000000,2,7.875000e-01,
ARID1A->-ARID2 ARID1A->-FLT3 ARID2->-FLT3,3,3,2.000000,2,2.777778e-02,
CDKN1A->-PIK3CA,2,1,2.000000,2,7.493056e-01,
CDKN1A->-CREBBP,2,1,2.000000,2,1.805556e-01,
JAK1->-SETD2,2,1,2.000000,2,2.500000e-01,
JAK1->-CREBBP,2,1,2.000000,2,2.500000e-01,
JAK1->-APC,2,1,2.000000,2,2.500000e-01,
JAK1->-ARID2,2,1,2.000000,2,2.142857e-01,
PIK3CA->-CD274,2,1,2.000000,2,6.339286e-01,
RAD50->-PIK3CA,2,1,2.000000,2,9.539425e-01,
CDH1->-JAK2 CDH1->-PIK3CA JAK2->-PIK3CA,3,3,2.000000,2,1.319444e-01,
JAK2->-PIK3CA LATS2->-JAK2 LATS2->-PIK3CA,3,3,2.000000,2,2.777778e-02,
APC->-BLM APC->-ERCC4 BLM->-ERCC4 CDH1->-APC CDH1->-BLM CDH1->-ERCC4,4,6,2.000000,2,1.736111e-03,
CDH1->-MED12 CDH1->-SDHC MED12->-SDHC,3,3,2.000000,2,2.469136e-02,
APC->-PIK3C2G APC->-SDHC CDH1->-APC CDH1->-PIK3C2G CDH1->-SDHC PIK3C2G->-SDHC,4,6,2.000000,2,1.478909e-03,
APC->-RAD50 APC->-SDHC CDH1->-APC CDH1->-RAD50 CDH1->-SDHC RAD50->-SDHC,4,6,2.000000,2,1.478909e-03,
CDH1->-SETD2 CDH1->-STK11 SETD2->-STK11,3,3,2.000000,2,7.407407e-02,
ARID1A->-TOP1,2,1,2.000000,2,1.409091e-01,
ARID1A->-ERCC4 ARID1A->-IKZF1 IKZF1->-ERCC4,3,3,2.000000,2,2.777778e-02,
PIK3C2G->-ERCC4,2,1,2.000000,2,2.500000e-01,
ARID1A->-PIK3R3,2,1,2.000000,2,2.500000e-01,
APC->-SETD2,2,1,2.000000,2,2.500000e-01,
BLM->-STK11,2,1,2.000000,2,2.334559e-01,
JAK2->-ABL1 JAK2->-MAP3K13 MAP3K13->-ABL1,3,3,2.000000,2,1.851852e-02,
JAK2->-BLM JAK2->-MAP3K13 MAP3K13->-BLM,3,3,2.000000,2,1.851852e-02,
PIK3R3->-BLM,2,1,2.000000,2,2.500000e-01,
CD274->-ABL1,2,1,2.000000,2,2.500000e-01,
CDH1->-CREBBP CDH1->-IKZF1 IKZF1->-CREBBP,3,3,2.000000,2,5.555556e-03,
ZFHX3->-KMT2D,2,1,2.000000,2,2.500000e-01,
TP53->-CTNNB1,2,1,2.000000,2,1.500000e-01,
PTEN->-BARD1 TP53->-BARD1 TP53->-PTEN,3,3,2.000000,2,1.388889e-02,
ERBB3->-KMT2C TP53->-ERBB3 TP53->-KMT2C,3,3,2.000000,2,2.292611e-02,
KMT2D->-ERBB3 TP53->-ERBB3 TP53->-KMT2D,3,3,2.000000,2,2.777778e-02,
PTEN->-ERBB3,2,1,2.000000,2,2.500000e-01,
TP53->-SUFU,2,1,2.000000,2,1.056818e-01,
PIK3R1->-POLE,2,1,2.000000,2,1.875000e-01,
KLF4->-NCOR1,2,1,2.000000,2,1.875000e-01,
KLF4->-MED12,2,1,2.000000,2,1.875000e-01,
NOTCH3->-FAT1,2,1,2.000000,2,2.500000e-01,
ESR1->-IRF4,2,1,2.000000,2,2.023810e-01,
CDH1->-MCL1,2,1,2.000000,2,2.083333e-01,
RUNX1->-CDKN2A,2,1,2.000000,2,2.500000e-01,
NCOR1->-KMT2C,2,1,2.000000,2,9.549006e-01,
RUNX1->-KMT2C,2,1,2.000000,2,6.875000e-01,
TP53->-MDM2,2,1,2.000000,2,2.142857e-01,
KMT2C->-KMT2A KMT2C->-TSC2 TSC2->-KMT2A,3,3,2.000000,2,1.884921e-02,
KMT2C->-TP63,2,1,2.000000,2,4.642857e-01,
TSC2->-KMT2D,2,1,2.000000,2,4.253968e-01,
MED12->-KMT2D TP53->-KMT2D TP53->-MED12,3,3,2.000000,2,1.884921e-02,
KMT2C->-MED12 KMT2C->-TSC2 TSC2->-MED12,3,3,2.000000,2,1.675485e-02,
FAT1->-MSH6 PIK3CA->-FAT1 PIK3CA->-MSH6,3,3,2.000000,2,2.777778e-02,
PIK3CG->-TET2,2,1,2.000000,2,1.666667e-01,
PIK3CG->-SETD2,2,1,2.000000,2,3.182051e-01,
RB1->-PIK3CG,2,1,2.000000,2,2.321429e-01,
TET2->-FLT4 TP53->-FLT4 TP53->-TET2,3,3,2.000000,2,6.565657e-03,
NCOR1->-NF1,2,1,2.000000,2,7.933673e-01,
NCOR1->-FLT4,2,1,2.000000,2,4.166667e-01,
NCOR1->-PTCH1 PIK3CA->-NCOR1 PIK3CA->-PTCH1,3,3,2.000000,2,2.777778e-02,
TET1->-NF1,2,1,2.000000,2,1.428571e-01,
STAT3->-NF1,2,1,2.000000,2,2.371795e-01,
TP53->-TCF3,2,1,2.000000,2,2.090909e-01,
RUNX1->-MGA TP53->-MGA TP53->-RUNX1,3,3,2.000000,2,2.777778e-02,
PIK3CA->-MGA PIK3CA->-RUNX1 RUNX1->-MGA,3,3,2.000000,2,7.407407e-02,
PIK3CA->-CARD11 PIK3CA->-RUNX1 RUNX1->-CARD11,3,3,2.000000,2,2.777778e-02,
RUNX1->-CARD11 TP53->-CARD11 TP53->-RUNX1,3,3,2.000000,2,2.777778e-02,
RUNX1->-MSH6 TP53->-MSH6 TP53->-RUNX1,3,3,2.000000,2,2.777778e-02,
PIK3CA->-MSH6 PIK3CA->-RUNX1 RUNX1->-MSH6,3,3,2.000000,2,2.777778e-02,
PIK3CA->-MGA PIK3CA->-SETD2 SETD2->-MGA,3,3,2.000000,2,9.490741e-02,
SETD2->-MGA TP53->-MGA TP53->-SETD2,3,3,2.000000,2,2.777778e-02,
SETD2->-PTCH1 TP53->-PTCH1 TP53->-SETD2,3,3,2.000000,2,2.777778e-02,
PIK3CA->-PTCH1 PIK3CA->-SETD2 SETD2->-PTCH1,3,3,2.000000,2,4.444444e-02,
MGA->-FLT4,2,1,2.000000,2,5.000000e-01,
MSH6->-KMT2A,2,1,2.000000,2,2.500000e-01,
TP53->-IKBKE,2,1,2.000000,2,2.500000e-01,
BARD1->-AKT1 TP53->-AKT1 TP53->-BARD1,3,3,2.000000,2,1.388889e-02,
NCOR1->-BRIP1,2,1,2.000000,2,1.904762e-01,
ATR->-RUNX1 PIK3CA->-ATR PIK3CA->-RUNX1,3,3,2.000000,2,7.407407e-02,
BARD1->-PIK3CA,2,1,2.000000,2,8.225522e-01,
MAP2K2->-PIK3CA STK11->-MAP2K2 STK11->-PIK3CA,3,3,2.000000,2,2.295752e-02,
TP53->-ALOX12B,2,1,2.000000,2,2.896825e-01,
APC->-XPO1,2,1,2.000000,2,2.250000e-01,
MAP2K4->-XPO1,2,1,2.000000,2,2.250000e-01,
MEN1->-NOTCH3,2,1,2.000000,2,2.500000e-01,
GATA3->-NOTCH3,2,1,2.000000,2,2.500000e-01,
TRAF7->-GATA3,2,1,2.000000,2,2.500000e-01,
ZFHX3->-NF1,2,1,2.000000,2,4.871795e-01,
ZFHX3->-ATM,2,1,2.000000,2,3.873016e-01,
APC->-NF1 CDH1->-APC CDH1->-NF1,3,3,2.000000,2,6.766608e-02,
PIK3CA->-PNRC1,2,1,2.000000,2,2.083333e-01,
CDH1->-SPOP,2,1,2.000000,2,4.583333e-01,
RB1->-ESR1,2,1,2.000000,2,2.500000e-01,
TET1->-ESR1,2,1,2.000000,2,6.875000e-01,
PIK3CA->-NFE2L2,2,1,2.000000,2,1.339286e-01,
CDH1->-NFE2L2,2,1,2.000000,2,2.321937e-01,
CDH1->-PALB2,2,1,2.000000,2,5.000000e-01,
ARID1A->-NOTCH3,2,1,2.000000,2,2.500000e-01,
KMT2A-/-SPEN PIK3CA->-KMT2A PIK3CA->-SPEN,3,3,2.000000,2,1.156463e-02,
ROS1->-NF2,2,1,2.000000,2,1.339286e-01,
ROS1->-NFE2L2,2,1,2.000000,2,1.339286e-01,
TP53->-MRE11A,2,1,2.000000,2,2.500000e-01,
PIK3CA->-MDM2,2,1,2.000000,2,2.500000e-01,
ESR1->-NFE2L2,2,1,2.000000,2,2.500000e-01,
ARID1A->-RUNX1 PTEN->-ARID1A PTEN->-RUNX1,3,3,2.000000,2,2.777778e-02,
ESR1->-FUBP1,2,1,2.000000,2,2.500000e-01,
ARID5B->-PALB2 TP53->-ARID5B TP53->-PALB2,3,3,2.000000,2,1.372549e-02,
GRIN2A->-PIK3CA,2,1,2.000000,2,9.027778e-01,
SMAD4->-PIK3CA,2,1,2.000000,2,9.497272e-01,
RHOA->-GRIN2A,2,1,2.000000,2,2.500000e-01,
SMAD4->-KDM5C,2,1,2.000000,2,5.000000e-01,
SOX9->-TBX3,2,1,2.000000,2,5.000000e-01,
TBX3->-PTPRD,2,1,2.000000,2,2.500000e-01,
PIK3CA->-HGF,2,1,2.000000,2,3.833333e-01,
ATM->-HGF,2,1,2.000000,2,2.500000e-01,
SMAD4->-FAT1,2,1,2.000000,2,2.500000e-01,
NF1->-MAP2K4,2,1,2.000000,2,6.385488e-01,
ATR->-PIK3CA,2,1,2.000000,2,9.994537e-01,
PPP2R1A->-PIK3CA,2,1,2.000000,2,8.610417e-01,
KMT2C->-PPP2R1A,2,1,2.000000,2,2.500000e-01,
PIK3CA->-FUBP1,2,1,2.000000,2,4.396552e-01,
SPEN->-DNMT3A,2,1,2.000000,2,4.428571e-01,
ESR1->-HIST1H3B,2,1,2.000000,2,1.500000e-01,
SPEN->-PIK3R1,2,1,2.000000,2,4.750000e-01,
TP53->-FGF3,2,1,2.000000,2,2.250000e-01,
RB1->-PIK3R1,2,1,2.000000,2,1.800000e-01,
STAG2->-AXL,2,1,2.000000,2,2.500000e-01,
CDK8->-KRAS,2,1,2.000000,2,2.500000e-01,
PIK3CA->-RARA,2,1,2.000000,2,1.517857e-01,
PIK3CA->-RPS6KA4,2,1,2.000000,2,4.017857e-01,
GATA3-/-RPS6KA4,2,1,2.000000,2,9.353741e-02,
NSD1->-RAD50,2,1,2.000000,2,1.934948e-01,
STAG2->-PTEN STAG2->-TP53 TP53->-PTEN,3,3,2.000000,2,3.935185e-02,
PTEN->-PIK3C2G,2,1,2.000000,2,2.321937e-01,
SPEN->-NCOR1,2,1,2.000000,2,4.642857e-01,
NOTCH1->-NCOR1,2,1,2.000000,2,2.142857e-01,
MTOR->-NCOR1 NF1->-MTOR NF1->-NCOR1,3,3,2.000000,2,1.773243e-02,
FOXA1->-DOT1L,2,1,2.000000,2,6.293651e-01,
GATA3->-DOT1L,2,1,2.000000,2,2.333333e-01,
CDH1->-BTK,2,1,2.000000,2,2.500000e-01,
FGFR4->-AKT1,2,1,2.000000,2,1.250000e-01,
AKT1->-XPO1 CDH1->-AKT1 CDH1->-XPO1,3,3,2.000000,2,2.777778e-02,
BRCA2->-FAT1,2,1,2.000000,2,3.909091e-01,
FAT1->-AR,2,1,2.000000,2,2.500000e-01,
PIK3R1->-AR,2,1,2.000000,2,2.500000e-01,
CDH1->-FAT1 MTOR->-CDH1 MTOR->-FAT1,3,3,2.000000,2,2.777778e-02,
SPEN->-XPO1,2,1,2.000000,2,2.500000e-01,
KMT2C->-NOTCH3 KMT2C->-XPO1 NOTCH3->-XPO1,3,3,2.000000,2,2.777778e-02,
CDH1->-PIK3R1,2,1,2.000000,2,4.821937e-01,
BRCA2->-MTOR BRCA2->-XPO1 MTOR->-XPO1,3,3,2.000000,2,2.777778e-02,
NOTCH3->-PIK3R1,2,1,2.000000,2,2.500000e-01,
PTPRS->-PARP1,2,1,2.000000,2,2.321937e-01,
NUP93->-PARP1 PIK3CA->-NUP93 PIK3CA->-PARP1,3,3,2.000000,2,2.777778e-02,
PIK3CA->-PARP1 PIK3CA->-RUNX1 RUNX1->-PARP1,3,3,2.000000,2,2.777778e-02,
TP53->-RPS6KB2,2,1,2.000000,2,2.500000e-01,
ATR->-ARID2 PIK3CA->-ARID2 PIK3CA->-ATR PIK3CA->-PTPRS PTPRS->-ARID2 PTPRS->-ATR,4,6,2.000000,2,1.736111e-03,
ATR->-KMT2D PIK3CA->-ATR PIK3CA->-KMT2D,3,3,2.000000,2,7.407407e-02,
TP53->-NUP93,2,1,2.000000,2,5.000000e-01,
TP53->-HLA-A,2,1,2.000000,2,2.500000e-01,
APC->-PTPRS,2,1,2.000000,2,3.958301e-01,
ATM->-PTPRS PIK3CA->-ATM PIK3CA->-PTPRS,3,3,2.000000,2,4.601571e-02,
APC->-RUNX1,2,1,2.000000,2,2.500000e-01,
RUNX1->-INSR,2,1,2.000000,2,2.500000e-01,
ARID2->-KMT2D ERCC5->-ARID2 ERCC5->-KMT2D PIK3CA->-ARID2 PIK3CA->-ERCC5 PIK3CA->-KMT2D,4,6,2.000000,2,1.736111e-03,
ARID2->-KMT2D ERCC5->-ARID2 ERCC5->-KMT2D TP53->-ARID2 TP53->-ERCC5 TP53->-KMT2D,4,6,2.000000,2,1.736111e-03,
SPEN->-KMT2D TP53->-KMT2D TP53->-SPEN,3,3,2.000000,2,2.777778e-02,
PIK3CA->-KMT2D PIK3CA->-SPEN SPEN->-KMT2D,3,3,2.000000,2,2.777778e-02,
NOTCH4->-KMT2D TP53->-KMT2D TP53->-NOTCH4,3,3,2.000000,2,6.045752e-02,
FGFR4->-MSH6 TP53->-FGFR4 TP53->-MSH6,3,3,2.000000,2,6.565657e-03,
CARD11->-KMT2D PIK3CA->-CARD11 PIK3CA->-KMT2D,3,3,2.000000,2,4.629630e-02,
ERCC4->-NCOR1,2,1,2.000000,2,3.846154e-01,
KMT2D->-NCOR1 SMAD2->-KMT2D SMAD2->-NCOR1,3,3,2.000000,2,2.777778e-02,
CREBBP->-KMT2C CREBBP->-NCOR1 KMT2C->-NCOR1,3,3,2.000000,2,2.777778e-02,
FOXP1->-PTPRT,2,1,2.000000,2,5.000000e-01,
PTPRT->-FGFR2 TP53->-FGFR2 TP53->-PTPRT,3,3,2.000000,2,2.777778e-02,
KMT2D->-FGFR2 TP53->-FGFR2 TP53->-KMT2D,3,3,2.000000,2,2.777778e-02,
CDH1->-PIK3CA FLCN->-CDH1 FLCN->-PIK3CA,3,3,2.000000,2,2.777778e-02,
TP53->-FLCN,2,1,2.000000,2,5.000000e-01,
RAD51->-KMT2D,2,1,2.000000,2,2.500000e-01,
PIK3C2G->-KMT2C,2,1,2.000000,2,4.821937e-01,
BRCA1->-CREBBP BRCA1->-KMT2C CREBBP->-KMT2C,3,3,2.000000,2,2.777778e-02,
AKT1->-TBX3,2,1,2.000000,2,2.500000e-01,
PIK3CA->-TP53 PIK3CA->-ZFHX3 ZFHX3->-TP53,3,3,2.000000,2,7.181490e-02,
ZFHX3->-ARID2,2,1,2.000000,2,2.500000e-01,
ARID2->-EPHA5 TP53->-ARID2 TP53->-EPHA5,3,3,2.000000,2,1.319444e-01,
CBFB->-MAP2K4,2,1,2.000000,2,2.500000e-01,
MAP3K1->-CTCF,2,1,2.000000,2,7.318750e-01,
ATM->-JUN,2,1,2.000000,2,2.500000e-01,
FBXW7->-PIK3CA,2,1,2.000000,2,8.110377e-01,
BRCA2->-TP53,2,1,2.000000,2,9.982438e-01,
RHOA->-TBX3,2,1,2.000000,2,2.321429e-01,
FAT1->-RB1,2,1,2.000000,2,6.875000e-01,
NF2->-GATA3 PIK3CA->-GATA3 PIK3CA->-NF2,3,3,2.000000,2,1.094276e-02,
STK11->-GATA3,2,1,2.000000,2,2.334559e-01,
PIK3CA->-GATA3 ROS1->-GATA3 ROS1->-PIK3CA,3,3,2.000000,2,2.777778e-02,
FGFR4->-ROS1,2,1,2.000000,2,1.818182e-01,
TP53->-ASXL2,2,1,2.000000,2,4.000000e-01,
KMT2A->-ASXL2,2,1,2.000000,2,1.500000e-01,
AKT2->-PTPRT,2,1,2.000000,2,2.500000e-01,
TP53->-EPHA3,2,1,2.000000,2,5.000000e-01,
TP53->-PPP2R1A,2,1,2.000000,2,1.409091e-01,
RICTOR->-ESR1,2,1,2.000000,2,7.886905e-01,
SUZ12->-PIK3CA,2,1,2.000000,2,5.678105e-01,
BLM->-FAT1 BLM->-KDR FAT1->-KDR,3,3,2.000000,2,2.295752e-02,
DNMT3A->-FAT1,2,1,2.000000,2,4.428571e-01,
APC->-SPEN,2,1,2.000000,2,7.693182e-01,
DNMT1->-SPEN,2,1,2.000000,2,2.500000e-01,
APC->-DNMT1,2,1,2.000000,2,5.000000e-01,
SMAD4->-ERCC4,2,1,2.000000,2,2.500000e-01,
FOXP1->-PTEN,2,1,2.000000,2,2.500000e-01,
TET2->-SETD2 TP53->-SETD2 TP53->-TET2,3,3,2.000000,2,8.673469e-02,
AKT1->-SETD2,2,1,2.000000,2,2.380952e-01,
MAP2K4->-SETD2,2,1,2.000000,2,2.380952e-01,
AKT1->-DNMT1,2,1,2.000000,2,5.000000e-01,
AKT1->-RAD50,2,1,2.000000,2,2.500000e-01,
SMAD2->-RFWD2,2,1,2.000000,2,2.500000e-01,
CDH1->-AXIN2,2,1,2.000000,2,2.500000e-01,
MAP2K4->-ARID2,2,1,2.000000,2,2.500000e-01,
KMT2C->-NSD1,2,1,2.000000,2,8.035969e-01,
CDH1->-RET,2,1,2.000000,2,2.500000e-01,
LATS1->-ATR,2,1,2.000000,2,2.500000e-01,
SMAD2->-BCOR,2,1,2.000000,2,1.833333e-01,
KMT2C->-EP300 KMT2D->-EP300 KMT2D->-KMT2C,3,3,2.000000,2,2.295752e-02,
TSC2->-KMT2C,2,1,2.000000,2,8.348836e-01,
ARID1A->-KDM5C PIK3CA->-ARID1A PIK3CA->-KDM5C,3,3,2.000000,2,7.407407e-02,
ARID1A->-MYC,2,1,2.000000,2,5.456250e-01,
ROS1->-MYC,2,1,2.000000,2,1.833333e-01,
ROS1->-IKZF1,2,1,2.000000,2,1.833333e-01,
LATS1->-RFWD2,2,1,2.000000,2,2.500000e-01,
SMAD4->-RFWD2,2,1,2.000000,2,2.500000e-01,
BCOR->-TSC2,2,1,2.000000,2,2.500000e-01,
KMT2D->-FGF4 PIK3CA->-FGF4 PIK3CA->-KMT2D,3,3,2.000000,2,1.960784e-02,
AKT1-/-PIK3CA,2,1,2.000000,2,3.185185e-01,
NCOR1->-IKZF1 NCOR1->-PIK3CA PIK3CA->-IKZF1,3,3,2.000000,2,4.100529e-02,
GATA3->-BCOR,2,1,2.000000,2,2.500000e-01,
FLT4-/-PIK3CA TP53->-FLT4 TP53->-PIK3CA,3,3,2.000000,2,2.240741e-02,
ASXL2->-TBX3,2,1,2.000000,2,2.500000e-01,
CDH1->-ASXL2,2,1,2.000000,2,4.500000e-01,
ASXL2->-ARID1A,2,1,2.000000,2,4.166667e-01,
DDR2->-PIK3CA,2,1,2.000000,2,3.821429e-01,
ARID1B->-KDR,2,1,2.000000,2,2.334559e-01,
ARID1B->-KMT2A ARID1B->-PIK3CA PIK3CA->-KMT2A,3,3,2.000000,2,2.777778e-02,
FOXA1->-ARID1B,2,1,2.000000,2,2.500000e-01,
KDR->-KMT2A,2,1,2.000000,2,2.500000e-01,
FOXA1->-KMT2A FOXA1->-PIK3CA PIK3CA->-KMT2A,3,3,2.000000,2,4.444444e-02,
AKT1->-GPS2,2,1,2.000000,2,3.416667e-01,
GPS2->-JAK2,2,1,2.000000,2,2.500000e-01,
EPHA5->-TP53,2,1,2.000000,2,9.939284e-01,
CDH1->-HIST1H1C CDH1->-PIK3CA PIK3CA->-HIST1H1C,3,3,2.000000,2,2.777778e-02,
PIK3CA->-MYCN,2,1,2.000000,2,2.500000e-01,
PIK3CA->-SHQ1,2,1,2.000000,2,1.928571e-01,
GATA3->-NOTCH4 GATA3->-PIK3CA PIK3CA->-NOTCH4,3,3,2.000000,2,1.805556e-02,
GATA3->-ASXL1,2,1,2.000000,2,6.160714e-01,
GATA3->-DICER1,2,1,2.000000,2,2.500000e-01,
GATA3->-HIST1H1C,2,1,2.000000,2,2.500000e-01,
BLM->-GATA3,2,1,2.000000,2,4.667892e-01,
CDH1->-PIK3CA RAD52->-CDH1 RAD52->-PIK3CA,3,3,2.000000,2,2.295752e-02,
KDR-/-PIK3CA,2,1,2.000000,2,1.910723e-01,
ARID1B->-GATA3,2,1,2.000000,2,4.834559e-01,
MAP2K2->-KMT2C,2,1,2.000000,2,2.334559e-01,
CDH1->-PIK3CA STK11->-CDH1 STK11->-PIK3CA,3,3,2.000000,2,6.604031e-02,
RAD52->-GATA3,2,1,2.000000,2,1.686070e-01,
STK11->-PTCH1,2,1,2.000000,2,2.334559e-01,
MGA->-KMT2A,2,1,2.000000,2,5.028405e-01,
MGA->-ARID1A,2,1,2.000000,2,4.404762e-01,
TP53->-MALT1,2,1,2.000000,2,1.666667e-01,
MAP3K1->-FANCA,2,1,2.000000,2,4.667665e-01,
MAP3K1->-ALK,2,1,2.000000,2,6.238889e-01,
MAP3K1->-KLF4,2,1,2.000000,2,2.500000e-01,
TBX3-/-ZFHX3,2,1,2.000000,2,1.066667e-01,
TP53->-PLCG2,2,1,2.000000,2,1.202485e-01,
TP53->-CD79B,2,1,2.000000,2,1.361111e-01,
TP53->-SMAD4,2,1,2.000000,2,7.678571e-01,
PBRM1->-ERBB3,2,1,2.000000,2,4.250000e-01,
TBX3->-NCOA3,2,1,2.000000,2,2.500000e-01,
PTCH1->-PAK7 SOX9->-PAK7 SOX9->-PTCH1,3,3,2.000000,2,2.777778e-02,
PTCH1->-PAK7 TBX3->-PAK7 TBX3->-PTCH1,3,3,2.000000,2,2.777778e-02,
AKT1->-PTCH1,2,1,2.000000,2,1.750000e-01,
TBX3->-IKZF1,2,1,2.000000,2,1.458333e-01,
KDM5C->-FAT1,2,1,2.000000,2,1.333333e-01,
PIK3CA->-MEF2B,2,1,2.000000,2,2.500000e-01,
KDM5C->-MAP3K1,2,1,2.000000,2,2.500000e-01,
GLI1->-GATA3,2,1,2.000000,2,2.500000e-01,
CBFB->-MEN1,2,1,2.000000,2,2.500000e-01,
NOTCH3->-BLM TP53->-BLM TP53->-NOTCH3,3,3,2.000000,2,1.851852e-02,
TP53->-FANCC,2,1,2.000000,2,3.297980e-01,
GATA3->-AKT1,2,1,2.000000,2,9.898158e-01,
SPEN->-PTPRD,2,1,2.000000,2,2.500000e-01,
MDC1->-TP53,2,1,2.000000,2,9.583022e-01,
MDC1->-CREBBP,2,1,2.000000,2,5.000000e-01,
JAK1->-MDC1,2,1,2.000000,2,2.500000e-01,
RAD52->-BRCA1,2,1,2.000000,2,1.805556e-01,
KMT2A->-NOTCH1,2,1,2.000000,2,2.500000e-01,
IDH1->-SETD2 TP53->-IDH1 TP53->-SETD2,3,3,2.000000,2,2.777778e-02,
CHEK2->-CREBBP,2,1,2.000000,2,1.833333e-01,
BRCA2->-GATA3,2,1,2.000000,2,6.160714e-01,
BRCA2->-ARID2,2,1,2.000000,2,2.142857e-01,
KMT2C->-ARID2,2,1,2.000000,2,6.875000e-01,
MDC1->-FAT1,2,1,2.000000,2,1.928571e-01,
FAT1->-TET1,2,1,2.000000,2,8.906250e-01,
GATA3->-TET1,2,1,2.000000,2,2.166667e-01,
FOXA1->-PTEN,2,1,2.000000,2,6.583142e-01,
PTPRS->-MGA STK11->-MGA STK11->-PTPRS,3,3,2.000000,2,1.967593e-02,
PTPRS->-PIK3CA STK11->-PIK3CA STK11->-PTPRS,3,3,2.000000,2,1.967593e-02,
PIK3CA->-PDGFRB,2,1,2.000000,2,5.979010e-01,
CDH1->-RUNX1 CDH1->-TBX3 RUNX1->-TBX3,3,3,2.000000,2,1.319444e-01,
ARAF->-PIK3CA,2,1,2.000000,2,7.160449e-01,
PIK3CG->-CDC73,2,1,2.000000,2,1.547619e-01,
KMT2D->-FLT3,2,1,2.000000,2,2.500000e-01,
NF1->-FLT3,2,1,2.000000,2,2.000000e-01,
NF1->-ARID2 PIK3CA->-ARID2 PIK3CA->-NF1,3,3,2.000000,2,2.777778e-02,
PIK3CA->-LATS2,2,1,2.000000,2,8.645833e-01,
EP300->-TP53,2,1,2.000000,2,9.919935e-01,
ARID1B->-NFE2L2,2,1,2.000000,2,4.821937e-01,
NFE2L2->-GATA3,2,1,2.000000,2,2.500000e-01,
FOXA1->-RASA1,2,1,2.000000,2,2.500000e-01,
MAP2K4->-FAT1,2,1,2.000000,2,4.710526e-01,
PDGFRA->-ARID2,2,1,2.000000,2,2.500000e-01,
PIK3R1->-EPHB1,2,1,2.000000,2,2.500000e-01,
NF1->-EPHB1,2,1,2.000000,2,2.476190e-01,
PIK3R1->-NF1,2,1,2.000000,2,9.214913e-01,
NOTCH2->-FAT1,2,1,2.000000,2,1.904762e-01,
FAT1->-IRS1,2,1,2.000000,2,2.500000e-01,
FAT1->-ARID1B TP53->-ARID1B TP53->-FAT1,3,3,2.000000,2,6.604031e-02,
AR->-ARID2 AR->-IRS1 IRS1->-ARID2,3,3,2.000000,2,2.777778e-02,
ARID1B->-ARID2 ARID1B->-IRS1 IRS1->-ARID2,3,3,2.000000,2,2.777778e-02,
MAP3K1->-PIK3R1,2,1,2.000000,2,6.741453e-01,
MAP3K1->-ATRX TP53->-ATRX TP53->-MAP3K1,3,3,2.000000,2,1.438492e-02,
MAP3K1->-ARID1B,2,1,2.000000,2,6.261574e-01,
TET1->-SPEN TP53->-SPEN TP53->-TET1,3,3,2.000000,2,2.777778e-02,
SPEN->-ALK,2,1,2.000000,2,2.500000e-01,
EPHA5->-ALK TP53->-ALK TP53->-EPHA5,3,3,2.000000,2,2.777778e-02,
ARID1B->-ROS1 TP53->-ARID1B TP53->-ROS1,3,3,2.000000,2,1.488095e-02,
GATA3->-IRS2,2,1,2.000000,2,5.000000e-01,
TP53->-STAT3,2,1,2.000000,2,3.705128e-01,
JAK3->-PIK3CA,2,1,2.000000,2,8.806913e-01,
BCOR->-PIK3CA,2,1,2.000000,2,9.840010e-01,
CDH1->-ERBB3 CDH1->-TBX3 TBX3->-ERBB3,3,3,2.000000,2,2.777778e-02,
TP53->-HIST1H3J,2,1,2.000000,2,1.344444e-01,
NF1->-NBN,2,1,2.000000,2,2.500000e-01,
LATS2->-TP53,2,1,2.000000,2,6.389137e-01,
TP53->-HIST1H3C,2,1,2.000000,2,2.053571e-01,
CARD11-/-PIK3CG,2,1,2.000000,2,1.481481e-01,
NF1->-STAG2,2,1,2.000000,2,1.587302e-01,
MAP2K4->-NF1 MAP2K4->-TET2 NF1->-TET2,3,3,2.000000,2,2.312925e-02,
KMT2C->-FLT4,2,1,2.000000,2,1.750000e-01,
RUNX1->-ARID1A,2,1,2.000000,2,7.791667e-01,
CREBBP-/-GATA3,2,1,2.000000,2,2.022222e-01,
KMT2A->-CD79A,2,1,2.000000,2,1.818182e-01,
FGFR4->-CD79A,2,1,2.000000,2,1.818182e-01,
FGFR4->-GRIN2A,2,1,2.000000,2,1.818182e-01,
JAK1->-ROS1,2,1,2.000000,2,1.818182e-01,
NOTCH3->-PALB2,2,1,2.000000,2,2.500000e-01,
PIK3R1->-EPHA7,2,1,2.000000,2,2.371795e-01,
NOTCH4->-EIF4A2,2,1,2.000000,2,2.500000e-01,
TMPRSS2->-TP53,2,1,2.000000,2,1.666667e-01,
TP53->-UPF1,2,1,2.000000,2,4.250000e-01,
ERBB4-/-FLT4 TP53->-ERBB4 TP53->-FLT4,3,3,2.000000,2,2.500000e-03,
KMT2C-/-MAP3K1,2,1,2.000000,2,6.326663e-01,
MAP3K1->-BRCA2,2,1,2.000000,2,3.894737e-01,
MAP3K1->-PDGFRB,2,1,2.000000,2,1.914580e-01,
KMT2D->-FLT1,2,1,2.000000,2,2.061404e-01,
PIK3CA->-BTK,2,1,2.000000,2,4.583333e-01,
ATM->-HIST1H3J,2,1,2.000000,2,1.200000e-01,
MGA->-RB1,2,1,2.000000,2,5.000000e-01,
TBX3->-GRIN2A,2,1,2.000000,2,2.500000e-01,
KMT2C-/-PIK3CA TP53->-KMT2C TP53->-PIK3CA,3,3,2.000000,2,5.363837e-02,
AKT1->-ERBB4,2,1,2.000000,2,2.500000e-01,
KDM6A->-TP53,2,1,2.000000,2,9.676350e-01,
MAP3K1->-DDR2,2,1,2.000000,2,1.510989e-01,
RB1->-SPEN,2,1,2.000000,2,3.416667e-01,
RB1->-CDH1,2,1,2.000000,2,9.343634e-01,
BRCA2->-TBX3,2,1,2.000000,2,7.075549e-01,
RHOA->-PTPN11,2,1,2.000000,2,1.428571e-01,
FGFR4->-ERBB3,2,1,2.000000,2,1.409091e-01,
FGFR4->-PTPRD,2,1,2.000000,2,1.409091e-01,
PIK3CA->-FAM175A,2,1,2.000000,2,4.402778e-01,
CREBBP->-NUP93,2,1,2.000000,2,4.285714e-01,
TBX3->-ARID1A,2,1,2.000000,2,6.974173e-01,
CDH1->-CIC,2,1,2.000000,2,2.476190e-01,
KRAS->-ALK,2,1,2.000000,2,2.500000e-01,
ALK->-ARID1A TP53->-ALK TP53->-ARID1A,3,3,2.000000,2,2.777778e-02,
STK11->-ARID1A,2,1,2.000000,2,5.000000e-01,
NCOR1->-BCOR,2,1,2.000000,2,5.000000e-01,
SF3B1->-ARID1A,2,1,2.000000,2,2.500000e-01,
BCOR->-RUNX1,2,1,2.000000,2,2.500000e-01,
FANCA->-PARP1,2,1,2.000000,2,2.012346e-01,
FANCA->-PIK3R1,2,1,2.000000,2,2.012346e-01,
ARID1A-/-FAT1,2,1,2.000000,2,1.726274e-01,
KMT2C->-TSC2 PTEN->-KMT2C PTEN->-TSC2,3,3,2.000000,2,6.734007e-03,
GATA3->-FGFR2,2,1,2.000000,2,2.500000e-01,
NOTCH3->-ALK,2,1,2.000000,2,2.500000e-01,
PTEN->-MSH2,2,1,2.000000,2,2.500000e-01,
MDC1->-KMT2C PIK3CA->-KMT2C PIK3CA->-MDC1,3,3,2.000000,2,2.777778e-02,
TSC2->-MAP3K1,2,1,2.000000,2,5.182072e-01,
GATA3->-KMT2D,2,1,2.000000,2,6.750919e-01,
PPP2R1A->-ARID1A,2,1,2.000000,2,3.909091e-01,
NTRK2->-NF1,2,1,2.000000,2,1.047619e-01,
NF1->-ATR,2,1,2.000000,2,4.500000e-01,
ARID1A->-FLT4,2,1,2.000000,2,3.166667e-01,
KLF4->-ARID1A,2,1,2.000000,2,2.500000e-01,
HIST1H3I->-HNF1A PIK3CA->-HIST1H3I PIK3CA->-HNF1A,3,3,2.000000,2,2.777778e-02,
HIST1H3I->-HNF1A ROS1->-HIST1H3I ROS1->-HNF1A,3,3,2.000000,2,2.777778e-02,
PIK3CA->-ATR PIK3CA->-PTCH1 PTCH1->-ATR,3,3,2.000000,2,2.777778e-02,
PIK3CA->-ARID2 PIK3CA->-PTCH1 PTCH1->-ARID2,3,3,2.000000,2,2.777778e-02,
PIK3CA->-GLI1 PIK3CA->-PTCH1 PTCH1->-GLI1,3,3,2.000000,2,2.777778e-02,
PTPRT->-BCOR,2,1,2.000000,2,2.500000e-01,
KMT2D->-BCOR,2,1,2.000000,2,5.000000e-01,
KMT2D->-ARID1A TP53->-ARID1A TP53->-KMT2D,3,3,2.000000,2,7.407407e-02,
SETD2->-BCOR,2,1,2.000000,2,2.500000e-01,
PIK3CA->-BCOR PIK3CA->-PTCH1 PTCH1->-BCOR,3,3,2.000000,2,2.777778e-02,
PTCH1->-KMT2D,2,1,2.000000,2,4.834559e-01,
HIST1H3I->-GATA3 PIK3CA->-GATA3 PIK3CA->-HIST1H3I,3,3,2.000000,2,2.777778e-02,
LATS2->-GATA3,2,1,2.000000,2,2.500000e-01,
MAP3K1-/-PIK3CA,2,1,2.000000,2,9.572180e-01,
ERBB2->-PIK3CA KMT2C->-ERBB2 KMT2C->-PIK3CA,3,3,2.000000,2,1.353502e-01,
ERBB2-/-MAP3K1,2,1,2.000000,2,4.622362e-01,
PIK3CA->-HIST1H3J,2,1,2.000000,2,1.636364e-01,
PIK3CA->-CSF1R,2,1,2.000000,2,4.488095e-01,
PIK3CA->-ALOX12B,2,1,2.000000,2,2.500000e-01,
AR->-KMT2A AR->-PIK3CA PIK3CA->-KMT2A,3,3,2.000000,2,2.777778e-02,
AR->-KMT2A AR->-PDGFRA AR->-PTPRS PDGFRA->-KMT2A PDGFRA->-PTPRS PTPRS->-KMT2A,4,6,2.000000,2,1.736111e-03,
KMT2C->-GLI1,2,1,2.000000,2,4.395604e-01,
CDH1->-ZFHX3,2,1,2.000000,2,8.808681e-01,
IRS1->-PTPRS,2,1,2.000000,2,1.636364e-01,
CDH1->-ERBB2 CDH1->-PTPRS ERBB2->-PTPRS,3,3,2.000000,2,2.777778e-02,
KMT2C->-PDGFRA,2,1,2.000000,2,2.500000e-01,
ERBB2->-PDGFRA,2,1,2.000000,2,2.500000e-01,
IRS1->-PTCH1,2,1,2.000000,2,2.500000e-01,
ARID2->-PIK3CG,2,1,2.000000,2,2.500000e-01,
PIK3CA->-AXIN1,2,1,2.000000,2,1.400000e-01,
PALB2->-PIK3CA,2,1,2.000000,2,8.553317e-01,
STAG2->-MAP3K1,2,1,2.000000,2,5.000000e-01,
FAT1->-PTEN,2,1,2.000000,2,8.101874e-01,
NOTCH2->-GATA3,2,1,2.000000,2,1.904762e-01,
RB1->-PTPRD TP53->-PTPRD TP53->-RB1,3,3,2.000000,2,2.222222e-02,
CBFB->-SF3B1,2,1,2.000000,2,2.500000e-01,
FAT1-/-IKZF1 IKZF1-/-PIK3CB PIK3CB->-FAT1,3,3,2.000000,2,3.035060e-03,
MDC1->-RAD54L PIK3CA->-MDC1 PIK3CA->-RAD54L,3,3,2.000000,2,1.752137e-02,
NSD1-/-TP53,2,1,2.000000,2,4.256327e-01,
PIK3CB->-RAD54L,2,1,2.000000,2,3.528571e-01,
SF3B1->-PTEN,2,1,2.000000,2,9.804688e-01,
CDH1->-MGA CDH1->-PIK3CA MGA->-PIK3CA,3,3,2.000000,2,2.777778e-02,
CDH1->-PDGFRB CDH1->-PTPRS PTPRS->-PDGFRB,3,3,2.000000,2,2.469136e-02,
PTEN->-INPPL1,2,1,2.000000,2,5.000000e-01,
KMT2B->-KMT2A,2,1,2.000000,2,2.500000e-01,
KMT2D->-FOXP1,2,1,2.000000,2,5.000000e-01,
EGFR-/-KMT2C,2,1,2.000000,2,1.777778e-01,
ARID1A->-ALK,2,1,2.000000,2,6.875000e-01,
PTPRS->-GATA3,2,1,2.000000,2,6.227273e-01,
FLT4-/-NOTCH4 TP53->-FLT4 TP53->-NOTCH4,3,3,2.000000,2,1.222222e-02,
ERBB4-/-NF2 TP53->-ERBB4 TP53->-NF2,3,3,2.000000,2,4.351204e-03,
AKT1->-SPEN,2,1,2.000000,2,3.571429e-01,
MAP3K1->-RUNX1,2,1,2.000000,2,7.319444e-01,
LATS1->-TP53,2,1,2.000000,2,8.125000e-01,
RET->-PIK3CA,2,1,2.000000,2,3.958333e-01,
MDC1->-APC NOTCH4->-APC NOTCH4->-MDC1,3,3,2.000000,2,2.777778e-02,
TP53->-EED,2,1,2.000000,2,1.500000e-01,
APC->-PDGFRB,2,1,2.000000,2,2.321937e-01,
JAK1->-PDGFRB,2,1,2.000000,2,2.142857e-01,
TP53->-PARK2,2,1,2.000000,2,8.750000e-02,
RB1->-HIST1H3G,2,1,2.000000,2,2.500000e-01,
CDKN1B->-ESR1 CDKN1B->-PIK3CA ESR1->-PIK3CA,3,3,2.000000,2,2.777778e-02,
TP53->-EGFL7,2,1,2.000000,2,1.666667e-01,
KMT2B->-PIK3CA,2,1,2.000000,2,5.000000e-01,
PTPRT->-KMT2A,2,1,2.000000,2,1.785714e-01,
KMT2B->-PTPRS,2,1,2.000000,2,2.500000e-01,
PIK3R1->-MAP3K1,2,1,2.000000,2,6.741453e-01,
CDH1->-PIK3CA CDH1->-XPO1 PIK3CA->-XPO1,3,3,2.000000,2,2.777778e-02,
ARID1A->-XPO1,2,1,2.000000,2,2.500000e-01,
FANCA->-MED12,2,1,2.000000,2,2.321937e-01,
CDH1->-EPHA5 CDH1->-PTPRD PTPRD->-EPHA5,3,3,2.000000,2,2.777778e-02,
LATS1->-PIK3CA,2,1,2.000000,2,6.093750e-01,
ERBB3->-ARID2,2,1,2.000000,2,4.010989e-01,
