pattern,n_nodes,n_edges,s_exp,s_theta,pval_exp,pval_theta
CDH1->-PIK3CA,2,1,101.000000,101,4.666296e-12,
TP53->-PIK3CA,2,1,84.000000,84,3.233721e-02,
PIK3CA->-TP53,2,1,70.000000,70,6.617604e-01,
MAP3K1->-PIK3CA,2,1,49.000000,49,3.056387e-02,
PIK3CA->-GATA3,2,1,42.000000,42,2.074622e-01,
TP53->-PTEN,2,1,38.000000,38,1.837092e-05,
GATA3->-PIK3CA,2,1,37.000000,37,6.198510e-01,
PIK3CA->-MAP3K1,2,1,34.000000,34,9.254347e-01,
PIK3CA->-KMT2C,2,1,33.000000,33,3.703744e-02,
CBFB->-PIK3CA,2,1,33.000000,33,2.141094e-06,
TP53->-KMT2C,2,1,30.000000,30,8.766553e-06,
PIK3CA->-KMT2C TP53->-KMT2C TP53->-PIK3CA,3,3,4.000000,4,1.241428e-01,
PIK3CA->-KMT2C PIK3CA->-TP53 TP53->-KMT2C,3,3,3.000000,3,3.188312e-01,
PIK3CA->-CDH1,2,1,29.000000,29,1.000000e+00,
PIK3CA->-FOXA1,2,1,27.000000,27,8.317574e-03,
PIK3CA->-ESR1,2,1,27.000000,27,7.585975e-02,
TP53->-NF1,2,1,27.000000,27,5.579278e-03,
CDH1->-TP53,2,1,26.000000,26,9.940284e-02,
CDH1->-PIK3CA CDH1->-TP53 TP53->-PIK3CA,3,3,2.000000,2,6.941212e-01,
CDH1->-PIK3CA CDH1->-TP53 PIK3CA->-TP53,3,3,4.000000,4,1.850948e-01,
TP53->-MAP3K1,2,1,25.000000,25,4.924668e-05,
MAP3K1->-PIK3CA TP53->-MAP3K1 TP53->-PIK3CA,3,3,3.000000,3,1.701940e-01,
PIK3CA->-MAP3K1 TP53->-MAP3K1 TP53->-PIK3CA,3,3,2.000000,2,4.432391e-01,
PIK3CA->-MAP3K1 PIK3CA->-TP53 TP53->-MAP3K1,3,3,2.000000,2,4.432391e-01,
TP53->-KMT2D,2,1,24.000000,24,2.681206e-06,
CDH1->-KMT2C,2,1,23.000000,23,3.511761e-04,
CDH1->-KMT2C CDH1->-PIK3CA PIK3CA->-KMT2C,3,3,7.000000,7,2.414741e-03,
CDH1->-KMT2C CDH1->-TP53 TP53->-KMT2C,3,3,2.000000,2,3.401394e-01,
PIK3CA->-ARID1A,2,1,21.000000,21,1.645077e-01,
TP53->-RB1,2,1,21.000000,21,4.450409e-03,
CBFB->-GATA3,2,1,21.000000,21,2.765062e-04,
CBFB->-GATA3 CBFB->-PIK3CA PIK3CA->-GATA3,3,3,5.000000,5,6.767574e-02,
CBFB->-GATA3 CBFB->-PIK3CA GATA3->-PIK3CA,3,3,6.000000,6,1.874525e-02,
CDH1->-FOXA1,2,1,19.000000,19,6.925946e-04,
CDH1->-FOXA1 CDH1->-PIK3CA PIK3CA->-FOXA1,3,3,8.000000,8,3.450441e-04,
KMT2C->-PIK3CA,2,1,19.000000,19,9.781579e-01,
KMT2C->-PIK3CA TP53->-KMT2C TP53->-PIK3CA,3,3,2.000000,2,6.132401e-01,
CDH1->-KMT2C CDH1->-PIK3CA KMT2C->-PIK3CA,3,3,4.000000,4,1.544393e-01,
CDH1->-MAP3K1,2,1,19.000000,19,8.852967e-04,
CDH1->-MAP3K1 CDH1->-PIK3CA MAP3K1->-PIK3CA,3,3,4.000000,4,2.261191e-01,
CDH1->-MAP3K1 CDH1->-PIK3CA PIK3CA->-MAP3K1,3,3,8.000000,8,1.175986e-03,
CDH1->-MAP3K1 CDH1->-TP53 TP53->-MAP3K1,3,3,3.000000,3,1.620370e-02,
PIK3CA->-SF3B1,2,1,19.000000,19,1.700719e-05,
CDH1->-ERBB2,2,1,19.000000,19,6.872626e-02,
PIK3CA->-FAT1,2,1,19.000000,19,1.284035e-03,
AKT1->-TP53,2,1,19.000000,19,5.187176e-05,
TP53->-CDH1,2,1,19.000000,19,7.929528e-01,
CDH1->-PIK3CA TP53->-CDH1 TP53->-PIK3CA,3,3,5.000000,5,6.468769e-02,
CDH1->-KMT2C TP53->-CDH1 TP53->-KMT2C,3,3,2.000000,2,3.401394e-01,
CDH1->-TBX3,2,1,18.000000,18,2.688476e-02,
TP53->-FAT1,2,1,18.000000,18,6.659087e-05,
PIK3CA->-FAT1 TP53->-FAT1 TP53->-PIK3CA,3,3,4.000000,4,3.698845e-02,
PIK3CA->-FAT1 PIK3CA->-TP53 TP53->-FAT1,3,3,3.000000,3,1.498100e-01,
TP53->-NCOR1,2,1,18.000000,18,2.910154e-02,
PIK3CA->-RUNX1,2,1,18.000000,18,3.794198e-02,
ESR1->-PIK3CA,2,1,17.000000,17,9.397839e-01,
TP53->-ARID1A,2,1,17.000000,17,1.934150e-03,
PIK3CA->-ARID1A TP53->-ARID1A TP53->-PIK3CA,3,3,2.000000,2,3.145156e-01,
PIK3CA->-ARID1A PIK3CA->-TP53 TP53->-ARID1A,3,3,3.000000,3,8.886828e-02,
TBX3->-PIK3CA,2,1,17.000000,17,2.764199e-01,
CDH1->-PIK3CA CDH1->-TBX3 TBX3->-PIK3CA,3,3,5.000000,5,5.503424e-02,
TP53->-GATA3,2,1,17.000000,17,3.237127e-02,
PIK3CA->-GATA3 TP53->-GATA3 TP53->-PIK3CA,3,3,3.000000,3,1.253671e-01,
PIK3CA->-GATA3 PIK3CA->-TP53 TP53->-GATA3,3,3,3.000000,3,1.253671e-01,
MAP2K4->-PIK3CA,2,1,17.000000,17,9.968785e-02,
CDH1->-ARID1A,2,1,16.000000,16,1.128177e-02,
CDH1->-ARID1A CDH1->-PIK3CA PIK3CA->-ARID1A,3,3,5.000000,5,6.688018e-02,
CDH1->-ARID1A PIK3CA->-ARID1A PIK3CA->-CDH1,3,3,2.000000,2,6.976147e-01,
NCOR1->-PIK3CA,2,1,16.000000,16,6.239452e-01,
NCOR1->-PIK3CA TP53->-NCOR1 TP53->-PIK3CA,3,3,3.000000,3,1.439139e-01,
PIK3CA->-NCOR1,2,1,16.000000,16,6.239452e-01,
PIK3CA->-KMT2D,2,1,15.000000,15,1.064923e-02,
PIK3CA->-KMT2D TP53->-KMT2D TP53->-PIK3CA,3,3,4.000000,4,7.194847e-02,
PIK3CA->-KMT2D PIK3CA->-TP53 TP53->-KMT2D,3,3,5.000000,5,1.652707e-02,
CDH1->-RUNX1,2,1,15.000000,15,6.469608e-02,
CDH1->-PIK3CA CDH1->-RUNX1 PIK3CA->-RUNX1,3,3,4.000000,4,9.091872e-02,
CDH1->-RUNX1 PIK3CA->-CDH1 PIK3CA->-RUNX1,3,3,2.000000,2,5.579345e-01,
TP53->-ARID2,2,1,15.000000,15,5.538347e-06,
TP53->-ATR,2,1,15.000000,15,3.604909e-04,
TP53->-PIK3R1,2,1,15.000000,15,5.873171e-03,
CDH1->-NCOR1,2,1,15.000000,15,1.893267e-02,
CDH1->-NCOR1 TP53->-CDH1 TP53->-NCOR1,3,3,2.000000,2,3.822993e-01,
CDH1->-NCOR1 CDH1->-PIK3CA NCOR1->-PIK3CA,3,3,4.000000,4,6.567281e-02,
CDH1->-NCOR1 CDH1->-PIK3CA PIK3CA->-NCOR1,3,3,2.000000,2,5.046216e-01,
ARID1A->-PIK3CA,2,1,14.000000,14,9.112240e-01,
ARID1A->-PIK3CA CDH1->-ARID1A CDH1->-PIK3CA,3,3,5.000000,5,6.688018e-02,
TP53->-BRCA2,2,1,14.000000,14,3.742663e-04,
TP53->-RUNX1,2,1,14.000000,14,3.133011e-02,
PIK3CA->-RUNX1 PIK3CA->-TP53 TP53->-RUNX1,3,3,2.000000,2,1.962449e-01,
CDH1->-RUNX1 CDH1->-TP53 TP53->-RUNX1,3,3,2.000000,2,7.407407e-02,
PIK3CA->-ATR,2,1,14.000000,14,1.568048e-03,
PIK3CA->-ATR TP53->-ATR TP53->-PIK3CA,3,3,2.000000,2,3.089404e-01,
RFWD2-/-RICTOR,2,1,2.000000,2,6.761325e-03,
PIK3CA->-ATR PIK3CA->-TP53 TP53->-ATR,3,3,3.000000,3,8.533733e-02,
PIK3CA->-TBX3,2,1,14.000000,14,6.832063e-01,
CDH1->-PIK3CA CDH1->-TBX3 PIK3CA->-TBX3,3,3,3.000000,3,3.796558e-01,
CDH1->-ESR1,2,1,13.000000,13,6.984314e-02,
CDH1->-ESR1 CDH1->-PIK3CA PIK3CA->-ESR1,3,3,4.000000,4,6.022805e-03,
PTEN->-PIK3CA,2,1,13.000000,13,4.885283e-01,
PTEN->-PIK3CA TP53->-PIK3CA TP53->-PTEN,3,3,2.000000,2,4.372545e-01,
TP53->-PTPRD,2,1,13.000000,13,8.390328e-04,
TP53->-STAG2,2,1,13.000000,13,6.090332e-03,
TP53->-KMT2A,2,1,13.000000,13,1.795596e-04,
PIK3CA->-PTEN,2,1,13.000000,13,4.885283e-01,
PIK3CA->-PTEN TP53->-PIK3CA TP53->-PTEN,3,3,2.000000,2,4.372545e-01,
PIK3CA->-PTEN PIK3CA->-TP53 TP53->-PTEN,3,3,6.000000,6,9.891923e-04,
MEN1->-GATA3,2,1,12.000000,12,2.441406e-04,
TP53->-NSD1,2,1,12.000000,12,1.273060e-03,
PTEN->-TP53,2,1,12.000000,12,9.997277e-01,
TP53->-ESR1,2,1,12.000000,12,1.872706e-03,
TP53->-CREBBP,2,1,12.000000,12,1.195742e-02,
PIK3CA->-SPEN,2,1,12.000000,12,5.380391e-02,
MAP3K1->-GATA3,2,1,12.000000,12,4.539591e-01,
GATA3->-PIK3CA MAP3K1->-GATA3 MAP3K1->-PIK3CA,3,3,6.000000,6,3.630433e-02,
MAP3K1->-GATA3 PIK3CA->-GATA3 PIK3CA->-MAP3K1,3,3,2.000000,2,7.681947e-01,
CDH1->-CBFB,2,1,12.000000,12,1.343800e-01,
CBFB->-PIK3CA CDH1->-CBFB CDH1->-PIK3CA,3,3,5.000000,5,6.779427e-03,
FOXA1->-PIK3CA,2,1,12.000000,12,9.933178e-01,
CDH1->-FOXA1 CDH1->-PIK3CA FOXA1->-PIK3CA,3,3,3.000000,3,3.719227e-01,
NF1->-TP53,2,1,12.000000,12,9.902132e-01,
NF1->-PIK3CA,2,1,12.000000,12,3.284967e-01,
NF1->-PIK3CA TP53->-NF1 TP53->-PIK3CA,3,3,3.000000,3,3.015204e-01,
NF1->-PIK3CA NF1->-TP53 TP53->-PIK3CA,3,3,4.000000,4,1.133621e-01,
TP53->-FLT4,2,1,12.000000,12,1.338534e-04,
TP53->-APC,2,1,12.000000,12,7.518896e-04,
PIK3CA->-RICTOR,2,1,11.000000,11,2.771772e-03,
TP53->-FOXA1,2,1,11.000000,11,4.672908e-02,
PIK3CA->-FOXA1 TP53->-FOXA1 TP53->-PIK3CA,3,3,3.000000,3,1.231255e-01,
PIK3CA->-FOXA1 PIK3CA->-TP53 TP53->-FOXA1,3,3,2.000000,2,3.757874e-01,
CDH1->-FOXA1 CDH1->-TP53 TP53->-FOXA1,3,3,2.000000,2,1.688890e-01,
CDH1->-FOXA1 TP53->-CDH1 TP53->-FOXA1,3,3,2.000000,2,1.688890e-01,
PIK3CA->-RB1,2,1,11.000000,11,2.391231e-01,
PIK3CA->-RB1 TP53->-PIK3CA TP53->-RB1,3,3,2.000000,2,3.933353e-01,
PIK3CA->-RB1 PIK3CA->-TP53 TP53->-RB1,3,3,4.000000,4,3.025886e-02,
TP53->-CDKN2A,2,1,11.000000,11,1.465205e-02,
TP53->-PTPRS,2,1,11.000000,11,8.581962e-05,
TP53->-ERBB3,2,1,11.000000,11,8.819366e-05,
TP53->-ATM,2,1,11.000000,11,1.646601e-03,
PIK3CA->-NOTCH4,2,1,11.000000,11,7.581231e-03,
GATA3->-MAP3K1,2,1,11.000000,11,6.184181e-01,
GATA3->-MAP3K1 GATA3->-PIK3CA MAP3K1->-PIK3CA,3,3,3.000000,3,5.067184e-01,
GATA3->-MAP3K1 GATA3->-PIK3CA PIK3CA->-MAP3K1,3,3,4.000000,4,2.652701e-01,
TP53->-TBX3,2,1,11.000000,11,1.213723e-01,
ESR1->-GATA3,2,1,11.000000,11,1.818258e-01,
ESR1->-GATA3 PIK3CA->-ESR1 PIK3CA->-GATA3,3,3,3.000000,3,1.441806e-01,
ESR1->-GATA3 ESR1->-PIK3CA PIK3CA->-GATA3,3,3,2.000000,2,4.072616e-01,
PIK3CA->-ATM,2,1,11.000000,11,2.602280e-01,
PIK3CA->-ATM PIK3CA->-TP53 TP53->-ATM,3,3,3.000000,3,7.300240e-02,
TP53->-ALK,2,1,11.000000,11,1.000675e-03,
TP53->-FBXW7,2,1,11.000000,11,4.038711e-03,
TP53->-SETD2,2,1,11.000000,11,1.202612e-04,
PIK3CA->-NF1,2,1,10.000000,10,6.590731e-01,
PIK3CA->-NF1 TP53->-NF1 TP53->-PIK3CA,3,3,3.000000,3,3.015204e-01,
PIK3CA->-NF1 PIK3CA->-TP53 TP53->-NF1,3,3,2.000000,2,5.963963e-01,
CDH1->-PTEN,2,1,10.000000,10,2.826935e-01,
KMT2C->-MAP3K1,2,1,10.000000,10,3.243332e-01,
KMT2C->-MAP3K1 PIK3CA->-KMT2C PIK3CA->-MAP3K1,3,3,4.000000,4,1.551312e-01,
KMT2C->-MAP3K1 KMT2C->-PIK3CA MAP3K1->-PIK3CA,3,3,3.000000,3,3.655647e-01,
TP53->-ATRX,2,1,10.000000,10,1.358217e-03,
PIK3CA->-MAP2K4,2,1,10.000000,10,9.230068e-01,
TP53->-CARD11,2,1,10.000000,10,4.934279e-03,
TP53->-NOTCH2,2,1,10.000000,10,1.713542e-03,
TP53->-EP300,2,1,10.000000,10,9.213172e-03,
GATA3->-ARID1A,2,1,10.000000,10,5.133325e-01,
GATA3->-ARID1A PIK3CA->-ARID1A PIK3CA->-GATA3,3,3,2.000000,2,3.429348e-01,
GATA3->-ARID1A GATA3->-PIK3CA PIK3CA->-ARID1A,3,3,3.000000,3,1.044689e-01,
TP53->-MAP2K4,2,1,10.000000,10,2.334857e-01,
CDH1->-GATA3,2,1,10.000000,10,1.554253e-02,
CDH1->-GATA3 CDH1->-PIK3CA PIK3CA->-GATA3,3,3,4.000000,4,2.193199e-02,
CDH1->-GATA3 PIK3CA->-CDH1 PIK3CA->-GATA3,3,3,2.000000,2,3.487232e-01,
CDH1->-ESR1 CDH1->-GATA3 ESR1->-GATA3,3,3,3.000000,3,4.629630e-03,
CDH1->-ESR1 CDH1->-GATA3 CDH1->-PIK3CA ESR1->-GATA3 PIK3CA->-ESR1 PIK3CA->-GATA3,4,6,2.000000,2,1.736111e-03,
PIK3CA->-FLT4,2,1,10.000000,10,2.180339e-02,
PIK3CA->-FLT4 TP53->-FLT4 TP53->-PIK3CA,3,3,2.000000,2,1.503842e-01,
PIK3CA->-FLT4 PIK3CA->-TP53 TP53->-FLT4,3,3,2.000000,2,1.503842e-01,
TP53->-NOTCH4,2,1,10.000000,10,8.193534e-04,
PIK3CA->-NOTCH4 PIK3CA->-TP53 TP53->-NOTCH4,3,3,3.000000,3,1.898298e-02,
TP53->-MED12,2,1,10.000000,10,2.015699e-02,
ERBB2->-CDH1,2,1,10.000000,10,9.671079e-01,
TP53->-ARID1B,2,1,10.000000,10,4.129919e-02,
ERBB2->-PIK3CA,2,1,10.000000,10,3.819459e-01,
CDH1->-ERBB2 CDH1->-PIK3CA ERBB2->-PIK3CA,3,3,5.000000,5,2.338502e-02,
TP53->-EPHA5,2,1,10.000000,10,1.790362e-02,
TP53->-BARD1,2,1,10.000000,10,2.591766e-04,
PIK3CA->-PTPRT,2,1,10.000000,10,5.526918e-02,
PIK3CA->-KMT2A,2,1,10.000000,10,6.977335e-02,
PIK3CA->-KMT2A TP53->-KMT2A TP53->-PIK3CA,3,3,3.000000,3,2.391975e-02,
ATM->-PIK3CA,2,1,9.000000,9,6.021551e-01,
ATM->-PIK3CA TP53->-ATM TP53->-PIK3CA,3,3,2.000000,2,2.833183e-01,
KMT2C->-GATA3,2,1,9.000000,9,2.843985e-01,
KMT2C->-GATA3 KMT2C->-PIK3CA PIK3CA->-GATA3,3,3,2.000000,2,3.222256e-01,
TP53->-EPHB1,2,1,9.000000,9,1.423916e-03,
MAP3K1->-KMT2C,2,1,9.000000,9,5.030840e-01,
MAP3K1->-KMT2C MAP3K1->-PIK3CA PIK3CA->-KMT2C,3,3,3.000000,3,3.655647e-01,
MAP3K1->-KMT2C PIK3CA->-KMT2C PIK3CA->-MAP3K1,3,3,2.000000,2,6.562519e-01,
MAP3K1->-KMT2C TP53->-KMT2C TP53->-MAP3K1,3,3,2.000000,2,5.659188e-02,
KMT2C->-PIK3CA MAP3K1->-KMT2C MAP3K1->-PIK3CA,3,3,2.000000,2,6.562519e-01,
ARID1A->-GATA3,2,1,9.000000,9,6.853666e-01,
ARID1A->-GATA3 ARID1A->-PIK3CA PIK3CA->-GATA3,3,3,2.000000,2,3.429348e-01,
AKT1->-CDH1,2,1,9.000000,9,4.318830e-01,
AKT1->-CDH1 AKT1->-TP53 CDH1->-TP53,3,3,3.000000,3,2.070473e-02,
TP53->-ROS1,2,1,9.000000,9,3.978604e-02,
CDH1->-MAP2K4,2,1,9.000000,9,4.859007e-02,
CDH1->-MAP2K4 CDH1->-PIK3CA MAP2K4->-PIK3CA,3,3,2.000000,2,3.081229e-01,
CDH1->-MAP2K4 PIK3CA->-CDH1 PIK3CA->-MAP2K4,3,3,2.000000,2,3.081229e-01,
CDH1->-MAP2K4 CDH1->-TP53 TP53->-MAP2K4,3,3,2.000000,2,8.085100e-02,
CDH1->-CDK12 CDH1->-TP53 TP53->-CDK12,3,3,2.000000,2,7.980019e-03,
TP53->-RICTOR,2,1,9.000000,9,2.436944e-04,
BRCA1-/-RICTOR PIK3CA->-BRCA1 PIK3CA->-RICTOR PIK3CA->-TP53 TP53->-BRCA1 TP53->-RICTOR,4,6,2.000000,2,3.149408e-05,
PTEN->-NF1,2,1,9.000000,9,1.976229e-02,
PTEN->-NF1 TP53->-NF1 TP53->-PTEN,3,3,5.000000,5,6.045177e-03,
PTEN->-NF1 PTEN->-TP53 TP53->-NF1,3,3,3.000000,3,1.476916e-01,
PIK3CA->-CREBBP,2,1,9.000000,9,2.624732e-01,
PIK3CA->-CREBBP TP53->-CREBBP TP53->-PIK3CA,3,3,2.000000,2,1.913754e-01,
PIK3CA->-PLK2 TP53->-PIK3CA TP53->-PLK2,3,3,2.000000,2,6.833455e-02,
MEN1->-PIK3CA,2,1,9.000000,9,5.102081e-02,
AKT1->-GATA3,2,1,9.000000,9,1.672247e-02,
TBX3->-CDH1,2,1,9.000000,9,9.444398e-01,
CDH1->-PIK3CA TBX3->-CDH1 TBX3->-PIK3CA,3,3,4.000000,4,1.647834e-01,
TP53->-ZFHX3,2,1,9.000000,9,2.529469e-02,
TP53->-ERCC5,2,1,9.000000,9,7.957176e-04,
TP53->-SF3B1,2,1,9.000000,9,1.041667e-03,
PIK3CA->-SF3B1 TP53->-PIK3CA TP53->-SF3B1,3,3,2.000000,2,2.632245e-01,
PIK3CA->-SF3B1 PIK3CA->-TP53 TP53->-SF3B1,3,3,4.000000,4,8.701989e-03,
PIK3CA->-MED12,2,1,9.000000,9,4.313528e-02,
PIK3CA->-MED12 PIK3CA->-TP53 TP53->-MED12,3,3,2.000000,2,1.480195e-01,
PIK3CA->-POLE,2,1,9.000000,9,3.922325e-03,
TP53->-ARID5B,2,1,9.000000,9,4.226488e-03,
TP53->-PTPRT,2,1,9.000000,9,1.526088e-02,
PIK3CA->-PTPRT TP53->-PIK3CA TP53->-PTPRT,3,3,2.000000,2,2.865783e-01,
RB1->-PTPRT TP53->-PTPRT TP53->-RB1,3,3,2.000000,2,7.266088e-02,
PIK3CA->-PTPRT PIK3CA->-TP53 TP53->-PTPRT,3,3,4.000000,4,1.310872e-02,
TP53->-BRCA1,2,1,9.000000,9,4.180564e-03,
TP53->-POLE,2,1,9.000000,9,5.153219e-04,
PIK3CA->-POLE PIK3CA->-TP53 TP53->-POLE,3,3,5.000000,5,2.380799e-04,
TP53->-TET2,2,1,9.000000,9,9.179808e-04,
TP53->-SPEN,2,1,9.000000,9,6.163755e-02,
PIK3CA->-SPEN PIK3CA->-TP53 TP53->-SPEN,3,3,3.000000,3,2.098765e-02,
GATA3->-TP53,2,1,8.000000,8,9.600053e-01,
GATA3->-TP53 PIK3CA->-GATA3 PIK3CA->-TP53,3,3,2.000000,2,3.727769e-01,
PIK3CA->-ERBB2,2,1,8.000000,8,7.391458e-01,
CDH1->-ERBB2 CDH1->-PIK3CA PIK3CA->-ERBB2,3,3,4.000000,4,9.236514e-02,
PIK3CA->-ZFHX3,2,1,8.000000,8,3.043127e-01,
PIK3CA->-ARID2,2,1,8.000000,8,1.502955e-01,
PIK3CA->-ARID2 PIK3CA->-TP53 TP53->-ARID2,3,3,4.000000,4,5.374436e-03,
TP53->-TSC2,2,1,8.000000,8,5.515327e-02,
PTEN->-KMT2C,2,1,8.000000,8,1.901883e-02,
PTEN->-KMT2C TP53->-KMT2C TP53->-PTEN,3,3,2.000000,2,8.854167e-02,
CDH1->-AKT1,2,1,8.000000,8,6.232396e-01,
TP53->-ANKRD11,2,1,8.000000,8,9.444731e-03,
CDH1->-BRCA2,2,1,8.000000,8,1.265820e-01,
CDH1->-BRCA2 TP53->-BRCA2 TP53->-CDH1,3,3,2.000000,2,5.092593e-02,
PTEN->-CDH1,2,1,8.000000,8,6.462893e-01,
CDH1->-TP53 PTEN->-CDH1 PTEN->-TP53,3,3,2.000000,2,5.437784e-02,
PIK3CA->-PTPRD,2,1,8.000000,8,6.145282e-03,
PIK3CA->-DICER1,2,1,8.000000,8,4.962467e-03,
PIK3CA->-PTCH1,2,1,8.000000,8,9.956596e-03,
NCOR1->-TP53,2,1,8.000000,8,9.786619e-01,
NCOR1->-TP53 PIK3CA->-NCOR1 PIK3CA->-TP53,3,3,2.000000,2,4.067876e-01,
CDH1->-NCOR1 CDH1->-TP53 NCOR1->-TP53,3,3,2.000000,2,3.822993e-01,
PTEN->-MAP3K1,2,1,8.000000,8,7.093647e-02,
PTEN->-MAP3K1 TP53->-MAP3K1 TP53->-PTEN,3,3,2.000000,2,1.319444e-01,
MAP3K1->-PIK3CA PTEN->-MAP3K1 PTEN->-PIK3CA,3,3,2.000000,2,4.907407e-02,
CDH1->-MAP3K1 CDH1->-NF1 NF1->-MAP3K1 PTEN->-CDH1 PTEN->-MAP3K1 PTEN->-NF1,4,6,2.000000,2,1.251385e-03,
RUNX1->-PIK3CA,2,1,8.000000,8,9.837119e-01,
CDH1->-CREBBP,2,1,8.000000,8,8.523654e-02,
CDH1->-CREBBP CDH1->-PIK3CA PIK3CA->-CREBBP,3,3,4.000000,4,2.412466e-02,
RB1->-TP53,2,1,8.000000,8,9.899790e-01,
KMT2C->-TP53,2,1,8.000000,8,9.992861e-01,
CTCF->-PIK3CA,2,1,8.000000,8,1.054688e-01,
TP53->-BAP1,2,1,8.000000,8,9.100379e-03,
RUNX1->-CDH1,2,1,8.000000,8,9.248991e-01,
CDH1->-PIK3CA RUNX1->-CDH1 RUNX1->-PIK3CA,3,3,2.000000,2,5.579345e-01,
PIK3CA->-CDH1 RUNX1->-CDH1 RUNX1->-PIK3CA,3,3,2.000000,2,5.579345e-01,
CBFB->-MAP3K1,2,1,8.000000,8,4.531250e-02,
CBFB->-MAP3K1 CBFB->-PIK3CA MAP3K1->-PIK3CA,3,3,6.000000,6,2.848865e-04,
CBFB->-GATA3 CBFB->-MAP3K1 MAP3K1->-GATA3,3,3,2.000000,2,1.319444e-01,
CDH1->-NF1,2,1,8.000000,8,2.497354e-01,
CDH1->-NF1 CDH1->-PIK3CA PIK3CA->-NF1,3,3,3.000000,3,1.509788e-01,
PIK3CA->-CDKN1B,2,1,8.000000,8,5.819255e-01,
CDH1->-APC,2,1,8.000000,8,3.050913e-03,
TP53->-NOTCH1,2,1,8.000000,8,5.262454e-03,
PIK3CA->-CARD11,2,1,7.000000,7,5.618019e-03,
PIK3CA->-CARD11 TP53->-CARD11 TP53->-PIK3CA,3,3,2.000000,2,1.208032e-01,
APC->-ATR APC->-MGA MGA->-ATR PIK3CA->-APC PIK3CA->-ATR PIK3CA->-MGA PIK3CA->-TP53 TP53->-APC TP53->-ATR TP53->-MGA,5,10,2.000000,2,3.992003e-04,
APC->-ARID2 APC->-MGA MGA->-ARID2 PIK3CA->-APC PIK3CA->-ARID2 PIK3CA->-MGA PIK3CA->-TP53 TP53->-APC TP53->-ARID2 TP53->-MGA,5,10,2.000000,2,3.996446e-04,
APC->-KMT2D APC->-MGA MGA->-KMT2D PIK3CA->-APC PIK3CA->-KMT2D PIK3CA->-MGA PIK3CA->-TP53 TP53->-APC TP53->-KMT2D TP53->-MGA,5,10,2.000000,2,4.051983e-04,
APC->-CARD11 APC->-MGA MGA->-CARD11 PIK3CA->-APC PIK3CA->-CARD11 PIK3CA->-MGA PIK3CA->-TP53 TP53->-APC TP53->-CARD11 TP53->-MGA,5,10,2.000000,2,3.918694e-04,
TP53->-DNMT1,2,1,7.000000,7,2.734375e-03,
CDH1->-KMT2D,2,1,7.000000,7,2.001379e-02,
CDH1->-KMT2D CDH1->-PIK3CA PIK3CA->-KMT2D,3,3,2.000000,2,2.462544e-01,
CDH1->-KMT2D PIK3CA->-CDH1 PIK3CA->-KMT2D,3,3,2.000000,2,2.462544e-01,
CDH1->-EPHB1,2,1,7.000000,7,5.208333e-03,
CDH1->-EPHB1 CDH1->-TP53 TP53->-EPHB1,3,3,3.000000,3,2.660006e-03,
FOXA1->-MAP3K1,2,1,7.000000,7,2.889498e-01,
FOXA1->-MAP3K1 PIK3CA->-FOXA1 PIK3CA->-MAP3K1,3,3,3.000000,3,1.548167e-01,
CDH1->-FOXA1 CDH1->-MAP3K1 CDH1->-PIK3CA FOXA1->-MAP3K1 PIK3CA->-FOXA1 PIK3CA->-MAP3K1,4,6,2.000000,2,5.063657e-03,
FOXA1->-MAP3K1 FOXA1->-PIK3CA PIK3CA->-MAP3K1,3,3,2.000000,2,4.238514e-01,
FOXA1->-MAP3K1 TP53->-FOXA1 TP53->-MAP3K1,3,3,3.000000,3,1.727886e-02,
PIK3CA->-ANKRD11,2,1,7.000000,7,8.464889e-02,
PIK3CA->-ANKRD11 TP53->-ANKRD11 TP53->-PIK3CA,3,3,3.000000,3,1.491270e-02,
PIK3CA->-BRCA2,2,1,7.000000,7,1.916344e-01,
CDH1->-BRCA2 CDH1->-PIK3CA CDH1->-TBX3 PIK3CA->-BRCA2 TBX3->-BRCA2 TBX3->-PIK3CA,4,6,2.000000,2,8.585165e-04,
PIK3CA->-DNMT3A,2,1,7.000000,7,2.992904e-02,
CDH1->-PTPRS,2,1,7.000000,7,4.969354e-03,
CDH1->-PTPRS CDH1->-TP53 TP53->-PTPRS,3,3,2.000000,2,1.596004e-02,
MAP3K1->-ERBB3,2,1,7.000000,7,3.115938e-03,
TP53->-MDC1,2,1,7.000000,7,5.882319e-02,
PIK3CA->-PLK2,2,1,7.000000,7,4.830902e-03,
TP53->-MTOR,2,1,7.000000,7,1.082700e-02,
MAP3K1->-ARID1A,2,1,7.000000,7,1.191478e-01,
MAP3K1->-ARID1A MAP3K1->-PIK3CA PIK3CA->-ARID1A,3,3,3.000000,3,1.181020e-01,
GATA3->-ARID1A MAP3K1->-ARID1A MAP3K1->-GATA3,3,3,3.000000,3,4.629630e-03,
GATA3->-ARID1A GATA3->-PIK3CA MAP3K1->-ARID1A MAP3K1->-GATA3 MAP3K1->-PIK3CA PIK3CA->-ARID1A,4,6,2.000000,2,5.063657e-03,
GATA3->-SPEN,2,1,7.000000,7,2.580762e-01,
ATM->-GATA3,2,1,7.000000,7,2.134233e-02,
ATM->-GATA3 ATM->-PIK3CA GATA3->-PIK3CA,3,3,2.000000,2,3.055556e-02,
ATM->-SPEN,2,1,2.000000,2,8.179912e-01,
TP53->-DDR2,2,1,7.000000,7,1.390334e-02,
CDH1->-FAT1,2,1,7.000000,7,2.268527e-02,
CDH1->-FAT1 CDH1->-PIK3CA PIK3CA->-FAT1,3,3,2.000000,2,9.680522e-02,
TP53->-PIK3CG,2,1,7.000000,7,9.821264e-03,
CDH1->-ERBB3,2,1,7.000000,7,7.095170e-02,
CDH1->-SPEN,2,1,7.000000,7,1.956641e-01,
CDH1->-PIK3CA CDH1->-SPEN PIK3CA->-SPEN,3,3,2.000000,2,7.407407e-02,
PIK3CA->-PTPRS,2,1,7.000000,7,3.102500e-01,
PIK3CA->-PTPRS PIK3CA->-TP53 TP53->-PTPRS,3,3,3.000000,3,1.669480e-02,
NCOR1->-GATA3,2,1,7.000000,7,3.090278e-02,
TP53->-PIK3C2G,2,1,7.000000,7,1.166667e-03,
MGA->-PIK3CA,2,1,7.000000,7,5.399596e-01,
TP53->-KDM6A,2,1,7.000000,7,5.003068e-02,
TP53->-SOX17,2,1,7.000000,7,1.050118e-02,
TP53->-GRIN2A,2,1,7.000000,7,4.687500e-03,
CBFB->-CDH1,2,1,7.000000,7,8.857025e-01,
CBFB->-CDH1 CBFB->-PIK3CA CDH1->-PIK3CA,3,3,2.000000,2,4.263322e-01,
MAP2K4->-TP53,2,1,7.000000,7,7.685442e-01,
MAP2K4->-TP53 PIK3CA->-MAP2K4 PIK3CA->-TP53,3,3,2.000000,2,2.392234e-01,
CDH1->-PTPRD,2,1,7.000000,7,5.602996e-02,
CDH1->-PTPRD CDH1->-TP53 TP53->-PTPRD,3,3,2.000000,2,1.801854e-01,
CDH1->-PTPRD TP53->-CDH1 TP53->-PTPRD,3,3,2.000000,2,1.801854e-01,
CDH1->-PIK3CA CDH1->-PTPRD PIK3CA->-PTPRD,3,3,2.000000,2,1.247700e-01,
CDH1->-PTPRD PIK3CA->-CDH1 PIK3CA->-PTPRD,3,3,2.000000,2,1.247700e-01,
PIK3CA->-MDC1,2,1,7.000000,7,1.545224e-01,
PIK3CA->-MDC1 PIK3CA->-TP53 TP53->-MDC1,3,3,3.000000,3,5.280503e-02,
TP53->-INSR,2,1,7.000000,7,9.926698e-03,
CDH1->-KMT2A,2,1,7.000000,7,3.495519e-02,
TP53->-BCOR,2,1,7.000000,7,2.267416e-03,
RB1->-PIK3CA,2,1,7.000000,7,8.802812e-01,
PIK3CA->-MGA,2,1,7.000000,7,5.399596e-01,
PIK3CA->-KDR,2,1,7.000000,7,2.806057e-02,
TP53->-PALB2,2,1,7.000000,7,1.852492e-02,
TP53->-PDGFRA,2,1,7.000000,7,1.514106e-02,
PIK3CA->-EPHA5,2,1,7.000000,7,1.759082e-02,
PIK3CA->-EPHA5 TP53->-EPHA5 TP53->-PIK3CA,3,3,3.000000,3,2.020574e-02,
CDKN1B->-PIK3CA,2,1,7.000000,7,7.575627e-01,
MAP2K4->-GATA3,2,1,7.000000,7,7.176339e-02,
MAP2K4->-GATA3 MAP2K4->-PIK3CA PIK3CA->-GATA3,3,3,2.000000,2,5.181878e-02,
PIK3CA->-BCOR,2,1,7.000000,7,1.364591e-01,
PIK3CA->-BCOR PIK3CA->-PTEN PIK3CA->-TP53 PTEN->-BCOR TP53->-BCOR TP53->-PTEN,4,6,2.000000,2,1.634276e-03,
ESR1->-ARID1A,2,1,6.000000,6,2.087901e-01,
ESR1->-ARID1A PIK3CA->-ARID1A PIK3CA->-ESR1,3,3,3.000000,3,7.523148e-03,
PIK3CA->-ATRX,2,1,6.000000,6,2.527488e-01,
NOTCH1->-PIK3CA,2,1,6.000000,6,4.927000e-01,
TP53->-DOT1L,2,1,6.000000,6,2.920841e-02,
TP53->-PIK3CB,2,1,6.000000,6,7.823129e-03,
PIK3CA->-EPHB1,2,1,6.000000,6,5.757118e-02,
PIK3CA->-EPHB1 TP53->-EPHB1 TP53->-PIK3CA,3,3,2.000000,2,1.301779e-01,
PIK3CA->-EPHB1 PIK3CA->-TP53 TP53->-EPHB1,3,3,2.000000,2,1.301779e-01,
ATRX->-EPHB1 PIK3CA->-ATRX PIK3CA->-EPHB1,3,3,2.000000,2,2.692986e-02,
HNF1A->-EPHB1,2,1,2.000000,2,2.473545e-01,
CDH1->-EPHB1 CDH1->-PIK3CA PIK3CA->-EPHB1,3,3,3.000000,3,1.404151e-02,
PIK3CA->-NSD1,2,1,6.000000,6,2.302703e-01,
ARID1A->-KMT2C,2,1,6.000000,6,5.519907e-01,
ARID1A->-KMT2C ARID1A->-NCOR1 KMT2C->-NCOR1 PIK3CA->-ARID1A PIK3CA->-KMT2C PIK3CA->-NCOR1,4,6,2.000000,2,5.063657e-03,
ARID1A->-KMT2C CDH1->-ARID1A CDH1->-KMT2C,3,3,2.000000,2,5.588624e-02,
CDH1->-FOXA1 CDH1->-KMT2C FOXA1->-KMT2C,3,3,2.000000,2,7.407407e-02,
ARID1A->-KMT2C ARID1A->-PIK3CA PIK3CA->-KMT2C,3,3,2.000000,2,3.697406e-01,
STK11->-PIK3CA,2,1,6.000000,6,2.149444e-01,
PIK3CA->-TET1,2,1,6.000000,6,1.331414e-01,
STAG2->-PIK3CA,2,1,6.000000,6,6.037945e-01,
CDH1->-RICTOR,2,1,6.000000,6,1.447044e-02,
CDH1->-PIK3CA CDH1->-RICTOR PIK3CA->-RICTOR,3,3,3.000000,3,1.476882e-02,
AKT1->-MAP3K1,2,1,6.000000,6,4.687500e-02,
ZFHX3->-PIK3CA,2,1,6.000000,6,7.134809e-01,
PIK3CA->-MTOR,2,1,6.000000,6,6.053654e-02,
PIK3CA->-MTOR PIK3CA->-TP53 TP53->-MTOR,3,3,3.000000,3,3.720238e-04,
PIK3CA->-RFWD2,2,1,6.000000,6,8.824271e-02,
MAP3K1->-TP53,2,1,6.000000,6,9.994485e-01,
PIK3CA->-ROS1,2,1,6.000000,6,2.296082e-01,
PIK3CA->-EP300,2,1,6.000000,6,1.805690e-01,
PIK3CA->-ERBB3,2,1,6.000000,6,4.491900e-01,
PIK3CA->-ERBB3 TP53->-ERBB3 TP53->-PIK3CA,3,3,2.000000,2,8.852191e-02,
MAP3K1->-ERBB3 MAP3K1->-PIK3CA PIK3CA->-ERBB3,3,3,2.000000,2,1.857645e-01,
PIK3CA->-NUP93,2,1,6.000000,6,6.250000e-02,
KMT2C->-ARID1A,2,1,6.000000,6,5.519907e-01,
KMT2C->-ARID1A PIK3CA->-ARID1A PIK3CA->-KMT2C,3,3,2.000000,2,3.697406e-01,
KMT2C->-ARID1A KMT2C->-PIK3CA PIK3CA->-ARID1A,3,3,2.000000,2,3.697406e-01,
GATA3->-ARID1A KMT2C->-ARID1A KMT2C->-GATA3,3,3,2.000000,2,2.777778e-02,
GATA3->-KMT2C,2,1,6.000000,6,8.361146e-01,
TBX3->-TP53,2,1,6.000000,6,8.919718e-01,
TBX3->-PIK3CA TBX3->-TP53 TP53->-PIK3CA,3,3,2.000000,2,2.895379e-01,
PIK3CA->-TP53 TBX3->-PIK3CA TBX3->-TP53,3,3,2.000000,2,2.895379e-01,
TP53->-HNF1A,2,1,6.000000,6,7.481744e-02,
TP53->-KDM5A,2,1,6.000000,6,7.442850e-03,
CDH1->-ATRX,2,1,6.000000,6,5.016447e-02,
CDH1->-ATRX CDH1->-PIK3CA PIK3CA->-ATRX,3,3,3.000000,3,1.620370e-02,
TP53->-TERT,2,1,6.000000,6,8.945881e-02,
TP53->-STK11,2,1,6.000000,6,4.520629e-02,
TP53->-RECQL4,2,1,6.000000,6,5.723682e-02,
PIK3CA->-PIK3C2G,2,1,6.000000,6,6.256944e-02,
PIK3CA->-PIK3C2G PIK3CA->-TP53 TP53->-PIK3C2G,3,3,2.000000,2,9.846536e-02,
PIK3CA->-AR,2,1,6.000000,6,2.274639e-01,
TP53->-TP63,2,1,6.000000,6,1.562500e-02,
PTEN->-PIK3R1,2,1,6.000000,6,9.043215e-02,
PTEN->-PIK3R1 TP53->-PIK3R1 TP53->-PTEN,3,3,4.000000,4,3.106461e-04,
KMT2C->-NCOR1,2,1,6.000000,6,1.072443e-01,
KMT2C->-NCOR1 PIK3CA->-KMT2C PIK3CA->-NCOR1,3,3,4.000000,4,3.343621e-03,
CDH1->-KMT2C CDH1->-NCOR1 KMT2C->-NCOR1,3,3,3.000000,3,3.549383e-02,
PIK3CA->-STAG2,2,1,6.000000,6,6.037945e-01,
PIK3CA->-STAG2 TP53->-PIK3CA TP53->-STAG2,3,3,2.000000,2,1.247700e-01,
CDH1->-PIK3CA CDH1->-STAG2 PIK3CA->-STAG2,3,3,2.000000,2,1.247700e-01,
PIK3CA->-NOTCH1,2,1,6.000000,6,4.927000e-01,
PIK3CA->-NOTCH1 TP53->-NOTCH1 TP53->-PIK3CA,3,3,2.000000,2,1.030093e-01,
CDH1->-RB1,2,1,6.000000,6,6.624233e-02,
CDH1->-RB1 CDH1->-TP53 TP53->-RB1,3,3,2.000000,2,8.024691e-02,
CDH1->-RB1 TP53->-CDH1 TP53->-RB1,3,3,2.000000,2,8.024691e-02,
GATA3->-ESR1,2,1,6.000000,6,9.297088e-01,
MAP3K1->-TBX3,2,1,6.000000,6,2.360103e-01,
MAP3K1->-PIK3CA MAP3K1->-TBX3 PIK3CA->-TBX3,3,3,2.000000,2,2.203575e-01,
GATA3->-PIK3CA GATA3->-TBX3 PIK3CA->-TBX3,3,3,2.000000,2,2.132221e-01,
PIK3CA->-CIC,2,1,6.000000,6,1.413690e-02,
TP53->-MGA,2,1,6.000000,6,7.968131e-02,
PIK3CA->-MGA TP53->-MGA TP53->-PIK3CA,3,3,3.000000,3,3.544064e-02,
PIK3CA->-MST1R,2,1,6.000000,6,5.555556e-03,
TP53->-DNMT3A,2,1,6.000000,6,1.263589e-01,
TP53->-KDR,2,1,6.000000,6,1.195674e-01,
PIK3CA->-KDR TP53->-KDR TP53->-PIK3CA,3,3,2.000000,2,2.219158e-01,
PIK3CA->-KDR PIK3CA->-TP53 TP53->-KDR,3,3,3.000000,3,4.614516e-02,
PIK3CA->-FGFR2,2,1,6.000000,6,5.269511e-02,
GATA3->-CDKN1B,2,1,6.000000,6,1.562500e-02,
CDKN1B->-PIK3CA GATA3->-CDKN1B GATA3->-PIK3CA,3,3,2.000000,2,1.319444e-01,
PIK3CA->-RAD50,2,1,6.000000,6,1.451763e-01,
CBFB->-TP53,2,1,6.000000,6,9.440683e-02,
CBFB->-PIK3CA CBFB->-TP53 TP53->-PIK3CA,3,3,3.000000,3,2.102623e-02,
CDH1->-PTCH1,2,1,6.000000,6,6.009745e-02,
CDH1->-PIK3CA CDH1->-PTCH1 PIK3CA->-PTCH1,3,3,2.000000,2,1.250511e-01,
TP53->-RPTOR,2,1,6.000000,6,4.630682e-02,
ESR1->-CDH1,2,1,6.000000,6,9.613885e-01,
PTEN->-ARID1A,2,1,6.000000,6,3.346320e-02,
PIK3CA->-ARID5B,2,1,6.000000,6,8.601650e-02,
PIK3CA->-ARID5B TP53->-ARID5B TP53->-PIK3CA,3,3,2.000000,2,9.559132e-02,
ANKRD11->-ARID5B,2,1,2.000000,2,2.315271e-01,
PIK3CA->-ARID5B PIK3CA->-TP53 TP53->-ARID5B,3,3,2.000000,2,9.559132e-02,
TP53->-NBN,2,1,6.000000,6,1.093750e-02,
PIK3CA->-CBFB,2,1,6.000000,6,9.999966e-01,
TP53->-RAD50,2,1,6.000000,6,2.909064e-02,
PIK3CA->-RAD50 TP53->-PIK3CA TP53->-RAD50,3,3,2.000000,2,6.852041e-02,
PIK3CA->-RAD50 PIK3CA->-TP53 TP53->-RAD50,3,3,2.000000,2,6.852041e-02,
CDH1->-SETD2,2,1,6.000000,6,5.312500e-02,
BRCA1->-SETD2 CDH1->-BRCA1 CDH1->-SETD2 TP53->-BRCA1 TP53->-CDH1 TP53->-SETD2,4,6,2.000000,2,1.736111e-03,
TP53->-NOTCH3,2,1,6.000000,6,2.846258e-02,
KMT2C->-FAT1,2,1,6.000000,6,1.850373e-01,
KMT2C->-FAT1 PIK3CA->-FAT1 PIK3CA->-KMT2C,3,3,2.000000,2,2.040140e-01,
PIK3CA->-APC,2,1,6.000000,6,2.657258e-01,
PIK3CA->-APC PIK3CA->-TP53 TP53->-APC,3,3,4.000000,4,1.190303e-03,
CDH1->-APC CDH1->-PIK3CA PIK3CA->-APC,3,3,2.000000,2,1.211335e-01,
ESR1->-FAT1,2,1,5.000000,5,6.955619e-02,
ESR1->-FAT1 PIK3CA->-ESR1 PIK3CA->-FAT1,3,3,2.000000,2,6.216931e-02,
TET1->-ARID1A,2,1,5.000000,5,2.566964e-02,
PIK3CA->-IGF1R,2,1,5.000000,5,1.187386e-01,
ERBB3->-PIK3CA,2,1,5.000000,5,6.826411e-01,
ERBB3->-PIK3CA MAP3K1->-ERBB3 MAP3K1->-PIK3CA,3,3,3.000000,3,3.234973e-02,
MEN1->-KMT2C,2,1,5.000000,5,8.908474e-02,
KMT2C->-GATA3 MEN1->-GATA3 MEN1->-KMT2C,3,3,2.000000,2,2.777778e-02,
TP53->-RAF1,2,1,5.000000,5,8.503401e-03,
PIK3CA->-EZH2,2,1,5.000000,5,2.187500e-02,
TP53->-TSC1,2,1,5.000000,5,1.254543e-01,
CDH1->-NSD1,2,1,5.000000,5,2.697650e-02,
CDH1->-NSD1 CDH1->-TP53 TP53->-NSD1,3,3,2.000000,2,2.777778e-02,
CDH1->-FOXA1 CDH1->-NSD1 CDH1->-PIK3CA NSD1->-FOXA1 PIK3CA->-FOXA1 PIK3CA->-NSD1,4,6,2.000000,2,1.736111e-03,
PIK3CA->-GLI1,2,1,5.000000,5,1.562954e-02,
CBFB->-AKT1,2,1,5.000000,5,3.366970e-01,
CHEK2->-PIK3CA,2,1,5.000000,5,8.296784e-02,
PIK3CA->-HIST1H1C,2,1,5.000000,5,2.024854e-01,
GATA3->-EGFR,2,1,5.000000,5,3.125000e-02,
PIK3CA->-ALK,2,1,5.000000,5,2.440201e-01,
TP53->-IKZF1,2,1,5.000000,5,1.434240e-02,
TP53->-KIT,2,1,5.000000,5,9.555086e-03,
PIK3CA->-BRIP1,2,1,5.000000,5,6.681548e-02,
KDM5C->-PIK3CA,2,1,5.000000,5,5.352734e-01,
ZFHX3->-CDH1,2,1,5.000000,5,1.249479e-01,
CDH1->-PIK3CA ZFHX3->-CDH1 ZFHX3->-PIK3CA,3,3,4.000000,4,2.516902e-03,
TP53->-EPHA7,2,1,5.000000,5,6.241749e-02,
SPEN->-PIK3CA,2,1,5.000000,5,9.625675e-01,
TP53->-BRD4,2,1,5.000000,5,3.992798e-02,
TP53->-RFWD2,2,1,5.000000,5,7.132016e-02,
TP53->-HIST1H3B,2,1,5.000000,5,7.884945e-02,
TP53->-TCF7L2,2,1,5.000000,5,2.649782e-02,
TP53->-AR,2,1,5.000000,5,2.678571e-02,
PIK3CA->-AR PIK3CA->-TP53 TP53->-AR,3,3,3.000000,3,4.629630e-03,
TP53->-PLK2,2,1,5.000000,5,2.894089e-02,
ESR1->-MAP3K1,2,1,5.000000,5,5.689603e-01,
ESR1->-MAP3K1 PIK3CA->-ESR1 PIK3CA->-MAP3K1,3,3,2.000000,2,3.302040e-01,
KMT2C->-CDH1,2,1,5.000000,5,9.998364e-01,
TP53->-ARAF,2,1,5.000000,5,5.866000e-02,
TP53->-INPP4B,2,1,5.000000,5,3.756285e-02,
TP53->-MAP3K13,2,1,5.000000,5,1.166685e-01,
TP53->-MET,2,1,5.000000,5,1.477273e-02,
MAP3K1->-ESR1,2,1,5.000000,5,5.689603e-01,
ESR1->-PIK3CA MAP3K1->-ESR1 MAP3K1->-PIK3CA,3,3,2.000000,2,3.302040e-01,
CREBBP->-PIK3CA,2,1,5.000000,5,9.205408e-01,
PIK3CA->-DNMT1,2,1,5.000000,5,2.086538e-02,
PTEN->-SF3B1,2,1,5.000000,5,3.997396e-01,
PIK3CA->-SF3B1 PTEN->-PIK3CA PTEN->-SF3B1,3,3,2.000000,2,1.319444e-01,
PIK3CA->-PIK3CG,2,1,5.000000,5,1.771995e-01,
PIK3CA->-PIK3CG TP53->-PIK3CA TP53->-PIK3CG,3,3,2.000000,2,6.018519e-02,
CDH1->-AR,2,1,5.000000,5,9.048764e-02,
NCOR1->-MED12,2,1,5.000000,5,2.343750e-02,
NCOR1->-MED12 TP53->-MED12 TP53->-NCOR1,3,3,3.000000,3,1.000331e-02,
NCOR1->-MED12 NCOR1->-PIK3CA PIK3CA->-MED12,3,3,2.000000,2,7.407407e-02,
TP53->-FGFR4,2,1,5.000000,5,9.090909e-03,
NF1->-PIK3R1,2,1,5.000000,5,1.523294e-01,
NF1->-PIK3R1 TP53->-NF1 TP53->-PIK3R1,3,3,2.000000,2,9.608910e-02,
NF1->-PIK3R1 PTEN->-NF1 PTEN->-PIK3R1,3,3,2.000000,2,8.003781e-02,
TP53->-AXIN2,2,1,5.000000,5,1.370833e-02,
CREBBP->-KMT2C,2,1,5.000000,5,8.131169e-02,
CREBBP->-KMT2C TP53->-CREBBP TP53->-KMT2C,3,3,2.000000,2,5.953445e-02,
CREBBP->-KMT2C PIK3CA->-CREBBP PIK3CA->-KMT2C,3,3,3.000000,3,2.589990e-02,
CDH1->-CREBBP CDH1->-KMT2C CDH1->-PIK3CA CREBBP->-KMT2C PIK3CA->-CREBBP PIK3CA->-KMT2C,4,6,2.000000,2,6.717240e-03,
ARID1A->-CREBBP ARID1A->-KMT2C CREBBP->-KMT2C,3,3,2.000000,2,1.686508e-02,
TP53->-IGF1R,2,1,5.000000,5,5.656667e-02,
PIK3CA->-IGF1R TP53->-IGF1R TP53->-PIK3CA,3,3,2.000000,2,2.476852e-02,
TP53->-JAK3,2,1,5.000000,5,9.258853e-02,
CDH1->-STAG2,2,1,5.000000,5,2.894089e-02,
PIK3CA->-TET2,2,1,5.000000,5,4.232598e-01,
CDH1->-IKZF1,2,1,5.000000,5,3.125000e-02,
TP53->-PBRM1,2,1,5.000000,5,2.247633e-01,
TP53->-ERBB2,2,1,5.000000,5,5.588583e-01,
CDH1->-ERBB2 CDH1->-TP53 TP53->-ERBB2,3,3,2.000000,2,2.549207e-01,
PIK3CA->-BRCA1,2,1,5.000000,5,3.714554e-01,
TP53->-POLD1,2,1,5.000000,5,8.341667e-03,
CDH1->-RFWD2,2,1,5.000000,5,1.902701e-01,
CDH1->-PIK3CA CDH1->-RFWD2 PIK3CA->-RFWD2,3,3,2.000000,2,1.633256e-01,
TP53->-PAK7,2,1,5.000000,5,3.440329e-02,
GATA3->-TBX3,2,1,5.000000,5,1.839126e-01,
GATA3->-PIK3CA GATA3->-TBX3 TBX3->-PIK3CA,3,3,2.000000,2,2.132221e-01,
GATA3->-TBX3 MAP3K1->-GATA3 MAP3K1->-TBX3,3,3,2.000000,2,1.236772e-01,
CDH1->-MED12,2,1,5.000000,5,9.527625e-02,
CDH1->-MED12 PIK3CA->-CDH1 PIK3CA->-MED12,3,3,2.000000,2,1.870591e-01,
PIK3CA->-TERT,2,1,5.000000,5,4.382716e-02,
PIK3R1->-TP53,2,1,5.000000,5,9.815430e-01,
ERBB2->-KMT2C,2,1,5.000000,5,2.179033e-01,
CDH1->-ATR CDH1->-ERBB2 CDH1->-PIK3CA ERBB2->-ATR ERBB2->-PIK3CA PIK3CA->-ATR,4,6,2.000000,2,1.430788e-03,
CDH1->-ATR CDH1->-ERBB2 CDH1->-KMT2C ERBB2->-ATR ERBB2->-KMT2C KMT2C->-ATR,4,6,2.000000,2,1.430788e-03,
CDH1->-KMT2C ERBB2->-CDH1 ERBB2->-KMT2C,3,3,2.000000,2,1.882733e-01,
KMT2C->-PARP1 TP53->-KMT2C TP53->-PARP1,3,3,2.000000,2,2.433406e-02,
ERBB2->-KMT2C ERBB2->-PARP1 ERBB2->-PIK3CA KMT2C->-PARP1 PIK3CA->-KMT2C PIK3CA->-PARP1,4,6,2.000000,2,1.430788e-03,
TP53->-XPO1,2,1,5.000000,5,4.901082e-02,
PIK3CA->-GRIN2A,2,1,5.000000,5,1.527778e-01,
MAP3K1->-NOTCH4,2,1,5.000000,5,2.138158e-02,
MAP3K1->-NOTCH4 MAP3K1->-PIK3CA PIK3CA->-NOTCH4,3,3,2.000000,2,1.020239e-01,
MAP3K1->-NOTCH4 PIK3CA->-MAP3K1 PIK3CA->-NOTCH4,3,3,2.000000,2,1.020239e-01,
MAP3K1->-NOTCH4 TP53->-MAP3K1 TP53->-NOTCH4,3,3,2.000000,2,1.341589e-02,
PIK3CA->-SETD2,2,1,5.000000,5,5.552699e-01,
ARID1A->-PIK3CA ARID1A->-SETD2 CDH1->-ARID1A CDH1->-PIK3CA CDH1->-SETD2 PIK3CA->-SETD2,4,6,2.000000,2,5.063657e-03,
CDH1->-POLE,2,1,5.000000,5,2.500000e-02,
CDH1->-POLE PIK3CA->-CDH1 PIK3CA->-POLE,3,3,2.000000,2,5.324074e-02,
NF1->-CDH1,2,1,5.000000,5,8.392726e-01,
CDH1->-PIK3CA NF1->-CDH1 NF1->-PIK3CA,3,3,2.000000,2,4.175866e-01,
NF1->-CDH1 NF1->-PIK3CA PIK3CA->-CDH1,3,3,2.000000,2,4.175866e-01,
FOXA1->-GATA3,2,1,5.000000,5,5.000000e-01,
FOXA1->-GATA3 FOXA1->-PIK3CA GATA3->-PIK3CA,3,3,2.000000,2,2.632245e-01,
FOXA1->-GATA3 FOXA1->-MAP3K1 MAP3K1->-GATA3,3,3,2.000000,2,1.319444e-01,
CDH1->-RAD50,2,1,5.000000,5,2.498316e-02,
CDH1->-PIK3CA CDH1->-RAD50 PIK3CA->-RAD50,3,3,2.000000,2,6.833455e-02,
CDH1->-RAD50 TP53->-CDH1 TP53->-RAD50,3,3,2.000000,2,2.433406e-02,
PIK3CA->-PARP1,2,1,5.000000,5,7.716161e-02,
TP53->-PARP1,2,1,5.000000,5,2.508210e-02,
PIK3CA->-PARP1 PIK3CA->-TP53 TP53->-PARP1,3,3,2.000000,2,6.833455e-02,
ERBB2->-TP53,2,1,5.000000,5,5.588583e-01,
AKT1->-NOTCH2,2,1,5.000000,5,1.354497e-02,
TP53->-BRIP1,2,1,5.000000,5,5.846561e-03,
PIK3CA->-PAK7,2,1,5.000000,5,7.465278e-02,
ERBB2->-RUNX1,2,1,5.000000,5,1.875000e-01,
CDH1->-ERBB2 CDH1->-RUNX1 ERBB2->-RUNX1,3,3,2.000000,2,1.480195e-01,
TP53->-CEBPA,2,1,5.000000,5,3.125000e-02,
NCOR1->-RUNX1,2,1,5.000000,5,3.632812e-01,
NCOR1->-PIK3CA NCOR1->-RUNX1 PIK3CA->-RUNX1,3,3,2.000000,2,2.632245e-01,
NCOR1->-RUNX1 PIK3CA->-NCOR1 PIK3CA->-RUNX1,3,3,2.000000,2,2.632245e-01,
ARID2->-ARID1A,2,1,5.000000,5,3.018292e-01,
ARID2->-ARID1A TP53->-ARID1A TP53->-ARID2,3,3,2.000000,2,7.266088e-02,
EPHA5->-ARID1A,2,1,2.000000,2,4.973545e-01,
ARID2->-GATA3,2,1,5.000000,5,1.953125e-01,
TP53->-JAK1,2,1,5.000000,5,3.450521e-01,
NCOR1->-CDH1,2,1,5.000000,5,9.934790e-01,
NCOR1->-CDH1 TP53->-CDH1 TP53->-NCOR1,3,3,2.000000,2,3.822993e-01,
CDH1->-RUNX1 NCOR1->-CDH1 NCOR1->-RUNX1,3,3,2.000000,2,1.319444e-01,
PIK3CA->-BAP1,2,1,5.000000,5,1.875000e-01,
PIK3CA->-BAP1 PIK3CA->-TP53 TP53->-BAP1,3,3,2.000000,2,2.777778e-02,
KMT2D->-PIK3CA,2,1,5.000000,5,9.889216e-01,
CDH1->-KMT2D CDH1->-PIK3CA KMT2D->-PIK3CA,3,3,2.000000,2,2.462544e-01,
PTEN->-GRIN2A,2,1,5.000000,5,2.215909e-02,
PIK3CA->-GRIN2A PTEN->-GRIN2A PTEN->-PIK3CA,3,3,2.000000,2,7.407407e-02,
PIK3CA->-SMAD4,2,1,5.000000,5,2.318543e-01,
MAP2K4->-PTEN,2,1,5.000000,5,3.009868e-01,
TP53->-GLI1,2,1,5.000000,5,8.062859e-03,
TP53->-CIC,2,1,5.000000,5,1.072049e-01,
PIK3CA->-CIC TP53->-CIC TP53->-PIK3CA,3,3,2.000000,2,7.407407e-02,
TP53->-IRF4,2,1,5.000000,5,1.666667e-02,
TP53->-SMARCA4,2,1,5.000000,5,2.019676e-01,
TP53->-TRAF2,2,1,5.000000,5,1.737758e-02,
PIK3CA->-KRAS,2,1,5.000000,5,3.531789e-01,
PIK3CA->-BLM,2,1,5.000000,5,7.502298e-02,
TP53->-PIK3R2,2,1,5.000000,5,1.388889e-02,
PIK3CA->-ERCC4,2,1,5.000000,5,7.846841e-02,
ARID1A->-IKZF1,2,1,5.000000,5,2.083333e-02,
ARID1A->-IKZF1 ARID1A->-PIK3CA CDH1->-ARID1A CDH1->-IKZF1 CDH1->-PIK3CA IKZF1->-PIK3CA,4,6,2.000000,2,1.736111e-03,
AKT1->-KMT2C,2,1,5.000000,5,2.562211e-01,
AKT1->-KMT2C AKT1->-TP53 TP53->-KMT2C,3,3,3.000000,3,1.157407e-03,
RUNX1->-TP53,2,1,5.000000,5,9.902325e-01,
PTPRS->-PIK3CA,2,1,5.000000,5,7.380295e-01,
PTPRS->-PIK3CA TP53->-PIK3CA TP53->-PTPRS,3,3,2.000000,2,1.258172e-01,
CDH1->-PIK3CA CDH1->-PTPRS PTPRS->-PIK3CA,3,3,2.000000,2,7.407407e-02,
TP53->-TET1,2,1,5.000000,5,9.542411e-02,
TP53->-ERBB4,2,1,5.000000,5,5.828437e-02,
CBFB->-NCOR1,2,1,5.000000,5,2.916667e-02,
CBFB->-NCOR1 CBFB->-PIK3CA NCOR1->-PIK3CA,3,3,2.000000,2,1.319444e-01,
CBFB->-NCOR1 CBFB->-TP53 TP53->-NCOR1,3,3,2.000000,2,1.203704e-01,
CDH1->-DNMT1,2,1,5.000000,5,3.125000e-02,
CDH1->-DNMT1 CDH1->-PIK3CA PIK3CA->-DNMT1,3,3,2.000000,2,2.777778e-02,
CDH1->-XPO1,2,1,5.000000,5,3.125000e-02,
MAP3K1->-NCOR1,2,1,5.000000,5,5.159801e-01,
MAP3K1->-NCOR1 MAP3K1->-PIK3CA NCOR1->-PIK3CA,3,3,2.000000,2,2.871457e-01,
PIK3CA->-IKZF1,2,1,5.000000,5,2.677249e-01,
PIK3CA->-IKZF1 PIK3CA->-TP53 TP53->-IKZF1,3,3,2.000000,2,4.351852e-02,
ARID1B->-PIK3CA,2,1,5.000000,5,2.848253e-01,
ARID1B->-PIK3CA TP53->-ARID1B TP53->-PIK3CA,3,3,2.000000,2,1.294922e-01,
AKT1->-MAP2K4,2,1,5.000000,5,1.056548e-01,
ERBB2->-TBX3,2,1,5.000000,5,3.031851e-01,
CDH1->-TBX3 ERBB2->-CDH1 ERBB2->-TBX3,3,3,2.000000,2,1.962449e-01,
GPS2->-PIK3CA,2,1,5.000000,5,3.502604e-01,
ARID1A->-FAT1,2,1,4.000000,4,2.104982e-01,
FAT1->-RICTOR,2,1,4.000000,4,1.701511e-01,
SETD2->-PIK3CA,2,1,4.000000,4,7.816197e-01,
CDH1->-PIK3CA CDH1->-SETD2 SETD2->-PIK3CA,3,3,2.000000,2,1.673097e-01,
TET1->-FAT1,2,1,4.000000,4,3.149671e-01,
PIK3CA->-FAT1 PIK3CA->-TET1 TET1->-FAT1,3,3,2.000000,2,1.309292e-01,
NCOR1->-FAT1 NCOR1->-TET1 TET1->-FAT1,3,3,2.000000,2,2.729045e-02,
PIK3CA->-FAT1 PIK3CA->-RB1 RB1->-FAT1,3,3,2.000000,2,1.309292e-01,
TET1->-FAT1 TP53->-FAT1 TP53->-TET1,3,3,2.000000,2,5.753968e-02,
ARID1A->-FAT1 TET1->-ARID1A TET1->-FAT1,3,3,2.000000,2,1.785714e-02,
FAT1->-PIK3CA,2,1,4.000000,4,9.996327e-01,
FAT1->-PIK3CA FAT1->-RICTOR PIK3CA->-RICTOR,3,3,2.000000,2,1.150707e-01,
CDH1->-SMO,2,1,4.000000,4,2.388772e-02,
TP53->-RBM10,2,1,4.000000,4,4.166667e-02,
KMT2A->-GATA3,2,1,4.000000,4,1.875000e-01,
KMT2C->-BRCA2,2,1,4.000000,4,5.571536e-01,
TP53->-CDK8,2,1,4.000000,4,1.010417e-01,
TP53->-EZH2,2,1,4.000000,4,1.458333e-01,
PIK3CA->-EZH2 PIK3CA->-TP53 TP53->-EZH2,3,3,2.000000,2,7.407407e-02,
FOXA1->-KMT2C,2,1,4.000000,4,2.255245e-01,
FOXA1->-KMT2C PIK3CA->-FOXA1 PIK3CA->-KMT2C,3,3,3.000000,3,2.507716e-02,
FOXA1->-KMT2C TP53->-FOXA1 TP53->-KMT2C,3,3,2.000000,2,3.900112e-02,
CBFB->-ARID1A,2,1,4.000000,4,1.481481e-01,
NCOR1->-RB1,2,1,4.000000,4,2.718966e-01,
NCOR1->-PIK3CA NCOR1->-RB1 PIK3CA->-RB1,3,3,2.000000,2,7.326186e-02,
PIK3CA->-FOXP1,2,1,4.000000,4,4.243193e-01,
PIK3CA->-EGFR,2,1,4.000000,4,2.333333e-01,
GATA3->-EGFR GATA3->-PIK3CA PIK3CA->-EGFR,3,3,2.000000,2,2.777778e-02,
PIK3CA->-BARD1,2,1,4.000000,4,2.132582e-01,
PIK3CA->-BARD1 TP53->-BARD1 TP53->-PIK3CA,3,3,2.000000,2,7.501890e-02,
PIK3CA->-HIST1H3I,2,1,4.000000,4,1.861772e-01,
CDH1->-MTOR,2,1,4.000000,4,4.851190e-01,
CDH1->-MTOR CDH1->-PIK3CA PIK3CA->-MTOR,3,3,2.000000,2,1.211335e-01,
ARID1A->-GRIN2A,2,1,4.000000,4,1.097980e-01,
CDH1->-KDR,2,1,4.000000,4,5.974265e-02,
PIK3CA->-NOTCH3,2,1,4.000000,4,3.754630e-01,
PIK3CA->-JAK3,2,1,4.000000,4,3.871732e-01,
EPHA7->-PIK3CA,2,1,4.000000,4,1.575073e-01,
EPHA7->-PIK3CA TP53->-EPHA7 TP53->-PIK3CA,3,3,2.000000,2,1.646894e-02,
NF1->-KMT2C,2,1,4.000000,4,2.767895e-01,
FOXA1->-ESR1,2,1,4.000000,4,1.585884e-01,
FOXA1->-KMT2D,2,1,4.000000,4,1.696429e-01,
PIK3CA->-CDKN2A,2,1,4.000000,4,1.082176e-01,
PIK3CA->-CDKN2A TP53->-CDKN2A TP53->-PIK3CA,3,3,2.000000,2,5.516286e-02,
GATA3->-ERBB3,2,1,4.000000,4,1.134623e-01,
GATA3->-ERBB3 PIK3CA->-ERBB3 PIK3CA->-GATA3,3,3,2.000000,2,4.596561e-02,
KMT2C->-ERBB3,2,1,4.000000,4,2.458333e-01,
MEN1->-ARID1A,2,1,4.000000,4,1.577381e-01,
KMT2C->-ARID1A MEN1->-ARID1A MEN1->-KMT2C,3,3,2.000000,2,7.407407e-02,
MEN1->-SPEN,2,1,4.000000,4,6.250000e-02,
GATA3->-SPEN MEN1->-GATA3 MEN1->-SPEN,3,3,2.000000,2,7.407407e-02,
GATA3->-FLT3,2,1,4.000000,4,1.234410e-01,
STAG2->-GATA3,2,1,4.000000,4,1.755952e-01,
RECQL4->-PIK3CA,2,1,4.000000,4,4.592287e-01,
SMARCA4->-PIK3CA,2,1,4.000000,4,6.078869e-01,
PIK3CA->-IRS1,2,1,4.000000,4,3.658534e-01,
KMT2C->-ESR1,2,1,4.000000,4,7.853009e-02,
PTEN->-TBX3,2,1,4.000000,4,4.605263e-02,
PTEN->-ATRX,2,1,4.000000,4,1.534566e-01,
PTEN->-ATRX TP53->-ATRX TP53->-PTEN,3,3,2.000000,2,1.057080e-01,
TP53->-MAP2K1,2,1,4.000000,4,3.587963e-02,
TP53->-SDHB,2,1,4.000000,4,3.787049e-01,
TP53->-PIM1,2,1,4.000000,4,2.904541e-02,
CDH1->-CTCF,2,1,4.000000,4,1.875000e-01,
KMT2C-/-PIK3CA,2,1,4.000000,4,6.493249e-01,
KMT2C-/-PIK3CA TP53->-KMT2C TP53->-PIK3CA,3,3,3.000000,3,1.786193e-02,
TP53->-IRS2,2,1,4.000000,4,2.146380e-01,
TP53->-AXIN1,2,1,4.000000,4,9.888889e-02,
FOXA1->-TP53,2,1,4.000000,4,9.733734e-01,
PIK3CA->-HNF1A,2,1,4.000000,4,1.448586e-01,
NF1->-MAP3K1,2,1,4.000000,4,3.223825e-01,
NF1->-MAP3K1 TP53->-MAP3K1 TP53->-NF1,3,3,3.000000,3,1.620370e-02,
NF1->-MAP3K1 PTEN->-MAP3K1 PTEN->-NF1,3,3,3.000000,3,3.641975e-03,
NF1->-MED12,2,1,4.000000,4,1.704060e-01,
NF1->-MED12 TP53->-MED12 TP53->-NF1,3,3,2.000000,2,7.407407e-02,
TP53->-PRDM1,2,1,4.000000,4,5.833333e-02,
PTEN->-ATR,2,1,4.000000,4,5.079601e-02,
PTEN->-ATR TP53->-ATR TP53->-PTEN,3,3,3.000000,3,4.488310e-03,
PIK3CA->-ATR PIK3CA->-PTEN PTEN->-ATR,3,3,2.000000,2,5.632837e-02,
MGA->-ATR MGA->-PTEN PTEN->-ATR,3,3,2.000000,2,1.731205e-02,
MGA->-PTPRT,2,1,2.000000,2,2.031841e-01,
ATR->-NCOR1,2,1,4.000000,4,6.250000e-02,
ATR->-NCOR1 TP53->-ATR TP53->-NCOR1,3,3,2.000000,2,2.777778e-02,
ATR->-NCOR1 PIK3CA->-ATR PIK3CA->-NCOR1,3,3,2.000000,2,2.777778e-02,
ATR->-EP300 PIK3CA->-ATR PIK3CA->-EP300,3,3,2.000000,2,2.777778e-02,
NCOR1->-MAP3K1,2,1,4.000000,4,7.534692e-01,
NCOR1->-MAP3K1 TP53->-MAP3K1 TP53->-NCOR1,3,3,2.000000,2,8.810325e-02,
MAP3K1->-PIK3CA NCOR1->-MAP3K1 NCOR1->-PIK3CA,3,3,2.000000,2,2.871457e-01,
MAP3K1->-NSD1,2,1,4.000000,4,4.786325e-01,
MAP3K1->-NSD1 TP53->-MAP3K1 TP53->-NSD1,3,3,2.000000,2,7.407407e-02,
CDH1->-MAP3K1 CDH1->-NSD1 MAP3K1->-NSD1,3,3,2.000000,2,1.195988e-01,
TP53->-IFNGR1,2,1,4.000000,4,4.583333e-02,
TP53->-CTCF,2,1,4.000000,4,2.501042e-01,
CDH1->-RASA1,2,1,4.000000,4,1.564722e-01,
PIK3CA->-RECQL4,2,1,4.000000,4,4.592287e-01,
ARID1A->-CDH1,2,1,4.000000,4,9.988215e-01,
ARID1A->-CDH1 ARID1A->-PIK3CA CDH1->-PIK3CA,3,3,2.000000,2,6.976147e-01,
TBX3->-KMT2C,2,1,4.000000,4,6.329158e-01,
TBX3->-KMT2C TP53->-KMT2C TP53->-TBX3,3,3,2.000000,2,3.900112e-02,
BRCA2->-KMT2C,2,1,4.000000,4,5.571536e-01,
TP53->-TRAF7,2,1,4.000000,4,1.100000e-01,
TP53->-REL,2,1,4.000000,4,3.333333e-02,
TP53->-PMS1,2,1,4.000000,4,2.500000e-02,
FOXA1->-TBX3,2,1,4.000000,4,3.878589e-01,
FOXA1->-TBX3 PIK3CA->-FOXA1 PIK3CA->-TBX3,3,3,2.000000,2,7.407407e-02,
KMT2C->-TBX3,2,1,4.000000,4,6.329158e-01,
ERBB2->-MAP3K1,2,1,4.000000,4,3.629849e-01,
ERBB2->-MAP3K1 ERBB2->-PIK3CA PIK3CA->-MAP3K1,3,3,2.000000,2,7.407407e-02,
GATA3->-POLE,2,1,4.000000,4,2.378810e-01,
GATA3->-POLE PIK3CA->-GATA3 PIK3CA->-POLE,3,3,2.000000,2,1.527778e-02,
CDH1->-GATA3 CDH1->-POLE GATA3->-POLE,3,3,2.000000,2,1.527778e-02,
TP53->-SMO,2,1,4.000000,4,1.129333e-01,
NF1->-TET2,2,1,4.000000,4,4.667423e-02,
NF1->-TET2 TP53->-NF1 TP53->-TET2,3,3,2.000000,2,2.380952e-02,
NF1->-SETD2 TP53->-NF1 TP53->-SETD2,3,3,2.000000,2,2.380952e-02,
SPEN->-GATA3,2,1,4.000000,4,8.682011e-01,
PTEN->-ARID1B,2,1,4.000000,4,1.671712e-01,
CDH1->-RHOA,2,1,4.000000,4,3.065476e-01,
CDH1->-PAK7,2,1,4.000000,4,4.583333e-02,
CDH1->-PAK7 CDH1->-TP53 TP53->-PAK7,3,3,2.000000,2,5.092593e-02,
CDH1->-PAK7 CDH1->-PIK3CA PIK3CA->-PAK7,3,3,2.000000,2,7.407407e-02,
CDH1->-ATR,2,1,4.000000,4,4.244663e-02,
CDH1->-ATR CDH1->-PIK3CA PIK3CA->-ATR,3,3,3.000000,3,4.055677e-03,
CDH1->-FGFR4,2,1,4.000000,4,1.270833e-01,
GATA3->-NSD1,2,1,4.000000,4,6.250000e-02,
ZFHX3->-KMT2C,2,1,4.000000,4,1.708333e-01,
KMT2C->-PIK3CA ZFHX3->-KMT2C ZFHX3->-PIK3CA,3,3,2.000000,2,1.160301e-01,
MAP3K1->-CDH1,2,1,4.000000,4,9.996515e-01,
MAP3K1->-CDH1 MAP3K1->-PIK3CA PIK3CA->-CDH1,3,3,2.000000,2,7.351857e-01,
GATA3->-MED12,2,1,4.000000,4,5.952381e-02,
PIK3CA->-TSHR,2,1,4.000000,4,2.777778e-02,
TP53->-GATA2,2,1,4.000000,4,1.837121e-01,
TP53->-GSK3B,2,1,4.000000,4,2.222222e-02,
FOXA1->-CDH1,2,1,4.000000,4,9.995700e-01,
PIK3CA->-PMS1,2,1,4.000000,4,6.250000e-02,
MAP3K1->-ARID2,2,1,4.000000,4,3.502747e-02,
MAP3K1->-FOXA1,2,1,4.000000,4,8.865965e-01,
MAP3K1->-FOXA1 MAP3K1->-PIK3CA PIK3CA->-FOXA1,3,3,3.000000,3,1.548167e-01,
MAP3K1->-DICER1,2,1,4.000000,4,4.173077e-02,
NF1->-ERBB3,2,1,4.000000,4,6.250000e-02,
NF1->-ERBB3 NF1->-TP53 TP53->-ERBB3,3,3,2.000000,2,7.407407e-02,
ERBB2->-ERBB3,2,1,4.000000,4,3.502747e-02,
CDH1->-ERBB3 ERBB2->-CDH1 ERBB2->-ERBB3,3,3,2.000000,2,7.407407e-02,
TP53->-DAXX,2,1,4.000000,4,3.858785e-02,
CDH1->-JAK2,2,1,4.000000,4,4.166667e-02,
PIK3CA->-INSR,2,1,4.000000,4,1.557540e-01,
PIK3CA->-INSR PIK3CA->-TP53 TP53->-INSR,3,3,2.000000,2,5.092593e-02,
MAP3K1->-CDKN1B,2,1,4.000000,4,3.796234e-01,
ERBB2->-FOXA1,2,1,4.000000,4,3.270089e-01,
ERBB2->-FOXA1 ERBB2->-MAP3K1 FOXA1->-MAP3K1,3,3,2.000000,2,2.033730e-02,
TP53->-NTRK1,2,1,4.000000,4,1.444444e-02,
TP53->-DICER1,2,1,4.000000,4,1.693122e-02,
PIK3CA->-DICER1 TP53->-DICER1 TP53->-PIK3CA,3,3,2.000000,2,9.341931e-03,
TP53->-JUN,2,1,4.000000,4,6.250000e-02,
CDH1->-JUN,2,1,4.000000,4,5.654762e-02,
TP53->-FGFR2,2,1,4.000000,4,6.183862e-02,
PIK3CA->-YES1,2,1,4.000000,4,2.894089e-02,
MAP2K4->-NCOR1,2,1,4.000000,4,6.236979e-01,
GATA3->-PDGFRA,2,1,4.000000,4,1.625000e-01,
PIK3CA->-DNMT3B,2,1,4.000000,4,1.750000e-01,
CDH1->-DNMT3B,2,1,4.000000,4,6.250000e-02,
CDH1->-DNMT3B CDH1->-PIK3CA PIK3CA->-DNMT3B,3,3,2.000000,2,2.777778e-02,
TP53->-PAK1,2,1,4.000000,4,1.368421e-02,
TP53->-JAK2,2,1,4.000000,4,1.336028e-01,
CDH1->-JAK2 TP53->-CDH1 TP53->-JAK2,3,3,2.000000,2,2.777778e-02,
KMT2C->-PARP1,2,1,4.000000,4,4.996632e-02,
KMT2C->-PTCH1,2,1,4.000000,4,1.981033e-01,
CDH1->-KMT2A CDH1->-KMT2C CDH1->-PTCH1 KMT2C->-KMT2A KMT2C->-PTCH1 PTCH1->-KMT2A,4,6,2.000000,2,1.659518e-03,
TP53->-PTCH1,2,1,4.000000,4,3.311726e-01,
PIK3CA->-PTCH1 PIK3CA->-TP53 TP53->-PTCH1,3,3,2.000000,2,1.233267e-01,
PIK3CA->-PIK3CB,2,1,4.000000,4,2.736111e-01,
PIK3CA->-PIK3CB PIK3CA->-TP53 TP53->-PIK3CB,3,3,2.000000,2,2.222222e-02,
MDC1->-PIK3CB PIK3CA->-MDC1 PIK3CA->-PIK3CB,3,3,2.000000,2,2.222222e-02,
SPOP->-PIK3CA,2,1,4.000000,4,1.666667e-01,
CDH1->-SMAD4,2,1,4.000000,4,3.967758e-01,
CDH1->-PIK3CA CDH1->-SMAD4 PIK3CA->-SMAD4,3,3,2.000000,2,5.165635e-02,
PIK3CA->-RNF43,2,1,4.000000,4,2.777778e-02,
PIK3CA->-INPP4A,2,1,4.000000,4,1.875000e-01,
CDH1->-TET2,2,1,4.000000,4,5.654762e-02,
CDH1->-NOTCH4,2,1,4.000000,4,6.204044e-02,
CDH1->-NOTCH4 CDH1->-PIK3CA PIK3CA->-NOTCH4,3,3,2.000000,2,7.407407e-02,
TP53->-ERCC4,2,1,4.000000,4,2.976190e-02,
KMT2A->-PIK3CA,2,1,4.000000,4,9.568089e-01,
NF1->-FOXA1,2,1,4.000000,4,6.250000e-02,
NF1->-FOXA1 NF1->-PIK3CA PIK3CA->-FOXA1,3,3,2.000000,2,7.407407e-02,
NF1->-FOXA1 TP53->-FOXA1 TP53->-NF1,3,3,2.000000,2,7.407407e-02,
PTEN->-SETD2,2,1,4.000000,4,1.448586e-01,
KMT2C->-MED12,2,1,4.000000,4,3.602400e-02,
CDH1->-DNMT3A,2,1,4.000000,4,1.782635e-01,
CDH1->-DNMT3A CDH1->-PIK3CA PIK3CA->-DNMT3A,3,3,2.000000,2,6.833455e-02,
CDH1->-DNMT3A TP53->-CDH1 TP53->-DNMT3A,3,3,2.000000,2,2.433406e-02,
NCOR1->-MAP2K4,2,1,4.000000,4,6.236979e-01,
MAP2K4->-PIK3CA NCOR1->-MAP2K4 NCOR1->-PIK3CA,3,3,2.000000,2,1.211335e-01,
SOX9->-PTCH1,2,1,4.000000,4,6.060606e-02,
TP53->-EGFR,2,1,4.000000,4,2.181818e-02,
APC->-KMT2D,2,1,4.000000,4,1.861772e-01,
APC->-KMT2D TP53->-APC TP53->-KMT2D,3,3,3.000000,3,1.585040e-02,
GATA3->-CREBBP,2,1,4.000000,4,1.240741e-01,
CREBBP->-MAP3K1 GATA3->-CREBBP GATA3->-MAP3K1 GATA3->-PIK3CA PIK3CA->-CREBBP PIK3CA->-MAP3K1,4,6,2.000000,2,1.736111e-03,
PTEN->-RUNX1,2,1,4.000000,4,1.429398e-01,
JAK1->-PIK3CA,2,1,4.000000,4,4.381868e-01,
TP53->-EPCAM,2,1,4.000000,4,1.573206e-01,
CDH1->-ANKRD11,2,1,4.000000,4,2.911535e-01,
PIK3CA->-MSH6,2,1,4.000000,4,3.437500e-01,
PTPRS->-MAP3K1,2,1,4.000000,4,9.376076e-02,
TP53->-KLF4,2,1,4.000000,4,2.651042e-01,
TBX3->-RUNX1,2,1,4.000000,4,3.437500e-01,
CDH1->-ARID5B,2,1,4.000000,4,5.788177e-02,
CDH1->-ARID5B CDH1->-PIK3CA PIK3CA->-ARID5B,3,3,3.000000,3,1.476882e-02,
CDH1->-PARP1,2,1,4.000000,4,1.245228e-01,
CDH1->-KMT2C CDH1->-PARP1 KMT2C->-PARP1,3,3,2.000000,2,5.894778e-02,
CDH1->-PARP1 CDH1->-RAD50 RAD50->-PARP1,3,3,2.000000,2,1.914280e-02,
NF1->-ATM,2,1,4.000000,4,5.357143e-02,
NF1->-ATM NF1->-PIK3CA PIK3CA->-ATM,3,3,2.000000,2,2.777778e-02,
KMT2C->-TSC2,2,1,4.000000,4,2.781711e-01,
TP53->-AURKA,2,1,4.000000,4,5.803571e-02,
TP53->-MSH6,2,1,4.000000,4,1.443182e-01,
PIK3CA->-IKBKE,2,1,4.000000,4,1.458333e-01,
PIK3CA->-PALB2,2,1,4.000000,4,2.457002e-01,
GATA3->-CBFB,2,1,4.000000,4,9.998785e-01,
PIK3CA->-NF2,2,1,4.000000,4,5.796537e-02,
RHOA->-PIK3CA,2,1,4.000000,4,2.968750e-01,
CDH1->-PIK3CA CDH1->-RHOA RHOA->-PIK3CA,3,3,2.000000,2,7.407407e-02,
TP53->-E2F3,2,1,4.000000,4,2.750000e-02,
TP53->-NF2,2,1,4.000000,4,3.162393e-02,
TP53->-AXL,2,1,4.000000,4,4.348291e-02,
PIK3CA->-PPP2R1A,2,1,4.000000,4,2.351667e-01,
GATA3->-FOXA1,2,1,4.000000,4,7.460938e-01,
GATA3->-FOXA1 PIK3CA->-FOXA1 PIK3CA->-GATA3,3,3,2.000000,2,2.632245e-01,
MGA->-ATR,2,1,4.000000,4,5.079601e-02,
MGA->-ATR MGA->-PIK3CA PIK3CA->-ATR,3,3,2.000000,2,1.096361e-01,
TP53->-SMAD2,2,1,4.000000,4,1.541667e-01,
PIK3CA->-TSC2,2,1,4.000000,4,4.756944e-01,
PIK3CA->-KDM5C,2,1,4.000000,4,7.674219e-01,
TP53->-CDKN1A,2,1,4.000000,4,1.516387e-01,
GATA3->-SF3B1,2,1,4.000000,4,5.000000e-01,
GATA3->-SF3B1 PIK3CA->-GATA3 PIK3CA->-SF3B1,3,3,2.000000,2,7.407407e-02,
ERBB4->-GATA3,2,1,4.000000,4,9.687500e-02,
ESR1->-RICTOR,2,1,3.000000,3,4.821429e-01,
ARID1A->-ARID2,2,1,3.000000,3,8.183795e-01,
SETD2->-ARID1A,2,1,3.000000,3,4.980159e-01,
ARID1A->-PIK3CA SETD2->-ARID1A SETD2->-PIK3CA,3,3,2.000000,2,1.942821e-01,
NOTCH1->-PIK3CA SETD2->-NOTCH1 SETD2->-PIK3CA,3,3,2.000000,2,7.407407e-02,
ARID2->-PIK3CA,2,1,3.000000,3,9.724488e-01,
ARID1A->-ARID2 ARID1A->-PIK3CA ARID2->-PIK3CA,3,3,2.000000,2,1.301779e-01,
FAT1->-ATRX,2,1,3.000000,3,2.631579e-01,
FAT1->-ATRX TP53->-ATRX TP53->-FAT1,3,3,2.000000,2,1.596004e-02,
FAT1->-ATRX PTEN->-ATRX PTEN->-FAT1,3,3,2.000000,2,1.596004e-02,
LATS2->-PIK3CA,2,1,3.000000,3,6.041667e-01,
FAT1->-SETD2,2,1,3.000000,3,2.410714e-01,
FAT1->-SETD2 TP53->-FAT1 TP53->-SETD2,3,3,2.000000,2,8.730159e-03,
GATA3->-PTEN,2,1,3.000000,3,7.676665e-01,
EP300->-PIK3CA,2,1,3.000000,3,8.677919e-01,
AXL->-PIK3CA,2,1,3.000000,3,6.145833e-01,
NOTCH1->-MAP3K1,2,1,3.000000,3,3.861607e-01,
ATM->-MAP3K1,2,1,3.000000,3,3.524650e-01,
ATM->-MAP3K1 ATM->-PIK3CA MAP3K1->-PIK3CA,3,3,2.000000,2,1.006944e-01,
PIK3CA->-SMO,2,1,3.000000,3,6.447786e-01,
CDH1->-PIK3CA CDH1->-SMO PIK3CA->-SMO,3,3,2.000000,2,5.013995e-02,
KMT2A->-BRCA2,2,1,3.000000,3,2.104167e-01,
TP53->-ASXL1,2,1,3.000000,3,1.250000e-01,
PTEN->-FOXA1,2,1,3.000000,3,3.276721e-01,
KMT2C->-PTPRD,2,1,3.000000,3,2.986453e-01,
MTOR->-XPO1,2,1,3.000000,3,1.250000e-01,
KMT2C->-XPO1,2,1,3.000000,3,1.250000e-01,
CDK8->-PIK3CA,2,1,3.000000,3,2.292824e-01,
CDK8->-PIK3CA TP53->-CDK8 TP53->-PIK3CA,3,3,2.000000,2,9.259259e-03,
SMO->-PIK3CA,2,1,3.000000,3,6.447786e-01,
PIK3CA->-FH,2,1,3.000000,3,2.500000e-01,
ARID1A->-EPHB1,2,1,3.000000,3,8.245150e-02,
ARID1A->-EPHB1 TP53->-ARID1A TP53->-EPHB1,3,3,2.000000,2,2.692986e-02,
ARID1A->-MAP3K1,2,1,3.000000,3,9.194446e-01,
ARID1A->-FOXA1,2,1,3.000000,3,4.053571e-01,
MAP3K1->-EPHB1,2,1,3.000000,3,5.000000e-01,
CDH1->-EPHB1 CDH1->-MAP3K1 CDH1->-PIK3CA MAP3K1->-EPHB1 PIK3CA->-EPHB1 PIK3CA->-MAP3K1,4,6,2.000000,2,1.736111e-03,
NSD1->-MAP3K1,2,1,3.000000,3,7.574119e-01,
CDH1->-MAP3K1 CDH1->-NSD1 NSD1->-MAP3K1,3,3,2.000000,2,1.195988e-01,
CDH1->-DOT1L CDH1->-MAP3K1 DOT1L->-MAP3K1,3,3,2.000000,2,2.185185e-02,
NSD1->-KMT2C,2,1,3.000000,3,4.743590e-01,
NSD1->-KMT2C PIK3CA->-KMT2C PIK3CA->-NSD1,3,3,2.000000,2,2.777778e-02,
ARID1A->-KMT2C ARID1A->-NSD1 NSD1->-KMT2C,3,3,2.000000,2,2.777778e-02,
MAP3K1->-KMT2C NSD1->-KMT2C NSD1->-MAP3K1,3,3,2.000000,2,6.419753e-02,
DOT1L->-MAP3K1,2,1,3.000000,3,2.272080e-01,
CDH1->-DOT1L,2,1,3.000000,3,2.442511e-01,
CBFB->-EGFR,2,1,3.000000,3,8.333333e-02,
GATA3->-PIK3R2,2,1,3.000000,3,1.769841e-01,
PIK3CA->-ASXL2,2,1,3.000000,3,6.553363e-01,
NCOR1->-FAT1,2,1,3.000000,3,2.268681e-01,
PIK3CA->-FGFR3,2,1,3.000000,3,4.364035e-01,
STAG2->-FAT1,2,1,3.000000,3,3.114035e-01,
PIK3CA->-PDCD1,2,1,3.000000,3,3.114035e-01,
PIK3CA->-RBM10,2,1,3.000000,3,3.114035e-01,
CDH1->-ALK,2,1,3.000000,3,2.500000e-01,
CDH1->-ALK CDH1->-PIK3CA PIK3CA->-ALK,3,3,2.000000,2,2.777778e-02,
CDH1->-ALK CDH1->-FOXA1 FOXA1->-ALK,3,3,2.000000,2,2.777778e-02,
ERBB2->-RICTOR,2,1,3.000000,3,1.157635e-01,
CDH1->-ERBB2 CDH1->-RICTOR ERBB2->-RICTOR,3,3,2.000000,2,2.433406e-02,
MAP3K1->-BRCA2,2,1,3.000000,3,8.552632e-02,
MAP3K1->-BRCA2 TP53->-BRCA2 TP53->-MAP3K1,3,3,2.000000,2,1.341589e-02,
AKT1->-RUNX1,2,1,3.000000,3,1.250000e-01,
TP53->-CDK12,2,1,3.000000,3,4.006579e-01,
IKZF1->-PIK3CA,2,1,3.000000,3,7.903142e-01,
PIK3CA->-KIT,2,1,3.000000,3,2.742611e-01,
PIK3CA->-KIT TP53->-KIT TP53->-PIK3CA,3,3,2.000000,2,5.293438e-02,
NSD1->-KIT,2,1,3.000000,3,5.079365e-02,
NSD1->-KIT TP53->-KIT TP53->-NSD1,3,3,2.000000,2,3.968254e-03,
CDH1->-FLT1,2,1,3.000000,3,1.250000e-01,
PIK3CA->-SMARCA4,2,1,3.000000,3,8.381200e-01,
PIK3CA->-PDGFRA,2,1,3.000000,3,7.000000e-01,
PIK3CA->-FBXW7,2,1,3.000000,3,5.160000e-01,
PIK3CA->-EIF4A2,2,1,3.000000,3,4.258242e-01,
HIST1H3I->-SMARCA4,2,1,3.000000,3,1.236772e-01,
HIST1H3I->-SMARCA4 PIK3CA->-HIST1H3I PIK3CA->-SMARCA4,3,3,2.000000,2,7.266088e-02,
CDH1->-EGFR,2,1,3.000000,3,4.250000e-01,
CDH1->-EGFR CDH1->-PIK3CA PIK3CA->-EGFR,3,3,2.000000,2,3.703704e-02,
CDH1->-EPHA7,2,1,3.000000,3,1.240809e-01,
TP53->-FOXL2,2,1,3.000000,3,8.555556e-02,
SPEN->-ARID2,2,1,3.000000,3,2.589286e-01,
SPEN->-ARID2 TP53->-ARID2 TP53->-SPEN,3,3,2.000000,2,4.629630e-02,
LATS1->-TSC2,2,1,3.000000,3,8.863636e-02,
TP53->-LATS1,2,1,3.000000,3,5.000000e-01,
TP53->-SOX2,2,1,3.000000,3,1.250000e-01,
PIK3CA->-BRD4,2,1,3.000000,3,3.264846e-01,
CDH1->-GRIN2A,2,1,3.000000,3,1.250000e-01,
MAP2K4->-ARID1A,2,1,3.000000,3,7.500000e-02,
MAP2K4->-ARID1A PIK3CA->-ARID1A PIK3CA->-MAP2K4,3,3,2.000000,2,2.777778e-02,
MAP2K4->-JAK3,2,1,3.000000,3,2.289474e-01,
CDH1->-JAK3,2,1,3.000000,3,2.289474e-01,
CDH1->-JAK3 CDH1->-PIK3CA PIK3CA->-JAK3,3,3,2.000000,2,2.777778e-02,
CARD11->-ATR TP53->-ATR TP53->-CARD11,3,3,3.000000,3,1.844869e-02,
CARD11->-ATR PIK3CA->-ATR PIK3CA->-CARD11,3,3,2.000000,2,6.520717e-02,
MAP3K1->-CARD11,2,1,3.000000,3,6.364469e-02,
MAP3K1->-PIK3C3,2,1,3.000000,3,6.863643e-02,
TP53->-PIK3C3,2,1,3.000000,3,8.111578e-02,
TP53->-GNA11,2,1,3.000000,3,9.950202e-02,
TP53->-IRS1,2,1,3.000000,3,2.347495e-01,
IRS1->-PIK3CA,2,1,3.000000,3,6.641866e-01,
MAP3K1->-ATR,2,1,3.000000,3,3.461057e-01,
MAP3K1->-ATR MAP3K1->-PIK3CA PIK3CA->-ATR,3,3,2.000000,2,2.325027e-02,
MDC1->-PIK3CA,2,1,3.000000,3,9.375216e-01,
PTEN->-ATM,2,1,3.000000,3,7.153846e-02,
PIK3CA->-ATM PTEN->-ATM PTEN->-PIK3CA,3,3,2.000000,2,1.277778e-02,
TP53->-RPS6KA4,2,1,3.000000,3,2.283163e-01,
TP53->-NTRK3,2,1,3.000000,3,3.125000e-01,
PIK3CA->-AMER1,2,1,3.000000,3,4.209222e-01,
CDKN2A->-TP53,2,1,3.000000,3,9.878810e-01,
MAP3K1->-JAK1,2,1,3.000000,3,7.554945e-02,
CHEK2->-ARID1A,2,1,3.000000,3,7.023810e-02,
MEN1->-STAG2,2,1,3.000000,3,1.157635e-01,
MEN1->-NUP93 MEN1->-PIK3CA PIK3CA->-NUP93,3,3,2.000000,2,2.777778e-02,
GATA3->-NUP93 MEN1->-GATA3 MEN1->-NUP93 MEN1->-STAG2 STAG2->-GATA3 STAG2->-NUP93,4,6,2.000000,2,1.736111e-03,
ARID1A->-EGFR,2,1,3.000000,3,1.250000e-01,
ARID1A->-EGFR GATA3->-ARID1A GATA3->-EGFR,3,3,2.000000,2,2.777778e-02,
ARID1A->-SPEN PIK3CA->-ARID1A PIK3CA->-SPEN,3,3,3.000000,3,1.620370e-02,
ARID1A->-SPEN CDH1->-ARID1A CDH1->-SPEN,3,3,2.000000,2,2.777778e-02,
ARID1A->-SPEN MEN1->-ARID1A MEN1->-SPEN,3,3,2.000000,2,2.777778e-02,
GATA3->-NUP93,2,1,3.000000,3,1.250000e-01,
GATA3->-NUP93 PIK3CA->-GATA3 PIK3CA->-NUP93,3,3,2.000000,2,7.407407e-02,
MAP3K1->-SPEN,2,1,3.000000,3,3.125000e-01,
GATA3->-SPEN MAP3K1->-GATA3 MAP3K1->-SPEN,3,3,2.000000,2,2.777778e-02,
KMT2C->-SPEN,2,1,3.000000,3,6.822917e-01,
KMT2C->-ATM,2,1,3.000000,3,5.051014e-01,
KMT2C->-AKT1,2,1,3.000000,3,7.838542e-01,
AKT1->-NF1,2,1,3.000000,3,1.190476e-01,
ATM->-KMT2C,2,1,3.000000,3,5.051014e-01,
ROS1->-PIK3CA,2,1,3.000000,3,8.887001e-01,
TSC2->-PIK3CA,2,1,3.000000,3,7.552083e-01,
ROS1->-TP53,2,1,3.000000,3,9.647347e-01,
PIK3CA->-ROS1 PIK3CA->-TP53 ROS1->-TP53,3,3,2.000000,2,1.390690e-01,
CDH1->-BRCA2 CDH1->-ESR1 ESR1->-BRCA2,3,3,3.000000,3,4.629630e-03,
CDH1->-PIK3CG,2,1,3.000000,3,2.631579e-01,
TBX3->-ANKRD11,2,1,3.000000,3,5.000000e-01,
TBX3->-BRCA2,2,1,3.000000,3,3.796703e-01,
CDH1->-HNF1A,2,1,3.000000,3,1.250000e-01,
PTEN->-DDR2,2,1,3.000000,3,1.947368e-01,
PTEN->-JAK3,2,1,3.000000,3,6.149798e-02,
PTEN->-FAT1,2,1,3.000000,3,5.102273e-01,
PTEN->-MAP2K4,2,1,3.000000,3,8.156250e-01,
PTEN->-MAP2K4 PTEN->-TP53 TP53->-MAP2K4,3,3,2.000000,2,8.085100e-02,
PTEN->-PTPRS,2,1,3.000000,3,7.950967e-02,
CDH1->-PTPRS PTEN->-CDH1 PTEN->-PTPRS,3,3,2.000000,2,1.255523e-02,
PTEN->-ACVR1,2,1,2.000000,2,1.590193e-01,
TBX3->-FOXA1,2,1,3.000000,3,6.846591e-01,
CDH1->-FOXA1 CDH1->-TBX3 TBX3->-FOXA1,3,3,2.000000,2,1.596004e-02,
JAK3-/-PIK3CG,2,1,3.000000,3,3.886640e-02,
CDH1->-CDK12,2,1,3.000000,3,6.754386e-02,
ATRX->-EPHB1,2,1,3.000000,3,9.113060e-02,
ATRX->-EPHB1 TP53->-ATRX TP53->-EPHB1,3,3,2.000000,2,5.320514e-02,
PTEN->-EPHB1,2,1,2.000000,2,1.822612e-01,
ATRX->-EPHB1 CDH1->-ATRX CDH1->-EPHB1,3,3,2.000000,2,1.596004e-02,
MAP2K4->-PTPRS,2,1,3.000000,3,9.210526e-02,
TP53->-FLT3,2,1,3.000000,3,7.368421e-02,
TP53->-RHOA,2,1,3.000000,3,3.887311e-01,
PIK3CA->-GNA11,2,1,3.000000,3,2.728369e-01,
ATM->-FAT1 PIK3CA->-ATM PIK3CA->-FAT1 PIK3CA->-TP53 TP53->-ATM TP53->-FAT1,4,6,2.000000,2,4.176312e-03,
GNA11->-FAT1 PIK3CA->-FAT1 PIK3CA->-GNA11 PIK3CA->-TP53 TP53->-FAT1 TP53->-GNA11,4,6,2.000000,2,1.273148e-03,
ATM->-FAT1,2,1,3.000000,3,2.653175e-01,
TP53->-H3F3C,2,1,3.000000,3,6.944444e-02,
PIK3CA->-CTCF,2,1,3.000000,3,9.643555e-01,
PIK3CA->-GATA2,2,1,3.000000,3,3.125000e-01,
TP53->-INPP4A,2,1,3.000000,3,1.250000e-01,
STK11->-EP300,2,1,3.000000,3,2.672794e-01,
STK11->-EP300 TP53->-EP300 TP53->-STK11,3,3,2.000000,2,9.680522e-02,
TP53->-ERCC2,2,1,3.000000,3,6.466837e-02,
PIK3CA->-SMAD2,2,1,3.000000,3,2.500000e-01,
PIK3C2G->-CREBBP,2,1,3.000000,3,2.500000e-01,
PIK3C2G->-CREBBP PIK3CA->-CREBBP PIK3CA->-PIK3C2G,3,3,2.000000,2,9.887566e-02,
CDH1->-GPS2,2,1,3.000000,3,6.148313e-01,
PIK3CA->-CDC73,2,1,3.000000,3,2.500000e-01,
ATRX->-PIK3CA,2,1,3.000000,3,9.095775e-01,
DOT1L->-PIK3CA,2,1,3.000000,3,4.750000e-01,
TP53->-RASA1,2,1,3.000000,3,3.776235e-01,
NCOR1->-PTEN,2,1,3.000000,3,4.239583e-01,
PTEN->-GATA3,2,1,3.000000,3,7.676665e-01,
NCOR1->-CARD11,2,1,3.000000,3,2.833333e-01,
IRS2->-CARD11,2,1,3.000000,3,5.757576e-02,
IRS2->-CARD11 TP53->-CARD11 TP53->-IRS2,3,3,2.000000,2,2.983773e-02,
GATA3->-CARD11,2,1,3.000000,3,5.931217e-02,
TP53->-CDK4,2,1,3.000000,3,1.250000e-01,
TP53->-AKT2,2,1,3.000000,3,8.750000e-02,
NF1->-NCOR1,2,1,3.000000,3,4.553571e-01,
PTEN->-NSD1,2,1,3.000000,3,1.079060e-01,
NCOR1->-NSD1 PTEN->-NCOR1 PTEN->-NSD1 TP53->-NCOR1 TP53->-NSD1 TP53->-PTEN,4,6,2.000000,2,1.736111e-03,
PTEN->-MED12,2,1,3.000000,3,1.885556e-01,
NF1->-MED12 PTEN->-MED12 PTEN->-NF1,3,3,2.000000,2,2.185185e-02,
NF1->-NSD1 PTEN->-NF1 PTEN->-NSD1,3,3,2.000000,2,2.185185e-02,
KMT2C->-MED12 PTEN->-KMT2C PTEN->-MED12,3,3,2.000000,2,1.005185e-02,
MAP3K1->-MED12 PTEN->-MAP3K1 PTEN->-MED12,3,3,2.000000,2,4.133086e-02,
MED12->-NSD1,2,1,3.000000,3,2.868590e-01,
PIK3CA->-RASA1,2,1,3.000000,3,2.384386e-01,
PIK3CA->-PIK3C3,2,1,3.000000,3,1.860072e-01,
MAP3K1->-PIK3C3 PIK3CA->-MAP3K1 PIK3CA->-PIK3C3,3,3,2.000000,2,3.870669e-02,
ARID1A->-CREBBP,2,1,3.000000,3,2.336500e-01,
ARID1A->-CREBBP CDH1->-ARID1A CDH1->-CREBBP,3,3,2.000000,2,9.143519e-02,
ARID1A->-APC CDH1->-APC CDH1->-ARID1A,3,3,2.000000,2,2.777778e-02,
ARID1A->-CREBBP ARID1A->-PIK3CA PIK3CA->-CREBBP,3,3,2.000000,2,5.588624e-02,
ARID1A->-TBX3,2,1,3.000000,3,3.722527e-01,
ARID1A->-BRCA2,2,1,3.000000,3,4.960409e-01,
ARID1A->-BRCA2 ARID1A->-PIK3CA PIK3CA->-BRCA2,3,3,2.000000,2,5.588624e-02,
NF1->-ASXL1,2,1,3.000000,3,8.750000e-02,
NF1->-ASXL1 TP53->-ASXL1 TP53->-NF1,3,3,2.000000,2,2.777778e-02,
FOXA1->-NCOR1,2,1,3.000000,3,2.272727e-01,
CDH1->-FOXA1 CDH1->-NCOR1 FOXA1->-NCOR1,3,3,2.000000,2,2.777778e-02,
PIK3CA->-HIST1H3B,2,1,3.000000,3,2.711057e-01,
CHEK2->-TP53,2,1,3.000000,3,4.607143e-01,
CHEK2->-PIK3CA CHEK2->-TP53 TP53->-PIK3CA,3,3,2.000000,2,2.777778e-02,
CDH1->-KDM6A,2,1,3.000000,3,4.986213e-01,
MAP3K1->-FANCA,2,1,3.000000,3,1.491089e-01,
CDH1->-LATS1,2,1,3.000000,3,9.166667e-02,
CDH1->-PBRM1,2,1,3.000000,3,3.125000e-01,
CDH1->-FBXW7,2,1,3.000000,3,1.041667e-01,
CDH1->-FBXW7 TP53->-CDH1 TP53->-FBXW7,3,3,2.000000,2,5.092593e-02,
MTOR->-CDH1,2,1,3.000000,3,7.622768e-01,
NF1->-ARID1A,2,1,3.000000,3,2.875000e-01,
NF1->-ARID1A PIK3CA->-ARID1A PIK3CA->-NF1,3,3,2.000000,2,5.787037e-02,
BRCA2->-PIK3CA,2,1,3.000000,3,9.450855e-01,
ATM->-ESR1,2,1,3.000000,3,1.125000e-01,
ATRX->-GATA3,2,1,3.000000,3,3.125000e-01,
ESR1->-RHOA,2,1,3.000000,3,1.250000e-01,
CDH1->-ESR1 CDH1->-RHOA ESR1->-RHOA,3,3,2.000000,2,2.777778e-02,
CDH1->-SMARCB1,2,1,3.000000,3,1.250000e-01,
CDH1->-ARID1B,2,1,3.000000,3,2.789640e-01,
CDH1->-ERCC5,2,1,3.000000,3,9.166667e-02,
PIK3CA->-FGFR4,2,1,3.000000,3,7.793269e-01,
PIK3CA->-GPS2,2,1,3.000000,3,8.476562e-01,
MAP2K4->-CDH1,2,1,3.000000,3,9.703370e-01,
PIK3CA->-RPS6KB2,2,1,3.000000,3,2.192460e-01,
MAP3K1->-MED12,2,1,3.000000,3,2.199942e-01,
MAP3K1->-MED12 MAP3K1->-PIK3CA PIK3CA->-MED12,3,3,2.000000,2,1.095238e-02,
TP53->-DNMT3B,2,1,3.000000,3,7.539683e-02,
MAP3K1->-PTPRD,2,1,3.000000,3,2.321429e-01,
PIK3CA->-JAK1,2,1,3.000000,3,7.270776e-01,
ARID1A->-JAK1,2,1,3.000000,3,1.250000e-01,
ARID1A->-JAK1 ARID1A->-PIK3CA JAK1->-PIK3CA,3,3,2.000000,2,7.407407e-02,
AKT1->-CBFB,2,1,3.000000,3,8.395182e-01,
CBFB->-ERBB2,2,1,3.000000,3,1.250000e-01,
CBFB->-CDH1 CBFB->-ERBB2 CDH1->-ERBB2,3,3,2.000000,2,2.777778e-02,
BCL6->-CDH1,2,1,3.000000,3,4.635417e-01,
MGA->-ARID2 TP53->-ARID2 TP53->-MGA,3,3,3.000000,3,1.683116e-03,
MST1R->-MAP3K1 PIK3CA->-MAP3K1 PIK3CA->-MST1R,3,3,3.000000,3,4.629630e-03,
MST1R->-KMT2C,2,1,3.000000,3,3.125000e-01,
MST1R->-KMT2C PIK3CA->-KMT2C PIK3CA->-MST1R,3,3,2.000000,2,7.407407e-02,
PIK3CA->-FLT1,2,1,3.000000,3,4.407895e-01,
BRCA2->-ARID1A,2,1,3.000000,3,4.960409e-01,
CHEK2->-GATA3,2,1,3.000000,3,2.303571e-01,
KMT2D->-TP53,2,1,3.000000,3,9.999837e-01,
TP53->-CUL3,2,1,3.000000,3,7.500000e-02,
ARID1A->-ATM,2,1,3.000000,3,4.053571e-01,
CDH1->-ATM,2,1,3.000000,3,4.553571e-01,
CDH1->-ATM CDH1->-PIK3CA PIK3CA->-ATM,3,3,2.000000,2,1.319444e-01,
PTPRT->-PIK3CA,2,1,3.000000,3,9.861531e-01,
PTPRT->-ARID2,2,1,3.000000,3,2.571334e-01,
PIK3CA->-ARID2 PIK3CA->-PTPRT PIK3CA->-TP53 PTPRT->-ARID2 TP53->-ARID2 TP53->-PTPRT,4,6,2.000000,2,2.801616e-04,
CDH1->-ARID2,2,1,3.000000,3,2.500000e-01,
CDH1->-ARID2 CDH1->-PIK3CA PIK3CA->-ARID2,3,3,2.000000,2,7.407407e-02,
CDH1->-DAXX,2,1,3.000000,3,1.157635e-01,
PIK3CA->-KDM5A,2,1,3.000000,3,3.660714e-01,
ARID1A->-NOTCH4,2,1,3.000000,3,1.250000e-01,
ARID1A->-ATR,2,1,3.000000,3,1.236772e-01,
PIK3CA->-KMT2D PIK3CA->-ROS1 ROS1->-KMT2D,3,3,2.000000,2,2.692986e-02,
ARID1A->-ATR ARID1A->-BCOR BCOR->-ATR PIK3CA->-ARID1A PIK3CA->-ATR PIK3CA->-BCOR PIK3CA->-ROS1 ROS1->-ARID1A ROS1->-ATR ROS1->-BCOR,5,10,2.000000,2,3.732089e-04,
BRCA1->-TET2,2,1,3.000000,3,2.136667e-01,
ESR1->-NCOR1,2,1,3.000000,3,6.562500e-01,
BRCA1-/-RICTOR,2,1,3.000000,3,2.962963e-02,
GATA3->-RICTOR,2,1,3.000000,3,3.729167e-01,
GATA3->-PIK3CA GATA3->-RICTOR PIK3CA->-RICTOR,3,3,2.000000,2,6.218998e-02,
NF1->-KMT2D,2,1,3.000000,3,2.750000e-01,
PTPRT->-KMT2D,2,1,3.000000,3,6.051500e-01,
KMT2D->-PIK3CA PTPRT->-KMT2D PTPRT->-PIK3CA,3,3,2.000000,2,1.611385e-01,
KMT2C->-KMT2D,2,1,3.000000,3,7.207031e-01,
KMT2C->-KMT2D TP53->-KMT2C TP53->-KMT2D,3,3,2.000000,2,2.052507e-01,
KMT2C->-KMT2D PTPRT->-KMT2C PTPRT->-KMT2D,3,3,2.000000,2,2.777778e-02,
PTPRS->-KMT2D TP53->-KMT2D TP53->-PTPRS,3,3,3.000000,3,3.279321e-03,
PTPRT->-KMT2C,2,1,3.000000,3,1.250000e-01,
PTPRT->-KMT2C TP53->-KMT2C TP53->-PTPRT,3,3,2.000000,2,7.407407e-02,
PTPRS->-KMT2C,2,1,3.000000,3,2.868590e-01,
PTPRS->-KMT2C TP53->-KMT2C TP53->-PTPRS,3,3,2.000000,2,2.777778e-02,
CREBBP->-TP53,2,1,3.000000,3,9.927101e-01,
ESR1->-SPEN,2,1,3.000000,3,4.812500e-01,
ARID1B->-TP53,2,1,3.000000,3,9.841443e-01,
FGFR4->-PIK3CA,2,1,3.000000,3,7.793269e-01,
MEN1->-FAT1,2,1,3.000000,3,1.130952e-01,
TP53->-CDKN1B,2,1,3.000000,3,2.200893e-01,
SF3B1->-GATA3,2,1,3.000000,3,7.734375e-01,
SOX9->-TP53,2,1,3.000000,3,5.545034e-01,
SPEN->-TP53,2,1,3.000000,3,9.712322e-01,
SPEN->-CDH1,2,1,3.000000,3,9.475977e-01,
SDHB->-GATA3,2,1,3.000000,3,2.329412e-01,
PTEN->-MST1R,2,1,3.000000,3,1.250000e-01,
TP53->-YES1,2,1,3.000000,3,1.157635e-01,
PIK3CA->-YES1 TP53->-PIK3CA TP53->-YES1,3,3,2.000000,2,6.833455e-02,
KDM5C->-TP53,2,1,3.000000,3,5.728978e-01,
NCOR1->-ESR1,2,1,3.000000,3,6.562500e-01,
MAP2K4->-ESR1,2,1,3.000000,3,7.500000e-02,
ESR1->-EGFR,2,1,3.000000,3,1.250000e-01,
ESR1->-EGFR ESR1->-GATA3 GATA3->-EGFR,3,3,2.000000,2,2.777778e-02,
ASXL1->-PIK3CA,2,1,3.000000,3,5.208333e-01,
TP53->-BBC3,2,1,3.000000,3,8.750000e-02,
CBFB->-CDKN1B,2,1,3.000000,3,1.250000e-01,
GATA3->-NF1,2,1,3.000000,3,2.277778e-01,
TP53->-SOX9,2,1,3.000000,3,5.545034e-01,
SOX9->-PTCH1 TP53->-PTCH1 TP53->-SOX9,3,3,2.000000,2,2.537879e-02,
NF1->-APC,2,1,3.000000,3,3.824074e-01,
PIK3CA->-ARID1B,2,1,3.000000,3,8.056969e-01,
PIK3CA->-PAK1,2,1,3.000000,3,4.561404e-02,
PIK3CA->-PAK1 PIK3CA->-TP53 TP53->-PAK1,3,3,2.000000,2,3.353973e-03,
ARID1A->-ANKRD11,2,1,3.000000,3,1.556349e-01,
PIK3CA->-ASXL1,2,1,3.000000,3,5.208333e-01,
ARID1A->-APC,2,1,3.000000,3,3.105159e-01,
ERBB2->-PTCH1,2,1,3.000000,3,1.250000e-01,
CDH1->-PTCH1 ERBB2->-CDH1 ERBB2->-PTCH1,3,3,2.000000,2,7.407407e-02,
ERBB2->-PIK3CA ERBB2->-PTCH1 PIK3CA->-PTCH1,3,3,2.000000,2,2.777778e-02,
ERBB2->-KMT2C ERBB2->-PTCH1 KMT2C->-PTCH1,3,3,2.000000,2,2.777778e-02,
IRS2->-PIK3CA,2,1,3.000000,3,2.625000e-01,
PIK3CA->-SOX17,2,1,3.000000,3,2.767857e-01,
CDH1->-MDC1,2,1,3.000000,3,2.375000e-01,
TP53->-FLT1,2,1,3.000000,3,8.552632e-02,
CDH1->-NOTCH2,2,1,3.000000,3,7.444853e-02,
TET2->-PIK3CA,2,1,3.000000,3,8.769635e-01,
CBFB->-PTEN,2,1,3.000000,3,2.790179e-01,
NOTCH2->-SPEN,2,1,3.000000,3,5.714286e-02,
TP53->-U2AF1,2,1,3.000000,3,9.166667e-02,
RUNX1->-ARID1A,2,1,3.000000,3,4.500000e-01,
PIK3CA->-BRAF,2,1,3.000000,3,5.000000e-01,
PIK3CA->-STK11,2,1,3.000000,3,8.890155e-01,
TP53->-EIF4A2,2,1,3.000000,3,3.125000e-01,
CDH1->-CDKN2A,2,1,3.000000,3,1.250000e-01,
KMT2C->-KMT2A,2,1,3.000000,3,4.363136e-01,
KMT2C->-STAT5B,2,1,3.000000,3,4.596494e-02,
CDH1->-MSH2,2,1,3.000000,3,1.240809e-01,
BRCA2->-CDH1,2,1,3.000000,3,9.661065e-01,
TP53->-ERG,2,1,3.000000,3,6.944444e-02,
PIK3CA->-SMARCD1,2,1,3.000000,3,6.666667e-02,
CTCF->-GATA3,2,1,3.000000,3,2.812500e-01,
FOXP1->-PIK3CA,2,1,3.000000,3,7.144701e-01,
RB1->-KMT2C,2,1,3.000000,3,4.960511e-01,
KMT2C->-PIK3CA RB1->-KMT2C RB1->-PIK3CA,3,3,2.000000,2,7.407407e-02,
TP53->-RAD54L,2,1,3.000000,3,1.095238e-01,
AKT1->-PIK3CA,2,1,3.000000,3,1.944444e-01,
AKT1->-GPS2,2,1,3.000000,3,1.041667e-01,
CTCF->-MAP3K1,2,1,3.000000,3,4.593750e-01,
KMT2A->-MAP3K1,2,1,3.000000,3,3.930495e-01,
TP53->-CSF1R,2,1,3.000000,3,1.250000e-01,
YES1->-PARP1,2,1,3.000000,3,9.878489e-02,
PIK3CA->-PARP1 PIK3CA->-YES1 YES1->-PARP1,3,3,2.000000,2,2.433406e-02,
TP53->-PARP1 TP53->-YES1 YES1->-PARP1,3,3,2.000000,2,2.433406e-02,
TP53->-ATR TP53->-YES1 YES1->-ATR,3,3,2.000000,2,2.433406e-02,
PIK3CA->-ATR PIK3CA->-YES1 YES1->-ATR,3,3,2.000000,2,2.433406e-02,
PTEN->-NBN,2,1,3.000000,3,8.346154e-02,
PTEN->-NBN TP53->-NBN TP53->-PTEN,3,3,2.000000,2,2.777778e-02,
PTEN->-PIK3CD,2,1,3.000000,3,7.918146e-02,
PIK3CA->-CDK12,2,1,3.000000,3,1.842329e-01,
KMT2A->-SETD2,2,1,3.000000,3,8.346154e-02,
PIK3CA->-FGFR1,2,1,3.000000,3,3.125000e-01,
TP53->-FGFR1,2,1,3.000000,3,1.250000e-01,
PIK3CA->-FGFR1 PIK3CA->-TP53 TP53->-FGFR1,3,3,2.000000,2,7.407407e-02,
MAP2K4->-FOXP1,2,1,3.000000,3,8.750000e-02,
AKT1->-ESR1,2,1,3.000000,3,1.765625e-01,
ARID1A->-ARID5B,2,1,3.000000,3,1.250000e-01,
ARID1A->-TP53,2,1,3.000000,3,9.997002e-01,
ARID1A->-ARID5B ARID1A->-TP53 TP53->-ARID5B,3,3,2.000000,2,2.777778e-02,
TP53->-MYCN,2,1,3.000000,3,6.250000e-02,
BRCA1->-GATA2,2,1,3.000000,3,1.212121e-01,
BRCA1->-GATA2 TP53->-BRCA1 TP53->-GATA2,3,3,2.000000,2,7.007576e-02,
CDH1->-NOTCH1,2,1,3.000000,3,4.500000e-01,
TP53->-SYK,2,1,3.000000,3,3.125000e-01,
CDH1->-PIK3C2G,2,1,3.000000,3,2.868590e-01,
CDH1->-PIK3C2G CDH1->-PIK3CA PIK3CA->-PIK3C2G,3,3,2.000000,2,7.407407e-02,
PBRM1->-TP53,2,1,3.000000,3,7.545407e-01,
TP53->-KDM5C,2,1,3.000000,3,5.728978e-01,
ARID1B->-NF1,2,1,3.000000,3,1.049086e-01,
ARID1B->-NF1 PTEN->-ARID1B PTEN->-NF1,3,3,2.000000,2,2.003086e-02,
ARID1B->-PTPRS ARID1B->-TSC2 CDH1->-ARID1B CDH1->-PTPRS CDH1->-TSC2 PTPRS->-TSC2,4,6,2.000000,2,1.251385e-03,
ARID1B->-KMT2C ARID1B->-NF1 ARID1B->-TSC2 CDH1->-ARID1B CDH1->-KMT2C CDH1->-NF1 CDH1->-TSC2 KMT2C->-NF1 KMT2C->-TSC2 NF1->-TSC2,5,10,2.000000,2,4.011996e-04,
SMAD4->-TP53,2,1,3.000000,3,4.625000e-01,
GATA3->-FAT1,2,1,3.000000,3,6.118260e-01,
TP53->-SH2B3,2,1,3.000000,3,2.833333e-01,
FAT1->-TP53,2,1,3.000000,3,9.991771e-01,
STAG2->-TP53,2,1,3.000000,3,9.965028e-01,
TP53->-RET,2,1,3.000000,3,8.928571e-02,
NOTCH2->-PIK3CA,2,1,3.000000,3,6.041667e-01,
KRAS->-KMT2C,2,1,3.000000,3,2.986453e-01,
PIK3CA->-SOX2,2,1,3.000000,3,7.554945e-02,
PIK3CA->-ARAF,2,1,3.000000,3,3.666136e-01,
PIK3CA->-ARAF PIK3CA->-TP53 TP53->-ARAF,3,3,2.000000,2,5.013760e-02,
RUNX1->-FOXA1,2,1,3.000000,3,5.597222e-01,
CDH1->-FOXA1 CDH1->-RUNX1 RUNX1->-FOXA1,3,3,2.000000,2,1.480195e-01,
CDKN1B->-MAP3K1,2,1,3.000000,3,6.758568e-01,
CDKN1B->-BAP1 CDKN1B->-MAP3K1 MAP3K1->-BAP1 PIK3CA->-BAP1 PIK3CA->-CDKN1B PIK3CA->-MAP3K1,4,6,2.000000,2,1.736111e-03,
PIK3CA->-KLF4,2,1,3.000000,3,5.000000e-01,
CDH1->-EPHA5,2,1,3.000000,3,1.250000e-01,
PTEN->-ARID2,2,1,3.000000,3,1.236772e-01,
PTEN->-ARID2 TP53->-ARID2 TP53->-PTEN,3,3,2.000000,2,7.266088e-02,
ATRX->-ARID2 TP53->-ARID2 TP53->-ATRX,3,3,2.000000,2,2.692986e-02,
EPHA5->-ARID2 EPHA5->-ROS1 ROS1->-ARID2,3,3,2.000000,2,2.692986e-02,
ATRX->-ARID2 EPHA5->-ARID2 EPHA5->-ATRX,3,3,2.000000,2,2.692986e-02,
MAP3K1->-ARID2 PTEN->-ARID2 PTEN->-MAP3K1,3,3,2.000000,2,2.777778e-02,
EPCAM->-ARID2 PTEN->-ARID2 PTEN->-EPCAM,3,3,2.000000,2,2.777778e-02,
EPCAM->-ARID2 TP53->-ARID2 TP53->-EPCAM,3,3,2.000000,2,2.777778e-02,
TP53->-MEN1,2,1,3.000000,3,4.123666e-01,
KRAS->-PIK3CA,2,1,3.000000,3,8.494073e-01,
PIK3CA->-FUBP1,2,1,3.000000,3,1.157635e-01,
CDH1->-KDM5C,2,1,3.000000,3,9.166667e-02,
ARID1A->-FLT3,2,1,3.000000,3,4.178571e-01,
APC->-PIK3CA,2,1,3.000000,3,9.059300e-01,
APC->-PIK3CA CDH1->-APC CDH1->-PIK3CA,3,3,2.000000,2,1.211335e-01,
CDH1->-BLM,2,1,3.000000,3,2.734375e-01,
CDH1->-BLM CDH1->-PIK3CA PIK3CA->-BLM,3,3,2.000000,2,5.438745e-02,
PIK3CA->-ABL1,2,1,3.000000,3,2.635417e-01,
TP53->-MST1R,2,1,3.000000,3,2.023810e-01,
PTEN->-MST1R TP53->-MST1R TP53->-PTEN,3,3,2.000000,2,2.777778e-02,
ERBB3->-TBX3,2,1,3.000000,3,5.329302e-01,
PTEN->-ZFHX3 TP53->-PTEN TP53->-ZFHX3,3,3,3.000000,3,4.014504e-03,
KMT2D->-TBX3,2,1,3.000000,3,1.250000e-01,
KMT2D->-KMT2C,2,1,3.000000,3,7.207031e-01,
CDH1->-FLT4,2,1,3.000000,3,1.000000e-01,
RUNX1->-NCOR1,2,1,3.000000,3,8.554688e-01,
PIK3CA->-NCOR1 PIK3CA->-RUNX1 RUNX1->-NCOR1,3,3,2.000000,2,2.632245e-01,
TSC2->-KMT2D,2,1,3.000000,3,1.055556e-01,
TP53->-KMT2D TP53->-TSC2 TSC2->-KMT2D,3,3,2.000000,2,1.967593e-02,
PIK3CA->-KMT2D PIK3CA->-TSC2 TSC2->-KMT2D,3,3,2.000000,2,1.967593e-02,
PIK3CA->-AURKA,2,1,3.000000,3,1.160714e-01,
PIK3CA->-AURKA TP53->-AURKA TP53->-PIK3CA,3,3,2.000000,2,6.498016e-02,
NCOR1->-FLT4,2,1,3.000000,3,1.250000e-01,
NCOR1->-FLT4 PIK3CA->-FLT4 PIK3CA->-NCOR1,3,3,2.000000,2,2.777778e-02,
RB1->-TET1,2,1,3.000000,3,3.114035e-01,
PIK3CA->-RB1 PIK3CA->-TET1 RB1->-TET1,3,3,2.000000,2,7.326186e-02,
RB1->-TET1 TP53->-RB1 TP53->-TET1,3,3,2.000000,2,7.407407e-02,
NF1->-KMT2A,2,1,3.000000,3,3.125000e-01,
NF1->-KMT2A TP53->-KMT2A TP53->-NF1,3,3,2.000000,2,2.777778e-02,
NF1->-KMT2A PIK3CA->-KMT2A PIK3CA->-NF1,3,3,2.000000,2,2.777778e-02,
TP53->-AKT1,2,1,3.000000,3,9.996514e-01,
NOTCH4->-PIK3CA,2,1,3.000000,3,9.801436e-01,
TP53->-RAD21,2,1,3.000000,3,5.555556e-02,
CBFB->-ESR1,2,1,3.000000,3,2.750000e-01,
CBFB->-ESR1 CBFB->-PIK3CA PIK3CA->-ESR1,3,3,2.000000,2,1.388889e-02,
RHOA->-GATA3,2,1,3.000000,3,1.250000e-01,
CDH1->-GATA3 CDH1->-RHOA RHOA->-GATA3,3,3,2.000000,2,2.777778e-02,
PIK3CA->-GATA3 RHOA->-GATA3 RHOA->-PIK3CA,3,3,2.000000,2,7.407407e-02,
TP53->-FOXP1,2,1,3.000000,3,3.000000e-01,
PIK3CA->-NCOA3,2,1,3.000000,3,1.041667e-01,
APC->-PARP1,2,1,3.000000,3,1.079060e-01,
MAP2K4->-APC,2,1,3.000000,3,9.047619e-02,
APC->-ATM,2,1,3.000000,3,7.045455e-02,
APC->-ATM APC->-PIK3CA PIK3CA->-ATM,3,3,2.000000,2,4.040404e-02,
ARID1A->-NCOR1 PIK3CA->-ARID1A PIK3CA->-NCOR1,3,3,3.000000,3,1.620370e-02,
SMAD4->-ESR1,2,1,3.000000,3,1.250000e-01,
SMAD4->-CDH1,2,1,3.000000,3,6.912078e-01,
PIK3CA->-SDHB,2,1,3.000000,3,2.329412e-01,
PIK3CA->-SDHB TP53->-PIK3CA TP53->-SDHB,3,3,2.000000,2,7.878425e-02,
CBFB->-KMT2C,2,1,3.000000,3,3.875000e-01,
CBFB->-KMT2C CBFB->-PIK3CA KMT2C->-PIK3CA,3,3,2.000000,2,1.182806e-01,
RAD52->-TP53,2,1,3.000000,3,2.529105e-01,
TP53->-HGF,2,1,3.000000,3,1.296296e-01,
PTEN->-BCOR,2,1,3.000000,3,1.236772e-01,
SPEN->-ATM,2,1,3.000000,3,5.250747e-01,
SPEN->-ATM SPEN->-TP53 TP53->-ATM,3,3,2.000000,2,5.021164e-02,
SPEN->-FAT1,2,1,3.000000,3,5.987812e-01,
KMT2C->-NOTCH3,2,1,3.000000,3,8.333333e-02,
AKT1->-TET2,2,1,3.000000,3,2.765079e-01,
AKT1->-TET2 AKT1->-TP53 TP53->-TET2,3,3,2.000000,2,6.746032e-02,
PIK3CA->-APC PIK3CA->-SPEN SPEN->-APC,3,3,3.000000,3,7.786195e-03,
PIK3CA->-APC PIK3CA->-SPEN PIK3CA->-TP53 SPEN->-APC TP53->-APC TP53->-SPEN,4,6,2.000000,2,1.736111e-03,
MGA->-KMT2D TP53->-KMT2D TP53->-MGA,3,3,3.000000,3,3.179220e-03,
MGA->-KMT2D PIK3CA->-KMT2D PIK3CA->-MGA,3,3,3.000000,3,3.179220e-03,
FGFR4->-KMT2D,2,1,3.000000,3,1.250000e-01,
PIK3CA->-ERCC5,2,1,3.000000,3,3.125000e-01,
CREBBP->-CDH1,2,1,3.000000,3,9.550103e-01,
CDH1->-PIK3CA CREBBP->-CDH1 CREBBP->-PIK3CA,3,3,2.000000,2,3.615769e-01,
BRCA1->-PIK3CA TP53->-BRCA1 TP53->-PIK3CA,3,3,2.000000,2,7.510747e-02,
TP53->-HIST3H3,2,1,3.000000,3,1.250000e-01,
BRCA1->-PIK3CA,2,1,3.000000,3,8.502951e-01,
JAK1->-TP53,2,1,3.000000,3,8.445312e-01,
JAK1->-PIK3CA JAK1->-TP53 TP53->-PIK3CA,3,3,2.000000,2,7.407407e-02,
BRCA2->-TP53,2,1,3.000000,3,9.892834e-01,
TP53->-ABL1,2,1,3.000000,3,3.165088e-01,
NCOR1->-TBX3,2,1,3.000000,3,3.522727e-01,
CDH1->-TBX3 NCOR1->-CDH1 NCOR1->-TBX3,3,3,2.000000,2,2.777778e-02,
FAT1->-SPEN,2,1,3.000000,3,5.987812e-01,
MAP2K4->-TET2,2,1,3.000000,3,1.077098e-01,
CDH1->-TET2 MAP2K4->-CDH1 MAP2K4->-TET2,3,3,2.000000,2,2.258852e-02,
CDH1->-MTOR MAP2K4->-CDH1 MAP2K4->-MTOR,3,3,2.000000,2,2.258852e-02,
CDH1->-IRF4,2,1,3.000000,3,1.250000e-01,
ROS1->-ARID1A,2,1,3.000000,3,2.482363e-01,
ARID1A->-KMT2D,2,1,3.000000,3,5.919643e-01,
ARID1A->-KMT2D PIK3CA->-ARID1A PIK3CA->-KMT2D,3,3,2.000000,2,7.266088e-02,
ROS1->-BCOR,2,1,3.000000,3,1.236772e-01,
LATS1->-KMT2C,2,1,3.000000,3,2.579545e-01,
ROS1->-KMT2D,2,1,3.000000,3,2.544643e-01,
PIK3CA->-FGF4,2,1,3.000000,3,8.552632e-02,
TP53->-IDH1,2,1,3.000000,3,9.069665e-02,
ASXL2->-PIK3CA,2,1,3.000000,3,6.553363e-01,
PIK3CA->-AXL,2,1,3.000000,3,6.145833e-01,
DDR2->-PIK3CA,2,1,3.000000,3,9.166667e-02,
KDM6A->-PIK3CA,2,1,3.000000,3,2.489035e-01,
PIK3CA->-TRAF2,2,1,3.000000,3,2.515142e-01,
PIK3CA->-TP53 PIK3CA->-TRAF2 TP53->-TRAF2,3,3,2.000000,2,1.300637e-02,
FAT1->-GATA3,2,1,3.000000,3,6.118260e-01,
ARID1B->-KMT2C,2,1,3.000000,3,1.031454e-01,
ARID1B->-KMT2C ARID1B->-PIK3CA KMT2C->-PIK3CA,3,3,2.000000,2,2.446895e-02,
ARID1B->-PTCH1,2,1,2.000000,2,2.389706e-01,
PIK3CA->-CDKN1A,2,1,3.000000,3,4.459325e-01,
PIK3CA->-CDKN1A PIK3CA->-TP53 TP53->-CDKN1A,3,3,2.000000,2,9.936523e-02,
TP53->-HIST1H1C,2,1,3.000000,3,1.785714e-01,
PBRM1->-ERBB3,2,1,3.000000,3,9.791667e-02,
AKT1->-CTCF,2,1,3.000000,3,2.375000e-01,
TBX3->-PTCH1,2,1,3.000000,3,1.250000e-01,
MAP3K1->-FAT1,2,1,3.000000,3,7.005495e-02,
TP53->-NFKBIA,2,1,3.000000,3,1.185897e-01,
CBFB->-SPEN,2,1,3.000000,3,1.250000e-01,
CBFB->-SPEN GATA3->-CBFB GATA3->-SPEN,3,3,2.000000,2,7.407407e-02,
TP53->-BLM,2,1,3.000000,3,1.973720e-01,
PTPRS->-TSC2,2,1,3.000000,3,9.112061e-02,
TP53->-PDGFRB,2,1,3.000000,3,1.372180e-01,
PTEN->-ROS1,2,1,3.000000,3,3.105159e-01,
TP53->-PIK3CD,2,1,3.000000,3,1.185897e-01,
PTEN->-PIK3CD TP53->-PIK3CD TP53->-PTEN,3,3,2.000000,2,2.408702e-02,
TP53->-PIK3R3,2,1,3.000000,3,6.666667e-02,
CDH1->-PIK3CA GPS2->-CDH1 GPS2->-PIK3CA,3,3,3.000000,3,1.404151e-02,
INPP4A->-ESR1,2,1,3.000000,3,3.125000e-01,
INPP4A->-ESR1 PIK3CA->-ESR1 PIK3CA->-INPP4A,3,3,2.000000,2,7.407407e-02,
TBX3->-ERBB2,2,1,3.000000,3,8.194111e-01,
CDH1->-ERBB2 TBX3->-CDH1 TBX3->-ERBB2,3,3,2.000000,2,1.962449e-01,
MAP3K1->-PTEN,2,1,3.000000,3,9.468979e-01,
CDH1->-TSC2,2,1,3.000000,3,1.079060e-01,
CDH1->-PIK3CA CDH1->-TSC2 PIK3CA->-TSC2,3,3,2.000000,2,2.777778e-02,
ERBB2->-ARID1A,2,1,3.000000,3,2.300824e-01,
GATA3->-ALK,2,1,3.000000,3,2.875000e-01,
PDGFRA->-PIK3CA,2,1,3.000000,3,7.000000e-01,
ERBB2->-ARID2,2,1,3.000000,3,7.005495e-02,
PIK3CA->-RAD54L,2,1,3.000000,3,2.892857e-01,
MAP3K1->-ERCC5,2,1,3.000000,3,4.375000e-01,
MAP3K1->-ERCC5 TP53->-ERCC5 TP53->-MAP3K1,3,3,2.000000,2,8.854167e-02,
ESR1->-DNMT3B,2,1,2.000000,2,5.000000e-01,
CCNE1->-IGF1R PIK3CA->-CCNE1 PIK3CA->-IGF1R,3,3,2.000000,2,2.777778e-02,
CCNE1->-RICTOR PIK3CA->-CCNE1 PIK3CA->-RICTOR,3,3,2.000000,2,2.777778e-02,
ESR1->-AMER1,2,1,2.000000,2,5.000000e-01,
SETD2->-ESR1,2,1,2.000000,2,2.500000e-01,
SETD2->-LATS2,2,1,2.000000,2,5.000000e-01,
ESR1->-NOTCH1,2,1,2.000000,2,6.250000e-01,
ESR1->-TET1,2,1,2.000000,2,6.875000e-01,
ESR1->-LATS2,2,1,2.000000,2,3.819444e-01,
ARID1A->-DNMT3B,2,1,2.000000,2,6.875000e-01,
ARID2->-CARD11 SETD2->-ARID2 SETD2->-CARD11,3,3,2.000000,2,2.692986e-02,
ARID1A->-CARD11 SETD2->-ARID1A SETD2->-CARD11,3,3,2.000000,2,2.692986e-02,
SETD2->-ATRX,2,1,2.000000,2,2.473545e-01,
ARID1A->-IGF1R,2,1,2.000000,2,5.620879e-01,
ARID2->-IGF1R,2,1,2.000000,2,3.901099e-01,
TET1->-ARID2,2,1,2.000000,2,2.500000e-01,
TET1->-DNMT3B,2,1,2.000000,2,2.500000e-01,
FAT1->-CARD11 TET1->-CARD11 TET1->-FAT1,3,3,2.000000,2,7.407407e-02,
INHA->-PIK3CA,2,1,2.000000,2,2.500000e-01,
AMER1->-PIK3CA CASP8->-AMER1 CASP8->-PIK3CA,3,3,2.000000,2,2.580338e-02,
PIK3CA->-RAD51C,2,1,2.000000,2,7.574891e-01,
IGF1R->-ATRX,2,1,2.000000,2,1.333333e-01,
NOTCH1->-IGF1R,2,1,2.000000,2,1.409091e-01,
NOTCH1->-LATS2,2,1,2.000000,2,9.821429e-02,
TET1->-PIK3CA,2,1,2.000000,2,9.610228e-01,
SETD2->-FGFR4,2,1,2.000000,2,1.669231e-01,
SETD2->-BRCA2,2,1,2.000000,2,5.000000e-01,
FGFR4->-PPP2R1A,2,1,2.000000,2,1.636364e-01,
FAT1->-DICER1,2,1,2.000000,2,2.500000e-01,
MSH6->-PIK3CA,2,1,2.000000,2,8.906250e-01,
ATM->-MSH6,2,1,2.000000,2,2.500000e-01,
NOTCH1->-ATM,2,1,2.000000,2,7.362013e-01,
EP300->-MAP3K1,2,1,2.000000,2,2.500000e-01,
TP53->-RAB35,2,1,2.000000,2,2.500000e-01,
KDM5A->-PIK3CA,2,1,2.000000,2,7.152778e-01,
CDH1->-KDM5A,2,1,2.000000,2,1.140351e-01,
MEN1->-KMT2A,2,1,2.000000,2,1.904762e-01,
GATA3->-BRCA2,2,1,2.000000,2,6.053571e-01,
SDHB->-TP53,2,1,2.000000,2,8.928989e-01,
RECQL4->-TP53,2,1,2.000000,2,9.119399e-01,
TET1->-ARID1B,2,1,2.000000,2,2.500000e-01,
FOXA1-/-RUNX1,2,1,2.000000,2,8.888889e-02,
ARID2->-PTPRD,2,1,2.000000,2,2.500000e-01,
PTPRD->-XPO1,2,1,2.000000,2,2.232143e-01,
ARID2->-KMT2C,2,1,2.000000,2,6.875000e-01,
SMO->-MEN1,2,1,2.000000,2,1.865079e-01,
SMO->-KMT2C,2,1,2.000000,2,1.865079e-01,
TP53->-RYBP,2,1,2.000000,2,2.013889e-01,
KMT2C->-CDK8,2,1,2.000000,2,2.013889e-01,
CDH1->-DOT1L CDH1->-PIK3CA PIK3CA->-DOT1L,3,3,2.000000,2,2.777778e-02,
FOXA1->-FH,2,1,2.000000,2,2.500000e-01,
ARID1A->-DOT1L ARID1A->-FOXA1 DOT1L->-FOXA1,3,3,2.000000,2,1.587302e-02,
CDH1->-EZH2 CDH1->-TP53 TP53->-EZH2,3,3,2.000000,2,2.777778e-02,
CDH1->-TSC1,2,1,2.000000,2,2.333333e-01,
AKT1->-EGFR,2,1,2.000000,2,2.500000e-01,
MAP3K1->-EGFR,2,1,2.000000,2,2.500000e-01,
MAP3K1->-CBFB,2,1,2.000000,2,9.869141e-01,
SPOP->-MAP3K1,2,1,2.000000,2,6.875000e-01,
AR->-ARID1A,2,1,2.000000,2,4.395604e-01,
MTOR->-DNMT1,2,1,2.000000,2,2.500000e-01,
CDH1->-NTRK2,2,1,2.000000,2,4.500000e-01,
PIK3CA->-TGFBR1,2,1,2.000000,2,2.500000e-01,
MAP3K1->-TGFBR1,2,1,2.000000,2,2.500000e-01,
PIK3CA->-XIAP,2,1,2.000000,2,2.500000e-01,
MAP3K1->-ERBB2,2,1,2.000000,2,8.888364e-01,
STAG2->-CHEK2,2,1,2.000000,2,4.985380e-01,
ASXL2->-FOXP1 PIK3CA->-ASXL2 PIK3CA->-FOXP1,3,3,2.000000,2,2.729045e-02,
ASXL2->-RB1,2,1,2.000000,2,1.822612e-01,
NCOR1->-FGFR3,2,1,2.000000,2,2.485380e-01,
NCOR1->-TSC1,2,1,2.000000,2,2.319688e-01,
STAG2->-FYN,2,1,2.000000,2,2.301731e-01,
PIK3CA->-RICTOR PIK3CA->-SMO SMO->-RICTOR,3,3,2.000000,2,2.390715e-02,
STAG2->-RICTOR,2,1,2.000000,2,2.301731e-01,
RB1->-FOXP1,2,1,2.000000,2,2.485380e-01,
PDCD1->-FOXP1,2,1,2.000000,2,2.485380e-01,
PDCD1->-FAT1 PIK3CA->-FAT1 PIK3CA->-PDCD1,3,3,2.000000,2,2.729045e-02,
PDCD1->-RB1 PIK3CA->-PDCD1 PIK3CA->-RB1,3,3,2.000000,2,2.729045e-02,
PIK3CA->-TSC1,2,1,2.000000,2,4.195906e-01,
STAG2->-TET1,2,1,2.000000,2,2.485380e-01,
HGF->-HIST1H1C,2,1,2.000000,2,1.656920e-01,
FOXA1->-ERBB2,2,1,2.000000,2,8.822545e-01,
RUNX1->-BRCA2,2,1,2.000000,2,5.000000e-01,
RUNX1->-MAP3K1,2,1,2.000000,2,7.708333e-01,
NSD1->-PIK3CA TP53->-NSD1 TP53->-PIK3CA,3,3,2.000000,2,1.203704e-01,
ARID2->-NSD1,2,1,2.000000,2,5.000000e-01,
ARID2->-IKZF1 ARID2->-PIK3CA IKZF1->-PIK3CA,3,3,2.000000,2,2.777778e-02,
ARID2->-IKZF1 ARID2->-KIT IKZF1->-KIT,3,3,2.000000,2,2.777778e-02,
CDH1->-BCOR,2,1,2.000000,2,5.000000e-01,
CDKN2A->-KMT2C,2,1,2.000000,2,2.500000e-01,
TP53->-CHEK2,2,1,2.000000,2,7.857143e-01,
BRCA2->-ZFHX3,2,1,2.000000,2,3.272727e-01,
PIK3CA->-RAD21,2,1,2.000000,2,3.904762e-01,
FGFR3->-PIK3CA,2,1,2.000000,2,7.699805e-01,
FBXW7->-EPHA7,2,1,2.000000,2,2.111111e-01,
FBXW7->-SMARCA4,2,1,2.000000,2,2.500000e-01,
FBXW7->-PDGFRA,2,1,2.000000,2,2.430556e-01,
ARID1A->-FGFR3,2,1,2.000000,2,2.333333e-01,
ARID1A->-MET,2,1,2.000000,2,2.333333e-01,
GATA3->-GRIN2A,2,1,2.000000,2,2.333333e-01,
AKT1->-CD276,2,1,2.000000,2,2.500000e-01,
AKT1->-EPHA7,2,1,2.000000,2,2.500000e-01,
CDH1->-FOXL2,2,1,2.000000,2,2.500000e-01,
ATM->-MDC1,2,1,2.000000,2,4.690476e-01,
TP53->-TOP1,2,1,2.000000,2,1.636364e-01,
LATS1->-ROS1,2,1,2.000000,2,5.000000e-01,
ROS1->-TSC2,2,1,2.000000,2,5.000000e-01,
CDH1->-IGF1R,2,1,2.000000,2,2.500000e-01,
KLF4->-GRIN2A,2,1,2.000000,2,2.500000e-01,
CDH1->-KLF4,2,1,2.000000,2,2.500000e-01,
CARD11->-RFWD2 ERBB3->-CARD11 ERBB3->-RFWD2 TP53->-CARD11 TP53->-ERBB3 TP53->-RFWD2,4,6,2.000000,2,1.350876e-03,
EPHA7->-HIST1H3B,2,1,2.000000,2,2.271242e-01,
MDC1->-CARD11 MDC1->-PIK3CA PIK3CA->-CARD11,3,3,2.000000,2,2.325027e-02,
MDC1->-HIST1H3B,2,1,2.000000,2,2.271242e-01,
MAP3K1->-RAD51C,2,1,2.000000,2,1.514161e-01,
RAD51C->-PIK3CA,2,1,2.000000,2,7.574891e-01,
MAP3K1->-RICTOR,2,1,2.000000,2,2.271242e-01,
IRS1->-ATR IRS1->-PIK3CA PIK3CA->-ATR,3,3,2.000000,2,6.652823e-02,
MAP3K1->-IRS1,2,1,2.000000,2,2.271242e-01,
TCF7L2->-PIK3CA,2,1,2.000000,2,3.719237e-01,
PTEN->-AR,2,1,2.000000,2,2.142857e-01,
PTEN->-NOTCH2,2,1,2.000000,2,2.142857e-01,
NOTCH2-/-RPS6KA4,2,1,2.000000,2,3.401361e-02,
TP53->-HIST1H3I,2,1,2.000000,2,2.120181e-01,
FOXA1->-H3F3B,2,1,2.000000,2,1.166667e-01,
PIK3CA->-H3F3B,2,1,2.000000,2,2.500000e-01,
TP53->-ZRSR2,2,1,2.000000,2,3.685065e-01,
PIK3CA->-NOTCH2 TP53->-NOTCH2 TP53->-PIK3CA,3,3,2.000000,2,3.935185e-02,
ESR1->-PLK2 PIK3CA->-ESR1 PIK3CA->-PLK2,3,3,2.000000,2,2.777778e-02,
ESR1->-CREBBP,2,1,2.000000,2,2.500000e-01,
PIK3CA->-CREBBP PIK3CA->-PLK2 PLK2->-CREBBP,3,3,2.000000,2,6.833455e-02,
NOTCH2->-CREBBP TP53->-CREBBP TP53->-NOTCH2,3,3,2.000000,2,2.222222e-02,
TP53->-AMER1,2,1,2.000000,2,4.342105e-01,
MAP2K1->-ESR1,2,1,2.000000,2,2.142857e-01,
ESR1-/-KMT2D,2,1,2.000000,2,5.714286e-02,
MET->-ESR1,2,1,2.000000,2,2.142857e-01,
PIK3CA->-PMS2,2,1,2.000000,2,1.597222e-01,
NOTCH4-/-ROS1,2,1,2.000000,2,1.203704e-01,
CDKN2A->-NOTCH4 PIK3CA->-CDKN2A PIK3CA->-NOTCH4,3,3,2.000000,2,8.928571e-03,
CDKN2A->-EP300,2,1,2.000000,2,1.597222e-01,
ESR1->-JAK1,2,1,2.000000,2,5.000000e-01,
CCNE1->-ESR1 CCNE1->-MAP3K1 ESR1->-MAP3K1,3,3,2.000000,2,2.777778e-02,
ALK->-MAP3K1,2,1,2.000000,2,6.125000e-01,
MYC->-PIK3CA,2,1,2.000000,2,6.000000e-01,
PIK3CA->-FLT3,2,1,2.000000,2,7.875000e-01,
ERBB3->-ARID1A MAP3K1->-ARID1A MAP3K1->-ERBB3,3,3,2.000000,2,7.936508e-03,
ERBB3->-NUP93,2,1,2.000000,2,2.500000e-01,
KMT2C->-MYC,2,1,2.000000,2,2.500000e-01,
GATA3->-HIST1H3F,2,1,2.000000,2,2.500000e-01,
CHEK2->-FLT3,2,1,2.000000,2,1.404762e-01,
ATM->-CHEK2,2,1,2.000000,2,2.500000e-01,
MEN1->-MAP3K1,2,1,2.000000,2,7.555390e-01,
ATM->-ARID1A,2,1,2.000000,2,7.454365e-01,
FLT3->-EGFR,2,1,2.000000,2,2.500000e-01,
FLT3->-SPEN GATA3->-FLT3 GATA3->-SPEN STAG2->-FLT3 STAG2->-GATA3 STAG2->-SPEN,4,6,2.000000,2,9.424603e-04,
ATM->-FLT3,2,1,2.000000,2,2.500000e-01,
PIK3CA->-NUP93 PIK3CA->-SPEN SPEN->-NUP93,3,3,2.000000,2,2.777778e-02,
ATM->-NUP93,2,1,2.000000,2,2.500000e-01,
MAP3K1->-ATM,2,1,2.000000,2,7.047028e-01,
KMT2C->-EGFR,2,1,2.000000,2,3.166667e-01,
ATM->-EGFR,2,1,2.000000,2,2.500000e-01,
CDH1->-CSF1R,2,1,2.000000,2,2.500000e-01,
CDH1->-MPL,2,1,2.000000,2,2.158120e-01,
CIC->-ARID1A,2,1,2.000000,2,4.000000e-01,
ABL1->-TP53,2,1,2.000000,2,6.648386e-01,
SMARCA4->-ATR,2,1,2.000000,2,2.473545e-01,
ATR->-TP53,2,1,2.000000,2,9.996220e-01,
PIK3CA->-TP53 SMARCA4->-PIK3CA SMARCA4->-TP53,3,3,2.000000,2,1.622300e-01,
RAD54L->-KMT2C,2,1,2.000000,2,5.000000e-01,
ROS1->-TP53 TBX3->-ROS1 TBX3->-TP53,3,3,2.000000,2,7.407407e-02,
TBX3->-TSC2,2,1,2.000000,2,2.500000e-01,
TSC2->-TP53,2,1,2.000000,2,9.869471e-01,
KMT2C->-KDM5C,2,1,2.000000,2,4.000000e-01,
KMT2C->-RAD50,2,1,2.000000,2,3.483495e-01,
TBX3->-ESR1,2,1,2.000000,2,6.050824e-01,
TBX3->-PIK3CG,2,1,2.000000,2,1.842105e-01,
ANKRD11->-CDH1,2,1,2.000000,2,8.630952e-01,
ANKRD11->-BRCA2,2,1,2.000000,2,3.154762e-01,
JAK3-/-PIK3CG PTEN->-JAK3 PTEN->-PIK3CG,3,3,2.000000,2,6.153846e-04,
CDK12-/-JAK3 PTEN->-CDK12 PTEN->-JAK3,3,3,2.000000,2,6.153846e-04,
FOXA1-/-JAK3 PTEN->-FOXA1 PTEN->-JAK3,3,3,2.000000,2,6.153846e-04,
TBX3->-KDM5A,2,1,2.000000,2,1.228070e-01,
CDK12->-TBX3,2,1,2.000000,2,1.842105e-01,
CDK12->-FOXA1,2,1,2.000000,2,3.511336e-01,
TBX3->-FAT1,2,1,2.000000,2,2.506266e-01,
TBX3->-MAP2K4,2,1,2.000000,2,4.223058e-01,
TBX3->-PTPRS,2,1,2.000000,2,1.842105e-01,
EPHB1->-KDM5A TP53->-EPHB1 TP53->-KDM5A,3,3,2.000000,2,1.596004e-02,
FAT1->-DDR2,2,1,2.000000,2,2.848416e-01,
MAP2K4->-DDR2,2,1,2.000000,2,1.842105e-01,
DDR2->-PIK3CG,2,1,2.000000,2,1.842105e-01,
ATRX-/-JAK3,2,1,2.000000,2,8.771930e-02,
MAP2K4->-FOXA1,2,1,2.000000,2,4.342105e-01,
MAP2K4->-EPHB1,2,1,2.000000,2,1.666667e-01,
FLT3->-PTPRS,2,1,2.000000,2,1.842105e-01,
CDH1->-FOXA1 CDH1->-PIK3CG PIK3CG->-FOXA1,3,3,2.000000,2,1.596004e-02,
CDH1->-ABL1,2,1,2.000000,2,1.842105e-01,
CDH1->-FLT3,2,1,2.000000,2,1.842105e-01,
NF1->-HIST1H3B,2,1,2.000000,2,2.152778e-01,
SDHB->-INPP4B,2,1,2.000000,2,2.057802e-01,
PIK3CA->-MAP3K13,2,1,2.000000,2,6.736453e-01,
PIK3CA->-RIT1,2,1,2.000000,2,4.169231e-01,
PIK3CA->-H3F3C,2,1,2.000000,2,5.000000e-01,
TP53->-WT1,2,1,2.000000,2,3.863636e-01,
MAP3K13->-PLK2,2,1,2.000000,2,2.315271e-01,
ATM->-PLK2 PIK3CA->-ATM PIK3CA->-PLK2,3,3,2.000000,2,1.277778e-02,
CDH1->-CTCF CDH1->-ERBB3 ERBB3->-CTCF,3,3,2.000000,2,2.777778e-02,
BRCA2->-TERT TP53->-BRCA2 TP53->-TERT,3,3,2.000000,2,2.777778e-02,
CDKN2A->-KMT2D TP53->-CDKN2A TP53->-KMT2D,3,3,2.000000,2,2.777778e-02,
PLK2->-KMT2D,2,1,2.000000,2,2.500000e-01,
STK11->-KMT2D TP53->-KMT2D TP53->-STK11,3,3,2.000000,2,5.569966e-02,
PPM1D->-ANKRD11,2,1,2.000000,2,8.253968e-02,
CREBBP->-SMAD2 PIK3C2G->-CREBBP PIK3C2G->-SMAD2,3,3,2.000000,2,1.190476e-02,
PIK3CA->-LATS1,2,1,2.000000,2,6.250000e-01,
PIK3CA->-CREBBP PIK3CA->-PTPRD PTPRD->-CREBBP,3,3,2.000000,2,1.042888e-02,
DICER1->-PTCH1,2,1,2.000000,2,1.669231e-01,
DNMT3A->-TP53,2,1,2.000000,2,9.583103e-01,
BRCA2->-TET2,2,1,2.000000,2,2.363636e-01,
BRCA2->-ATR,2,1,2.000000,2,1.733333e-01,
BLM->-ARID1B,2,1,2.000000,2,2.259358e-01,
ARID1B->-ATR,2,1,2.000000,2,2.363636e-01,
CIC->-ARID1B,2,1,2.000000,2,2.297980e-01,
ARID2->-ALK,2,1,2.000000,2,5.555556e-01,
ATRX->-CREBBP,2,1,2.000000,2,2.500000e-01,
PTEN->-CREBBP,2,1,2.000000,2,1.805556e-01,
PIK3CA->-DNMT1 PTEN->-DNMT1 PTEN->-PIK3CA,3,3,2.000000,2,1.277778e-02,
PTEN->-RASA1,2,1,2.000000,2,2.111111e-01,
NCOR1->-RASA1,2,1,2.000000,2,2.111111e-01,
PTEN->-CARD11 TP53->-CARD11 TP53->-PTEN,3,3,2.000000,2,1.907532e-02,
NCOR1->-IRS2,2,1,2.000000,2,4.611111e-01,
NCOR1->-AXIN1,2,1,2.000000,2,2.111111e-01,
IRS2->-AXIN1,2,1,2.000000,2,1.801481e-01,
TP53->-SOS1,2,1,2.000000,2,1.407407e-01,
PIK3CA->-CDK4,2,1,2.000000,2,2.500000e-01,
PIK3CA->-ERCC2,2,1,2.000000,2,3.916667e-01,
FOXA1->-PIK3CG PIK3CA->-FOXA1 PIK3CA->-PIK3CG,3,3,2.000000,2,3.818519e-02,
NF1->-PRDM1,2,1,2.000000,2,2.333333e-01,
NF1->-ERCC5 TP53->-ERCC5 TP53->-NF1,3,3,2.000000,2,2.777778e-02,
SPOP->-NF1,2,1,2.000000,2,2.500000e-01,
MAP3K1->-FGFR4 PTEN->-FGFR4 PTEN->-MAP3K1,3,3,2.000000,2,1.277778e-02,
ATR->-ERCC5 TP53->-ATR TP53->-ERCC5,3,3,2.000000,2,5.092593e-02,
ERCC5->-FGFR4 TP53->-ERCC5 TP53->-FGFR4,3,3,2.000000,2,2.777778e-02,
ATR->-NSD1,2,1,2.000000,2,2.500000e-01,
MED12->-FGFR4,2,1,2.000000,2,4.169231e-01,
TP53->-SPOP,2,1,2.000000,2,2.500000e-01,
CDKN1B-/-PIK3CA,2,1,2.000000,2,3.180627e-01,
RUNX1->-CDKN1B,2,1,2.000000,2,1.666667e-01,
ARID1A->-PTPRD TP53->-ARID1A TP53->-PTPRD,3,3,2.000000,2,2.390572e-02,
ARID1A-/-PIK3C2G TP53->-ARID1A TP53->-PIK3C2G,3,3,2.000000,2,3.333333e-02,
TP53->-PAX5,2,1,2.000000,2,1.750000e-01,
NF1->-PTEN,2,1,2.000000,2,9.901214e-01,
NF1->-CTCF,2,1,2.000000,2,2.500000e-01,
CDH1->-RASA1 CDH1->-RECQL4 RASA1->-RECQL4,3,3,2.000000,2,1.649306e-02,
CDH1->-RASA1 CDH1->-TBX3 TBX3->-RASA1,3,3,2.000000,2,1.686508e-02,
PIK3CA->-STAT5A,2,1,2.000000,2,1.642857e-01,
CDH1-/-RFWD2 CDH1->-KMT2C CDH1->-PIK3CA KMT2C-/-RFWD2 PIK3CA-/-RFWD2 PIK3CA->-KMT2C,4,6,2.000000,2,5.939643e-05,
CDH1-/-RFWD2 CDH1->-CREBBP CDH1->-PIK3CA CREBBP-/-RFWD2 PIK3CA-/-RFWD2 PIK3CA->-CREBBP,4,6,2.000000,2,5.939643e-05,
AR-/-KMT2C,2,1,2.000000,2,1.141636e-01,
TBX3->-CREBBP,2,1,2.000000,2,1.263736e-01,
ARID1A->-RFWD2,2,1,2.000000,2,1.895604e-01,
ARID1A->-GLI1,2,1,2.000000,2,3.923863e-01,
PIK3CA->-GLI1 TBX3->-GLI1 TBX3->-PIK3CA,3,3,2.000000,2,1.686508e-02,
CDH1->-GLI1 CDH1->-PIK3CA PIK3CA->-GLI1,3,3,2.000000,2,1.686508e-02,
CDH1->-PIK3C3 CDH1->-PIK3CA PIK3CA->-PIK3C3,3,3,2.000000,2,1.686508e-02,
BRAF->-PIK3CA,2,1,2.000000,2,8.125000e-01,
TP53->-ERCC3,2,1,2.000000,2,1.333333e-01,
KLF4->-PIK3CA,2,1,2.000000,2,8.125000e-01,
PIK3CA->-PARK2,2,1,2.000000,2,6.009779e-01,
PTEN->-ASXL1,2,1,2.000000,2,1.750000e-01,
KMT2C->-WT1,2,1,2.000000,2,1.363636e-01,
TBX3->-NCOR1,2,1,2.000000,2,7.045455e-01,
ATM-/-NCOR1,2,1,2.000000,2,6.493506e-02,
KMT2C->-FOXA1,2,1,2.000000,2,8.220717e-01,
ATM-/-FOXA1,2,1,2.000000,2,3.880804e-01,
MAP3K1-/-TBX3,2,1,2.000000,2,3.528186e-01,
ATM->-TP53,2,1,2.000000,2,9.912553e-01,
CDH1->-CHEK2,2,1,2.000000,2,5.000000e-01,
ERBB2->-FANCA,2,1,2.000000,2,1.401099e-01,
GATA3->-MST1,2,1,2.000000,2,2.000000e-01,
KMT2C->-POLE,2,1,2.000000,2,2.500000e-01,
TSC1->-TP53,2,1,2.000000,2,8.811482e-01,
MED12-/-PIM1 TP53->-MED12 TP53->-PIM1,3,3,2.000000,2,6.349206e-03,
MED12-/-PIK3R1 TP53->-MED12 TP53->-PIK3R1,3,3,2.000000,2,2.208050e-02,
CDH1->-AXIN1,2,1,2.000000,2,5.000000e-01,
CDH1->-SOX17 CDH1->-TP53 TP53->-SOX17,3,3,2.000000,2,2.777778e-02,
RB1->-AXIN1 TP53->-AXIN1 TP53->-RB1,3,3,2.000000,2,2.777778e-02,
RB1->-FBXW7 TP53->-FBXW7 TP53->-RB1,3,3,2.000000,2,2.222222e-02,
PBRM1->-ERBB2,2,1,2.000000,2,2.500000e-01,
NF1->-PTPRD NF1->-TP53 TP53->-PTPRD,3,3,2.000000,2,2.222222e-02,
NF1->-EPHA7,2,1,2.000000,2,4.705128e-01,
MTOR->-PIK3CA,2,1,2.000000,2,9.184749e-01,
CDH1->-NUP93,2,1,2.000000,2,2.500000e-01,
BRCA1->-GATA3 PIK3CA->-BRCA1 PIK3CA->-GATA3,3,3,2.000000,2,1.161564e-01,
ESR1-/-PIK3CA,2,1,2.000000,2,8.011572e-01,
SPEN->-ESR1,2,1,2.000000,2,8.000000e-01,
PTEN->-ESR1,2,1,2.000000,2,5.000000e-01,
ESR1->-ALOX12B,2,1,2.000000,2,2.500000e-01,
ESR1->-ARID1B,2,1,2.000000,2,1.333333e-01,
CDH1->-PTEN CDH1->-RHOA PTEN->-RHOA,3,3,2.000000,2,2.777778e-02,
CDH1->-ALOX12B,2,1,2.000000,2,2.500000e-01,
TP53->-FAM175A,2,1,2.000000,2,3.373148e-01,
MAP2K4->-BRCA2 TP53->-BRCA2 TP53->-MAP2K4,3,3,2.000000,2,1.388889e-02,
MAP2K4->-ERCC5 TP53->-ERCC5 TP53->-MAP2K4,3,3,2.000000,2,1.388889e-02,
MAP2K4->-CDK12,2,1,2.000000,2,3.442982e-01,
MAP2K4->-GPS2,2,1,2.000000,2,4.761905e-01,
ATM->-RPS6KB2,2,1,2.000000,2,2.166667e-01,
FAT1->-KMT2C,2,1,2.000000,2,9.681495e-01,
MSH2->-KMT2C,2,1,2.000000,2,4.648284e-01,
PIK3CA->-KMT2C PIK3CA->-RICTOR RICTOR->-KMT2C,3,3,2.000000,2,1.764220e-02,
ATM->-RICTOR,2,1,2.000000,2,2.166667e-01,
FGFR4-/-LATS2,2,1,2.000000,2,1.574074e-01,
TP53->-LATS2,2,1,2.000000,2,6.087798e-01,
GATA3->-MAP2K4,2,1,2.000000,2,9.746280e-01,
TBX3->-MED12,2,1,2.000000,2,2.380952e-01,
GATA3->-CDH1,2,1,2.000000,2,9.959971e-01,
PTPRS->-SETD2,2,1,2.000000,2,1.666667e-01,
KMT2D->-RB1 TP53->-KMT2D TP53->-RB1,3,3,2.000000,2,6.090147e-02,
CREBBP->-DNMT3B,2,1,2.000000,2,2.261905e-01,
CREBBP->-RB1,2,1,2.000000,2,1.822090e-01,
TP53->-CD79A,2,1,2.000000,2,1.077098e-01,
PIK3CA->-RAC1,2,1,2.000000,2,2.500000e-01,
KLF4->-TP53,2,1,2.000000,2,8.471354e-01,
ATM-/-KMT2A,2,1,2.000000,2,1.329231e-01,
GATA3->-JAK1,2,1,2.000000,2,2.333333e-01,
CIC->-KMT2D,2,1,2.000000,2,4.000000e-01,
PIK3R1->-KMT2C,2,1,2.000000,2,7.553419e-01,
ERBB2->-TP63,2,1,2.000000,2,2.500000e-01,
CDH1->-TP63,2,1,2.000000,2,2.500000e-01,
PIK3R1->-ARID2,2,1,2.000000,2,1.666667e-01,
PIK3R1->-ROS1,2,1,2.000000,2,3.690476e-01,
MED12->-ARID2,2,1,2.000000,2,1.666667e-01,
PIK3R1->-MGA,2,1,2.000000,2,1.666667e-01,
MGA->-ROS1,2,1,2.000000,2,4.140212e-01,
MED12->-MGA TP53->-MED12 TP53->-MGA,3,3,2.000000,2,1.041667e-02,
PIK3R1->-MED12,2,1,2.000000,2,6.800489e-01,
FLT1->-MAP3K1,2,1,2.000000,2,4.210526e-01,
PIK3CA->-FLT1 PIK3CA->-SPEN SPEN->-FLT1,3,3,2.000000,2,2.777778e-02,
ARID1A->-POLE PIK3CA->-ARID1A PIK3CA->-POLE,3,3,2.000000,2,7.266088e-02,
PIK3CA->-POLE PIK3CA->-SPEN SPEN->-POLE,3,3,2.000000,2,2.777778e-02,
FBXW7->-FLT4,2,1,2.000000,2,2.500000e-01,
FBXW7->-TP53,2,1,2.000000,2,9.957131e-01,
FLT3->-ASXL1,2,1,2.000000,2,1.404762e-01,
ASXL1-/-KDM5C,2,1,2.000000,2,2.336508e-01,
CHEK2->-PIK3CB,2,1,2.000000,2,1.204082e-01,
POLE->-PIK3CB,2,1,2.000000,2,3.538095e-01,
PIK3C2G-/-PIK3CB,2,1,2.000000,2,6.425397e-02,
FLT3->-POLE,2,1,2.000000,2,1.198730e-01,
CARD11->-ARID1A,2,1,2.000000,2,6.888542e-01,
KDM5C->-ARID1A,2,1,2.000000,2,6.053571e-01,
PIK3C2G-/-POLE,2,1,2.000000,2,2.771725e-01,
GATA3->-PIK3C2G,2,1,2.000000,2,1.404762e-01,
ATRX->-ARID1B TP53->-ARID1B TP53->-ATRX,3,3,2.000000,2,1.686508e-02,
KMT2D->-ARID1B,2,1,2.000000,2,1.991422e-01,
KMT2D->-INPP4B,2,1,2.000000,2,1.991422e-01,
KMT2D->-XPO1,2,1,2.000000,2,2.083333e-01,
KMT2D->-HNF1A,2,1,2.000000,2,2.061287e-01,
TP53->-MSH2,2,1,2.000000,2,2.083333e-01,
STAT3->-PIK3CA,2,1,2.000000,2,2.500000e-01,
RUNX1->-ERBB2,2,1,2.000000,2,9.218750e-01,
PIK3CA->-MAP2K1,2,1,2.000000,2,5.000000e-01,
PIK3CA->-CUL3,2,1,2.000000,2,5.000000e-01,
MEN1->-ESR1,2,1,2.000000,2,2.261905e-01,
ARID1A-/-PIK3CA,2,1,2.000000,2,6.089343e-01,
CDH1->-BRAF,2,1,2.000000,2,2.500000e-01,
HIST1H3G->-PIK3CA,2,1,2.000000,2,5.000000e-01,
ARID1A->-RHOA,2,1,2.000000,2,1.904762e-01,
FOXA1->-ATM,2,1,2.000000,2,4.167759e-01,
RHOA->-CDH1,2,1,2.000000,2,8.720238e-01,
CDH1->-DAXX CDH1->-PIK3CA PIK3CA->-DAXX,3,3,2.000000,2,2.433406e-02,
PTPRT->-MAP3K1,2,1,2.000000,2,6.282895e-01,
CDH1->-PIK3CA PTPRT->-CDH1 PTPRT->-PIK3CA,3,3,2.000000,2,7.407407e-02,
ATR->-NOTCH4 PIK3CA->-ATR PIK3CA->-NOTCH4,3,3,2.000000,2,2.777778e-02,
ATR->-GRIN2A,2,1,2.000000,2,2.500000e-01,
BRCA1->-PTPRT,2,1,2.000000,2,1.500000e-01,
BRCA1->-PTCH1,2,1,2.000000,2,1.454545e-01,
PTPRT->-TET2,2,1,2.000000,2,4.000000e-01,
PTPRT->-HNF1A,2,1,2.000000,2,2.922457e-01,
HNF1A->-CDK12,2,1,2.000000,2,1.001538e-01,
PIK3CA->-HIST3H3,2,1,2.000000,2,6.250000e-01,
FLT1->-PIK3CA,2,1,2.000000,2,7.730263e-01,
CBL->-PIK3CA,2,1,2.000000,2,6.069444e-01,
AKT1->-RAD54L,2,1,2.000000,2,2.133333e-01,
RECQL4->-GATA3,2,1,2.000000,2,4.000000e-01,
PTEN-/-SF3B1,2,1,2.000000,2,1.333333e-01,
NF1->-PTPRS,2,1,2.000000,2,4.658120e-01,
KMT2C->-ANKRD11,2,1,2.000000,2,4.815271e-01,
PTPRT->-PTPRS,2,1,2.000000,2,2.500000e-01,
PTPRT->-TP53,2,1,2.000000,2,9.840639e-01,
INHA->-CREBBP,2,1,2.000000,2,2.321429e-01,
TERT->-TP53,2,1,2.000000,2,9.419297e-01,
TP53->-HIST1H3G,2,1,2.000000,2,5.000000e-01,
TP53->-IGF1,2,1,2.000000,2,1.666667e-01,
RUNX1->-SETD2,2,1,2.000000,2,2.000000e-01,
RUNX1->-GATA3,2,1,2.000000,2,2.000000e-01,
NF1->-ERBB2,2,1,2.000000,2,5.000000e-01,
PIK3CG->-PIK3CA,2,1,2.000000,2,9.161971e-01,
IRS1->-ESR1,2,1,2.000000,2,2.500000e-01,
IRS1->-SPEN,2,1,2.000000,2,3.909091e-01,
CDK12->-TP53,2,1,2.000000,2,7.418860e-01,
KMT2C->-CBFB,2,1,2.000000,2,7.319444e-01,
FGFR4->-KMT2C,2,1,2.000000,2,2.988675e-01,
KMT2C->-ARID5B,2,1,2.000000,2,4.815271e-01,
JAK2-/-PIK3CA,2,1,2.000000,2,3.728395e-01,
FAT1-/-NSD1,2,1,2.000000,2,1.179138e-02,
FOXA1->-FAT1,2,1,2.000000,2,5.076232e-01,
FOXA1->-NSD1,2,1,2.000000,2,6.696429e-01,
CDKN1B->-PTPRD,2,1,2.000000,2,2.232143e-01,
FOXA1->-PTPRD,2,1,2.000000,2,2.232143e-01,
ERBB2->-PTPRD TP53->-ERBB2 TP53->-PTPRD,3,3,2.000000,2,1.781601e-02,
FOXA1->-CDKN1B,2,1,2.000000,2,1.490385e-01,
FOXA1->-XPO1,2,1,2.000000,2,2.232143e-01,
ERBB2->-XPO1,2,1,2.000000,2,2.232143e-01,
SOX9->-PIK3CA,2,1,2.000000,2,6.250000e-01,
SOX9->-IRS1,2,1,2.000000,2,1.666667e-01,
PIK3CA-/-TP53,2,1,2.000000,2,9.999880e-01,
CDH1->-KMT2C CDH1->-RUNX1 KMT2C->-RUNX1,3,3,2.000000,2,1.319444e-01,
SPEN->-RUNX1,2,1,2.000000,2,2.500000e-01,
RUNX1->-JUN,2,1,2.000000,2,2.500000e-01,
SPEN->-KMT2C,2,1,2.000000,2,8.989583e-01,
PIK3CA->-RB1 PIK3CA->-RUNX1 RB1->-RUNX1,3,3,2.000000,2,2.777778e-02,
RB1->-RUNX1 TP53->-RB1 TP53->-RUNX1,3,3,2.000000,2,2.777778e-02,
ERBB2->-GATA3,2,1,2.000000,2,1.666667e-01,
FYN->-ATM,2,1,2.000000,2,1.669231e-01,
NCOR1->-EGFR,2,1,2.000000,2,2.500000e-01,
PIK3C2G->-NCOR1,2,1,2.000000,2,5.000000e-01,
MAP2K4->-ATM,2,1,2.000000,2,2.500000e-01,
PIK3C2G->-EGFR,2,1,2.000000,2,2.500000e-01,
GATA3-/-PIK3CA,2,1,2.000000,2,9.839021e-01,
APC->-PTPRT TP53->-APC TP53->-PTPRT,3,3,2.000000,2,1.077194e-02,
CSF3R->-PIK3CA,2,1,2.000000,2,2.434641e-01,
CTCF->-MAP2K4 CTCF->-PIK3CA MAP2K4->-PIK3CA,3,3,2.000000,2,2.777778e-02,
IGF1R->-GATA3 PIK3CA->-GATA3 PIK3CA->-IGF1R,3,3,2.000000,2,3.612426e-02,
NF1->-POLE,2,1,2.000000,2,2.500000e-01,
MAP3K1->-NF1 PIK3CA->-MAP3K1 PIK3CA->-NF1,3,3,2.000000,2,7.407407e-02,
CDH1->-NF1 CDH1->-RAD50 NF1->-RAD50,3,3,2.000000,2,2.185185e-02,
ESR1->-AR,2,1,2.000000,2,1.319444e-01,
ESR1->-POLE,2,1,2.000000,2,2.500000e-01,
ESR1->-RAD50 PIK3CA->-ESR1 PIK3CA->-RAD50,3,3,2.000000,2,3.935185e-02,
GATA3->-RAD50 PIK3CA->-GATA3 PIK3CA->-RAD50,3,3,2.000000,2,2.777778e-02,
MAP3K1->-AR,2,1,2.000000,2,5.000000e-01,
GATA3->-AR,2,1,2.000000,2,5.000000e-01,
DNMT3B->-ARID1A,2,1,2.000000,2,6.875000e-01,
CDH1->-MAP3K1 CDH1->-POLE MAP3K1->-POLE,3,3,2.000000,2,2.777778e-02,
MAX->-PIK3CA,2,1,2.000000,2,3.928571e-01,
GATA3-/-IGF1R IGF1R-/-PIK3CA PIK3CA->-GATA3,3,3,2.000000,2,8.097222e-03,
IGF1R-/-TP53,2,1,2.000000,2,6.638815e-01,
APC->-PIK3R1,2,1,2.000000,2,1.726496e-01,
ERBB3->-POLE,2,1,2.000000,2,2.333333e-01,
ERBB3->-CDH1,2,1,2.000000,2,9.750710e-01,
PIK3CA->-JAK2,2,1,2.000000,2,7.683642e-01,
ARID1A->-JAK2,2,1,2.000000,2,1.333333e-01,
JAK2-/-TP53,2,1,2.000000,2,5.131687e-01,
PIK3CA->-PPM1D,2,1,2.000000,2,1.333333e-01,
ESR1->-ZFHX3,2,1,2.000000,2,1.333333e-01,
ARID1B->-ZFHX3,2,1,2.000000,2,1.333333e-01,
PIK3CA->-MYC,2,1,2.000000,2,6.000000e-01,
ARID1A-/-TP53,2,1,2.000000,2,6.977465e-01,
BRD4-/-DICER1,2,1,2.000000,2,1.550769e-01,
PIK3CA->-DCUN1D1,2,1,2.000000,2,1.250000e-01,
SMARCA4->-PARP1,2,1,2.000000,2,2.133333e-01,
FOXA1->-PTCH1 PIK3CA->-FOXA1 PIK3CA->-PTCH1,3,3,2.000000,2,1.277778e-02,
AKT1->-CREBBP,2,1,2.000000,2,2.013889e-01,
AKT1->-ARID1A,2,1,2.000000,2,4.979167e-01,
ARID1A-/-CDH1,2,1,2.000000,2,4.753102e-01,
AKT1->-RB1,2,1,2.000000,2,2.013889e-01,
TP53->-CBFB,2,1,2.000000,2,9.444126e-01,
CDH1->-SMAD2,2,1,2.000000,2,5.000000e-01,
PTPRD->-MED12,2,1,2.000000,2,1.388889e-01,
CDH1->-PIK3CB,2,1,2.000000,2,2.500000e-01,
IRS2->-POLE,2,1,2.000000,2,2.133333e-01,
POLE->-MED12 TP53->-MED12 TP53->-POLE,3,3,2.000000,2,1.289683e-02,
IRS2->-TP53,2,1,2.000000,2,8.108923e-01,
ARID1A->-ESR1,2,1,2.000000,2,9.700414e-01,
MAP2K4->-KMT2D,2,1,2.000000,2,1.500000e-01,
MAP2K4->-CIC,2,1,2.000000,2,1.357143e-01,
MAP3K1->-PIK3CA TBX3->-MAP3K1 TBX3->-PIK3CA,3,3,2.000000,2,2.203575e-01,
CBFB->-TBX3,2,1,2.000000,2,6.375000e-01,
CDH1->-FGFR2,2,1,2.000000,2,2.000000e-01,
KDM6A->-CDH1,2,1,2.000000,2,8.115809e-01,
TP53->-DNAJB1,2,1,2.000000,2,7.222222e-02,
HNF1A->-TP53,2,1,2.000000,2,9.298919e-01,
BRIP1->-SOX17 TP53->-BRIP1 TP53->-SOX17,3,3,2.000000,2,4.649471e-03,
PIK3CA->-RAB35,2,1,2.000000,2,2.500000e-01,
KMT2C-/-SPEN,2,1,2.000000,2,1.333333e-01,
PAK7->-RNF43 PIK3CA->-PAK7 PIK3CA->-RNF43,3,3,2.000000,2,6.944444e-03,
PAK7->-RNF43 TP53->-PAK7 TP53->-RNF43,3,3,2.000000,2,6.944444e-03,
PTPRD-/-TP53,2,1,2.000000,2,5.344244e-01,
ALK-/-PIK3CA,2,1,2.000000,2,2.123457e-01,
PIK3CA-/-PTPRT,2,1,2.000000,2,6.653991e-01,
RB1->-NOTCH2 TP53->-NOTCH2 TP53->-RB1,3,3,2.000000,2,2.777778e-02,
ARID2->-BCOR TP53->-ARID2 TP53->-BCOR,3,3,2.000000,2,2.692986e-02,
ATM->-RUNX1 PIK3CA->-ATM PIK3CA->-RUNX1,3,3,2.000000,2,1.388889e-02,
TP53->-CRLF2,2,1,2.000000,2,2.500000e-01,
TP53->-CCND1,2,1,2.000000,2,2.250000e-01,
ARID1A->-AKT1,2,1,2.000000,2,4.979167e-01,
CDH1->-INPP4A CDH1->-PIK3CA PIK3CA->-INPP4A,3,3,2.000000,2,2.777778e-02,
CDH1->-ERBB2 CDH1->-NCOR1 NCOR1->-ERBB2,3,3,2.000000,2,7.407407e-02,
TET2->-GRIN2A,2,1,2.000000,2,2.133333e-01,
NCOR1->-TET2 TP53->-NCOR1 TP53->-TET2,3,3,2.000000,2,2.777778e-02,
KDM6A->-GRIN2A TP53->-GRIN2A TP53->-KDM6A,3,3,2.000000,2,2.777778e-02,
CDH1->-GNAS,2,1,2.000000,2,2.500000e-01,
TP53->-GNAS,2,1,2.000000,2,1.190476e-01,
NCOR1->-EIF4A2,2,1,2.000000,2,1.510989e-01,
CDH1->-CDKN2A CDH1->-NCOR1 CDKN2A->-NCOR1,3,3,2.000000,2,2.777778e-02,
NCOR1->-KDM6A,2,1,2.000000,2,2.500000e-01,
CDH1->-EIF4A2,2,1,2.000000,2,2.500000e-01,
RASA1->-KMT2A,2,1,2.000000,2,2.481618e-01,
NOTCH2->-KMT2A,2,1,2.000000,2,2.117647e-01,
KDM6A->-KMT2A,2,1,2.000000,2,4.981618e-01,
KMT2C->-RASA1,2,1,2.000000,2,4.377222e-01,
CDH1->-MSH2 CDH1->-RASA1 MSH2->-RASA1,3,3,2.000000,2,2.716503e-02,
CDH1->-KMT2C CDH1->-STAT5B KMT2C->-STAT5B,3,3,2.000000,2,2.379728e-02,
CDH1->-YES1,2,1,2.000000,2,2.298247e-01,
NOTCH4->-NOTCH2,2,1,2.000000,2,4.231618e-01,
NOTCH4->-EED,2,1,2.000000,2,2.481618e-01,
PTCH1->-NOTCH2,2,1,2.000000,2,2.481618e-01,
KDM6A->-RECQL4,2,1,2.000000,2,2.416739e-01,
CDH1->-FGF19,2,1,2.000000,2,2.481618e-01,
CDH1->-SLX4,2,1,2.000000,2,2.481618e-01,
ARID2-/-FAT1,2,1,2.000000,2,1.465201e-01,
PIK3CA->-GNAS,2,1,2.000000,2,2.500000e-01,
FLT4->-PIK3CA,2,1,2.000000,2,9.960530e-01,
SF3B1->-KMT2C,2,1,2.000000,2,5.000000e-01,
PIK3CA->-ERG PIK3CA->-TP53 TP53->-ERG,3,3,2.000000,2,2.777778e-02,
PIK3CA->-POLE PIK3CA->-RB1 RB1->-POLE,3,3,2.000000,2,7.266088e-02,
CBL->-JAK3,2,1,2.000000,2,2.434641e-01,
TP53->-CBL,2,1,2.000000,2,2.500000e-01,
CDH1->-PIK3CA CDH1->-SMARCD1 PIK3CA->-SMARCD1,3,3,2.000000,2,6.944444e-03,
ARID1B->-PIK3R1,2,1,2.000000,2,4.658120e-01,
ARID1B->-RUNX1,2,1,2.000000,2,2.430556e-01,
PIK3R1->-RUNX1,2,1,2.000000,2,2.500000e-01,
NCOR1->-ARID1A,2,1,2.000000,2,8.125000e-01,
BRCA2->-PTPRD,2,1,2.000000,2,2.500000e-01,
ESR1->-PTPRD TP53->-ESR1 TP53->-PTPRD,3,3,2.000000,2,2.777778e-02,
BRCA2->-BAP1,2,1,2.000000,2,1.772727e-01,
JAK1->-BRCA2,2,1,2.000000,2,2.500000e-01,
RAD54L->-NCOR1,2,1,2.000000,2,2.500000e-01,
NCOR1->-JAK1,2,1,2.000000,2,1.510989e-01,
CDH1->-JAK1,2,1,2.000000,2,5.000000e-01,
TP53->-NEGR1,2,1,2.000000,2,2.500000e-01,
GATA3-/-PTEN,2,1,2.000000,2,2.312757e-01,
ATRX->-KMT2D,2,1,2.000000,2,4.556878e-01,
RB1->-KMT2D,2,1,2.000000,2,6.675957e-01,
KMT2D->-GATA3,2,1,2.000000,2,6.792279e-01,
RB1->-TSHR,2,1,2.000000,2,2.500000e-01,
ATRX->-FLT4,2,1,2.000000,2,4.458333e-01,
RB1->-FLT4,2,1,2.000000,2,4.458333e-01,
CTCF->-GPS2,2,1,2.000000,2,2.500000e-01,
PTCH1->-GATA3,2,1,2.000000,2,2.162115e-01,
TP53->-ERRFI1,2,1,2.000000,2,9.000000e-02,
TP53->-SMARCB1,2,1,2.000000,2,3.523810e-01,
TP53->-SRSF2,2,1,2.000000,2,2.785819e-01,
TP53->-PMS2,2,1,2.000000,2,4.097222e-01,
PIK3CA->-PIK3CD,2,1,2.000000,2,1.669231e-01,
MTOR->-AKT1,2,1,2.000000,2,2.819444e-01,
NSD1-/-PIK3CB,2,1,2.000000,2,1.815873e-02,
BRCA1->-PIK3CB,2,1,2.000000,2,3.680952e-01,
NOTCH2->-TET1,2,1,2.000000,2,2.133333e-01,
BCOR->-PARP1,2,1,2.000000,2,2.077560e-01,
BCOR->-GRIN2A,2,1,2.000000,2,4.633333e-01,
BCOR->-PIK3C2G,2,1,2.000000,2,2.133333e-01,
BCOR->-KMT2A,2,1,2.000000,2,4.633333e-01,
FLT3->-KMT2A,2,1,2.000000,2,2.133333e-01,
AXIN1->-SMARCA4,2,1,2.000000,2,2.133333e-01,
AKT1->-AXIN1,2,1,2.000000,2,2.133333e-01,
KIT->-PARP1 YES1->-KIT YES1->-PARP1,3,3,2.000000,2,1.874781e-02,
KIT->-RIT1,2,1,2.000000,2,2.133333e-01,
KIT->-PIK3C2G,2,1,2.000000,2,2.133333e-01,
FLT3->-RIT1,2,1,2.000000,2,2.133333e-01,
FLT3->-PIK3C2G,2,1,2.000000,2,3.538095e-01,
GRIN2A->-PARP1,2,1,2.000000,2,2.133333e-01,
NSD1->-PARP1,2,1,2.000000,2,1.841595e-01,
MDM2->-PARP1,2,1,2.000000,2,2.133333e-01,
GRIN2A->-KMT2A,2,1,2.000000,2,3.800000e-01,
NSD1->-MDM2,2,1,2.000000,2,2.133333e-01,
SMARCA4->-TET1,2,1,2.000000,2,2.133333e-01,
KMT2A->-RIT1,2,1,2.000000,2,1.424410e-01,
IRS2->-TET2,2,1,2.000000,2,1.163636e-01,
TET1->-KMT2A,2,1,2.000000,2,2.133333e-01,
AKT1->-PIK3C2G,2,1,2.000000,2,1.422222e-01,
PIK3CA->-PAX5,2,1,2.000000,2,2.500000e-01,
MAP3K1->-NBN,2,1,2.000000,2,1.669231e-01,
FOXA1->-NBN PIK3CA->-FOXA1 PIK3CA->-NBN,3,3,2.000000,2,1.277778e-02,
DNMT1->-NBN,2,1,2.000000,2,1.033333e-01,
MAP3K1->-DICER1 PTEN->-DICER1 PTEN->-MAP3K1,3,3,2.000000,2,1.277778e-02,
MAP3K1->-PIK3CD PTEN->-MAP3K1 PTEN->-PIK3CD,3,3,2.000000,2,1.277778e-02,
PTEN->-RIT1,2,1,2.000000,2,1.669231e-01,
PTEN->-TGFBR2,2,1,2.000000,2,1.391026e-01,
BRD4->-FGFR4,2,1,2.000000,2,1.669231e-01,
PIK3CA->-FYN,2,1,2.000000,2,3.970241e-01,
PTCH1->-KMT2C,2,1,2.000000,2,8.019925e-01,
MGA->-HNF1A MGA->-PTCH1 PIK3CA->-HNF1A PIK3CA->-MGA PIK3CA->-PTCH1 PTCH1->-HNF1A,4,6,2.000000,2,5.372888e-04,
JAK3->-RIT1,2,1,2.000000,2,1.669231e-01,
MAP3K1->-JAK3,2,1,2.000000,2,1.669231e-01,
PIK3CA->-KMT2C PIK3CA->-PLK2 PLK2->-KMT2C,3,3,2.000000,2,4.457429e-02,
FOXA1->-KMT2C FOXA1->-PLK2 PLK2->-KMT2C,3,3,2.000000,2,1.277778e-02,
DNMT1->-KMT2C,2,1,2.000000,2,1.669231e-01,
MAP3K1->-SETD2,2,1,2.000000,2,1.669231e-01,
MAP3K1->-MGA,2,1,2.000000,2,1.271795e-01,
MAP3K1->-KMT2A,2,1,2.000000,2,7.362546e-01,
MAP3K1->-DNMT1,2,1,2.000000,2,1.669231e-01,
KMT2A->-FGFR4,2,1,2.000000,2,4.169231e-01,
FGFR4-/-PIK3CA,2,1,2.000000,2,1.847863e-01,
FOXA1->-MED12,2,1,2.000000,2,1.669231e-01,
ATM->-DNMT1 PIK3CA->-ATM PIK3CA->-DNMT1,3,3,2.000000,2,1.277778e-02,
PIK3CA->-MED12 PIK3CA->-PIK3CG PIK3CG->-MED12,3,3,2.000000,2,1.277778e-02,
EPHB1->-MAP3K1,2,1,2.000000,2,8.125000e-01,
RHOA->-TP53,2,1,2.000000,2,7.343750e-01,
PTEN->-KMT2D TP53->-KMT2D TP53->-PTEN,3,3,2.000000,2,7.266088e-02,
KMT2D->-PTPRT PIK3CA->-KMT2D PIK3CA->-PTPRT PIK3CA->-TP53 TP53->-KMT2D TP53->-PTPRT,4,6,2.000000,2,6.530212e-03,
KMT2D->-MDC1 TP53->-KMT2D TP53->-MDC1,3,3,2.000000,2,2.777778e-02,
NCOR1->-ALK,2,1,2.000000,2,2.500000e-01,
ATR->-ALK TP53->-ALK TP53->-ATR,3,3,2.000000,2,2.777778e-02,
KMT2D-/-PRKAR1A,2,1,2.000000,2,1.142857e-01,
ANKRD11->-PLK2,2,1,2.000000,2,2.315271e-01,
ANKRD11->-KMT2D,2,1,2.000000,2,5.937500e-01,
ATM->-TBX3,2,1,2.000000,2,3.863636e-01,
GATA3->-KDM5A,2,1,2.000000,2,5.000000e-01,
TP53->-YAP1,2,1,2.000000,2,5.000000e-01,
BRIP1->-ESR1,2,1,2.000000,2,5.000000e-01,
CDKN2A->-CARD11,2,1,2.000000,2,2.500000e-01,
CARD11->-TP53,2,1,2.000000,2,9.900043e-01,
PIK3CA->-JUN,2,1,2.000000,2,4.761905e-01,
PIK3CA->-BRIP1 PIK3CA->-RUNX1 RUNX1->-BRIP1,3,3,2.000000,2,2.777778e-02,
ESR1->-ERBB4,2,1,2.000000,2,6.312500e-01,
TP53->-FYN,2,1,2.000000,2,2.315271e-01,
TP53->-SH2D1A,2,1,2.000000,2,1.100000e-01,
PIK3CA->-SOX9,2,1,2.000000,2,6.250000e-01,
CDH1->-SOX9,2,1,2.000000,2,4.333333e-01,
BRCA2->-STK11,2,1,2.000000,2,2.500000e-01,
ESR1->-GNAS,2,1,2.000000,2,2.500000e-01,
PIK3CA->-BCL6,2,1,2.000000,2,5.000000e-01,
PIK3CA->-SYK,2,1,2.000000,2,2.500000e-01,
PIK3CA->-REL,2,1,2.000000,2,2.083333e-01,
ATM->-NOTCH4 TP53->-ATM TP53->-NOTCH4,3,3,2.000000,2,2.777778e-02,
PIK3C2G->-PTPRT TP53->-PIK3C2G TP53->-PTPRT,3,3,2.000000,2,2.777778e-02,
MAP3K1->-SF3B1,2,1,2.000000,2,5.000000e-01,
CDH1->-SF3B1,2,1,2.000000,2,6.125000e-01,
ATM->-PIK3CA ATM->-SF3B1 PIK3CA->-SF3B1,3,3,2.000000,2,1.388889e-02,
BCL6->-NOTCH1 CDH1->-BCL6 CDH1->-NOTCH1,3,3,2.000000,2,2.777778e-02,
TP53->-BCL6,2,1,2.000000,2,3.377525e-01,
CDH1->-DNMT3A CDH1->-KDR DNMT3A->-KDR,3,3,2.000000,2,2.777778e-02,
MAP3K1->-DNMT3A,2,1,2.000000,2,2.500000e-01,
MAP3K1->-SPOP,2,1,2.000000,2,6.875000e-01,
RB1->-NOTCH1 TP53->-NOTCH1 TP53->-RB1,3,3,2.000000,2,2.777778e-02,
MAP3K1->-NOTCH1 MAP3K1->-PIK3CA PIK3CA->-NOTCH1,3,3,2.000000,2,1.319444e-01,
ATM->-NOTCH1,2,1,2.000000,2,7.362013e-01,
ATM->-CDH1 ATM->-PIK3CA CDH1->-PIK3CA,3,3,2.000000,2,1.319444e-01,
MAP3K1->-REL TP53->-MAP3K1 TP53->-REL,3,3,2.000000,2,2.777778e-02,
SMAD4->-MAP3K1,2,1,2.000000,2,2.500000e-01,
SMAD4->-KMT2C,2,1,2.000000,2,4.000000e-01,
KMT2C->-MDM2,2,1,2.000000,2,2.500000e-01,
SOX9->-PDGFRA,2,1,2.000000,2,2.424242e-01,
PALB2->-KDM5C,2,1,2.000000,2,2.424242e-01,
DOT1L->-PDGFRA,2,1,2.000000,2,2.424242e-01,
APC->-RB1 TP53->-APC TP53->-RB1,3,3,2.000000,2,7.266088e-02,
APC->-EPHB1 APC->-KMT2D KMT2D->-EPHB1 TP53->-APC TP53->-EPHB1 TP53->-KMT2D,4,6,2.000000,2,1.634276e-03,
APC->-KEAP1,2,1,2.000000,2,2.500000e-01,
TP53->-TNFAIP3,2,1,2.000000,2,2.500000e-01,
TP53->-KEAP1,2,1,2.000000,2,2.500000e-01,
CIC->-RUNX1,2,1,2.000000,2,2.430556e-01,
PTEN->-PDGFRA,2,1,2.000000,2,2.430556e-01,
ARID1B->-PDGFRA,2,1,2.000000,2,2.430556e-01,
EPCAM->-ARID1B,2,1,2.000000,2,2.430556e-01,
PIK3CA->-IRF4,2,1,2.000000,2,2.500000e-01,
ARID1A->-IRF4,2,1,2.000000,2,2.500000e-01,
JAK1->-ZFHX3,2,1,2.000000,2,2.500000e-01,
TBX3->-ZFHX3,2,1,2.000000,2,7.225000e-01,
JAK1->-TBX3 TP53->-JAK1 TP53->-TBX3,3,3,2.000000,2,2.777778e-02,
AKT1->-CIC,2,1,2.000000,2,2.500000e-01,
SMAD4->-NCOR1,2,1,2.000000,2,4.761905e-01,
POLE->-ATRX TP53->-ATRX TP53->-POLE,3,3,2.000000,2,2.692986e-02,
POLE->-SMARCA4 TP53->-POLE TP53->-SMARCA4,3,3,2.000000,2,2.692986e-02,
NCOR1->-ATRX,2,1,2.000000,2,2.500000e-01,
NCOR1->-POLE TP53->-NCOR1 TP53->-POLE,3,3,2.000000,2,1.289683e-02,
NCOR1->-SMARCA4,2,1,2.000000,2,2.500000e-01,
NOTCH1->-GATA3,2,1,2.000000,2,3.909091e-01,
NOTCH1->-CDH1,2,1,2.000000,2,7.791667e-01,
CDH1->-IL7R,2,1,2.000000,2,1.582621e-01,
AKT1->-NCOR1,2,1,2.000000,2,2.500000e-01,
SH2B3->-EGFR,2,1,2.000000,2,2.500000e-01,
FOXA1->-EGFR,2,1,2.000000,2,5.000000e-01,
NOTCH1->-EPHA5,2,1,2.000000,2,2.815476e-01,
GPS2->-ESR1,2,1,2.000000,2,2.500000e-01,
GPS2->-TP53,2,1,2.000000,2,4.583333e-01,
NFE2L2-/-SPEN,2,1,2.000000,2,1.224490e-01,
SPEN->-IKZF1,2,1,2.000000,2,1.564626e-01,
TP53->-NFE2L2,2,1,2.000000,2,1.785714e-01,
BRCA1->-DNMT1,2,1,2.000000,2,1.547619e-01,
ANKRD11->-PIK3CA,2,1,2.000000,2,9.742651e-01,
YAP1->-PIK3CA,2,1,2.000000,2,5.000000e-01,
NOTCH3->-PIK3CA,2,1,2.000000,2,8.935185e-01,
MSH6->-TERT PIK3CA->-MSH6 PIK3CA->-TERT,3,3,2.000000,2,2.777778e-02,
ANKRD11->-TBX3,2,1,2.000000,2,8.125000e-01,
CDH1->-TERT,2,1,2.000000,2,2.500000e-01,
NOTCH3->-CDH1,2,1,2.000000,2,6.875000e-01,
MED12->-PIK3CA,2,1,2.000000,2,9.941945e-01,
MAP2K4->-NOTCH2,2,1,2.000000,2,2.500000e-01,
MAP2K4->-MED12,2,1,2.000000,2,4.880952e-01,
TP53->-SMAD3,2,1,2.000000,2,2.500000e-01,
MAP2K4->-KMT2C,2,1,2.000000,2,5.000000e-01,
HIST1H1C-/-PTPRS,2,1,2.000000,2,1.111111e-01,
NCOR1->-SOX2 PIK3CA->-NCOR1 PIK3CA->-SOX2,3,3,2.000000,2,9.920635e-03,
JAK1->-EIF4A2,2,1,2.000000,2,1.510989e-01,
NCOR1->-AMER1,2,1,2.000000,2,1.510989e-01,
MAP3K1->-EIF4A2,2,1,2.000000,2,9.065934e-02,
PIK3CA->-BCL2L11,2,1,2.000000,2,1.428571e-01,
PDGFRB->-PIK3CA,2,1,2.000000,2,4.642857e-01,
FOXA1->-CDK8,2,1,2.000000,2,1.666667e-01,
MEN1->-NCOR1,2,1,2.000000,2,2.500000e-01,
MEN1->-MAP2K4,2,1,2.000000,2,5.000000e-01,
JAK3->-GATA3 MAP2K4->-GATA3 MAP2K4->-JAK3,3,3,2.000000,2,1.782407e-02,
PIK3CA->-MYD88,2,1,2.000000,2,5.000000e-01,
CDH1->-NOTCH3,2,1,2.000000,2,6.875000e-01,
TP53->-RAD51,2,1,2.000000,2,2.500000e-01,
TBX3->-EPHA5,2,1,2.000000,2,2.500000e-01,
TBX3->-CBFB,2,1,2.000000,2,6.375000e-01,
RET->-BCOR,2,1,2.000000,2,2.500000e-01,
HIST3H3->-PIK3CA,2,1,2.000000,2,6.250000e-01,
IDH1->-GATA3,2,1,2.000000,2,2.500000e-01,
MAP3K1->-EPCAM,2,1,2.000000,2,4.458333e-01,
CDH1->-CREBBP CDH1->-KIT KIT->-CREBBP,3,3,2.000000,2,2.433406e-02,
CDH1->-CREBBP CDH1->-RAD50 RAD50->-CREBBP,3,3,2.000000,2,2.433406e-02,
MAP3K13->-CREBBP,2,1,2.000000,2,2.315271e-01,
CDH1->-CREBBP CDH1->-MEN1 CDH1->-PIK3CA MEN1->-CREBBP PIK3CA->-CREBBP PIK3CA->-MEN1,4,6,2.000000,2,1.430788e-03,
CDH1->-ARID5B CDH1->-MEN1 CDH1->-PIK3CA MEN1->-ARID5B PIK3CA->-ARID5B PIK3CA->-MEN1,4,6,2.000000,2,1.430788e-03,
CDH1->-KMT2C CDH1->-MEN1 CDH1->-PIK3CA MEN1->-KMT2C PIK3CA->-KMT2C PIK3CA->-MEN1,4,6,2.000000,2,1.430788e-03,
CDH1->-KRAS,2,1,2.000000,2,2.315271e-01,
CDH1->-MEN1 CDH1->-PIK3CA CDH1->-PLK2 MEN1->-PLK2 PIK3CA->-MEN1 PIK3CA->-PLK2,4,6,2.000000,2,1.430788e-03,
CDH1->-MLH1 TP53->-CDH1 TP53->-MLH1,3,3,2.000000,2,1.946725e-02,
MLH1->-PIK3CA,2,1,2.000000,2,4.815271e-01,
CREBBP->-PARP1,2,1,2.000000,2,2.315271e-01,
STAG2->-PARP1,2,1,2.000000,2,2.315271e-01,
MAP3K13->-MEN1,2,1,2.000000,2,2.315271e-01,
TP53->-PPP6C,2,1,2.000000,2,2.094769e-01,
PIK3CA->-PPP6C,2,1,2.000000,2,2.254741e-01,
RAD50->-RICTOR TP53->-RAD50 TP53->-RICTOR,3,3,2.000000,2,6.083516e-03,
PIK3CA->-CREBBP PIK3CA->-RICTOR RICTOR->-CREBBP,3,3,2.000000,2,1.129796e-02,
RICTOR->-CREBBP TP53->-CREBBP TP53->-RICTOR,3,3,2.000000,2,1.129796e-02,
ANKRD11->-PTPRD,2,1,2.000000,2,2.315271e-01,
ANKRD11->-STAG2,2,1,2.000000,2,2.315271e-01,
TP53->-FUBP1,2,1,2.000000,2,4.815271e-01,
MAP3K13->-PIK3CA,2,1,2.000000,2,6.736453e-01,
MAP3K1->-MEN1,2,1,2.000000,2,7.555390e-01,
ASXL2->-KDM5C,2,1,2.000000,2,1.833333e-01,
CDH1->-NOTCH1 CDH1->-PTEN PTEN->-NOTCH1,3,3,2.000000,2,1.111111e-02,
CDH1->-KDM5C CDH1->-PTEN PTEN->-KDM5C,3,3,2.000000,2,1.111111e-02,
ASXL1->-CREBBP,2,1,2.000000,2,5.000000e-01,
ASXL1->-ABL1,2,1,2.000000,2,2.500000e-01,
LATS2->-ASXL1,2,1,2.000000,2,2.500000e-01,
ASXL1->-PIK3CA PIK3R3->-ASXL1 PIK3R3->-PIK3CA,3,3,2.000000,2,2.777778e-02,
ARID1A->-ERCC4 ARID1A->-IKZF1 IKZF1->-ERCC4,3,3,2.000000,2,2.777778e-02,
ARID1A->-PIK3R3,2,1,2.000000,2,2.500000e-01,
JAK1->-ARID2,2,1,2.000000,2,2.500000e-01,
ARID1A->-ARID2 ARID1A->-FLT3 ARID2->-FLT3,3,3,2.000000,2,2.777778e-02,
CDH1->-MED12 CDH1->-SDHC MED12->-SDHC,3,3,2.000000,2,2.185185e-02,
APC->-PIK3C2G APC->-SDHC CDH1->-APC CDH1->-PIK3C2G CDH1->-SDHC PIK3C2G->-SDHC,4,6,2.000000,2,1.251385e-03,
APC->-RAD50 APC->-SDHC CDH1->-APC CDH1->-RAD50 CDH1->-SDHC RAD50->-SDHC,4,6,2.000000,2,1.251385e-03,
APC->-BLM APC->-ERCC4 BLM->-ERCC4 CDH1->-APC CDH1->-BLM CDH1->-ERCC4,4,6,2.000000,2,1.736111e-03,
JAK1->-APC,2,1,2.000000,2,2.500000e-01,
APC->-SETD2,2,1,2.000000,2,2.473545e-01,
JAK2->-BLM JAK2->-MAP3K13 MAP3K13->-BLM,3,3,2.000000,2,1.289683e-02,
JAK2->-PIK3CA LATS2->-JAK2 LATS2->-PIK3CA,3,3,2.000000,2,2.777778e-02,
CDH1->-JAK2 CDH1->-PIK3CA JAK2->-PIK3CA,3,3,2.000000,2,8.854167e-02,
BLM->-STK11,2,1,2.000000,2,2.389706e-01,
PIK3R3->-BLM,2,1,2.000000,2,2.500000e-01,
CDH1->-PIK3CA CDH1->-SMARCB1 SMARCB1->-PIK3CA,3,3,2.000000,2,2.777778e-02,
SMARCB1->-FLT3,2,1,2.000000,2,2.500000e-01,
JAK1->-SETD2,2,1,2.000000,2,2.500000e-01,
JAK1->-CREBBP,2,1,2.000000,2,2.500000e-01,
CDKN1A->-CREBBP,2,1,2.000000,2,1.805556e-01,
CDKN1A->-PIK3CA,2,1,2.000000,2,7.762713e-01,
PIK3C2G->-ERCC4,2,1,2.000000,2,2.500000e-01,
RAD50->-PIK3CA,2,1,2.000000,2,9.567885e-01,
CDH1->-SETD2 CDH1->-STK11 SETD2->-STK11,3,3,2.000000,2,7.407407e-02,
CDH1->-CREBBP CDH1->-IKZF1 IKZF1->-CREBBP,3,3,2.000000,2,2.777778e-02,
PIK3CA->-SUZ12,2,1,2.000000,2,6.195534e-01,
FLT3->-PIK3CA,2,1,2.000000,2,7.875000e-01,
PIK3CA->-CD274,2,1,2.000000,2,5.857143e-01,
ERCC3->-PIK3CA,2,1,2.000000,2,5.000000e-01,
CDH1->-TOP1,2,1,2.000000,2,1.636364e-01,
CD274->-ABL1,2,1,2.000000,2,2.250000e-01,
CDH1->-ERCC3,2,1,2.000000,2,5.000000e-01,
PTEN->-BARD1 TP53->-BARD1 TP53->-PTEN,3,3,2.000000,2,1.388889e-02,
KMT2D->-ERBB3 TP53->-ERBB3 TP53->-KMT2D,3,3,2.000000,2,2.777778e-02,
PTEN->-ERBB3,2,1,2.000000,2,2.500000e-01,
ERBB3->-KMT2C TP53->-ERBB3 TP53->-KMT2C,3,3,2.000000,2,2.721325e-02,
ZFHX3->-KMT2D,2,1,2.000000,2,2.500000e-01,
ZFHX3->-TBX3,2,1,2.000000,2,7.225000e-01,
TP53->-CTNNB1,2,1,2.000000,2,1.750000e-01,
CDH1->-PPP2R1A,2,1,2.000000,2,1.309091e-01,
TP53->-SUFU,2,1,2.000000,2,1.022727e-01,
KLF4->-NCOR1,2,1,2.000000,2,1.875000e-01,
KLF4->-MED12,2,1,2.000000,2,1.875000e-01,
NCOR1-/-PIK3CA,2,1,2.000000,2,3.249502e-01,
NOTCH3->-FAT1,2,1,2.000000,2,2.166667e-01,
ESR1->-IRF4,2,1,2.000000,2,2.261905e-01,
RUNX1->-RPTOR,2,1,2.000000,2,2.500000e-01,
CDH1->-MCL1,2,1,2.000000,2,2.083333e-01,
NCOR1->-KMT2C,2,1,2.000000,2,9.524148e-01,
RUNX1->-KMT2C,2,1,2.000000,2,6.875000e-01,
RUNX1->-CDKN2A,2,1,2.000000,2,2.500000e-01,
KMT2C->-KMT2A KMT2C->-TSC2 TSC2->-KMT2A,3,3,2.000000,2,2.777778e-02,
KMT2C->-TP63,2,1,2.000000,2,5.000000e-01,
MED12->-KMT2D TP53->-KMT2D TP53->-MED12,3,3,2.000000,2,2.777778e-02,
TP53->-MDM2,2,1,2.000000,2,2.500000e-01,
KMT2C->-MED12 KMT2C->-TSC2 TSC2->-MED12,3,3,2.000000,2,2.185185e-02,
CIC->-SF3B1 PIK3CA->-CIC PIK3CA->-SF3B1,3,3,2.000000,2,2.777778e-02,
RUNX1->-AURKA TP53->-AURKA TP53->-RUNX1,3,3,2.000000,2,2.777778e-02,
STAT3->-NF1,2,1,2.000000,2,2.371795e-01,
PIK3CA->-CARD11 PIK3CA->-RUNX1 RUNX1->-CARD11,3,3,2.000000,2,2.777778e-02,
RUNX1->-CARD11 TP53->-CARD11 TP53->-RUNX1,3,3,2.000000,2,2.777778e-02,
RUNX1->-MSH6 TP53->-MSH6 TP53->-RUNX1,3,3,2.000000,2,2.777778e-02,
PIK3CA->-MSH6 PIK3CA->-RUNX1 RUNX1->-MSH6,3,3,2.000000,2,2.777778e-02,
RUNX1->-MGA TP53->-MGA TP53->-RUNX1,3,3,2.000000,2,2.777778e-02,
PIK3CA->-MGA PIK3CA->-RUNX1 RUNX1->-MGA,3,3,2.000000,2,7.407407e-02,
NCOR1->-PTCH1 PIK3CA->-NCOR1 PIK3CA->-PTCH1,3,3,2.000000,2,2.777778e-02,
NCOR1->-NF1,2,1,2.000000,2,7.818878e-01,
FAT1->-FLT4 PIK3CA->-FAT1 PIK3CA->-FLT4,3,3,2.000000,2,2.777778e-02,
FAT1->-NF1 PIK3CA->-FAT1 PIK3CA->-NF1,3,3,2.000000,2,7.407407e-02,
MGA->-FLT4,2,1,2.000000,2,4.553571e-01,
TP53->-TCF3,2,1,2.000000,2,1.772727e-01,
SETD2->-PTCH1 TP53->-PTCH1 TP53->-SETD2,3,3,2.000000,2,2.692986e-02,
PIK3CA->-PTCH1 PIK3CA->-SETD2 SETD2->-PTCH1,3,3,2.000000,2,4.796613e-02,
PIK3CA->-MGA PIK3CA->-SETD2 SETD2->-MGA,3,3,2.000000,2,9.911873e-02,
SETD2->-MGA TP53->-MGA TP53->-SETD2,3,3,2.000000,2,2.692986e-02,
PIK3CG->-SETD2,2,1,2.000000,2,3.931136e-01,
PIK3CG->-TET2,2,1,2.000000,2,2.261905e-01,
FAT1->-MSH6 PIK3CA->-FAT1 PIK3CA->-MSH6,3,3,2.000000,2,2.777778e-02,
MSH6->-KMT2A,2,1,2.000000,2,2.500000e-01,
RB1->-PIK3CG,2,1,2.000000,2,2.500000e-01,
KMT2A->-MED12,2,1,2.000000,2,6.251923e-01,
TP53->-IKBKE,2,1,2.000000,2,2.500000e-01,
BARD1->-AKT1 TP53->-AKT1 TP53->-BARD1,3,3,2.000000,2,1.388889e-02,
NCOR1->-BRIP1,2,1,2.000000,2,2.023810e-01,
ATR->-RUNX1 PIK3CA->-ATR PIK3CA->-RUNX1,3,3,2.000000,2,7.407407e-02,
BARD1->-PIK3CA,2,1,2.000000,2,8.081420e-01,
STK11->-MAP2K2,2,1,2.000000,2,1.991422e-01,
MAP3K1->-RAD21,2,1,2.000000,2,1.904762e-01,
TP53->-ALOX12B,2,1,2.000000,2,3.482143e-01,
APC->-XPO1,2,1,2.000000,2,2.500000e-01,
MAP2K4->-XPO1,2,1,2.000000,2,2.500000e-01,
MEN1->-NOTCH3,2,1,2.000000,2,2.500000e-01,
TRAF7->-GATA3,2,1,2.000000,2,2.500000e-01,
GATA3->-NOTCH3,2,1,2.000000,2,2.500000e-01,
ZFHX3->-NF1,2,1,2.000000,2,4.871795e-01,
ZFHX3->-ATM,2,1,2.000000,2,4.357143e-01,
APC->-NF1 CDH1->-APC CDH1->-NF1,3,3,2.000000,2,5.628680e-02,
PIK3CA->-PNRC1,2,1,2.000000,2,2.083333e-01,
CDH1->-SPOP,2,1,2.000000,2,4.583333e-01,
RB1->-ESR1,2,1,2.000000,2,2.500000e-01,
TET1->-ESR1,2,1,2.000000,2,6.875000e-01,
CDH1->-NFE2L2,2,1,2.000000,2,1.582621e-01,
CDH1->-PALB2,2,1,2.000000,2,4.333333e-01,
ARID1A->-NOTCH3,2,1,2.000000,2,2.500000e-01,
EIF4A2->-PIK3CA,2,1,2.000000,2,7.630495e-01,
KMT2A-/-SPEN PIK3CA->-KMT2A PIK3CA->-SPEN,3,3,2.000000,2,1.088435e-02,
KMT2A->-NFE2L2,2,1,2.000000,2,1.428571e-01,
ROS1->-SPEN,2,1,2.000000,2,1.428571e-01,
ROS1->-NFE2L2,2,1,2.000000,2,1.000000e-01,
ROS1->-NF2,2,1,2.000000,2,1.428571e-01,
TP53->-MRE11A,2,1,2.000000,2,2.500000e-01,
PIK3CA->-MDM2,2,1,2.000000,2,2.500000e-01,
ESR1->-NFE2L2,2,1,2.000000,2,2.500000e-01,
ARID1A->-RUNX1 PTEN->-ARID1A PTEN->-RUNX1,3,3,2.000000,2,2.777778e-02,
ESR1->-ERCC4 PIK3CA->-ERCC4 PIK3CA->-ESR1,3,3,2.000000,2,2.777778e-02,
KDM5C->-ESR1,2,1,2.000000,2,6.125000e-01,
ESR1->-FUBP1,2,1,2.000000,2,2.500000e-01,
SMAD4->-PIK3CA,2,1,2.000000,2,9.279953e-01,
SMAD4->-KDM5C,2,1,2.000000,2,5.000000e-01,
GRIN2A->-PIK3CA,2,1,2.000000,2,9.027778e-01,
PTEN->-BRCA2,2,1,2.000000,2,3.606061e-01,
RHOA->-GRIN2A,2,1,2.000000,2,2.500000e-01,
BCL6->-RHOA,2,1,2.000000,2,1.363636e-01,
CDH1-/-PTPRD,2,1,2.000000,2,1.237379e-01,
SOX9->-TBX3,2,1,2.000000,2,4.333333e-01,
PIK3CA->-HGF,2,1,2.000000,2,3.818713e-01,
ATM->-HGF,2,1,2.000000,2,2.500000e-01,
SMAD4->-FAT1,2,1,2.000000,2,2.500000e-01,
NF1->-MAP2K4,2,1,2.000000,2,6.212018e-01,
ATR->-PIK3CA,2,1,2.000000,2,9.996513e-01,
GATA3->-ATR,2,1,2.000000,2,4.166667e-01,
PPP2R1A->-PIK3CA,2,1,2.000000,2,8.247778e-01,
KMT2C->-PPP2R1A,2,1,2.000000,2,1.833333e-01,
SPEN->-DNMT3A,2,1,2.000000,2,4.690476e-01,
DDR2-/-GLI1 TP53->-DDR2 TP53->-GLI1,3,3,2.000000,2,6.235828e-03,
FOXP1->-ESR1,2,1,2.000000,2,4.833333e-01,
ESR1->-HIST1H3B,2,1,2.000000,2,2.333333e-01,
TP53->-FGF3,2,1,2.000000,2,1.166667e-01,
STAG2->-AXL,2,1,2.000000,2,2.500000e-01,
CDK8->-KRAS,2,1,2.000000,2,2.500000e-01,
PIK3CA->-RARA,2,1,2.000000,2,1.696429e-01,
PIK3CA->-RPS6KA4,2,1,2.000000,2,4.196429e-01,
NSD1->-RAD50,2,1,2.000000,2,2.158120e-01,
PTEN->-PIK3C2G,2,1,2.000000,2,2.158120e-01,
STAG2->-PTEN STAG2->-TP53 TP53->-PTEN,3,3,2.000000,2,7.407407e-02,
NF1->-MTOR,2,1,2.000000,2,4.404762e-01,
SPEN->-NCOR1,2,1,2.000000,2,4.642857e-01,
NOTCH1->-NCOR1,2,1,2.000000,2,2.142857e-01,
NSD1->-DOT1L,2,1,2.000000,2,4.658120e-01,
FOXA1->-DOT1L,2,1,2.000000,2,6.428571e-01,
GATA3->-DOT1L,2,1,2.000000,2,2.500000e-01,
CDH1->-BTK,2,1,2.000000,2,2.500000e-01,
AKT1->-XPO1 CDH1->-AKT1 CDH1->-XPO1,3,3,2.000000,2,2.777778e-02,
FGFR4->-AKT1,2,1,2.000000,2,1.319444e-01,
BRCA2->-FAT1,2,1,2.000000,2,4.272727e-01,
BRCA2->-MTOR BRCA2->-XPO1 MTOR->-XPO1,3,3,2.000000,2,2.777778e-02,
BRCA2->-SPEN,2,1,2.000000,2,4.000000e-01,
FAT1->-AR,2,1,2.000000,2,2.500000e-01,
PIK3R1->-AR,2,1,2.000000,2,2.500000e-01,
KMT2C->-AR,2,1,2.000000,2,7.161172e-01,
CDH1->-FAT1 MTOR->-CDH1 MTOR->-FAT1,3,3,2.000000,2,2.777778e-02,
SPEN->-XPO1,2,1,2.000000,2,2.500000e-01,
KMT2C->-NOTCH3 KMT2C->-XPO1 NOTCH3->-XPO1,3,3,2.000000,2,2.777778e-02,
KMT2C->-MTOR,2,1,2.000000,2,3.819444e-01,
KMT2C->-PIK3R1,2,1,2.000000,2,7.553419e-01,
CDH1->-PIK3R1,2,1,2.000000,2,4.658120e-01,
NOTCH3->-PIK3R1,2,1,2.000000,2,2.500000e-01,
TP53->-RPS6KB2,2,1,2.000000,2,2.500000e-01,
NOTCH4->-KMT2D TP53->-KMT2D TP53->-NOTCH4,3,3,2.000000,2,5.013760e-02,
ARID2->-KMT2D ERCC5->-ARID2 ERCC5->-KMT2D PIK3CA->-ARID2 PIK3CA->-ERCC5 PIK3CA->-KMT2D,4,6,2.000000,2,1.736111e-03,
ARID2->-KMT2D ERCC5->-ARID2 ERCC5->-KMT2D TP53->-ARID2 TP53->-ERCC5 TP53->-KMT2D,4,6,2.000000,2,1.736111e-03,
ATR->-ARID2 PIK3CA->-ARID2 PIK3CA->-ATR PIK3CA->-PTPRS PTPRS->-ARID2 PTPRS->-ATR,4,6,2.000000,2,1.736111e-03,
FLT4->-APC TP53->-APC TP53->-FLT4,3,3,2.000000,2,1.825397e-02,
APC->-RUNX1,2,1,2.000000,2,2.500000e-01,
NUP93->-PARP1 PIK3CA->-NUP93 PIK3CA->-PARP1,3,3,2.000000,2,2.777778e-02,
PIK3CA->-PARP1 PIK3CA->-RUNX1 RUNX1->-PARP1,3,3,2.000000,2,2.777778e-02,
TP53->-NUP93,2,1,2.000000,2,5.000000e-01,
RUNX1->-INSR,2,1,2.000000,2,2.500000e-01,
SPEN->-KMT2D TP53->-KMT2D TP53->-SPEN,3,3,2.000000,2,2.777778e-02,
PIK3CA->-KMT2D PIK3CA->-SPEN SPEN->-KMT2D,3,3,2.000000,2,2.777778e-02,
PTPRS->-PARP1,2,1,2.000000,2,2.158120e-01,
ATR->-KMT2D PIK3CA->-ATR PIK3CA->-KMT2D,3,3,2.000000,2,7.266088e-02,
FGFR4->-MSH6 TP53->-FGFR4 TP53->-MSH6,3,3,2.000000,2,1.010101e-02,
TP53->-HLA-A,2,1,2.000000,2,2.500000e-01,
KMT2D->-NCOR1 SMAD2->-KMT2D SMAD2->-NCOR1,3,3,2.000000,2,2.777778e-02,
ERCC4->-NCOR1,2,1,2.000000,2,4.010989e-01,
KMT2D->-FGFR2 TP53->-FGFR2 TP53->-KMT2D,3,3,2.000000,2,2.692986e-02,
PTPRT->-FGFR2 TP53->-FGFR2 TP53->-PTPRT,3,3,2.000000,2,2.692986e-02,
RAD51->-KMT2D,2,1,2.000000,2,1.750000e-01,
CREBBP->-KMT2C CREBBP->-NCOR1 KMT2C->-NCOR1,3,3,2.000000,2,2.777778e-02,
CDH1->-IKBKE,2,1,2.000000,2,4.166667e-01,
NTRK2->-KMT2D,2,1,2.000000,2,2.000000e-01,
TP53->-FLCN,2,1,2.000000,2,4.166667e-01,
CDH1->-PIK3CA FLCN->-CDH1 FLCN->-PIK3CA,3,3,2.000000,2,2.777778e-02,
PIK3C2G->-KMT2C,2,1,2.000000,2,4.658120e-01,
BRCA1->-CREBBP BRCA1->-KMT2C CREBBP->-KMT2C,3,3,2.000000,2,2.777778e-02,
AKT1->-TBX3,2,1,2.000000,2,2.500000e-01,
ARID2->-EPHA5 TP53->-ARID2 TP53->-EPHA5,3,3,2.000000,2,1.301779e-01,
ZFHX3->-ARID2,2,1,2.000000,2,2.500000e-01,
PIK3CA->-TP53 PIK3CA->-ZFHX3 ZFHX3->-TP53,3,3,2.000000,2,7.870370e-02,
CBFB->-MAP2K4,2,1,2.000000,2,2.250000e-01,
CTCF->-ERBB3 MAP3K1->-CTCF MAP3K1->-ERBB3,3,3,2.000000,2,1.810516e-02,
ATM->-JUN,2,1,2.000000,2,2.500000e-01,
FBXW7->-PIK3CA,2,1,2.000000,2,8.127639e-01,
ABL1-/-FANCC,2,1,2.000000,2,8.080808e-02,
RHOA->-TBX3,2,1,2.000000,2,2.500000e-01,
MED12->-TP53,2,1,2.000000,2,9.957442e-01,
FAT1->-RB1,2,1,2.000000,2,6.864035e-01,
FGFR4->-ROS1,2,1,2.000000,2,2.500000e-01,
PIK3CA->-GATA3 ROS1->-GATA3 ROS1->-PIK3CA,3,3,2.000000,2,2.777778e-02,
PIK3CA->-GATA3 STK11->-GATA3 STK11->-PIK3CA,3,3,2.000000,2,2.446895e-02,
TP53->-ASXL2,2,1,2.000000,2,4.750000e-01,
TP53->-PPP2R1A,2,1,2.000000,2,1.636364e-01,
AKT2->-PTPRT,2,1,2.000000,2,2.500000e-01,
TP53->-EPHA3,2,1,2.000000,2,5.000000e-01,
RICTOR->-ESR1,2,1,2.000000,2,8.005952e-01,
SUZ12->-PIK3CA,2,1,2.000000,2,6.195534e-01,
SMAD4->-ERCC4,2,1,2.000000,2,2.500000e-01,
BLM->-FAT1 BLM->-KDR FAT1->-KDR,3,3,2.000000,2,2.446895e-02,
DNMT3A->-FAT1,2,1,2.000000,2,4.690476e-01,
APC->-DNMT1,2,1,2.000000,2,5.000000e-01,
APC->-SPEN,2,1,2.000000,2,7.579545e-01,
DNMT1->-SPEN,2,1,2.000000,2,2.500000e-01,
FOXP1->-PTEN,2,1,2.000000,2,2.053571e-01,
SMAD2->-RFWD2,2,1,2.000000,2,2.500000e-01,
CDH1->-AXIN2,2,1,2.000000,2,2.500000e-01,
AKT1->-RAD50,2,1,2.000000,2,2.500000e-01,
TET2->-SETD2 TP53->-SETD2 TP53->-TET2,3,3,2.000000,2,1.092215e-01,
MAP2K4->-SETD2,2,1,2.000000,2,2.380952e-01,
AKT1->-SETD2,2,1,2.000000,2,2.380952e-01,
AKT1->-DNMT1,2,1,2.000000,2,5.000000e-01,
MAP2K4->-ARID2,2,1,2.000000,2,2.500000e-01,
KMT2C->-NSD1,2,1,2.000000,2,7.954060e-01,
CDH1->-RET,2,1,2.000000,2,2.500000e-01,
SMAD2->-BCOR,2,1,2.000000,2,1.833333e-01,
ARID1A->-MYC,2,1,2.000000,2,5.277778e-01,
ROS1->-MYC,2,1,2.000000,2,1.666667e-01,
LATS1->-ARID1A,2,1,2.000000,2,1.772727e-01,
ARID1A->-SMAD4,2,1,2.000000,2,5.000000e-01,
ARID1A->-KDM5C PIK3CA->-ARID1A PIK3CA->-KDM5C,3,3,2.000000,2,7.407407e-02,
BCOR->-TSC2,2,1,2.000000,2,2.500000e-01,
LATS1->-RFWD2,2,1,2.000000,2,2.500000e-01,
LATS1->-ATR,2,1,2.000000,2,2.500000e-01,
NCOR1->-CDC73,2,1,2.000000,2,1.666667e-01,
IKZF1->-CDC73 PIK3CA->-CDC73 PIK3CA->-IKZF1,3,3,2.000000,2,9.920635e-03,
KMT2D->-FGF4 PIK3CA->-FGF4 PIK3CA->-KMT2D,3,3,2.000000,2,1.341589e-02,
KMT2C->-EP300 KMT2D->-EP300 KMT2D->-KMT2C,3,3,2.000000,2,2.446895e-02,
TSC2->-KMT2C,2,1,2.000000,2,8.553492e-01,
SMAD4->-RFWD2,2,1,2.000000,2,2.500000e-01,
NCOR1->-IKZF1 NCOR1->-PIK3CA PIK3CA->-IKZF1,3,3,2.000000,2,4.431217e-02,
GATA3->-BRCA1,2,1,2.000000,2,7.208333e-01,
GATA3->-BCOR,2,1,2.000000,2,2.500000e-01,
IRS2->-FLT4 TP53->-FLT4 TP53->-IRS2,3,3,2.000000,2,3.451178e-03,
CREBBP-/-PIK3CA,2,1,2.000000,2,4.683529e-01,
ASXL2->-TBX3,2,1,2.000000,2,2.500000e-01,
ASXL2->-ARID1A,2,1,2.000000,2,5.000000e-01,
CDH1->-ASXL2,2,1,2.000000,2,4.333333e-01,
ARID1B->-KMT2A ARID1B->-PIK3CA PIK3CA->-KMT2A,3,3,2.000000,2,2.777778e-02,
KDR->-KMT2A,2,1,2.000000,2,2.500000e-01,
FOXA1->-KMT2A FOXA1->-PIK3CA PIK3CA->-KMT2A,3,3,2.000000,2,4.907407e-02,
ARID1B->-KDR,2,1,2.000000,2,2.389706e-01,
FOXA1->-ARID1B,2,1,2.000000,2,2.500000e-01,
KDM6A->-KDR KDM6A->-PIK3CA PIK3CA->-KDR,3,3,2.000000,2,2.580338e-02,
GPS2->-JAK2,2,1,2.000000,2,2.500000e-01,
EPHA5->-TP53,2,1,2.000000,2,9.956223e-01,
CDH1->-HIST1H1C,2,1,2.000000,2,2.000000e-01,
PIK3CA->-MYCN,2,1,2.000000,2,2.500000e-01,
PIK3CA->-SHQ1,2,1,2.000000,2,2.190476e-01,
GATA3->-HIST1H1C,2,1,2.000000,2,2.500000e-01,
GATA3->-ASXL1,2,1,2.000000,2,5.337302e-01,
GATA3->-NOTCH4 GATA3->-PIK3CA PIK3CA->-NOTCH4,3,3,2.000000,2,1.805556e-02,
GATA3->-DICER1,2,1,2.000000,2,2.500000e-01,
CDH1->-PIK3CA RAD52->-CDH1 RAD52->-PIK3CA,3,3,2.000000,2,2.446895e-02,
BLM->-GATA3,2,1,2.000000,2,4.223039e-01,
MAP2K2->-KMT2C,2,1,2.000000,2,2.389706e-01,
ARID1B->-GATA3,2,1,2.000000,2,4.889706e-01,
STK11->-PTCH1,2,1,2.000000,2,2.389706e-01,
CDH1->-PIK3CA STK11->-CDH1 STK11->-PIK3CA,3,3,2.000000,2,6.855937e-02,
MGA->-KMT2A,2,1,2.000000,2,5.756044e-01,
TP53->-MALT1,2,1,2.000000,2,2.500000e-01,
MAP3K1->-ALK,2,1,2.000000,2,6.125000e-01,
MAP3K1->-KLF4,2,1,2.000000,2,2.500000e-01,
TP53->-PLCG2,2,1,2.000000,2,1.140351e-01,
TP53->-CD79B,2,1,2.000000,2,1.666667e-01,
TP53->-SMAD4,2,1,2.000000,2,7.875000e-01,
TBX3->-NCOA3,2,1,2.000000,2,1.750000e-01,
PTCH1->-PAK7 TBX3->-PAK7 TBX3->-PTCH1,3,3,2.000000,2,2.777778e-02,
PTCH1->-PAK7 SOX9->-PAK7 SOX9->-PTCH1,3,3,2.000000,2,2.777778e-02,
AKT1->-CTCF AKT1->-PTCH1 CTCF->-PTCH1,3,3,2.000000,2,5.555556e-03,
TBX3->-IKZF1,2,1,2.000000,2,1.666667e-01,
PIK3CA->-MEF2B,2,1,2.000000,2,2.500000e-01,
KDM5C->-FAT1,2,1,2.000000,2,1.166667e-01,
KDM5C->-MAP3K1,2,1,2.000000,2,2.500000e-01,
CBFB->-MEN1,2,1,2.000000,2,2.500000e-01,
GLI1->-GATA3,2,1,2.000000,2,2.500000e-01,
NOTCH3->-BLM TP53->-BLM TP53->-NOTCH3,3,3,2.000000,2,1.289683e-02,
TP53->-FANCC,2,1,2.000000,2,3.578283e-01,
GATA3->-AKT1,2,1,2.000000,2,9.888362e-01,
SPEN->-PTPRD,2,1,2.000000,2,2.500000e-01,
KMT2A->-NOTCH1,2,1,2.000000,2,2.500000e-01,
IDH1->-SETD2 TP53->-IDH1 TP53->-SETD2,3,3,2.000000,2,2.692986e-02,
IDH1->-PIK3CA,2,1,2.000000,2,6.353395e-01,
CHEK2->-CREBBP,2,1,2.000000,2,2.333333e-01,
RAD52->-CREBBP,2,1,2.000000,2,1.805556e-01,
MDC1->-CREBBP,2,1,2.000000,2,5.000000e-01,
JAK1->-MDC1,2,1,2.000000,2,2.500000e-01,
MDC1->-TP53,2,1,2.000000,2,9.696770e-01,
KMT2C->-ARID2,2,1,2.000000,2,6.875000e-01,
BRCA2->-ARID2,2,1,2.000000,2,2.500000e-01,
BRCA2->-GATA3,2,1,2.000000,2,6.053571e-01,
KMT2C->-TNFAIP3,2,1,2.000000,2,1.319444e-01,
CARD11->-ESR1 CARD11->-FAT1 ESR1->-FAT1,3,3,2.000000,2,4.100529e-02,
MDC1->-FAT1,2,1,2.000000,2,2.190476e-01,
FAT1->-TET1,2,1,2.000000,2,8.761683e-01,
GATA3->-TET1,2,1,2.000000,2,2.166667e-01,
FOXA1->-PTEN,2,1,2.000000,2,6.785290e-01,
FBXW7->-KMT2D TP53->-FBXW7 TP53->-KMT2D,3,3,2.000000,2,4.918981e-03,
PTPRS->-PIK3CA STK11->-PIK3CA STK11->-PTPRS,3,3,2.000000,2,1.967593e-02,
PTPRS->-MGA STK11->-MGA STK11->-PTPRS,3,3,2.000000,2,1.967593e-02,
CDH1->-RUNX1 CDH1->-TBX3 RUNX1->-TBX3,3,3,2.000000,2,1.319444e-01,
PIK3CG->-CDC73,2,1,2.000000,2,2.261905e-01,
ARAF->-PIK3CA,2,1,2.000000,2,7.157678e-01,
NF1->-ARID2 PIK3CA->-ARID2 PIK3CA->-NF1,3,3,2.000000,2,2.777778e-02,
NF1->-FLT3,2,1,2.000000,2,2.000000e-01,
KMT2D->-FLT3,2,1,2.000000,2,2.500000e-01,
PIK3CA->-LATS2,2,1,2.000000,2,8.645833e-01,
EP300->-TP53,2,1,2.000000,2,9.909841e-01,
NFE2L2->-GATA3,2,1,2.000000,2,2.500000e-01,
ARID1B->-NFE2L2,2,1,2.000000,2,4.658120e-01,
MAP2K4->-FAT1,2,1,2.000000,2,4.342105e-01,
PDGFRA->-ARID2,2,1,2.000000,2,2.500000e-01,
NF1->-EPHB1,2,1,2.000000,2,2.261905e-01,
PIK3R1->-NF1,2,1,2.000000,2,8.999851e-01,
PIK3R1->-EPHB1,2,1,2.000000,2,2.500000e-01,
NOTCH2->-FAT1,2,1,2.000000,2,1.904762e-01,
ARID1B->-ARID2 ARID1B->-IRS1 IRS1->-ARID2,3,3,2.000000,2,2.777778e-02,
AR->-ARID2 AR->-IRS1 IRS1->-ARID2,3,3,2.000000,2,2.777778e-02,
TET1->-SPEN TP53->-SPEN TP53->-TET1,3,3,2.000000,2,2.777778e-02,
SPEN->-ALK,2,1,2.000000,2,2.500000e-01,
ARID1B->-ROS1 TP53->-ARID1B TP53->-ROS1,3,3,2.000000,2,2.232143e-02,
FAT1->-IRS1,2,1,2.000000,2,2.500000e-01,
MAP3K1->-PIK3R1,2,1,2.000000,2,6.618590e-01,
EPHA5->-ALK TP53->-ALK TP53->-EPHA5,3,3,2.000000,2,2.777778e-02,
MAP3K1->-ATRX TP53->-ATRX TP53->-MAP3K1,3,3,2.000000,2,1.810516e-02,
FAT1->-ARID1B TP53->-ARID1B TP53->-FAT1,3,3,2.000000,2,6.855937e-02,
MAP3K1->-ARID1B,2,1,2.000000,2,6.478556e-01,
GATA3->-IRS2,2,1,2.000000,2,4.611111e-01,
TP53->-STAT3,2,1,2.000000,2,3.871795e-01,
BCOR->-PIK3CA,2,1,2.000000,2,9.853165e-01,
JAK3->-PIK3CA,2,1,2.000000,2,8.978532e-01,
CDH1->-ERBB3 CDH1->-TBX3 TBX3->-ERBB3,3,3,2.000000,2,2.777778e-02,
TP53->-HIST1H3J,2,1,2.000000,2,1.100000e-01,
ESR1->-MTOR,2,1,2.000000,2,4.755511e-01,
NF1->-NBN,2,1,2.000000,2,2.500000e-01,
TP53->-HIST1H3C,2,1,2.000000,2,2.500000e-01,
LATS2->-TP53,2,1,2.000000,2,6.087798e-01,
KMT2C-/-RB1 TP53->-KMT2C TP53->-RB1,3,3,2.000000,2,7.223425e-03,
CARD11->-PIK3CG,2,1,2.000000,2,3.888889e-01,
MAP2K4->-NF1 MAP2K4->-TET2 NF1->-TET2,3,3,2.000000,2,1.936159e-02,
NF1->-STAG2,2,1,2.000000,2,1.904762e-01,
CARD11-/-ERBB3,2,1,2.000000,2,2.333446e-01,
KMT2A->-CD79A,2,1,2.000000,2,2.500000e-01,
FGFR4->-CD79A,2,1,2.000000,2,2.500000e-01,
MGA->-ATRX,2,1,2.000000,2,2.473545e-01,
ROS1->-ATRX,2,1,2.000000,2,4.973545e-01,
MGA->-BCOR,2,1,2.000000,2,2.473545e-01,
FGFR4->-GRIN2A,2,1,2.000000,2,2.500000e-01,
JAK1->-ROS1,2,1,2.000000,2,2.500000e-01,
PIK3R1->-EPHA7,2,1,2.000000,2,2.371795e-01,
NOTCH3->-PALB2,2,1,2.000000,2,2.500000e-01,
NOTCH4->-EIF4A2,2,1,2.000000,2,2.500000e-01,
TMPRSS2->-TP53,2,1,2.000000,2,2.166667e-01,
FLT4-/-PBRM1 TP53->-FLT4 TP53->-PBRM1,3,3,2.000000,2,1.563252e-03,
TP53->-UPF1,2,1,2.000000,2,3.210813e-01,
ATRX->-KMT2C,2,1,2.000000,2,1.958333e-01,
ERBB4-/-FLT4 TP53->-ERBB4 TP53->-FLT4,3,3,2.000000,2,1.805556e-03,
IL7R->-KMT2C,2,1,2.000000,2,1.690527e-01,
KMT2D->-FLT1,2,1,2.000000,2,1.710526e-01,
PIK3CA->-BTK,2,1,2.000000,2,4.583333e-01,
ATM-/-HIST1H3J,2,1,2.000000,2,1.163636e-01,
MGA->-RB1,2,1,2.000000,2,4.973545e-01,
TBX3->-GRIN2A,2,1,2.000000,2,2.500000e-01,
AKT1->-ERBB4,2,1,2.000000,2,1.750000e-01,
KDM6A->-TP53,2,1,2.000000,2,9.645109e-01,
MAP3K1->-DDR2,2,1,2.000000,2,1.401099e-01,
RB1->-CDH1,2,1,2.000000,2,9.223358e-01,
RB1->-SPEN,2,1,2.000000,2,3.250000e-01,
FGFR4->-ERBB3,2,1,2.000000,2,1.636364e-01,
FGFR4->-PTPRD,2,1,2.000000,2,1.636364e-01,
PIK3CA->-FAM175A,2,1,2.000000,2,3.693519e-01,
CREBBP->-NUP93,2,1,2.000000,2,5.000000e-01,
TBX3->-ARID1A,2,1,2.000000,2,7.206935e-01,
CDH1->-CIC,2,1,2.000000,2,2.261905e-01,
KRAS->-ALK,2,1,2.000000,2,2.500000e-01,
ALK->-ARID1A TP53->-ALK TP53->-ARID1A,3,3,2.000000,2,2.777778e-02,
STK11->-ARID1A,2,1,2.000000,2,5.000000e-01,
NCOR1->-BCOR,2,1,2.000000,2,5.000000e-01,
BCOR->-RUNX1,2,1,2.000000,2,2.500000e-01,
SF3B1->-ARID1A,2,1,2.000000,2,2.500000e-01,
PIK3CA->-RUNX1 PIK3CA->-SF3B1 SF3B1->-RUNX1,3,3,2.000000,2,2.777778e-02,
FANCA->-PARP1,2,1,2.000000,2,1.870370e-01,
FANCA->-PIK3R1,2,1,2.000000,2,1.870370e-01,
KMT2C->-TSC2 PTEN->-KMT2C PTEN->-TSC2,3,3,2.000000,2,1.125701e-02,
GATA3->-FGFR2,2,1,2.000000,2,2.500000e-01,
NOTCH3->-ALK,2,1,2.000000,2,2.500000e-01,
ROS1->-MAP3K1 TP53->-MAP3K1 TP53->-ROS1,3,3,2.000000,2,6.498016e-02,
PTEN->-MSH2,2,1,2.000000,2,2.500000e-01,
MDC1->-KMT2C PIK3CA->-KMT2C PIK3CA->-MDC1,3,3,2.000000,2,2.777778e-02,
TSC2->-MAP3K1,2,1,2.000000,2,5.428304e-01,
PIK3C2G->-MAP3K1,2,1,2.000000,2,5.965100e-01,
GATA3->-KMT2D,2,1,2.000000,2,6.792279e-01,
PPP2R1A->-ARID1A,2,1,2.000000,2,3.719697e-01,
EGFR-/-PIK3CA,2,1,2.000000,2,1.333333e-01,
NF1->-ATR,2,1,2.000000,2,5.000000e-01,
KLF4->-ARID1A,2,1,2.000000,2,2.083333e-01,
ARID1A->-FLT4,2,1,2.000000,2,4.500000e-01,
FLT4->-GATA3,2,1,2.000000,2,4.500000e-01,
PIK3CA->-ARID2 PIK3CA->-PTCH1 PTCH1->-ARID2,3,3,2.000000,2,2.692986e-02,
PIK3CA->-ATR PIK3CA->-PTCH1 PTCH1->-ATR,3,3,2.000000,2,2.692986e-02,
PIK3CA->-GLI1 PIK3CA->-PTCH1 PTCH1->-GLI1,3,3,2.000000,2,2.692986e-02,
KMT2D->-ARID1A TP53->-ARID1A TP53->-KMT2D,3,3,2.000000,2,7.266088e-02,
KMT2D->-BCOR,2,1,2.000000,2,4.973545e-01,
PTPRT->-BCOR,2,1,2.000000,2,2.473545e-01,
PIK3CA->-BCOR PIK3CA->-PTCH1 PTCH1->-BCOR,3,3,2.000000,2,2.692986e-02,
SETD2->-BCOR,2,1,2.000000,2,2.473545e-01,
ATR-/-CARD11 TP53->-ATR TP53->-CARD11,3,3,2.000000,2,1.644794e-03,
HIST1H3I->-HNF1A ROS1->-HIST1H3I ROS1->-HNF1A,3,3,2.000000,2,2.692986e-02,
HIST1H3I->-HNF1A PIK3CA->-HIST1H3I PIK3CA->-HNF1A,3,3,2.000000,2,2.692986e-02,
PTCH1->-KMT2D,2,1,2.000000,2,4.863251e-01,
ATRX->-RB1,2,1,2.000000,2,6.447476e-01,
HIST1H3I->-GATA3 PIK3CA->-GATA3 PIK3CA->-HIST1H3I,3,3,2.000000,2,2.777778e-02,
LATS2->-GATA3,2,1,2.000000,2,2.500000e-01,
ERBB2->-PIK3CA KMT2C->-ERBB2 KMT2C->-PIK3CA,3,3,2.000000,2,1.882733e-01,
PIK3CA->-CSF1R,2,1,2.000000,2,4.666667e-01,
PIK3CA->-HIST1H3J,2,1,2.000000,2,1.409091e-01,
PIK3CA->-ALOX12B,2,1,2.000000,2,2.500000e-01,
ARID2-/-DDR2 ARID2-/-ESR1 ESR1->-DDR2,3,3,2.000000,2,5.036630e-03,
PIK3CA->-AXIN2,2,1,2.000000,2,2.500000e-01,
KMT2C->-PDGFRA,2,1,2.000000,2,2.500000e-01,
ERBB2->-PDGFRA,2,1,2.000000,2,2.500000e-01,
AR->-KMT2A AR->-PIK3CA PIK3CA->-KMT2A,3,3,2.000000,2,2.777778e-02,
AR->-KMT2A AR->-PDGFRA AR->-PTPRS PDGFRA->-KMT2A PDGFRA->-PTPRS PTPRS->-KMT2A,4,6,2.000000,2,1.736111e-03,
CDH1->-ZFHX3,2,1,2.000000,2,8.826042e-01,
IRS1->-PTCH1,2,1,2.000000,2,2.500000e-01,
KMT2C->-GLI1,2,1,2.000000,2,4.395604e-01,
CDH1->-ERBB2 CDH1->-PTPRS ERBB2->-PTPRS,3,3,2.000000,2,2.777778e-02,
ARID2->-PIK3CG,2,1,2.000000,2,2.166667e-01,
PIK3CA->-AXIN1,2,1,2.000000,2,2.500000e-01,
PALB2->-PIK3CA,2,1,2.000000,2,8.335487e-01,
STAG2->-MAP3K1,2,1,2.000000,2,5.000000e-01,
FAT1->-PTEN,2,1,2.000000,2,8.086523e-01,
NOTCH2->-GATA3,2,1,2.000000,2,1.904762e-01,
RB1->-PTPRD TP53->-PTPRD TP53->-RB1,3,3,2.000000,2,2.222222e-02,
CBFB->-SF3B1,2,1,2.000000,2,2.500000e-01,
PIK3CB->-FAT1,2,1,2.000000,2,3.857143e-01,
PIK3CB->-RAD54L,2,1,2.000000,2,4.323810e-01,
NSD1-/-TP53,2,1,2.000000,2,5.929413e-01,
MDC1->-RAD54L PIK3CA->-MDC1 PIK3CA->-RAD54L,3,3,2.000000,2,2.222222e-02,
SF3B1->-PTEN,2,1,2.000000,2,9.674479e-01,
CDH1->-MGA CDH1->-PIK3CA MGA->-PIK3CA,3,3,2.000000,2,2.777778e-02,
PTEN->-INPPL1,2,1,2.000000,2,5.000000e-01,
KMT2B->-KMT2A,2,1,2.000000,2,2.500000e-01,
KMT2D->-FOXP1,2,1,2.000000,2,5.000000e-01,
PTCH1-/-TP53,2,1,2.000000,2,2.836071e-01,
ARID1A->-ALK,2,1,2.000000,2,6.875000e-01,
PTPRS->-GATA3,2,1,2.000000,2,6.056818e-01,
FLT4-/-NOTCH4 TP53->-FLT4 TP53->-NOTCH4,3,3,2.000000,2,1.000000e-02,
AKT1->-SPEN,2,1,2.000000,2,3.571429e-01,
MAP3K1->-RUNX1,2,1,2.000000,2,7.708333e-01,
LATS1->-TP53,2,1,2.000000,2,8.125000e-01,
MDC1->-APC NOTCH4->-APC NOTCH4->-MDC1,3,3,2.000000,2,2.777778e-02,
JAK1->-PDGFRB,2,1,2.000000,2,2.500000e-01,
TP53->-EED,2,1,2.000000,2,1.500000e-01,
TP53->-PARK2,2,1,2.000000,2,1.392857e-01,
RB1->-HIST1H3G,2,1,2.000000,2,2.500000e-01,
ARID1A-/-DDR2,2,1,2.000000,2,2.629513e-01,
CDKN1B->-ESR1 CDKN1B->-PIK3CA ESR1->-PIK3CA,3,3,2.000000,2,2.777778e-02,
TP53->-EGFL7,2,1,2.000000,2,1.666667e-01,
KMT2B->-PTPRS,2,1,2.000000,2,2.500000e-01,
KMT2B->-PIK3CA,2,1,2.000000,2,5.000000e-01,
PTPRT->-KMT2A,2,1,2.000000,2,1.785714e-01,
PIK3R1->-MAP3K1,2,1,2.000000,2,6.618590e-01,
ARID1A->-XPO1,2,1,2.000000,2,2.500000e-01,
CDH1->-PIK3CA CDH1->-XPO1 PIK3CA->-XPO1,3,3,2.000000,2,2.777778e-02,
ARID1A-/-ESR1,2,1,2.000000,2,4.730403e-01,
FANCA->-MED12,2,1,2.000000,2,2.158120e-01,
CDH1->-EPHA5 CDH1->-PTPRD PTPRD->-EPHA5,3,3,2.000000,2,2.777778e-02,
LATS1->-PIK3CA,2,1,2.000000,2,6.250000e-01,
ARID1B->-MAP3K1,2,1,2.000000,2,6.478556e-01,
ERBB3->-ARID2,2,1,2.000000,2,3.901099e-01,
TNFAIP3->-NF1,2,1,2.000000,2,1.428571e-01,
