pattern,n_nodes,n_edges,s_exp,s_theta,pval_exp,pval_theta
CDH1->-PIK3CA,2,1,100.000000,99,4.999750e-05,
TP53->-PIK3CA,2,1,84.000000,83,1.540150e-02,
PIK3CA->-TP53,2,1,68.434553,66,6.771554e-01,
MAP3K1->-PIK3CA,2,1,48.000000,47,2.974237e-02,
PIK3CA->-GATA3,2,1,41.155500,38,2.217786e-01,
TP53->-PTEN,2,1,38.000000,38,5.995714e-05,
GATA3->-PIK3CA,2,1,35.666667,34,6.911444e-01,
PIK3CA->-KMT2C,2,1,33.500000,33,2.704923e-02,
PIK3CA->-MAP3K1,2,1,33.000000,32,9.335574e-01,
CBFB->-PIK3CA,2,1,32.500000,32,2.541932e-06,
TP53->-KMT2C,2,1,29.400000,29,5.671300e-05,
PIK3CA->-KMT2C TP53->-KMT2C TP53->-PIK3CA,3,3,4.500000,4,5.473146e-02,
PIK3CA->-KMT2C PIK3CA->-TP53 TP53->-KMT2C,3,3,3.000000,3,2.923647e-01,
PIK3CA->-CDH1,2,1,28.500000,28,1.000000e+00,
PIK3CA->-ESR1,2,1,27.505464,26,2.550228e-02,
TP53->-NF1,2,1,27.000000,27,2.402272e-03,
PIK3CA->-FOXA1,2,1,27.000000,27,3.403684e-03,
CDH1->-TP53,2,1,25.666667,25,8.122638e-02,
CDH1->-PIK3CA CDH1->-TP53 TP53->-PIK3CA,3,3,2.000000,2,5.998602e-01,
CDH1->-PIK3CA CDH1->-TP53 PIK3CA->-TP53,3,3,2.534553,1,3.279209e-01,
TP53->-KMT2D,2,1,24.000000,24,5.048129e-05,
TP53->-MAP3K1,2,1,23.903146,23,8.504969e-05,
MAP3K1->-PIK3CA TP53->-MAP3K1 TP53->-PIK3CA,3,3,2.500000,2,1.600076e-01,
PIK3CA->-MAP3K1 PIK3CA->-TP53 TP53->-MAP3K1,3,3,2.000000,2,3.212757e-01,
CDH1->-KMT2C,2,1,23.500000,23,1.356482e-04,
CDH1->-KMT2C CDH1->-PIK3CA PIK3CA->-KMT2C,3,3,7.000000,7,1.824501e-03,
CDH1->-KMT2C CDH1->-TP53 TP53->-KMT2C,3,3,2.000000,2,3.163159e-01,
CBFB->-GATA3,2,1,21.000000,21,1.255216e-04,
CBFB->-GATA3 CBFB->-PIK3CA PIK3CA->-GATA3,3,3,5.000000,5,4.252870e-02,
CBFB->-GATA3 CBFB->-PIK3CA GATA3->-PIK3CA,3,3,5.666667,5,1.222332e-02,
TP53->-RB1,2,1,21.000000,21,3.333603e-03,
PIK3CA->-ARID1A,2,1,20.166667,18,1.753472e-01,
KMT2C->-PIK3CA,2,1,20.000000,18,9.654903e-01,
KMT2C->-PIK3CA TP53->-KMT2C TP53->-PIK3CA,3,3,2.500000,1,4.028198e-01,
CDH1->-KMT2C CDH1->-PIK3CA KMT2C->-PIK3CA,3,3,4.500000,4,6.260273e-02,
PIK3CA->-FAT1,2,1,19.253606,18,3.627211e-04,
CDH1->-MAP3K1,2,1,19.000000,19,6.117082e-04,
CDH1->-MAP3K1 CDH1->-PIK3CA MAP3K1->-PIK3CA,3,3,4.000000,4,2.104146e-01,
CDH1->-MAP3K1 CDH1->-PIK3CA PIK3CA->-MAP3K1,3,3,8.000000,8,9.490482e-04,
CDH1->-MAP3K1 CDH1->-TP53 TP53->-MAP3K1,3,3,3.000000,3,1.620370e-02,
PIK3CA->-SF3B1,2,1,19.000000,19,5.628336e-06,
AKT1->-TP53,2,1,19.000000,19,1.119178e-05,
TP53->-CDH1,2,1,19.000000,19,7.495788e-01,
CDH1->-PIK3CA TP53->-CDH1 TP53->-PIK3CA,3,3,5.000000,5,3.350112e-02,
CDH1->-KMT2C TP53->-CDH1 TP53->-KMT2C,3,3,2.500000,2,1.211599e-01,
CDH1->-ERBB2,2,1,18.928571,18,4.764475e-02,
CDH1->-FOXA1,2,1,18.665753,18,6.395899e-04,
CDH1->-FOXA1 CDH1->-PIK3CA PIK3CA->-FOXA1,3,3,8.000000,8,3.053590e-04,
TP53->-NCOR1,2,1,18.661458,18,9.283634e-03,
PIK3CA->-RUNX1,2,1,18.600000,18,1.404617e-02,
TP53->-FAT1,2,1,18.000000,18,7.105889e-05,
PIK3CA->-FAT1 TP53->-FAT1 TP53->-PIK3CA,3,3,4.000000,4,3.379362e-02,
PIK3CA->-FAT1 PIK3CA->-TP53 TP53->-FAT1,3,3,3.000000,3,1.398468e-01,
CDH1->-TBX3,2,1,17.500000,17,2.713984e-02,
TP53->-GATA3,2,1,17.256098,17,1.162301e-02,
PIK3CA->-GATA3 TP53->-GATA3 TP53->-PIK3CA,3,3,2.500000,2,1.384402e-01,
PIK3CA->-GATA3 PIK3CA->-TP53 TP53->-GATA3,3,3,3.121951,3,4.416292e-02,
MAP2K4->-PIK3CA,2,1,17.166667,16,4.785717e-02,
PIK3CA->-NCOR1,2,1,17.100000,16,3.752637e-01,
TBX3->-PIK3CA,2,1,17.000000,17,2.432699e-01,
CDH1->-PIK3CA CDH1->-TBX3 TBX3->-PIK3CA,3,3,5.000000,5,4.299087e-02,
TP53->-ARID1A,2,1,17.000000,16,5.222963e-04,
PIK3CA->-ARID1A PIK3CA->-TP53 TP53->-ARID1A,3,3,2.500000,2,8.054810e-02,
ESR1->-PIK3CA,2,1,16.500000,16,9.296511e-01,
CDH1->-ARID1A,2,1,16.100000,15,4.205780e-03,
CDH1->-ARID1A CDH1->-PIK3CA PIK3CA->-ARID1A,3,3,4.500000,4,7.720485e-02,
CDH1->-ARID1A PIK3CA->-ARID1A PIK3CA->-CDH1,3,3,2.000000,2,6.657226e-01,
NCOR1->-PIK3CA,2,1,16.000000,16,5.486221e-01,
NCOR1->-PIK3CA TP53->-NCOR1 TP53->-PIK3CA,3,3,3.000000,3,1.171507e-01,
CDH1->-RUNX1,2,1,15.000000,15,5.730639e-02,
CDH1->-PIK3CA CDH1->-RUNX1 PIK3CA->-RUNX1,3,3,4.600000,4,2.140107e-02,
CDH1->-RUNX1 PIK3CA->-CDH1 PIK3CA->-RUNX1,3,3,2.000000,2,5.202221e-01,
CDH1->-NCOR1,2,1,15.000000,15,1.632979e-02,
CDH1->-NCOR1 TP53->-CDH1 TP53->-NCOR1,3,3,2.000000,2,3.587996e-01,
CDH1->-NCOR1 CDH1->-PIK3CA PIK3CA->-NCOR1,3,3,2.600000,2,2.128609e-01,
CDH1->-NCOR1 CDH1->-PIK3CA NCOR1->-PIK3CA,3,3,4.000000,4,5.489517e-02,
TP53->-ARID2,2,1,15.000000,15,5.069906e-05,
TP53->-PIK3R1,2,1,15.000000,15,3.004598e-03,
PIK3CA->-TBX3,2,1,14.500000,14,5.801626e-01,
CDH1->-PIK3CA CDH1->-TBX3 PIK3CA->-TBX3,3,3,3.000000,3,3.416496e-01,
ARID1A->-PIK3CA,2,1,14.500000,14,8.546865e-01,
ARID1A->-PIK3CA CDH1->-ARID1A CDH1->-PIK3CA,3,3,5.500000,5,2.216342e-02,
PIK3CA->-KMT2D,2,1,14.333333,14,1.084815e-02,
PIK3CA->-KMT2D TP53->-KMT2D TP53->-PIK3CA,3,3,3.333333,3,8.032563e-02,
PIK3CA->-KMT2D PIK3CA->-TP53 TP53->-KMT2D,3,3,5.000000,5,1.030781e-02,
TP53->-ATR,2,1,14.000000,13,4.927761e-04,
TP53->-PTPRD,2,1,13.903458,13,5.984704e-05,
TP53->-RUNX1,2,1,13.500000,13,2.526320e-02,
PIK3CA->-RUNX1 PIK3CA->-TP53 TP53->-RUNX1,3,3,2.000000,2,1.956019e-01,
CDH1->-RUNX1 CDH1->-TP53 TP53->-RUNX1,3,3,2.000000,2,7.407407e-02,
TP53->-BRCA2,2,1,13.500000,13,1.843754e-04,
TP53->-NSD1,2,1,13.000000,12,8.558820e-05,
PIK3CA->-ATR,2,1,13.000000,12,4.111180e-03,
PIK3CA->-ATR PIK3CA->-TP53 TP53->-ATR,3,3,2.500000,2,6.806877e-02,
TP53->-KMT2A,2,1,13.000000,13,6.926811e-05,
CDH1->-ESR1,2,1,13.000000,13,5.979235e-02,
CDH1->-ESR1 CDH1->-PIK3CA PIK3CA->-ESR1,3,3,4.000000,4,5.486968e-03,
PIK3CA->-PTEN,2,1,13.000000,13,3.833463e-01,
PIK3CA->-PTEN TP53->-PIK3CA TP53->-PTEN,3,3,2.000000,2,4.036183e-01,
PIK3CA->-PTEN PIK3CA->-TP53 TP53->-PTEN,3,3,6.000000,6,5.983092e-04,
TP53->-CREBBP,2,1,12.666667,12,6.857394e-04,
TP53->-STAG2,2,1,12.500000,12,2.733500e-03,
TP53->-FLT4,2,1,12.000000,12,5.465475e-05,
PIK3CA->-SPEN,2,1,12.000000,12,3.336788e-02,
TP53->-APC,2,1,12.000000,12,2.126818e-04,
MEN1->-GATA3,2,1,12.000000,12,2.441406e-04,
NF1->-PIK3CA,2,1,12.000000,12,2.639102e-01,
NF1->-PIK3CA TP53->-NF1 TP53->-PIK3CA,3,3,3.000000,3,2.462577e-01,
NF1->-TP53,2,1,12.000000,12,9.845924e-01,
NF1->-PIK3CA NF1->-TP53 TP53->-PIK3CA,3,3,4.000000,4,8.145601e-02,
PTEN->-PIK3CA,2,1,11.900000,11,5.535544e-01,
TP53->-ALK,2,1,11.697406,11,6.159720e-05,
TP53->-TBX3,2,1,11.505208,11,4.411553e-02,
PTEN->-TP53,2,1,11.500000,11,9.998671e-01,
MAP3K1->-GATA3,2,1,11.500000,11,4.433479e-01,
GATA3->-PIK3CA MAP3K1->-GATA3 MAP3K1->-PIK3CA,3,3,5.000000,4,7.906714e-02,
MAP3K1->-GATA3 PIK3CA->-GATA3 PIK3CA->-MAP3K1,3,3,2.000000,2,7.193249e-01,
CDH1->-CBFB,2,1,11.500000,11,1.601856e-01,
CBFB->-PIK3CA CDH1->-CBFB CDH1->-PIK3CA,3,3,5.000000,5,6.345300e-03,
FOXA1->-PIK3CA,2,1,11.500000,11,9.920251e-01,
CDH1->-FOXA1 CDH1->-PIK3CA FOXA1->-PIK3CA,3,3,3.000000,3,3.615523e-01,
TP53->-ESR1,2,1,11.400000,11,1.023112e-03,
TP53->-FOXA1,2,1,11.170962,10,1.854795e-02,
PIK3CA->-FOXA1 TP53->-FOXA1 TP53->-PIK3CA,3,3,3.000000,3,1.114040e-01,
PIK3CA->-FOXA1 PIK3CA->-TP53 TP53->-FOXA1,3,3,2.000000,2,3.562517e-01,
CDH1->-FOXA1 TP53->-CDH1 TP53->-FOXA1,3,3,2.000000,2,1.527816e-01,
PIK3CA->-PTPRT,2,1,11.076369,10,6.147209e-03,
PIK3CA->-ATM,2,1,11.000000,11,1.881358e-01,
PIK3CA->-RICTOR,2,1,11.000000,10,4.717549e-04,
TP53->-ATM,2,1,11.000000,11,2.514412e-04,
PIK3CA->-ATM PIK3CA->-TP53 TP53->-ATM,3,3,3.000000,3,5.272987e-02,
TP53->-CDKN2A,2,1,11.000000,11,9.224040e-03,
PIK3CA->-RB1,2,1,11.000000,11,2.091000e-01,
PIK3CA->-RB1 TP53->-PIK3CA TP53->-RB1,3,3,2.000000,2,3.880998e-01,
PIK3CA->-RB1 PIK3CA->-TP53 TP53->-RB1,3,3,4.000000,4,2.922083e-02,
TP53->-FBXW7,2,1,11.000000,11,2.122165e-03,
TP53->-ERBB3,2,1,11.000000,11,5.832505e-05,
TP53->-SETD2,2,1,10.750000,10,6.101271e-05,
TP53->-NOTCH4,2,1,10.697674,10,5.263253e-05,
PIK3CA->-NOTCH4,2,1,10.666667,10,5.865377e-03,
PIK3CA->-NOTCH4 PIK3CA->-TP53 TP53->-NOTCH4,3,3,3.697674,3,9.401893e-04,
TP53->-PTPRS,2,1,10.665753,10,5.420037e-05,
GATA3->-MAP3K1,2,1,10.500000,10,6.101552e-01,
GATA3->-MAP3K1 GATA3->-PIK3CA MAP3K1->-PIK3CA,3,3,3.000000,3,4.413672e-01,
GATA3->-MAP3K1 GATA3->-PIK3CA PIK3CA->-MAP3K1,3,3,4.000000,4,2.112031e-01,
ESR1->-GATA3,2,1,10.500000,10,2.046770e-01,
ESR1->-GATA3 PIK3CA->-ESR1 PIK3CA->-GATA3,3,3,3.000000,3,1.146166e-01,
PIK3CA->-KMT2A,2,1,10.500000,10,2.669687e-02,
PIK3CA->-KMT2A TP53->-KMT2A TP53->-PIK3CA,3,3,3.000000,3,1.857086e-02,
TP53->-EPHA5,2,1,10.359794,10,2.216807e-03,
GATA3->-ARID1A,2,1,10.333333,10,3.612654e-01,
GATA3->-ARID1A PIK3CA->-ARID1A PIK3CA->-GATA3,3,3,2.166667,2,1.338529e-01,
GATA3->-ARID1A GATA3->-PIK3CA PIK3CA->-ARID1A,3,3,2.500000,2,1.097777e-01,
TP53->-EP300,2,1,10.256098,10,2.567851e-03,
TP53->-MED12,2,1,10.230067,9,4.362404e-03,
TP53->-CARD11,2,1,10.000000,10,1.797618e-03,
TP53->-ATRX,2,1,10.000000,10,3.377782e-04,
TP53->-NOTCH2,2,1,10.000000,10,3.049152e-04,
TP53->-BARD1,2,1,10.000000,10,7.999294e-05,
TP53->-ARID1B,2,1,10.000000,10,1.961520e-02,
CDH1->-PTEN,2,1,10.000000,10,2.473710e-01,
ERBB2->-CDH1,2,1,10.000000,10,9.559366e-01,
TP53->-MAP2K4,2,1,10.000000,10,1.594421e-01,
CDH1->-GATA3,2,1,10.000000,10,8.090180e-03,
CDH1->-GATA3 CDH1->-PIK3CA PIK3CA->-GATA3,3,3,3.451220,3,2.461093e-02,
CDH1->-GATA3 PIK3CA->-CDH1 PIK3CA->-GATA3,3,3,2.000000,2,3.075300e-01,
CDH1->-ESR1 CDH1->-GATA3 ESR1->-GATA3,3,3,3.000000,3,4.629630e-03,
CDH1->-ESR1 CDH1->-GATA3 CDH1->-PIK3CA ESR1->-GATA3 PIK3CA->-ESR1 PIK3CA->-GATA3,4,6,2.000000,2,1.736111e-03,
PIK3CA->-CREBBP,2,1,9.666667,9,7.929758e-02,
PIK3CA->-CREBBP TP53->-CREBBP TP53->-PIK3CA,3,3,2.666667,2,1.519951e-02,
PIK3CA->-NF1,2,1,9.666667,9,6.271829e-01,
PIK3CA->-NF1 TP53->-NF1 TP53->-PIK3CA,3,3,2.666667,2,2.572287e-01,
PIK3CA->-NF1 PIK3CA->-TP53 TP53->-NF1,3,3,2.000000,2,5.371019e-01,
TP53->-PTPRT,2,1,9.576369,9,1.018236e-03,
PIK3CA->-PTPRT TP53->-PIK3CA TP53->-PTPRT,3,3,2.576369,2,6.040923e-02,
PIK3CA->-PTPRT PIK3CA->-TP53 TP53->-PTPRT,3,3,4.000000,4,6.242256e-03,
PIK3CA->-FLT4,2,1,9.500000,9,1.337246e-02,
PIK3CA->-FLT4 PIK3CA->-TP53 TP53->-FLT4,3,3,2.000000,2,7.986732e-02,
TP53->-ARID5B,2,1,9.500000,9,2.444788e-04,
KMT2C->-MAP3K1,2,1,9.500000,9,3.686456e-01,
KMT2C->-MAP3K1 PIK3CA->-KMT2C PIK3CA->-MAP3K1,3,3,4.000000,4,1.319860e-01,
KMT2C->-MAP3K1 KMT2C->-PIK3CA MAP3K1->-PIK3CA,3,3,2.500000,2,4.292286e-01,
ERBB2->-PIK3CA,2,1,9.500000,9,3.500528e-01,
CDH1->-ERBB2 CDH1->-PIK3CA ERBB2->-PIK3CA,3,3,4.500000,4,2.069506e-02,
PIK3CA->-MAP2K4,2,1,9.500000,9,9.193467e-01,
TP53->-SPEN,2,1,9.400000,9,2.354290e-02,
PIK3CA->-SPEN PIK3CA->-TP53 TP53->-SPEN,3,3,3.000000,3,9.277218e-03,
TP53->-EPHB1,2,1,9.000000,9,9.858110e-04,
CDH1->-MAP2K4,2,1,9.000000,9,2.070441e-02,
CDH1->-MAP2K4 CDH1->-TP53 TP53->-MAP2K4,3,3,2.000000,2,1.779016e-02,
CDH1->-CDK12 CDH1->-TP53 TP53->-CDK12,3,3,2.000000,2,7.077646e-04,
CDH1->-MAP2K4 PIK3CA->-CDH1 PIK3CA->-MAP2K4,3,3,2.000000,2,2.095371e-01,
ARID1A->-GATA3,2,1,9.000000,9,6.180746e-01,
ARID1A->-GATA3 ARID1A->-PIK3CA PIK3CA->-GATA3,3,3,2.000000,2,2.661849e-01,
AKT1->-CDH1,2,1,9.000000,9,3.882851e-01,
AKT1->-CDH1 AKT1->-TP53 CDH1->-TP53,3,3,2.666667,2,2.102623e-02,
PTEN->-NF1,2,1,9.000000,9,1.988751e-02,
PTEN->-NF1 TP53->-NF1 TP53->-PTEN,3,3,5.000000,5,6.016732e-03,
PTEN->-NF1 PTEN->-TP53 TP53->-NF1,3,3,3.000000,3,1.475329e-01,
AKT1->-GATA3,2,1,9.000000,9,7.176572e-03,
TP53->-ERCC5,2,1,9.000000,9,3.139959e-04,
TP53->-SF3B1,2,1,9.000000,9,7.275132e-04,
PIK3CA->-SF3B1 TP53->-PIK3CA TP53->-SF3B1,3,3,2.000000,2,2.496244e-01,
PIK3CA->-SF3B1 PIK3CA->-TP53 TP53->-SF3B1,3,3,4.000000,4,7.622150e-03,
TP53->-ZFHX3,2,1,9.000000,9,1.547356e-02,
KMT2C->-GATA3,2,1,9.000000,9,2.411308e-01,
TP53->-POLE,2,1,9.000000,9,2.318646e-04,
PIK3CA->-POLE,2,1,9.000000,9,2.174009e-03,
PIK3CA->-POLE PIK3CA->-TP53 TP53->-POLE,3,3,5.000000,5,2.014390e-04,
TP53->-TET2,2,1,9.000000,9,3.220089e-04,
TP53->-RICTOR,2,1,8.678626,8,6.307773e-05,
PIK3CA->-MED12,2,1,8.563401,7,2.967263e-02,
PIK3CA->-MED12 PIK3CA->-TP53 TP53->-MED12,3,3,2.000000,2,1.124905e-01,
PTEN->-KMT2C,2,1,8.500000,8,3.641072e-03,
PTEN->-KMT2C TP53->-KMT2C TP53->-PTEN,3,3,2.500000,2,1.331019e-02,
MEN1->-PIK3CA,2,1,8.500000,8,4.997156e-02,
TP53->-ROS1,2,1,8.500000,8,2.940265e-02,
PIK3CA->-ARID2,2,1,8.500000,8,4.903923e-02,
PIK3CA->-ARID2 PIK3CA->-TP53 TP53->-ARID2,3,3,4.000000,4,2.770836e-03,
TP53->-ANKRD11,2,1,8.500000,8,4.220687e-04,
PIK3CA->-CDKN1B,2,1,8.500000,7,4.451990e-01,
MAP3K1->-KMT2C,2,1,8.500000,8,5.582047e-01,
MAP3K1->-KMT2C MAP3K1->-PIK3CA PIK3CA->-KMT2C,3,3,3.000000,3,3.299940e-01,
MAP3K1->-KMT2C PIK3CA->-KMT2C PIK3CA->-MAP3K1,3,3,2.000000,2,6.237379e-01,
KMT2C->-PIK3CA MAP3K1->-KMT2C MAP3K1->-PIK3CA,3,3,2.000000,2,6.249344e-01,
TBX3->-CDH1,2,1,8.466667,8,9.558438e-01,
CDH1->-PIK3CA TBX3->-CDH1 TBX3->-PIK3CA,3,3,3.500000,3,1.890628e-01,
PIK3CA->-PTPRD,2,1,8.403458,8,3.787887e-04,
TP53->-TSC2,2,1,8.359794,8,8.095362e-03,
ATM->-PIK3CA,2,1,8.251111,8,6.475286e-01,
TP53->-BRCA1,2,1,8.169400,7,3.899994e-03,
PIK3CA->-PTCH1,2,1,8.000000,8,6.766281e-03,
CDH1->-CREBBP,2,1,8.000000,8,3.935983e-02,
CDH1->-CREBBP CDH1->-PIK3CA PIK3CA->-CREBBP,3,3,4.000000,4,1.133740e-02,
RB1->-TP53,2,1,8.000000,8,9.896775e-01,
PIK3CA->-ZFHX3,2,1,8.000000,8,2.612530e-01,
CDH1->-AKT1,2,1,8.000000,8,5.820975e-01,
NCOR1->-TP53,2,1,8.000000,8,9.757979e-01,
NCOR1->-TP53 PIK3CA->-NCOR1 PIK3CA->-TP53,3,3,2.000000,2,3.631822e-01,
CDH1->-NCOR1 CDH1->-TP53 NCOR1->-TP53,3,3,2.000000,2,3.587996e-01,
RUNX1->-PIK3CA,2,1,8.000000,8,9.824604e-01,
TP53->-BAP1,2,1,8.000000,8,6.546875e-03,
RUNX1->-CDH1,2,1,8.000000,8,9.208452e-01,
CDH1->-PIK3CA RUNX1->-CDH1 RUNX1->-PIK3CA,3,3,2.000000,2,5.202221e-01,
PIK3CA->-CDH1 RUNX1->-CDH1 RUNX1->-PIK3CA,3,3,2.000000,2,5.202221e-01,
CBFB->-MAP3K1,2,1,8.000000,8,3.934152e-02,
CBFB->-MAP3K1 CBFB->-PIK3CA MAP3K1->-PIK3CA,3,3,6.000000,6,2.095345e-04,
CBFB->-GATA3 CBFB->-MAP3K1 MAP3K1->-GATA3,3,3,2.000000,2,1.102431e-01,
CDH1->-APC,2,1,8.000000,8,2.742790e-03,
CDH1->-BRCA2,2,1,8.000000,8,8.140945e-02,
CDH1->-BRCA2 TP53->-BRCA2 TP53->-CDH1,3,3,2.000000,2,3.172897e-02,
CDH1->-NF1,2,1,8.000000,8,2.131006e-01,
CDH1->-NF1 CDH1->-PIK3CA PIK3CA->-NF1,3,3,3.000000,3,1.148255e-01,
PTEN->-CDH1,2,1,8.000000,8,6.163129e-01,
CDH1->-TP53 PTEN->-CDH1 PTEN->-TP53,3,3,2.000000,2,4.236733e-02,
CDH1->-MAP3K1 CDH1->-NF1 NF1->-MAP3K1 PTEN->-CDH1 PTEN->-MAP3K1 PTEN->-NF1,4,6,2.000000,2,1.251385e-03,
KMT2C->-TP53,2,1,8.000000,8,9.993782e-01,
PTEN->-MAP3K1,2,1,8.000000,8,5.388350e-02,
PTEN->-MAP3K1 TP53->-MAP3K1 TP53->-PTEN,3,3,2.000000,2,1.302910e-01,
MAP3K1->-PIK3CA PTEN->-MAP3K1 PTEN->-PIK3CA,3,3,2.000000,2,1.452462e-02,
CDH1->-PTPRD,2,1,7.986220,7,4.158211e-03,
CDH1->-PTPRD CDH1->-TP53 TP53->-PTPRD,3,3,2.500000,2,3.502480e-02,
CDH1->-PTPRD TP53->-CDH1 TP53->-PTPRD,3,3,2.486220,2,3.766103e-02,
CDH1->-PIK3CA CDH1->-PTPRD PIK3CA->-PTPRD,3,3,2.000000,2,1.054903e-01,
CDH1->-PTPRD PIK3CA->-CDH1 PIK3CA->-PTPRD,3,3,2.000000,2,1.061500e-01,
PIK3CA->-PTPRS,2,1,7.680934,7,8.345038e-02,
PIK3CA->-PTPRS PIK3CA->-TP53 TP53->-PTPRS,3,3,3.000000,3,5.621258e-03,
PIK3CA->-ERBB2,2,1,7.666667,7,6.568296e-01,
CDH1->-ERBB2 CDH1->-PIK3CA PIK3CA->-ERBB2,3,3,4.000000,4,5.597191e-02,
TP53->-NOTCH1,2,1,7.664787,7,1.374110e-03,
PIK3CA->-DICER1,2,1,7.500000,7,3.042803e-03,
FOXA1->-MAP3K1,2,1,7.500000,7,1.389838e-01,
FOXA1->-MAP3K1 PIK3CA->-FOXA1 PIK3CA->-MAP3K1,3,3,3.000000,3,1.204193e-01,
CDH1->-FOXA1 CDH1->-MAP3K1 CDH1->-PIK3CA FOXA1->-MAP3K1 PIK3CA->-FOXA1 PIK3CA->-MAP3K1,4,6,2.000000,2,5.063657e-03,
FOXA1->-MAP3K1 FOXA1->-PIK3CA PIK3CA->-MAP3K1,3,3,2.000000,2,3.711530e-01,
FOXA1->-MAP3K1 TP53->-FOXA1 TP53->-MAP3K1,3,3,3.255208,3,1.873436e-03,
PIK3CA->-MGA,2,1,7.500000,7,3.686511e-01,
CTCF->-PIK3CA,2,1,7.326531,7,9.373535e-02,
CDH1->-SPEN,2,1,7.266667,7,8.682331e-02,
CDH1->-PIK3CA CDH1->-SPEN PIK3CA->-SPEN,3,3,2.000000,2,7.357085e-02,
MAP3K1->-ARID1A,2,1,7.000000,7,9.559835e-02,
MAP3K1->-ARID1A MAP3K1->-PIK3CA PIK3CA->-ARID1A,3,3,3.500000,3,2.916798e-02,
GATA3->-ARID1A MAP3K1->-ARID1A MAP3K1->-GATA3,3,3,3.000000,3,4.629630e-03,
GATA3->-ARID1A GATA3->-PIK3CA MAP3K1->-ARID1A MAP3K1->-GATA3 MAP3K1->-PIK3CA PIK3CA->-ARID1A,4,6,2.000000,2,5.063657e-03,
TP53->-KDM6A,2,1,7.000000,7,3.695499e-02,
PIK3CA->-BRCA2,2,1,7.000000,7,1.308495e-01,
CDH1->-BRCA2 CDH1->-PIK3CA CDH1->-TBX3 PIK3CA->-BRCA2 TBX3->-BRCA2 TBX3->-PIK3CA,4,6,2.000000,2,8.437078e-04,
CDH1->-EPHB1,2,1,7.000000,7,2.440189e-03,
CDH1->-EPHB1 CDH1->-TP53 TP53->-EPHB1,3,3,3.000000,3,1.413471e-03,
TP53->-GRIN2A,2,1,7.000000,7,1.867398e-03,
MAP2K4->-GATA3,2,1,7.000000,7,4.470299e-02,
MAP2K4->-GATA3 MAP2K4->-PIK3CA PIK3CA->-GATA3,3,3,2.000000,2,3.588459e-02,
GATA3->-TP53,2,1,7.000000,6,9.798159e-01,
TP53->-DNMT1,2,1,7.000000,7,7.862373e-04,
PIK3CA->-DNMT3A,2,1,7.000000,7,1.949912e-02,
GATA3->-SPEN,2,1,7.000000,7,2.016998e-01,
CBFB->-CDH1,2,1,7.000000,7,8.764595e-01,
CBFB->-CDH1 CBFB->-PIK3CA CDH1->-PIK3CA,3,3,2.000000,2,4.201304e-01,
PIK3CA->-MDC1,2,1,7.000000,7,9.788302e-02,
CDH1->-KMT2A,2,1,7.000000,7,3.459955e-02,
RB1->-PIK3CA,2,1,7.000000,7,8.608287e-01,
PIK3CA->-BCOR,2,1,7.000000,7,9.351174e-02,
CDH1->-KMT2D,2,1,7.000000,7,1.522189e-02,
CDH1->-KMT2D CDH1->-PIK3CA PIK3CA->-KMT2D,3,3,2.000000,2,2.155729e-01,
CDH1->-KMT2D PIK3CA->-CDH1 PIK3CA->-KMT2D,3,3,2.000000,2,2.189453e-01,
NCOR1->-GATA3,2,1,7.000000,7,1.401890e-02,
TP53->-PDGFRA,2,1,7.000000,7,7.063091e-03,
TP53->-MDC1,2,1,7.000000,7,2.979718e-02,
PIK3CA->-MDC1 PIK3CA->-TP53 TP53->-MDC1,3,3,3.000000,3,2.856982e-02,
TP53->-BCOR,2,1,7.000000,7,1.141789e-03,
PIK3CA->-BCOR PIK3CA->-PTEN PIK3CA->-TP53 PTEN->-BCOR TP53->-BCOR TP53->-PTEN,4,6,2.000000,2,1.587471e-03,
CDH1->-ERBB3,2,1,7.000000,7,3.361771e-02,
TP53->-PALB2,2,1,7.000000,7,4.212129e-03,
TP53->-INSR,2,1,7.000000,7,3.656716e-03,
TP53->-DDR2,2,1,7.000000,7,5.105397e-03,
TP53->-PIK3C2G,2,1,7.000000,7,3.731368e-04,
PIK3CA->-KDR,2,1,6.951220,6,9.345194e-03,
TP53->-SOX17,2,1,6.666667,6,6.406971e-03,
PTEN->-PIK3R1,2,1,6.666667,6,1.876021e-02,
PTEN->-PIK3R1 TP53->-PIK3R1 TP53->-PTEN,3,3,4.000000,4,2.312433e-04,
MAP2K4->-TP53,2,1,6.666667,6,7.272185e-01,
TP53->-PIK3CG,2,1,6.666667,6,2.170070e-03,
CDH1->-PTPRS,2,1,6.665753,6,4.140633e-03,
PIK3CA->-EPHA5,2,1,6.639344,6,1.645410e-02,
PIK3CA->-EPHA5 TP53->-EPHA5 TP53->-PIK3CA,3,3,2.639344,2,1.281308e-02,
PIK3CA->-PIK3C2G,2,1,6.611111,6,7.063099e-03,
PIK3CA->-PIK3C2G PIK3CA->-TP53 TP53->-PIK3C2G,3,3,2.000000,2,7.714709e-02,
PIK3CA->-ANKRD11,2,1,6.523810,5,5.591987e-02,
PIK3CA->-ANKRD11 TP53->-ANKRD11 TP53->-PIK3CA,3,3,3.023810,2,9.797316e-04,
PIK3CA->-ARID5B,2,1,6.500000,6,1.813363e-02,
PIK3CA->-ARID5B TP53->-ARID5B TP53->-PIK3CA,3,3,2.000000,2,6.734071e-02,
ANKRD11->-ARID5B,2,1,2.000000,2,1.724664e-01,
PIK3CA->-ARID5B PIK3CA->-TP53 TP53->-ARID5B,3,3,2.000000,2,6.702941e-02,
MAP3K1->-ERBB3,2,1,6.500000,6,3.996296e-03,
MAP3K1->-TBX3,2,1,6.500000,6,9.305153e-02,
MAP3K1->-PIK3CA MAP3K1->-TBX3 PIK3CA->-TBX3,3,3,2.500000,2,4.917297e-02,
PIK3CA->-RAD50,2,1,6.500000,6,4.010547e-02,
PIK3CA->-NSD1,2,1,6.500000,6,7.779504e-02,
TP53->-MTOR,2,1,6.500000,6,1.599673e-02,
ESR1->-ARID1A,2,1,6.500000,6,9.418948e-02,
ESR1->-ARID1A PIK3CA->-ARID1A PIK3CA->-ESR1,3,3,3.000000,3,4.135664e-03,
CDH1->-SETD2,2,1,6.500000,6,7.837302e-03,
BRCA1->-SETD2 CDH1->-BRCA1 CDH1->-SETD2 TP53->-BRCA1 TP53->-CDH1 TP53->-SETD2,4,6,2.000000,2,1.636905e-03,
CDKN1B->-PIK3CA,2,1,6.500000,6,8.047947e-01,
PIK3CA->-CARD11,2,1,6.500000,6,5.564229e-03,
APC->-ARID2 APC->-MGA MGA->-ARID2 PIK3CA->-APC PIK3CA->-ARID2 PIK3CA->-MGA PIK3CA->-TP53 TP53->-APC TP53->-ARID2 TP53->-MGA,5,10,2.000000,2,1.115544e-04,
APC->-KMT2D APC->-MGA MGA->-KMT2D PIK3CA->-APC PIK3CA->-KMT2D PIK3CA->-MGA PIK3CA->-TP53 TP53->-APC TP53->-KMT2D TP53->-MGA,5,10,2.000000,2,1.130743e-04,
APC->-ATR APC->-MGA MGA->-ATR PIK3CA->-APC PIK3CA->-ATR PIK3CA->-MGA PIK3CA->-TP53 TP53->-APC TP53->-ATR TP53->-MGA,5,10,2.000000,2,1.092820e-04,
APC->-CARD11 APC->-MGA MGA->-CARD11 PIK3CA->-APC PIK3CA->-CARD11 PIK3CA->-MGA PIK3CA->-TP53 TP53->-APC TP53->-CARD11 TP53->-MGA,5,10,2.000000,2,1.166442e-04,
CDH1->-FAT1,2,1,6.500000,6,2.273030e-02,
CDH1->-FAT1 CDH1->-PIK3CA PIK3CA->-FAT1,3,3,2.000000,2,8.190563e-02,
TP53->-MGA,2,1,6.500000,6,1.430288e-02,
PIK3CA->-MGA TP53->-MGA TP53->-PIK3CA,3,3,3.500000,3,4.402012e-03,
PIK3CA->-ROS1,2,1,6.500000,6,9.542057e-02,
PIK3CA->-AR,2,1,6.363636,6,8.709068e-02,
ATM->-GATA3,2,1,6.352140,6,2.262108e-02,
ATM->-GATA3 ATM->-PIK3CA GATA3->-PIK3CA,3,3,2.000000,2,1.423651e-02,
PIK3CA->-IGF1R,2,1,6.219844,5,3.027537e-03,
TP53->-IGF1R,2,1,6.166667,5,9.726751e-04,
PIK3CA->-IGF1R TP53->-IGF1R TP53->-PIK3CA,3,3,2.500000,2,6.504536e-04,
GATA3->-ESR1,2,1,6.166667,5,8.706096e-01,
PIK3CA->-PLK2,2,1,6.000000,5,1.923348e-02,
TP53->-RECQL4,2,1,6.000000,6,2.227964e-02,
TP53->-PIK3CB,2,1,6.000000,6,2.735578e-03,
CDH1->-RICTOR,2,1,6.000000,6,9.988042e-03,
CDH1->-PIK3CA CDH1->-RICTOR PIK3CA->-RICTOR,3,3,3.000000,3,9.527764e-03,
PIK3CA->-ERBB3,2,1,6.000000,6,3.070109e-01,
PIK3CA->-ERBB3 TP53->-ERBB3 TP53->-PIK3CA,3,3,2.000000,2,5.478277e-02,
MAP3K1->-ERBB3 MAP3K1->-PIK3CA PIK3CA->-ERBB3,3,3,2.000000,2,1.619439e-01,
TP53->-DNMT3A,2,1,6.000000,6,9.226495e-02,
TP53->-DOT1L,2,1,6.000000,6,1.409488e-02,
PIK3CA->-MTOR,2,1,6.000000,6,2.800412e-02,
PIK3CA->-MTOR PIK3CA->-TP53 TP53->-MTOR,3,3,2.500000,2,4.676066e-04,
KMT2C->-NCOR1,2,1,6.000000,6,8.188540e-02,
KMT2C->-NCOR1 PIK3CA->-KMT2C PIK3CA->-NCOR1,3,3,4.000000,4,3.285465e-03,
CDH1->-KMT2C CDH1->-NCOR1 KMT2C->-NCOR1,3,3,3.000000,3,3.505740e-02,
TP53->-RAD50,2,1,6.000000,6,1.203338e-02,
PIK3CA->-RAD50 TP53->-PIK3CA TP53->-RAD50,3,3,2.000000,2,2.361579e-02,
PIK3CA->-RAD50 PIK3CA->-TP53 TP53->-RAD50,3,3,2.000000,2,2.380372e-02,
TP53->-STK11,2,1,6.000000,6,3.261801e-02,
PIK3CA->-CIC,2,1,6.000000,6,1.015684e-02,
PIK3CA->-MST1R,2,1,6.000000,6,9.419172e-04,
PIK3CA->-FGFR2,2,1,6.000000,6,2.822839e-02,
PIK3CA->-EPHB1,2,1,6.000000,6,4.312656e-02,
PIK3CA->-EPHB1 TP53->-EPHB1 TP53->-PIK3CA,3,3,2.000000,2,1.245793e-01,
PIK3CA->-EPHB1 PIK3CA->-TP53 TP53->-EPHB1,3,3,2.000000,2,1.245793e-01,
ATRX->-EPHB1 PIK3CA->-ATRX PIK3CA->-EPHB1,3,3,2.000000,2,2.431262e-02,
HNF1A->-EPHB1,2,1,2.000000,2,2.391975e-01,
CDH1->-EPHB1 CDH1->-PIK3CA PIK3CA->-EPHB1,3,3,3.000000,3,7.856925e-03,
AKT1->-MAP3K1,2,1,6.000000,6,2.513021e-02,
ZFHX3->-PIK3CA,2,1,6.000000,6,6.782583e-01,
MAP3K1->-TP53,2,1,6.000000,6,9.990327e-01,
PIK3CA->-NUP93,2,1,6.000000,6,3.585770e-02,
GATA3->-KMT2C,2,1,6.000000,6,8.045205e-01,
TP53->-HNF1A,2,1,6.000000,6,4.708163e-02,
MGA->-PIK3CA,2,1,6.000000,5,6.876499e-01,
TP53->-KDR,2,1,6.000000,6,9.799957e-02,
PIK3CA->-KDR TP53->-KDR TP53->-PIK3CA,3,3,2.000000,2,1.756009e-01,
PIK3CA->-KDR PIK3CA->-TP53 TP53->-KDR,3,3,3.000000,3,3.028870e-02,
GATA3->-CDKN1B,2,1,6.000000,6,1.227679e-02,
CBFB->-TP53,2,1,6.000000,6,9.005800e-02,
CBFB->-PIK3CA CBFB->-TP53 TP53->-PIK3CA,3,3,3.000000,3,1.793981e-02,
CDH1->-PTCH1,2,1,6.000000,6,5.866949e-02,
CDH1->-PIK3CA CDH1->-PTCH1 PIK3CA->-PTCH1,3,3,2.000000,2,1.190887e-01,
ESR1->-CDH1,2,1,6.000000,6,9.556737e-01,
PIK3CA->-CBFB,2,1,6.000000,6,9.999960e-01,
TP53->-NOTCH3,2,1,6.000000,6,2.337963e-02,
PIK3CA->-APC,2,1,6.000000,6,2.259366e-01,
PIK3CA->-APC PIK3CA->-TP53 TP53->-APC,3,3,4.000000,4,6.412373e-04,
CDH1->-APC CDH1->-PIK3CA PIK3CA->-APC,3,3,2.000000,2,1.114435e-01,
ARID1A->-KMT2C,2,1,6.000000,6,5.226469e-01,
ARID1A->-KMT2C ARID1A->-NCOR1 KMT2C->-NCOR1 PIK3CA->-ARID1A PIK3CA->-KMT2C PIK3CA->-NCOR1,4,6,2.000000,2,4.991319e-03,
ARID1A->-KMT2C CDH1->-ARID1A CDH1->-KMT2C,3,3,2.000000,2,5.479895e-02,
CDH1->-FOXA1 CDH1->-KMT2C FOXA1->-KMT2C,3,3,2.000000,2,7.357085e-02,
ARID1A->-KMT2C ARID1A->-PIK3CA PIK3CA->-KMT2C,3,3,2.000000,2,3.693876e-01,
CDH1->-RB1,2,1,6.000000,6,5.182971e-02,
CDH1->-RB1 CDH1->-TP53 TP53->-RB1,3,3,2.000000,2,8.179012e-02,
CDH1->-RB1 TP53->-CDH1 TP53->-RB1,3,3,2.000000,2,8.179012e-02,
STK11->-PIK3CA,2,1,6.000000,6,1.924737e-01,
KMT2C->-FAT1,2,1,6.000000,6,1.265856e-01,
KMT2C->-FAT1 PIK3CA->-FAT1 PIK3CA->-KMT2C,3,3,2.000000,2,1.545067e-01,
NOTCH1->-PIK3CA,2,1,6.000000,6,3.735611e-01,
CDH1->-ATRX,2,1,6.000000,6,2.490761e-02,
TP53->-TP63,2,1,6.000000,6,5.311252e-03,
PIK3CA->-STAG2,2,1,6.000000,6,5.164983e-01,
PIK3CA->-STAG2 TP53->-PIK3CA TP53->-STAG2,3,3,2.000000,2,5.542778e-02,
CDH1->-PIK3CA CDH1->-STAG2 PIK3CA->-STAG2,3,3,2.000000,2,1.058375e-01,
PTEN->-ARID1A,2,1,6.000000,6,1.838320e-02,
TP53->-NBN,2,1,6.000000,6,4.941003e-03,
PIK3CA->-NOTCH1,2,1,6.000000,6,3.739546e-01,
PIK3CA->-NOTCH1 TP53->-NOTCH1 TP53->-PIK3CA,3,3,2.000000,2,4.158590e-02,
TP53->-RPTOR,2,1,6.000000,6,9.402481e-03,
PTEN->-SF3B1,2,1,5.904762,5,1.378255e-01,
PIK3CA->-SF3B1 PTEN->-PIK3CA PTEN->-SF3B1,3,3,2.000000,2,8.854167e-02,
PIK3CA->-ALK,2,1,5.900576,5,4.954248e-02,
PIK3CA->-RFWD2,2,1,5.863636,4,5.728284e-02,
TBX3->-TP53,2,1,5.750000,5,8.864586e-01,
TBX3->-PIK3CA TBX3->-TP53 TP53->-PIK3CA,3,3,2.000000,2,2.434442e-01,
CDH1->-RFWD2,2,1,5.727273,4,3.411308e-02,
CDH1->-PIK3CA CDH1->-RFWD2 PIK3CA->-RFWD2,3,3,2.363636,1,2.940027e-02,
PIK3CA->-BAP1,2,1,5.666667,5,5.468750e-02,
PIK3CA->-BAP1 PIK3CA->-TP53 TP53->-BAP1,3,3,2.000000,2,2.777778e-02,
PIK3CA->-TET1,2,1,5.666667,5,1.036557e-01,
TP53->-KDM5A,2,1,5.665753,5,7.004195e-03,
TP53->-JAK3,2,1,5.665753,5,1.502667e-02,
PIK3CA->-PARP1,2,1,5.500000,5,1.160097e-02,
PIK3CA->-ATRX,2,1,5.500000,5,2.542052e-01,
CDH1->-ATRX CDH1->-PIK3CA PIK3CA->-ATRX,3,3,3.000000,3,1.523920e-02,
STAG2->-PIK3CA,2,1,5.500000,5,6.021041e-01,
PIK3CA->-HIST1H1C,2,1,5.500000,5,5.564728e-02,
TP53->-TERT,2,1,5.500000,5,6.193976e-02,
ARID2->-GATA3,2,1,5.500000,5,6.250000e-02,
TP53->-MAP3K13,2,1,5.500000,5,2.392529e-02,
PIK3CA->-SETD2,2,1,5.500000,5,3.568026e-01,
ARID1A->-PIK3CA ARID1A->-SETD2 CDH1->-ARID1A CDH1->-PIK3CA CDH1->-SETD2 PIK3CA->-SETD2,4,6,2.000000,2,5.063657e-03,
KMT2C->-ARID1A,2,1,5.470588,5,5.874370e-01,
KMT2C->-ARID1A PIK3CA->-ARID1A PIK3CA->-KMT2C,3,3,2.000000,2,3.654789e-01,
KMT2C->-ARID1A KMT2C->-PIK3CA PIK3CA->-ARID1A,3,3,2.000000,2,3.664553e-01,
GATA3->-ARID1A KMT2C->-ARID1A KMT2C->-GATA3,3,3,2.000000,2,2.777778e-02,
PIK3CA->-EP300,2,1,5.451220,5,2.129590e-01,
TP53->-XPO1,2,1,5.359794,5,8.252919e-03,
MAP3K1->-NCOR1,2,1,5.333333,5,3.127976e-01,
MAP3K1->-NCOR1 MAP3K1->-PIK3CA NCOR1->-PIK3CA,3,3,2.000000,2,2.298920e-01,
PIK3CA->-TET2,2,1,5.333333,5,2.345517e-01,
TP53->-RFWD2,2,1,5.290698,4,1.074085e-02,
PIK3CA->-SMAD4,2,1,5.266667,4,1.138781e-01,
TP53->-PAK7,2,1,5.197406,4,2.952061e-03,
TP53->-ERBB4,2,1,5.000000,5,2.938456e-02,
TP53->-PBRM1,2,1,5.000000,5,1.538803e-01,
PIK3CA->-ERCC4,2,1,5.000000,5,2.322355e-02,
ARID2->-ARID1A,2,1,5.000000,5,2.583722e-01,
ARID2->-ARID1A TP53->-ARID1A TP53->-ARID2,3,3,2.000000,2,7.198254e-02,
EPHA5->-ARID1A,2,1,2.000000,2,4.960317e-01,
ERBB2->-TBX3,2,1,5.000000,5,2.253073e-01,
CDH1->-TBX3 ERBB2->-CDH1 ERBB2->-TBX3,3,3,2.000000,2,1.241109e-01,
MAP3K1->-NOTCH4,2,1,5.000000,5,1.655230e-02,
MAP3K1->-NOTCH4 TP53->-MAP3K1 TP53->-NOTCH4,3,3,2.000000,2,8.616236e-03,
MAP3K1->-NOTCH4 MAP3K1->-PIK3CA PIK3CA->-NOTCH4,3,3,2.000000,2,9.139381e-02,
MAP3K1->-NOTCH4 PIK3CA->-MAP3K1 PIK3CA->-NOTCH4,3,3,2.000000,2,9.163685e-02,
MEN1->-KMT2C,2,1,5.000000,5,6.401617e-02,
KMT2C->-GATA3 MEN1->-GATA3 MEN1->-KMT2C,3,3,2.000000,2,2.777778e-02,
TP53->-ERBB2,2,1,5.000000,5,5.280258e-01,
CDH1->-ERBB2 CDH1->-TP53 TP53->-ERBB2,3,3,2.000000,2,2.335372e-01,
ERBB2->-KMT2C,2,1,5.000000,5,1.619501e-01,
CDH1->-ERBB2 CDH1->-KMT2C ERBB2->-KMT2C,3,3,2.000000,2,1.672577e-01,
CDH1->-KMT2C ERBB2->-CDH1 ERBB2->-KMT2C,3,3,2.000000,2,1.688183e-01,
KMT2C->-PARP1 TP53->-KMT2C TP53->-PARP1,3,3,2.000000,2,1.582421e-02,
ERBB2->-KMT2C ERBB2->-PARP1 ERBB2->-PIK3CA KMT2C->-PARP1 PIK3CA->-KMT2C PIK3CA->-PARP1,4,6,2.000000,2,8.082929e-04,
TP53->-PARP1,2,1,5.000000,5,1.275229e-02,
PIK3CA->-PARP1 PIK3CA->-TP53 TP53->-PARP1,3,3,2.000000,2,5.399180e-02,
TP53->-AXIN2,2,1,5.000000,5,2.076449e-03,
TP53->-GLI1,2,1,5.000000,5,4.034341e-03,
NCOR1->-MED12,2,1,5.000000,5,1.550773e-02,
NCOR1->-MED12 TP53->-MED12 TP53->-NCOR1,3,3,3.000000,3,5.405658e-03,
NCOR1->-MED12 NCOR1->-PIK3CA PIK3CA->-MED12,3,3,2.000000,2,5.753968e-02,
PIK3CA->-BLM,2,1,5.000000,5,6.581928e-02,
KMT2C->-CDH1,2,1,5.000000,5,9.998141e-01,
TP53->-POLD1,2,1,5.000000,5,3.041848e-03,
AKT1->-NOTCH2,2,1,5.000000,5,3.679280e-03,
KMT2D->-PIK3CA,2,1,5.000000,5,9.823926e-01,
CDH1->-KMT2D CDH1->-PIK3CA KMT2D->-PIK3CA,3,3,2.000000,2,2.198673e-01,
AKT1->-KMT2C,2,1,5.000000,5,1.778106e-01,
AKT1->-KMT2C AKT1->-TP53 TP53->-KMT2C,3,3,2.400000,2,3.472222e-03,
ARID1B->-PIK3CA,2,1,5.000000,5,2.103443e-01,
ARID1B->-PIK3CA TP53->-ARID1B TP53->-PIK3CA,3,3,2.000000,2,8.531597e-02,
GPS2->-PIK3CA,2,1,5.000000,5,2.423364e-01,
CDH1->-NSD1,2,1,5.000000,5,2.688746e-02,
CDH1->-NSD1 CDH1->-TP53 TP53->-NSD1,3,3,2.000000,2,2.777778e-02,
CDH1->-FOXA1 CDH1->-NSD1 CDH1->-PIK3CA NSD1->-FOXA1 PIK3CA->-FOXA1 PIK3CA->-NSD1,4,6,2.000000,2,1.736111e-03,
CHEK2->-PIK3CA,2,1,5.000000,5,8.244048e-02,
GATA3->-EGFR,2,1,5.000000,5,3.125000e-02,
PIK3CA->-EGFR,2,1,5.000000,4,4.895833e-02,
GATA3->-EGFR GATA3->-PIK3CA PIK3CA->-EGFR,3,3,2.000000,2,2.777778e-02,
TP53->-EPHA7,2,1,5.000000,5,3.788812e-02,
SPEN->-PIK3CA,2,1,5.000000,4,9.514657e-01,
TP53->-BRD4,2,1,5.000000,5,2.088538e-02,
TP53->-TCF7L2,2,1,5.000000,5,1.912988e-02,
ESR1->-MAP3K1,2,1,5.000000,5,5.059059e-01,
ESR1->-MAP3K1 PIK3CA->-ESR1 PIK3CA->-MAP3K1,3,3,2.000000,2,2.745871e-01,
NF1->-PIK3R1,2,1,5.000000,5,1.457385e-01,
NF1->-PIK3R1 TP53->-NF1 TP53->-PIK3R1,3,3,2.000000,2,8.543771e-02,
NF1->-PIK3R1 PTEN->-NF1 PTEN->-PIK3R1,3,3,2.000000,2,8.042129e-02,
CREBBP->-KMT2C,2,1,5.000000,5,5.663629e-02,
CREBBP->-KMT2C TP53->-CREBBP TP53->-KMT2C,3,3,2.000000,2,3.506590e-02,
CREBBP->-KMT2C PIK3CA->-CREBBP PIK3CA->-KMT2C,3,3,3.000000,3,2.048419e-02,
CDH1->-CREBBP CDH1->-KMT2C CDH1->-PIK3CA CREBBP->-KMT2C PIK3CA->-CREBBP PIK3CA->-KMT2C,4,6,2.000000,2,4.678290e-03,
ARID1A->-CREBBP ARID1A->-KMT2C CREBBP->-KMT2C,3,3,2.000000,2,1.563627e-02,
CDH1->-IKZF1,2,1,5.000000,5,1.562500e-02,
GATA3->-TBX3,2,1,5.000000,5,1.233359e-01,
GATA3->-PIK3CA GATA3->-TBX3 TBX3->-PIK3CA,3,3,2.000000,2,1.425263e-01,
GATA3->-PIK3CA GATA3->-TBX3 PIK3CA->-TBX3,3,3,2.000000,2,1.430658e-01,
GATA3->-TBX3 MAP3K1->-GATA3 MAP3K1->-TBX3,3,3,2.000000,2,9.562390e-02,
CDH1->-MED12,2,1,5.000000,5,8.313127e-02,
CDH1->-MED12 PIK3CA->-CDH1 PIK3CA->-MED12,3,3,2.000000,2,1.647672e-01,
PIK3CA->-TERT,2,1,5.000000,5,1.275803e-02,
PIK3CA->-GRIN2A,2,1,5.000000,5,1.398810e-01,
FOXA1->-GATA3,2,1,5.000000,5,4.512370e-01,
FOXA1->-GATA3 FOXA1->-MAP3K1 MAP3K1->-GATA3,3,3,2.000000,2,9.722222e-02,
ERBB2->-TP53,2,1,5.000000,5,5.275947e-01,
ERBB2->-RUNX1,2,1,5.000000,5,1.875000e-01,
CDH1->-ERBB2 CDH1->-RUNX1 ERBB2->-RUNX1,3,3,2.000000,2,1.480195e-01,
TP53->-CEBPA,2,1,5.000000,5,2.083333e-02,
NCOR1->-RUNX1,2,1,5.000000,5,3.632812e-01,
NCOR1->-RUNX1 PIK3CA->-NCOR1 PIK3CA->-RUNX1,3,3,2.000000,2,2.632245e-01,
NCOR1->-PIK3CA NCOR1->-RUNX1 PIK3CA->-RUNX1,3,3,2.000000,2,2.632245e-01,
TP53->-JAK1,2,1,5.000000,5,2.937679e-01,
NCOR1->-CDH1,2,1,5.000000,5,9.925113e-01,
NCOR1->-CDH1 TP53->-CDH1 TP53->-NCOR1,3,3,2.000000,2,3.587996e-01,
CDH1->-RUNX1 NCOR1->-CDH1 NCOR1->-RUNX1,3,3,2.000000,2,1.319444e-01,
MAP2K4->-PTEN,2,1,5.000000,5,2.728941e-01,
TP53->-CIC,2,1,5.000000,5,8.943383e-02,
PIK3CA->-CIC TP53->-CIC TP53->-PIK3CA,3,3,2.000000,2,6.746032e-02,
TP53->-SMARCA4,2,1,5.000000,5,1.766493e-01,
PIK3CA->-KRAS,2,1,5.000000,5,2.587338e-01,
TP53->-PIK3R2,2,1,5.000000,5,1.388889e-02,
RUNX1->-TP53,2,1,5.000000,5,9.826588e-01,
PTPRS->-PIK3CA,2,1,5.000000,5,6.183857e-01,
PTPRS->-PIK3CA TP53->-PIK3CA TP53->-PTPRS,3,3,2.000000,2,7.203084e-02,
CDH1->-PIK3CA CDH1->-PTPRS PTPRS->-PIK3CA,3,3,2.000000,2,3.907508e-02,
TP53->-TET1,2,1,5.000000,5,8.426339e-02,
CBFB->-NCOR1,2,1,5.000000,5,2.722222e-02,
CBFB->-NCOR1 CBFB->-PIK3CA NCOR1->-PIK3CA,3,3,2.000000,2,1.203704e-01,
CBFB->-NCOR1 CBFB->-TP53 TP53->-NCOR1,3,3,2.000000,2,1.098765e-01,
CDH1->-DNMT1,2,1,5.000000,5,3.125000e-02,
CDH1->-XPO1,2,1,5.000000,5,3.113678e-02,
AKT1->-MAP2K4,2,1,5.000000,5,9.077381e-02,
PIK3CA->-GLI1,2,1,5.000000,5,9.023457e-03,
CBFB->-AKT1,2,1,5.000000,5,2.763250e-01,
PIK3CA->-BRIP1,2,1,5.000000,5,4.012980e-02,
ARID1A->-IKZF1,2,1,5.000000,5,1.224314e-02,
ARID1A->-IKZF1 ARID1A->-PIK3CA CDH1->-ARID1A CDH1->-IKZF1 CDH1->-PIK3CA IKZF1->-PIK3CA,4,6,2.000000,2,1.736111e-03,
TP53->-RAF1,2,1,5.000000,5,2.381258e-03,
TP53->-MET,2,1,5.000000,5,4.647455e-03,
CDH1->-STAG2,2,1,5.000000,5,2.155830e-02,
PIK3R1->-TP53,2,1,5.000000,5,9.778701e-01,
CDH1->-RAD50,2,1,5.000000,5,1.868746e-02,
CDH1->-PIK3CA CDH1->-RAD50 PIK3CA->-RAD50,3,3,2.000000,2,5.321401e-02,
CDH1->-RAD50 TP53->-CDH1 TP53->-RAD50,3,3,2.000000,2,1.504091e-02,
PTEN->-GRIN2A,2,1,5.000000,5,1.113575e-02,
PIK3CA->-GRIN2A PTEN->-GRIN2A PTEN->-PIK3CA,3,3,2.000000,2,6.746032e-02,
TP53->-IRF4,2,1,5.000000,5,6.615450e-03,
TP53->-TSC1,2,1,5.000000,5,9.494025e-02,
TP53->-ARAF,2,1,5.000000,5,2.629252e-02,
TP53->-TRAF2,2,1,5.000000,5,9.259618e-03,
TP53->-KIT,2,1,5.000000,5,2.937401e-03,
PIK3CA->-DNMT1,2,1,5.000000,5,1.214939e-02,
CDH1->-DNMT1 CDH1->-PIK3CA PIK3CA->-DNMT1,3,3,2.000000,2,2.777778e-02,
PIK3CA->-BRCA1,2,1,5.000000,4,2.310238e-01,
TP53->-FGFR4,2,1,5.000000,5,2.628091e-03,
KDM5C->-PIK3CA,2,1,4.888889,4,4.606639e-01,
CREBBP->-PIK3CA,2,1,4.810906,4,8.901915e-01,
CDH1->-AR,2,1,4.727273,4,9.056603e-02,
TP53->-HIST1H3B,2,1,4.666667,4,2.493130e-02,
TP53->-BRIP1,2,1,4.666667,4,3.866078e-03,
ARID1A->-CDH1,2,1,4.510499,4,9.947457e-01,
ARID1A->-CDH1 ARID1A->-PIK3CA CDH1->-PIK3CA,3,3,2.000000,2,6.669478e-01,
PIK3CA->-JAK3,2,1,4.500000,4,1.667547e-01,
MAP3K1->-ESR1,2,1,4.500000,4,6.029169e-01,
ESR1->-PIK3CA MAP3K1->-ESR1 MAP3K1->-PIK3CA,3,3,2.000000,2,2.745871e-01,
TP53->-PLK2,2,1,4.500000,4,2.950924e-02,
KMT2C->-TBX3,2,1,4.500000,4,4.318868e-01,
NF1->-CDH1,2,1,4.500000,4,8.510939e-01,
CDH1->-PIK3CA NF1->-CDH1 NF1->-PIK3CA,3,3,2.000000,2,3.598159e-01,
TET1->-ARID1A,2,1,4.500000,4,2.736790e-02,
PTEN->-RUNX1,2,1,4.500000,4,3.081597e-02,
CBFB->-ARID1A,2,1,4.500000,4,2.586806e-02,
PIK3CA->-NOTCH3,2,1,4.500000,4,1.876098e-01,
TP53->-AR,2,1,4.500000,4,2.823661e-02,
PIK3CA->-AR PIK3CA->-TP53 TP53->-AR,3,3,2.500000,2,4.629630e-03,
MEN1->-ARID1A,2,1,4.500000,4,3.126617e-02,
KMT2C->-ARID1A MEN1->-ARID1A MEN1->-KMT2C,3,3,2.000000,2,7.357085e-02,
CDH1->-POLE,2,1,4.500000,4,3.125000e-02,
TP53->-PTCH1,2,1,4.500000,4,1.419663e-01,
PIK3CA->-PTCH1 PIK3CA->-TP53 TP53->-PTCH1,3,3,2.000000,2,1.192178e-01,
ARID1A->-FAT1,2,1,4.500000,4,5.839402e-02,
TP53->-INPP4B,2,1,4.500000,4,3.585376e-02,
PIK3CA->-PIK3CG,2,1,4.500000,4,1.832660e-01,
ARID1A->-GRIN2A,2,1,4.470588,4,1.482382e-02,
ZFHX3->-CDH1,2,1,4.466667,4,1.468752e-01,
CDH1->-PIK3CA ZFHX3->-CDH1 ZFHX3->-PIK3CA,3,3,4.000000,4,2.496134e-03,
PIK3CA->-PAK7,2,1,4.400576,4,7.132819e-02,
TP53->-JAK2,2,1,4.351585,4,2.570242e-02,
RHOA->-PIK3CA,2,1,4.333333,4,8.729904e-02,
PIK3CA->-EZH2,2,1,4.277778,4,3.107345e-02,
KMT2C->-BRCA2,2,1,4.276923,4,3.798952e-01,
TP53->-AXIN1,2,1,4.230769,4,2.463430e-02,
TP53->-IKZF1,2,1,4.189903,3,1.391131e-02,
GATA3-/-PIK3CA,2,1,4.177834,0,8.071861e-01,
ERBB3->-PIK3CA,2,1,4.173469,3,6.875350e-01,
ERBB3->-PIK3CA MAP3K1->-ERBB3 MAP3K1->-PIK3CA,3,3,3.000000,3,2.494459e-02,
ESR1->-FAT1,2,1,4.067873,3,8.932393e-02,
PIK3CA->-NF2,2,1,4.000000,4,2.622405e-02,
FOXA1->-KMT2C,2,1,4.000000,4,1.635530e-01,
FOXA1->-KMT2C PIK3CA->-FOXA1 PIK3CA->-KMT2C,3,3,3.000000,3,1.965620e-02,
FOXA1->-KMT2C TP53->-FOXA1 TP53->-KMT2C,3,3,2.000000,2,2.888189e-02,
TP53->-IRS2,2,1,4.000000,4,1.080452e-01,
TP53->-CDK8,2,1,4.000000,4,3.871386e-02,
TP53->-IFNGR1,2,1,4.000000,4,1.632395e-02,
PIK3CA->-BARD1,2,1,4.000000,4,1.364969e-01,
PIK3CA->-BARD1 TP53->-BARD1 TP53->-PIK3CA,3,3,2.000000,2,3.790346e-02,
CDH1->-SMO,2,1,4.000000,4,1.658727e-02,
PIK3CA->-YES1,2,1,4.000000,4,1.741843e-02,
CDH1->-MTOR,2,1,4.000000,4,3.873390e-01,
CDH1->-MTOR CDH1->-PIK3CA PIK3CA->-MTOR,3,3,2.000000,2,6.337412e-02,
TP53->-TRAF7,2,1,4.000000,4,7.124832e-02,
TP53->-KLF4,2,1,4.000000,4,2.387747e-01,
FAT1->-PIK3CA,2,1,4.000000,4,9.995020e-01,
CDH1->-KDR,2,1,4.000000,4,5.842833e-02,
PIK3CA->-CDKN2A,2,1,4.000000,4,1.057595e-01,
PIK3CA->-CDKN2A TP53->-CDKN2A TP53->-PIK3CA,3,3,2.000000,2,5.359673e-02,
TP53->-MAP2K1,2,1,4.000000,4,1.697531e-02,
CDH1->-CTCF,2,1,4.000000,4,1.163817e-01,
TP53->-GSK3B,2,1,4.000000,4,7.444048e-03,
CDH1->-JUN,2,1,4.000000,4,4.563265e-02,
CDH1->-SMAD4,2,1,4.000000,4,3.433205e-01,
CDH1->-TET2,2,1,4.000000,4,5.119048e-02,
ERBB4->-GATA3,2,1,4.000000,4,5.312500e-02,
SETD2->-PIK3CA,2,1,4.000000,4,7.492382e-01,
CDH1->-PIK3CA CDH1->-SETD2 SETD2->-PIK3CA,3,3,2.000000,2,1.498567e-01,
FAT1->-RICTOR,2,1,4.000000,4,1.229251e-01,
FAT1->-PIK3CA FAT1->-RICTOR PIK3CA->-RICTOR,3,3,2.000000,2,7.856471e-02,
TET1->-FAT1,2,1,4.000000,4,2.804070e-01,
PIK3CA->-FAT1 PIK3CA->-TET1 TET1->-FAT1,3,3,2.000000,2,1.209567e-01,
NCOR1->-FAT1 NCOR1->-TET1 TET1->-FAT1,3,3,2.000000,2,2.729045e-02,
PIK3CA->-FAT1 PIK3CA->-RB1 RB1->-FAT1,3,3,2.000000,2,1.309292e-01,
TET1->-FAT1 TP53->-FAT1 TP53->-TET1,3,3,2.000000,2,4.596561e-02,
ARID1A->-FAT1 TET1->-ARID1A TET1->-FAT1,3,3,2.000000,2,9.020714e-03,
KMT2A->-GATA3,2,1,4.000000,4,1.875000e-01,
TP53->-EZH2,2,1,4.000000,4,1.250000e-01,
PIK3CA->-EZH2 PIK3CA->-TP53 TP53->-EZH2,3,3,2.000000,2,7.407407e-02,
PIK3CA->-FOXP1,2,1,4.000000,4,3.673769e-01,
NCOR1->-RB1,2,1,4.000000,4,2.055659e-01,
NCOR1->-PIK3CA NCOR1->-RB1 PIK3CA->-RB1,3,3,2.000000,2,7.326186e-02,
PIK3CA->-HIST1H3I,2,1,4.000000,4,1.692231e-01,
EPHA7->-PIK3CA,2,1,4.000000,4,1.026960e-01,
EPHA7->-PIK3CA TP53->-EPHA7 TP53->-PIK3CA,3,3,2.000000,2,5.581356e-03,
NF1->-KMT2C,2,1,4.000000,4,2.768231e-01,
MEN1->-SPEN,2,1,4.000000,4,6.227355e-02,
GATA3->-SPEN MEN1->-GATA3 MEN1->-SPEN,3,3,2.000000,2,7.407407e-02,
STAG2->-GATA3,2,1,4.000000,4,1.755952e-01,
SMARCA4->-PIK3CA,2,1,4.000000,4,5.779199e-01,
KMT2C->-ESR1,2,1,4.000000,4,4.388423e-02,
PTEN->-GATA3,2,1,4.000000,3,4.653247e-01,
FOXA1->-TP53,2,1,4.000000,4,9.667541e-01,
PTEN->-ATR,2,1,4.000000,4,5.004319e-02,
PTEN->-ATR TP53->-ATR TP53->-PTEN,3,3,3.000000,3,4.294177e-03,
PIK3CA->-ATR PIK3CA->-PTEN PTEN->-ATR,3,3,2.000000,2,5.575421e-02,
MGA->-ATR MGA->-PTEN PTEN->-ATR,3,3,2.000000,2,1.705041e-02,
MGA->-PTPRT,2,1,2.000000,2,2.020975e-01,
ATR->-NCOR1,2,1,4.000000,4,6.190476e-02,
ATR->-NCOR1 TP53->-ATR TP53->-NCOR1,3,3,2.000000,2,2.698413e-02,
ATR->-NCOR1 PIK3CA->-ATR PIK3CA->-NCOR1,3,3,2.000000,2,2.777778e-02,
ATR->-EP300 PIK3CA->-ATR PIK3CA->-EP300,3,3,2.000000,2,2.777778e-02,
MAP3K1->-NSD1,2,1,4.000000,4,4.464680e-01,
MAP3K1->-NSD1 TP53->-MAP3K1 TP53->-NSD1,3,3,2.000000,2,7.275132e-02,
CDH1->-MAP3K1 CDH1->-NSD1 MAP3K1->-NSD1,3,3,2.000000,2,1.195790e-01,
NF1->-MAP3K1,2,1,4.000000,4,3.206570e-01,
NF1->-MAP3K1 TP53->-MAP3K1 TP53->-NF1,3,3,3.000000,3,1.587302e-02,
NF1->-MAP3K1 PTEN->-MAP3K1 PTEN->-NF1,3,3,3.000000,3,3.536381e-03,
NF1->-MED12,2,1,4.000000,4,1.690256e-01,
NF1->-MED12 TP53->-MED12 TP53->-NF1,3,3,2.000000,2,7.275132e-02,
TP53->-PRDM1,2,1,4.000000,4,4.539683e-02,
TP53->-CTCF,2,1,4.000000,4,1.937004e-01,
ERBB2->-MAP3K1,2,1,4.000000,3,2.754869e-01,
PTEN->-ARID1B,2,1,4.000000,4,1.669412e-01,
CDH1->-RHOA,2,1,4.000000,4,2.551020e-01,
CDH1->-PIK3CA CDH1->-RHOA RHOA->-PIK3CA,3,3,2.000000,2,5.753968e-02,
CDH1->-FGFR4,2,1,4.000000,4,9.134127e-02,
GATA3->-NSD1,2,1,4.000000,4,5.833333e-02,
MAP3K1->-CDH1,2,1,4.000000,4,9.995645e-01,
MAP3K1->-CDH1 MAP3K1->-PIK3CA PIK3CA->-CDH1,3,3,2.000000,2,7.197673e-01,
GATA3->-MED12,2,1,4.000000,4,4.563492e-02,
PIK3CA->-TSHR,2,1,4.000000,4,2.083333e-02,
TP53->-GATA2,2,1,4.000000,4,1.805552e-01,
FOXA1->-CDH1,2,1,4.000000,4,9.994889e-01,
PIK3CA->-PMS1,2,1,4.000000,4,4.583333e-02,
NF1->-ERBB3,2,1,4.000000,4,6.250000e-02,
NF1->-ERBB3 NF1->-TP53 TP53->-ERBB3,3,3,2.000000,2,7.407407e-02,
CDH1->-JAK2,2,1,4.000000,4,3.125000e-02,
CDH1->-JAK2 TP53->-CDH1 TP53->-JAK2,3,3,2.000000,2,2.777778e-02,
PIK3CA->-INSR,2,1,4.000000,4,1.320988e-01,
PIK3CA->-INSR PIK3CA->-TP53 TP53->-INSR,3,3,2.000000,2,5.060185e-02,
ERBB2->-FOXA1,2,1,4.000000,4,3.010417e-01,
ERBB2->-FOXA1 ERBB2->-MAP3K1 FOXA1->-MAP3K1,3,3,2.000000,2,1.736111e-02,
TP53->-JUN,2,1,4.000000,4,6.190476e-02,
TP53->-FGFR2,2,1,4.000000,4,4.084321e-02,
MAP2K4->-NCOR1,2,1,4.000000,4,6.044147e-01,
GATA3->-PDGFRA,2,1,4.000000,4,1.522222e-01,
PIK3CA->-DNMT3B,2,1,4.000000,4,1.631563e-01,
PIK3CA->-PIK3CB,2,1,4.000000,4,2.081496e-01,
PIK3CA->-PIK3CB PIK3CA->-TP53 TP53->-PIK3CB,3,3,2.000000,2,1.746032e-02,
MDC1->-PIK3CB PIK3CA->-MDC1 PIK3CA->-PIK3CB,3,3,2.000000,2,1.746032e-02,
SPOP->-PIK3CA,2,1,4.000000,4,1.562500e-01,
PIK3CA->-INPP4A,2,1,4.000000,4,1.875000e-01,
CDH1->-NOTCH4,2,1,4.000000,4,6.181566e-02,
CDH1->-NOTCH4 CDH1->-PIK3CA PIK3CA->-NOTCH4,3,3,2.000000,2,7.357085e-02,
NF1->-FOXA1,2,1,4.000000,4,6.250000e-02,
NF1->-FOXA1 NF1->-PIK3CA PIK3CA->-FOXA1,3,3,2.000000,2,7.407407e-02,
NF1->-FOXA1 TP53->-FOXA1 TP53->-NF1,3,3,2.000000,2,7.407407e-02,
NCOR1->-MAP2K4,2,1,4.000000,4,6.044147e-01,
MAP2K4->-PIK3CA NCOR1->-MAP2K4 NCOR1->-PIK3CA,3,3,2.000000,2,1.021775e-01,
SOX9->-PTCH1,2,1,4.000000,4,6.038647e-02,
APC->-KMT2D,2,1,4.000000,4,1.688724e-01,
APC->-KMT2D TP53->-APC TP53->-KMT2D,3,3,3.000000,3,1.318083e-02,
GATA3->-CREBBP,2,1,4.000000,3,6.104570e-02,
CREBBP->-MAP3K1 GATA3->-CREBBP GATA3->-MAP3K1 GATA3->-PIK3CA PIK3CA->-CREBBP PIK3CA->-MAP3K1,4,6,2.000000,2,1.736111e-03,
JAK1->-PIK3CA,2,1,4.000000,4,3.655032e-01,
TP53->-EPCAM,2,1,4.000000,4,1.325869e-01,
CDH1->-ANKRD11,2,1,4.000000,4,2.392623e-01,
PIK3CA->-MSH6,2,1,4.000000,4,3.432292e-01,
TBX3->-RUNX1,2,1,4.000000,4,3.437500e-01,
NF1->-ATM,2,1,4.000000,4,5.357143e-02,
NF1->-ATM NF1->-PIK3CA PIK3CA->-ATM,3,3,2.000000,2,2.777778e-02,
KMT2C->-TSC2,2,1,4.000000,4,2.129850e-01,
TP53->-AURKA,2,1,4.000000,4,1.581101e-02,
PIK3CA->-IKBKE,2,1,4.000000,4,1.125933e-01,
GATA3->-CBFB,2,1,4.000000,4,9.998047e-01,
GATA3->-FOXA1,2,1,4.000000,4,7.068099e-01,
GATA3->-FOXA1 PIK3CA->-FOXA1 PIK3CA->-GATA3,3,3,2.000000,2,2.230367e-01,
MGA->-ATR,2,1,4.000000,4,5.035596e-02,
MGA->-ATR MGA->-PIK3CA PIK3CA->-ATR,3,3,2.000000,2,1.083410e-01,
PIK3CA->-KDM5C,2,1,4.000000,4,6.994276e-01,
TP53->-CDKN1A,2,1,4.000000,4,1.022528e-01,
GATA3->-SF3B1,2,1,4.000000,4,4.665179e-01,
GATA3->-SF3B1 PIK3CA->-GATA3 PIK3CA->-SF3B1,3,3,2.000000,2,5.671296e-02,
TBX3->-KMT2C,2,1,4.000000,4,6.062110e-01,
TBX3->-KMT2C TP53->-KMT2C TP53->-TBX3,3,3,2.000000,2,2.899299e-02,
CDH1->-RASA1,2,1,4.000000,4,1.532571e-01,
TP53->-SDHB,2,1,4.000000,4,3.378648e-01,
TP53->-REL,2,1,4.000000,4,2.084271e-02,
TP53->-SMAD2,2,1,4.000000,4,1.116107e-01,
GATA3->-FLT3,2,1,4.000000,3,9.083213e-02,
GATA3->-POLE,2,1,4.000000,3,1.517080e-01,
TP53->-DAXX,2,1,4.000000,4,1.761943e-02,
CDH1->-PARP1,2,1,4.000000,4,1.057158e-01,
CDH1->-ARID5B,2,1,4.000000,4,4.215606e-02,
CDH1->-ARID5B CDH1->-PIK3CA PIK3CA->-ARID5B,3,3,3.000000,3,1.030066e-02,
TP53->-RBM10,2,1,4.000000,4,1.384306e-02,
PTEN->-ATRX,2,1,4.000000,4,1.253748e-01,
PTEN->-ATRX TP53->-ATRX TP53->-PTEN,3,3,2.000000,2,8.937405e-02,
PTEN->-TBX3,2,1,4.000000,4,3.171091e-02,
TP53->-PIM1,2,1,4.000000,4,8.081342e-03,
MAP3K1->-ARID2,2,1,4.000000,4,1.978651e-02,
ERBB2->-ERBB3,2,1,4.000000,4,1.938653e-02,
CDH1->-ERBB3 ERBB2->-CDH1 ERBB2->-ERBB3,3,3,2.000000,2,7.407407e-02,
KMT2C->-PTCH1,2,1,4.000000,4,1.492208e-01,
CDH1->-KMT2A CDH1->-KMT2C CDH1->-PTCH1 KMT2C->-KMT2A KMT2C->-PTCH1 PTCH1->-KMT2A,4,6,2.000000,2,1.623441e-03,
KMT2C->-PARP1,2,1,4.000000,4,3.752387e-02,
CDH1->-KMT2C CDH1->-PARP1 KMT2C->-PARP1,3,3,2.000000,2,4.594278e-02,
CDH1->-PARP1 CDH1->-RAD50 RAD50->-PARP1,3,3,2.000000,2,1.199498e-02,
CDH1->-DNMT3A,2,1,4.000000,4,1.511549e-01,
CDH1->-DNMT3A CDH1->-PIK3CA PIK3CA->-DNMT3A,3,3,2.000000,2,5.367232e-02,
CDH1->-DNMT3A TP53->-CDH1 TP53->-DNMT3A,3,3,2.000000,2,1.509925e-02,
BRCA2->-KMT2C,2,1,4.000000,4,4.892527e-01,
PIK3CA->-PALB2,2,1,4.000000,4,1.609278e-01,
TP53->-NF2,2,1,4.000000,4,2.175676e-02,
PTEN->-SETD2,2,1,4.000000,4,8.744798e-02,
PIK3CA->-HNF1A,2,1,4.000000,4,1.078085e-01,
MAP3K1->-FOXA1,2,1,4.000000,4,8.549854e-01,
MAP3K1->-FOXA1 MAP3K1->-PIK3CA PIK3CA->-FOXA1,3,3,3.000000,3,1.208987e-01,
MAP3K1->-DICER1,2,1,4.000000,4,2.428004e-02,
MAP3K1->-CDKN1B,2,1,4.000000,4,3.245284e-01,
PIK3CA->-IKZF1,2,1,4.000000,3,3.892318e-01,
TP53->-MSH6,2,1,4.000000,4,1.042482e-01,
SPEN->-GATA3,2,1,3.852140,3,8.424192e-01,
TP53->-AXL,2,1,3.669400,3,1.964004e-02,
TP53->-SMO,2,1,3.666667,3,7.462147e-02,
NF1->-TET2,2,1,3.666667,3,3.445200e-02,
NF1->-TET2 TP53->-NF1 TP53->-TET2,3,3,2.000000,2,1.587302e-02,
TP53->-NTRK1,2,1,3.666667,3,4.092504e-03,
PTEN->-MED12,2,1,3.666667,3,1.407743e-02,
NF1->-MED12 PTEN->-MED12 PTEN->-NF1,3,3,2.000000,2,2.121829e-02,
NF1->-NSD1 PTEN->-NF1 PTEN->-NSD1,3,3,2.000000,2,2.121829e-02,
CDH1->-JAK3,2,1,3.665753,3,2.933741e-02,
CDH1->-JAK3 CDH1->-PIK3CA PIK3CA->-JAK3,3,3,2.000000,2,1.388889e-02,
MAP2K4->-JAK3,2,1,3.665753,3,3.755629e-02,
PIK3CA->-PDGFRA,2,1,3.611111,3,4.343736e-01,
PIK3CA-/-TP53,2,1,3.565447,0,1.000000e+00,
ARID1A->-KMT2D,2,1,3.545455,3,2.957910e-01,
ARID1A->-KMT2D PIK3CA->-ARID1A PIK3CA->-KMT2D,3,3,2.000000,2,7.198254e-02,
TP53->-PMS1,2,1,3.505208,3,1.795521e-02,
PIK3CA->-BRD4,2,1,3.500000,3,1.073817e-01,
MAP3K1->-MED12,2,1,3.500000,3,5.429804e-02,
MAP3K1->-MED12 PTEN->-MAP3K1 PTEN->-MED12,3,3,2.500000,2,2.559317e-03,
TP53->-E2F3,2,1,3.500000,3,8.113528e-03,
PIK3CA->-RECQL4,2,1,3.500000,3,4.048514e-01,
PIK3CA->-PPP2R1A,2,1,3.500000,3,2.767608e-01,
TP53->-DICER1,2,1,3.500000,3,2.073009e-02,
PIK3CA->-DICER1 TP53->-DICER1 TP53->-PIK3CA,3,3,2.000000,2,1.148892e-03,
ARID1B->-TP53,2,1,3.500000,3,9.489267e-01,
KMT2D->-KMT2C,2,1,3.500000,3,4.796545e-01,
PIK3CA->-TSC2,2,1,3.500000,3,4.542709e-01,
PIK3CA->-RPS6KB2,2,1,3.500000,3,5.048538e-02,
SMO->-PIK3CA,2,1,3.500000,3,4.492109e-01,
CDH1->-ALK,2,1,3.500000,3,6.040912e-02,
CDH1->-ALK CDH1->-PIK3CA PIK3CA->-ALK,3,3,2.000000,2,2.198068e-02,
CDH1->-ALK CDH1->-FOXA1 FOXA1->-ALK,3,3,2.000000,2,2.198068e-02,
PIK3CA->-SMARCA4,2,1,3.500000,3,6.327215e-01,
CDH1->-EGFR,2,1,3.500000,3,1.875000e-01,
CDH1->-EGFR CDH1->-PIK3CA PIK3CA->-EGFR,3,3,2.250000,2,4.629630e-03,
TP53->-IRS1,2,1,3.500000,3,5.252862e-02,
MAP3K1->-ATR,2,1,3.500000,3,1.331627e-01,
FOXA1->-KMT2D,2,1,3.500000,3,1.796875e-01,
CDH1->-PAK7,2,1,3.500000,3,6.110421e-02,
CDH1->-PAK7 CDH1->-TP53 TP53->-PAK7,3,3,2.000000,2,2.913519e-02,
CDH1->-PAK7 CDH1->-PIK3CA PIK3CA->-PAK7,3,3,2.000000,2,6.922095e-02,
ZFHX3->-KMT2C,2,1,3.500000,3,1.888556e-01,
KMT2C->-PIK3CA ZFHX3->-KMT2C ZFHX3->-PIK3CA,3,3,2.000000,2,8.590249e-02,
CDH1->-DNMT3B,2,1,3.500000,3,6.257548e-02,
CDH1->-DNMT3B CDH1->-PIK3CA PIK3CA->-DNMT3B,3,3,2.000000,2,2.747585e-02,
ARID1A->-TP53,2,1,3.500000,3,9.988931e-01,
RUNX1->-FOXA1,2,1,3.500000,3,3.218750e-01,
CDH1->-FOXA1 CDH1->-RUNX1 RUNX1->-FOXA1,3,3,2.000000,2,1.319444e-01,
RB1->-KMT2C,2,1,3.500000,3,2.678045e-01,
KMT2C->-PIK3CA RB1->-KMT2C RB1->-PIK3CA,3,3,2.000000,2,7.407407e-02,
KMT2A->-PIK3CA,2,1,3.500000,3,9.702276e-01,
TP53->-RASA1,2,1,3.500000,3,1.553819e-01,
FOXA1->-ESR1,2,1,3.500000,3,1.379219e-01,
FOXA1->-TBX3,2,1,3.500000,3,4.407615e-01,
FOXA1->-TBX3 PIK3CA->-FOXA1 PIK3CA->-TBX3,3,3,2.000000,2,7.407407e-02,
ARID1A->-FLT3,2,1,3.500000,3,1.567165e-01,
CDH1->-ATR,2,1,3.500000,3,5.162721e-02,
CDH1->-ATR CDH1->-PIK3CA PIK3CA->-ATR,3,3,2.500000,2,4.363897e-03,
BRCA2->-CDH1,2,1,3.500000,3,8.955774e-01,
TP53->-EGFR,2,1,3.500000,3,1.353328e-02,
TP53->-MEN1,2,1,3.500000,3,1.620660e-01,
GATA3->-PIK3R2,2,1,3.500000,3,4.297077e-02,
PIK3CA->-IRS1,2,1,3.500000,3,4.090323e-01,
APC->-PIK3CA,2,1,3.500000,3,7.840906e-01,
APC->-PIK3CA CDH1->-APC CDH1->-PIK3CA,3,3,2.000000,2,1.114435e-01,
KMT2C->-MED12,2,1,3.500000,3,4.719639e-02,
PIK3CA->-FGFR4,2,1,3.500000,2,6.088396e-01,
KMT2C->-KMT2A,2,1,3.500000,3,1.714494e-01,
TP53->-PAK1,2,1,3.500000,3,1.162424e-02,
NCOR1->-MAP3K1,2,1,3.499684,3,7.651560e-01,
NCOR1->-MAP3K1 TP53->-MAP3K1 TP53->-NCOR1,3,3,2.000000,2,7.431599e-02,
MAP3K1->-PIK3CA NCOR1->-MAP3K1 NCOR1->-PIK3CA,3,3,2.000000,2,2.299008e-01,
PTPRS->-MAP3K1,2,1,3.499684,3,1.121531e-01,
KMT2C->-ERBB3,2,1,3.492958,3,2.470189e-01,
PIK3CA->-RNF43,2,1,3.435159,3,2.166166e-02,
TP53->-ERCC4,2,1,3.400000,3,3.342038e-02,
NOTCH2->-PIK3CA,2,1,3.400000,3,3.022321e-01,
BRCA2->-PIK3CA,2,1,3.357143,3,8.626419e-01,
SPEN->-ARID2,2,1,3.347826,3,6.261008e-02,
SPEN->-ARID2 TP53->-ARID2 TP53->-SPEN,3,3,2.347826,2,3.339069e-03,
GATA3->-ERBB3,2,1,3.274854,3,1.640273e-01,
RECQL4->-PIK3CA,2,1,3.251111,3,4.833499e-01,
TP53->-HGF,2,1,3.000000,3,5.098278e-02,
ATM->-KMT2C,2,1,3.000000,3,4.123773e-01,
TP53->-RHOA,2,1,3.000000,3,2.953414e-01,
IRS2->-CARD11,2,1,3.000000,3,3.643318e-02,
IRS2->-CARD11 TP53->-CARD11 TP53->-IRS2,3,3,2.000000,2,2.211440e-02,
PIK3CA->-EIF4A2,2,1,3.000000,3,2.487481e-01,
PIK3CA->-AMER1,2,1,3.000000,3,2.618251e-01,
PIK3CA->-JAK1,2,1,3.000000,3,6.727949e-01,
PIK3CA->-PIK3C3,2,1,3.000000,3,7.939968e-02,
PIK3CA->-SOX2,2,1,3.000000,3,1.479771e-02,
PIK3CA->-ARAF,2,1,3.000000,3,2.515769e-01,
PIK3CA->-ARAF PIK3CA->-TP53 TP53->-ARAF,3,3,2.000000,2,4.204790e-02,
TP53->-IDH1,2,1,3.000000,3,3.287321e-02,
TP53->-CDK12,2,1,3.000000,3,2.888314e-01,
CDH1->-PIK3CG,2,1,3.000000,3,2.204952e-01,
PIK3CA->-SMO,2,1,3.000000,3,6.276702e-01,
CDH1->-PIK3CA CDH1->-SMO PIK3CA->-SMO,3,3,2.000000,2,4.187729e-02,
TP53->-HIST1H1C,2,1,3.000000,3,8.293064e-02,
NCOR1->-PTEN,2,1,3.000000,3,3.990035e-01,
TP53->-MYCN,2,1,3.000000,3,5.038498e-02,
TP53->-FOXP1,2,1,3.000000,3,1.871674e-01,
STK11->-EP300,2,1,3.000000,3,2.628219e-01,
STK11->-EP300 TP53->-EP300 TP53->-STK11,3,3,2.000000,2,9.376811e-02,
BRCA1->-TET2,2,1,3.000000,3,1.157221e-01,
TP53->-RAD21,2,1,3.000000,3,1.487876e-02,
PIK3CA->-FH,2,1,3.000000,3,1.781250e-01,
CDKN2A->-TP53,2,1,3.000000,3,9.844315e-01,
TP53->-H3F3C,2,1,3.000000,3,3.620588e-02,
NF1->-NCOR1,2,1,3.000000,3,4.403061e-01,
CDH1->-LATS1,2,1,3.000000,3,7.603370e-02,
MAP2K4->-CDH1,2,1,3.000000,3,9.501811e-01,
TP53->-DNMT3B,2,1,3.000000,3,5.654762e-02,
NF1->-APC,2,1,3.000000,3,3.658937e-01,
TET2->-PIK3CA,2,1,3.000000,3,8.546608e-01,
TP53->-ERG,2,1,3.000000,3,4.167681e-02,
TP53->-KDM5C,2,1,3.000000,3,5.398690e-01,
FAT1->-TP53,2,1,3.000000,3,9.992671e-01,
MAP2K4->-APC,2,1,3.000000,3,5.733333e-02,
RAD52->-TP53,2,1,3.000000,3,1.948638e-01,
MAP2K4->-TET2,2,1,3.000000,3,7.800454e-02,
CDH1->-TET2 MAP2K4->-CDH1 MAP2K4->-TET2,3,3,2.000000,2,1.819292e-02,
CDH1->-MTOR MAP2K4->-CDH1 MAP2K4->-MTOR,3,3,2.000000,2,1.819292e-02,
ARID1B->-KMT2C,2,1,3.000000,3,9.886818e-02,
ARID1B->-KMT2C ARID1B->-PIK3CA KMT2C->-PIK3CA,3,3,2.000000,2,2.224662e-02,
ARID1B->-PTCH1,2,1,2.000000,2,2.311231e-01,
PIK3CA->-FBXW7,2,1,3.000000,3,4.738145e-01,
TP53->-ERCC2,2,1,3.000000,3,2.570496e-02,
CDH1->-GPS2,2,1,3.000000,3,5.768353e-01,
PIK3CA->-HIST1H3B,2,1,3.000000,3,2.083504e-01,
KMT2D->-TP53,2,1,3.000000,3,9.999775e-01,
PIK3CA->-KDM5A,2,1,3.000000,3,3.638393e-01,
TP53->-ABL1,2,1,3.000000,3,2.736714e-01,
NCOR1->-TBX3,2,1,3.000000,3,2.079013e-01,
CDH1->-TBX3 NCOR1->-CDH1 NCOR1->-TBX3,3,3,2.000000,2,1.785714e-02,
TP53->-PIK3R3,2,1,3.000000,3,5.833333e-02,
SETD2->-ARID1A,2,1,3.000000,3,4.785401e-01,
ARID1A->-PIK3CA SETD2->-ARID1A SETD2->-PIK3CA,3,3,2.000000,2,1.823223e-01,
NOTCH1->-PIK3CA SETD2->-NOTCH1 SETD2->-PIK3CA,3,3,2.000000,2,6.486641e-02,
LATS2->-PIK3CA,2,1,3.000000,3,5.626479e-01,
ESR1->-RICTOR,2,1,3.000000,3,4.381266e-01,
ARID2->-PIK3CA,2,1,3.000000,3,9.582981e-01,
ARID1A->-ARID2,2,1,3.000000,3,7.909460e-01,
ARID1A->-ARID2 ARID1A->-PIK3CA ARID2->-PIK3CA,3,3,2.000000,2,1.194515e-01,
GATA3->-PTEN,2,1,3.000000,3,7.434577e-01,
EP300->-PIK3CA,2,1,3.000000,3,8.517957e-01,
AXL->-PIK3CA,2,1,3.000000,3,5.050404e-01,
KMT2A->-BRCA2,2,1,3.000000,3,1.759100e-01,
TP53->-ASXL1,2,1,3.000000,3,8.333333e-02,
KMT2C->-PTPRD,2,1,3.000000,3,2.540185e-01,
MTOR->-XPO1,2,1,3.000000,3,1.250000e-01,
KMT2C->-XPO1,2,1,3.000000,3,1.245471e-01,
CDH1->-DOT1L,2,1,3.000000,3,2.134463e-01,
DOT1L->-MAP3K1,2,1,3.000000,3,1.969373e-01,
CDH1->-DOT1L CDH1->-MAP3K1 DOT1L->-MAP3K1,3,3,2.000000,2,2.184236e-02,
CDH1->-MAP3K1 CDH1->-NSD1 NSD1->-MAP3K1,3,3,2.000000,2,1.195790e-01,
MAP3K1->-EPHB1,2,1,3.000000,3,4.553571e-01,
CDH1->-EPHB1 CDH1->-MAP3K1 CDH1->-PIK3CA MAP3K1->-EPHB1 PIK3CA->-EPHB1 PIK3CA->-MAP3K1,4,6,2.000000,2,7.440476e-04,
ARID1A->-EPHB1,2,1,3.000000,3,8.201058e-02,
ARID1A->-EPHB1 TP53->-ARID1A TP53->-EPHB1,3,3,2.000000,2,2.652286e-02,
ARID1A->-MAP3K1,2,1,3.000000,3,9.075416e-01,
NSD1->-MAP3K1,2,1,3.000000,3,7.323394e-01,
ARID1A->-FOXA1,2,1,3.000000,3,3.506632e-01,
NSD1->-KMT2C,2,1,3.000000,3,4.371973e-01,
NSD1->-KMT2C PIK3CA->-KMT2C PIK3CA->-NSD1,3,3,2.000000,2,2.777778e-02,
ARID1A->-KMT2C ARID1A->-NSD1 NSD1->-KMT2C,3,3,2.000000,2,2.777778e-02,
MAP3K1->-KMT2C NSD1->-KMT2C NSD1->-MAP3K1,3,3,2.000000,2,4.522412e-02,
CBFB->-EGFR,2,1,3.000000,3,8.333333e-02,
PIK3CA->-ASXL2,2,1,3.000000,3,5.840630e-01,
PIK3CA->-FGFR3,2,1,3.000000,3,3.612542e-01,
NCOR1->-FAT1,2,1,3.000000,3,1.796654e-01,
STAG2->-FAT1,2,1,3.000000,3,3.114035e-01,
PIK3CA->-RBM10,2,1,3.000000,3,2.553728e-01,
PIK3CA->-PDCD1,2,1,3.000000,3,3.106667e-01,
AKT1->-RUNX1,2,1,3.000000,3,6.111111e-02,
IKZF1->-PIK3CA,2,1,3.000000,3,6.859359e-01,
CDH1->-FLT1,2,1,3.000000,3,1.250000e-01,
HIST1H3I->-SMARCA4,2,1,3.000000,3,1.067940e-01,
HIST1H3I->-SMARCA4 PIK3CA->-HIST1H3I PIK3CA->-SMARCA4,3,3,2.000000,2,6.227808e-02,
CDH1->-EPHA7,2,1,3.000000,3,1.240809e-01,
TP53->-LATS1,2,1,3.000000,3,4.437500e-01,
TP53->-SOX2,2,1,3.000000,3,7.291667e-02,
CDH1->-GRIN2A,2,1,3.000000,3,1.250000e-01,
TP53->-GNA11,2,1,3.000000,3,6.476105e-02,
TP53->-PIK3C3,2,1,3.000000,3,4.869042e-02,
IRS1->-PIK3CA,2,1,3.000000,3,6.012933e-01,
MDC1->-PIK3CA,2,1,3.000000,3,9.059113e-01,
CARD11->-ATR TP53->-ATR TP53->-CARD11,3,3,3.000000,2,1.140468e-02,
TP53->-NTRK3,2,1,3.000000,3,3.125000e-01,
MAP3K1->-SPEN,2,1,3.000000,3,2.723214e-01,
GATA3->-SPEN MAP3K1->-GATA3 MAP3K1->-SPEN,3,3,2.000000,2,1.736111e-02,
GATA3->-NUP93,2,1,3.000000,3,1.250000e-01,
GATA3->-NUP93 PIK3CA->-GATA3 PIK3CA->-NUP93,3,3,2.000000,2,7.407407e-02,
KMT2C->-SPEN,2,1,3.000000,3,6.445804e-01,
ARID1A->-SPEN PIK3CA->-ARID1A PIK3CA->-SPEN,3,3,3.000000,3,1.607790e-02,
ARID1A->-SPEN CDH1->-ARID1A CDH1->-SPEN,3,3,2.000000,2,2.747585e-02,
ARID1A->-SPEN MEN1->-ARID1A MEN1->-SPEN,3,3,2.000000,2,2.747585e-02,
ARID1A->-EGFR,2,1,3.000000,3,1.250000e-01,
ARID1A->-EGFR GATA3->-ARID1A GATA3->-EGFR,3,3,2.000000,2,2.777778e-02,
AKT1->-NF1,2,1,3.000000,3,9.523810e-02,
ROS1->-PIK3CA,2,1,3.000000,3,8.621065e-01,
TSC2->-PIK3CA,2,1,3.000000,3,7.035498e-01,
ROS1->-TP53,2,1,3.000000,3,9.386644e-01,
PIK3CA->-ROS1 PIK3CA->-TP53 ROS1->-TP53,3,3,2.000000,2,1.076137e-01,
TBX3->-ANKRD11,2,1,3.000000,3,5.000000e-01,
CDH1->-BRCA2 CDH1->-ESR1 ESR1->-BRCA2,3,3,3.000000,3,4.629630e-03,
CDH1->-HNF1A,2,1,3.000000,3,1.215278e-01,
PIK3CA->-GNA11,2,1,3.000000,3,2.172246e-01,
ATM->-FAT1 PIK3CA->-ATM PIK3CA->-FAT1 PIK3CA->-TP53 TP53->-ATM TP53->-FAT1,4,6,2.000000,2,3.479112e-03,
GNA11->-FAT1 PIK3CA->-FAT1 PIK3CA->-GNA11 PIK3CA->-TP53 TP53->-FAT1 TP53->-GNA11,4,6,2.000000,2,9.093915e-04,
ATM->-FAT1,2,1,3.000000,3,1.994549e-01,
PIK3CA->-GATA2,2,1,3.000000,3,3.076197e-01,
PIK3CA->-CTCF,2,1,3.000000,3,9.359445e-01,
TP53->-INPP4A,2,1,3.000000,3,8.333333e-02,
PIK3CA->-SMAD2,2,1,3.000000,3,1.997879e-01,
PIK3C2G->-CREBBP,2,1,3.000000,3,1.973344e-01,
PIK3C2G->-CREBBP PIK3CA->-CREBBP PIK3CA->-PIK3C2G,3,3,2.000000,2,8.006076e-02,
DOT1L->-PIK3CA,2,1,3.000000,3,4.750000e-01,
ATRX->-PIK3CA,2,1,3.000000,3,9.024075e-01,
NCOR1->-CARD11,2,1,3.000000,3,2.833333e-01,
TP53->-CDK4,2,1,3.000000,3,1.250000e-01,
TP53->-AKT2,2,1,3.000000,3,8.750000e-02,
PTEN->-NSD1,2,1,3.000000,3,1.065256e-01,
NCOR1->-NSD1 PTEN->-NCOR1 PTEN->-NSD1 TP53->-NCOR1 TP53->-NSD1 TP53->-PTEN,4,6,2.000000,2,1.636905e-03,
MED12->-NSD1,2,1,3.000000,3,2.735486e-01,
CHEK2->-TP53,2,1,3.000000,3,2.884189e-01,
CHEK2->-PIK3CA CHEK2->-TP53 TP53->-PIK3CA,3,3,2.000000,2,2.698413e-02,
CDH1->-KDM6A,2,1,3.000000,3,4.986213e-01,
MTOR->-CDH1,2,1,3.000000,3,6.859323e-01,
CDH1->-PBRM1,2,1,3.000000,3,3.125000e-01,
NF1->-ARID1A,2,1,3.000000,3,2.500000e-01,
NF1->-ARID1A PIK3CA->-ARID1A PIK3CA->-NF1,3,3,2.000000,2,4.398148e-02,
ATM->-ESR1,2,1,3.000000,3,8.750000e-02,
ATRX->-GATA3,2,1,3.000000,3,2.008929e-01,
CDH1->-ARID1B,2,1,3.000000,3,2.719724e-01,
ARID1B->-PTPRS ARID1B->-TSC2 CDH1->-ARID1B CDH1->-PTPRS CDH1->-TSC2 PTPRS->-TSC2,4,6,2.000000,2,1.224181e-03,
ARID1B->-KMT2C ARID1B->-NF1 ARID1B->-TSC2 CDH1->-ARID1B CDH1->-KMT2C CDH1->-NF1 CDH1->-TSC2 KMT2C->-NF1 KMT2C->-TSC2 NF1->-TSC2,5,10,2.000000,2,8.347583e-05,
CDH1->-SMARCB1,2,1,3.000000,3,9.523810e-02,
ESR1->-RHOA,2,1,3.000000,3,1.250000e-01,
CDH1->-ESR1 CDH1->-RHOA ESR1->-RHOA,3,3,2.000000,2,2.777778e-02,
CDH1->-ERCC5,2,1,3.000000,3,4.843508e-02,
MAP3K1->-PTPRD,2,1,3.000000,3,1.732306e-01,
ARID1A->-JAK1,2,1,3.000000,3,1.250000e-01,
ARID1A->-JAK1 ARID1A->-PIK3CA JAK1->-PIK3CA,3,3,2.000000,2,7.407407e-02,
AKT1->-CBFB,2,1,3.000000,3,7.985147e-01,
CBFB->-ERBB2,2,1,3.000000,3,1.041667e-01,
BCL6->-CDH1,2,1,3.000000,3,4.635417e-01,
MST1R->-MAP3K1 PIK3CA->-MAP3K1 PIK3CA->-MST1R,3,3,3.000000,3,4.133598e-03,
MST1R->-KMT2C,2,1,3.000000,3,3.058036e-01,
MST1R->-KMT2C PIK3CA->-KMT2C PIK3CA->-MST1R,3,3,2.000000,2,6.911376e-02,
TP53->-CUL3,2,1,3.000000,3,2.777778e-02,
ARID1A->-ATM,2,1,3.000000,3,3.264286e-01,
CDH1->-ARID2,2,1,3.000000,3,2.184103e-01,
CDH1->-ARID2 CDH1->-PIK3CA PIK3CA->-ARID2,3,3,2.000000,2,7.357085e-02,
PTPRT->-PIK3CA,2,1,3.000000,3,9.830794e-01,
ARID1A->-ATR,2,1,3.000000,3,1.230159e-01,
PIK3CA->-KMT2D PIK3CA->-ROS1 ROS1->-KMT2D,3,3,2.000000,2,2.652286e-02,
ARID1A->-BCOR PIK3CA->-ARID1A PIK3CA->-BCOR PIK3CA->-ROS1 ROS1->-ARID1A ROS1->-BCOR,4,6,2.000000,2,1.587471e-03,
ARID1A->-ATR PIK3CA->-ARID1A PIK3CA->-ATR PIK3CA->-ROS1 ROS1->-ARID1A ROS1->-ATR,4,6,2.000000,2,1.587471e-03,
ARID1A->-NOTCH4,2,1,3.000000,3,1.245471e-01,
ESR1->-NCOR1,2,1,3.000000,3,6.562500e-01,
GATA3->-RICTOR,2,1,3.000000,2,3.018846e-01,
PTPRS->-KMT2C,2,1,3.000000,3,2.781015e-01,
PTPRS->-KMT2C TP53->-KMT2C TP53->-PTPRS,3,3,2.000000,2,2.380952e-02,
PTPRT->-KMT2D,2,1,3.000000,3,5.794455e-01,
KMT2D->-PIK3CA PTPRT->-KMT2D PTPRT->-PIK3CA,3,3,2.000000,2,1.474626e-01,
PTPRT->-KMT2C,2,1,3.000000,3,1.245059e-01,
PTPRT->-KMT2C TP53->-KMT2C TP53->-PTPRT,3,3,2.000000,2,7.352511e-02,
KMT2C->-KMT2D,2,1,3.000000,3,6.843138e-01,
KMT2C->-KMT2D TP53->-KMT2C TP53->-KMT2D,3,3,2.000000,2,1.655296e-01,
KMT2C->-KMT2D PTPRT->-KMT2C PTPRT->-KMT2D,3,3,2.000000,2,2.744840e-02,
NF1->-KMT2D,2,1,3.000000,3,2.366944e-01,
CREBBP->-TP53,2,1,3.000000,3,9.863298e-01,
ESR1->-SPEN,2,1,3.000000,3,4.437500e-01,
FGFR4->-PIK3CA,2,1,3.000000,3,7.600979e-01,
MEN1->-FAT1,2,1,3.000000,3,8.989551e-02,
TP53->-CDKN1B,2,1,3.000000,3,1.632778e-01,
SF3B1->-GATA3,2,1,3.000000,3,7.483259e-01,
SOX9->-TP53,2,1,3.000000,3,5.412563e-01,
SPEN->-CDH1,2,1,3.000000,3,9.275866e-01,
SPEN->-TP53,2,1,3.000000,3,9.649155e-01,
SDHB->-GATA3,2,1,3.000000,3,2.150538e-01,
PTEN->-MST1R,2,1,3.000000,3,8.333333e-02,
KDM5C->-TP53,2,1,3.000000,3,5.410519e-01,
NCOR1->-ESR1,2,1,3.000000,3,6.562500e-01,
ESR1->-EGFR,2,1,3.000000,3,1.250000e-01,
ESR1->-EGFR ESR1->-GATA3 GATA3->-EGFR,3,3,2.000000,2,2.777778e-02,
ASXL1->-PIK3CA,2,1,3.000000,3,5.103672e-01,
TP53->-BBC3,2,1,3.000000,3,2.500000e-02,
CBFB->-CDKN1B,2,1,3.000000,3,9.821429e-02,
GATA3->-NF1,2,1,3.000000,3,1.986111e-01,
TP53->-SOX9,2,1,3.000000,3,5.412563e-01,
SOX9->-PTCH1 TP53->-PTCH1 TP53->-SOX9,3,3,2.000000,2,2.537879e-02,
PIK3CA->-ARID1B,2,1,3.000000,3,7.503112e-01,
PIK3CA->-ASXL1,2,1,3.000000,3,5.098516e-01,
ARID1A->-APC,2,1,3.000000,3,3.088552e-01,
ARID1A->-APC CDH1->-APC CDH1->-ARID1A,3,3,2.000000,2,2.747585e-02,
ARID1A->-CREBBP CDH1->-ARID1A CDH1->-CREBBP,3,3,2.000000,2,8.970188e-02,
ERBB2->-PTCH1,2,1,3.000000,3,1.245471e-01,
CDH1->-PTCH1 ERBB2->-CDH1 ERBB2->-PTCH1,3,3,2.000000,2,7.357085e-02,
ERBB2->-PIK3CA ERBB2->-PTCH1 PIK3CA->-PTCH1,3,3,2.000000,2,2.747585e-02,
ERBB2->-KMT2C ERBB2->-PTCH1 KMT2C->-PTCH1,3,3,2.000000,2,2.747585e-02,
CDH1->-NOTCH2,2,1,3.000000,3,5.013895e-02,
CBFB->-PTEN,2,1,3.000000,3,2.790179e-01,
PIK3CA->-BRAF,2,1,3.000000,3,5.000000e-01,
PIK3CA->-STK11,2,1,3.000000,3,8.773242e-01,
CDH1->-CDKN2A,2,1,3.000000,3,1.250000e-01,
TP53->-EIF4A2,2,1,3.000000,3,1.851648e-01,
CDH1->-MSH2,2,1,3.000000,3,1.240809e-01,
PIK3CA->-SMARCD1,2,1,3.000000,3,5.833333e-02,
CTCF->-GATA3,2,1,3.000000,3,2.465278e-01,
FOXP1->-PIK3CA,2,1,3.000000,3,6.665874e-01,
TP53->-RAD54L,2,1,3.000000,3,6.666667e-02,
CTCF->-MAP3K1,2,1,3.000000,3,3.750160e-01,
KMT2A->-MAP3K1,2,1,3.000000,3,3.222483e-01,
TP53->-CSF1R,2,1,3.000000,3,1.083333e-01,
MAP2K4->-FOXP1,2,1,3.000000,3,5.000000e-02,
AKT1->-ESR1,2,1,3.000000,3,1.018662e-01,
ARID1A->-ARID5B,2,1,3.000000,3,1.245471e-01,
ARID1A->-ARID5B ARID1A->-TP53 TP53->-ARID5B,3,3,2.000000,2,2.777778e-02,
BRCA1->-GATA2,2,1,3.000000,3,1.207330e-01,
BRCA1->-GATA2 TP53->-BRCA1 TP53->-GATA2,3,3,2.000000,2,6.955524e-02,
CDH1->-PIK3C2G,2,1,3.000000,3,2.856871e-01,
CDH1->-PIK3C2G CDH1->-PIK3CA PIK3CA->-PIK3C2G,3,3,2.000000,2,7.352511e-02,
TP53->-SYK,2,1,3.000000,3,2.877747e-01,
PBRM1->-TP53,2,1,3.000000,3,6.859060e-01,
ARID1B->-NF1,2,1,3.000000,3,1.041835e-01,
ARID1B->-NF1 PTEN->-ARID1B PTEN->-NF1,3,3,2.000000,2,2.002216e-02,
SMAD4->-TP53,2,1,3.000000,3,4.196429e-01,
GATA3->-FAT1,2,1,3.000000,3,5.523617e-01,
TP53->-SH2B3,2,1,3.000000,3,1.723024e-01,
STAG2->-TP53,2,1,3.000000,3,9.913612e-01,
TP53->-RET,2,1,3.000000,3,7.142857e-02,
CDKN1B->-MAP3K1,2,1,3.000000,3,6.300513e-01,
CDKN1B->-BAP1 CDKN1B->-MAP3K1 MAP3K1->-BAP1 PIK3CA->-BAP1 PIK3CA->-CDKN1B PIK3CA->-MAP3K1,4,6,2.000000,2,1.736111e-03,
PIK3CA->-KLF4,2,1,3.000000,3,4.598214e-01,
CDH1->-EPHA5,2,1,3.000000,3,8.333333e-02,
PTEN->-ARID2,2,1,3.000000,3,1.230159e-01,
PTEN->-ARID2 TP53->-ARID2 TP53->-PTEN,3,3,2.000000,2,7.198254e-02,
ATRX->-ARID2 TP53->-ARID2 TP53->-ATRX,3,3,2.000000,2,2.652286e-02,
ATRX->-ARID2 EPHA5->-ARID2 EPHA5->-ATRX,3,3,2.000000,2,2.652286e-02,
EPHA5->-ARID2 EPHA5->-ROS1 ROS1->-ARID2,3,3,2.000000,2,2.652286e-02,
MAP3K1->-ARID2 PTEN->-ARID2 PTEN->-MAP3K1,3,3,2.000000,2,2.777778e-02,
EPCAM->-ARID2 TP53->-ARID2 TP53->-EPCAM,3,3,2.000000,2,2.777778e-02,
EPCAM->-ARID2 PTEN->-ARID2 PTEN->-EPCAM,3,3,2.000000,2,2.777778e-02,
CDH1->-KDM5C,2,1,3.000000,3,6.760912e-02,
CDH1->-BLM,2,1,3.000000,3,2.688553e-01,
CDH1->-BLM CDH1->-PIK3CA PIK3CA->-BLM,3,3,2.000000,2,5.283387e-02,
PIK3CA->-ABL1,2,1,3.000000,3,2.645833e-01,
KMT2D->-TBX3,2,1,3.000000,3,1.250000e-01,
PTEN->-ZFHX3 TP53->-PTEN TP53->-ZFHX3,3,3,3.000000,3,4.014504e-03,
CDH1->-FLT4,2,1,3.000000,3,8.750000e-02,
RUNX1->-NCOR1,2,1,3.000000,3,8.554688e-01,
PIK3CA->-NCOR1 PIK3CA->-RUNX1 RUNX1->-NCOR1,3,3,2.000000,2,2.632245e-01,
NF1->-KMT2A,2,1,3.000000,3,3.118207e-01,
NF1->-KMT2A TP53->-KMT2A TP53->-NF1,3,3,2.000000,2,2.777778e-02,
NF1->-KMT2A PIK3CA->-KMT2A PIK3CA->-NF1,3,3,2.000000,2,2.747585e-02,
RB1->-TET1,2,1,3.000000,3,3.114035e-01,
PIK3CA->-RB1 PIK3CA->-TET1 RB1->-TET1,3,3,2.000000,2,7.326186e-02,
RB1->-TET1 TP53->-RB1 TP53->-TET1,3,3,2.000000,2,7.407407e-02,
PIK3CA->-AURKA,2,1,3.000000,3,6.324405e-02,
PIK3CA->-AURKA TP53->-AURKA TP53->-PIK3CA,3,3,2.000000,2,2.814980e-02,
TP53->-AKT1,2,1,3.000000,3,9.995595e-01,
NOTCH4->-PIK3CA,2,1,3.000000,3,9.752968e-01,
RHOA->-GATA3,2,1,3.000000,3,1.026786e-01,
PIK3CA->-GATA3 RHOA->-GATA3 RHOA->-PIK3CA,3,3,2.000000,2,5.753968e-02,
CDH1->-GATA3 CDH1->-RHOA RHOA->-GATA3,3,3,2.000000,2,1.785714e-02,
CBFB->-ESR1,2,1,3.000000,3,2.562500e-01,
CBFB->-ESR1 CBFB->-PIK3CA PIK3CA->-ESR1,3,3,2.000000,2,1.111111e-02,
PIK3CA->-NCOA3,2,1,3.000000,3,1.037893e-01,
ARID1A->-NCOR1 PIK3CA->-ARID1A PIK3CA->-NCOR1,3,3,3.000000,3,1.607790e-02,
SMAD4->-ESR1,2,1,3.000000,3,1.041667e-01,
SMAD4->-CDH1,2,1,3.000000,3,6.449857e-01,
CBFB->-KMT2C,2,1,3.000000,3,3.958333e-01,
CBFB->-KMT2C CBFB->-PIK3CA KMT2C->-PIK3CA,3,3,2.000000,2,1.218975e-01,
PTEN->-BCOR,2,1,3.000000,3,1.230159e-01,
SPEN->-ATM,2,1,3.000000,3,4.590510e-01,
SPEN->-ATM SPEN->-TP53 TP53->-ATM,3,3,2.000000,2,4.362785e-02,
AKT1->-TET2,2,1,3.000000,3,1.940278e-01,
AKT1->-TET2 AKT1->-TP53 TP53->-TET2,3,3,2.000000,2,5.423280e-02,
PIK3CA->-APC PIK3CA->-SPEN SPEN->-APC,3,3,3.000000,3,5.579930e-03,
PIK3CA->-APC PIK3CA->-SPEN PIK3CA->-TP53 SPEN->-APC TP53->-APC TP53->-SPEN,4,6,2.000000,2,1.701389e-03,
FGFR4->-KMT2D,2,1,3.000000,3,1.245833e-01,
PIK3CA->-ERCC5,2,1,3.000000,3,3.118750e-01,
TP53->-HIST3H3,2,1,3.000000,3,8.300395e-02,
CREBBP->-CDH1,2,1,3.000000,3,9.218201e-01,
CDH1->-PIK3CA CREBBP->-CDH1 CREBBP->-PIK3CA,3,3,2.000000,2,2.769698e-01,
BRCA1->-PIK3CA TP53->-BRCA1 TP53->-PIK3CA,3,3,2.000000,2,3.244496e-02,
BRCA1->-PIK3CA,2,1,3.000000,3,7.616972e-01,
JAK1->-TP53,2,1,3.000000,3,8.112384e-01,
JAK1->-PIK3CA JAK1->-TP53 TP53->-PIK3CA,3,3,2.000000,2,7.275132e-02,
FAT1->-SPEN,2,1,3.000000,3,5.382653e-01,
CDH1->-IRF4,2,1,3.000000,3,1.026786e-01,
LATS1->-KMT2C,2,1,3.000000,3,2.093770e-01,
ROS1->-KMT2D,2,1,3.000000,3,2.342720e-01,
ROS1->-ARID1A,2,1,3.000000,3,1.573439e-01,
ASXL2->-PIK3CA,2,1,3.000000,3,5.840630e-01,
PIK3CA->-CDKN1A,2,1,3.000000,3,3.666131e-01,
PIK3CA->-CDKN1A PIK3CA->-TP53 TP53->-CDKN1A,3,3,2.000000,2,5.921292e-02,
TBX3->-PTCH1,2,1,3.000000,3,1.245471e-01,
AKT1->-CTCF,2,1,3.000000,3,1.500000e-01,
TP53->-NFKBIA,2,1,3.000000,3,9.882479e-02,
CBFB->-SPEN,2,1,3.000000,3,9.821429e-02,
CBFB->-SPEN GATA3->-CBFB GATA3->-SPEN,3,3,2.000000,2,5.671296e-02,
TP53->-BLM,2,1,3.000000,3,1.614479e-01,
PTPRS->-TSC2,2,1,3.000000,3,7.151155e-02,
TP53->-PIK3CD,2,1,3.000000,3,1.185897e-01,
PTEN->-ROS1,2,1,3.000000,3,3.095238e-01,
CDH1->-PIK3CA GPS2->-CDH1 GPS2->-PIK3CA,3,3,3.000000,3,1.221001e-02,
INPP4A->-ESR1,2,1,3.000000,3,3.125000e-01,
INPP4A->-ESR1 PIK3CA->-ESR1 PIK3CA->-INPP4A,3,3,2.000000,2,7.407407e-02,
TBX3->-ERBB2,2,1,3.000000,3,7.606867e-01,
CDH1->-ERBB2 TBX3->-CDH1 TBX3->-ERBB2,3,3,2.000000,2,1.241109e-01,
CDH1->-TSC2,2,1,3.000000,3,8.164585e-02,
GATA3->-ALK,2,1,3.000000,3,2.384381e-01,
PDGFRA->-PIK3CA,2,1,3.000000,3,6.688356e-01,
PIK3CA->-RAD54L,2,1,3.000000,3,2.622645e-01,
MAP3K1->-ERCC5,2,1,3.000000,3,3.947156e-01,
MAP3K1->-ERCC5 TP53->-ERCC5 TP53->-MAP3K1,3,3,2.000000,2,6.460758e-02,
PIK3CA->-RASA1,2,1,3.000000,3,2.379860e-01,
ARID1A->-CREBBP,2,1,3.000000,3,2.302199e-01,
ARID1A->-CREBBP ARID1A->-PIK3CA PIK3CA->-CREBBP,3,3,2.000000,2,5.420432e-02,
ARID1A->-BRCA2,2,1,3.000000,3,4.359797e-01,
ARID1A->-BRCA2 ARID1A->-PIK3CA PIK3CA->-BRCA2,3,3,2.000000,2,5.486670e-02,
TBX3->-BRCA2,2,1,3.000000,3,3.302546e-01,
MAP2K4->-ESR1,2,1,3.000000,3,3.653151e-02,
PIK3CA->-SOX17,2,1,3.000000,3,2.337526e-01,
PIK3CA->-FGFR1,2,1,3.000000,3,2.132937e-01,
CDH1->-NOTCH1,2,1,3.000000,3,4.334923e-01,
PIK3CA->-SDHB,2,1,3.000000,3,2.151482e-01,
PIK3CA->-SDHB TP53->-PIK3CA TP53->-SDHB,3,3,2.000000,2,6.488555e-02,
CHEK2->-GATA3,2,1,3.000000,3,2.009212e-01,
KRAS->-PIK3CA,2,1,3.000000,3,7.953336e-01,
NOTCH1->-MAP3K1,2,1,3.000000,3,3.535546e-01,
LATS1->-TSC2,2,1,3.000000,3,4.016674e-02,
MAP3K1->-CARD11,2,1,3.000000,3,2.671061e-02,
MEN1->-STAG2,2,1,3.000000,3,8.597070e-02,
MEN1->-NUP93 MEN1->-PIK3CA PIK3CA->-NUP93,3,3,2.000000,2,2.777778e-02,
GATA3->-NUP93 MEN1->-GATA3 MEN1->-NUP93 MEN1->-STAG2 STAG2->-GATA3 STAG2->-NUP93,4,6,2.000000,2,1.736111e-03,
CHEK2->-ARID1A,2,1,3.000000,3,4.946003e-02,
PTEN->-MAP2K4,2,1,3.000000,3,7.986702e-01,
PTEN->-MAP2K4 PTEN->-TP53 TP53->-MAP2K4,3,3,2.000000,2,6.978146e-02,
TP53->-FLT3,2,1,3.000000,3,4.462027e-02,
ATRX->-EPHB1,2,1,3.000000,3,6.181967e-02,
ATRX->-EPHB1 TP53->-ATRX TP53->-EPHB1,3,3,2.000000,2,3.830792e-02,
PTEN->-EPHB1,2,1,2.000000,2,1.256921e-01,
ATRX->-EPHB1 CDH1->-ATRX CDH1->-EPHB1,3,3,2.000000,2,7.879467e-03,
CDH1->-CDK12,2,1,3.000000,3,1.677558e-02,
PTEN->-PTPRS,2,1,3.000000,3,5.195813e-02,
GATA3->-CARD11,2,1,3.000000,3,4.230177e-02,
CDH1->-DAXX,2,1,3.000000,3,8.677066e-02,
TP53->-YES1,2,1,3.000000,3,8.655634e-02,
PIK3CA->-YES1 TP53->-PIK3CA TP53->-YES1,3,3,2.000000,2,5.372748e-02,
KRAS->-KMT2C,2,1,3.000000,3,2.111945e-01,
ERBB3->-TBX3,2,1,3.000000,3,4.512175e-01,
TP53->-MST1R,2,1,3.000000,3,8.754984e-02,
PTEN->-MST1R TP53->-MST1R TP53->-PTEN,3,3,2.000000,2,2.777778e-02,
APC->-ATM,2,1,3.000000,3,4.250587e-02,
APC->-ATM APC->-PIK3CA PIK3CA->-ATM,3,3,2.000000,2,3.132793e-02,
KDM6A->-PIK3CA,2,1,3.000000,3,1.697828e-01,
MAP3K1->-FAT1,2,1,3.000000,3,3.752312e-02,
ERBB2->-ARID1A,2,1,3.000000,3,1.824721e-01,
ERBB2->-ARID2,2,1,3.000000,3,3.813460e-02,
PTEN->-FAT1,2,1,3.000000,3,4.316400e-01,
KMT2C->-STAT5B,2,1,3.000000,3,2.865802e-02,
TP53->-RPS6KA4,2,1,3.000000,3,1.636132e-01,
KMT2C->-ATM,2,1,3.000000,3,4.130834e-01,
PIK3CA->-PAK1,2,1,3.000000,3,1.163319e-02,
PIK3CA->-FLT1,2,1,3.000000,3,4.124106e-01,
TP53->-FLT1,2,1,3.000000,3,6.492175e-02,
PIK3CA->-FGF4,2,1,3.000000,3,6.598420e-02,
PIK3CA->-TRAF2,2,1,3.000000,3,2.191869e-01,
PIK3CA->-TP53 PIK3CA->-TRAF2 TP53->-TRAF2,3,3,2.000000,2,7.560896e-03,
TP53->-PDGFRB,2,1,3.000000,3,1.017144e-01,
PTEN->-PIK3CD,2,1,3.000000,3,4.513556e-02,
PTEN->-PIK3CD TP53->-PIK3CD TP53->-PTEN,3,3,2.000000,2,2.408702e-02,
PTEN->-NBN,2,1,3.000000,3,4.857257e-02,
PTEN->-NBN TP53->-NBN TP53->-PTEN,3,3,2.000000,2,2.777778e-02,
PTEN->-ATM,2,1,3.000000,3,3.223206e-02,
PIK3CA->-ATM PTEN->-ATM PTEN->-PIK3CA,3,3,2.000000,2,4.285500e-03,
PTEN->-JAK3,2,1,3.000000,3,2.531675e-02,
PIK3CA->-AXL,2,1,3.000000,3,5.049807e-01,
PIK3CA->-JAK2,2,1,2.951585,2,3.454204e-01,
KMT2C->-AR,2,1,2.839988,2,3.278679e-01,
IRS2->-PIK3CA,2,1,2.748889,2,1.591854e-01,
PIK3R1->-MED12,2,1,2.736842,2,2.863076e-01,
SPEN->-KMT2C,2,1,2.733333,2,6.572063e-01,
PTEN->-DNMT1,2,1,2.701754,2,3.103367e-02,
PIK3CA->-DNMT1 PTEN->-DNMT1 PTEN->-PIK3CA,3,3,2.000000,2,4.874756e-03,
NOTCH2->-SPEN,2,1,2.666667,2,3.811059e-02,
APC->-PARP1,2,1,2.666667,2,9.647222e-02,
CDH1->-IKBKE,2,1,2.666667,2,1.037549e-01,
PTEN->-BRCA2,2,1,2.666667,2,4.554772e-02,
MAP2K4->-PTPRS,2,1,2.665753,2,1.091279e-01,
TBX3->-FOXA1,2,1,2.665753,2,6.775736e-01,
ESR1->-NOTCH1,2,1,2.600000,2,2.596987e-01,
CDH1->-FBXW7,2,1,2.600000,2,1.041667e-01,
CDH1->-SF3B1,2,1,2.571429,2,2.750000e-01,
BCOR->-PIK3CA,2,1,2.533333,2,9.159074e-01,
ATM->-TBX3,2,1,2.505208,2,6.978401e-02,
ATM->-MAP3K1,2,1,2.505208,2,3.305679e-01,
ATM->-MAP3K1 ATM->-PIK3CA MAP3K1->-PIK3CA,3,3,2.000000,2,8.477956e-02,
TP53->-WT1,2,1,2.505208,2,7.032148e-02,
PTEN->-FOXA1,2,1,2.500000,2,3.675324e-01,
FAT1->-ATRX,2,1,2.500000,2,2.901357e-01,
FAT1->-ATRX TP53->-ATRX TP53->-FAT1,3,3,2.000000,2,8.816226e-03,
FAT1->-ATRX PTEN->-ATRX PTEN->-FAT1,3,3,2.000000,2,8.949553e-03,
SDHB->-TP53,2,1,2.500000,2,7.341630e-01,
FAT1->-GATA3,2,1,2.500000,2,6.448459e-01,
TP53->-FANCC,2,1,2.500000,2,7.904040e-02,
FAT1->-SETD2,2,1,2.500000,2,3.029058e-01,
KMT2C-/-PIK3CA,2,1,2.500000,0,8.168062e-01,
MAP3K1->-MEN1,2,1,2.500000,2,4.854911e-01,
RUNX1->-MAP3K1,2,1,2.500000,2,4.916667e-01,
MAP2K4->-ARID1A,2,1,2.500000,2,7.747196e-02,
PIK3CA->-FLT3,2,1,2.500000,2,5.000000e-01,
KDM5C->-ESR1,2,1,2.500000,2,3.119907e-01,
GATA3->-ATR,2,1,2.500000,2,1.250000e-01,
CREBBP->-MAP3K1 PIK3CA->-CREBBP PIK3CA->-MAP3K1,3,3,2.500000,2,3.126233e-03,
PIK3C2G->-MAP3K1,2,1,2.500000,2,3.024240e-01,
NF1->-ASXL1,2,1,2.500000,2,9.583333e-02,
PIK3CA->-GPS2,2,1,2.500000,2,8.367457e-01,
PIK3CA->-LATS2,2,1,2.500000,2,6.579470e-01,
MAP2K4->-MED12,2,1,2.500000,2,1.250000e-01,
PTPRS->-ARID2,2,1,2.500000,2,8.236683e-02,
ATR->-ARID2 PIK3CA->-ARID2 PIK3CA->-ATR PIK3CA->-PTPRS PTPRS->-ARID2 PTPRS->-ATR,4,6,2.000000,2,1.664402e-03,
CDH1->-ATM,2,1,2.500000,2,5.010204e-01,
CDH1->-ATM CDH1->-PIK3CA PIK3CA->-ATM,3,3,2.000000,2,1.302910e-01,
GATA3->-BRCA1,2,1,2.500000,2,4.357182e-01,
PIK3CA->-TP53 PIK3CA->-ZFHX3 ZFHX3->-TP53,3,3,2.500000,2,7.361552e-03,
ARID1A->-ANKRD11,2,1,2.500000,2,2.349401e-01,
CDH1->-MDC1,2,1,2.500000,2,2.387618e-01,
RUNX1->-ARID1A,2,1,2.500000,2,5.000000e-01,
ATRX->-FLT4,2,1,2.500000,2,1.258187e-01,
AKT1->-GPS2,2,1,2.500000,2,9.791667e-02,
ATR->-ALK,2,1,2.500000,2,1.240313e-01,
ATR->-ALK TP53->-ALK TP53->-ATR,3,3,2.000000,2,2.777778e-02,
ESR1->-ERBB4,2,1,2.500000,2,3.125000e-01,
TBX3->-ZFHX3,2,1,2.500000,2,4.179824e-01,
MED12->-PIK3CA,2,1,2.500000,2,9.757095e-01,
NCOR1->-FLT4,2,1,2.500000,2,1.250000e-01,
FAT1->-FLT4,2,1,2.500000,2,1.250000e-01,
FAT1->-FLT4 PIK3CA->-FAT1 PIK3CA->-FLT4,3,3,2.000000,2,2.777778e-02,
FAT1->-NF1 PIK3CA->-FAT1 PIK3CA->-NF1,3,3,2.000000,2,7.407407e-02,
KMT2C->-NOTCH3,2,1,2.500000,2,1.250000e-01,
SPEN->-FAT1,2,1,2.500000,2,6.477466e-01,
BRCA1->-CREBBP,2,1,2.500000,2,3.148609e-01,
ROS1->-BCOR,2,1,2.500000,2,1.076539e-01,
ARID1B->-KMT2A,2,1,2.500000,2,1.250000e-01,
ARID1B->-KMT2A ARID1B->-PIK3CA PIK3CA->-KMT2A,3,3,2.000000,2,2.747585e-02,
DDR2->-PIK3CA,2,1,2.500000,2,1.196429e-01,
PBRM1->-ERBB3,2,1,2.500000,2,1.254687e-01,
ATRX->-RB1,2,1,2.500000,2,3.107129e-01,
MAP3K1->-PTEN,2,1,2.500000,2,9.640993e-01,
SETD2->-ARID2,2,1,2.500000,2,2.484606e-01,
ARID1A->-TBX3,2,1,2.500000,2,4.246383e-01,
TP53->-FGFR1,2,1,2.500000,2,1.051587e-01,
TBX3->-MAP3K1,2,1,2.500000,2,9.168143e-01,
MAP3K1->-PIK3CA TBX3->-MAP3K1 TBX3->-PIK3CA,3,3,2.000000,2,1.889154e-01,
GATA3->-ASXL1,2,1,2.500000,2,2.621786e-01,
ARID1A->-MYC,2,1,2.500000,2,2.334070e-01,
ARID2->-CARD11,2,1,2.500000,2,2.912075e-01,
ARID1A->-CARD11,2,1,2.500000,2,4.224625e-01,
BRCA2->-ZFHX3,2,1,2.500000,2,6.079060e-02,
ATM->-SPEN,2,1,2.500000,2,5.654119e-01,
TBX3->-ESR1,2,1,2.500000,2,2.963352e-01,
ARID1A->-POLE,2,1,2.500000,2,2.796102e-01,
ARID1A->-POLE PIK3CA->-ARID1A PIK3CA->-POLE,3,3,2.000000,2,7.198254e-02,
NOTCH1->-ATM,2,1,2.500000,2,4.214535e-01,
PIK3CA->-MEN1,2,1,2.500000,2,9.762206e-01,
CDH1->-KMT2C CDH1->-MEN1 CDH1->-PIK3CA MEN1->-KMT2C PIK3CA->-KMT2C PIK3CA->-MEN1,4,6,2.000000,2,8.305291e-04,
CDH1->-KRAS,2,1,2.000000,2,1.715677e-01,
CDH1->-ARID5B CDH1->-MEN1 CDH1->-PIK3CA MEN1->-ARID5B PIK3CA->-ARID5B PIK3CA->-MEN1,4,6,2.000000,2,8.712880e-04,
CDH1->-CREBBP CDH1->-MEN1 CDH1->-PIK3CA MEN1->-CREBBP PIK3CA->-CREBBP PIK3CA->-MEN1,4,6,2.000000,2,7.510494e-04,
ERBB2->-RICTOR,2,1,2.500000,2,1.193740e-01,
PIK3CA->-KIT,2,1,2.500000,2,2.685194e-01,
PTEN->-DDR2,2,1,2.500000,2,2.608500e-01,
MAP3K1->-FANCA,2,1,2.500000,2,1.970212e-01,
YES1->-PARP1,2,1,2.500000,2,1.055952e-01,
PIK3CA->-PARP1 PIK3CA->-YES1 YES1->-PARP1,3,3,2.000000,2,1.533648e-02,
TP53->-PARP1 TP53->-YES1 YES1->-PARP1,3,3,2.000000,2,1.496525e-02,
TBX3->-FAT1,2,1,2.500000,2,3.492228e-02,
PIK3CG->-SETD2,2,1,2.500000,2,7.876620e-02,
KMT2A->-SETD2,2,1,2.500000,2,1.230584e-01,
KMT2A->-MED12,2,1,2.500000,2,2.922948e-01,
FOXA1->-KMT2A,2,1,2.500000,2,1.212564e-01,
FOXA1->-KMT2A FOXA1->-PIK3CA PIK3CA->-KMT2A,3,3,2.000000,2,3.617319e-02,
MGA->-KMT2A,2,1,2.500000,2,2.371448e-01,
KMT2C->-AKT1,2,1,2.500000,2,7.733154e-01,
PIK3CA->-RIT1,2,1,2.500000,2,1.215064e-01,
MED12->-FGFR4,2,1,2.500000,2,1.216025e-01,
PTCH1->-KMT2A,2,1,2.500000,2,3.085888e-01,
MAP3K1->-PIK3C3,2,1,2.499684,2,5.400108e-02,
MAP3K1->-JAK1,2,1,2.499684,2,9.399530e-02,
KMT2D->-PTPRT PIK3CA->-KMT2D PIK3CA->-PTPRT PIK3CA->-TP53 TP53->-KMT2D TP53->-PTPRT,4,6,2.490323,2,2.112586e-04,
ATR->-EP300,2,1,2.480000,2,9.944503e-02,
ERBB3->-CARD11,2,1,2.478873,1,1.852758e-01,
MGA->-ARID2 TP53->-ARID2 TP53->-MGA,3,3,2.470588,2,1.385622e-03,
BRCA2->-ARID1A,2,1,2.470588,2,5.768524e-01,
PIK3CA->-CD274,2,1,2.459016,2,2.544410e-01,
TP53->-U2AF1,2,1,2.440287,2,4.834758e-02,
CDH1->-BRCA1 TP53->-BRCA1 TP53->-CDH1,3,3,2.428571,2,1.062787e-02,
TP53->-FOXL2,2,1,2.419400,1,4.430445e-02,
SMAD4->-NCOR1,2,1,2.400000,2,1.217687e-01,
FAT1->-KMT2C,2,1,2.400000,2,8.983031e-01,
FAT1->-PTEN,2,1,2.400000,2,6.031951e-01,
ARID2->-ALK,2,1,2.363636,2,2.653367e-01,
TP53->-LATS2,2,1,2.359794,2,3.831405e-01,
PTPRT->-ARID2,2,1,2.347826,2,3.122107e-01,
FOXA1->-FAT1,2,1,2.341463,2,2.303404e-01,
ARID1A-/-PIK3CA,2,1,2.333333,0,3.892251e-01,
PTPRS->-KMT2D TP53->-KMT2D TP53->-PTPRS,3,3,2.333333,2,4.426320e-03,
GPS2->-TP53,2,1,2.333333,2,1.250000e-01,
TSC2->-KMT2D,2,1,2.333333,2,1.156348e-01,
MGA->-KMT2D TP53->-KMT2D TP53->-MGA,3,3,2.333333,2,4.260397e-03,
MGA->-KMT2D PIK3CA->-KMT2D PIK3CA->-MGA,3,3,2.333333,2,4.220466e-03,
KMT2C->-PIK3R1,2,1,2.333333,2,4.960737e-01,
FOXA1->-NCOR1,2,1,2.333333,2,2.952319e-01,
CDH1->-FOXA1 CDH1->-NCOR1 FOXA1->-NCOR1,3,3,2.000000,2,2.747585e-02,
AKT1->-PIK3CA,2,1,2.333333,2,2.335069e-01,
NOTCH4->-APC,2,1,2.277778,2,2.999847e-01,
BRCA2->-TP53,2,1,2.276923,2,9.962043e-01,
TBX3->-ERBB3,2,1,2.274854,2,6.331860e-01,
CDH1->-ERBB3 CDH1->-TBX3 TBX3->-ERBB3,3,3,2.000000,2,2.777778e-02,
FBXW7->-PIK3CA,2,1,2.266667,2,6.218849e-01,
FLT4->-PIK3CA,2,1,2.251111,2,9.817169e-01,
PIK3CA->-CDC73,2,1,2.250000,2,3.059767e-01,
TET2->-SETD2 TP53->-SETD2 TP53->-TET2,3,3,2.250000,2,1.128221e-02,
TP53->-PMS2,2,1,2.174419,1,1.016345e-01,
PIK3CA->-RAD51C,2,1,2.166667,1,4.849556e-01,
ARID1A->-ESR1,2,1,2.136364,1,9.318463e-01,
PIK3CA-/-RFWD2,2,1,2.136364,0,1.951096e-02,
MAP3K1->-BRCA2,2,1,2.009677,1,1.121911e-01,
TP53->-SUFU,2,1,2.000000,2,5.131722e-02,
TP53->-ZRSR2,2,1,2.000000,2,3.106876e-01,
IRS2->-TET2,2,1,2.000000,2,4.550302e-02,
TP53->-BCL6,2,1,2.000000,2,2.917542e-01,
PIK3CA->-CDK12,2,1,2.000000,1,3.799377e-01,
TP53->-TOP1,2,1,2.000000,2,7.934603e-02,
FGFR4->-MSH6 TP53->-FGFR4 TP53->-MSH6,3,3,2.000000,2,1.270936e-03,
TP53->-PPP2R1A,2,1,2.000000,2,8.194590e-02,
FGFR4->-PTPRD,2,1,2.000000,2,8.194590e-02,
FGFR4->-ERBB3,2,1,2.000000,2,8.344583e-02,
TP53->-AMER1,2,1,2.000000,2,3.476898e-01,
ABL1->-TP53,2,1,2.000000,2,6.331817e-01,
TBX3->-PIK3CG,2,1,2.000000,2,1.268687e-01,
TP53->-CD79A,2,1,2.000000,2,6.568719e-02,
TP53->-GNAS,2,1,2.000000,2,7.247138e-02,
TP53->-CD79B,2,1,2.000000,2,5.805376e-02,
PIK3CA->-RPS6KA4,2,1,2.000000,2,3.660567e-01,
PIK3CA->-RARA,2,1,2.000000,2,1.167942e-01,
NCOR1->-POLE TP53->-NCOR1 TP53->-POLE,3,3,2.000000,2,4.967371e-03,
ATM->-TP53,2,1,2.000000,2,9.870827e-01,
KMT2C->-WT1,2,1,2.000000,2,5.844708e-02,
KMT2C->-FOXA1,2,1,2.000000,2,7.835186e-01,
BRCA1->-PTCH1,2,1,2.000000,2,6.571944e-02,
BRCA1->-PTPRT,2,1,2.000000,2,6.658264e-02,
KLF4->-MED12,2,1,2.000000,2,1.528424e-01,
KLF4->-NCOR1,2,1,2.000000,2,1.529424e-01,
ROS1->-NF2,2,1,2.000000,2,8.832058e-02,
TP53->-PARK2,2,1,2.000000,2,4.965109e-02,
PIK3CA->-PMS2,2,1,2.000000,2,1.445928e-01,
CDKN2A->-EP300,2,1,2.000000,2,1.498925e-01,
CDKN2A->-NOTCH4 PIK3CA->-CDKN2A PIK3CA->-NOTCH4,3,3,2.000000,2,7.779861e-03,
ERBB3->-NUP93,2,1,2.000000,2,1.088446e-01,
SDHB->-INPP4B,2,1,2.000000,2,1.545423e-01,
CDH1->-CTCF CDH1->-ERBB3 ERBB3->-CTCF,3,3,2.000000,2,2.283219e-03,
CDH1->-NUP93,2,1,2.000000,2,1.051447e-01,
KMT2D->-GATA3,2,1,2.000000,2,6.742600e-01,
PTCH1->-GATA3,2,1,2.000000,2,2.108942e-01,
TP53->-SH2D1A,2,1,2.000000,2,3.391360e-02,
PDGFRB->-PIK3CA,2,1,2.000000,2,4.283070e-01,
BLM->-STK11,2,1,2.000000,2,2.315634e-01,
STK11->-MAP2K2,2,1,2.000000,2,1.916862e-01,
STK11->-GATA3,2,1,2.000000,2,2.310884e-01,
BLM->-FAT1 BLM->-KDR FAT1->-KDR,3,3,2.000000,2,2.239055e-02,
KMT2C->-EP300 KMT2D->-EP300 KMT2D->-KMT2C,3,3,2.000000,2,2.229055e-02,
ARID1B->-KDR,2,1,2.000000,2,2.294885e-01,
ARID1B->-GATA3,2,1,2.000000,2,4.808260e-01,
STK11->-PTCH1,2,1,2.000000,2,2.297385e-01,
CDH1->-PIK3CA STK11->-CDH1 STK11->-PIK3CA,3,3,2.000000,2,6.607447e-02,
CDH1->-PIK3CA RAD52->-CDH1 RAD52->-PIK3CA,3,3,2.000000,2,2.068373e-02,
BLM->-GATA3,2,1,2.000000,2,3.874306e-01,
MAP2K2->-KMT2C,2,1,2.000000,2,2.322938e-01,
JAK3->-PIK3CA,2,1,2.000000,2,8.640912e-01,
TP53->-EED,2,1,2.000000,2,8.668523e-02,
PIK3CA->-RAD21,2,1,2.000000,2,3.269623e-01,
FBXW7->-EPHA7,2,1,2.000000,2,1.458455e-01,
BLM->-ARID1B,2,1,2.000000,2,1.974279e-01,
TP53->-FAM175A,2,1,2.000000,2,2.524973e-01,
KMT2D->-ARID1B,2,1,2.000000,2,1.646470e-01,
KMT2D->-INPP4B,2,1,2.000000,2,1.659568e-01,
TP53->-IGF1,2,1,2.000000,2,1.250000e-01,
JAK3->-GATA3 MAP2K4->-GATA3 MAP2K4->-JAK3,3,3,2.000000,2,1.782407e-02,
JAK2->-BLM JAK2->-MAP3K13 MAP3K13->-BLM,3,3,2.000000,2,1.190476e-02,
PTEN->-BARD1 TP53->-BARD1 TP53->-PTEN,3,3,2.000000,2,9.722222e-03,
TP53->-ALOX12B,2,1,2.000000,2,1.753162e-01,
TP53->-SMAD4,2,1,2.000000,2,7.571429e-01,
PIK3CA->-FAM175A,2,1,2.000000,2,3.256584e-01,
ARID1A->-FLT4,2,1,2.000000,2,2.743611e-01,
ESR1->-AMER1,2,1,2.000000,2,4.413116e-01,
INHA->-PIK3CA,2,1,2.000000,2,2.242563e-01,
SETD2->-ATRX,2,1,2.000000,2,2.215724e-01,
ARID1A->-CARD11 SETD2->-ARID1A SETD2->-CARD11,3,3,2.000000,2,2.192447e-02,
ARID2->-CARD11 SETD2->-ARID2 SETD2->-CARD11,3,3,2.000000,2,2.192447e-02,
SETD2->-LATS2,2,1,2.000000,2,3.961988e-01,
SETD2->-ESR1,2,1,2.000000,2,1.500975e-01,
TET1->-DNMT3B,2,1,2.000000,2,2.251462e-01,
ESR1->-DNMT3B,2,1,2.000000,2,4.751462e-01,
CCNE1->-IGF1R PIK3CA->-CCNE1 PIK3CA->-IGF1R,3,3,2.000000,2,2.296182e-02,
CCNE1->-RICTOR PIK3CA->-CCNE1 PIK3CA->-RICTOR,3,3,2.000000,2,2.296182e-02,
ARID1A->-DNMT3B,2,1,2.000000,2,6.682531e-01,
FAT1->-CARD11 TET1->-CARD11 TET1->-FAT1,3,3,2.000000,2,6.604747e-02,
TET1->-ARID2,2,1,2.000000,2,2.251462e-01,
ESR1->-TET1,2,1,2.000000,2,6.688596e-01,
TET1->-PIK3CA,2,1,2.000000,2,9.426294e-01,
SETD2->-BRCA2,2,1,2.000000,2,5.000000e-01,
FAT1->-DICER1,2,1,2.000000,2,2.500000e-01,
MSH6->-PIK3CA,2,1,2.000000,2,8.903646e-01,
EP300->-MAP3K1,2,1,2.000000,2,2.500000e-01,
ATM->-MSH6,2,1,2.000000,2,2.491667e-01,
TP53->-RAB35,2,1,2.000000,2,1.666667e-01,
KDM5A->-PIK3CA,2,1,2.000000,2,7.150298e-01,
PIK3CA->-PARK2,2,1,2.000000,1,5.401786e-01,
MEN1->-KMT2A,2,1,2.000000,2,1.428571e-01,
RECQL4->-TP53,2,1,2.000000,2,8.738094e-01,
TET1->-ARID1B,2,1,2.000000,2,2.500000e-01,
ARID2->-PTPRD,2,1,2.000000,2,2.500000e-01,
ARID2->-KMT2C,2,1,2.000000,2,6.868207e-01,
PTPRD->-XPO1,2,1,2.000000,2,1.964286e-01,
KMT2C->-CDK8,2,1,2.000000,2,1.591435e-01,
TP53->-RYBP,2,1,2.000000,2,1.597222e-01,
MAP3K1-/-PIK3CA,2,1,2.000000,0,9.762987e-01,
CDH1->-DOT1L CDH1->-PIK3CA PIK3CA->-DOT1L,3,3,2.000000,2,2.777778e-02,
ARID1A->-DOT1L ARID1A->-FOXA1 DOT1L->-FOXA1,3,3,2.000000,2,7.936508e-03,
CDH1->-EZH2 CDH1->-TP53 TP53->-EZH2,3,3,2.000000,2,2.777778e-02,
CDH1->-TSC1,2,1,2.000000,2,2.333333e-01,
MAP3K1->-CBFB,2,1,2.000000,2,9.850865e-01,
MAP3K1->-EGFR,2,1,2.000000,2,2.500000e-01,
SPOP->-MAP3K1,2,1,2.000000,2,6.238095e-01,
AKT1->-EGFR,2,1,2.000000,2,2.013889e-01,
MTOR->-DNMT1,2,1,2.000000,2,2.500000e-01,
AR->-ARID1A,2,1,2.000000,2,4.332283e-01,
PIK3CA->-TGFBR1,2,1,2.000000,2,2.500000e-01,
MAP3K1->-TGFBR1,2,1,2.000000,2,2.500000e-01,
ASXL2->-FOXP1 PIK3CA->-ASXL2 PIK3CA->-FOXP1,3,3,2.000000,2,2.729045e-02,
RB1->-FOXP1,2,1,2.000000,2,2.485380e-01,
PDCD1->-FOXP1,2,1,2.000000,2,2.475556e-01,
STAG2->-CHEK2,2,1,2.000000,2,4.985380e-01,
NCOR1->-FGFR3,2,1,2.000000,2,2.476375e-01,
NCOR1->-TSC1,2,1,2.000000,2,2.319688e-01,
PDCD1->-FAT1 PIK3CA->-FAT1 PIK3CA->-PDCD1,3,3,2.000000,2,2.729045e-02,
PDCD1->-RB1 PIK3CA->-PDCD1 PIK3CA->-RB1,3,3,2.000000,2,2.729045e-02,
STAG2->-TET1,2,1,2.000000,2,2.485380e-01,
FOXA1->-ERBB2,2,1,2.000000,2,8.687500e-01,
ARID2->-IKZF1 ARID2->-PIK3CA IKZF1->-PIK3CA,3,3,2.000000,2,1.587302e-02,
ARID2->-NSD1,2,1,2.000000,2,4.404762e-01,
NSD1->-PIK3CA TP53->-NSD1 TP53->-PIK3CA,3,3,2.000000,2,8.863161e-02,
CDH1->-BCOR,2,1,2.000000,2,5.000000e-01,
CDKN2A->-KMT2C,2,1,2.000000,2,2.500000e-01,
FBXW7->-SMARCA4,2,1,2.000000,2,2.170330e-01,
FBXW7->-PDGFRA,2,1,2.000000,2,2.110043e-01,
ARID1A->-MET,2,1,2.000000,2,1.833333e-01,
ARID1A->-FGFR3,2,1,2.000000,2,1.826691e-01,
GATA3->-GRIN2A,2,1,2.000000,2,1.833333e-01,
CDH1->-FOXL2,2,1,2.000000,2,2.500000e-01,
AKT1->-EPHA7,2,1,2.000000,2,2.500000e-01,
AKT1->-CD276,2,1,2.000000,2,1.666667e-01,
ATM->-MDC1,2,1,2.000000,2,3.657596e-01,
LATS1->-ROS1,2,1,2.000000,2,4.250000e-01,
CDH1->-IGF1R,2,1,2.000000,2,2.500000e-01,
CDH1->-KLF4,2,1,2.000000,2,2.500000e-01,
KLF4->-GRIN2A,2,1,2.000000,2,2.500000e-01,
MAP3K1->-RICTOR,2,1,2.000000,2,1.722164e-01,
MAP3K1->-RAD51C,2,1,2.000000,2,1.129277e-01,
MAP3K1->-IRS1,2,1,2.000000,2,1.665667e-01,
EPHA7->-HIST1H3B,2,1,2.000000,2,1.666917e-01,
MDC1->-HIST1H3B,2,1,2.000000,2,1.645418e-01,
RAD51C->-PIK3CA,2,1,2.000000,2,7.060225e-01,
PTEN->-AR,2,1,2.000000,2,1.696429e-01,
PTEN->-NOTCH2,2,1,2.000000,2,1.696429e-01,
TP53->-HIST1H3I,2,1,2.000000,2,1.669501e-01,
PIK3CA->-H3F3B,2,1,2.000000,2,1.666667e-01,
PIK3CA->-CREBBP PIK3CA->-PLK2 PLK2->-CREBBP,3,3,2.000000,2,4.130349e-02,
NOTCH2->-CREBBP TP53->-CREBBP TP53->-NOTCH2,3,3,2.000000,2,9.424603e-03,
ESR1->-CREBBP,2,1,2.000000,2,2.142857e-01,
MAP2K1->-ESR1,2,1,2.000000,2,1.875000e-01,
ESR1->-JAK1,2,1,2.000000,2,5.000000e-01,
ALK->-MAP3K1,2,1,2.000000,2,5.547456e-01,
CCNE1->-ESR1 CCNE1->-MAP3K1 ESR1->-MAP3K1,3,3,2.000000,2,2.777778e-02,
MEN1->-MAP3K1,2,1,2.000000,2,7.186260e-01,
MYC->-PIK3CA,2,1,2.000000,2,5.337358e-01,
GATA3->-HIST1H3F,2,1,2.000000,2,2.500000e-01,
FLT3->-SPEN GATA3->-FLT3 GATA3->-SPEN STAG2->-FLT3 STAG2->-GATA3 STAG2->-SPEN,4,6,2.000000,2,9.424603e-04,
FLT3->-EGFR,2,1,2.000000,2,2.500000e-01,
KMT2C->-MYC,2,1,2.000000,2,2.500000e-01,
ATM->-CHEK2,2,1,2.000000,2,2.476190e-01,
ATM->-EGFR,2,1,2.000000,2,2.500000e-01,
ATM->-NUP93,2,1,2.000000,2,2.491667e-01,
PIK3CA->-NUP93 PIK3CA->-SPEN SPEN->-NUP93,3,3,2.000000,2,2.750000e-02,
CDH1->-MPL,2,1,2.000000,2,2.150997e-01,
CDH1->-CSF1R,2,1,2.000000,2,2.500000e-01,
CIC->-ARID1A,2,1,2.000000,2,3.482826e-01,
SMARCA4->-ATR,2,1,2.000000,2,2.460317e-01,
ATR->-TP53,2,1,2.000000,2,9.991459e-01,
PIK3CA->-TP53 SMARCA4->-PIK3CA SMARCA4->-TP53,3,3,2.000000,2,1.487874e-01,
RAD54L->-KMT2C,2,1,2.000000,2,4.902303e-01,
ROS1->-TP53 TBX3->-ROS1 TBX3->-TP53,3,3,2.000000,2,4.395944e-02,
TBX3->-TSC2,2,1,2.000000,2,2.490942e-01,
TSC2->-TP53,2,1,2.000000,2,9.707255e-01,
KMT2C->-KDM5C,2,1,2.000000,2,3.321834e-01,
KMT2C->-RAD50,2,1,2.000000,2,2.587067e-01,
NF1->-HIST1H3B,2,1,2.000000,2,1.666667e-01,
PIK3CA->-H3F3C,2,1,2.000000,2,5.000000e-01,
PIK3CA->-MAP3K13,2,1,2.000000,2,6.287561e-01,
PLK2->-KMT2D,2,1,2.000000,2,2.500000e-01,
CDKN2A->-KMT2D TP53->-CDKN2A TP53->-KMT2D,3,3,2.000000,2,2.750000e-02,
PIK3CA->-LATS1,2,1,2.000000,2,5.734276e-01,
DNMT3A->-TP53,2,1,2.000000,2,9.449117e-01,
PTEN->-CARD11 TP53->-CARD11 TP53->-PTEN,3,3,2.000000,2,1.878703e-02,
IRS2->-AXIN1,2,1,2.000000,2,1.148043e-01,
PTEN->-RASA1,2,1,2.000000,2,2.111111e-01,
NCOR1->-AXIN1,2,1,2.000000,2,2.111111e-01,
NCOR1->-RASA1,2,1,2.000000,2,2.111111e-01,
PIK3CA->-CDK4,2,1,2.000000,2,2.500000e-01,
ATR->-NSD1,2,1,2.000000,2,2.476190e-01,
ERCC5->-FGFR4 TP53->-ERCC5 TP53->-FGFR4,3,3,2.000000,2,2.671429e-02,
NF1->-ERCC5 TP53->-ERCC5 TP53->-NF1,3,3,2.000000,2,2.698413e-02,
TP53->-SPOP,2,1,2.000000,2,2.476190e-01,
SPOP->-NF1,2,1,2.000000,2,2.476190e-01,
RUNX1->-CDKN1B,2,1,2.000000,2,1.666667e-01,
TP53->-PAX5,2,1,2.000000,2,1.000000e-01,
ARID1A->-PIK3C2G,2,1,2.000000,1,4.231722e-01,
NF1->-CTCF,2,1,2.000000,2,2.500000e-01,
BRAF->-PIK3CA,2,1,2.000000,2,8.125000e-01,
PTEN->-ASXL1,2,1,2.000000,2,1.750000e-01,
CDH1->-CHEK2,2,1,2.000000,2,4.976190e-01,
GATA3->-MST1,2,1,2.000000,2,8.750000e-02,
TSC1->-TP53,2,1,2.000000,2,8.598868e-01,
RB1->-FBXW7 TP53->-FBXW7 TP53->-RB1,3,3,2.000000,2,2.222222e-02,
CDH1->-AXIN1,2,1,2.000000,2,4.500000e-01,
CDH1->-SOX17 CDH1->-TP53 TP53->-SOX17,3,3,2.000000,2,2.777778e-02,
RB1->-AXIN1 TP53->-AXIN1 TP53->-RB1,3,3,2.000000,2,2.777778e-02,
PBRM1->-ERBB2,2,1,2.000000,2,2.500000e-01,
NF1->-PTPRD NF1->-TP53 TP53->-PTPRD,3,3,2.000000,2,1.388889e-02,
NF1->-EPHA7,2,1,2.000000,2,4.217949e-01,
ESR1->-ARID1B,2,1,2.000000,2,4.404780e-02,
CDH1->-ALOX12B,2,1,2.000000,2,2.500000e-01,
CDH1->-PTEN CDH1->-RHOA PTEN->-RHOA,3,3,2.000000,2,2.777778e-02,
PTEN->-ESR1,2,1,2.000000,2,5.000000e-01,
ESR1->-ALOX12B,2,1,2.000000,2,2.500000e-01,
MAP2K4->-BRCA2 TP53->-BRCA2 TP53->-MAP2K4,3,3,2.000000,2,2.316551e-03,
ATM->-RPS6KB2,2,1,2.000000,2,1.388289e-01,
ATM->-RICTOR,2,1,2.000000,2,1.360182e-01,
TBX3->-MED12,2,1,2.000000,2,1.955782e-01,
GATA3->-MAP2K4,2,1,2.000000,2,9.625779e-01,
GATA3->-CDH1,2,1,2.000000,2,9.936542e-01,
CREBBP->-DNMT3B,2,1,2.000000,2,2.253709e-01,
CREBBP->-RB1,2,1,2.000000,2,1.822090e-01,
KMT2D->-RB1 TP53->-KMT2D TP53->-RB1,3,3,2.000000,2,6.031617e-02,
PIK3CA->-RAC1,2,1,2.000000,2,1.166667e-01,
KLF4->-TP53,2,1,2.000000,2,8.315903e-01,
GATA3->-JAK1,2,1,2.000000,2,2.333333e-01,
CIC->-KMT2D,2,1,2.000000,2,3.481326e-01,
PIK3R1->-KMT2C,2,1,2.000000,2,7.562411e-01,
CDH1->-TP63,2,1,2.000000,2,2.490942e-01,
ERBB2->-TP63,2,1,2.000000,2,2.490942e-01,
FLT1->-MAP3K1,2,1,2.000000,2,3.828059e-01,
PIK3CA->-FLT1 PIK3CA->-SPEN SPEN->-FLT1,3,3,2.000000,2,2.777778e-02,
PIK3CA->-POLE PIK3CA->-SPEN SPEN->-POLE,3,3,2.000000,2,2.777778e-02,
FBXW7->-FLT4,2,1,2.000000,2,2.083333e-01,
FBXW7->-TP53,2,1,2.000000,2,9.944131e-01,
STAT3->-PIK3CA,2,1,2.000000,2,2.500000e-01,
RUNX1->-ERBB2,2,1,2.000000,2,9.218750e-01,
PIK3CA->-MAP2K1,2,1,2.000000,2,3.930556e-01,
PIK3CA->-CUL3,2,1,2.000000,2,4.583333e-01,
CDH1->-BRAF,2,1,2.000000,2,2.500000e-01,
RHOA->-CDH1,2,1,2.000000,2,8.434311e-01,
ARID1A->-RHOA,2,1,2.000000,2,1.428571e-01,
CDH1->-PIK3CA PTPRT->-CDH1 PTPRT->-PIK3CA,3,3,2.000000,2,7.352511e-02,
PTPRT->-MAP3K1,2,1,2.000000,2,5.971264e-01,
ATR->-NOTCH4 PIK3CA->-ATR PIK3CA->-NOTCH4,3,3,2.000000,2,2.750000e-02,
ATR->-GRIN2A,2,1,2.000000,2,2.500000e-01,
FLT1->-PIK3CA,2,1,2.000000,2,7.536248e-01,
AKT1->-RAD54L,2,1,2.000000,2,1.346933e-01,
RECQL4->-GATA3,2,1,2.000000,2,3.507325e-01,
KMT2C->-ANKRD11,2,1,2.000000,2,4.242288e-01,
PTPRT->-PTPRS,2,1,2.000000,2,2.500000e-01,
NF1->-PTPRS,2,1,2.000000,2,4.643204e-01,
INHA->-CREBBP,2,1,2.000000,2,2.223320e-01,
TP53->-HIST1H3G,2,1,2.000000,2,3.736563e-01,
RUNX1->-SETD2,2,1,2.000000,2,1.666667e-01,
RUNX1->-GATA3,2,1,2.000000,2,1.666667e-01,
NF1->-ERBB2,2,1,2.000000,2,4.990942e-01,
PIK3CG->-PIK3CA,2,1,2.000000,2,8.758552e-01,
IRS1->-ESR1,2,1,2.000000,2,2.500000e-01,
IRS1->-SPEN,2,1,2.000000,2,3.368582e-01,
CDK12->-TP53,2,1,2.000000,2,6.518486e-01,
KMT2C->-CBFB,2,1,2.000000,2,7.402778e-01,
KMT2C->-ARID5B,2,1,2.000000,2,4.236614e-01,
FOXA1->-PTPRD,2,1,2.000000,2,1.964286e-01,
CDKN1B->-PTPRD,2,1,2.000000,2,1.964286e-01,
FOXA1->-XPO1,2,1,2.000000,2,1.957169e-01,
ERBB2->-XPO1,2,1,2.000000,2,1.964286e-01,
SOX9->-IRS1,2,1,2.000000,2,1.245471e-01,
SOX9->-PIK3CA,2,1,2.000000,2,5.934103e-01,
RUNX1->-JUN,2,1,2.000000,2,2.250000e-01,
CDH1->-KMT2C CDH1->-RUNX1 KMT2C->-RUNX1,3,3,2.000000,2,1.319444e-01,
SPEN->-RUNX1,2,1,2.000000,2,2.491667e-01,
PIK3CA->-RB1 PIK3CA->-RUNX1 RB1->-RUNX1,3,3,2.000000,2,2.777778e-02,
RB1->-RUNX1 TP53->-RB1 TP53->-RUNX1,3,3,2.000000,2,2.777778e-02,
ERBB2->-GATA3,2,1,2.000000,2,1.666667e-01,
MAP2K4->-ATM,2,1,2.000000,2,2.380952e-01,
PIK3C2G->-NCOR1,2,1,2.000000,2,4.990119e-01,
PIK3C2G->-EGFR,2,1,2.000000,2,2.500000e-01,
DNMT3B->-ARID1A,2,1,2.000000,2,6.682531e-01,
MAP3K1->-AR,2,1,2.000000,2,5.000000e-01,
CDH1->-MAP3K1 CDH1->-POLE MAP3K1->-POLE,3,3,2.000000,2,2.777778e-02,
MAP3K1->-NF1 PIK3CA->-MAP3K1 PIK3CA->-NF1,3,3,2.000000,2,7.407407e-02,
GATA3->-RAD50 PIK3CA->-GATA3 PIK3CA->-RAD50,3,3,2.000000,2,2.777778e-02,
ESR1->-RAD50 PIK3CA->-ESR1 PIK3CA->-RAD50,3,3,2.000000,2,2.782639e-02,
GATA3->-AR,2,1,2.000000,2,5.000000e-01,
CDH1->-NF1 CDH1->-RAD50 NF1->-RAD50,3,3,2.000000,2,2.184236e-02,
ESR1->-POLE,2,1,2.000000,2,2.500000e-01,
NF1->-POLE,2,1,2.000000,2,2.500000e-01,
MAX->-PIK3CA,2,1,2.000000,2,3.388081e-01,
ERBB3->-POLE,2,1,2.000000,2,2.333333e-01,
ARID1B->-ZFHX3,2,1,2.000000,2,4.383857e-02,
PIK3CA->-MYC,2,1,2.000000,2,5.321421e-01,
PIK3CA->-PPM1D,2,1,2.000000,2,4.102295e-02,
ESR1->-ZFHX3,2,1,2.000000,2,4.497275e-02,
PIK3CA->-DCUN1D1,2,1,2.000000,2,1.014699e-01,
TP53->-CBFB,2,1,2.000000,2,9.448466e-01,
AKT1->-CREBBP,2,1,2.000000,2,2.013889e-01,
AKT1->-RB1,2,1,2.000000,2,1.622299e-01,
AKT1->-ARID1A,2,1,2.000000,2,4.871421e-01,
CDH1->-SMAD2,2,1,2.000000,2,4.990119e-01,
CDH1->-PIK3CB,2,1,2.000000,2,2.500000e-01,
IRS2->-TP53,2,1,2.000000,2,7.093245e-01,
IRS2->-POLE,2,1,2.000000,2,1.350182e-01,
MAP2K4->-CIC,2,1,2.000000,2,8.162306e-02,
MAP2K4->-KMT2D,2,1,2.000000,2,1.013699e-01,
CBFB->-TBX3,2,1,2.000000,2,6.375000e-01,
CDH1->-FGFR2,2,1,2.000000,2,1.743083e-01,
KDM6A->-CDH1,2,1,2.000000,2,8.115809e-01,
PIK3CA->-RAB35,2,1,2.000000,2,2.500000e-01,
ARID2->-BCOR TP53->-ARID2 TP53->-BCOR,3,3,2.000000,2,2.652286e-02,
RB1->-NOTCH2 TP53->-NOTCH2 TP53->-RB1,3,3,2.000000,2,2.777778e-02,
ATM->-RUNX1 PIK3CA->-ATM PIK3CA->-RUNX1,3,3,2.000000,2,5.500000e-03,
TP53->-CRLF2,2,1,2.000000,2,2.500000e-01,
ARID1A->-AKT1,2,1,2.000000,2,4.879963e-01,
CDH1->-INPP4A CDH1->-PIK3CA PIK3CA->-INPP4A,3,3,2.000000,2,2.777778e-02,
CDH1->-ERBB2 CDH1->-NCOR1 NCOR1->-ERBB2,3,3,2.000000,2,7.407407e-02,
CDH1->-GNAS,2,1,2.000000,2,2.500000e-01,
CDH1->-EIF4A2,2,1,2.000000,2,2.500000e-01,
NCOR1->-KDM6A,2,1,2.000000,2,2.500000e-01,
KDM6A->-GRIN2A TP53->-GRIN2A TP53->-KDM6A,3,3,2.000000,2,2.777778e-02,
CDH1->-CDKN2A CDH1->-NCOR1 CDKN2A->-NCOR1,3,3,2.000000,2,2.777778e-02,
NCOR1->-TET2 TP53->-NCOR1 TP53->-TET2,3,3,2.000000,2,2.777778e-02,
TET2->-GRIN2A,2,1,2.000000,2,1.331683e-01,
PTCH1->-NOTCH2,2,1,2.000000,2,2.481618e-01,
KDM6A->-KMT2A,2,1,2.000000,2,4.981618e-01,
RASA1->-KMT2A,2,1,2.000000,2,1.767213e-01,
CDH1->-SLX4,2,1,2.000000,2,2.481618e-01,
CDH1->-FGF19,2,1,2.000000,2,2.481618e-01,
NOTCH4->-NOTCH2,2,1,2.000000,2,3.493742e-01,
NOTCH4->-EED,2,1,2.000000,2,2.154371e-01,
CDH1->-MSH2 CDH1->-RASA1 MSH2->-RASA1,3,3,2.000000,2,2.716503e-02,
KMT2C->-RASA1,2,1,2.000000,2,4.336564e-01,
PIK3CA->-GNAS,2,1,2.000000,2,2.500000e-01,
SF3B1->-KMT2C,2,1,2.000000,2,4.880952e-01,
TP53->-CBL,2,1,2.000000,2,2.444444e-01,
PIK3CA->-ERG PIK3CA->-TP53 TP53->-ERG,3,3,2.000000,2,2.592593e-02,
PIK3CA->-POLE PIK3CA->-RB1 RB1->-POLE,3,3,2.000000,2,6.897903e-02,
CDH1->-PIK3CA CDH1->-SMARCD1 PIK3CA->-SMARCD1,3,3,2.000000,2,6.944444e-03,
ARID1B->-PIK3R1,2,1,2.000000,2,4.650997e-01,
ARID1B->-RUNX1,2,1,2.000000,2,2.430556e-01,
PIK3R1->-RUNX1,2,1,2.000000,2,1.666667e-01,
NCOR1->-ARID1A,2,1,2.000000,2,8.120471e-01,
CDH1->-JAK1,2,1,2.000000,2,4.976190e-01,
JAK1->-BRCA2,2,1,2.000000,2,2.142857e-01,
ESR1->-PTPRD TP53->-ESR1 TP53->-PTPRD,3,3,2.000000,2,1.388889e-02,
BRCA2->-PTPRD,2,1,2.000000,2,2.500000e-01,
RAD54L->-NCOR1,2,1,2.000000,2,2.490942e-01,
BRCA2->-BAP1,2,1,2.000000,2,1.409091e-01,
TP53->-NEGR1,2,1,2.000000,2,2.013889e-01,
RB1->-TSHR,2,1,2.000000,2,2.500000e-01,
RB1->-FLT4,2,1,2.000000,2,3.960552e-01,
RB1->-KMT2D,2,1,2.000000,2,6.666667e-01,
ATRX->-KMT2D,2,1,2.000000,2,4.268233e-01,
CTCF->-GPS2,2,1,2.000000,2,1.750000e-01,
AXIN1->-SMARCA4,2,1,2.000000,2,1.353932e-01,
AKT1->-AXIN1,2,1,2.000000,2,1.337683e-01,
NSD1->-MDM2,2,1,2.000000,2,1.050047e-01,
SMARCA4->-TET1,2,1,2.000000,2,1.332433e-01,
BCOR->-GRIN2A,2,1,2.000000,2,3.212036e-01,
NOTCH2->-TET1,2,1,2.000000,2,1.325684e-01,
PIK3CA->-PAX5,2,1,2.000000,2,1.250000e-01,
EPHB1->-MAP3K1,2,1,2.000000,2,7.827381e-01,
KMT2D->-MDC1 TP53->-KMT2D TP53->-MDC1,3,3,2.000000,2,2.182540e-02,
PTEN->-KMT2D TP53->-KMT2D TP53->-PTEN,3,3,2.000000,2,7.198254e-02,
NCOR1->-ALK,2,1,2.000000,2,2.490942e-01,
ANKRD11->-KMT2D,2,1,2.000000,2,5.748338e-01,
GATA3->-KDM5A,2,1,2.000000,2,5.000000e-01,
TP53->-YAP1,2,1,2.000000,2,5.000000e-01,
CARD11->-TP53,2,1,2.000000,2,9.860882e-01,
CDKN2A->-CARD11,2,1,2.000000,2,2.491667e-01,
PIK3CA->-BRIP1 PIK3CA->-RUNX1 RUNX1->-BRIP1,3,3,2.000000,2,1.944444e-02,
PIK3CA->-SOX9,2,1,2.000000,2,5.934103e-01,
CDH1->-SOX9,2,1,2.000000,2,4.326691e-01,
BRCA2->-STK11,2,1,2.000000,2,2.500000e-01,
ESR1->-GNAS,2,1,2.000000,2,2.500000e-01,
MAP3K1->-SPOP,2,1,2.000000,2,6.238095e-01,
MAP3K1->-DNMT3A,2,1,2.000000,2,1.666667e-01,
BCL6->-NOTCH1 CDH1->-BCL6 CDH1->-NOTCH1,3,3,2.000000,2,2.777778e-02,
ATM->-CDH1 ATM->-PIK3CA CDH1->-PIK3CA,3,3,2.000000,2,1.302910e-01,
ATM->-NOTCH1,2,1,2.000000,2,7.104310e-01,
ATM->-NOTCH4 TP53->-ATM TP53->-NOTCH4,3,3,2.000000,2,2.750000e-02,
PIK3CA->-REL,2,1,2.000000,2,2.083333e-01,
PIK3CA->-BCL6,2,1,2.000000,2,5.000000e-01,
PIK3CA->-SYK,2,1,2.000000,2,2.500000e-01,
MAP3K1->-NOTCH1 MAP3K1->-PIK3CA PIK3CA->-NOTCH1,3,3,2.000000,2,1.257440e-01,
MAP3K1->-REL TP53->-MAP3K1 TP53->-REL,3,3,2.000000,2,2.777778e-02,
MAP3K1->-SF3B1,2,1,2.000000,2,3.720238e-01,
CDH1->-DNMT3A CDH1->-KDR DNMT3A->-KDR,3,3,2.000000,2,2.777778e-02,
RB1->-NOTCH1 TP53->-NOTCH1 TP53->-RB1,3,3,2.000000,2,2.777778e-02,
RB1->-PTPRT TP53->-PTPRT TP53->-RB1,3,3,2.000000,2,7.198254e-02,
PIK3C2G->-PTPRT TP53->-PIK3C2G TP53->-PTPRT,3,3,2.000000,2,2.744840e-02,
ATM->-PIK3CA ATM->-SF3B1 PIK3CA->-SF3B1,3,3,2.000000,2,1.388889e-02,
SMAD4->-MAP3K1,2,1,2.000000,2,2.000000e-01,
SMAD4->-KMT2C,2,1,2.000000,2,3.096529e-01,
KMT2C->-MDM2,2,1,2.000000,2,1.500000e-01,
SOX9->-PDGFRA,2,1,2.000000,2,2.415459e-01,
DOT1L->-PDGFRA,2,1,2.000000,2,2.424242e-01,
PALB2->-KDM5C,2,1,2.000000,2,2.424242e-01,
APC->-RB1 TP53->-APC TP53->-RB1,3,3,2.000000,2,7.198254e-02,
APC->-EPHB1 APC->-KMT2D KMT2D->-EPHB1 TP53->-APC TP53->-EPHB1 TP53->-KMT2D,4,6,2.000000,2,1.587471e-03,
TP53->-KEAP1,2,1,2.000000,2,1.696429e-01,
EPCAM->-ARID1B,2,1,2.000000,2,2.430556e-01,
ARID1B->-PDGFRA,2,1,2.000000,2,2.421749e-01,
CIC->-RUNX1,2,1,2.000000,2,2.025463e-01,
PTEN->-PDGFRA,2,1,2.000000,2,2.430556e-01,
JAK1->-ZFHX3,2,1,2.000000,2,1.780303e-01,
PIK3CA->-IRF4,2,1,2.000000,2,2.053571e-01,
AKT1->-CIC,2,1,2.000000,2,1.342593e-01,
NCOR1->-SMARCA4,2,1,2.000000,2,2.142857e-01,
POLE->-SMARCA4 TP53->-POLE TP53->-SMARCA4,3,3,2.000000,2,1.742931e-02,
NCOR1->-ATRX,2,1,2.000000,2,1.428571e-01,
NOTCH1->-CDH1,2,1,2.000000,2,7.703617e-01,
CDH1->-IL7R,2,1,2.000000,2,1.301788e-01,
AKT1->-NCOR1,2,1,2.000000,2,2.013889e-01,
GPS2->-ESR1,2,1,2.000000,2,1.833333e-01,
TP53->-NFE2L2,2,1,2.000000,2,1.428571e-01,
BRCA1->-DNMT1,2,1,2.000000,2,8.304585e-02,
ANKRD11->-TBX3,2,1,2.000000,2,8.125000e-01,
NOTCH3->-PIK3CA,2,1,2.000000,2,8.831232e-01,
YAP1->-PIK3CA,2,1,2.000000,2,5.000000e-01,
NOTCH3->-CDH1,2,1,2.000000,2,6.868207e-01,
CDH1->-TERT,2,1,2.000000,2,2.500000e-01,
MSH6->-TERT PIK3CA->-MSH6 PIK3CA->-TERT,3,3,2.000000,2,2.777778e-02,
MAP2K4->-NOTCH2,2,1,2.000000,2,2.500000e-01,
TP53->-SMAD3,2,1,2.000000,2,2.500000e-01,
MAP2K4->-KMT2C,2,1,2.000000,2,5.000000e-01,
FOXA1->-CDK8,2,1,2.000000,2,1.245471e-01,
MEN1->-MAP2K4,2,1,2.000000,2,5.000000e-01,
MEN1->-NCOR1,2,1,2.000000,2,2.490942e-01,
CDH1->-NOTCH3,2,1,2.000000,2,6.868207e-01,
PIK3CA->-MYD88,2,1,2.000000,2,5.000000e-01,
TP53->-RAD51,2,1,2.000000,2,2.490119e-01,
TBX3->-CBFB,2,1,2.000000,2,6.375000e-01,
TBX3->-EPHA5,2,1,2.000000,2,2.500000e-01,
RET->-BCOR,2,1,2.000000,2,1.833333e-01,
IDH1->-GATA3,2,1,2.000000,2,1.750000e-01,
MAP3K1->-EPCAM,2,1,2.000000,2,3.966302e-01,
ASXL2->-KDM5C,2,1,2.000000,2,1.372012e-01,
CDH1->-NOTCH1 CDH1->-PTEN PTEN->-NOTCH1,3,3,2.000000,2,8.407913e-03,
CDH1->-MED12 CDH1->-SDHC MED12->-SDHC,3,3,2.000000,2,2.184236e-02,
APC->-RAD50 APC->-SDHC CDH1->-APC CDH1->-RAD50 CDH1->-SDHC RAD50->-SDHC,4,6,2.000000,2,1.251385e-03,
APC->-PIK3C2G APC->-SDHC CDH1->-APC CDH1->-PIK3C2G CDH1->-SDHC PIK3C2G->-SDHC,4,6,2.000000,2,1.251385e-03,
APC->-SETD2,2,1,2.000000,2,2.460317e-01,
APC->-BLM APC->-ERCC4 BLM->-ERCC4 CDH1->-APC CDH1->-BLM CDH1->-ERCC4,4,6,2.000000,2,1.736111e-03,
JAK1->-APC,2,1,2.000000,2,2.170330e-01,
CDH1->-SETD2 CDH1->-STK11 SETD2->-STK11,3,3,2.000000,2,7.407407e-02,
ASXL1->-PIK3CA PIK3R3->-ASXL1 PIK3R3->-PIK3CA,3,3,2.000000,2,2.777778e-02,
PIK3R3->-BLM,2,1,2.000000,2,2.500000e-01,
ARID1A->-PIK3R3,2,1,2.000000,2,2.500000e-01,
JAK2->-PIK3CA LATS2->-JAK2 LATS2->-PIK3CA,3,3,2.000000,2,2.777778e-02,
CDH1->-JAK2 CDH1->-PIK3CA JAK2->-PIK3CA,3,3,2.000000,2,7.407407e-02,
CDH1->-ERCC3,2,1,2.000000,2,5.000000e-01,
ERCC3->-PIK3CA,2,1,2.000000,2,5.000000e-01,
JAK1->-SETD2,2,1,2.000000,2,2.476190e-01,
JAK1->-CREBBP,2,1,2.000000,2,2.476190e-01,
CDH1->-PIK3CA CDH1->-SMARCB1 SMARCB1->-PIK3CA,3,3,2.000000,2,1.587302e-02,
SMARCB1->-FLT3,2,1,2.000000,2,2.000000e-01,
CD274->-ABL1,2,1,2.000000,2,2.250000e-01,
ASXL1->-ABL1,2,1,2.000000,2,2.500000e-01,
ASXL1->-CREBBP,2,1,2.000000,2,5.000000e-01,
RAD50->-PIK3CA,2,1,2.000000,2,9.366953e-01,
LATS2->-ASXL1,2,1,2.000000,2,2.500000e-01,
PIK3C2G->-ERCC4,2,1,2.000000,2,2.490119e-01,
ARID1A->-ERCC4 ARID1A->-IKZF1 IKZF1->-ERCC4,3,3,2.000000,2,2.777778e-02,
JAK1->-ARID2,2,1,2.000000,2,2.142857e-01,
ARID1A->-ARID2 ARID1A->-FLT3 ARID2->-FLT3,3,3,2.000000,2,2.777778e-02,
CDKN1A->-PIK3CA,2,1,2.000000,2,7.188544e-01,
FLT3->-PIK3CA,2,1,2.000000,2,7.750000e-01,
PTEN->-ERBB3,2,1,2.000000,2,2.500000e-01,
KMT2D->-ERBB3 TP53->-ERBB3 TP53->-KMT2D,3,3,2.000000,2,2.777778e-02,
ZFHX3->-KMT2D,2,1,2.000000,2,2.500000e-01,
NOTCH3->-FAT1,2,1,2.000000,2,2.166667e-01,
ESR1->-IRF4,2,1,2.000000,2,1.904762e-01,
CDH1->-MCL1,2,1,2.000000,2,2.083333e-01,
NCOR1->-KMT2C,2,1,2.000000,2,9.438315e-01,
RUNX1->-KMT2C,2,1,2.000000,2,6.875000e-01,
RUNX1->-CDKN2A,2,1,2.000000,2,2.491667e-01,
KMT2C->-KMT2A KMT2C->-TSC2 TSC2->-KMT2A,3,3,2.000000,2,1.275664e-02,
KMT2C->-TP63,2,1,2.000000,2,4.368207e-01,
MED12->-KMT2D TP53->-KMT2D TP53->-MED12,3,3,2.000000,2,1.289683e-02,
KMT2C->-MED12 KMT2C->-TSC2 TSC2->-MED12,3,3,2.000000,2,1.014109e-02,
TP53->-MDM2,2,1,2.000000,2,1.868750e-01,
TP53->-TCF3,2,1,2.000000,2,1.409091e-01,
STAT3->-NF1,2,1,2.000000,2,2.371795e-01,
NCOR1->-NF1,2,1,2.000000,2,7.718610e-01,
SETD2->-PTCH1 TP53->-PTCH1 TP53->-SETD2,3,3,2.000000,2,2.652286e-02,
PIK3CA->-PTCH1 PIK3CA->-SETD2 SETD2->-PTCH1,3,3,2.000000,2,3.539825e-02,
PIK3CA->-MGA PIK3CA->-SETD2 SETD2->-MGA,3,3,2.000000,2,8.179428e-02,
SETD2->-MGA TP53->-MGA TP53->-SETD2,3,3,2.000000,2,2.652286e-02,
NCOR1->-PTCH1 PIK3CA->-NCOR1 PIK3CA->-PTCH1,3,3,2.000000,2,2.777778e-02,
FAT1->-MSH6 PIK3CA->-FAT1 PIK3CA->-MSH6,3,3,2.000000,2,2.777778e-02,
RB1->-PIK3CG,2,1,2.000000,2,2.321429e-01,
PIK3CA->-CARD11 PIK3CA->-RUNX1 RUNX1->-CARD11,3,3,2.000000,2,2.750000e-02,
RUNX1->-CARD11 TP53->-CARD11 TP53->-RUNX1,3,3,2.000000,2,2.750000e-02,
RUNX1->-MGA TP53->-MGA TP53->-RUNX1,3,3,2.000000,2,2.750000e-02,
PIK3CA->-MGA PIK3CA->-RUNX1 RUNX1->-MGA,3,3,2.000000,2,7.361111e-02,
RUNX1->-MSH6 TP53->-MSH6 TP53->-RUNX1,3,3,2.000000,2,2.750000e-02,
PIK3CA->-MSH6 PIK3CA->-RUNX1 RUNX1->-MSH6,3,3,2.000000,2,2.750000e-02,
MSH6->-KMT2A,2,1,2.000000,2,2.500000e-01,
TP53->-IKBKE,2,1,2.000000,2,2.490119e-01,
BARD1->-AKT1 TP53->-AKT1 TP53->-BARD1,3,3,2.000000,2,9.722222e-03,
ATR->-RUNX1 PIK3CA->-ATR PIK3CA->-RUNX1,3,3,2.000000,2,7.361111e-02,
BARD1->-PIK3CA,2,1,2.000000,2,7.400866e-01,
APC->-XPO1,2,1,2.000000,2,1.743659e-01,
MAP2K4->-XPO1,2,1,2.000000,2,1.750000e-01,
TRAF7->-GATA3,2,1,2.000000,2,2.500000e-01,
MEN1->-NOTCH3,2,1,2.000000,2,2.490942e-01,
GATA3->-NOTCH3,2,1,2.000000,2,2.000000e-01,
APC->-NF1 CDH1->-APC CDH1->-NF1,3,3,2.000000,2,4.987336e-02,
ZFHX3->-ATM,2,1,2.000000,2,3.393807e-01,
ZFHX3->-NF1,2,1,2.000000,2,4.863201e-01,
CDH1->-SPOP,2,1,2.000000,2,4.583333e-01,
PIK3CA->-PNRC1,2,1,2.000000,2,2.083333e-01,
TET1->-ESR1,2,1,2.000000,2,6.688596e-01,
RB1->-ESR1,2,1,2.000000,2,2.000000e-01,
CDH1->-NFE2L2,2,1,2.000000,2,1.577398e-01,
CDH1->-PALB2,2,1,2.000000,2,4.333333e-01,
ARID1A->-NOTCH3,2,1,2.000000,2,1.992754e-01,
TP53->-MRE11A,2,1,2.000000,2,1.666667e-01,
PIK3CA->-MDM2,2,1,2.000000,2,2.491667e-01,
ESR1->-NFE2L2,2,1,2.000000,2,2.500000e-01,
ARID1A->-RUNX1 PTEN->-ARID1A PTEN->-RUNX1,3,3,2.000000,2,2.777778e-02,
ESR1->-FUBP1,2,1,2.000000,2,1.666667e-01,
SMAD4->-KDM5C,2,1,2.000000,2,5.000000e-01,
RHOA->-GRIN2A,2,1,2.000000,2,2.500000e-01,
SMAD4->-PIK3CA,2,1,2.000000,2,9.242793e-01,
GRIN2A->-PIK3CA,2,1,2.000000,2,8.991815e-01,
SOX9->-TBX3,2,1,2.000000,2,4.326691e-01,
ATM->-HGF,2,1,2.000000,2,2.500000e-01,
SMAD4->-FAT1,2,1,2.000000,2,2.083333e-01,
NF1->-MAP2K4,2,1,2.000000,2,5.764569e-01,
ATR->-PIK3CA,2,1,2.000000,2,9.993796e-01,
KMT2C->-PPP2R1A,2,1,2.000000,2,1.833333e-01,
SPEN->-DNMT3A,2,1,2.000000,2,4.404762e-01,
STAG2->-AXL,2,1,2.000000,2,2.500000e-01,
CDK8->-KRAS,2,1,2.000000,2,2.241848e-01,
NSD1->-RAD50,2,1,2.000000,2,1.792498e-01,
STAG2->-PTEN STAG2->-TP53 TP53->-PTEN,3,3,2.000000,2,2.777778e-02,
PTEN->-PIK3C2G,2,1,2.000000,2,2.150997e-01,
NOTCH1->-NCOR1,2,1,2.000000,2,2.142857e-01,
SPEN->-NCOR1,2,1,2.000000,2,4.635093e-01,
GATA3->-DOT1L,2,1,2.000000,2,2.333333e-01,
FOXA1->-DOT1L,2,1,2.000000,2,5.964286e-01,
CDH1->-BTK,2,1,2.000000,2,2.500000e-01,
AKT1->-XPO1 CDH1->-AKT1 CDH1->-XPO1,3,3,2.000000,2,2.777778e-02,
CDH1->-FAT1 MTOR->-CDH1 MTOR->-FAT1,3,3,2.000000,2,2.777778e-02,
BRCA2->-MTOR BRCA2->-XPO1 MTOR->-XPO1,3,3,2.000000,2,2.777778e-02,
CDH1->-PIK3R1,2,1,2.000000,2,4.650997e-01,
KMT2C->-NOTCH3 KMT2C->-XPO1 NOTCH3->-XPO1,3,3,2.000000,2,2.747585e-02,
SPEN->-XPO1,2,1,2.000000,2,2.490942e-01,
NOTCH3->-PIK3R1,2,1,2.000000,2,2.500000e-01,
PIK3R1->-AR,2,1,2.000000,2,2.500000e-01,
FAT1->-AR,2,1,2.000000,2,2.500000e-01,
BRCA2->-FAT1,2,1,2.000000,2,3.635818e-01,
APC->-RUNX1,2,1,2.000000,2,2.491667e-01,
NOTCH4->-KMT2D TP53->-KMT2D TP53->-NOTCH4,3,3,2.000000,2,3.388405e-02,
TP53->-NUP93,2,1,2.000000,2,4.991667e-01,
TP53->-RPS6KB2,2,1,2.000000,2,2.491667e-01,
TP53->-HLA-A,2,1,2.000000,2,2.491667e-01,
PIK3CA->-PARP1 PIK3CA->-RUNX1 RUNX1->-PARP1,3,3,2.000000,2,2.750000e-02,
NUP93->-PARP1 PIK3CA->-NUP93 PIK3CA->-PARP1,3,3,2.000000,2,2.750000e-02,
PTPRS->-PARP1,2,1,2.000000,2,2.143827e-01,
RUNX1->-INSR,2,1,2.000000,2,2.491667e-01,
ARID2->-KMT2D ERCC5->-ARID2 ERCC5->-KMT2D PIK3CA->-ARID2 PIK3CA->-ERCC5 PIK3CA->-KMT2D,4,6,2.000000,2,1.701389e-03,
ARID2->-KMT2D ERCC5->-ARID2 ERCC5->-KMT2D TP53->-ARID2 TP53->-ERCC5 TP53->-KMT2D,4,6,2.000000,2,1.701389e-03,
ATR->-KMT2D PIK3CA->-ATR PIK3CA->-KMT2D,3,3,2.000000,2,7.153202e-02,
CDH1->-PIK3CA FLCN->-CDH1 FLCN->-PIK3CA,3,3,2.000000,2,2.744840e-02,
ERCC4->-NCOR1,2,1,2.000000,2,2.845272e-01,
KMT2D->-NCOR1 SMAD2->-KMT2D SMAD2->-NCOR1,3,3,2.000000,2,2.744840e-02,
CREBBP->-KMT2C CREBBP->-NCOR1 KMT2C->-NCOR1,3,3,2.000000,2,2.715004e-02,
KMT2D->-FGFR2 TP53->-FGFR2 TP53->-KMT2D,3,3,2.000000,2,2.620836e-02,
PTPRT->-FGFR2 TP53->-FGFR2 TP53->-PTPRT,3,3,2.000000,2,2.620836e-02,
PIK3C2G->-KMT2C,2,1,2.000000,2,4.642495e-01,
BRCA1->-CREBBP BRCA1->-KMT2C CREBBP->-KMT2C,3,3,2.000000,2,2.744840e-02,
RAD51->-KMT2D,2,1,2.000000,2,1.743083e-01,
AKT1->-TBX3,2,1,2.000000,2,2.500000e-01,
ZFHX3->-ARID2,2,1,2.000000,2,2.490942e-01,
ARID2->-EPHA5 TP53->-ARID2 TP53->-EPHA5,3,3,2.000000,2,1.293300e-01,
CBFB->-MAP2K4,2,1,2.000000,2,1.633333e-01,
MAP3K1->-CTCF,2,1,2.000000,2,7.243027e-01,
ATM->-JUN,2,1,2.000000,2,2.476190e-01,
RHOA->-TBX3,2,1,2.000000,2,2.053571e-01,
FAT1->-RB1,2,1,2.000000,2,6.864035e-01,
PIK3CA->-GATA3 ROS1->-GATA3 ROS1->-PIK3CA,3,3,2.000000,2,2.777778e-02,
FGFR4->-ROS1,2,1,2.000000,2,1.780303e-01,
TP53->-ASXL2,2,1,2.000000,2,3.750000e-01,
AKT2->-PTPRT,2,1,2.000000,2,2.500000e-01,
TP53->-EPHA3,2,1,2.000000,2,5.000000e-01,
RICTOR->-ESR1,2,1,2.000000,2,7.702416e-01,
APC->-DNMT1,2,1,2.000000,2,4.670330e-01,
DNMT3A->-FAT1,2,1,2.000000,2,4.404762e-01,
SMAD4->-ERCC4,2,1,2.000000,2,2.500000e-01,
DNMT1->-SPEN,2,1,2.000000,2,2.500000e-01,
FOXP1->-PTEN,2,1,2.000000,2,2.053571e-01,
AKT1->-SETD2,2,1,2.000000,2,1.904762e-01,
CDH1->-AXIN2,2,1,2.000000,2,2.490942e-01,
AKT1->-RAD50,2,1,2.000000,2,2.500000e-01,
AKT1->-DNMT1,2,1,2.000000,2,4.670330e-01,
SMAD2->-RFWD2,2,1,2.000000,2,2.500000e-01,
MAP2K4->-ARID2,2,1,2.000000,2,2.500000e-01,
KMT2C->-NSD1,2,1,2.000000,2,7.691774e-01,
CDH1->-RET,2,1,2.000000,2,2.500000e-01,
ARID1A->-KDM5C PIK3CA->-ARID1A PIK3CA->-KDM5C,3,3,2.000000,2,5.753968e-02,
LATS1->-RFWD2,2,1,2.000000,2,2.500000e-01,
LATS1->-ATR,2,1,2.000000,2,2.500000e-01,
SMAD4->-RFWD2,2,1,2.000000,2,2.500000e-01,
BCOR->-TSC2,2,1,2.000000,2,2.500000e-01,
TSC2->-KMT2C,2,1,2.000000,2,8.144668e-01,
NCOR1->-IKZF1,2,1,2.000000,2,3.474326e-01,
GATA3->-BCOR,2,1,2.000000,2,2.500000e-01,
ASXL2->-TBX3,2,1,2.000000,2,2.500000e-01,
CDH1->-ASXL2,2,1,2.000000,2,3.764785e-01,
ASXL2->-ARID1A,2,1,2.000000,2,3.724403e-01,
FOXA1->-ARID1B,2,1,2.000000,2,2.500000e-01,
KDR->-KMT2A,2,1,2.000000,2,2.500000e-01,
GPS2->-JAK2,2,1,2.000000,2,2.500000e-01,
EPHA5->-TP53,2,1,2.000000,2,9.905506e-01,
PIK3CA->-MYCN,2,1,2.000000,2,2.500000e-01,
PIK3CA->-SHQ1,2,1,2.000000,2,1.904762e-01,
GATA3->-DICER1,2,1,2.000000,2,2.500000e-01,
GATA3->-HIST1H1C,2,1,2.000000,2,2.500000e-01,
TP53->-MALT1,2,1,2.000000,2,1.666667e-01,
MAP3K1->-ALK,2,1,2.000000,2,5.536632e-01,
MAP3K1->-KLF4,2,1,2.000000,2,1.964286e-01,
TBX3->-NCOA3,2,1,2.000000,2,1.743659e-01,
PTCH1->-PAK7 TBX3->-PAK7 TBX3->-PTCH1,3,3,2.000000,2,2.747585e-02,
PTCH1->-PAK7 SOX9->-PAK7 SOX9->-PTCH1,3,3,2.000000,2,2.747585e-02,
TBX3->-IKZF1,2,1,2.000000,2,9.774511e-02,
AKT1->-PTCH1,2,1,2.000000,2,1.000000e-01,
KDM5C->-MAP3K1,2,1,2.000000,2,2.500000e-01,
PIK3CA->-MEF2B,2,1,2.000000,2,2.500000e-01,
CBFB->-MEN1,2,1,2.000000,2,2.500000e-01,
GLI1->-GATA3,2,1,2.000000,2,2.500000e-01,
NOTCH3->-BLM TP53->-BLM TP53->-NOTCH3,3,3,2.000000,2,1.190476e-02,
GATA3->-AKT1,2,1,2.000000,2,9.837553e-01,
SPEN->-PTPRD,2,1,2.000000,2,1.666667e-01,
JAK1->-MDC1,2,1,2.000000,2,2.149660e-01,
IDH1->-SETD2 TP53->-IDH1 TP53->-SETD2,3,3,2.000000,2,2.576506e-02,
KMT2A->-NOTCH1,2,1,2.000000,2,2.476190e-01,
MDC1->-TP53,2,1,2.000000,2,9.518131e-01,
MDC1->-CREBBP,2,1,2.000000,2,4.967305e-01,
CHEK2->-CREBBP,2,1,2.000000,2,1.815873e-01,
KMT2C->-ARID2,2,1,2.000000,2,6.868207e-01,
BRCA2->-ARID2,2,1,2.000000,2,2.142857e-01,
BRCA2->-GATA3,2,1,2.000000,2,5.760712e-01,
MDC1->-FAT1,2,1,2.000000,2,1.904762e-01,
FAT1->-TET1,2,1,2.000000,2,8.579438e-01,
FOXA1->-PTEN,2,1,2.000000,2,5.759307e-01,
PTPRS->-PIK3CA STK11->-PIK3CA STK11->-PTPRS,3,3,2.000000,2,1.318267e-02,
PTPRS->-MGA STK11->-MGA STK11->-PTPRS,3,3,2.000000,2,1.308268e-02,
CDH1->-RUNX1 CDH1->-TBX3 RUNX1->-TBX3,3,3,2.000000,2,1.319444e-01,
ARAF->-PIK3CA,2,1,2.000000,2,6.198046e-01,
NF1->-ARID2 PIK3CA->-ARID2 PIK3CA->-NF1,3,3,2.000000,2,2.747585e-02,
KMT2D->-FLT3,2,1,2.000000,2,2.500000e-01,
NF1->-FLT3,2,1,2.000000,2,1.750000e-01,
EP300->-TP53,2,1,2.000000,2,9.909204e-01,
ARID1B->-NFE2L2,2,1,2.000000,2,4.650997e-01,
NFE2L2->-GATA3,2,1,2.000000,2,2.500000e-01,
MAP2K4->-FAT1,2,1,2.000000,2,3.767062e-01,
PDGFRA->-ARID2,2,1,2.000000,2,2.241848e-01,
PIK3R1->-EPHB1,2,1,2.000000,2,2.500000e-01,
PIK3R1->-NF1,2,1,2.000000,2,8.982763e-01,
FAT1->-ARID1B TP53->-ARID1B TP53->-FAT1,3,3,2.000000,2,6.442178e-02,
AR->-ARID2 AR->-IRS1 IRS1->-ARID2,3,3,2.000000,2,2.747585e-02,
ARID1B->-ARID2 ARID1B->-IRS1 IRS1->-ARID2,3,3,2.000000,2,2.747585e-02,
ARID1B->-ROS1 TP53->-ARID1B TP53->-ROS1,3,3,2.000000,2,9.920635e-03,
MAP3K1->-ARID1B,2,1,2.000000,2,5.898453e-01,
MAP3K1->-ATRX TP53->-ATRX TP53->-MAP3K1,3,3,2.000000,2,1.110778e-02,
SPEN->-ALK,2,1,2.000000,2,2.490942e-01,
EPHA5->-ALK TP53->-ALK TP53->-EPHA5,3,3,2.000000,2,2.777778e-02,
MAP3K1->-PIK3R1,2,1,2.000000,2,6.613248e-01,
FAT1->-IRS1,2,1,2.000000,2,2.500000e-01,
TET1->-SPEN TP53->-SPEN TP53->-TET1,3,3,2.000000,2,2.777778e-02,
TP53->-HIST1H3C,2,1,2.000000,2,1.696429e-01,
NF1->-NBN,2,1,2.000000,2,2.500000e-01,
KMT2A->-CD79A,2,1,2.000000,2,1.780303e-01,
FGFR4->-CD79A,2,1,2.000000,2,1.780303e-01,
FGFR4->-GRIN2A,2,1,2.000000,2,1.780303e-01,
PIK3R1->-EPHA7,2,1,2.000000,2,2.371795e-01,
NOTCH3->-PALB2,2,1,2.000000,2,2.500000e-01,
NOTCH4->-EIF4A2,2,1,2.000000,2,2.170330e-01,
TP53->-UPF1,2,1,2.000000,2,2.723688e-01,
PIK3CA->-BTK,2,1,2.000000,2,4.583333e-01,
MGA->-RB1,2,1,2.000000,2,4.960317e-01,
TBX3->-GRIN2A,2,1,2.000000,2,2.500000e-01,
AKT1->-ERBB4,2,1,2.000000,2,1.000000e-01,
KDM6A->-TP53,2,1,2.000000,2,9.572073e-01,
RB1->-CDH1,2,1,2.000000,2,9.165060e-01,
RB1->-SPEN,2,1,2.000000,2,2.686941e-01,
CREBBP->-NUP93,2,1,2.000000,2,3.550322e-01,
CDH1->-CIC,2,1,2.000000,2,1.365079e-01,
STK11->-ARID1A,2,1,2.000000,2,5.000000e-01,
KRAS->-ALK,2,1,2.000000,2,2.490942e-01,
ALK->-ARID1A TP53->-ALK TP53->-ARID1A,3,3,2.000000,2,2.777778e-02,
NCOR1->-BCOR,2,1,2.000000,2,5.000000e-01,
BCOR->-RUNX1,2,1,2.000000,2,2.500000e-01,
SF3B1->-ARID1A,2,1,2.000000,2,2.500000e-01,
FANCA->-PIK3R1,2,1,2.000000,2,1.864198e-01,
FANCA->-PARP1,2,1,2.000000,2,1.864198e-01,
KMT2C->-TSC2 PTEN->-KMT2C PTEN->-TSC2,3,3,2.000000,2,4.512168e-03,
GATA3->-FGFR2,2,1,2.000000,2,2.500000e-01,
NOTCH3->-ALK,2,1,2.000000,2,2.490942e-01,
PTEN->-MSH2,2,1,2.000000,2,2.500000e-01,
MDC1->-KMT2C PIK3CA->-KMT2C PIK3CA->-MDC1,3,3,2.000000,2,2.747585e-02,
TSC2->-MAP3K1,2,1,2.000000,2,4.634152e-01,
PPP2R1A->-ARID1A,2,1,2.000000,2,2.923104e-01,
GATA3->-KMT2D,2,1,2.000000,2,6.721039e-01,
NF1->-ATR,2,1,2.000000,2,4.217279e-01,
KLF4->-ARID1A,2,1,2.000000,2,2.083333e-01,
SETD2->-BCOR,2,1,2.000000,2,2.460317e-01,
HIST1H3I->-HNF1A PIK3CA->-HIST1H3I PIK3CA->-HNF1A,3,3,2.000000,2,2.652286e-02,
HIST1H3I->-HNF1A ROS1->-HIST1H3I ROS1->-HNF1A,3,3,2.000000,2,2.652286e-02,
PIK3CA->-ARID2 PIK3CA->-PTCH1 PTCH1->-ARID2,3,3,2.000000,2,2.623457e-02,
PIK3CA->-GLI1 PIK3CA->-PTCH1 PTCH1->-GLI1,3,3,2.000000,2,2.623457e-02,
PIK3CA->-ATR PIK3CA->-PTCH1 PTCH1->-ATR,3,3,2.000000,2,2.623457e-02,
PIK3CA->-BCOR PIK3CA->-PTCH1 PTCH1->-BCOR,3,3,2.000000,2,2.652286e-02,
PTCH1->-KMT2D,2,1,2.000000,2,4.786578e-01,
PTPRT->-BCOR,2,1,2.000000,2,2.460317e-01,
KMT2D->-BCOR,2,1,2.000000,2,4.960317e-01,
KMT2D->-ARID1A TP53->-ARID1A TP53->-KMT2D,3,3,2.000000,2,7.198254e-02,
HIST1H3I->-GATA3 PIK3CA->-GATA3 PIK3CA->-HIST1H3I,3,3,2.000000,2,2.777778e-02,
LATS2->-GATA3,2,1,2.000000,2,2.500000e-01,
ERBB2->-PIK3CA KMT2C->-ERBB2 KMT2C->-PIK3CA,3,3,2.000000,2,1.328110e-01,
PIK3CA->-ALOX12B,2,1,2.000000,2,2.500000e-01,
AR->-KMT2A AR->-PIK3CA PIK3CA->-KMT2A,3,3,2.000000,2,2.747585e-02,
AR->-KMT2A AR->-PDGFRA AR->-PTPRS PDGFRA->-KMT2A PDGFRA->-PTPRS PTPRS->-KMT2A,4,6,2.000000,2,1.698370e-03,
IRS1->-PTCH1,2,1,2.000000,2,2.490942e-01,
CDH1->-ERBB2 CDH1->-PTPRS ERBB2->-PTPRS,3,3,2.000000,2,2.747585e-02,
KMT2C->-PDGFRA,2,1,2.000000,2,2.490942e-01,
ERBB2->-PDGFRA,2,1,2.000000,2,2.490942e-01,
KMT2C->-GLI1,2,1,2.000000,2,4.340617e-01,
PIK3CA->-AXIN1,2,1,2.000000,2,1.400000e-01,
PALB2->-PIK3CA,2,1,2.000000,2,7.642775e-01,
STAG2->-MAP3K1,2,1,2.000000,2,5.000000e-01,
RB1->-PTPRD TP53->-PTPRD TP53->-RB1,3,3,2.000000,2,1.111111e-02,
CBFB->-SF3B1,2,1,2.000000,2,1.964286e-01,
MDC1->-RAD54L PIK3CA->-MDC1 PIK3CA->-RAD54L,3,3,2.000000,2,1.727053e-02,
PIK3CB->-RAD54L,2,1,2.000000,2,3.386468e-01,
CDH1->-MGA,2,1,2.000000,2,1.666667e-01,
PTEN->-INPPL1,2,1,2.000000,2,5.000000e-01,
KMT2B->-KMT2A,2,1,2.000000,2,2.500000e-01,
KMT2D->-FOXP1,2,1,2.000000,2,4.990119e-01,
ARID1A->-ALK,2,1,2.000000,2,6.868207e-01,
AKT1->-SPEN,2,1,2.000000,2,2.321429e-01,
MAP3K1->-RUNX1,2,1,2.000000,2,7.402778e-01,
LATS1->-TP53,2,1,2.000000,2,7.750000e-01,
MDC1->-APC NOTCH4->-APC NOTCH4->-MDC1,3,3,2.000000,2,2.158816e-02,
JAK1->-PDGFRB,2,1,2.000000,2,1.860283e-01,
RB1->-HIST1H3G,2,1,2.000000,2,2.500000e-01,
CDKN1B->-ESR1 CDKN1B->-PIK3CA ESR1->-PIK3CA,3,3,2.000000,2,2.777778e-02,
TP53->-EGFL7,2,1,2.000000,2,1.250000e-01,
KMT2B->-PTPRS,2,1,2.000000,2,2.500000e-01,
KMT2B->-PIK3CA,2,1,2.000000,2,5.000000e-01,
PIK3R1->-MAP3K1,2,1,2.000000,2,6.613248e-01,
CDH1->-PIK3CA CDH1->-XPO1 PIK3CA->-XPO1,3,3,2.000000,2,2.747585e-02,
ARID1A->-XPO1,2,1,2.000000,2,2.490942e-01,
FANCA->-MED12,2,1,2.000000,2,2.150997e-01,
LATS1->-PIK3CA,2,1,2.000000,2,5.719464e-01,
FOXA1->-FH,2,1,2.000000,2,1.750000e-01,
PIK3CA->-XIAP,2,1,2.000000,2,2.170330e-01,
FGFR3->-PIK3CA,2,1,2.000000,2,7.120777e-01,
PIK3CA->-ERCC2,2,1,2.000000,2,3.520833e-01,
NF1->-PRDM1,2,1,2.000000,2,1.815873e-01,
NF1->-PTEN,2,1,2.000000,2,9.905072e-01,
TBX3->-CREBBP,2,1,2.000000,2,7.155955e-02,
MAP2K4->-GPS2,2,1,2.000000,2,3.910317e-01,
FOXA1->-NSD1,2,1,2.000000,2,6.213839e-01,
CTCF->-MAP2K4 CTCF->-PIK3CA MAP2K4->-PIK3CA,3,3,2.000000,2,1.527778e-02,
TP53->-CCND1,2,1,2.000000,2,1.250000e-01,
PIK3CA->-JUN,2,1,2.000000,2,4.301088e-01,
APC->-KEAP1,2,1,2.000000,2,1.750000e-01,
TP53->-TNFAIP3,2,1,2.000000,2,1.666667e-01,
PIK3CA->-SUZ12,2,1,2.000000,2,5.249040e-01,
MGA->-FLT4,2,1,2.000000,2,4.545536e-01,
PPP2R1A->-PIK3CA,2,1,2.000000,2,7.849061e-01,
TP53->-FGF3,2,1,2.000000,2,8.750000e-02,
NF1->-MTOR,2,1,2.000000,2,4.221088e-01,
TP53->-FLCN,2,1,2.000000,2,3.740119e-01,
GATA3->-NOTCH4,2,1,2.000000,2,1.502675e-01,
GATA3->-TET1,2,1,2.000000,2,1.456427e-01,
NF1->-EPHB1,2,1,2.000000,2,2.047619e-01,
MAP2K4->-NF1 MAP2K4->-TET2 NF1->-TET2,3,3,2.000000,2,1.039595e-02,
NF1->-STAG2,2,1,2.000000,2,1.142919e-01,
TMPRSS2->-TP53,2,1,2.000000,2,1.000000e-01,
CIC->-ARID1B,2,1,2.000000,2,2.081924e-01,
BRCA2->-TET2,2,1,2.000000,2,2.152892e-01,
CDH1->-RASA1 CDH1->-TBX3 TBX3->-RASA1,3,3,2.000000,2,1.645751e-02,
PIK3CA->-GLI1 TBX3->-GLI1 TBX3->-PIK3CA,3,3,2.000000,2,1.570220e-02,
CDH1->-GLI1 CDH1->-PIK3CA PIK3CA->-GLI1,3,3,2.000000,2,1.603190e-02,
CDH1->-PIK3C3 CDH1->-PIK3CA PIK3CA->-PIK3C3,3,3,2.000000,2,8.992408e-03,
CDH1->-RASA1 CDH1->-RECQL4 RASA1->-RECQL4,3,3,2.000000,2,1.572072e-02,
PIK3CA->-STAT5A,2,1,2.000000,2,1.333633e-01,
ARID1A->-RFWD2,2,1,2.000000,2,1.824159e-01,
ARID1A->-GLI1,2,1,2.000000,2,3.500386e-01,
PTPRS->-SETD2,2,1,2.000000,2,1.001450e-01,
TP53->-MSH2,2,1,2.000000,2,1.793660e-01,
KMT2D->-XPO1,2,1,2.000000,2,1.804160e-01,
KMT2D->-HNF1A,2,1,2.000000,2,1.746254e-01,
TP53->-STAT3,2,1,2.000000,2,3.228633e-01,
TP53->-ERCC3,2,1,2.000000,2,8.289586e-02,
MEN1->-ESR1,2,1,2.000000,2,1.786411e-01,
TP53->-ERRFI1,2,1,2.000000,2,2.912361e-02,
CDH1->-NTRK2,2,1,2.000000,2,3.974432e-01,
ASXL2->-RB1,2,1,2.000000,2,1.641763e-01,
TP53->-SOS1,2,1,2.000000,2,8.480687e-02,
TP53->-SMARCB1,2,1,2.000000,2,2.614619e-01,
PIK3CA->-FUBP1,2,1,2.000000,1,3.451433e-01,
TP53->-CTNNB1,2,1,2.000000,2,1.009200e-01,
NCOR1->-BRIP1,2,1,2.000000,2,1.798660e-01,
ROS1->-MYC,2,1,2.000000,2,9.817009e-02,
SMAD2->-BCOR,2,1,2.000000,2,1.005450e-01,
TP53->-HIST1H3J,2,1,2.000000,2,5.386064e-02,
PIK3CG->-TET2,2,1,2.000000,2,1.297185e-01,
PIK3CG->-CDC73,2,1,2.000000,2,1.228474e-01,
ARID1A->-DDR2,2,1,2.000000,1,1.701761e-01,
PIK3R1->-ARID2,2,1,2.000000,2,9.512024e-02,
PIK3R1->-ROS1,2,1,2.000000,2,2.870095e-01,
PIK3R1->-MGA,2,1,2.000000,2,9.517024e-02,
CARD11->-ARID1A,2,1,2.000000,2,6.382407e-01,
KDM5C->-ARID1A,2,1,2.000000,2,5.445900e-01,
GATA3->-PIK3C2G,2,1,2.000000,2,9.732013e-02,
ANKRD11->-STAG2,2,1,2.000000,2,1.699915e-01,
ANKRD11->-PTPRD,2,1,2.000000,2,1.720914e-01,
CDH1->-MLH1 TP53->-CDH1 TP53->-MLH1,3,3,2.000000,2,1.242938e-02,
STAG2->-PARP1,2,1,2.000000,2,1.727664e-01,
CREBBP->-PARP1,2,1,2.000000,2,1.726914e-01,
MAP3K13->-MEN1,2,1,2.000000,2,1.717914e-01,
MAP3K13->-PIK3CA,2,1,2.000000,2,6.271436e-01,
MAP3K13->-CREBBP,2,1,2.000000,2,1.720664e-01,
CDH1->-CREBBP CDH1->-RAD50 RAD50->-CREBBP,3,3,2.000000,2,1.572421e-02,
CDH1->-CREBBP CDH1->-KIT KIT->-CREBBP,3,3,2.000000,2,1.518257e-02,
MLH1->-PIK3CA,2,1,2.000000,2,4.229039e-01,
YES1->-KIT,2,1,2.000000,2,9.336893e-02,
AMER1->-PIK3CA CASP8->-AMER1 CASP8->-PIK3CA,3,3,2.000000,2,1.012743e-02,
NOTCH1->-LATS2,2,1,2.000000,2,5.637876e-02,
ARID2->-IGF1R,2,1,2.000000,2,3.091136e-01,
ARID1A->-IGF1R,2,1,2.000000,2,4.356965e-01,
NOTCH1->-IGF1R,2,1,2.000000,2,7.855455e-02,
GATA3->-BRCA2,2,1,2.000000,2,5.745900e-01,
SMO->-MEN1,2,1,2.000000,2,1.117062e-01,
SMO->-KMT2C,2,1,2.000000,2,1.125367e-01,
MAP3K1->-ERBB2,2,1,2.000000,2,8.517316e-01,
PIK3CA->-RICTOR PIK3CA->-SMO SMO->-RICTOR,3,3,2.000000,2,1.519544e-02,
STAG2->-RICTOR,2,1,2.000000,2,1.710356e-01,
TP53->-CHEK2,2,1,2.000000,2,6.504472e-01,
TCF7L2->-PIK3CA,2,1,2.000000,2,1.708928e-01,
ERBB3->-ARID1A MAP3K1->-ARID1A MAP3K1->-ERBB3,3,3,2.000000,2,2.741530e-03,
CHEK2->-FLT3,2,1,2.000000,2,9.884506e-02,
ANKRD11->-CDH1,2,1,2.000000,2,8.344686e-01,
ANKRD11->-BRCA2,2,1,2.000000,2,2.037361e-01,
TBX3->-MAP2K4,2,1,2.000000,2,3.678495e-01,
MAP2K4->-DDR2,2,1,2.000000,2,1.260687e-01,
MAP2K4->-EPHB1,2,1,2.000000,2,1.036134e-01,
CDK12->-TBX3,2,1,2.000000,2,1.283686e-01,
CDH1->-ABL1,2,1,2.000000,2,1.310684e-01,
CDH1->-FLT3,2,1,2.000000,2,1.272686e-01,
DDR2->-PIK3CG,2,1,2.000000,2,1.162549e-01,
PTEN->-ACVR1,2,1,2.000000,2,1.111650e-01,
PIK3CA->-CREBBP PIK3CA->-PTPRD PTPRD->-CREBBP,3,3,2.000000,2,1.813059e-03,
CDH1->-DAXX CDH1->-PIK3CA PIK3CA->-DAXX,3,3,2.000000,2,1.501592e-02,
CBL->-PIK3CA,2,1,2.000000,2,5.138351e-01,
ERBB2->-PTPRD TP53->-ERBB2 TP53->-PTPRD,3,3,2.000000,2,9.247454e-03,
CSF3R->-PIK3CA,2,1,2.000000,2,1.546173e-01,
CDH1->-KMT2C CDH1->-STAT5B KMT2C->-STAT5B,3,3,2.000000,2,1.591630e-02,
CDH1->-YES1,2,1,2.000000,2,1.701812e-01,
CBL->-JAK3,2,1,2.000000,2,1.520624e-01,
ANKRD11->-PLK2,2,1,2.000000,2,1.721664e-01,
NOTCH1->-GATA3,2,1,2.000000,2,3.211073e-01,
ANKRD11->-PIK3CA,2,1,2.000000,2,9.571898e-01,
SUZ12->-PIK3CA,2,1,2.000000,2,5.268872e-01,
APC->-SPEN,2,1,2.000000,2,7.302053e-01,
MAP3K1->-DDR2,2,1,2.000000,2,7.719614e-02,
TBX3->-ARID1A,2,1,2.000000,2,6.443974e-01,
ERBB3->-ARID2,2,1,2.000000,2,3.272586e-01,
TP53->-PLCG2,2,1,2.000000,2,3.266600e-02,
ESR1->-MTOR,2,1,2.000000,1,3.146702e-01,
PIK3CA->-TSC1,2,1,2.000000,2,3.784681e-01,
TP53->-SRSF2,2,1,2.000000,2,1.969438e-01,
KMT2D->-FGF4 PIK3CA->-FGF4 PIK3CA->-KMT2D,3,3,2.000000,2,8.432912e-03,
HNF1A->-TP53,2,1,2.000000,2,9.110411e-01,
ESR1->-LATS2,2,1,2.000000,2,2.319577e-01,
FGFR4->-KMT2C,2,1,2.000000,2,1.832552e-01,
ESR1->-AR,2,1,2.000000,2,7.644618e-02,
FGFR4->-AKT1,2,1,2.000000,2,7.574621e-02,
CDKN1B-/-PIK3CA,2,1,2.000000,0,6.036771e-02,
PIK3CA->-HGF,2,1,2.000000,2,3.433208e-01,
PTCH1->-KMT2C,2,1,2.000000,2,7.634445e-01,
FOXA1->-KMT2C FOXA1->-PLK2 PLK2->-KMT2C,3,3,2.000000,2,4.962433e-03,
PIK3CA->-KMT2C PIK3CA->-PLK2 PLK2->-KMT2C,3,3,2.000000,2,2.363461e-02,
MAP3K1->-PIK3CD PTEN->-MAP3K1 PTEN->-PIK3CD,3,3,2.000000,2,5.058080e-03,
MAP3K1->-DICER1 PTEN->-DICER1 PTEN->-MAP3K1,3,3,2.000000,2,5.233072e-03,
ATM->-DNMT1 PIK3CA->-ATM PIK3CA->-DNMT1,3,3,2.000000,2,4.974751e-03,
MAP3K1->-SETD2,2,1,2.000000,2,9.889506e-02,
MAP3K1->-JAK3,2,1,2.000000,2,9.652017e-02,
MGA->-HNF1A MGA->-PTCH1 PIK3CA->-HNF1A PIK3CA->-MGA PIK3CA->-PTCH1 PTCH1->-HNF1A,4,6,2.000000,2,1.890530e-04,
MAP3K1->-DNMT1,2,1,2.000000,2,1.015449e-01,
DNMT1->-KMT2C,2,1,2.000000,2,9.934503e-02,
MAP3K1->-MGA,2,1,2.000000,2,5.681859e-02,
MAP3K1->-KMT2A,2,1,2.000000,2,6.825472e-01,
PTEN->-RIT1,2,1,2.000000,2,9.817009e-02,
PTEN->-TGFBR2,2,1,2.000000,2,8.287919e-02,
MAP3K1->-ATM,2,1,2.000000,2,6.432567e-01,
ATM->-PLK2 PIK3CA->-ATM PIK3CA->-PLK2,3,3,2.000000,2,4.816426e-03,
DICER1->-PTCH1,2,1,2.000000,2,9.682016e-02,
MAP3K1->-FGFR4 PTEN->-FGFR4 PTEN->-MAP3K1,3,3,2.000000,2,4.785475e-03,
FYN->-ATM,2,1,2.000000,2,9.912004e-02,
FOXA1->-PTCH1 PIK3CA->-FOXA1 PIK3CA->-PTCH1,3,3,2.000000,2,5.299735e-03,
PIK3CA->-PIK3CD,2,1,2.000000,2,6.553006e-02,
TERT->-TP53,2,1,2.000000,2,8.887165e-01,
PTEN->-PIK3CG,2,1,2.000000,2,5.056138e-02,
PTEN->-CDK12,2,1,2.000000,2,4.971581e-02,
