pattern,n_nodes,n_edges,s_exp,s_theta,pval_exp,pval_theta
CDH1->-PIK3CA,2,1,100.000000,101,,4.999753e-05
TP53->-PIK3CA,2,1,84.000000,85,,3.796946e-02
PIK3CA->-TP53,2,1,68.434553,68,,8.365596e-01
MAP3K1->-PIK3CA,2,1,48.000000,49,,5.076681e-02
PIK3CA->-GATA3,2,1,41.155500,43,,2.152348e-01
TP53->-PTEN,2,1,38.000000,38,,1.199998e-04
GATA3->-PIK3CA,2,1,35.666667,37,,7.100973e-01
PIK3CA->-KMT2C,2,1,33.500000,34,,6.056057e-02
PIK3CA->-MAP3K1,2,1,33.000000,34,,9.520344e-01
CBFB->-PIK3CA,2,1,32.500000,33,,5.003879e-06
TP53->-KMT2C,2,1,29.400000,29,,1.581229e-04
PIK3CA->-KMT2C TP53->-KMT2C TP53->-PIK3CA,3,3,4.500000,5,,7.596816e-02
PIK3CA->-KMT2C PIK3CA->-TP53 TP53->-KMT2C,3,3,3.000000,3,,4.372273e-01
PIK3CA->-CDH1,2,1,28.500000,29,,1.000000e+00
PIK3CA->-ESR1,2,1,27.505464,28,,5.551457e-02
TP53->-NF1,2,1,27.000000,27,,5.677772e-03
PIK3CA->-FOXA1,2,1,27.000000,27,,8.664461e-03
CDH1->-TP53,2,1,25.666667,26,,1.219326e-01
CDH1->-PIK3CA CDH1->-TP53 TP53->-PIK3CA,3,3,2.000000,2,,6.602434e-01
CDH1->-PIK3CA CDH1->-TP53 PIK3CA->-TP53,3,3,2.534553,2,,6.604926e-01
TP53->-KMT2D,2,1,24.000000,24,,5.490535e-05
TP53->-MAP3K1,2,1,23.903146,24,,3.146645e-04
MAP3K1->-PIK3CA TP53->-MAP3K1 TP53->-PIK3CA,3,3,2.500000,3,,1.813471e-01
PIK3CA->-MAP3K1 PIK3CA->-TP53 TP53->-MAP3K1,3,3,2.000000,2,,4.582435e-01
CDH1->-KMT2C,2,1,23.500000,24,,1.903333e-04
CDH1->-KMT2C CDH1->-PIK3CA PIK3CA->-KMT2C,3,3,7.000000,7,,3.824070e-03
CDH1->-KMT2C CDH1->-TP53 TP53->-KMT2C,3,3,2.000000,2,,3.797245e-01
CBFB->-GATA3,2,1,21.000000,21,,3.393179e-04
CBFB->-GATA3 CBFB->-PIK3CA PIK3CA->-GATA3,3,3,5.000000,5,,6.987479e-02
CBFB->-GATA3 CBFB->-PIK3CA GATA3->-PIK3CA,3,3,5.666667,6,,1.964705e-02
TP53->-RB1,2,1,21.000000,21,,9.846543e-03
PIK3CA->-ARID1A,2,1,20.166667,22,,1.467373e-01
KMT2C->-PIK3CA,2,1,20.000000,22,,9.528667e-01
KMT2C->-PIK3CA TP53->-KMT2C TP53->-PIK3CA,3,3,2.500000,4,,2.069790e-01
CDH1->-KMT2C CDH1->-PIK3CA KMT2C->-PIK3CA,3,3,4.500000,5,,6.472249e-02
PIK3CA->-FAT1,2,1,19.253606,19,,1.904084e-03
CDH1->-MAP3K1,2,1,19.000000,19,,1.299739e-03
CDH1->-MAP3K1 CDH1->-PIK3CA MAP3K1->-PIK3CA,3,3,4.000000,4,,2.315192e-01
CDH1->-MAP3K1 CDH1->-PIK3CA PIK3CA->-MAP3K1,3,3,8.000000,8,,1.257451e-03
CDH1->-MAP3K1 CDH1->-TP53 TP53->-MAP3K1,3,3,3.000000,3,,1.620370e-02
PIK3CA->-SF3B1,2,1,19.000000,19,,2.452104e-05
AKT1->-TP53,2,1,19.000000,19,,1.258357e-04
TP53->-CDH1,2,1,19.000000,19,,8.253648e-01
CDH1->-PIK3CA TP53->-CDH1 TP53->-PIK3CA,3,3,5.000000,5,,5.153370e-02
CDH1->-KMT2C TP53->-CDH1 TP53->-KMT2C,3,3,2.500000,3,,1.237314e-01
CDH1->-ERBB2,2,1,18.928571,19,,8.922407e-02
CDH1->-FOXA1,2,1,18.665753,19,,1.282038e-03
CDH1->-FOXA1 CDH1->-PIK3CA PIK3CA->-FOXA1,3,3,8.000000,8,,3.471039e-04
TP53->-NCOR1,2,1,18.661458,19,,1.843705e-02
PIK3CA->-RUNX1,2,1,18.600000,19,,2.603381e-02
TP53->-FAT1,2,1,18.000000,18,,3.100131e-04
PIK3CA->-FAT1 TP53->-FAT1 TP53->-PIK3CA,3,3,4.000000,4,,4.451481e-02
PIK3CA->-FAT1 PIK3CA->-TP53 TP53->-FAT1,3,3,3.000000,3,,1.680203e-01
CDH1->-TBX3,2,1,17.500000,18,,4.517097e-02
TP53->-GATA3,2,1,17.256098,17,,5.494549e-02
PIK3CA->-GATA3 TP53->-GATA3 TP53->-PIK3CA,3,3,2.500000,3,,1.592286e-01
PIK3CA->-GATA3 PIK3CA->-TP53 TP53->-GATA3,3,3,3.121951,3,,1.579107e-01
MAP2K4->-PIK3CA,2,1,17.166667,18,,4.986296e-02
PIK3CA->-NCOR1,2,1,17.100000,18,,3.638265e-01
TBX3->-PIK3CA,2,1,17.000000,17,,3.309761e-01
CDH1->-PIK3CA CDH1->-TBX3 TBX3->-PIK3CA,3,3,5.000000,5,,7.278895e-02
TP53->-ARID1A,2,1,17.000000,18,,1.132785e-03
PIK3CA->-ARID1A PIK3CA->-TP53 TP53->-ARID1A,3,3,2.500000,3,,8.939938e-02
ESR1->-PIK3CA,2,1,16.500000,17,,9.526241e-01
CDH1->-ARID1A,2,1,16.100000,17,,4.689917e-03
CDH1->-ARID1A CDH1->-PIK3CA PIK3CA->-ARID1A,3,3,4.500000,5,,8.215819e-02
CDH1->-ARID1A PIK3CA->-ARID1A PIK3CA->-CDH1,3,3,2.000000,2,,7.270175e-01
NCOR1->-PIK3CA,2,1,16.000000,16,,6.309720e-01
NCOR1->-PIK3CA TP53->-NCOR1 TP53->-PIK3CA,3,3,3.000000,3,,1.548267e-01
CDH1->-RUNX1,2,1,15.000000,15,,9.866655e-02
CDH1->-PIK3CA CDH1->-RUNX1 PIK3CA->-RUNX1,3,3,4.600000,5,,2.938375e-02
CDH1->-RUNX1 PIK3CA->-CDH1 PIK3CA->-RUNX1,3,3,2.000000,2,,5.888337e-01
CDH1->-NCOR1,2,1,15.000000,15,,2.027715e-02
CDH1->-NCOR1 TP53->-CDH1 TP53->-NCOR1,3,3,2.000000,2,,3.891206e-01
CDH1->-NCOR1 CDH1->-PIK3CA PIK3CA->-NCOR1,3,3,2.600000,3,,2.195180e-01
CDH1->-NCOR1 CDH1->-PIK3CA NCOR1->-PIK3CA,3,3,4.000000,4,,6.727577e-02
TP53->-ARID2,2,1,15.000000,15,,5.432397e-05
TP53->-PIK3R1,2,1,15.000000,15,,7.956379e-03
PIK3CA->-TBX3,2,1,14.500000,15,,6.072122e-01
CDH1->-PIK3CA CDH1->-TBX3 PIK3CA->-TBX3,3,3,3.000000,3,,4.276444e-01
ARID1A->-PIK3CA,2,1,14.500000,15,,8.962155e-01
ARID1A->-PIK3CA CDH1->-ARID1A CDH1->-PIK3CA,3,3,5.500000,6,,2.450616e-02
PIK3CA->-KMT2D,2,1,14.333333,14,,3.704752e-02
PIK3CA->-KMT2D TP53->-KMT2D TP53->-PIK3CA,3,3,3.333333,3,,2.125788e-01
PIK3CA->-KMT2D PIK3CA->-TP53 TP53->-KMT2D,3,3,5.000000,5,,1.427733e-02
TP53->-ATR,2,1,14.000000,15,,3.771035e-04
TP53->-PTPRD,2,1,13.903458,14,,1.657927e-04
TP53->-RUNX1,2,1,13.500000,14,,3.183853e-02
PIK3CA->-RUNX1 PIK3CA->-TP53 TP53->-RUNX1,3,3,2.000000,2,,1.968879e-01
CDH1->-RUNX1 CDH1->-TP53 TP53->-RUNX1,3,3,2.000000,2,,7.407407e-02
TP53->-BRCA2,2,1,13.500000,14,,2.893207e-04
TP53->-NSD1,2,1,13.000000,14,,5.694462e-05
PIK3CA->-ATR,2,1,13.000000,14,,1.658389e-03
PIK3CA->-ATR PIK3CA->-TP53 TP53->-ATR,3,3,2.500000,3,,7.463686e-02
TP53->-KMT2A,2,1,13.000000,13,,2.229461e-04
CDH1->-ESR1,2,1,13.000000,13,,7.657066e-02
CDH1->-ESR1 CDH1->-PIK3CA PIK3CA->-ESR1,3,3,4.000000,4,,7.094479e-03
PIK3CA->-PTEN,2,1,13.000000,13,,5.461203e-01
PIK3CA->-PTEN TP53->-PIK3CA TP53->-PTEN,3,3,2.000000,2,,4.791530e-01
PIK3CA->-PTEN PIK3CA->-TP53 TP53->-PTEN,3,3,6.000000,6,,1.747384e-03
TP53->-CREBBP,2,1,12.666667,13,,2.282871e-03
TP53->-STAG2,2,1,12.500000,13,,4.004922e-03
TP53->-FLT4,2,1,12.000000,12,,1.756427e-04
PIK3CA->-SPEN,2,1,12.000000,12,,6.426916e-02
TP53->-APC,2,1,12.000000,12,,1.360583e-03
MEN1->-GATA3,2,1,12.000000,12,,2.441406e-04
NF1->-PIK3CA,2,1,12.000000,12,,3.510145e-01
NF1->-PIK3CA TP53->-NF1 TP53->-PIK3CA,3,3,3.000000,3,,3.228566e-01
NF1->-TP53,2,1,12.000000,12,,9.906920e-01
NF1->-PIK3CA NF1->-TP53 TP53->-PIK3CA,3,3,4.000000,4,,1.255174e-01
PTEN->-PIK3CA,2,1,11.900000,12,,6.935685e-01
TP53->-ALK,2,1,11.697406,12,,1.166851e-04
TP53->-TBX3,2,1,11.505208,12,,8.240941e-02
PTEN->-TP53,2,1,11.500000,12,,9.999099e-01
MAP3K1->-GATA3,2,1,11.500000,12,,4.691655e-01
GATA3->-PIK3CA MAP3K1->-GATA3 MAP3K1->-PIK3CA,3,3,5.000000,6,,3.311150e-02
MAP3K1->-GATA3 PIK3CA->-GATA3 PIK3CA->-MAP3K1,3,3,2.000000,2,,7.582271e-01
CDH1->-CBFB,2,1,11.500000,12,,1.735718e-01
CBFB->-PIK3CA CDH1->-CBFB CDH1->-PIK3CA,3,3,5.000000,5,,7.647681e-03
FOXA1->-PIK3CA,2,1,11.500000,12,,9.934899e-01
CDH1->-FOXA1 CDH1->-PIK3CA FOXA1->-PIK3CA,3,3,3.000000,3,,3.724591e-01
TP53->-ESR1,2,1,11.400000,11,,1.309209e-02
TP53->-FOXA1,2,1,11.170962,12,,2.784129e-02
PIK3CA->-FOXA1 TP53->-FOXA1 TP53->-PIK3CA,3,3,3.000000,3,,1.231255e-01
PIK3CA->-FOXA1 PIK3CA->-TP53 TP53->-FOXA1,3,3,2.000000,2,,3.757874e-01
CDH1->-FOXA1 TP53->-CDH1 TP53->-FOXA1,3,3,2.000000,2,,1.833935e-01
PIK3CA->-PTPRT,2,1,11.076369,12,,5.162556e-03
PIK3CA->-ATM,2,1,11.000000,11,,3.214159e-01
PIK3CA->-RICTOR,2,1,11.000000,12,,5.800054e-04
TP53->-ATM,2,1,11.000000,11,,1.481750e-03
PIK3CA->-ATM PIK3CA->-TP53 TP53->-ATM,3,3,3.000000,3,,6.657151e-02
TP53->-CDKN2A,2,1,11.000000,11,,1.883604e-02
PIK3CA->-RB1,2,1,11.000000,11,,2.419898e-01
PIK3CA->-RB1 TP53->-PIK3CA TP53->-RB1,3,3,2.000000,2,,3.995850e-01
PIK3CA->-RB1 PIK3CA->-TP53 TP53->-RB1,3,3,4.000000,4,,3.150843e-02
TP53->-FBXW7,2,1,11.000000,11,,6.665880e-03
TP53->-ERBB3,2,1,11.000000,11,,8.020248e-05
TP53->-SETD2,2,1,10.750000,11,,1.525423e-04
TP53->-NOTCH4,2,1,10.697674,11,,7.150235e-05
PIK3CA->-NOTCH4,2,1,10.666667,11,,6.874462e-03
PIK3CA->-NOTCH4 PIK3CA->-TP53 TP53->-NOTCH4,3,3,3.697674,4,,1.188629e-03
TP53->-PTPRS,2,1,10.665753,11,,8.848472e-05
GATA3->-MAP3K1,2,1,10.500000,11,,6.326817e-01
GATA3->-MAP3K1 GATA3->-PIK3CA MAP3K1->-PIK3CA,3,3,3.000000,3,,4.927637e-01
GATA3->-MAP3K1 GATA3->-PIK3CA PIK3CA->-MAP3K1,3,3,4.000000,4,,2.531760e-01
ESR1->-GATA3,2,1,10.500000,11,,2.329224e-01
ESR1->-GATA3 PIK3CA->-ESR1 PIK3CA->-GATA3,3,3,3.000000,3,,1.504972e-01
PIK3CA->-KMT2A,2,1,10.500000,11,,3.634397e-02
PIK3CA->-KMT2A TP53->-KMT2A TP53->-PIK3CA,3,3,3.000000,3,,1.929345e-02
TP53->-EPHA5,2,1,10.359794,10,,1.569803e-02
GATA3->-ARID1A,2,1,10.333333,10,,5.524055e-01
GATA3->-ARID1A PIK3CA->-ARID1A PIK3CA->-GATA3,3,3,2.166667,2,,3.694115e-01
GATA3->-ARID1A GATA3->-PIK3CA PIK3CA->-ARID1A,3,3,2.500000,3,,1.175613e-01
TP53->-EP300,2,1,10.256098,10,,1.860092e-02
TP53->-MED12,2,1,10.230067,11,,2.691963e-03
TP53->-CARD11,2,1,10.000000,10,,4.185610e-03
TP53->-ATRX,2,1,10.000000,10,,2.423193e-03
TP53->-NOTCH2,2,1,10.000000,10,,8.688511e-04
TP53->-BARD1,2,1,10.000000,10,,2.729117e-04
TP53->-ARID1B,2,1,10.000000,10,,5.415793e-02
CDH1->-PTEN,2,1,10.000000,10,,3.624095e-01
ERBB2->-CDH1,2,1,10.000000,10,,9.754516e-01
TP53->-MAP2K4,2,1,10.000000,10,,2.794642e-01
CDH1->-GATA3,2,1,10.000000,10,,1.783441e-02
CDH1->-GATA3 CDH1->-PIK3CA PIK3CA->-GATA3,3,3,3.451220,3,,1.185755e-01
CDH1->-GATA3 PIK3CA->-CDH1 PIK3CA->-GATA3,3,3,2.000000,2,,3.696198e-01
CDH1->-ESR1 CDH1->-GATA3 ESR1->-GATA3,3,3,3.000000,3,,4.629630e-03
CDH1->-ESR1 CDH1->-GATA3 CDH1->-PIK3CA ESR1->-GATA3 PIK3CA->-ESR1 PIK3CA->-GATA3,4,6,2.000000,2,,1.736111e-03
PIK3CA->-CREBBP,2,1,9.666667,10,,1.387917e-01
PIK3CA->-CREBBP TP53->-CREBBP TP53->-PIK3CA,3,3,2.666667,3,,3.361007e-02
PIK3CA->-NF1,2,1,9.666667,10,,6.835832e-01
PIK3CA->-NF1 TP53->-NF1 TP53->-PIK3CA,3,3,2.666667,3,,3.229454e-01
PIK3CA->-NF1 PIK3CA->-TP53 TP53->-NF1,3,3,2.000000,2,,6.176127e-01
TP53->-PTPRT,2,1,9.576369,10,,2.845089e-03
PIK3CA->-PTPRT TP53->-PIK3CA TP53->-PTPRT,3,3,2.576369,3,,6.287673e-02
PIK3CA->-PTPRT PIK3CA->-TP53 TP53->-PTPRT,3,3,4.000000,4,,9.640698e-03
PIK3CA->-FLT4,2,1,9.500000,10,,1.507511e-02
PIK3CA->-FLT4 PIK3CA->-TP53 TP53->-FLT4,3,3,2.000000,2,,1.143569e-01
TP53->-ARID5B,2,1,9.500000,10,,2.983373e-04
KMT2C->-MAP3K1,2,1,9.500000,10,,4.709118e-01
KMT2C->-MAP3K1 PIK3CA->-KMT2C PIK3CA->-MAP3K1,3,3,4.000000,4,,2.209549e-01
KMT2C->-MAP3K1 KMT2C->-PIK3CA MAP3K1->-PIK3CA,3,3,2.500000,3,,4.525717e-01
ERBB2->-PIK3CA,2,1,9.500000,10,,3.881819e-01
CDH1->-ERBB2 CDH1->-PIK3CA ERBB2->-PIK3CA,3,3,4.500000,5,,2.407006e-02
PIK3CA->-MAP2K4,2,1,9.500000,10,,9.269453e-01
TP53->-SPEN,2,1,9.400000,9,,7.545460e-02
PIK3CA->-SPEN PIK3CA->-TP53 TP53->-SPEN,3,3,3.000000,3,,1.865426e-02
TP53->-EPHB1,2,1,9.000000,9,,1.840533e-03
CDH1->-MAP2K4,2,1,9.000000,9,,5.756448e-02
CDH1->-MAP2K4 CDH1->-TP53 TP53->-MAP2K4,3,3,2.000000,2,,6.149608e-02
CDH1->-CDK12 CDH1->-TP53 TP53->-CDK12,3,3,2.000000,2,,1.299582e-02
CDH1->-MAP2K4 PIK3CA->-CDH1 PIK3CA->-MAP2K4,3,3,2.000000,2,,2.808780e-01
ARID1A->-GATA3,2,1,9.000000,9,,7.170194e-01
ARID1A->-GATA3 ARID1A->-PIK3CA PIK3CA->-GATA3,3,3,2.000000,2,,3.706626e-01
AKT1->-CDH1,2,1,9.000000,9,,4.836349e-01
AKT1->-CDH1 AKT1->-TP53 CDH1->-TP53,3,3,2.666667,3,,2.584877e-02
PTEN->-NF1,2,1,9.000000,9,,2.850446e-02
PTEN->-NF1 TP53->-NF1 TP53->-PTEN,3,3,5.000000,5,,9.074098e-03
PTEN->-NF1 PTEN->-TP53 TP53->-NF1,3,3,3.000000,3,,1.795000e-01
AKT1->-GATA3,2,1,9.000000,9,,2.905273e-02
TP53->-ERCC5,2,1,9.000000,9,,1.427016e-03
TP53->-SF3B1,2,1,9.000000,9,,1.394400e-03
PIK3CA->-SF3B1 TP53->-PIK3CA TP53->-SF3B1,3,3,2.000000,2,,2.772838e-01
PIK3CA->-SF3B1 PIK3CA->-TP53 TP53->-SF3B1,3,3,4.000000,4,,9.851231e-03
TP53->-ZFHX3,2,1,9.000000,9,,5.639120e-02
KMT2C->-GATA3,2,1,9.000000,9,,2.972761e-01
TP53->-POLE,2,1,9.000000,9,,3.155629e-04
PIK3CA->-POLE,2,1,9.000000,9,,4.694644e-03
PIK3CA->-POLE PIK3CA->-TP53 TP53->-POLE,3,3,5.000000,5,,2.291802e-04
TP53->-TET2,2,1,9.000000,9,,7.722589e-04
TP53->-RICTOR,2,1,8.678626,9,,1.640793e-04
PIK3CA->-MED12,2,1,8.563401,10,,1.344697e-02
PIK3CA->-MED12 PIK3CA->-TP53 TP53->-MED12,3,3,2.000000,2,,1.316079e-01
PTEN->-KMT2C,2,1,8.500000,9,,6.574603e-03
PTEN->-KMT2C TP53->-KMT2C TP53->-PTEN,3,3,2.500000,3,,1.331019e-02
MEN1->-PIK3CA,2,1,8.500000,9,,6.713614e-02
TP53->-ROS1,2,1,8.500000,9,,3.847680e-02
PIK3CA->-ARID2,2,1,8.500000,9,,5.449030e-02
PIK3CA->-ARID2 PIK3CA->-TP53 TP53->-ARID2,3,3,4.000000,4,,4.181407e-03
TP53->-ANKRD11,2,1,8.500000,9,,1.321221e-03
PIK3CA->-CDKN1B,2,1,8.500000,10,,3.061056e-01
MAP3K1->-KMT2C,2,1,8.500000,9,,6.491912e-01
MAP3K1->-KMT2C MAP3K1->-PIK3CA PIK3CA->-KMT2C,3,3,3.000000,3,,4.533081e-01
MAP3K1->-KMT2C PIK3CA->-KMT2C PIK3CA->-MAP3K1,3,3,2.000000,2,,7.292516e-01
KMT2C->-PIK3CA MAP3K1->-KMT2C MAP3K1->-PIK3CA,3,3,2.000000,2,,7.298489e-01
TBX3->-CDH1,2,1,8.466667,8,,9.865554e-01
CDH1->-PIK3CA TBX3->-CDH1 TBX3->-PIK3CA,3,3,3.500000,4,,1.994966e-01
PIK3CA->-PTPRD,2,1,8.403458,8,,1.021021e-02
TP53->-TSC2,2,1,8.359794,8,,3.925042e-02
ATM->-PIK3CA,2,1,8.251111,8,,8.144909e-01
TP53->-BRCA1,2,1,8.169400,9,,3.440598e-03
PIK3CA->-PTCH1,2,1,8.000000,8,,1.563530e-02
CDH1->-CREBBP,2,1,8.000000,8,,8.362934e-02
CDH1->-CREBBP CDH1->-PIK3CA PIK3CA->-CREBBP,3,3,4.000000,4,,1.792847e-02
RB1->-TP53,2,1,8.000000,8,,9.949731e-01
PIK3CA->-ZFHX3,2,1,8.000000,8,,3.951601e-01
CDH1->-AKT1,2,1,8.000000,8,,6.709239e-01
NCOR1->-TP53,2,1,8.000000,8,,9.866327e-01
NCOR1->-TP53 PIK3CA->-NCOR1 PIK3CA->-TP53,3,3,2.000000,2,,4.247425e-01
CDH1->-NCOR1 CDH1->-TP53 NCOR1->-TP53,3,3,2.000000,2,,3.891206e-01
RUNX1->-PIK3CA,2,1,8.000000,8,,9.905004e-01
TP53->-BAP1,2,1,8.000000,8,,1.796875e-02
RUNX1->-CDH1,2,1,8.000000,8,,9.500418e-01
CDH1->-PIK3CA RUNX1->-CDH1 RUNX1->-PIK3CA,3,3,2.000000,2,,5.888337e-01
PIK3CA->-CDH1 RUNX1->-CDH1 RUNX1->-PIK3CA,3,3,2.000000,2,,5.888337e-01
CBFB->-MAP3K1,2,1,8.000000,8,,5.468750e-02
CBFB->-MAP3K1 CBFB->-PIK3CA MAP3K1->-PIK3CA,3,3,6.000000,6,,4.411723e-04
CBFB->-GATA3 CBFB->-MAP3K1 MAP3K1->-GATA3,3,3,2.000000,2,,1.319444e-01
CDH1->-APC,2,1,8.000000,8,,3.883066e-03
CDH1->-BRCA2,2,1,8.000000,8,,1.468685e-01
CDH1->-BRCA2 TP53->-BRCA2 TP53->-CDH1,3,3,2.000000,2,,5.540834e-02
CDH1->-NF1,2,1,8.000000,8,,2.706662e-01
CDH1->-NF1 CDH1->-PIK3CA PIK3CA->-NF1,3,3,3.000000,3,,1.555822e-01
PTEN->-CDH1,2,1,8.000000,8,,7.248617e-01
CDH1->-TP53 PTEN->-CDH1 PTEN->-TP53,3,3,2.000000,2,,6.432456e-02
CDH1->-MAP3K1 CDH1->-NF1 NF1->-MAP3K1 PTEN->-CDH1 PTEN->-MAP3K1 PTEN->-NF1,4,6,2.000000,2,,1.706434e-03
KMT2C->-TP53,2,1,8.000000,8,,9.997313e-01
PTEN->-MAP3K1,2,1,8.000000,8,,1.134131e-01
PTEN->-MAP3K1 TP53->-MAP3K1 TP53->-PTEN,3,3,2.000000,2,,1.335979e-01
MAP3K1->-PIK3CA PTEN->-MAP3K1 PTEN->-PIK3CA,3,3,2.000000,2,,5.890817e-02
CDH1->-PTPRD,2,1,7.986220,8,,1.137073e-02
CDH1->-PTPRD CDH1->-TP53 TP53->-PTPRD,3,3,2.500000,3,,3.765020e-02
CDH1->-PTPRD TP53->-CDH1 TP53->-PTPRD,3,3,2.486220,2,,2.018967e-01
CDH1->-PIK3CA CDH1->-PTPRD PIK3CA->-PTPRD,3,3,2.000000,2,,1.281107e-01
CDH1->-PTPRD PIK3CA->-CDH1 PIK3CA->-PTPRD,3,3,2.000000,2,,1.285447e-01
PIK3CA->-PTPRS,2,1,7.680934,8,,1.487997e-01
PIK3CA->-PTPRS PIK3CA->-TP53 TP53->-PTPRS,3,3,3.000000,3,,9.146716e-03
PIK3CA->-ERBB2,2,1,7.666667,8,,7.436461e-01
CDH1->-ERBB2 CDH1->-PIK3CA PIK3CA->-ERBB2,3,3,4.000000,4,,9.395866e-02
TP53->-NOTCH1,2,1,7.664787,8,,3.496844e-03
PIK3CA->-DICER1,2,1,7.500000,8,,1.236074e-02
FOXA1->-MAP3K1,2,1,7.500000,8,,1.733316e-01
FOXA1->-MAP3K1 PIK3CA->-FOXA1 PIK3CA->-MAP3K1,3,3,3.000000,3,,1.632285e-01
CDH1->-FOXA1 CDH1->-MAP3K1 CDH1->-PIK3CA FOXA1->-MAP3K1 PIK3CA->-FOXA1 PIK3CA->-MAP3K1,4,6,2.000000,2,,5.063657e-03
FOXA1->-MAP3K1 FOXA1->-PIK3CA PIK3CA->-MAP3K1,3,3,2.000000,2,,4.368228e-01
FOXA1->-MAP3K1 TP53->-FOXA1 TP53->-MAP3K1,3,3,3.255208,3,,2.084517e-02
PIK3CA->-MGA,2,1,7.500000,8,,4.465564e-01
CTCF->-PIK3CA,2,1,7.326531,7,,2.255142e-01
CDH1->-SPEN,2,1,7.266667,7,,2.053578e-01
CDH1->-PIK3CA CDH1->-SPEN PIK3CA->-SPEN,3,3,2.000000,2,,7.457729e-02
MAP3K1->-ARID1A,2,1,7.000000,7,,1.666831e-01
MAP3K1->-ARID1A MAP3K1->-PIK3CA PIK3CA->-ARID1A,3,3,3.500000,4,,2.916798e-02
GATA3->-ARID1A MAP3K1->-ARID1A MAP3K1->-GATA3,3,3,3.000000,3,,4.629630e-03
GATA3->-ARID1A GATA3->-PIK3CA MAP3K1->-ARID1A MAP3K1->-GATA3 MAP3K1->-PIK3CA PIK3CA->-ARID1A,4,6,2.000000,2,,5.063657e-03
TP53->-KDM6A,2,1,7.000000,7,,6.095893e-02
PIK3CA->-BRCA2,2,1,7.000000,7,,1.625294e-01
CDH1->-BRCA2 CDH1->-PIK3CA CDH1->-TBX3 PIK3CA->-BRCA2 TBX3->-BRCA2 TBX3->-PIK3CA,4,6,2.000000,2,,1.010366e-03
CDH1->-EPHB1,2,1,7.000000,7,,7.208151e-03
CDH1->-EPHB1 CDH1->-TP53 TP53->-EPHB1,3,3,3.000000,3,,3.660928e-03
TP53->-GRIN2A,2,1,7.000000,7,,2.667054e-03
MAP2K4->-GATA3,2,1,7.000000,7,,7.529630e-02
MAP2K4->-GATA3 MAP2K4->-PIK3CA PIK3CA->-GATA3,3,3,2.000000,2,,5.289352e-02
GATA3->-TP53,2,1,7.000000,8,,9.768051e-01
TP53->-DNMT1,2,1,7.000000,7,,2.310735e-03
PIK3CA->-DNMT3A,2,1,7.000000,7,,3.517064e-02
GATA3->-SPEN,2,1,7.000000,7,,3.315447e-01
CBFB->-CDH1,2,1,7.000000,7,,9.129250e-01
CBFB->-CDH1 CBFB->-PIK3CA CDH1->-PIK3CA,3,3,2.000000,2,,4.387358e-01
PIK3CA->-MDC1,2,1,7.000000,7,,1.733665e-01
CDH1->-KMT2A,2,1,7.000000,7,,3.551641e-02
RB1->-PIK3CA,2,1,7.000000,7,,8.821069e-01
PIK3CA->-BCOR,2,1,7.000000,7,,1.544336e-01
CDH1->-KMT2D,2,1,7.000000,7,,2.812677e-02
CDH1->-KMT2D CDH1->-PIK3CA PIK3CA->-KMT2D,3,3,2.000000,2,,2.746261e-01
CDH1->-KMT2D PIK3CA->-CDH1 PIK3CA->-KMT2D,3,3,2.000000,2,,2.775340e-01
NCOR1->-GATA3,2,1,7.000000,7,,2.885045e-02
TP53->-PDGFRA,2,1,7.000000,7,,2.596489e-02
TP53->-MDC1,2,1,7.000000,7,,6.918918e-02
PIK3CA->-MDC1 PIK3CA->-TP53 TP53->-MDC1,3,3,3.000000,3,,5.998654e-02
TP53->-BCOR,2,1,7.000000,7,,5.071454e-03
PIK3CA->-BCOR PIK3CA->-PTEN PIK3CA->-TP53 PTEN->-BCOR TP53->-BCOR TP53->-PTEN,4,6,2.000000,2,,1.727886e-03
CDH1->-ERBB3,2,1,7.000000,7,,4.830927e-02
TP53->-PALB2,2,1,7.000000,7,,9.999009e-03
TP53->-INSR,2,1,7.000000,7,,1.224677e-02
TP53->-DDR2,2,1,7.000000,7,,1.456596e-02
TP53->-PIK3C2G,2,1,7.000000,7,,2.177289e-03
PIK3CA->-KDR,2,1,6.951220,7,,1.989585e-02
TP53->-SOX17,2,1,6.666667,7,,1.428991e-02
PTEN->-PIK3R1,2,1,6.666667,7,,2.302854e-02
PTEN->-PIK3R1 TP53->-PIK3R1 TP53->-PTEN,3,3,4.000000,4,,3.803051e-04
MAP2K4->-TP53,2,1,6.666667,7,,8.089641e-01
TP53->-PIK3CG,2,1,6.666667,7,,9.883320e-03
CDH1->-PTPRS,2,1,6.665753,7,,7.233385e-03
PIK3CA->-EPHA5,2,1,6.639344,7,,2.176532e-02
PIK3CA->-EPHA5 TP53->-EPHA5 TP53->-PIK3CA,3,3,2.639344,3,,2.091236e-02
PIK3CA->-PIK3C2G,2,1,6.611111,7,,1.327601e-02
PIK3CA->-PIK3C2G PIK3CA->-TP53 TP53->-PIK3C2G,3,3,2.000000,2,,9.615751e-02
PIK3CA->-ANKRD11,2,1,6.523810,7,,1.023622e-01
PIK3CA->-ANKRD11 TP53->-ANKRD11 TP53->-PIK3CA,3,3,3.023810,3,,1.186749e-02
PIK3CA->-ARID5B,2,1,6.500000,7,,2.136574e-02
PIK3CA->-ARID5B TP53->-ARID5B TP53->-PIK3CA,3,3,2.000000,2,,9.437345e-02
ANKRD11->-ARID5B,2,1,2.000000,2,,2.485126e-01
PIK3CA->-ARID5B PIK3CA->-TP53 TP53->-ARID5B,3,3,2.000000,2,,9.355129e-02
MAP3K1->-ERBB3,2,1,6.500000,7,,7.200902e-03
MAP3K1->-TBX3,2,1,6.500000,7,,1.348953e-01
MAP3K1->-PIK3CA MAP3K1->-TBX3 PIK3CA->-TBX3,3,3,2.500000,3,,5.022934e-02
PIK3CA->-RAD50,2,1,6.500000,7,,5.085656e-02
PIK3CA->-NSD1,2,1,6.500000,7,,8.220058e-02
TP53->-MTOR,2,1,6.500000,7,,2.744972e-02
ESR1->-ARID1A,2,1,6.500000,7,,1.423041e-01
ESR1->-ARID1A PIK3CA->-ARID1A PIK3CA->-ESR1,3,3,3.000000,3,,8.539203e-03
CDH1->-SETD2,2,1,6.500000,7,,7.886905e-03
BRCA1->-SETD2 CDH1->-BRCA1 CDH1->-SETD2 TP53->-BRCA1 TP53->-CDH1 TP53->-SETD2,4,6,2.000000,2,,1.835317e-03
CDKN1B->-PIK3CA,2,1,6.500000,7,,8.285465e-01
PIK3CA->-CARD11,2,1,6.500000,7,,6.421577e-03
APC->-ARID2 APC->-MGA MGA->-ARID2 PIK3CA->-APC PIK3CA->-ARID2 PIK3CA->-MGA PIK3CA->-TP53 TP53->-APC TP53->-ARID2 TP53->-MGA,5,10,2.000000,2,,1.235188e-04
APC->-KMT2D APC->-MGA MGA->-KMT2D PIK3CA->-APC PIK3CA->-KMT2D PIK3CA->-MGA PIK3CA->-TP53 TP53->-APC TP53->-KMT2D TP53->-MGA,5,10,2.000000,2,,1.260437e-04
APC->-ATR APC->-MGA MGA->-ATR PIK3CA->-APC PIK3CA->-ATR PIK3CA->-MGA PIK3CA->-TP53 TP53->-APC TP53->-ATR TP53->-MGA,5,10,2.000000,2,,1.218039e-04
APC->-CARD11 APC->-MGA MGA->-CARD11 PIK3CA->-APC PIK3CA->-CARD11 PIK3CA->-MGA PIK3CA->-TP53 TP53->-APC TP53->-CARD11 TP53->-MGA,5,10,2.000000,2,,1.279561e-04
CDH1->-FAT1,2,1,6.500000,7,,2.375181e-02
CDH1->-FAT1 CDH1->-PIK3CA PIK3CA->-FAT1,3,3,2.000000,2,,8.190563e-02
TP53->-MGA,2,1,6.500000,7,,1.674392e-02
PIK3CA->-MGA TP53->-MGA TP53->-PIK3CA,3,3,3.500000,4,,5.376002e-03
PIK3CA->-ROS1,2,1,6.500000,7,,1.198951e-01
PIK3CA->-AR,2,1,6.363636,6,,2.306180e-01
ATM->-GATA3,2,1,6.352140,6,,1.045191e-01
ATM->-GATA3 ATM->-PIK3CA GATA3->-PIK3CA,3,3,2.000000,2,,2.968629e-02
PIK3CA->-IGF1R,2,1,6.219844,7,,3.786800e-03
TP53->-IGF1R,2,1,6.166667,7,,1.520842e-03
PIK3CA->-IGF1R TP53->-IGF1R TP53->-PIK3CA,3,3,2.500000,3,,1.869143e-03
GATA3->-ESR1,2,1,6.166667,7,,8.763367e-01
PIK3CA->-PLK2,2,1,6.000000,7,,6.567787e-03
TP53->-RECQL4,2,1,6.000000,6,,7.176088e-02
TP53->-PIK3CB,2,1,6.000000,6,,1.132912e-02
CDH1->-RICTOR,2,1,6.000000,6,,1.530705e-02
CDH1->-PIK3CA CDH1->-RICTOR PIK3CA->-RICTOR,3,3,3.000000,3,,1.572051e-02
PIK3CA->-ERBB3,2,1,6.000000,6,,3.959217e-01
PIK3CA->-ERBB3 TP53->-ERBB3 TP53->-PIK3CA,3,3,2.000000,2,,7.652300e-02
MAP3K1->-ERBB3 MAP3K1->-PIK3CA PIK3CA->-ERBB3,3,3,2.000000,2,,1.909548e-01
TP53->-DNMT3A,2,1,6.000000,6,,1.446330e-01
TP53->-DOT1L,2,1,6.000000,6,,3.327021e-02
PIK3CA->-MTOR,2,1,6.000000,6,,9.805021e-02
PIK3CA->-MTOR PIK3CA->-TP53 TP53->-MTOR,3,3,2.500000,3,,6.889356e-04
KMT2C->-NCOR1,2,1,6.000000,6,,1.292145e-01
KMT2C->-NCOR1 PIK3CA->-KMT2C PIK3CA->-NCOR1,3,3,4.000000,4,,3.402308e-03
CDH1->-KMT2C CDH1->-NCOR1 KMT2C->-NCOR1,3,3,3.000000,3,,3.593323e-02
TP53->-RAD50,2,1,6.000000,6,,1.845041e-02
PIK3CA->-RAD50 TP53->-PIK3CA TP53->-RAD50,3,3,2.000000,2,,5.101981e-02
PIK3CA->-RAD50 PIK3CA->-TP53 TP53->-RAD50,3,3,2.000000,2,,5.129943e-02
TP53->-STK11,2,1,6.000000,6,,3.908286e-02
PIK3CA->-CIC,2,1,6.000000,6,,1.891534e-02
PIK3CA->-MST1R,2,1,6.000000,6,,6.808774e-03
PIK3CA->-FGFR2,2,1,6.000000,6,,4.357172e-02
PIK3CA->-EPHB1,2,1,6.000000,6,,6.205357e-02
PIK3CA->-EPHB1 TP53->-EPHB1 TP53->-PIK3CA,3,3,2.000000,2,,1.318738e-01
PIK3CA->-EPHB1 PIK3CA->-TP53 TP53->-EPHB1,3,3,2.000000,2,,1.318738e-01
ATRX->-EPHB1 PIK3CA->-ATRX PIK3CA->-EPHB1,3,3,2.000000,2,,2.774386e-02
HNF1A->-EPHB1,2,1,2.000000,2,,2.500000e-01
CDH1->-EPHB1 CDH1->-PIK3CA PIK3CA->-EPHB1,3,3,3.000000,3,,1.587302e-02
AKT1->-MAP3K1,2,1,6.000000,6,,6.250000e-02
ZFHX3->-PIK3CA,2,1,6.000000,6,,7.877391e-01
MAP3K1->-TP53,2,1,6.000000,6,,9.995487e-01
PIK3CA->-NUP93,2,1,6.000000,6,,4.764704e-02
GATA3->-KMT2C,2,1,6.000000,6,,8.442962e-01
TP53->-HNF1A,2,1,6.000000,6,,6.915341e-02
MGA->-PIK3CA,2,1,6.000000,7,,6.493497e-01
TP53->-KDR,2,1,6.000000,6,,1.380693e-01
PIK3CA->-KDR TP53->-KDR TP53->-PIK3CA,3,3,2.000000,2,,2.443894e-01
PIK3CA->-KDR PIK3CA->-TP53 TP53->-KDR,3,3,3.000000,3,,5.463552e-02
GATA3->-CDKN1B,2,1,6.000000,6,,1.562500e-02
CBFB->-TP53,2,1,6.000000,6,,1.500000e-01
CBFB->-PIK3CA CBFB->-TP53 TP53->-PIK3CA,3,3,3.000000,3,,3.622685e-02
CDH1->-PTCH1,2,1,6.000000,6,,5.931962e-02
CDH1->-PIK3CA CDH1->-PTCH1 PIK3CA->-PTCH1,3,3,2.000000,2,,1.202933e-01
ESR1->-CDH1,2,1,6.000000,6,,9.648749e-01
PIK3CA->-CBFB,2,1,6.000000,6,,9.999983e-01
TP53->-NOTCH3,2,1,6.000000,6,,5.468750e-02
PIK3CA->-APC,2,1,6.000000,6,,3.278710e-01
PIK3CA->-APC PIK3CA->-TP53 TP53->-APC,3,3,4.000000,4,,2.866712e-03
CDH1->-APC CDH1->-PIK3CA PIK3CA->-APC,3,3,2.000000,2,,1.309164e-01
ARID1A->-KMT2C,2,1,6.000000,6,,5.546791e-01
ARID1A->-KMT2C ARID1A->-NCOR1 KMT2C->-NCOR1 PIK3CA->-ARID1A PIK3CA->-KMT2C PIK3CA->-NCOR1,4,6,2.000000,2,,5.135995e-03
ARID1A->-KMT2C CDH1->-ARID1A CDH1->-KMT2C,3,3,2.000000,2,,5.842462e-02
CDH1->-FOXA1 CDH1->-KMT2C FOXA1->-KMT2C,3,3,2.000000,2,,7.457729e-02
ARID1A->-KMT2C ARID1A->-PIK3CA PIK3CA->-KMT2C,3,3,2.000000,2,,3.747683e-01
CDH1->-RB1,2,1,6.000000,6,,9.727909e-02
CDH1->-RB1 CDH1->-TP53 TP53->-RB1,3,3,2.000000,2,,1.319444e-01
CDH1->-RB1 TP53->-CDH1 TP53->-RB1,3,3,2.000000,2,,1.319444e-01
STK11->-PIK3CA,2,1,6.000000,6,,2.129172e-01
KMT2C->-FAT1,2,1,6.000000,6,,1.822689e-01
KMT2C->-FAT1 PIK3CA->-FAT1 PIK3CA->-KMT2C,3,3,2.000000,2,,1.890189e-01
NOTCH1->-PIK3CA,2,1,6.000000,6,,4.795497e-01
CDH1->-ATRX,2,1,6.000000,6,,5.893768e-02
TP53->-TP63,2,1,6.000000,6,,1.028353e-02
PIK3CA->-STAG2,2,1,6.000000,6,,6.089663e-01
PIK3CA->-STAG2 TP53->-PIK3CA TP53->-STAG2,3,3,2.000000,2,,1.053697e-01
CDH1->-PIK3CA CDH1->-STAG2 PIK3CA->-STAG2,3,3,2.000000,2,,1.278330e-01
PTEN->-ARID1A,2,1,6.000000,6,,4.846995e-02
TP53->-NBN,2,1,6.000000,6,,9.999500e-03
PIK3CA->-NOTCH1,2,1,6.000000,6,,4.798442e-01
PIK3CA->-NOTCH1 TP53->-NOTCH1 TP53->-PIK3CA,3,3,2.000000,2,,7.401320e-02
TP53->-RPTOR,2,1,6.000000,6,,2.710785e-02
PTEN->-SF3B1,2,1,5.904762,6,,2.147135e-01
PIK3CA->-SF3B1 PTEN->-PIK3CA PTEN->-SF3B1,3,3,2.000000,2,,1.319444e-01
PIK3CA->-ALK,2,1,5.900576,6,,8.446198e-02
PIK3CA->-RFWD2,2,1,5.863636,7,,2.261399e-02
TBX3->-TP53,2,1,5.750000,6,,9.306477e-01
TBX3->-PIK3CA TBX3->-TP53 TP53->-PIK3CA,3,3,2.000000,2,,2.677466e-01
CDH1->-RFWD2,2,1,5.727273,7,,6.097835e-03
CDH1->-PIK3CA CDH1->-RFWD2 PIK3CA->-RFWD2,3,3,2.363636,3,,2.710031e-02
PIK3CA->-BAP1,2,1,5.666667,6,,5.468750e-02
PIK3CA->-BAP1 PIK3CA->-TP53 TP53->-BAP1,3,3,2.000000,2,,2.777778e-02
PIK3CA->-TET1,2,1,5.666667,6,,1.290019e-01
TP53->-KDM5A,2,1,5.665753,6,,1.200252e-02
TP53->-JAK3,2,1,5.665753,6,,4.121079e-02
PIK3CA->-PARP1,2,1,5.500000,6,,1.568002e-02
PIK3CA->-ATRX,2,1,5.500000,6,,2.545459e-01
CDH1->-ATRX CDH1->-PIK3CA PIK3CA->-ATRX,3,3,3.000000,3,,1.620370e-02
STAG2->-PIK3CA,2,1,5.500000,6,,6.111544e-01
PIK3CA->-HIST1H1C,2,1,5.500000,6,,5.878472e-02
TP53->-TERT,2,1,5.500000,6,,9.584136e-02
ARID2->-GATA3,2,1,5.500000,6,,6.718750e-02
TP53->-MAP3K13,2,1,5.500000,6,,4.552966e-02
PIK3CA->-SETD2,2,1,5.500000,6,,3.774960e-01
ARID1A->-PIK3CA ARID1A->-SETD2 CDH1->-ARID1A CDH1->-PIK3CA CDH1->-SETD2 PIK3CA->-SETD2,4,6,2.000000,2,,5.063657e-03
KMT2C->-ARID1A,2,1,5.470588,5,,7.625148e-01
KMT2C->-ARID1A PIK3CA->-ARID1A PIK3CA->-KMT2C,3,3,2.000000,2,,3.707259e-01
KMT2C->-ARID1A KMT2C->-PIK3CA PIK3CA->-ARID1A,3,3,2.000000,2,,3.715266e-01
GATA3->-ARID1A KMT2C->-ARID1A KMT2C->-GATA3,3,3,2.000000,2,,2.777778e-02
PIK3CA->-EP300,2,1,5.451220,5,,4.510685e-01
TP53->-XPO1,2,1,5.359794,5,,4.205630e-02
MAP3K1->-NCOR1,2,1,5.333333,5,,5.431669e-01
MAP3K1->-NCOR1 MAP3K1->-PIK3CA NCOR1->-PIK3CA,3,3,2.000000,2,,2.429474e-01
PIK3CA->-TET2,2,1,5.333333,5,,4.576864e-01
TP53->-RFWD2,2,1,5.290698,6,,1.099025e-02
PIK3CA->-SMAD4,2,1,5.266667,6,,1.250777e-01
TP53->-PAK7,2,1,5.197406,6,,6.255136e-03
TP53->-ERBB4,2,1,5.000000,5,,6.127756e-02
TP53->-PBRM1,2,1,5.000000,5,,2.276868e-01
PIK3CA->-ERCC4,2,1,5.000000,5,,5.605372e-02
ARID2->-ARID1A,2,1,5.000000,5,,3.538643e-01
ARID2->-ARID1A TP53->-ARID1A TP53->-ARID2,3,3,2.000000,2,,7.401755e-02
EPHA5->-ARID1A,2,1,2.000000,2,,5.000000e-01
ERBB2->-TBX3,2,1,5.000000,5,,3.546440e-01
CDH1->-TBX3 ERBB2->-CDH1 ERBB2->-TBX3,3,3,2.000000,2,,1.969438e-01
MAP3K1->-NOTCH4,2,1,5.000000,5,,1.951465e-02
MAP3K1->-NOTCH4 TP53->-MAP3K1 TP53->-NOTCH4,3,3,2.000000,2,,1.118277e-02
MAP3K1->-NOTCH4 MAP3K1->-PIK3CA PIK3CA->-NOTCH4,3,3,2.000000,2,,9.681021e-02
MAP3K1->-NOTCH4 PIK3CA->-MAP3K1 PIK3CA->-NOTCH4,3,3,2.000000,2,,9.734837e-02
MEN1->-KMT2C,2,1,5.000000,5,,1.080115e-01
KMT2C->-GATA3 MEN1->-GATA3 MEN1->-KMT2C,3,3,2.000000,2,,2.777778e-02
TP53->-ERBB2,2,1,5.000000,5,,6.162255e-01
CDH1->-ERBB2 CDH1->-TP53 TP53->-ERBB2,3,3,2.000000,2,,2.583720e-01
ERBB2->-KMT2C,2,1,5.000000,5,,2.247379e-01
CDH1->-ERBB2 CDH1->-KMT2C ERBB2->-KMT2C,3,3,2.000000,2,,1.928644e-01
CDH1->-KMT2C ERBB2->-CDH1 ERBB2->-KMT2C,3,3,2.000000,2,,1.943706e-01
KMT2C->-PARP1 TP53->-KMT2C TP53->-PARP1,3,3,2.000000,2,,2.654867e-02
ERBB2->-KMT2C ERBB2->-PARP1 ERBB2->-PIK3CA KMT2C->-PARP1 PIK3CA->-KMT2C PIK3CA->-PARP1,4,6,2.000000,2,,1.489509e-03
TP53->-PARP1,2,1,5.000000,5,,3.155309e-02
PIK3CA->-PARP1 PIK3CA->-TP53 TP53->-PARP1,3,3,2.000000,2,,7.312851e-02
TP53->-AXIN2,2,1,5.000000,5,,7.740754e-03
TP53->-GLI1,2,1,5.000000,5,,7.507958e-03
NCOR1->-MED12,2,1,5.000000,5,,2.176336e-02
NCOR1->-MED12 TP53->-MED12 TP53->-NCOR1,3,3,3.000000,3,,8.877323e-03
NCOR1->-MED12 NCOR1->-PIK3CA PIK3CA->-MED12,3,3,2.000000,2,,6.911376e-02
PIK3CA->-BLM,2,1,5.000000,5,,9.887690e-02
KMT2C->-CDH1,2,1,5.000000,5,,9.999057e-01
TP53->-POLD1,2,1,5.000000,5,,1.024949e-02
AKT1->-NOTCH2,2,1,5.000000,5,,1.586483e-02
KMT2D->-PIK3CA,2,1,5.000000,5,,9.900123e-01
CDH1->-KMT2D CDH1->-PIK3CA KMT2D->-PIK3CA,3,3,2.000000,2,,2.791398e-01
AKT1->-KMT2C,2,1,5.000000,5,,2.286274e-01
AKT1->-KMT2C AKT1->-TP53 TP53->-KMT2C,3,3,2.400000,2,,2.777778e-02
ARID1B->-PIK3CA,2,1,5.000000,5,,3.469682e-01
ARID1B->-PIK3CA TP53->-ARID1B TP53->-PIK3CA,3,3,2.000000,2,,1.330917e-01
GPS2->-PIK3CA,2,1,5.000000,5,,3.437748e-01
CDH1->-NSD1,2,1,5.000000,5,,3.125000e-02
CDH1->-NSD1 CDH1->-TP53 TP53->-NSD1,3,3,2.000000,2,,2.777778e-02
CDH1->-FOXA1 CDH1->-NSD1 CDH1->-PIK3CA NSD1->-FOXA1 PIK3CA->-FOXA1 PIK3CA->-NSD1,4,6,2.000000,2,,1.736111e-03
CHEK2->-PIK3CA,2,1,5.000000,5,,9.702381e-02
GATA3->-EGFR,2,1,5.000000,5,,3.125000e-02
PIK3CA->-EGFR,2,1,5.000000,6,,1.562500e-02
GATA3->-EGFR GATA3->-PIK3CA PIK3CA->-EGFR,3,3,2.000000,2,,2.777778e-02
TP53->-EPHA7,2,1,5.000000,5,,8.224113e-02
SPEN->-PIK3CA,2,1,5.000000,6,,9.145469e-01
TP53->-BRD4,2,1,5.000000,5,,8.502101e-02
TP53->-TCF7L2,2,1,5.000000,5,,3.067034e-02
ESR1->-MAP3K1,2,1,5.000000,5,,6.162710e-01
ESR1->-MAP3K1 PIK3CA->-ESR1 PIK3CA->-MAP3K1,3,3,2.000000,2,,3.373804e-01
NF1->-PIK3R1,2,1,5.000000,5,,2.031250e-01
NF1->-PIK3R1 TP53->-NF1 TP53->-PIK3R1,3,3,2.000000,2,,1.261574e-01
NF1->-PIK3R1 PTEN->-NF1 PTEN->-PIK3R1,3,3,2.000000,2,,1.025819e-01
CREBBP->-KMT2C,2,1,5.000000,5,,8.889910e-02
CREBBP->-KMT2C TP53->-CREBBP TP53->-KMT2C,3,3,2.000000,2,,6.308793e-02
CREBBP->-KMT2C PIK3CA->-CREBBP PIK3CA->-KMT2C,3,3,3.000000,3,,2.815831e-02
CDH1->-CREBBP CDH1->-KMT2C CDH1->-PIK3CA CREBBP->-KMT2C PIK3CA->-CREBBP PIK3CA->-KMT2C,4,6,2.000000,2,,7.148365e-03
ARID1A->-CREBBP ARID1A->-KMT2C CREBBP->-KMT2C,3,3,2.000000,2,,1.758771e-02
CDH1->-IKZF1,2,1,5.000000,5,,3.125000e-02
GATA3->-TBX3,2,1,5.000000,5,,1.428173e-01
GATA3->-PIK3CA GATA3->-TBX3 TBX3->-PIK3CA,3,3,2.000000,2,,1.674136e-01
GATA3->-PIK3CA GATA3->-TBX3 PIK3CA->-TBX3,3,3,2.000000,2,,1.679818e-01
GATA3->-TBX3 MAP3K1->-GATA3 MAP3K1->-TBX3,3,3,2.000000,2,,1.059028e-01
CDH1->-MED12,2,1,5.000000,5,,1.065848e-01
CDH1->-MED12 PIK3CA->-CDH1 PIK3CA->-MED12,3,3,2.000000,2,,1.893555e-01
PIK3CA->-TERT,2,1,5.000000,5,,3.730204e-02
PIK3CA->-GRIN2A,2,1,5.000000,5,,2.321429e-01
FOXA1->-GATA3,2,1,5.000000,5,,5.000000e-01
FOXA1->-GATA3 FOXA1->-MAP3K1 MAP3K1->-GATA3,3,3,2.000000,2,,1.319444e-01
ERBB2->-TP53,2,1,5.000000,5,,6.164726e-01
ERBB2->-RUNX1,2,1,5.000000,5,,2.265625e-01
CDH1->-ERBB2 CDH1->-RUNX1 ERBB2->-RUNX1,3,3,2.000000,2,,1.962449e-01
TP53->-CEBPA,2,1,5.000000,5,,3.125000e-02
NCOR1->-RUNX1,2,1,5.000000,5,,3.632812e-01
NCOR1->-RUNX1 PIK3CA->-NCOR1 PIK3CA->-RUNX1,3,3,2.000000,2,,2.632245e-01
NCOR1->-PIK3CA NCOR1->-RUNX1 PIK3CA->-RUNX1,3,3,2.000000,2,,2.632245e-01
TP53->-JAK1,2,1,5.000000,5,,3.645833e-01
NCOR1->-CDH1,2,1,5.000000,5,,9.939518e-01
NCOR1->-CDH1 TP53->-CDH1 TP53->-NCOR1,3,3,2.000000,2,,3.891206e-01
CDH1->-RUNX1 NCOR1->-CDH1 NCOR1->-RUNX1,3,3,2.000000,2,,1.319444e-01
MAP2K4->-PTEN,2,1,5.000000,5,,3.592523e-01
TP53->-CIC,2,1,5.000000,5,,1.130952e-01
PIK3CA->-CIC TP53->-CIC TP53->-PIK3CA,3,3,2.000000,2,,8.068783e-02
TP53->-SMARCA4,2,1,5.000000,5,,2.265625e-01
PIK3CA->-KRAS,2,1,5.000000,5,,4.195228e-01
TP53->-PIK3R2,2,1,5.000000,5,,2.604167e-02
RUNX1->-TP53,2,1,5.000000,5,,9.904140e-01
PTPRS->-PIK3CA,2,1,5.000000,5,,7.495257e-01
PTPRS->-PIK3CA TP53->-PIK3CA TP53->-PTPRS,3,3,2.000000,2,,9.585393e-02
CDH1->-PIK3CA CDH1->-PTPRS PTPRS->-PIK3CA,3,3,2.000000,2,,7.457729e-02
TP53->-TET1,2,1,5.000000,5,,1.093750e-01
CBFB->-NCOR1,2,1,5.000000,5,,3.333333e-02
CBFB->-NCOR1 CBFB->-PIK3CA NCOR1->-PIK3CA,3,3,2.000000,2,,1.435185e-01
CBFB->-NCOR1 CBFB->-TP53 TP53->-NCOR1,3,3,2.000000,2,,1.435185e-01
CDH1->-DNMT1,2,1,5.000000,5,,3.125000e-02
CDH1->-XPO1,2,1,5.000000,5,,3.136322e-02
AKT1->-MAP2K4,2,1,5.000000,5,,1.056548e-01
PIK3CA->-GLI1,2,1,5.000000,5,,2.481869e-02
CBFB->-AKT1,2,1,5.000000,5,,3.404948e-01
PIK3CA->-BRIP1,2,1,5.000000,5,,7.397035e-02
ARID1A->-IKZF1,2,1,5.000000,5,,2.482376e-02
ARID1A->-IKZF1 ARID1A->-PIK3CA CDH1->-ARID1A CDH1->-IKZF1 CDH1->-PIK3CA IKZF1->-PIK3CA,4,6,2.000000,2,,1.736111e-03
TP53->-RAF1,2,1,5.000000,5,,9.068297e-03
TP53->-MET,2,1,5.000000,5,,1.569922e-02
CDH1->-STAG2,2,1,5.000000,5,,3.059847e-02
PIK3R1->-TP53,2,1,5.000000,5,,9.861596e-01
CDH1->-RAD50,2,1,5.000000,5,,3.093283e-02
CDH1->-PIK3CA CDH1->-RAD50 PIK3CA->-RAD50,3,3,2.000000,2,,7.049092e-02
CDH1->-RAD50 TP53->-CDH1 TP53->-RAD50,3,3,2.000000,2,,2.544039e-02
PTEN->-GRIN2A,2,1,5.000000,5,,2.239263e-02
PIK3CA->-GRIN2A PTEN->-GRIN2A PTEN->-PIK3CA,3,3,2.000000,2,,8.068783e-02
TP53->-IRF4,2,1,5.000000,5,,1.568203e-02
TP53->-TSC1,2,1,5.000000,5,,1.633802e-01
TP53->-ARAF,2,1,5.000000,5,,8.003037e-02
TP53->-TRAF2,2,1,5.000000,5,,1.980213e-02
TP53->-KIT,2,1,5.000000,5,,8.038927e-03
PIK3CA->-DNMT1,2,1,5.000000,5,,3.042660e-02
CDH1->-DNMT1 CDH1->-PIK3CA PIK3CA->-DNMT1,3,3,2.000000,2,,2.777778e-02
PIK3CA->-BRCA1,2,1,5.000000,6,,1.669977e-01
TP53->-FGFR4,2,1,5.000000,5,,1.517294e-02
KDM5C->-PIK3CA,2,1,4.888889,5,,5.496916e-01
CREBBP->-PIK3CA,2,1,4.810906,4,,9.771618e-01
CDH1->-AR,2,1,4.727273,5,,9.263516e-02
TP53->-HIST1H3B,2,1,4.666667,5,,8.062042e-02
TP53->-BRIP1,2,1,4.666667,5,,7.268165e-03
ARID1A->-CDH1,2,1,4.510499,5,,9.963151e-01
ARID1A->-CDH1 ARID1A->-PIK3CA CDH1->-PIK3CA,3,3,2.000000,2,,7.281936e-01
PIK3CA->-JAK3,2,1,4.500000,5,,2.188704e-01
MAP3K1->-ESR1,2,1,4.500000,5,,6.170431e-01
ESR1->-PIK3CA MAP3K1->-ESR1 MAP3K1->-PIK3CA,3,3,2.000000,2,,3.373804e-01
TP53->-PLK2,2,1,4.500000,5,,3.083908e-02
KMT2C->-TBX3,2,1,4.500000,5,,4.421821e-01
NF1->-CDH1,2,1,4.500000,5,,8.548221e-01
CDH1->-PIK3CA NF1->-CDH1 NF1->-PIK3CA,3,3,2.000000,2,,4.252612e-01
TET1->-ARID1A,2,1,4.500000,5,,3.143275e-02
PTEN->-RUNX1,2,1,4.500000,5,,3.125000e-02
CBFB->-ARID1A,2,1,4.500000,5,,2.708333e-02
PIK3CA->-NOTCH3,2,1,4.500000,5,,2.074323e-01
TP53->-AR,2,1,4.500000,5,,3.125000e-02
PIK3CA->-AR PIK3CA->-TP53 TP53->-AR,3,3,2.500000,3,,4.629630e-03
MEN1->-ARID1A,2,1,4.500000,5,,3.136322e-02
KMT2C->-ARID1A MEN1->-ARID1A MEN1->-KMT2C,3,3,2.000000,2,,7.457729e-02
CDH1->-POLE,2,1,4.500000,5,,3.125000e-02
TP53->-PTCH1,2,1,4.500000,5,,1.429861e-01
PIK3CA->-PTCH1 PIK3CA->-TP53 TP53->-PTCH1,3,3,2.000000,2,,1.216714e-01
ARID1A->-FAT1,2,1,4.500000,5,,8.114455e-02
TP53->-INPP4B,2,1,4.500000,5,,4.113753e-02
PIK3CA->-PIK3CG,2,1,4.500000,5,,2.126288e-01
ARID1A->-GRIN2A,2,1,4.470588,4,,1.236698e-01
ZFHX3->-CDH1,2,1,4.466667,4,,3.731880e-01
CDH1->-PIK3CA ZFHX3->-CDH1 ZFHX3->-PIK3CA,3,3,4.000000,4,,3.371578e-03
PIK3CA->-PAK7,2,1,4.400576,4,,2.504383e-01
TP53->-JAK2,2,1,4.351585,4,,2.276776e-01
RHOA->-PIK3CA,2,1,4.333333,4,,2.436688e-01
PIK3CA->-EZH2,2,1,4.277778,4,,1.123444e-01
KMT2C->-BRCA2,2,1,4.276923,4,,5.097908e-01
TP53->-AXIN1,2,1,4.230769,4,,1.054322e-01
TP53->-IKZF1,2,1,4.189903,5,,1.121194e-02
GATA3-/-PIK3CA,2,1,4.177834,7,,8.302653e-01
ERBB3->-PIK3CA,2,1,4.173469,5,,6.349635e-01
ERBB3->-PIK3CA MAP3K1->-ERBB3 MAP3K1->-PIK3CA,3,3,3.000000,3,,3.343374e-02
ESR1->-FAT1,2,1,4.067873,5,,9.222902e-02
PIK3CA->-NF2,2,1,4.000000,4,,5.353077e-02
FOXA1->-KMT2C,2,1,4.000000,4,,3.083759e-01
FOXA1->-KMT2C PIK3CA->-FOXA1 PIK3CA->-KMT2C,3,3,3.000000,3,,2.929856e-02
FOXA1->-KMT2C TP53->-FOXA1 TP53->-KMT2C,3,3,2.000000,2,,4.408946e-02
TP53->-IRS2,2,1,4.000000,4,,1.620674e-01
TP53->-CDK8,2,1,4.000000,4,,1.158817e-01
TP53->-IFNGR1,2,1,4.000000,4,,2.617012e-02
PIK3CA->-BARD1,2,1,4.000000,4,,1.987509e-01
PIK3CA->-BARD1 TP53->-BARD1 TP53->-PIK3CA,3,3,2.000000,2,,4.199071e-02
CDH1->-SMO,2,1,4.000000,4,,6.142818e-02
PIK3CA->-YES1,2,1,4.000000,4,,3.759434e-02
CDH1->-MTOR,2,1,4.000000,4,,4.469771e-01
CDH1->-MTOR CDH1->-PIK3CA PIK3CA->-MTOR,3,3,2.000000,2,,9.102534e-02
TP53->-TRAF7,2,1,4.000000,4,,7.847348e-02
TP53->-KLF4,2,1,4.000000,4,,2.810993e-01
FAT1->-PIK3CA,2,1,4.000000,4,,9.997530e-01
CDH1->-KDR,2,1,4.000000,4,,5.842833e-02
PIK3CA->-CDKN2A,2,1,4.000000,4,,1.373837e-01
PIK3CA->-CDKN2A TP53->-CDKN2A TP53->-PIK3CA,3,3,2.000000,2,,7.368823e-02
TP53->-MAP2K1,2,1,4.000000,4,,4.166667e-02
CDH1->-CTCF,2,1,4.000000,4,,1.477176e-01
TP53->-GSK3B,2,1,4.000000,4,,1.665063e-02
CDH1->-JUN,2,1,4.000000,4,,6.249433e-02
CDH1->-SMAD4,2,1,4.000000,4,,4.521330e-01
CDH1->-TET2,2,1,4.000000,4,,6.190476e-02
ERBB4->-GATA3,2,1,4.000000,4,,1.250000e-01
SETD2->-PIK3CA,2,1,4.000000,4,,8.283076e-01
CDH1->-PIK3CA CDH1->-SETD2 SETD2->-PIK3CA,3,3,2.000000,2,,1.916336e-01
FAT1->-RICTOR,2,1,4.000000,4,,1.880710e-01
FAT1->-PIK3CA FAT1->-RICTOR PIK3CA->-RICTOR,3,3,2.000000,2,,1.194690e-01
TET1->-FAT1,2,1,4.000000,4,,3.446637e-01
PIK3CA->-FAT1 PIK3CA->-TET1 TET1->-FAT1,3,3,2.000000,2,,1.328403e-01
NCOR1->-FAT1 NCOR1->-TET1 TET1->-FAT1,3,3,2.000000,2,,2.777778e-02
PIK3CA->-FAT1 PIK3CA->-RB1 RB1->-FAT1,3,3,2.000000,2,,1.319444e-01
TET1->-FAT1 TP53->-FAT1 TP53->-TET1,3,3,2.000000,2,,7.076720e-02
ARID1A->-FAT1 TET1->-ARID1A TET1->-FAT1,3,3,2.000000,2,,2.619293e-02
KMT2A->-GATA3,2,1,4.000000,4,,1.875000e-01
TP53->-EZH2,2,1,4.000000,4,,1.875000e-01
PIK3CA->-EZH2 PIK3CA->-TP53 TP53->-EZH2,3,3,2.000000,2,,7.407407e-02
PIK3CA->-FOXP1,2,1,4.000000,4,,4.574605e-01
NCOR1->-RB1,2,1,4.000000,4,,3.121125e-01
NCOR1->-PIK3CA NCOR1->-RB1 PIK3CA->-RB1,3,3,2.000000,2,,7.407407e-02
PIK3CA->-HIST1H3I,2,1,4.000000,4,,1.861264e-01
EPHA7->-PIK3CA,2,1,4.000000,4,,1.497400e-01
EPHA7->-PIK3CA TP53->-EPHA7 TP53->-PIK3CA,3,3,2.000000,2,,1.140431e-02
NF1->-KMT2C,2,1,4.000000,4,,3.130435e-01
MEN1->-SPEN,2,1,4.000000,4,,6.272645e-02
GATA3->-SPEN MEN1->-GATA3 MEN1->-SPEN,3,3,2.000000,2,,7.407407e-02
STAG2->-GATA3,2,1,4.000000,4,,1.875000e-01
SMARCA4->-PIK3CA,2,1,4.000000,4,,6.352163e-01
KMT2C->-ESR1,2,1,4.000000,4,,1.262873e-01
PTEN->-GATA3,2,1,4.000000,5,,3.635728e-01
FOXA1->-TP53,2,1,4.000000,4,,9.846885e-01
PTEN->-ATR,2,1,4.000000,4,,5.408163e-02
PTEN->-ATR TP53->-ATR TP53->-PTEN,3,3,3.000000,3,,4.756090e-03
PIK3CA->-ATR PIK3CA->-PTEN PTEN->-ATR,3,3,2.000000,2,,5.914386e-02
MGA->-ATR MGA->-PTEN PTEN->-ATR,3,3,2.000000,2,,1.882619e-02
MGA->-PTPRT,2,1,2.000000,2,,2.142857e-01
ATR->-NCOR1,2,1,4.000000,4,,6.309524e-02
ATR->-NCOR1 TP53->-ATR TP53->-NCOR1,3,3,2.000000,2,,2.857143e-02
ATR->-NCOR1 PIK3CA->-ATR PIK3CA->-NCOR1,3,3,2.000000,2,,2.777778e-02
ATR->-EP300 PIK3CA->-ATR PIK3CA->-EP300,3,3,2.000000,2,,2.777778e-02
MAP3K1->-NSD1,2,1,4.000000,4,,4.806548e-01
MAP3K1->-NSD1 TP53->-MAP3K1 TP53->-NSD1,3,3,2.000000,2,,7.539683e-02
CDH1->-MAP3K1 CDH1->-NSD1 MAP3K1->-NSD1,3,3,2.000000,2,,1.314696e-01
NF1->-MAP3K1,2,1,4.000000,4,,3.452381e-01
NF1->-MAP3K1 TP53->-MAP3K1 TP53->-NF1,3,3,3.000000,3,,1.653439e-02
NF1->-MAP3K1 PTEN->-MAP3K1 PTEN->-NF1,3,3,3.000000,3,,4.722833e-03
NF1->-MED12,2,1,4.000000,4,,1.886905e-01
NF1->-MED12 TP53->-MED12 TP53->-NF1,3,3,2.000000,2,,7.539683e-02
TP53->-PRDM1,2,1,4.000000,4,,5.888889e-02
TP53->-CTCF,2,1,4.000000,4,,3.434860e-01
ERBB2->-MAP3K1,2,1,4.000000,5,,2.122037e-01
PTEN->-ARID1B,2,1,4.000000,4,,1.875000e-01
CDH1->-RHOA,2,1,4.000000,4,,3.381696e-01
CDH1->-PIK3CA CDH1->-RHOA RHOA->-PIK3CA,3,3,2.000000,2,,6.911376e-02
CDH1->-FGFR4,2,1,4.000000,4,,1.229564e-01
GATA3->-NSD1,2,1,4.000000,4,,6.250000e-02
MAP3K1->-CDH1,2,1,4.000000,4,,9.997559e-01
MAP3K1->-CDH1 MAP3K1->-PIK3CA PIK3CA->-CDH1,3,3,2.000000,2,,7.403781e-01
GATA3->-MED12,2,1,4.000000,4,,6.026786e-02
PIK3CA->-TSHR,2,1,4.000000,4,,3.125000e-02
TP53->-GATA2,2,1,4.000000,4,,1.907773e-01
FOXA1->-CDH1,2,1,4.000000,4,,9.997437e-01
PIK3CA->-PMS1,2,1,4.000000,4,,5.000000e-02
NF1->-ERBB3,2,1,4.000000,4,,6.250000e-02
NF1->-ERBB3 NF1->-TP53 TP53->-ERBB3,3,3,2.000000,2,,7.407407e-02
CDH1->-JAK2,2,1,4.000000,4,,5.208333e-02
CDH1->-JAK2 TP53->-CDH1 TP53->-JAK2,3,3,2.000000,2,,2.777778e-02
PIK3CA->-INSR,2,1,4.000000,4,,1.675493e-01
PIK3CA->-INSR PIK3CA->-TP53 TP53->-INSR,3,3,2.000000,2,,7.453704e-02
ERBB2->-FOXA1,2,1,4.000000,4,,3.381696e-01
ERBB2->-FOXA1 ERBB2->-MAP3K1 FOXA1->-MAP3K1,3,3,2.000000,2,,2.480159e-02
TP53->-JUN,2,1,4.000000,4,,6.309524e-02
TP53->-FGFR2,2,1,4.000000,4,,6.274704e-02
MAP2K4->-NCOR1,2,1,4.000000,4,,6.445437e-01
GATA3->-PDGFRA,2,1,4.000000,4,,1.941667e-01
PIK3CA->-DNMT3B,2,1,4.000000,4,,1.886852e-01
PIK3CA->-PIK3CB,2,1,4.000000,4,,2.915042e-01
PIK3CA->-PIK3CB PIK3CA->-TP53 TP53->-PIK3CB,3,3,2.000000,2,,2.704518e-02
MDC1->-PIK3CB PIK3CA->-MDC1 PIK3CA->-PIK3CB,3,3,2.000000,2,,2.704518e-02
SPOP->-PIK3CA,2,1,4.000000,4,,2.000000e-01
PIK3CA->-INPP4A,2,1,4.000000,4,,1.875000e-01
CDH1->-NOTCH4,2,1,4.000000,4,,6.272645e-02
CDH1->-NOTCH4 CDH1->-PIK3CA PIK3CA->-NOTCH4,3,3,2.000000,2,,7.457729e-02
NF1->-FOXA1,2,1,4.000000,4,,6.250000e-02
NF1->-FOXA1 NF1->-PIK3CA PIK3CA->-FOXA1,3,3,2.000000,2,,7.407407e-02
NF1->-FOXA1 TP53->-FOXA1 TP53->-NF1,3,3,2.000000,2,,7.407407e-02
NCOR1->-MAP2K4,2,1,4.000000,4,,6.445437e-01
MAP2K4->-PIK3CA NCOR1->-MAP2K4 NCOR1->-PIK3CA,3,3,2.000000,2,,1.417989e-01
SOX9->-PTCH1,2,1,4.000000,4,,6.272645e-02
APC->-KMT2D,2,1,4.000000,4,,1.879167e-01
APC->-KMT2D TP53->-APC TP53->-KMT2D,3,3,3.000000,3,,1.630523e-02
GATA3->-CREBBP,2,1,4.000000,5,,3.129844e-02
CREBBP->-MAP3K1 GATA3->-CREBBP GATA3->-MAP3K1 GATA3->-PIK3CA PIK3CA->-CREBBP PIK3CA->-MAP3K1,4,6,2.000000,2,,1.736111e-03
JAK1->-PIK3CA,2,1,4.000000,4,,4.617650e-01
TP53->-EPCAM,2,1,4.000000,4,,1.886531e-01
CDH1->-ANKRD11,2,1,4.000000,4,,3.175924e-01
PIK3CA->-MSH6,2,1,4.000000,4,,3.442708e-01
TBX3->-RUNX1,2,1,4.000000,4,,3.437500e-01
NF1->-ATM,2,1,4.000000,4,,6.250000e-02
NF1->-ATM NF1->-PIK3CA PIK3CA->-ATM,3,3,2.000000,2,,2.777778e-02
KMT2C->-TSC2,2,1,4.000000,4,,2.962227e-01
TP53->-AURKA,2,1,4.000000,4,,5.803571e-02
PIK3CA->-IKBKE,2,1,4.000000,4,,1.671196e-01
GATA3->-CBFB,2,1,4.000000,4,,9.998952e-01
GATA3->-FOXA1,2,1,4.000000,4,,7.460938e-01
GATA3->-FOXA1 PIK3CA->-FOXA1 PIK3CA->-GATA3,3,3,2.000000,2,,2.632245e-01
MGA->-ATR,2,1,4.000000,4,,5.375000e-02
MGA->-ATR MGA->-PIK3CA PIK3CA->-ATR,3,3,2.000000,2,,1.138185e-01
PIK3CA->-KDM5C,2,1,4.000000,4,,7.783083e-01
TP53->-CDKN1A,2,1,4.000000,4,,1.878781e-01
GATA3->-SF3B1,2,1,4.000000,4,,5.000000e-01
GATA3->-SF3B1 PIK3CA->-GATA3 PIK3CA->-SF3B1,3,3,2.000000,2,,7.407407e-02
TBX3->-KMT2C,2,1,4.000000,4,,6.986889e-01
TBX3->-KMT2C TP53->-KMT2C TP53->-TBX3,3,3,2.000000,2,,4.324228e-02
CDH1->-RASA1,2,1,4.000000,4,,1.598670e-01
TP53->-SDHB,2,1,4.000000,4,,4.661548e-01
TP53->-REL,2,1,4.000000,4,,2.511124e-02
TP53->-SMAD2,2,1,4.000000,4,,1.620096e-01
GATA3->-FLT3,2,1,4.000000,5,,2.552060e-02
GATA3->-POLE,2,1,4.000000,5,,9.564678e-02
TP53->-DAXX,2,1,4.000000,4,,3.059222e-02
CDH1->-PARP1,2,1,4.000000,4,,1.854532e-01
CDH1->-ARID5B,2,1,4.000000,4,,6.212099e-02
CDH1->-ARID5B CDH1->-PIK3CA PIK3CA->-ARID5B,3,3,3.000000,3,,1.562617e-02
TP53->-RBM10,2,1,4.000000,4,,2.001150e-02
PTEN->-ATRX,2,1,4.000000,4,,1.788411e-01
PTEN->-ATRX TP53->-ATRX TP53->-PTEN,3,3,2.000000,2,,1.185126e-01
PTEN->-TBX3,2,1,4.000000,4,,5.770961e-02
TP53->-PIM1,2,1,4.000000,4,,2.589781e-02
MAP3K1->-ARID2,2,1,4.000000,4,,5.822834e-02
ERBB2->-ERBB3,2,1,4.000000,4,,5.795960e-02
CDH1->-ERBB3 ERBB2->-CDH1 ERBB2->-ERBB3,3,3,2.000000,2,,7.407407e-02
KMT2C->-PTCH1,2,1,4.000000,4,,2.275507e-01
CDH1->-KMT2A CDH1->-KMT2C CDH1->-PTCH1 KMT2C->-KMT2A KMT2C->-PTCH1 PTCH1->-KMT2A,4,6,2.000000,2,,1.773853e-03
KMT2C->-PARP1,2,1,4.000000,4,,6.221564e-02
CDH1->-KMT2C CDH1->-PARP1 KMT2C->-PARP1,3,3,2.000000,2,,7.106428e-02
CDH1->-PARP1 CDH1->-RAD50 RAD50->-PARP1,3,3,2.000000,2,,2.576926e-02
CDH1->-DNMT3A,2,1,4.000000,4,,1.874031e-01
CDH1->-DNMT3A CDH1->-PIK3CA PIK3CA->-DNMT3A,3,3,2.000000,2,,7.144921e-02
CDH1->-DNMT3A TP53->-CDH1 TP53->-DNMT3A,3,3,2.000000,2,,2.609036e-02
BRCA2->-KMT2C,2,1,4.000000,4,,5.131767e-01
PIK3CA->-PALB2,2,1,4.000000,4,,2.459297e-01
TP53->-NF2,2,1,4.000000,4,,2.293010e-02
PTEN->-SETD2,2,1,4.000000,4,,1.848158e-01
PIK3CA->-HNF1A,2,1,4.000000,4,,1.854782e-01
MAP3K1->-FOXA1,2,1,4.000000,4,,9.166174e-01
MAP3K1->-FOXA1 MAP3K1->-PIK3CA PIK3CA->-FOXA1,3,3,3.000000,3,,1.641271e-01
MAP3K1->-DICER1,2,1,4.000000,4,,6.164067e-02
MAP3K1->-CDKN1B,2,1,4.000000,4,,4.908982e-01
PIK3CA->-IKZF1,2,1,4.000000,5,,2.338943e-01
TP53->-MSH6,2,1,4.000000,4,,1.238288e-01
SPEN->-GATA3,2,1,3.852140,4,,9.058126e-01
TP53->-AXL,2,1,3.669400,4,,2.206765e-02
TP53->-SMO,2,1,3.666667,4,,1.772624e-01
NF1->-TET2,2,1,3.666667,4,,5.109599e-02
NF1->-TET2 TP53->-NF1 TP53->-TET2,3,3,2.000000,2,,2.380952e-02
TP53->-NTRK1,2,1,3.666667,4,,1.158630e-02
PTEN->-MED12,2,1,3.666667,4,,4.473698e-02
NF1->-MED12 PTEN->-MED12 PTEN->-NF1,3,3,2.000000,2,,2.833700e-02
NF1->-NSD1 PTEN->-NF1 PTEN->-NSD1,3,3,2.000000,2,,2.833700e-02
CDH1->-JAK3,2,1,3.665753,4,,5.139806e-02
CDH1->-JAK3 CDH1->-PIK3CA PIK3CA->-JAK3,3,3,2.000000,2,,2.777778e-02
MAP2K4->-JAK3,2,1,3.665753,4,,5.601887e-02
PIK3CA->-PDGFRA,2,1,3.611111,4,,4.436227e-01
PIK3CA-/-TP53,2,1,3.565447,6,,9.999999e-01
ARID1A->-KMT2D,2,1,3.545455,4,,2.978320e-01
ARID1A->-KMT2D PIK3CA->-ARID1A PIK3CA->-KMT2D,3,3,2.000000,2,,7.401755e-02
TP53->-PMS1,2,1,3.505208,4,,3.953802e-02
PIK3CA->-BRD4,2,1,3.500000,4,,1.844973e-01
MAP3K1->-MED12,2,1,3.500000,4,,6.186762e-02
MAP3K1->-MED12 PTEN->-MAP3K1 PTEN->-MED12,3,3,2.500000,3,,3.115907e-03
TP53->-E2F3,2,1,3.500000,4,,9.250975e-03
PIK3CA->-RECQL4,2,1,3.500000,4,,4.046556e-01
PIK3CA->-PPP2R1A,2,1,3.500000,4,,3.180938e-01
TP53->-DICER1,2,1,3.500000,4,,3.607253e-02
PIK3CA->-DICER1 TP53->-DICER1 TP53->-PIK3CA,3,3,2.000000,2,,1.515057e-02
ARID1B->-TP53,2,1,3.500000,4,,9.533370e-01
KMT2D->-KMT2C,2,1,3.500000,4,,4.892837e-01
PIK3CA->-TSC2,2,1,3.500000,4,,4.552496e-01
PIK3CA->-RPS6KB2,2,1,3.500000,4,,6.294331e-02
SMO->-PIK3CA,2,1,3.500000,4,,4.977439e-01
CDH1->-ALK,2,1,3.500000,4,,6.272645e-02
CDH1->-ALK CDH1->-PIK3CA PIK3CA->-ALK,3,3,2.000000,2,,2.807971e-02
CDH1->-ALK CDH1->-FOXA1 FOXA1->-ALK,3,3,2.000000,2,,2.807971e-02
PIK3CA->-SMARCA4,2,1,3.500000,4,,6.352163e-01
CDH1->-EGFR,2,1,3.500000,4,,1.875000e-01
CDH1->-EGFR CDH1->-PIK3CA PIK3CA->-EGFR,3,3,2.250000,2,,5.555556e-02
TP53->-IRS1,2,1,3.500000,4,,6.292810e-02
MAP3K1->-ATR,2,1,3.500000,4,,1.886550e-01
FOXA1->-KMT2D,2,1,3.500000,4,,1.875000e-01
CDH1->-PAK7,2,1,3.500000,4,,6.272526e-02
CDH1->-PAK7 CDH1->-TP53 TP53->-PAK7,3,3,2.000000,2,,5.500338e-02
CDH1->-PAK7 CDH1->-PIK3CA PIK3CA->-PAK7,3,3,2.000000,2,,7.512865e-02
ZFHX3->-KMT2C,2,1,3.500000,4,,1.891580e-01
KMT2C->-PIK3CA ZFHX3->-KMT2C ZFHX3->-PIK3CA,3,3,2.000000,2,,1.180837e-01
CDH1->-DNMT3B,2,1,3.500000,4,,6.272645e-02
CDH1->-DNMT3B CDH1->-PIK3CA PIK3CA->-DNMT3B,3,3,2.000000,2,,2.807971e-02
ARID1A->-TP53,2,1,3.500000,4,,9.992419e-01
RUNX1->-FOXA1,2,1,3.500000,4,,3.437500e-01
CDH1->-FOXA1 CDH1->-RUNX1 RUNX1->-FOXA1,3,3,2.000000,2,,1.801698e-01
RB1->-KMT2C,2,1,3.500000,4,,3.108197e-01
KMT2C->-PIK3CA RB1->-KMT2C RB1->-PIK3CA,3,3,2.000000,2,,7.407407e-02
KMT2A->-PIK3CA,2,1,3.500000,4,,9.719922e-01
TP53->-RASA1,2,1,3.500000,4,,1.666667e-01
FOXA1->-ESR1,2,1,3.500000,4,,1.508508e-01
FOXA1->-TBX3,2,1,3.500000,4,,4.577927e-01
FOXA1->-TBX3 PIK3CA->-FOXA1 PIK3CA->-TBX3,3,3,2.000000,2,,7.407407e-02
ARID1A->-FLT3,2,1,3.500000,4,,1.646793e-01
CDH1->-ATR,2,1,3.500000,4,,6.313647e-02
CDH1->-ATR CDH1->-PIK3CA PIK3CA->-ATR,3,3,2.500000,3,,4.403539e-03
BRCA2->-CDH1,2,1,3.500000,4,,8.999481e-01
TP53->-EGFR,2,1,3.500000,4,,1.494557e-02
TP53->-MEN1,2,1,3.500000,4,,1.860782e-01
GATA3->-PIK3R2,2,1,3.500000,4,,5.174116e-02
PIK3CA->-IRS1,2,1,3.500000,4,,4.374377e-01
APC->-PIK3CA,2,1,3.500000,4,,7.955453e-01
APC->-PIK3CA CDH1->-APC CDH1->-PIK3CA,3,3,2.000000,2,,1.309164e-01
KMT2C->-MED12,2,1,3.500000,4,,6.110944e-02
PIK3CA->-FGFR4,2,1,3.500000,5,,3.614709e-01
KMT2C->-KMT2A,2,1,3.500000,4,,1.862905e-01
TP53->-PAK1,2,1,3.500000,4,,1.338387e-02
NCOR1->-MAP3K1,2,1,3.499684,3,,9.199884e-01
NCOR1->-MAP3K1 TP53->-MAP3K1 TP53->-NCOR1,3,3,2.000000,2,,9.498017e-02
MAP3K1->-PIK3CA NCOR1->-MAP3K1 NCOR1->-PIK3CA,3,3,2.000000,2,,2.436105e-01
PTPRS->-MAP3K1,2,1,3.499684,3,,4.519712e-01
KMT2C->-ERBB3,2,1,3.492958,3,,5.432461e-01
PIK3CA->-RNF43,2,1,3.435159,3,,1.702165e-01
TP53->-ERCC4,2,1,3.400000,3,,2.193676e-01
NOTCH2->-PIK3CA,2,1,3.400000,3,,5.437500e-01
BRCA2->-PIK3CA,2,1,3.357143,3,,9.351262e-01
SPEN->-ARID2,2,1,3.347826,3,,2.253350e-01
SPEN->-ARID2 TP53->-ARID2 TP53->-SPEN,3,3,2.347826,2,,3.443461e-02
GATA3->-ERBB3,2,1,3.274854,3,,4.006362e-01
RECQL4->-PIK3CA,2,1,3.251111,3,,6.877556e-01
TP53->-HGF,2,1,3.000000,3,,1.161305e-01
ATM->-KMT2C,2,1,3.000000,3,,6.234633e-01
TP53->-RHOA,2,1,3.000000,3,,3.938464e-01
IRS2->-CARD11,2,1,3.000000,3,,5.945953e-02
IRS2->-CARD11 TP53->-CARD11 TP53->-IRS2,3,3,2.000000,2,,3.450661e-02
PIK3CA->-EIF4A2,2,1,3.000000,3,,4.506045e-01
PIK3CA->-AMER1,2,1,3.000000,3,,4.502724e-01
PIK3CA->-JAK1,2,1,3.000000,3,,7.454092e-01
PIK3CA->-PIK3C3,2,1,3.000000,3,,2.308262e-01
PIK3CA->-SOX2,2,1,3.000000,3,,9.392171e-02
PIK3CA->-ARAF,2,1,3.000000,3,,3.852245e-01
PIK3CA->-ARAF PIK3CA->-TP53 TP53->-ARAF,3,3,2.000000,2,,4.601992e-02
TP53->-IDH1,2,1,3.000000,3,,5.350161e-02
TP53->-CDK12,2,1,3.000000,3,,4.863757e-01
CDH1->-PIK3CG,2,1,3.000000,3,,2.967664e-01
PIK3CA->-SMO,2,1,3.000000,3,,7.715036e-01
CDH1->-PIK3CA CDH1->-SMO PIK3CA->-SMO,3,3,2.000000,2,,1.200422e-01
TP53->-HIST1H1C,2,1,3.000000,3,,1.204957e-01
NCOR1->-PTEN,2,1,3.000000,3,,4.510757e-01
TP53->-MYCN,2,1,3.000000,3,,5.038498e-02
TP53->-FOXP1,2,1,3.000000,3,,2.605963e-01
STK11->-EP300,2,1,3.000000,3,,2.628219e-01
STK11->-EP300 TP53->-EP300 TP53->-STK11,3,3,2.000000,2,,9.376811e-02
BRCA1->-TET2,2,1,3.000000,3,,2.233038e-01
TP53->-RAD21,2,1,3.000000,3,,4.721649e-02
PIK3CA->-FH,2,1,3.000000,3,,2.281250e-01
CDKN2A->-TP53,2,1,3.000000,3,,9.900769e-01
TP53->-H3F3C,2,1,3.000000,3,,7.710864e-02
NF1->-NCOR1,2,1,3.000000,3,,5.000000e-01
CDH1->-LATS1,2,1,3.000000,3,,1.076321e-01
MAP2K4->-CDH1,2,1,3.000000,3,,9.751173e-01
TP53->-DNMT3B,2,1,3.000000,3,,5.952381e-02
NF1->-APC,2,1,3.000000,3,,4.982143e-01
TET2->-PIK3CA,2,1,3.000000,3,,8.925417e-01
TP53->-ERG,2,1,3.000000,3,,8.131260e-02
TP53->-KDM5C,2,1,3.000000,3,,5.974264e-01
FAT1->-TP53,2,1,3.000000,3,,9.997513e-01
MAP2K4->-APC,2,1,3.000000,3,,1.114286e-01
RAD52->-TP53,2,1,3.000000,3,,2.986410e-01
MAP2K4->-TET2,2,1,3.000000,3,,1.179138e-01
CDH1->-TET2 MAP2K4->-CDH1 MAP2K4->-TET2,3,3,2.000000,2,,2.698413e-02
CDH1->-MTOR MAP2K4->-CDH1 MAP2K4->-MTOR,3,3,2.000000,2,,2.698413e-02
ARID1B->-KMT2C,2,1,3.000000,3,,1.157369e-01
ARID1B->-KMT2C ARID1B->-PIK3CA KMT2C->-PIK3CA,3,3,2.000000,2,,2.273446e-02
ARID1B->-PTCH1,2,1,2.000000,2,,2.328037e-01
PIK3CA->-FBXW7,2,1,3.000000,3,,5.415643e-01
TP53->-ERCC2,2,1,3.000000,3,,6.961652e-02
CDH1->-GPS2,2,1,3.000000,3,,6.286706e-01
PIK3CA->-HIST1H3B,2,1,3.000000,3,,2.872848e-01
KMT2D->-TP53,2,1,3.000000,3,,9.999901e-01
PIK3CA->-KDM5A,2,1,3.000000,3,,4.687500e-01
TP53->-ABL1,2,1,3.000000,3,,4.534586e-01
NCOR1->-TBX3,2,1,3.000000,3,,3.585021e-01
CDH1->-TBX3 NCOR1->-CDH1 NCOR1->-TBX3,3,3,2.000000,2,,2.480159e-02
TP53->-PIK3R3,2,1,3.000000,3,,9.375000e-02
SETD2->-ARID1A,2,1,3.000000,3,,5.010965e-01
ARID1A->-PIK3CA SETD2->-ARID1A SETD2->-PIK3CA,3,3,2.000000,2,,1.971616e-01
NOTCH1->-PIK3CA SETD2->-NOTCH1 SETD2->-PIK3CA,3,3,2.000000,2,,7.612168e-02
LATS2->-PIK3CA,2,1,3.000000,3,,6.645955e-01
ESR1->-RICTOR,2,1,3.000000,3,,4.832393e-01
ARID2->-PIK3CA,2,1,3.000000,3,,9.744554e-01
ARID1A->-ARID2,2,1,3.000000,3,,8.493690e-01
ARID1A->-ARID2 ARID1A->-PIK3CA ARID2->-PIK3CA,3,3,2.000000,2,,1.327694e-01
GATA3->-PTEN,2,1,3.000000,3,,8.546967e-01
EP300->-PIK3CA,2,1,3.000000,3,,8.903444e-01
AXL->-PIK3CA,2,1,3.000000,3,,5.558660e-01
KMT2A->-BRCA2,2,1,3.000000,3,,2.195765e-01
TP53->-ASXL1,2,1,3.000000,3,,1.250000e-01
KMT2C->-PTPRD,2,1,3.000000,3,,3.088033e-01
MTOR->-XPO1,2,1,3.000000,3,,1.250000e-01
KMT2C->-XPO1,2,1,3.000000,3,,1.254529e-01
CDH1->-DOT1L,2,1,3.000000,3,,3.125000e-01
DOT1L->-MAP3K1,2,1,3.000000,3,,2.187500e-01
CDH1->-DOT1L CDH1->-MAP3K1 DOT1L->-MAP3K1,3,3,2.000000,2,,2.754986e-02
CDH1->-MAP3K1 CDH1->-NSD1 NSD1->-MAP3K1,3,3,2.000000,2,,1.314696e-01
MAP3K1->-EPHB1,2,1,3.000000,3,,5.000000e-01
CDH1->-EPHB1 CDH1->-MAP3K1 CDH1->-PIK3CA MAP3K1->-EPHB1 PIK3CA->-EPHB1 PIK3CA->-MAP3K1,4,6,2.000000,2,,1.736111e-03
ARID1A->-EPHB1,2,1,3.000000,3,,1.250000e-01
ARID1A->-EPHB1 TP53->-ARID1A TP53->-EPHB1,3,3,2.000000,2,,2.774386e-02
ARID1A->-MAP3K1,2,1,3.000000,3,,9.427173e-01
NSD1->-MAP3K1,2,1,3.000000,3,,7.589782e-01
ARID1A->-FOXA1,2,1,3.000000,3,,5.006793e-01
NSD1->-KMT2C,2,1,3.000000,3,,4.750000e-01
NSD1->-KMT2C PIK3CA->-KMT2C PIK3CA->-NSD1,3,3,2.000000,2,,2.777778e-02
ARID1A->-KMT2C ARID1A->-NSD1 NSD1->-KMT2C,3,3,2.000000,2,,2.777778e-02
MAP3K1->-KMT2C NSD1->-KMT2C NSD1->-MAP3K1,3,3,2.000000,2,,5.754368e-02
CBFB->-EGFR,2,1,3.000000,3,,1.250000e-01
PIK3CA->-ASXL2,2,1,3.000000,3,,6.562500e-01
PIK3CA->-FGFR3,2,1,3.000000,3,,4.673685e-01
NCOR1->-FAT1,2,1,3.000000,3,,2.504000e-01
STAG2->-FAT1,2,1,3.000000,3,,3.125000e-01
PIK3CA->-RBM10,2,1,3.000000,3,,3.125000e-01
PIK3CA->-PDCD1,2,1,3.000000,3,,3.132411e-01
AKT1->-RUNX1,2,1,3.000000,3,,1.250000e-01
IKZF1->-PIK3CA,2,1,3.000000,3,,7.686605e-01
CDH1->-FLT1,2,1,3.000000,3,,1.250000e-01
HIST1H3I->-SMARCA4,2,1,3.000000,3,,1.236264e-01
HIST1H3I->-SMARCA4 PIK3CA->-HIST1H3I PIK3CA->-SMARCA4,3,3,2.000000,2,,7.249204e-02
CDH1->-EPHA7,2,1,3.000000,3,,1.250000e-01
TP53->-LATS1,2,1,3.000000,3,,5.000000e-01
TP53->-SOX2,2,1,3.000000,3,,1.250000e-01
CDH1->-GRIN2A,2,1,3.000000,3,,1.250000e-01
TP53->-GNA11,2,1,3.000000,3,,1.256937e-01
TP53->-PIK3C3,2,1,3.000000,3,,1.253687e-01
IRS1->-PIK3CA,2,1,3.000000,3,,7.269209e-01
MDC1->-PIK3CA,2,1,3.000000,3,,9.454103e-01
CARD11->-ATR TP53->-ATR TP53->-CARD11,3,3,3.000000,4,,1.600729e-03
TP53->-NTRK3,2,1,3.000000,3,,3.125000e-01
MAP3K1->-SPEN,2,1,3.000000,3,,3.125000e-01
GATA3->-SPEN MAP3K1->-GATA3 MAP3K1->-SPEN,3,3,2.000000,2,,2.777778e-02
GATA3->-NUP93,2,1,3.000000,3,,1.250000e-01
GATA3->-NUP93 PIK3CA->-GATA3 PIK3CA->-NUP93,3,3,2.000000,2,,7.407407e-02
KMT2C->-SPEN,2,1,3.000000,3,,6.749107e-01
ARID1A->-SPEN PIK3CA->-ARID1A PIK3CA->-SPEN,3,3,3.000000,3,,1.632951e-02
ARID1A->-SPEN CDH1->-ARID1A CDH1->-SPEN,3,3,2.000000,2,,2.807971e-02
ARID1A->-SPEN MEN1->-ARID1A MEN1->-SPEN,3,3,2.000000,2,,2.807971e-02
ARID1A->-EGFR,2,1,3.000000,3,,1.250000e-01
ARID1A->-EGFR GATA3->-ARID1A GATA3->-EGFR,3,3,2.000000,2,,2.777778e-02
AKT1->-NF1,2,1,3.000000,3,,1.190476e-01
ROS1->-PIK3CA,2,1,3.000000,3,,9.199095e-01
TSC2->-PIK3CA,2,1,3.000000,3,,7.398264e-01
ROS1->-TP53,2,1,3.000000,3,,9.642329e-01
PIK3CA->-ROS1 PIK3CA->-TP53 ROS1->-TP53,3,3,2.000000,2,,1.522142e-01
TBX3->-ANKRD11,2,1,3.000000,3,,5.000000e-01
CDH1->-BRCA2 CDH1->-ESR1 ESR1->-BRCA2,3,3,3.000000,3,,4.629630e-03
CDH1->-HNF1A,2,1,3.000000,3,,1.250000e-01
PIK3CA->-GNA11,2,1,3.000000,3,,3.128531e-01
ATM->-FAT1 PIK3CA->-ATM PIK3CA->-FAT1 PIK3CA->-TP53 TP53->-ATM TP53->-FAT1,4,6,2.000000,2,,4.873512e-03
GNA11->-FAT1 PIK3CA->-FAT1 PIK3CA->-GNA11 PIK3CA->-TP53 TP53->-FAT1 TP53->-GNA11,4,6,2.000000,2,,1.636905e-03
ATM->-FAT1,2,1,3.000000,3,,3.141280e-01
PIK3CA->-GATA2,2,1,3.000000,3,,3.174133e-01
PIK3CA->-CTCF,2,1,3.000000,3,,9.558805e-01
TP53->-INPP4A,2,1,3.000000,3,,1.250000e-01
PIK3CA->-SMAD2,2,1,3.000000,3,,3.159225e-01
PIK3C2G->-CREBBP,2,1,3.000000,3,,3.132191e-01
PIK3C2G->-CREBBP PIK3CA->-CREBBP PIK3CA->-PIK3C2G,3,3,2.000000,2,,1.123434e-01
DOT1L->-PIK3CA,2,1,3.000000,3,,5.000000e-01
ATRX->-PIK3CA,2,1,3.000000,3,,9.104761e-01
NCOR1->-CARD11,2,1,3.000000,3,,3.125000e-01
TP53->-CDK4,2,1,3.000000,3,,1.250000e-01
TP53->-AKT2,2,1,3.000000,3,,1.250000e-01
PTEN->-NSD1,2,1,3.000000,3,,1.261905e-01
NCOR1->-NSD1 PTEN->-NCOR1 PTEN->-NSD1 TP53->-NCOR1 TP53->-NSD1 TP53->-PTEN,4,6,2.000000,2,,1.835317e-03
MED12->-NSD1,2,1,3.000000,3,,3.142857e-01
CHEK2->-TP53,2,1,3.000000,3,,4.348149e-01
CHEK2->-PIK3CA CHEK2->-TP53 TP53->-PIK3CA,3,3,2.000000,2,,2.857143e-02
CDH1->-KDM6A,2,1,3.000000,3,,5.000000e-01
MTOR->-CDH1,2,1,3.000000,3,,7.340926e-01
CDH1->-PBRM1,2,1,3.000000,3,,3.125000e-01
NF1->-ARID1A,2,1,3.000000,3,,2.875000e-01
NF1->-ARID1A PIK3CA->-ARID1A PIK3CA->-NF1,3,3,2.000000,2,,5.787037e-02
ATM->-ESR1,2,1,3.000000,3,,1.125000e-01
ATRX->-GATA3,2,1,3.000000,3,,3.125000e-01
CDH1->-ARID1B,2,1,3.000000,3,,2.987032e-01
ARID1B->-PTPRS ARID1B->-TSC2 CDH1->-ARID1B CDH1->-PTPRS CDH1->-TSC2 PTPRS->-TSC2,4,6,2.000000,2,,1.743530e-03
ARID1B->-KMT2C ARID1B->-NF1 ARID1B->-TSC2 CDH1->-ARID1B CDH1->-KMT2C CDH1->-NF1 CDH1->-TSC2 KMT2C->-NF1 KMT2C->-TSC2 NF1->-TSC2,5,10,2.000000,2,,1.091945e-04
CDH1->-SMARCB1,2,1,3.000000,3,,1.250000e-01
ESR1->-RHOA,2,1,3.000000,3,,1.250000e-01
CDH1->-ESR1 CDH1->-RHOA ESR1->-RHOA,3,3,2.000000,2,,2.777778e-02
CDH1->-ERCC5,2,1,3.000000,3,,1.249188e-01
MAP3K1->-PTPRD,2,1,3.000000,3,,3.072648e-01
ARID1A->-JAK1,2,1,3.000000,3,,1.250000e-01
ARID1A->-JAK1 ARID1A->-PIK3CA JAK1->-PIK3CA,3,3,2.000000,2,,7.407407e-02
AKT1->-CBFB,2,1,3.000000,3,,8.417969e-01
CBFB->-ERBB2,2,1,3.000000,3,,1.250000e-01
BCL6->-CDH1,2,1,3.000000,3,,5.000000e-01
MST1R->-MAP3K1 PIK3CA->-MAP3K1 PIK3CA->-MST1R,3,3,3.000000,3,,5.125661e-03
MST1R->-KMT2C,2,1,3.000000,3,,3.191964e-01
MST1R->-KMT2C PIK3CA->-KMT2C PIK3CA->-MST1R,3,3,2.000000,2,,7.903439e-02
TP53->-CUL3,2,1,3.000000,3,,1.250000e-01
ARID1A->-ATM,2,1,3.000000,3,,5.000000e-01
CDH1->-ARID2,2,1,3.000000,3,,3.131793e-01
CDH1->-ARID2 CDH1->-PIK3CA PIK3CA->-ARID2,3,3,2.000000,2,,7.457729e-02
PTPRT->-PIK3CA,2,1,3.000000,3,,9.898712e-01
ARID1A->-ATR,2,1,3.000000,3,,1.250000e-01
PIK3CA->-KMT2D PIK3CA->-ROS1 ROS1->-KMT2D,3,3,2.000000,2,,2.774386e-02
ARID1A->-BCOR PIK3CA->-ARID1A PIK3CA->-BCOR PIK3CA->-ROS1 ROS1->-ARID1A ROS1->-BCOR,4,6,2.000000,2,,1.727886e-03
ARID1A->-ATR PIK3CA->-ARID1A PIK3CA->-ATR PIK3CA->-ROS1 ROS1->-ARID1A ROS1->-ATR,4,6,2.000000,2,,1.727886e-03
ARID1A->-NOTCH4,2,1,3.000000,3,,1.254529e-01
ESR1->-NCOR1,2,1,3.000000,3,,6.562500e-01
GATA3->-RICTOR,2,1,3.000000,4,,1.597221e-01
PTPRS->-KMT2C,2,1,3.000000,3,,3.221187e-01
PTPRS->-KMT2C TP53->-KMT2C TP53->-PTPRS,3,3,2.000000,2,,3.174603e-02
PTPRT->-KMT2D,2,1,3.000000,3,,5.991521e-01
KMT2D->-PIK3CA PTPRT->-KMT2D PTPRT->-PIK3CA,3,3,2.000000,2,,1.575513e-01
PTPRT->-KMT2C,2,1,3.000000,3,,1.254941e-01
PTPRT->-KMT2C TP53->-KMT2C TP53->-PTPRT,3,3,2.000000,2,,7.462304e-02
KMT2C->-KMT2D,2,1,3.000000,3,,7.660829e-01
KMT2C->-KMT2D TP53->-KMT2C TP53->-KMT2D,3,3,2.000000,2,,2.372537e-01
KMT2C->-KMT2D PTPRT->-KMT2C PTPRT->-KMT2D,3,3,2.000000,2,,2.810716e-02
NF1->-KMT2D,2,1,3.000000,3,,2.743238e-01
CREBBP->-TP53,2,1,3.000000,3,,9.934040e-01
ESR1->-SPEN,2,1,3.000000,3,,4.812500e-01
FGFR4->-PIK3CA,2,1,3.000000,3,,8.540539e-01
MEN1->-FAT1,2,1,3.000000,3,,1.072446e-01
TP53->-CDKN1B,2,1,3.000000,3,,3.035225e-01
SF3B1->-GATA3,2,1,3.000000,3,,7.734375e-01
SOX9->-TP53,2,1,3.000000,3,,6.562500e-01
SPEN->-CDH1,2,1,3.000000,3,,9.506380e-01
SPEN->-TP53,2,1,3.000000,3,,9.782540e-01
SDHB->-GATA3,2,1,3.000000,3,,2.916410e-01
PTEN->-MST1R,2,1,3.000000,3,,1.250000e-01
KDM5C->-TP53,2,1,3.000000,3,,5.990669e-01
NCOR1->-ESR1,2,1,3.000000,3,,6.562500e-01
ESR1->-EGFR,2,1,3.000000,3,,1.250000e-01
ESR1->-EGFR ESR1->-GATA3 GATA3->-EGFR,3,3,2.000000,2,,2.777778e-02
ASXL1->-PIK3CA,2,1,3.000000,3,,5.927235e-01
TP53->-BBC3,2,1,3.000000,3,,1.250000e-01
CBFB->-CDKN1B,2,1,3.000000,3,,1.250000e-01
GATA3->-NF1,2,1,3.000000,3,,2.875000e-01
TP53->-SOX9,2,1,3.000000,3,,6.562500e-01
SOX9->-PTCH1 TP53->-PTCH1 TP53->-SOX9,3,3,2.000000,2,,2.777778e-02
PIK3CA->-ARID1B,2,1,3.000000,3,,8.450877e-01
PIK3CA->-ASXL1,2,1,3.000000,3,,5.929891e-01
ARID1A->-APC,2,1,3.000000,3,,3.131793e-01
ARID1A->-APC CDH1->-APC CDH1->-ARID1A,3,3,2.000000,2,,2.807971e-02
ARID1A->-CREBBP CDH1->-ARID1A CDH1->-CREBBP,3,3,2.000000,2,,1.119074e-01
ERBB2->-PTCH1,2,1,3.000000,3,,1.254529e-01
CDH1->-PTCH1 ERBB2->-CDH1 ERBB2->-PTCH1,3,3,2.000000,2,,7.457729e-02
ERBB2->-PIK3CA ERBB2->-PTCH1 PIK3CA->-PTCH1,3,3,2.000000,2,,2.807971e-02
ERBB2->-KMT2C ERBB2->-PTCH1 KMT2C->-PTCH1,3,3,2.000000,2,,2.807971e-02
CDH1->-NOTCH2,2,1,3.000000,3,,8.772061e-02
CBFB->-PTEN,2,1,3.000000,3,,2.857143e-01
PIK3CA->-BRAF,2,1,3.000000,3,,5.000000e-01
PIK3CA->-STK11,2,1,3.000000,3,,8.902660e-01
CDH1->-CDKN2A,2,1,3.000000,3,,1.250000e-01
TP53->-EIF4A2,2,1,3.000000,3,,3.125000e-01
CDH1->-MSH2,2,1,3.000000,3,,1.250000e-01
PIK3CA->-SMARCD1,2,1,3.000000,3,,1.250000e-01
CTCF->-GATA3,2,1,3.000000,3,,2.875000e-01
FOXP1->-PIK3CA,2,1,3.000000,3,,7.408326e-01
TP53->-RAD54L,2,1,3.000000,3,,8.750000e-02
CTCF->-MAP3K1,2,1,3.000000,3,,5.054274e-01
KMT2A->-MAP3K1,2,1,3.000000,3,,4.970439e-01
TP53->-CSF1R,2,1,3.000000,3,,1.250000e-01
MAP2K4->-FOXP1,2,1,3.000000,3,,1.083333e-01
AKT1->-ESR1,2,1,3.000000,3,,2.134268e-01
ARID1A->-ARID5B,2,1,3.000000,3,,1.254529e-01
ARID1A->-ARID5B ARID1A->-TP53 TP53->-ARID5B,3,3,2.000000,2,,2.777778e-02
BRCA1->-GATA2,2,1,3.000000,3,,1.254941e-01
BRCA1->-GATA2 TP53->-BRCA1 TP53->-GATA2,3,3,2.000000,2,,7.462304e-02
CDH1->-PIK3C2G,2,1,3.000000,3,,3.132411e-01
CDH1->-PIK3C2G CDH1->-PIK3CA PIK3CA->-PIK3C2G,3,3,2.000000,2,,7.462304e-02
TP53->-SYK,2,1,3.000000,3,,3.125000e-01
PBRM1->-TP53,2,1,3.000000,3,,7.626618e-01
ARID1B->-NF1,2,1,3.000000,3,,1.254529e-01
ARID1B->-NF1 PTEN->-ARID1B PTEN->-NF1,3,3,2.000000,2,,2.754986e-02
SMAD4->-TP53,2,1,3.000000,3,,4.812500e-01
GATA3->-FAT1,2,1,3.000000,3,,6.431428e-01
TP53->-SH2B3,2,1,3.000000,3,,2.293146e-01
STAG2->-TP53,2,1,3.000000,3,,9.955518e-01
TP53->-RET,2,1,3.000000,3,,1.250000e-01
CDKN1B->-MAP3K1,2,1,3.000000,3,,7.677578e-01
CDKN1B->-BAP1 CDKN1B->-MAP3K1 MAP3K1->-BAP1 PIK3CA->-BAP1 PIK3CA->-CDKN1B PIK3CA->-MAP3K1,4,6,2.000000,2,,1.736111e-03
PIK3CA->-KLF4,2,1,3.000000,3,,5.000000e-01
CDH1->-EPHA5,2,1,3.000000,3,,1.250000e-01
PTEN->-ARID2,2,1,3.000000,3,,1.250000e-01
PTEN->-ARID2 TP53->-ARID2 TP53->-PTEN,3,3,2.000000,2,,7.401755e-02
ATRX->-ARID2 TP53->-ARID2 TP53->-ATRX,3,3,2.000000,2,,2.774386e-02
ATRX->-ARID2 EPHA5->-ARID2 EPHA5->-ATRX,3,3,2.000000,2,,2.774386e-02
EPHA5->-ARID2 EPHA5->-ROS1 ROS1->-ARID2,3,3,2.000000,2,,2.774386e-02
MAP3K1->-ARID2 PTEN->-ARID2 PTEN->-MAP3K1,3,3,2.000000,2,,2.777778e-02
EPCAM->-ARID2 TP53->-ARID2 TP53->-EPCAM,3,3,2.000000,2,,2.777778e-02
EPCAM->-ARID2 PTEN->-ARID2 PTEN->-EPCAM,3,3,2.000000,2,,2.777778e-02
CDH1->-KDM5C,2,1,3.000000,3,,9.847008e-02
CDH1->-BLM,2,1,3.000000,3,,2.993725e-01
CDH1->-BLM CDH1->-PIK3CA PIK3CA->-BLM,3,3,2.000000,2,,6.676888e-02
PIK3CA->-ABL1,2,1,3.000000,3,,3.125000e-01
KMT2D->-TBX3,2,1,3.000000,3,,1.250000e-01
PTEN->-ZFHX3 TP53->-PTEN TP53->-ZFHX3,3,3,3.000000,3,,4.629630e-03
CDH1->-FLT4,2,1,3.000000,3,,1.125000e-01
RUNX1->-NCOR1,2,1,3.000000,3,,8.554688e-01
PIK3CA->-NCOR1 PIK3CA->-RUNX1 RUNX1->-NCOR1,3,3,2.000000,2,,2.632245e-01
NF1->-KMT2A,2,1,3.000000,3,,3.131793e-01
NF1->-KMT2A TP53->-KMT2A TP53->-NF1,3,3,2.000000,2,,2.777778e-02
NF1->-KMT2A PIK3CA->-KMT2A PIK3CA->-NF1,3,3,2.000000,2,,2.807971e-02
RB1->-TET1,2,1,3.000000,3,,3.125000e-01
PIK3CA->-RB1 PIK3CA->-TET1 RB1->-TET1,3,3,2.000000,2,,7.407407e-02
RB1->-TET1 TP53->-RB1 TP53->-TET1,3,3,2.000000,2,,7.407407e-02
PIK3CA->-AURKA,2,1,3.000000,3,,1.160714e-01
PIK3CA->-AURKA TP53->-AURKA TP53->-PIK3CA,3,3,2.000000,2,,6.498016e-02
TP53->-AKT1,2,1,3.000000,3,,9.998420e-01
NOTCH4->-PIK3CA,2,1,3.000000,3,,9.792739e-01
RHOA->-GATA3,2,1,3.000000,3,,1.205357e-01
PIK3CA->-GATA3 RHOA->-GATA3 RHOA->-PIK3CA,3,3,2.000000,2,,6.911376e-02
CDH1->-GATA3 CDH1->-RHOA RHOA->-GATA3,3,3,2.000000,2,,2.480159e-02
CBFB->-ESR1,2,1,3.000000,3,,2.937500e-01
CBFB->-ESR1 CBFB->-PIK3CA PIK3CA->-ESR1,3,3,2.000000,2,,1.944444e-02
PIK3CA->-NCOA3,2,1,3.000000,3,,1.254529e-01
ARID1A->-NCOR1 PIK3CA->-ARID1A PIK3CA->-NCOR1,3,3,3.000000,3,,1.632951e-02
SMAD4->-ESR1,2,1,3.000000,3,,1.250000e-01
SMAD4->-CDH1,2,1,3.000000,3,,7.367493e-01
CBFB->-KMT2C,2,1,3.000000,3,,5.000000e-01
CBFB->-KMT2C CBFB->-PIK3CA KMT2C->-PIK3CA,3,3,2.000000,2,,1.962449e-01
PTEN->-BCOR,2,1,3.000000,3,,1.250000e-01
SPEN->-ATM,2,1,3.000000,3,,5.785320e-01
SPEN->-ATM SPEN->-TP53 TP53->-ATM,3,3,2.000000,2,,7.331115e-02
AKT1->-TET2,2,1,3.000000,3,,3.047687e-01
AKT1->-TET2 AKT1->-TP53 TP53->-TET2,3,3,2.000000,2,,6.746032e-02
PIK3CA->-APC PIK3CA->-SPEN SPEN->-APC,3,3,3.000000,3,,7.901881e-03
PIK3CA->-APC PIK3CA->-SPEN PIK3CA->-TP53 SPEN->-APC TP53->-APC TP53->-SPEN,4,6,2.000000,2,,1.770833e-03
FGFR4->-KMT2D,2,1,3.000000,3,,1.254167e-01
PIK3CA->-ERCC5,2,1,3.000000,3,,3.131250e-01
TP53->-HIST3H3,2,1,3.000000,3,,1.254941e-01
CREBBP->-CDH1,2,1,3.000000,3,,9.547667e-01
CDH1->-PIK3CA CREBBP->-CDH1 CREBBP->-PIK3CA,3,3,2.000000,2,,3.259064e-01
BRCA1->-PIK3CA TP53->-BRCA1 TP53->-PIK3CA,3,3,2.000000,2,,6.319473e-02
BRCA1->-PIK3CA,2,1,3.000000,3,,8.611146e-01
JAK1->-TP53,2,1,3.000000,3,,8.562500e-01
JAK1->-PIK3CA JAK1->-TP53 TP53->-PIK3CA,3,3,2.000000,2,,7.539683e-02
FAT1->-SPEN,2,1,3.000000,3,,6.562500e-01
CDH1->-IRF4,2,1,3.000000,3,,1.250000e-01
LATS1->-KMT2C,2,1,3.000000,3,,2.532123e-01
ROS1->-KMT2D,2,1,3.000000,3,,3.125000e-01
ROS1->-ARID1A,2,1,3.000000,3,,2.743800e-01
ASXL2->-PIK3CA,2,1,3.000000,3,,6.562500e-01
PIK3CA->-CDKN1A,2,1,3.000000,3,,4.999313e-01
PIK3CA->-CDKN1A PIK3CA->-TP53 TP53->-CDKN1A,3,3,2.000000,2,,1.121603e-01
TBX3->-PTCH1,2,1,3.000000,3,,1.254529e-01
AKT1->-CTCF,2,1,3.000000,3,,3.125000e-01
TP53->-NFKBIA,2,1,3.000000,3,,1.250000e-01
CBFB->-SPEN,2,1,3.000000,3,,1.250000e-01
CBFB->-SPEN GATA3->-CBFB GATA3->-SPEN,3,3,2.000000,2,,7.407407e-02
TP53->-BLM,2,1,3.000000,3,,2.670137e-01
PTPRS->-TSC2,2,1,3.000000,3,,8.929273e-02
TP53->-PIK3CD,2,1,3.000000,3,,1.250000e-01
PTEN->-ROS1,2,1,3.000000,3,,3.125000e-01
CDH1->-PIK3CA GPS2->-CDH1 GPS2->-PIK3CA,3,3,3.000000,3,,1.587302e-02
INPP4A->-ESR1,2,1,3.000000,3,,3.125000e-01
INPP4A->-ESR1 PIK3CA->-ESR1 PIK3CA->-INPP4A,3,3,2.000000,2,,7.407407e-02
TBX3->-ERBB2,2,1,3.000000,3,,8.480910e-01
CDH1->-ERBB2 TBX3->-CDH1 TBX3->-ERBB2,3,3,2.000000,2,,1.969438e-01
CDH1->-TSC2,2,1,3.000000,3,,1.254529e-01
GATA3->-ALK,2,1,3.000000,3,,2.746613e-01
PDGFRA->-PIK3CA,2,1,3.000000,3,,7.329405e-01
PIK3CA->-RAD54L,2,1,3.000000,3,,3.198839e-01
MAP3K1->-ERCC5,2,1,3.000000,3,,4.705357e-01
MAP3K1->-ERCC5 TP53->-ERCC5 TP53->-MAP3K1,3,3,2.000000,2,,1.044974e-01
PIK3CA->-RASA1,2,1,3.000000,3,,2.746988e-01
ARID1A->-CREBBP,2,1,3.000000,3,,2.720286e-01
ARID1A->-CREBBP ARID1A->-PIK3CA PIK3CA->-CREBBP,3,3,2.000000,2,,5.781088e-02
ARID1A->-BRCA2,2,1,3.000000,3,,5.413043e-01
ARID1A->-BRCA2 ARID1A->-PIK3CA PIK3CA->-BRCA2,3,3,2.000000,2,,5.758879e-02
TBX3->-BRCA2,2,1,3.000000,3,,3.873244e-01
MAP2K4->-ESR1,2,1,3.000000,3,,7.571705e-02
PIK3CA->-SOX17,2,1,3.000000,3,,2.579371e-01
PIK3CA->-FGFR1,2,1,3.000000,3,,2.896825e-01
CDH1->-NOTCH1,2,1,3.000000,3,,4.617251e-01
PIK3CA->-SDHB,2,1,3.000000,3,,2.917518e-01
PIK3CA->-SDHB TP53->-PIK3CA TP53->-SDHB,3,3,2.000000,2,,1.067583e-01
CHEK2->-GATA3,2,1,3.000000,3,,2.790485e-01
KRAS->-PIK3CA,2,1,3.000000,3,,8.896976e-01
NOTCH1->-MAP3K1,2,1,3.000000,3,,3.669468e-01
LATS1->-TSC2,2,1,3.000000,3,,8.660817e-02
MAP3K1->-CARD11,2,1,3.000000,3,,1.184421e-01
MEN1->-STAG2,2,1,3.000000,3,,1.222939e-01
MEN1->-NUP93 MEN1->-PIK3CA PIK3CA->-NUP93,3,3,2.000000,2,,2.777778e-02
GATA3->-NUP93 MEN1->-GATA3 MEN1->-NUP93 MEN1->-STAG2 STAG2->-GATA3 STAG2->-NUP93,4,6,2.000000,2,,1.736111e-03
CHEK2->-ARID1A,2,1,3.000000,3,,1.028199e-01
PTEN->-MAP2K4,2,1,3.000000,3,,8.531948e-01
PTEN->-MAP2K4 PTEN->-TP53 TP53->-MAP2K4,3,3,2.000000,2,,1.205764e-01
TP53->-FLT3,2,1,3.000000,3,,1.139068e-01
ATRX->-EPHB1,2,1,3.000000,3,,1.151192e-01
ATRX->-EPHB1 TP53->-ATRX TP53->-EPHB1,3,3,2.000000,2,,6.423118e-02
PTEN->-EPHB1,2,1,2.000000,2,,2.303885e-01
ATRX->-EPHB1 CDH1->-ATRX CDH1->-EPHB1,3,3,2.000000,2,,2.144059e-02
CDH1->-CDK12,2,1,3.000000,3,,1.150990e-01
PTEN->-PTPRS,2,1,3.000000,3,,1.205725e-01
GATA3->-CARD11,2,1,3.000000,3,,1.025574e-01
CDH1->-DAXX,2,1,3.000000,3,,1.229189e-01
TP53->-YES1,2,1,3.000000,3,,1.236169e-01
PIK3CA->-YES1 TP53->-PIK3CA TP53->-YES1,3,3,2.000000,2,,7.211062e-02
KRAS->-KMT2C,2,1,3.000000,3,,3.110362e-01
ERBB3->-TBX3,2,1,3.000000,3,,5.596049e-01
TP53->-MST1R,2,1,3.000000,3,,2.584782e-01
PTEN->-MST1R TP53->-MST1R TP53->-PTEN,3,3,2.000000,2,,2.777778e-02
APC->-ATM,2,1,3.000000,3,,7.454377e-02
APC->-ATM APC->-PIK3CA PIK3CA->-ATM,3,3,2.000000,2,,4.034676e-02
KDM6A->-PIK3CA,2,1,3.000000,3,,2.428066e-01
MAP3K1->-FAT1,2,1,3.000000,3,,1.145443e-01
ERBB2->-ARID1A,2,1,3.000000,3,,2.973101e-01
ERBB2->-ARID2,2,1,3.000000,3,,1.156992e-01
PTEN->-FAT1,2,1,3.000000,3,,5.111368e-01
KMT2C->-STAT5B,2,1,3.000000,3,,4.098033e-02
TP53->-RPS6KA4,2,1,3.000000,3,,2.132393e-01
KMT2C->-ATM,2,1,3.000000,3,,6.235694e-01
PIK3CA->-PAK1,2,1,3.000000,3,,7.832161e-02
PIK3CA->-FLT1,2,1,3.000000,3,,4.310847e-01
TP53->-FLT1,2,1,3.000000,3,,7.753362e-02
PIK3CA->-FGF4,2,1,3.000000,3,,7.805860e-02
PIK3CA->-TRAF2,2,1,3.000000,3,,2.402942e-01
PIK3CA->-TP53 PIK3CA->-TRAF2 TP53->-TRAF2,3,3,2.000000,2,,1.043678e-02
TP53->-PDGFRB,2,1,3.000000,3,,1.899366e-01
PTEN->-PIK3CD,2,1,3.000000,3,,1.215314e-01
PTEN->-PIK3CD TP53->-PIK3CD TP53->-PTEN,3,3,2.000000,2,,2.777778e-02
PTEN->-NBN,2,1,3.000000,3,,1.230563e-01
PTEN->-NBN TP53->-NBN TP53->-PTEN,3,3,2.000000,2,,2.777778e-02
PTEN->-ATM,2,1,3.000000,3,,1.292804e-01
PIK3CA->-ATM PTEN->-ATM PTEN->-PIK3CA,3,3,2.000000,2,,2.111561e-02
PTEN->-JAK3,2,1,3.000000,3,,1.128353e-01
PIK3CA->-AXL,2,1,3.000000,3,,5.562566e-01
PIK3CA->-JAK2,2,1,2.951585,3,,5.334677e-01
KMT2C->-AR,2,1,2.839988,2,,7.111948e-01
IRS2->-PIK3CA,2,1,2.748889,3,,1.725089e-01
PIK3R1->-MED12,2,1,2.736842,2,,6.769536e-01
SPEN->-KMT2C,2,1,2.733333,2,,8.960917e-01
PTEN->-DNMT1,2,1,2.701754,3,,8.854795e-02
PIK3CA->-DNMT1 PTEN->-DNMT1 PTEN->-PIK3CA,3,3,2.000000,2,,1.799077e-02
NOTCH2->-SPEN,2,1,2.666667,3,,8.885806e-02
APC->-PARP1,2,1,2.666667,3,,1.128750e-01
CDH1->-IKBKE,2,1,2.666667,3,,1.045784e-01
PTEN->-BRCA2,2,1,2.666667,3,,7.450377e-02
MAP2K4->-PTPRS,2,1,2.665753,3,,1.200357e-01
TBX3->-FOXA1,2,1,2.665753,3,,7.401955e-01
ESR1->-NOTCH1,2,1,2.600000,3,,2.886252e-01
CDH1->-FBXW7,2,1,2.600000,3,,1.041667e-01
CDH1->-SF3B1,2,1,2.571429,3,,2.750000e-01
BCOR->-PIK3CA,2,1,2.533333,3,,9.368909e-01
ATM->-TBX3,2,1,2.505208,3,,9.970751e-02
ATM->-MAP3K1,2,1,2.505208,3,,4.608395e-01
ATM->-MAP3K1 ATM->-PIK3CA MAP3K1->-PIK3CA,3,3,2.000000,2,,1.115491e-01
TP53->-WT1,2,1,2.505208,3,,1.000700e-01
PTEN->-FOXA1,2,1,2.500000,3,,4.280624e-01
FAT1->-ATRX,2,1,2.500000,3,,2.954276e-01
FAT1->-ATRX TP53->-ATRX TP53->-FAT1,3,3,2.000000,2,,2.180724e-02
FAT1->-ATRX PTEN->-ATRX PTEN->-FAT1,3,3,2.000000,2,,2.237388e-02
SDHB->-TP53,2,1,2.500000,3,,7.470907e-01
FAT1->-GATA3,2,1,2.500000,3,,6.448459e-01
TP53->-FANCC,2,1,2.500000,3,,1.041667e-01
FAT1->-SETD2,2,1,2.500000,3,,3.123158e-01
KMT2C-/-PIK3CA,2,1,2.500000,5,,8.167358e-01
MAP3K1->-MEN1,2,1,2.500000,3,,5.000000e-01
RUNX1->-MAP3K1,2,1,2.500000,3,,5.000000e-01
MAP2K4->-ARID1A,2,1,2.500000,3,,8.755812e-02
PIK3CA->-FLT3,2,1,2.500000,3,,5.000000e-01
KDM5C->-ESR1,2,1,2.500000,3,,3.119907e-01
GATA3->-ATR,2,1,2.500000,3,,1.250000e-01
CREBBP->-MAP3K1 PIK3CA->-CREBBP PIK3CA->-MAP3K1,3,3,2.500000,3,,3.126233e-03
PIK3C2G->-MAP3K1,2,1,2.500000,3,,3.131343e-01
NF1->-ASXL1,2,1,2.500000,3,,1.000000e-01
PIK3CA->-GPS2,2,1,2.500000,3,,8.437054e-01
PIK3CA->-LATS2,2,1,2.500000,3,,6.645955e-01
MAP2K4->-MED12,2,1,2.500000,3,,1.250000e-01
PTPRS->-ARID2,2,1,2.500000,3,,8.283126e-02
ATR->-ARID2 PIK3CA->-ARID2 PIK3CA->-ATR PIK3CA->-PTPRS PTPRS->-ARID2 PTPRS->-ATR,4,6,2.000000,2,,1.809330e-03
CDH1->-ATM,2,1,2.500000,3,,5.017857e-01
CDH1->-ATM CDH1->-PIK3CA PIK3CA->-ATM,3,3,2.000000,2,,1.335979e-01
GATA3->-BRCA1,2,1,2.500000,3,,4.636143e-01
PIK3CA->-TP53 PIK3CA->-ZFHX3 ZFHX3->-TP53,3,3,2.500000,3,,8.124761e-03
ARID1A->-ANKRD11,2,1,2.500000,3,,2.777233e-01
CDH1->-MDC1,2,1,2.500000,3,,2.394326e-01
RUNX1->-ARID1A,2,1,2.500000,3,,5.000000e-01
ATRX->-FLT4,2,1,2.500000,3,,1.258187e-01
AKT1->-GPS2,2,1,2.500000,3,,1.041667e-01
ATR->-ALK,2,1,2.500000,3,,1.240313e-01
ATR->-ALK TP53->-ALK TP53->-ATR,3,3,2.000000,2,,2.777778e-02
ESR1->-ERBB4,2,1,2.500000,3,,3.125000e-01
TBX3->-ZFHX3,2,1,2.500000,3,,4.265893e-01
MED12->-PIK3CA,2,1,2.500000,3,,9.780013e-01
NCOR1->-FLT4,2,1,2.500000,3,,1.250000e-01
FAT1->-FLT4,2,1,2.500000,3,,1.250000e-01
FAT1->-FLT4 PIK3CA->-FAT1 PIK3CA->-FLT4,3,3,2.000000,2,,2.777778e-02
FAT1->-NF1 PIK3CA->-FAT1 PIK3CA->-NF1,3,3,2.000000,2,,7.407407e-02
KMT2C->-NOTCH3,2,1,2.500000,3,,1.254529e-01
SPEN->-FAT1,2,1,2.500000,3,,6.562500e-01
BRCA1->-CREBBP,2,1,2.500000,3,,3.167772e-01
ROS1->-BCOR,2,1,2.500000,3,,1.079545e-01
ARID1B->-KMT2A,2,1,2.500000,3,,1.254529e-01
ARID1B->-KMT2A ARID1B->-PIK3CA PIK3CA->-KMT2A,3,3,2.000000,2,,2.807971e-02
DDR2->-PIK3CA,2,1,2.500000,3,,1.250000e-01
PBRM1->-ERBB3,2,1,2.500000,3,,1.254687e-01
ATRX->-RB1,2,1,2.500000,3,,3.115407e-01
MAP3K1->-PTEN,2,1,2.500000,3,,9.670657e-01
SETD2->-ARID2,2,1,2.500000,3,,2.527654e-01
ARID1A->-TBX3,2,1,2.500000,3,,4.466277e-01
TP53->-FGFR1,2,1,2.500000,3,,1.091270e-01
TBX3->-MAP3K1,2,1,2.500000,3,,9.270424e-01
MAP3K1->-PIK3CA TBX3->-MAP3K1 TBX3->-PIK3CA,3,3,2.000000,2,,2.330836e-01
GATA3->-ASXL1,2,1,2.500000,3,,2.796485e-01
ARID1A->-MYC,2,1,2.500000,3,,2.748835e-01
ARID2->-CARD11,2,1,2.500000,3,,3.011302e-01
ARID1A->-CARD11,2,1,2.500000,3,,4.559504e-01
BRCA2->-ZFHX3,2,1,2.500000,3,,7.544623e-02
ATM->-SPEN,2,1,2.500000,3,,5.784524e-01
TBX3->-ESR1,2,1,2.500000,3,,2.963352e-01
ARID1A->-POLE,2,1,2.500000,3,,2.804360e-01
ARID1A->-POLE PIK3CA->-ARID1A PIK3CA->-POLE,3,3,2.000000,2,,7.401755e-02
NOTCH1->-ATM,2,1,2.500000,3,,4.254082e-01
PIK3CA->-MEN1,2,1,2.500000,3,,9.786062e-01
CDH1->-KMT2C CDH1->-MEN1 CDH1->-PIK3CA MEN1->-KMT2C PIK3CA->-KMT2C PIK3CA->-MEN1,4,6,2.000000,2,,1.599558e-03
CDH1->-KRAS,2,1,2.000000,2,,2.462014e-01
CDH1->-ARID5B CDH1->-MEN1 CDH1->-PIK3CA MEN1->-ARID5B PIK3CA->-ARID5B PIK3CA->-MEN1,4,6,2.000000,2,,1.595301e-03
CDH1->-CREBBP CDH1->-MEN1 CDH1->-PIK3CA MEN1->-CREBBP PIK3CA->-CREBBP PIK3CA->-MEN1,4,6,2.000000,2,,1.463333e-03
ERBB2->-RICTOR,2,1,2.500000,3,,1.217564e-01
PIK3CA->-KIT,2,1,2.500000,3,,2.849558e-01
PTEN->-DDR2,2,1,2.500000,3,,2.935840e-01
MAP3K1->-FANCA,2,1,2.500000,3,,2.999726e-01
YES1->-PARP1,2,1,2.500000,3,,1.227206e-01
PIK3CA->-PARP1 PIK3CA->-YES1 YES1->-PARP1,3,3,2.000000,2,,2.651067e-02
TP53->-PARP1 TP53->-YES1 YES1->-PARP1,3,3,2.000000,2,,2.543339e-02
TBX3->-FAT1,2,1,2.500000,3,,7.179543e-02
PIK3CG->-SETD2,2,1,2.500000,3,,9.980296e-02
KMT2A->-SETD2,2,1,2.500000,3,,1.244676e-01
KMT2A->-MED12,2,1,2.500000,3,,3.107345e-01
FOXA1->-KMT2A,2,1,2.500000,3,,1.212564e-01
FOXA1->-KMT2A FOXA1->-PIK3CA PIK3CA->-KMT2A,3,3,2.000000,2,,5.947758e-02
MGA->-KMT2A,2,1,2.500000,3,,2.829228e-01
KMT2C->-AKT1,2,1,2.500000,3,,7.611242e-01
PIK3CA->-RIT1,2,1,2.500000,3,,1.215064e-01
MED12->-FGFR4,2,1,2.500000,3,,1.230165e-01
PTCH1->-KMT2A,2,1,2.500000,3,,3.096658e-01
MAP3K1->-PIK3C3,2,1,2.499684,2,,4.324784e-01
MAP3K1->-JAK1,2,1,2.499684,2,,4.379281e-01
KMT2D->-PTPRT PIK3CA->-KMT2D PIK3CA->-PTPRT PIK3CA->-TP53 TP53->-KMT2D TP53->-PTPRT,4,6,2.490323,2,,6.267448e-03
ATR->-EP300,2,1,2.480000,2,,4.053297e-01
ERBB3->-CARD11,2,1,2.478873,3,,1.704265e-01
MGA->-ARID2 TP53->-ARID2 TP53->-MGA,3,3,2.470588,2,,3.540076e-02
BRCA2->-ARID1A,2,1,2.470588,2,,8.268114e-01
PIK3CA->-CD274,2,1,2.459016,2,,6.235251e-01
TP53->-U2AF1,2,1,2.440287,2,,3.362332e-01
CDH1->-BRCA1 TP53->-BRCA1 TP53->-CDH1,3,3,2.428571,2,,8.765321e-02
TP53->-FOXL2,2,1,2.419400,3,,4.130127e-02
SMAD4->-NCOR1,2,1,2.400000,2,,4.976190e-01
FAT1->-KMT2C,2,1,2.400000,2,,9.677717e-01
FAT1->-PTEN,2,1,2.400000,2,,8.106976e-01
ARID2->-ALK,2,1,2.363636,2,,6.241813e-01
TP53->-LATS2,2,1,2.359794,2,,7.179766e-01
PTPRT->-ARID2,2,1,2.347826,2,,5.990763e-01
FOXA1->-FAT1,2,1,2.341463,2,,5.116791e-01
ARID1A-/-PIK3CA,2,1,2.333333,4,,5.977306e-01
PTPRS->-KMT2D TP53->-KMT2D TP53->-PTPRS,3,3,2.333333,2,,5.102767e-02
GPS2->-TP53,2,1,2.333333,2,,4.583333e-01
TSC2->-KMT2D,2,1,2.333333,2,,4.281286e-01
MGA->-KMT2D TP53->-KMT2D TP53->-MGA,3,3,2.333333,2,,5.004854e-02
MGA->-KMT2D PIK3CA->-KMT2D PIK3CA->-MGA,3,3,2.333333,2,,5.045272e-02
KMT2C->-PIK3R1,2,1,2.333333,2,,7.875000e-01
FOXA1->-NCOR1,2,1,2.333333,2,,6.512290e-01
CDH1->-FOXA1 CDH1->-NCOR1 FOXA1->-NCOR1,3,3,2.000000,2,,2.807971e-02
AKT1->-PIK3CA,2,1,2.333333,2,,5.572917e-01
NOTCH4->-APC,2,1,2.277778,2,,6.340494e-01
BRCA2->-TP53,2,1,2.276923,2,,9.983853e-01
TBX3->-ERBB3,2,1,2.274854,2,,8.406439e-01
CDH1->-ERBB3 CDH1->-TBX3 TBX3->-ERBB3,3,3,2.000000,2,,2.777778e-02
FBXW7->-PIK3CA,2,1,2.266667,2,,8.289987e-01
FLT4->-PIK3CA,2,1,2.251111,2,,9.949902e-01
PIK3CA->-CDC73,2,1,2.250000,2,,6.242563e-01
TET2->-SETD2 TP53->-SETD2 TP53->-TET2,3,3,2.250000,2,,9.804807e-02
TP53->-PMS2,2,1,2.174419,3,,8.993300e-02
PIK3CA->-RAD51C,2,1,2.166667,3,,4.995861e-01
ARID1A->-ESR1,2,1,2.136364,3,,9.320052e-01
PIK3CA-/-RFWD2,2,1,2.136364,4,,2.026520e-02
MAP3K1->-BRCA2,2,1,2.009677,3,,7.780861e-02
TP53->-SUFU,2,1,2.000000,2,,8.312454e-02
TP53->-ZRSR2,2,1,2.000000,2,,3.673066e-01
IRS2->-TET2,2,1,2.000000,2,,1.168275e-01
TP53->-BCL6,2,1,2.000000,2,,3.680316e-01
PIK3CA->-CDK12,2,1,2.000000,3,,2.637177e-01
TP53->-TOP1,2,1,2.000000,2,,1.142693e-01
FGFR4->-MSH6 TP53->-FGFR4 TP53->-MSH6,3,3,2.000000,2,,3.635318e-03
TP53->-PPP2R1A,2,1,2.000000,2,,1.167442e-01
FGFR4->-PTPRD,2,1,2.000000,2,,1.187941e-01
FGFR4->-ERBB3,2,1,2.000000,2,,1.221189e-01
TP53->-AMER1,2,1,2.000000,2,,4.821509e-01
ABL1->-TP53,2,1,2.000000,2,,7.790704e-01
TBX3->-PIK3CG,2,1,2.000000,2,,2.280636e-01
TP53->-CD79A,2,1,2.000000,2,,6.914178e-02
TP53->-GNAS,2,1,2.000000,2,,7.247138e-02
TP53->-CD79B,2,1,2.000000,2,,1.452177e-01
PIK3CA->-RPS6KA4,2,1,2.000000,2,,3.660567e-01
PIK3CA->-RARA,2,1,2.000000,2,,1.167942e-01
NCOR1->-POLE TP53->-NCOR1 TP53->-POLE,3,3,2.000000,2,,1.196607e-02
ATM->-TP53,2,1,2.000000,2,,9.924703e-01
KMT2C->-WT1,2,1,2.000000,2,,2.007900e-01
KMT2C->-FOXA1,2,1,2.000000,2,,8.748374e-01
BRCA1->-PTCH1,2,1,2.000000,2,,1.328684e-01
BRCA1->-PTPRT,2,1,2.000000,2,,1.355015e-01
KLF4->-MED12,2,1,2.000000,2,,1.816659e-01
KLF4->-NCOR1,2,1,2.000000,2,,1.809160e-01
ROS1->-NF2,2,1,2.000000,2,,1.596170e-01
TP53->-PARK2,2,1,2.000000,2,,7.591049e-02
PIK3CA->-PMS2,2,1,2.000000,2,,1.806160e-01
CDKN2A->-EP300,2,1,2.000000,2,,1.836408e-01
CDKN2A->-NOTCH4 PIK3CA->-CDKN2A PIK3CA->-NOTCH4,3,3,2.000000,2,,1.217781e-02
ERBB3->-NUP93,2,1,2.000000,2,,1.727164e-01
SDHB->-INPP4B,2,1,2.000000,2,,2.317884e-01
CDH1->-CTCF CDH1->-ERBB3 ERBB3->-CTCF,3,3,2.000000,2,,8.999550e-03
CDH1->-NUP93,2,1,2.000000,2,,1.681416e-01
KMT2D->-GATA3,2,1,2.000000,2,,6.742600e-01
PTCH1->-GATA3,2,1,2.000000,2,,2.330883e-01
TP53->-SH2D1A,2,1,2.000000,2,,1.734116e-01
PDGFRB->-PIK3CA,2,1,2.000000,2,,5.470597e-01
BLM->-STK11,2,1,2.000000,2,,2.315634e-01
STK11->-MAP2K2,2,1,2.000000,2,,2.300135e-01
STK11->-GATA3,2,1,2.000000,2,,2.310884e-01
BLM->-FAT1 BLM->-KDR FAT1->-KDR,3,3,2.000000,2,,2.239055e-02
KMT2C->-EP300 KMT2D->-EP300 KMT2D->-KMT2C,3,3,2.000000,2,,2.229055e-02
ARID1B->-KDR,2,1,2.000000,2,,2.294885e-01
ARID1B->-GATA3,2,1,2.000000,2,,4.808260e-01
STK11->-PTCH1,2,1,2.000000,2,,2.297385e-01
CDH1->-PIK3CA STK11->-CDH1 STK11->-PIK3CA,3,3,2.000000,2,,6.607447e-02
CDH1->-PIK3CA RAD52->-CDH1 RAD52->-PIK3CA,3,3,2.000000,2,,2.189748e-02
BLM->-GATA3,2,1,2.000000,2,,4.720514e-01
MAP2K2->-KMT2C,2,1,2.000000,2,,2.339829e-01
JAK3->-PIK3CA,2,1,2.000000,2,,9.349647e-01
TP53->-EED,2,1,2.000000,2,,1.741913e-01
PIK3CA->-RAD21,2,1,2.000000,2,,4.861416e-01
FBXW7->-EPHA7,2,1,2.000000,2,,1.772966e-01
BLM->-ARID1B,2,1,2.000000,2,,2.063345e-01
TP53->-FAM175A,2,1,2.000000,2,,4.886895e-01
KMT2D->-ARID1B,2,1,2.000000,2,,1.911616e-01
KMT2D->-INPP4B,2,1,2.000000,2,,1.914127e-01
TP53->-IGF1,2,1,2.000000,2,,2.083333e-01
JAK3->-GATA3 MAP2K4->-GATA3 MAP2K4->-JAK3,3,3,2.000000,2,,2.430556e-02
JAK2->-BLM JAK2->-MAP3K13 MAP3K13->-BLM,3,3,2.000000,2,,1.884921e-02
PTEN->-BARD1 TP53->-BARD1 TP53->-PTEN,3,3,2.000000,2,,1.805556e-02
TP53->-ALOX12B,2,1,2.000000,2,,2.230638e-01
TP53->-SMAD4,2,1,2.000000,2,,8.000000e-01
PIK3CA->-FAM175A,2,1,2.000000,2,,4.722222e-01
ARID1A->-FLT4,2,1,2.000000,2,,4.004800e-01
ESR1->-AMER1,2,1,2.000000,2,,5.014620e-01
INHA->-PIK3CA,2,1,2.000000,2,,2.524559e-01
SETD2->-ATRX,2,1,2.000000,2,,2.514620e-01
ARID1A->-CARD11 SETD2->-ARID1A SETD2->-CARD11,3,3,2.000000,2,,2.817333e-02
ARID2->-CARD11 SETD2->-ARID2 SETD2->-CARD11,3,3,2.000000,2,,2.817333e-02
SETD2->-LATS2,2,1,2.000000,2,,5.014620e-01
SETD2->-ESR1,2,1,2.000000,2,,2.514620e-01
TET1->-DNMT3B,2,1,2.000000,2,,2.514620e-01
ESR1->-DNMT3B,2,1,2.000000,2,,5.014620e-01
CCNE1->-IGF1R PIK3CA->-CCNE1 PIK3CA->-IGF1R,3,3,2.000000,2,,2.820777e-02
CCNE1->-RICTOR PIK3CA->-CCNE1 PIK3CA->-RICTOR,3,3,2.000000,2,,2.820777e-02
ARID1A->-DNMT3B,2,1,2.000000,2,,6.892745e-01
FAT1->-CARD11 TET1->-CARD11 TET1->-FAT1,3,3,2.000000,2,,7.479074e-02
TET1->-ARID2,2,1,2.000000,2,,2.514620e-01
ESR1->-TET1,2,1,2.000000,2,,6.885965e-01
TET1->-PIK3CA,2,1,2.000000,2,,9.594645e-01
SETD2->-BRCA2,2,1,2.000000,2,,5.000000e-01
FAT1->-DICER1,2,1,2.000000,2,,2.500000e-01
MSH6->-PIK3CA,2,1,2.000000,2,,8.908854e-01
EP300->-MAP3K1,2,1,2.000000,2,,2.500000e-01
ATM->-MSH6,2,1,2.000000,2,,2.508333e-01
TP53->-RAB35,2,1,2.000000,2,,2.500000e-01
KDM5A->-PIK3CA,2,1,2.000000,2,,7.916667e-01
PIK3CA->-PARK2,2,1,2.000000,3,,2.991071e-01
MEN1->-KMT2A,2,1,2.000000,2,,2.500000e-01
RECQL4->-TP53,2,1,2.000000,2,,9.333015e-01
TET1->-ARID1B,2,1,2.000000,2,,2.500000e-01
ARID2->-PTPRD,2,1,2.000000,2,,2.500000e-01
ARID2->-KMT2C,2,1,2.000000,2,,6.881793e-01
PTPRD->-XPO1,2,1,2.000000,2,,2.410714e-01
KMT2C->-CDK8,2,1,2.000000,2,,2.509058e-01
TP53->-RYBP,2,1,2.000000,2,,2.500000e-01
MAP3K1-/-PIK3CA,2,1,2.000000,4,,9.734256e-01
CDH1->-DOT1L CDH1->-PIK3CA PIK3CA->-DOT1L,3,3,2.000000,2,,2.777778e-02
ARID1A->-DOT1L ARID1A->-FOXA1 DOT1L->-FOXA1,3,3,2.000000,2,,2.460317e-02
CDH1->-EZH2 CDH1->-TP53 TP53->-EZH2,3,3,2.000000,2,,2.777778e-02
CDH1->-TSC1,2,1,2.000000,2,,2.500000e-01
MAP3K1->-CBFB,2,1,2.000000,2,,9.892578e-01
MAP3K1->-EGFR,2,1,2.000000,2,,2.500000e-01
SPOP->-MAP3K1,2,1,2.000000,2,,6.892857e-01
AKT1->-EGFR,2,1,2.000000,2,,2.500000e-01
MTOR->-DNMT1,2,1,2.000000,2,,2.500000e-01
AR->-ARID1A,2,1,2.000000,2,,4.444028e-01
PIK3CA->-TGFBR1,2,1,2.000000,2,,2.500000e-01
MAP3K1->-TGFBR1,2,1,2.000000,2,,2.500000e-01
ASXL2->-FOXP1 PIK3CA->-ASXL2 PIK3CA->-FOXP1,3,3,2.000000,2,,2.777778e-02
RB1->-FOXP1,2,1,2.000000,2,,2.500000e-01
PDCD1->-FOXP1,2,1,2.000000,2,,2.509881e-01
STAG2->-CHEK2,2,1,2.000000,2,,5.000000e-01
NCOR1->-FGFR3,2,1,2.000000,2,,2.509058e-01
NCOR1->-TSC1,2,1,2.000000,2,,2.500000e-01
PDCD1->-FAT1 PIK3CA->-FAT1 PIK3CA->-PDCD1,3,3,2.000000,2,,2.777778e-02
PDCD1->-RB1 PIK3CA->-PDCD1 PIK3CA->-RB1,3,3,2.000000,2,,2.777778e-02
STAG2->-TET1,2,1,2.000000,2,,2.500000e-01
FOXA1->-ERBB2,2,1,2.000000,2,,8.878348e-01
ARID2->-IKZF1 ARID2->-PIK3CA IKZF1->-PIK3CA,3,3,2.000000,2,,2.777778e-02
ARID2->-NSD1,2,1,2.000000,2,,5.000000e-01
NSD1->-PIK3CA TP53->-NSD1 TP53->-PIK3CA,3,3,2.000000,2,,1.304182e-01
CDH1->-BCOR,2,1,2.000000,2,,5.000000e-01
CDKN2A->-KMT2C,2,1,2.000000,2,,2.500000e-01
FBXW7->-SMARCA4,2,1,2.000000,2,,2.472527e-01
FBXW7->-PDGFRA,2,1,2.000000,2,,2.472527e-01
ARID1A->-MET,2,1,2.000000,2,,2.333333e-01
ARID1A->-FGFR3,2,1,2.000000,2,,2.341787e-01
GATA3->-GRIN2A,2,1,2.000000,2,,2.333333e-01
CDH1->-FOXL2,2,1,2.000000,2,,2.500000e-01
AKT1->-EPHA7,2,1,2.000000,2,,2.500000e-01
AKT1->-CD276,2,1,2.000000,2,,2.500000e-01
ATM->-MDC1,2,1,2.000000,2,,5.023810e-01
LATS1->-ROS1,2,1,2.000000,2,,5.000000e-01
CDH1->-IGF1R,2,1,2.000000,2,,2.500000e-01
CDH1->-KLF4,2,1,2.000000,2,,2.500000e-01
KLF4->-GRIN2A,2,1,2.000000,2,,2.500000e-01
MAP3K1->-RICTOR,2,1,2.000000,2,,2.545873e-01
MAP3K1->-RAD51C,2,1,2.000000,2,,2.503625e-01
MAP3K1->-IRS1,2,1,2.000000,2,,2.484376e-01
EPHA7->-HIST1H3B,2,1,2.000000,2,,2.479876e-01
MDC1->-HIST1H3B,2,1,2.000000,2,,2.480376e-01
RAD51C->-PIK3CA,2,1,2.000000,2,,8.105174e-01
PTEN->-AR,2,1,2.000000,2,,2.500000e-01
PTEN->-NOTCH2,2,1,2.000000,2,,2.500000e-01
TP53->-HIST1H3I,2,1,2.000000,2,,2.500000e-01
PIK3CA->-H3F3B,2,1,2.000000,2,,2.500000e-01
PIK3CA->-CREBBP PIK3CA->-PLK2 PLK2->-CREBBP,3,3,2.000000,2,,7.129915e-02
NOTCH2->-CREBBP TP53->-CREBBP TP53->-NOTCH2,3,3,2.000000,2,,2.222222e-02
ESR1->-CREBBP,2,1,2.000000,2,,2.500000e-01
MAP2K1->-ESR1,2,1,2.000000,2,,2.500000e-01
ESR1->-JAK1,2,1,2.000000,2,,5.000000e-01
ALK->-MAP3K1,2,1,2.000000,2,,6.889406e-01
CCNE1->-ESR1 CCNE1->-MAP3K1 ESR1->-MAP3K1,3,3,2.000000,2,,2.777778e-02
MEN1->-MAP3K1,2,1,2.000000,2,,8.125000e-01
MYC->-PIK3CA,2,1,2.000000,2,,6.883781e-01
GATA3->-HIST1H3F,2,1,2.000000,2,,2.500000e-01
FLT3->-SPEN GATA3->-FLT3 GATA3->-SPEN STAG2->-FLT3 STAG2->-GATA3 STAG2->-SPEN,4,6,2.000000,2,,1.736111e-03
FLT3->-EGFR,2,1,2.000000,2,,2.500000e-01
KMT2C->-MYC,2,1,2.000000,2,,2.500000e-01
ATM->-CHEK2,2,1,2.000000,2,,2.523810e-01
ATM->-EGFR,2,1,2.000000,2,,2.500000e-01
ATM->-NUP93,2,1,2.000000,2,,2.508333e-01
PIK3CA->-NUP93 PIK3CA->-SPEN SPEN->-NUP93,3,3,2.000000,2,,2.805556e-02
CDH1->-MPL,2,1,2.000000,2,,2.500000e-01
CDH1->-CSF1R,2,1,2.000000,2,,2.500000e-01
CIC->-ARID1A,2,1,2.000000,2,,4.222789e-01
SMARCA4->-ATR,2,1,2.000000,2,,2.500000e-01
ATR->-TP53,2,1,2.000000,2,,9.996107e-01
PIK3CA->-TP53 SMARCA4->-PIK3CA SMARCA4->-TP53,3,3,2.000000,2,,1.897371e-01
RAD54L->-KMT2C,2,1,2.000000,2,,5.098344e-01
ROS1->-TP53 TBX3->-ROS1 TBX3->-TP53,3,3,2.000000,2,,7.376543e-02
TBX3->-TSC2,2,1,2.000000,2,,2.509058e-01
TSC2->-TP53,2,1,2.000000,2,,9.824917e-01
KMT2C->-KDM5C,2,1,2.000000,2,,5.007000e-01
KMT2C->-RAD50,2,1,2.000000,2,,4.951002e-01
NF1->-HIST1H3B,2,1,2.000000,2,,2.500000e-01
PIK3CA->-H3F3C,2,1,2.000000,2,,5.000000e-01
PIK3CA->-MAP3K13,2,1,2.000000,2,,6.848158e-01
PLK2->-KMT2D,2,1,2.000000,2,,2.500000e-01
CDKN2A->-KMT2D TP53->-CDKN2A TP53->-KMT2D,3,3,2.000000,2,,2.805556e-02
PIK3CA->-LATS1,2,1,2.000000,2,,6.890530e-01
DNMT3A->-TP53,2,1,2.000000,2,,9.650737e-01
PTEN->-CARD11 TP53->-CARD11 TP53->-PTEN,3,3,2.000000,2,,2.774386e-02
IRS2->-AXIN1,2,1,2.000000,2,,2.500375e-01
PTEN->-RASA1,2,1,2.000000,2,,2.500000e-01
NCOR1->-AXIN1,2,1,2.000000,2,,2.500000e-01
NCOR1->-RASA1,2,1,2.000000,2,,2.500000e-01
PIK3CA->-CDK4,2,1,2.000000,2,,2.500000e-01
ATR->-NSD1,2,1,2.000000,2,,2.523810e-01
ERCC5->-FGFR4 TP53->-ERCC5 TP53->-FGFR4,3,3,2.000000,2,,2.885714e-02
NF1->-ERCC5 TP53->-ERCC5 TP53->-NF1,3,3,2.000000,2,,2.857143e-02
TP53->-SPOP,2,1,2.000000,2,,2.523810e-01
SPOP->-NF1,2,1,2.000000,2,,2.523810e-01
RUNX1->-CDKN1B,2,1,2.000000,2,,2.500000e-01
TP53->-PAX5,2,1,2.000000,2,,2.500000e-01
ARID1A->-PIK3C2G,2,1,2.000000,3,,2.795923e-01
NF1->-CTCF,2,1,2.000000,2,,2.500000e-01
BRAF->-PIK3CA,2,1,2.000000,2,,8.125000e-01
PTEN->-ASXL1,2,1,2.000000,2,,2.000000e-01
CDH1->-CHEK2,2,1,2.000000,2,,5.023810e-01
GATA3->-MST1,2,1,2.000000,2,,2.500000e-01
TSC1->-TP53,2,1,2.000000,2,,9.085597e-01
RB1->-FBXW7 TP53->-FBXW7 TP53->-RB1,3,3,2.000000,2,,2.777778e-02
CDH1->-AXIN1,2,1,2.000000,2,,5.000000e-01
CDH1->-SOX17 CDH1->-TP53 TP53->-SOX17,3,3,2.000000,2,,2.777778e-02
RB1->-AXIN1 TP53->-AXIN1 TP53->-RB1,3,3,2.000000,2,,2.777778e-02
PBRM1->-ERBB2,2,1,2.000000,2,,2.500000e-01
NF1->-PTPRD NF1->-TP53 TP53->-PTPRD,3,3,2.000000,2,,2.222222e-02
NF1->-EPHA7,2,1,2.000000,2,,4.833333e-01
ESR1->-ARID1B,2,1,2.000000,2,,2.481126e-01
CDH1->-ALOX12B,2,1,2.000000,2,,2.500000e-01
CDH1->-PTEN CDH1->-RHOA PTEN->-RHOA,3,3,2.000000,2,,2.777778e-02
PTEN->-ESR1,2,1,2.000000,2,,5.000000e-01
ESR1->-ALOX12B,2,1,2.000000,2,,2.500000e-01
MAP2K4->-BRCA2 TP53->-BRCA2 TP53->-MAP2K4,3,3,2.000000,2,,1.640751e-02
ATM->-RPS6KB2,2,1,2.000000,2,,2.518992e-01
ATM->-RICTOR,2,1,2.000000,2,,2.456377e-01
TBX3->-MED12,2,1,2.000000,2,,2.410714e-01
GATA3->-MAP2K4,2,1,2.000000,2,,9.758461e-01
GATA3->-CDH1,2,1,2.000000,2,,9.965350e-01
CREBBP->-DNMT3B,2,1,2.000000,2,,2.389579e-01
CREBBP->-RB1,2,1,2.000000,2,,2.380952e-01
KMT2D->-RB1 TP53->-KMT2D TP53->-RB1,3,3,2.000000,2,,6.740702e-02
PIK3CA->-RAC1,2,1,2.000000,2,,2.500000e-01
KLF4->-TP53,2,1,2.000000,2,,8.565230e-01
GATA3->-JAK1,2,1,2.000000,2,,2.500000e-01
CIC->-KMT2D,2,1,2.000000,2,,4.240288e-01
PIK3R1->-KMT2C,2,1,2.000000,2,,7.875000e-01
CDH1->-TP63,2,1,2.000000,2,,2.509058e-01
ERBB2->-TP63,2,1,2.000000,2,,2.509058e-01
FLT1->-MAP3K1,2,1,2.000000,2,,4.079796e-01
PIK3CA->-FLT1 PIK3CA->-SPEN SPEN->-FLT1,3,3,2.000000,2,,2.777778e-02
PIK3CA->-POLE PIK3CA->-SPEN SPEN->-POLE,3,3,2.000000,2,,2.777778e-02
FBXW7->-FLT4,2,1,2.000000,2,,2.500000e-01
FBXW7->-TP53,2,1,2.000000,2,,9.971293e-01
STAT3->-PIK3CA,2,1,2.000000,2,,2.500000e-01
RUNX1->-ERBB2,2,1,2.000000,2,,9.375000e-01
PIK3CA->-MAP2K1,2,1,2.000000,2,,4.500000e-01
PIK3CA->-CUL3,2,1,2.000000,2,,5.000000e-01
CDH1->-BRAF,2,1,2.000000,2,,2.500000e-01
RHOA->-CDH1,2,1,2.000000,2,,8.878348e-01
ARID1A->-RHOA,2,1,2.000000,2,,2.500000e-01
CDH1->-PIK3CA PTPRT->-CDH1 PTPRT->-PIK3CA,3,3,2.000000,2,,7.462304e-02
PTPRT->-MAP3K1,2,1,2.000000,2,,6.156317e-01
ATR->-NOTCH4 PIK3CA->-ATR PIK3CA->-NOTCH4,3,3,2.000000,2,,2.805556e-02
ATR->-GRIN2A,2,1,2.000000,2,,2.500000e-01
FLT1->-PIK3CA,2,1,2.000000,2,,7.666117e-01
AKT1->-RAD54L,2,1,2.000000,2,,2.506625e-01
RECQL4->-GATA3,2,1,2.000000,2,,4.528024e-01
KMT2C->-ANKRD11,2,1,2.000000,2,,4.966252e-01
PTPRT->-PTPRS,2,1,2.000000,2,,2.500000e-01
NF1->-PTPRS,2,1,2.000000,2,,5.009058e-01
INHA->-CREBBP,2,1,2.000000,2,,2.509881e-01
TP53->-HIST1H3G,2,1,2.000000,2,,4.233038e-01
RUNX1->-SETD2,2,1,2.000000,2,,2.500000e-01
RUNX1->-GATA3,2,1,2.000000,2,,2.500000e-01
NF1->-ERBB2,2,1,2.000000,2,,5.009058e-01
PIK3CG->-PIK3CA,2,1,2.000000,2,,9.319009e-01
IRS1->-ESR1,2,1,2.000000,2,,2.500000e-01
IRS1->-SPEN,2,1,2.000000,2,,4.003550e-01
CDK12->-TP53,2,1,2.000000,2,,8.005483e-01
KMT2C->-CBFB,2,1,2.000000,2,,8.125000e-01
KMT2C->-ARID5B,2,1,2.000000,2,,4.979059e-01
FOXA1->-PTPRD,2,1,2.000000,2,,2.410714e-01
CDKN1B->-PTPRD,2,1,2.000000,2,,2.410714e-01
FOXA1->-XPO1,2,1,2.000000,2,,2.419449e-01
ERBB2->-XPO1,2,1,2.000000,2,,2.410714e-01
SOX9->-IRS1,2,1,2.000000,2,,2.509058e-01
SOX9->-PIK3CA,2,1,2.000000,2,,6.881793e-01
RUNX1->-JUN,2,1,2.000000,2,,2.500000e-01
CDH1->-KMT2C CDH1->-RUNX1 KMT2C->-RUNX1,3,3,2.000000,2,,1.319444e-01
SPEN->-RUNX1,2,1,2.000000,2,,2.508333e-01
PIK3CA->-RB1 PIK3CA->-RUNX1 RB1->-RUNX1,3,3,2.000000,2,,2.777778e-02
RB1->-RUNX1 TP53->-RB1 TP53->-RUNX1,3,3,2.000000,2,,2.777778e-02
ERBB2->-GATA3,2,1,2.000000,2,,2.500000e-01
MAP2K4->-ATM,2,1,2.000000,2,,2.619048e-01
PIK3C2G->-NCOR1,2,1,2.000000,2,,5.009881e-01
PIK3C2G->-EGFR,2,1,2.000000,2,,2.500000e-01
DNMT3B->-ARID1A,2,1,2.000000,2,,6.892745e-01
MAP3K1->-AR,2,1,2.000000,2,,5.000000e-01
CDH1->-MAP3K1 CDH1->-POLE MAP3K1->-POLE,3,3,2.000000,2,,2.777778e-02
MAP3K1->-NF1 PIK3CA->-MAP3K1 PIK3CA->-NF1,3,3,2.000000,2,,7.407407e-02
GATA3->-RAD50 PIK3CA->-GATA3 PIK3CA->-RAD50,3,3,2.000000,2,,2.777778e-02
ESR1->-RAD50 PIK3CA->-ESR1 PIK3CA->-RAD50,3,3,2.000000,2,,5.143632e-02
GATA3->-AR,2,1,2.000000,2,,5.000000e-01
CDH1->-NF1 CDH1->-RAD50 NF1->-RAD50,3,3,2.000000,2,,2.754986e-02
ESR1->-POLE,2,1,2.000000,2,,2.500000e-01
NF1->-POLE,2,1,2.000000,2,,2.500000e-01
MAX->-PIK3CA,2,1,2.000000,2,,4.093545e-01
ERBB3->-POLE,2,1,2.000000,2,,2.500000e-01
ARID1B->-ZFHX3,2,1,2.000000,2,,2.514199e-01
PIK3CA->-MYC,2,1,2.000000,2,,6.874406e-01
PIK3CA->-PPM1D,2,1,2.000000,2,,2.463127e-01
ESR1->-ZFHX3,2,1,2.000000,2,,2.483376e-01
PIK3CA->-DCUN1D1,2,1,2.000000,2,,1.524674e-01
TP53->-CBFB,2,1,2.000000,2,,9.666667e-01
AKT1->-CREBBP,2,1,2.000000,2,,2.500000e-01
AKT1->-RB1,2,1,2.000000,2,,2.500000e-01
AKT1->-ARID1A,2,1,2.000000,2,,6.885468e-01
CDH1->-SMAD2,2,1,2.000000,2,,5.009881e-01
CDH1->-PIK3CB,2,1,2.000000,2,,2.500000e-01
IRS2->-TP53,2,1,2.000000,2,,7.680187e-01
IRS2->-POLE,2,1,2.000000,2,,2.513874e-01
MAP2K4->-CIC,2,1,2.000000,2,,1.728052e-01
MAP2K4->-KMT2D,2,1,2.000000,2,,1.769912e-01
CBFB->-TBX3,2,1,2.000000,2,,6.875000e-01
CDH1->-FGFR2,2,1,2.000000,2,,1.756917e-01
KDM6A->-CDH1,2,1,2.000000,2,,8.125000e-01
PIK3CA->-RAB35,2,1,2.000000,2,,2.500000e-01
ARID2->-BCOR TP53->-ARID2 TP53->-BCOR,3,3,2.000000,2,,2.774386e-02
RB1->-NOTCH2 TP53->-NOTCH2 TP53->-RB1,3,3,2.000000,2,,2.777778e-02
ATM->-RUNX1 PIK3CA->-ATM PIK3CA->-RUNX1,3,3,2.000000,2,,2.384722e-02
TP53->-CRLF2,2,1,2.000000,2,,2.500000e-01
ARID1A->-AKT1,2,1,2.000000,2,,6.880781e-01
CDH1->-INPP4A CDH1->-PIK3CA PIK3CA->-INPP4A,3,3,2.000000,2,,2.777778e-02
CDH1->-ERBB2 CDH1->-NCOR1 NCOR1->-ERBB2,3,3,2.000000,2,,7.407407e-02
CDH1->-GNAS,2,1,2.000000,2,,2.500000e-01
CDH1->-EIF4A2,2,1,2.000000,2,,2.500000e-01
NCOR1->-KDM6A,2,1,2.000000,2,,2.500000e-01
KDM6A->-GRIN2A TP53->-GRIN2A TP53->-KDM6A,3,3,2.000000,2,,2.777778e-02
CDH1->-CDKN2A CDH1->-NCOR1 CDKN2A->-NCOR1,3,3,2.000000,2,,2.777778e-02
NCOR1->-TET2 TP53->-NCOR1 TP53->-TET2,3,3,2.000000,2,,2.777778e-02
TET2->-GRIN2A,2,1,2.000000,2,,2.495125e-01
PTCH1->-NOTCH2,2,1,2.000000,2,,2.500000e-01
KDM6A->-KMT2A,2,1,2.000000,2,,5.000000e-01
RASA1->-KMT2A,2,1,2.000000,2,,2.159091e-01
CDH1->-SLX4,2,1,2.000000,2,,2.500000e-01
CDH1->-FGF19,2,1,2.000000,2,,2.500000e-01
NOTCH4->-NOTCH2,2,1,2.000000,2,,4.270536e-01
NOTCH4->-EED,2,1,2.000000,2,,2.500000e-01
CDH1->-MSH2 CDH1->-RASA1 MSH2->-RASA1,3,3,2.000000,2,,2.777778e-02
KMT2C->-RASA1,2,1,2.000000,2,,4.466777e-01
PIK3CA->-GNAS,2,1,2.000000,2,,2.500000e-01
SF3B1->-KMT2C,2,1,2.000000,2,,5.119048e-01
TP53->-CBL,2,1,2.000000,2,,2.555556e-01
PIK3CA->-ERG PIK3CA->-TP53 TP53->-ERG,3,3,2.000000,2,,2.962963e-02
PIK3CA->-POLE PIK3CA->-RB1 RB1->-POLE,3,3,2.000000,2,,7.710246e-02
CDH1->-PIK3CA CDH1->-SMARCD1 PIK3CA->-SMARCD1,3,3,2.000000,2,,2.777778e-02
ARID1B->-PIK3R1,2,1,2.000000,2,,5.000000e-01
ARID1B->-RUNX1,2,1,2.000000,2,,2.500000e-01
PIK3R1->-RUNX1,2,1,2.000000,2,,2.500000e-01
NCOR1->-ARID1A,2,1,2.000000,2,,8.129529e-01
CDH1->-JAK1,2,1,2.000000,2,,5.023810e-01
JAK1->-BRCA2,2,1,2.000000,2,,2.500000e-01
ESR1->-PTPRD TP53->-ESR1 TP53->-PTPRD,3,3,2.000000,2,,2.777778e-02
BRCA2->-PTPRD,2,1,2.000000,2,,2.500000e-01
RAD54L->-NCOR1,2,1,2.000000,2,,2.509058e-01
BRCA2->-BAP1,2,1,2.000000,2,,2.500000e-01
TP53->-NEGR1,2,1,2.000000,2,,2.500000e-01
RB1->-TSHR,2,1,2.000000,2,,2.500000e-01
RB1->-FLT4,2,1,2.000000,2,,5.004250e-01
RB1->-KMT2D,2,1,2.000000,2,,6.785714e-01
ATRX->-KMT2D,2,1,2.000000,2,,4.574021e-01
CTCF->-GPS2,2,1,2.000000,2,,2.500000e-01
AXIN1->-SMARCA4,2,1,2.000000,2,,2.495125e-01
AKT1->-AXIN1,2,1,2.000000,2,,2.487626e-01
NSD1->-MDM2,2,1,2.000000,2,,2.141276e-01
SMARCA4->-TET1,2,1,2.000000,2,,2.498625e-01
BCOR->-GRIN2A,2,1,2.000000,2,,4.666108e-01
NOTCH2->-TET1,2,1,2.000000,2,,2.498375e-01
PIK3CA->-PAX5,2,1,2.000000,2,,2.083333e-01
EPHB1->-MAP3K1,2,1,2.000000,2,,8.125000e-01
KMT2D->-MDC1 TP53->-KMT2D TP53->-MDC1,3,3,2.000000,2,,2.777778e-02
PTEN->-KMT2D TP53->-KMT2D TP53->-PTEN,3,3,2.000000,2,,7.401755e-02
NCOR1->-ALK,2,1,2.000000,2,,2.509058e-01
ANKRD11->-KMT2D,2,1,2.000000,2,,5.748338e-01
GATA3->-KDM5A,2,1,2.000000,2,,5.000000e-01
TP53->-YAP1,2,1,2.000000,2,,5.000000e-01
CARD11->-TP53,2,1,2.000000,2,,9.904010e-01
CDKN2A->-CARD11,2,1,2.000000,2,,2.508333e-01
PIK3CA->-BRIP1 PIK3CA->-RUNX1 RUNX1->-BRIP1,3,3,2.000000,2,,2.777778e-02
PIK3CA->-SOX9,2,1,2.000000,2,,6.881793e-01
CDH1->-SOX9,2,1,2.000000,2,,5.009058e-01
BRCA2->-STK11,2,1,2.000000,2,,2.500000e-01
ESR1->-GNAS,2,1,2.000000,2,,2.500000e-01
MAP3K1->-SPOP,2,1,2.000000,2,,6.892857e-01
MAP3K1->-DNMT3A,2,1,2.000000,2,,2.500000e-01
BCL6->-NOTCH1 CDH1->-BCL6 CDH1->-NOTCH1,3,3,2.000000,2,,2.777778e-02
ATM->-CDH1 ATM->-PIK3CA CDH1->-PIK3CA,3,3,2.000000,2,,1.335979e-01
ATM->-NOTCH1,2,1,2.000000,2,,7.647987e-01
ATM->-NOTCH4 TP53->-ATM TP53->-NOTCH4,3,3,2.000000,2,,2.805556e-02
PIK3CA->-REL,2,1,2.000000,2,,2.500000e-01
PIK3CA->-BCL6,2,1,2.000000,2,,5.000000e-01
PIK3CA->-SYK,2,1,2.000000,2,,2.500000e-01
MAP3K1->-NOTCH1 MAP3K1->-PIK3CA PIK3CA->-NOTCH1,3,3,2.000000,2,,1.381448e-01
MAP3K1->-REL TP53->-MAP3K1 TP53->-REL,3,3,2.000000,2,,2.777778e-02
MAP3K1->-SF3B1,2,1,2.000000,2,,5.000000e-01
CDH1->-DNMT3A CDH1->-KDR DNMT3A->-KDR,3,3,2.000000,2,,2.777778e-02
RB1->-NOTCH1 TP53->-NOTCH1 TP53->-RB1,3,3,2.000000,2,,2.777778e-02
RB1->-PTPRT TP53->-PTPRT TP53->-RB1,3,3,2.000000,2,,7.401755e-02
PIK3C2G->-PTPRT TP53->-PIK3C2G TP53->-PTPRT,3,3,2.000000,2,,2.810716e-02
ATM->-PIK3CA ATM->-SF3B1 PIK3CA->-SF3B1,3,3,2.000000,2,,2.777778e-02
SMAD4->-MAP3K1,2,1,2.000000,2,,2.166667e-01
SMAD4->-KMT2C,2,1,2.000000,2,,3.905971e-01
KMT2C->-MDM2,2,1,2.000000,2,,2.166667e-01
SOX9->-PDGFRA,2,1,2.000000,2,,2.509058e-01
DOT1L->-PDGFRA,2,1,2.000000,2,,2.500000e-01
PALB2->-KDM5C,2,1,2.000000,2,,2.500000e-01
APC->-RB1 TP53->-APC TP53->-RB1,3,3,2.000000,2,,7.401755e-02
APC->-EPHB1 APC->-KMT2D KMT2D->-EPHB1 TP53->-APC TP53->-EPHB1 TP53->-KMT2D,4,6,2.000000,2,,1.727886e-03
TP53->-KEAP1,2,1,2.000000,2,,2.500000e-01
EPCAM->-ARID1B,2,1,2.000000,2,,2.500000e-01
ARID1B->-PDGFRA,2,1,2.000000,2,,2.509058e-01
CIC->-RUNX1,2,1,2.000000,2,,2.916667e-01
PTEN->-PDGFRA,2,1,2.000000,2,,2.500000e-01
JAK1->-ZFHX3,2,1,2.000000,2,,2.159091e-01
PIK3CA->-IRF4,2,1,2.000000,2,,2.500000e-01
AKT1->-CIC,2,1,2.000000,2,,2.500000e-01
NCOR1->-SMARCA4,2,1,2.000000,2,,2.500000e-01
POLE->-SMARCA4 TP53->-POLE TP53->-SMARCA4,3,3,2.000000,2,,2.774386e-02
NCOR1->-ATRX,2,1,2.000000,2,,2.500000e-01
NOTCH1->-CDH1,2,1,2.000000,2,,7.893301e-01
CDH1->-IL7R,2,1,2.000000,2,,2.168642e-01
AKT1->-NCOR1,2,1,2.000000,2,,2.500000e-01
GPS2->-ESR1,2,1,2.000000,2,,2.166667e-01
TP53->-NFE2L2,2,1,2.000000,2,,2.500000e-01
BRCA1->-DNMT1,2,1,2.000000,2,,1.895905e-01
ANKRD11->-TBX3,2,1,2.000000,2,,8.125000e-01
NOTCH3->-PIK3CA,2,1,2.000000,2,,9.298762e-01
YAP1->-PIK3CA,2,1,2.000000,2,,5.000000e-01
NOTCH3->-CDH1,2,1,2.000000,2,,6.881793e-01
CDH1->-TERT,2,1,2.000000,2,,2.500000e-01
MSH6->-TERT PIK3CA->-MSH6 PIK3CA->-TERT,3,3,2.000000,2,,2.777778e-02
MAP2K4->-NOTCH2,2,1,2.000000,2,,2.500000e-01
TP53->-SMAD3,2,1,2.000000,2,,2.500000e-01
MAP2K4->-KMT2C,2,1,2.000000,2,,5.000000e-01
FOXA1->-CDK8,2,1,2.000000,2,,2.509058e-01
MEN1->-MAP2K4,2,1,2.000000,2,,5.000000e-01
MEN1->-NCOR1,2,1,2.000000,2,,2.509058e-01
CDH1->-NOTCH3,2,1,2.000000,2,,6.881793e-01
PIK3CA->-MYD88,2,1,2.000000,2,,5.000000e-01
TP53->-RAD51,2,1,2.000000,2,,2.509881e-01
TBX3->-CBFB,2,1,2.000000,2,,6.875000e-01
TBX3->-EPHA5,2,1,2.000000,2,,2.500000e-01
RET->-BCOR,2,1,2.000000,2,,2.166667e-01
IDH1->-GATA3,2,1,2.000000,2,,2.500000e-01
MAP3K1->-EPCAM,2,1,2.000000,2,,5.007500e-01
ASXL2->-KDM5C,2,1,2.000000,2,,2.000900e-01
CDH1->-NOTCH1 CDH1->-PTEN PTEN->-NOTCH1,3,3,2.000000,2,,1.379098e-02
CDH1->-MED12 CDH1->-SDHC MED12->-SDHC,3,3,2.000000,2,,2.754986e-02
APC->-RAD50 APC->-SDHC CDH1->-APC CDH1->-RAD50 CDH1->-SDHC RAD50->-SDHC,4,6,2.000000,2,,1.706434e-03
APC->-PIK3C2G APC->-SDHC CDH1->-APC CDH1->-PIK3C2G CDH1->-SDHC PIK3C2G->-SDHC,4,6,2.000000,2,,1.706434e-03
APC->-SETD2,2,1,2.000000,2,,2.500000e-01
APC->-BLM APC->-ERCC4 BLM->-ERCC4 CDH1->-APC CDH1->-BLM CDH1->-ERCC4,4,6,2.000000,2,,1.736111e-03
JAK1->-APC,2,1,2.000000,2,,2.500000e-01
CDH1->-SETD2 CDH1->-STK11 SETD2->-STK11,3,3,2.000000,2,,7.407407e-02
ASXL1->-PIK3CA PIK3R3->-ASXL1 PIK3R3->-PIK3CA,3,3,2.000000,2,,2.777778e-02
PIK3R3->-BLM,2,1,2.000000,2,,2.500000e-01
ARID1A->-PIK3R3,2,1,2.000000,2,,2.500000e-01
JAK2->-PIK3CA LATS2->-JAK2 LATS2->-PIK3CA,3,3,2.000000,2,,2.777778e-02
CDH1->-JAK2 CDH1->-PIK3CA JAK2->-PIK3CA,3,3,2.000000,2,,1.030093e-01
CDH1->-ERCC3,2,1,2.000000,2,,5.000000e-01
ERCC3->-PIK3CA,2,1,2.000000,2,,5.000000e-01
JAK1->-SETD2,2,1,2.000000,2,,2.523810e-01
JAK1->-CREBBP,2,1,2.000000,2,,2.523810e-01
CDH1->-PIK3CA CDH1->-SMARCB1 SMARCB1->-PIK3CA,3,3,2.000000,2,,2.777778e-02
SMARCB1->-FLT3,2,1,2.000000,2,,2.500000e-01
CD274->-ABL1,2,1,2.000000,2,,2.500000e-01
ASXL1->-ABL1,2,1,2.000000,2,,2.500000e-01
ASXL1->-CREBBP,2,1,2.000000,2,,5.000000e-01
RAD50->-PIK3CA,2,1,2.000000,2,,9.665532e-01
LATS2->-ASXL1,2,1,2.000000,2,,2.500000e-01
PIK3C2G->-ERCC4,2,1,2.000000,2,,2.509881e-01
ARID1A->-ERCC4 ARID1A->-IKZF1 IKZF1->-ERCC4,3,3,2.000000,2,,2.777778e-02
JAK1->-ARID2,2,1,2.000000,2,,2.500000e-01
ARID1A->-ARID2 ARID1A->-FLT3 ARID2->-FLT3,3,3,2.000000,2,,2.777778e-02
CDKN1A->-PIK3CA,2,1,2.000000,2,,8.117719e-01
FLT3->-PIK3CA,2,1,2.000000,2,,8.125000e-01
PTEN->-ERBB3,2,1,2.000000,2,,2.500000e-01
KMT2D->-ERBB3 TP53->-ERBB3 TP53->-KMT2D,3,3,2.000000,2,,2.777778e-02
ZFHX3->-KMT2D,2,1,2.000000,2,,2.500000e-01
NOTCH3->-FAT1,2,1,2.000000,2,,2.500000e-01
ESR1->-IRF4,2,1,2.000000,2,,2.261905e-01
CDH1->-MCL1,2,1,2.000000,2,,2.500000e-01
NCOR1->-KMT2C,2,1,2.000000,2,,9.596162e-01
RUNX1->-KMT2C,2,1,2.000000,2,,6.875000e-01
RUNX1->-CDKN2A,2,1,2.000000,2,,2.508333e-01
KMT2C->-KMT2A KMT2C->-TSC2 TSC2->-KMT2A,3,3,2.000000,2,,2.657544e-02
KMT2C->-TP63,2,1,2.000000,2,,5.009058e-01
MED12->-KMT2D TP53->-KMT2D TP53->-MED12,3,3,2.000000,2,,2.628968e-02
KMT2C->-MED12 KMT2C->-TSC2 TSC2->-MED12,3,3,2.000000,2,,2.607397e-02
TP53->-MDM2,2,1,2.000000,2,,2.508333e-01
TP53->-TCF3,2,1,2.000000,2,,2.500000e-01
STAT3->-NF1,2,1,2.000000,2,,2.500000e-01
NCOR1->-NF1,2,1,2.000000,2,,8.125057e-01
SETD2->-PTCH1 TP53->-PTCH1 TP53->-SETD2,3,3,2.000000,2,,2.774386e-02
PIK3CA->-PTCH1 PIK3CA->-SETD2 SETD2->-PTCH1,3,3,2.000000,2,,5.916446e-02
PIK3CA->-MGA PIK3CA->-SETD2 SETD2->-MGA,3,3,2.000000,2,,1.120388e-01
SETD2->-MGA TP53->-MGA TP53->-SETD2,3,3,2.000000,2,,2.774386e-02
NCOR1->-PTCH1 PIK3CA->-NCOR1 PIK3CA->-PTCH1,3,3,2.000000,2,,2.777778e-02
FAT1->-MSH6 PIK3CA->-FAT1 PIK3CA->-MSH6,3,3,2.000000,2,,2.777778e-02
RB1->-PIK3CG,2,1,2.000000,2,,2.500000e-01
PIK3CA->-CARD11 PIK3CA->-RUNX1 RUNX1->-CARD11,3,3,2.000000,2,,2.805556e-02
RUNX1->-CARD11 TP53->-CARD11 TP53->-RUNX1,3,3,2.000000,2,,2.805556e-02
RUNX1->-MGA TP53->-MGA TP53->-RUNX1,3,3,2.000000,2,,2.805556e-02
PIK3CA->-MGA PIK3CA->-RUNX1 RUNX1->-MGA,3,3,2.000000,2,,7.453704e-02
RUNX1->-MSH6 TP53->-MSH6 TP53->-RUNX1,3,3,2.000000,2,,2.805556e-02
PIK3CA->-MSH6 PIK3CA->-RUNX1 RUNX1->-MSH6,3,3,2.000000,2,,2.805556e-02
MSH6->-KMT2A,2,1,2.000000,2,,2.500000e-01
TP53->-IKBKE,2,1,2.000000,2,,2.509881e-01
BARD1->-AKT1 TP53->-AKT1 TP53->-BARD1,3,3,2.000000,2,,1.805556e-02
ATR->-RUNX1 PIK3CA->-ATR PIK3CA->-RUNX1,3,3,2.000000,2,,7.453704e-02
BARD1->-PIK3CA,2,1,2.000000,2,,8.022599e-01
APC->-XPO1,2,1,2.000000,2,,2.258152e-01
MAP2K4->-XPO1,2,1,2.000000,2,,2.250000e-01
TRAF7->-GATA3,2,1,2.000000,2,,2.500000e-01
MEN1->-NOTCH3,2,1,2.000000,2,,2.509058e-01
GATA3->-NOTCH3,2,1,2.000000,2,,2.500000e-01
APC->-NF1 CDH1->-APC CDH1->-NF1,3,3,2.000000,2,,7.237580e-02
ZFHX3->-ATM,2,1,2.000000,2,,4.956252e-01
ZFHX3->-NF1,2,1,2.000000,2,,5.009058e-01
CDH1->-SPOP,2,1,2.000000,2,,5.000000e-01
PIK3CA->-PNRC1,2,1,2.000000,2,,2.500000e-01
TET1->-ESR1,2,1,2.000000,2,,6.885965e-01
RB1->-ESR1,2,1,2.000000,2,,2.500000e-01
CDH1->-NFE2L2,2,1,2.000000,2,,2.500000e-01
CDH1->-PALB2,2,1,2.000000,2,,5.000000e-01
ARID1A->-NOTCH3,2,1,2.000000,2,,2.509058e-01
TP53->-MRE11A,2,1,2.000000,2,,2.500000e-01
PIK3CA->-MDM2,2,1,2.000000,2,,2.508333e-01
ESR1->-NFE2L2,2,1,2.000000,2,,2.500000e-01
ARID1A->-RUNX1 PTEN->-ARID1A PTEN->-RUNX1,3,3,2.000000,2,,2.777778e-02
ESR1->-FUBP1,2,1,2.000000,2,,2.500000e-01
SMAD4->-KDM5C,2,1,2.000000,2,,5.000000e-01
RHOA->-GRIN2A,2,1,2.000000,2,,2.500000e-01
SMAD4->-PIK3CA,2,1,2.000000,2,,9.579415e-01
GRIN2A->-PIK3CA,2,1,2.000000,2,,9.397321e-01
SOX9->-TBX3,2,1,2.000000,2,,5.009058e-01
ATM->-HGF,2,1,2.000000,2,,2.500000e-01
SMAD4->-FAT1,2,1,2.000000,2,,2.500000e-01
NF1->-MAP2K4,2,1,2.000000,2,,6.767574e-01
ATR->-PIK3CA,2,1,2.000000,2,,9.996573e-01
KMT2C->-PPP2R1A,2,1,2.000000,2,,2.500000e-01
SPEN->-DNMT3A,2,1,2.000000,2,,5.000000e-01
STAG2->-AXL,2,1,2.000000,2,,2.500000e-01
CDK8->-KRAS,2,1,2.000000,2,,2.759964e-01
NSD1->-RAD50,2,1,2.000000,2,,2.500000e-01
STAG2->-PTEN STAG2->-TP53 TP53->-PTEN,3,3,2.000000,2,,6.250000e-02
PTEN->-PIK3C2G,2,1,2.000000,2,,2.500000e-01
NOTCH1->-NCOR1,2,1,2.000000,2,,2.500000e-01
SPEN->-NCOR1,2,1,2.000000,2,,5.009058e-01
GATA3->-DOT1L,2,1,2.000000,2,,2.500000e-01
FOXA1->-DOT1L,2,1,2.000000,2,,6.875000e-01
CDH1->-BTK,2,1,2.000000,2,,2.500000e-01
AKT1->-XPO1 CDH1->-AKT1 CDH1->-XPO1,3,3,2.000000,2,,2.777778e-02
CDH1->-FAT1 MTOR->-CDH1 MTOR->-FAT1,3,3,2.000000,2,,2.777778e-02
BRCA2->-MTOR BRCA2->-XPO1 MTOR->-XPO1,3,3,2.000000,2,,2.777778e-02
CDH1->-PIK3R1,2,1,2.000000,2,,5.000000e-01
KMT2C->-NOTCH3 KMT2C->-XPO1 NOTCH3->-XPO1,3,3,2.000000,2,,2.807971e-02
SPEN->-XPO1,2,1,2.000000,2,,2.509058e-01
NOTCH3->-PIK3R1,2,1,2.000000,2,,2.500000e-01
PIK3R1->-AR,2,1,2.000000,2,,2.500000e-01
FAT1->-AR,2,1,2.000000,2,,2.500000e-01
BRCA2->-FAT1,2,1,2.000000,2,,4.229539e-01
APC->-RUNX1,2,1,2.000000,2,,2.508333e-01
NOTCH4->-KMT2D TP53->-KMT2D TP53->-NOTCH4,3,3,2.000000,2,,4.551989e-02
TP53->-NUP93,2,1,2.000000,2,,5.008333e-01
TP53->-RPS6KB2,2,1,2.000000,2,,2.508333e-01
TP53->-HLA-A,2,1,2.000000,2,,2.508333e-01
PIK3CA->-PARP1 PIK3CA->-RUNX1 RUNX1->-PARP1,3,3,2.000000,2,,2.805556e-02
NUP93->-PARP1 PIK3CA->-NUP93 PIK3CA->-PARP1,3,3,2.000000,2,,2.805556e-02
PTPRS->-PARP1,2,1,2.000000,2,,2.508333e-01
RUNX1->-INSR,2,1,2.000000,2,,2.508333e-01
ARID2->-KMT2D ERCC5->-ARID2 ERCC5->-KMT2D PIK3CA->-ARID2 PIK3CA->-ERCC5 PIK3CA->-KMT2D,4,6,2.000000,2,,1.770833e-03
ARID2->-KMT2D ERCC5->-ARID2 ERCC5->-KMT2D TP53->-ARID2 TP53->-ERCC5 TP53->-KMT2D,4,6,2.000000,2,,1.770833e-03
ATR->-KMT2D PIK3CA->-ATR PIK3CA->-KMT2D,3,3,2.000000,2,,7.448028e-02
CDH1->-PIK3CA FLCN->-CDH1 FLCN->-PIK3CA,3,3,2.000000,2,,2.810716e-02
ERCC4->-NCOR1,2,1,2.000000,2,,4.388412e-01
KMT2D->-NCOR1 SMAD2->-KMT2D SMAD2->-NCOR1,3,3,2.000000,2,,2.810716e-02
CREBBP->-KMT2C CREBBP->-NCOR1 KMT2C->-NCOR1,3,3,2.000000,2,,2.841267e-02
KMT2D->-FGFR2 TP53->-FGFR2 TP53->-KMT2D,3,3,2.000000,2,,2.807284e-02
PTPRT->-FGFR2 TP53->-FGFR2 TP53->-PTPRT,3,3,2.000000,2,,2.807284e-02
PIK3C2G->-KMT2C,2,1,2.000000,2,,5.009881e-01
BRCA1->-CREBBP BRCA1->-KMT2C CREBBP->-KMT2C,3,3,2.000000,2,,2.810716e-02
RAD51->-KMT2D,2,1,2.000000,2,,2.509881e-01
AKT1->-TBX3,2,1,2.000000,2,,2.500000e-01
ZFHX3->-ARID2,2,1,2.000000,2,,2.509058e-01
ARID2->-EPHA5 TP53->-ARID2 TP53->-EPHA5,3,3,2.000000,2,,1.318738e-01
CBFB->-MAP2K4,2,1,2.000000,2,,2.400000e-01
MAP3K1->-CTCF,2,1,2.000000,2,,8.161632e-01
ATM->-JUN,2,1,2.000000,2,,2.523810e-01
RHOA->-TBX3,2,1,2.000000,2,,2.410714e-01
FAT1->-RB1,2,1,2.000000,2,,6.875000e-01
PIK3CA->-GATA3 ROS1->-GATA3 ROS1->-PIK3CA,3,3,2.000000,2,,2.777778e-02
FGFR4->-ROS1,2,1,2.000000,2,,2.159091e-01
TP53->-ASXL2,2,1,2.000000,2,,4.750000e-01
AKT2->-PTPRT,2,1,2.000000,2,,2.500000e-01
TP53->-EPHA3,2,1,2.000000,2,,5.000000e-01
RICTOR->-ESR1,2,1,2.000000,2,,8.013610e-01
APC->-DNMT1,2,1,2.000000,2,,5.000000e-01
DNMT3A->-FAT1,2,1,2.000000,2,,5.000000e-01
SMAD4->-ERCC4,2,1,2.000000,2,,2.500000e-01
DNMT1->-SPEN,2,1,2.000000,2,,2.500000e-01
FOXP1->-PTEN,2,1,2.000000,2,,2.142857e-01
AKT1->-SETD2,2,1,2.000000,2,,2.380952e-01
CDH1->-AXIN2,2,1,2.000000,2,,2.509058e-01
AKT1->-RAD50,2,1,2.000000,2,,2.500000e-01
AKT1->-DNMT1,2,1,2.000000,2,,5.000000e-01
SMAD2->-RFWD2,2,1,2.000000,2,,2.500000e-01
MAP2K4->-ARID2,2,1,2.000000,2,,2.500000e-01
KMT2C->-NSD1,2,1,2.000000,2,,7.958333e-01
CDH1->-RET,2,1,2.000000,2,,2.500000e-01
ARID1A->-KDM5C PIK3CA->-ARID1A PIK3CA->-KDM5C,3,3,2.000000,2,,7.407407e-02
LATS1->-RFWD2,2,1,2.000000,2,,2.500000e-01
LATS1->-ATR,2,1,2.000000,2,,2.500000e-01
SMAD4->-RFWD2,2,1,2.000000,2,,2.500000e-01
BCOR->-TSC2,2,1,2.000000,2,,2.500000e-01
TSC2->-KMT2C,2,1,2.000000,2,,8.670448e-01
NCOR1->-IKZF1,2,1,2.000000,2,,4.168292e-01
GATA3->-BCOR,2,1,2.000000,2,,2.500000e-01
ASXL2->-TBX3,2,1,2.000000,2,,2.500000e-01
CDH1->-ASXL2,2,1,2.000000,2,,4.508525e-01
ASXL2->-ARID1A,2,1,2.000000,2,,4.479526e-01
FOXA1->-ARID1B,2,1,2.000000,2,,2.500000e-01
KDR->-KMT2A,2,1,2.000000,2,,2.500000e-01
GPS2->-JAK2,2,1,2.000000,2,,2.500000e-01
EPHA5->-TP53,2,1,2.000000,2,,9.953099e-01
PIK3CA->-MYCN,2,1,2.000000,2,,2.500000e-01
PIK3CA->-SHQ1,2,1,2.000000,2,,2.500000e-01
GATA3->-DICER1,2,1,2.000000,2,,2.500000e-01
GATA3->-HIST1H1C,2,1,2.000000,2,,2.500000e-01
TP53->-MALT1,2,1,2.000000,2,,2.500000e-01
MAP3K1->-ALK,2,1,2.000000,2,,6.885093e-01
MAP3K1->-KLF4,2,1,2.000000,2,,2.500000e-01
TBX3->-NCOA3,2,1,2.000000,2,,2.509058e-01
PTCH1->-PAK7 TBX3->-PAK7 TBX3->-PTCH1,3,3,2.000000,2,,2.807971e-02
PTCH1->-PAK7 SOX9->-PAK7 SOX9->-PTCH1,3,3,2.000000,2,,2.807971e-02
TBX3->-IKZF1,2,1,2.000000,2,,1.661417e-01
AKT1->-PTCH1,2,1,2.000000,2,,2.500000e-01
KDM5C->-MAP3K1,2,1,2.000000,2,,2.500000e-01
PIK3CA->-MEF2B,2,1,2.000000,2,,2.500000e-01
CBFB->-MEN1,2,1,2.000000,2,,2.500000e-01
GLI1->-GATA3,2,1,2.000000,2,,2.500000e-01
NOTCH3->-BLM TP53->-BLM TP53->-NOTCH3,3,3,2.000000,2,,1.884921e-02
GATA3->-AKT1,2,1,2.000000,2,,9.933268e-01
SPEN->-PTPRD,2,1,2.000000,2,,2.500000e-01
JAK1->-MDC1,2,1,2.000000,2,,2.523810e-01
IDH1->-SETD2 TP53->-IDH1 TP53->-SETD2,3,3,2.000000,2,,2.853654e-02
KMT2A->-NOTCH1,2,1,2.000000,2,,2.523810e-01
MDC1->-TP53,2,1,2.000000,2,,9.743353e-01
MDC1->-CREBBP,2,1,2.000000,2,,5.032867e-01
CHEK2->-CREBBP,2,1,2.000000,2,,2.355556e-01
KMT2C->-ARID2,2,1,2.000000,2,,6.881793e-01
BRCA2->-ARID2,2,1,2.000000,2,,2.500000e-01
BRCA2->-GATA3,2,1,2.000000,2,,6.529236e-01
MDC1->-FAT1,2,1,2.000000,2,,2.500000e-01
FAT1->-TET1,2,1,2.000000,2,,8.910819e-01
FOXA1->-PTEN,2,1,2.000000,2,,7.618286e-01
PTPRS->-PIK3CA STK11->-PIK3CA STK11->-PTPRS,3,3,2.000000,2,,1.359932e-02
PTPRS->-MGA STK11->-MGA STK11->-PTPRS,3,3,2.000000,2,,1.351599e-02
CDH1->-RUNX1 CDH1->-TBX3 RUNX1->-TBX3,3,3,2.000000,2,,1.319444e-01
ARAF->-PIK3CA,2,1,2.000000,2,,7.293068e-01
NF1->-ARID2 PIK3CA->-ARID2 PIK3CA->-NF1,3,3,2.000000,2,,2.807971e-02
KMT2D->-FLT3,2,1,2.000000,2,,2.500000e-01
NF1->-FLT3,2,1,2.000000,2,,2.500000e-01
EP300->-TP53,2,1,2.000000,2,,9.953979e-01
ARID1B->-NFE2L2,2,1,2.000000,2,,5.000000e-01
NFE2L2->-GATA3,2,1,2.000000,2,,2.500000e-01
MAP2K4->-FAT1,2,1,2.000000,2,,4.797010e-01
PDGFRA->-ARID2,2,1,2.000000,2,,2.759964e-01
PIK3R1->-EPHB1,2,1,2.000000,2,,2.500000e-01
PIK3R1->-NF1,2,1,2.000000,2,,9.281250e-01
FAT1->-ARID1B TP53->-ARID1B TP53->-FAT1,3,3,2.000000,2,,6.442178e-02
AR->-ARID2 AR->-IRS1 IRS1->-ARID2,3,3,2.000000,2,,2.807971e-02
ARID1B->-ARID2 ARID1B->-IRS1 IRS1->-ARID2,3,3,2.000000,2,,2.807971e-02
ARID1B->-ROS1 TP53->-ARID1B TP53->-ROS1,3,3,2.000000,2,,2.232143e-02
MAP3K1->-ARID1B,2,1,2.000000,2,,6.741071e-01
MAP3K1->-ATRX TP53->-ATRX TP53->-MAP3K1,3,3,2.000000,2,,2.443211e-02
SPEN->-ALK,2,1,2.000000,2,,2.509058e-01
EPHA5->-ALK TP53->-ALK TP53->-EPHA5,3,3,2.000000,2,,2.777778e-02
MAP3K1->-PIK3R1,2,1,2.000000,2,,6.875000e-01
FAT1->-IRS1,2,1,2.000000,2,,2.500000e-01
TET1->-SPEN TP53->-SPEN TP53->-TET1,3,3,2.000000,2,,2.777778e-02
TP53->-HIST1H3C,2,1,2.000000,2,,2.500000e-01
NF1->-NBN,2,1,2.000000,2,,2.500000e-01
KMT2A->-CD79A,2,1,2.000000,2,,2.159091e-01
FGFR4->-CD79A,2,1,2.000000,2,,2.159091e-01
FGFR4->-GRIN2A,2,1,2.000000,2,,2.159091e-01
PIK3R1->-EPHA7,2,1,2.000000,2,,2.500000e-01
NOTCH3->-PALB2,2,1,2.000000,2,,2.500000e-01
NOTCH4->-EIF4A2,2,1,2.000000,2,,2.500000e-01
TP53->-UPF1,2,1,2.000000,2,,5.008750e-01
PIK3CA->-BTK,2,1,2.000000,2,,5.000000e-01
MGA->-RB1,2,1,2.000000,2,,5.000000e-01
TBX3->-GRIN2A,2,1,2.000000,2,,2.500000e-01
AKT1->-ERBB4,2,1,2.000000,2,,2.500000e-01
KDM6A->-TP53,2,1,2.000000,2,,9.706547e-01
RB1->-CDH1,2,1,2.000000,2,,9.468298e-01
RB1->-SPEN,2,1,2.000000,2,,3.733063e-01
CREBBP->-NUP93,2,1,2.000000,2,,4.190540e-01
CDH1->-CIC,2,1,2.000000,2,,2.476190e-01
STK11->-ARID1A,2,1,2.000000,2,,5.000000e-01
KRAS->-ALK,2,1,2.000000,2,,2.509058e-01
ALK->-ARID1A TP53->-ALK TP53->-ARID1A,3,3,2.000000,2,,2.777778e-02
NCOR1->-BCOR,2,1,2.000000,2,,5.000000e-01
BCOR->-RUNX1,2,1,2.000000,2,,2.500000e-01
SF3B1->-ARID1A,2,1,2.000000,2,,2.500000e-01
FANCA->-PIK3R1,2,1,2.000000,2,,2.500000e-01
FANCA->-PARP1,2,1,2.000000,2,,2.500000e-01
KMT2C->-TSC2 PTEN->-KMT2C PTEN->-TSC2,3,3,2.000000,2,,1.277740e-02
GATA3->-FGFR2,2,1,2.000000,2,,2.500000e-01
NOTCH3->-ALK,2,1,2.000000,2,,2.509058e-01
PTEN->-MSH2,2,1,2.000000,2,,2.500000e-01
MDC1->-KMT2C PIK3CA->-KMT2C PIK3CA->-MDC1,3,3,2.000000,2,,2.807971e-02
TSC2->-MAP3K1,2,1,2.000000,2,,5.481538e-01
PPP2R1A->-ARID1A,2,1,2.000000,2,,3.674316e-01
GATA3->-KMT2D,2,1,2.000000,2,,6.721039e-01
NF1->-ATR,2,1,2.000000,2,,4.282893e-01
KLF4->-ARID1A,2,1,2.000000,2,,2.500000e-01
SETD2->-BCOR,2,1,2.000000,2,,2.500000e-01
HIST1H3I->-HNF1A PIK3CA->-HIST1H3I PIK3CA->-HNF1A,3,3,2.000000,2,,2.774386e-02
HIST1H3I->-HNF1A ROS1->-HIST1H3I ROS1->-HNF1A,3,3,2.000000,2,,2.774386e-02
PIK3CA->-ARID2 PIK3CA->-PTCH1 PTCH1->-ARID2,3,3,2.000000,2,,2.804542e-02
PIK3CA->-GLI1 PIK3CA->-PTCH1 PTCH1->-GLI1,3,3,2.000000,2,,2.804542e-02
PIK3CA->-ATR PIK3CA->-PTCH1 PTCH1->-ATR,3,3,2.000000,2,,2.804542e-02
PIK3CA->-BCOR PIK3CA->-PTCH1 PTCH1->-BCOR,3,3,2.000000,2,,2.774386e-02
PTCH1->-KMT2D,2,1,2.000000,2,,4.826259e-01
PTPRT->-BCOR,2,1,2.000000,2,,2.500000e-01
KMT2D->-BCOR,2,1,2.000000,2,,5.000000e-01
KMT2D->-ARID1A TP53->-ARID1A TP53->-KMT2D,3,3,2.000000,2,,7.401755e-02
HIST1H3I->-GATA3 PIK3CA->-GATA3 PIK3CA->-HIST1H3I,3,3,2.000000,2,,2.777778e-02
LATS2->-GATA3,2,1,2.000000,2,,2.500000e-01
ERBB2->-PIK3CA KMT2C->-ERBB2 KMT2C->-PIK3CA,3,3,2.000000,2,,1.933279e-01
PIK3CA->-ALOX12B,2,1,2.000000,2,,2.500000e-01
AR->-KMT2A AR->-PIK3CA PIK3CA->-KMT2A,3,3,2.000000,2,,2.807971e-02
AR->-KMT2A AR->-PDGFRA AR->-PTPRS PDGFRA->-KMT2A PDGFRA->-PTPRS PTPRS->-KMT2A,4,6,2.000000,2,,1.773853e-03
IRS1->-PTCH1,2,1,2.000000,2,,2.509058e-01
CDH1->-ERBB2 CDH1->-PTPRS ERBB2->-PTPRS,3,3,2.000000,2,,2.807971e-02
KMT2C->-PDGFRA,2,1,2.000000,2,,2.509058e-01
ERBB2->-PDGFRA,2,1,2.000000,2,,2.509058e-01
KMT2C->-GLI1,2,1,2.000000,2,,4.466585e-01
PIK3CA->-AXIN1,2,1,2.000000,2,,2.500000e-01
PALB2->-PIK3CA,2,1,2.000000,2,,8.345610e-01
STAG2->-MAP3K1,2,1,2.000000,2,,5.000000e-01
RB1->-PTPRD TP53->-PTPRD TP53->-RB1,3,3,2.000000,2,,2.777778e-02
CBFB->-SF3B1,2,1,2.000000,2,,2.500000e-01
MDC1->-RAD54L PIK3CA->-MDC1 PIK3CA->-RAD54L,3,3,2.000000,2,,2.733915e-02
PIK3CB->-RAD54L,2,1,2.000000,2,,5.022249e-01
CDH1->-MGA,2,1,2.000000,2,,2.500000e-01
PTEN->-INPPL1,2,1,2.000000,2,,5.000000e-01
KMT2B->-KMT2A,2,1,2.000000,2,,2.500000e-01
KMT2D->-FOXP1,2,1,2.000000,2,,5.009881e-01
ARID1A->-ALK,2,1,2.000000,2,,6.881793e-01
AKT1->-SPEN,2,1,2.000000,2,,3.750000e-01
MAP3K1->-RUNX1,2,1,2.000000,2,,8.125000e-01
LATS1->-TP53,2,1,2.000000,2,,8.125000e-01
MDC1->-APC NOTCH4->-APC NOTCH4->-MDC1,3,3,2.000000,2,,2.807971e-02
JAK1->-PDGFRB,2,1,2.000000,2,,2.500000e-01
RB1->-HIST1H3G,2,1,2.000000,2,,2.500000e-01
CDKN1B->-ESR1 CDKN1B->-PIK3CA ESR1->-PIK3CA,3,3,2.000000,2,,2.777778e-02
TP53->-EGFL7,2,1,2.000000,2,,2.500000e-01
KMT2B->-PTPRS,2,1,2.000000,2,,2.500000e-01
KMT2B->-PIK3CA,2,1,2.000000,2,,5.000000e-01
PIK3R1->-MAP3K1,2,1,2.000000,2,,6.875000e-01
CDH1->-PIK3CA CDH1->-XPO1 PIK3CA->-XPO1,3,3,2.000000,2,,2.807971e-02
ARID1A->-XPO1,2,1,2.000000,2,,2.509058e-01
FANCA->-MED12,2,1,2.000000,2,,2.500000e-01
LATS1->-PIK3CA,2,1,2.000000,2,,6.872906e-01
FOXA1->-FH,2,1,2.000000,2,,1.750000e-01
PIK3CA->-XIAP,2,1,2.000000,2,,2.472527e-01
FGFR3->-PIK3CA,2,1,2.000000,2,,7.906717e-01
PIK3CA->-ERCC2,2,1,2.000000,2,,4.333333e-01
NF1->-PRDM1,2,1,2.000000,2,,2.355556e-01
NF1->-PTEN,2,1,2.000000,2,,9.932180e-01
TBX3->-CREBBP,2,1,2.000000,2,,1.311290e-01
MAP2K4->-GPS2,2,1,2.000000,2,,4.642857e-01
FOXA1->-NSD1,2,1,2.000000,2,,6.600670e-01
CTCF->-MAP2K4 CTCF->-PIK3CA MAP2K4->-PIK3CA,3,3,2.000000,2,,1.805556e-02
TP53->-CCND1,2,1,2.000000,2,,2.250000e-01
PIK3CA->-JUN,2,1,2.000000,2,,5.000000e-01
APC->-KEAP1,2,1,2.000000,2,,2.250000e-01
TP53->-TNFAIP3,2,1,2.000000,2,,2.083333e-01
PIK3CA->-SUZ12,2,1,2.000000,2,,6.528830e-01
MGA->-FLT4,2,1,2.000000,2,,4.651190e-01
PPP2R1A->-PIK3CA,2,1,2.000000,2,,8.781956e-01
TP53->-FGF3,2,1,2.000000,2,,1.125000e-01
NF1->-MTOR,2,1,2.000000,2,,4.976190e-01
TP53->-FLCN,2,1,2.000000,2,,3.759881e-01
GATA3->-NOTCH4,2,1,2.000000,2,,1.999650e-01
GATA3->-TET1,2,1,2.000000,2,,1.950402e-01
NF1->-EPHB1,2,1,2.000000,2,,2.476190e-01
MAP2K4->-NF1 MAP2K4->-TET2 NF1->-TET2,3,3,2.000000,2,,2.312925e-02
NF1->-STAG2,2,1,2.000000,2,,1.428524e-01
TMPRSS2->-TP53,2,1,2.000000,2,,2.000000e-01
CIC->-ARID1B,2,1,2.000000,2,,2.240888e-01
BRCA2->-TET2,2,1,2.000000,2,,2.238638e-01
CDH1->-RASA1 CDH1->-TBX3 TBX3->-RASA1,3,3,2.000000,2,,1.814909e-02
PIK3CA->-GLI1 TBX3->-GLI1 TBX3->-PIK3CA,3,3,2.000000,2,,1.776460e-02
CDH1->-GLI1 CDH1->-PIK3CA PIK3CA->-GLI1,3,3,2.000000,2,,1.794992e-02
CDH1->-PIK3C3 CDH1->-PIK3CA PIK3CA->-PIK3C3,3,3,2.000000,2,,1.755746e-02
CDH1->-RASA1 CDH1->-RECQL4 RASA1->-RECQL4,3,3,2.000000,2,,1.782411e-02
PIK3CA->-STAT5A,2,1,2.000000,2,,1.666367e-01
ARID1A->-RFWD2,2,1,2.000000,2,,1.935403e-01
ARID1A->-GLI1,2,1,2.000000,2,,4.428529e-01
PTPRS->-SETD2,2,1,2.000000,2,,1.672916e-01
TP53->-MSH2,2,1,2.000000,2,,2.078396e-01
KMT2D->-XPO1,2,1,2.000000,2,,2.097395e-01
KMT2D->-HNF1A,2,1,2.000000,2,,2.045898e-01
TP53->-STAT3,2,1,2.000000,2,,3.356832e-01
TP53->-ERCC3,2,1,2.000000,2,,1.001950e-01
MEN1->-ESR1,2,1,2.000000,2,,2.123394e-01
TP53->-ERRFI1,2,1,2.000000,2,,8.723636e-02
CDH1->-NTRK2,2,1,2.000000,2,,4.501156e-01
ASXL2->-RB1,2,1,2.000000,2,,1.988151e-01
TP53->-SOS1,2,1,2.000000,2,,1.663167e-01
TP53->-SMARCB1,2,1,2.000000,2,,4.285286e-01
PIK3CA->-FUBP1,2,1,2.000000,3,,1.321367e-01
TP53->-CTNNB1,2,1,2.000000,2,,1.750162e-01
NCOR1->-BRIP1,2,1,2.000000,2,,1.798660e-01
ROS1->-MYC,2,1,2.000000,2,,1.973651e-01
SMAD2->-BCOR,2,1,2.000000,2,,2.003150e-01
TP53->-HIST1H3J,2,1,2.000000,2,,2.007900e-01
PIK3CG->-TET2,2,1,2.000000,2,,2.001400e-01
PIK3CG->-CDC73,2,1,2.000000,2,,2.049148e-01
ARID1A->-DDR2,2,1,2.000000,3,,1.177011e-01
PIK3R1->-ARID2,2,1,2.000000,2,,1.280186e-01
PIK3R1->-ROS1,2,1,2.000000,2,,3.282895e-01
PIK3R1->-MGA,2,1,2.000000,2,,1.284436e-01
CARD11->-ARID1A,2,1,2.000000,2,,7.799685e-01
KDM5C->-ARID1A,2,1,2.000000,2,,6.555485e-01
GATA3->-PIK3C2G,2,1,2.000000,2,,1.997900e-01
ANKRD11->-STAG2,2,1,2.000000,2,,2.434378e-01
ANKRD11->-PTPRD,2,1,2.000000,2,,2.451627e-01
CDH1->-MLH1 TP53->-CDH1 TP53->-MLH1,3,3,2.000000,2,,2.606536e-02
STAG2->-PARP1,2,1,2.000000,2,,2.469127e-01
CREBBP->-PARP1,2,1,2.000000,2,,2.452877e-01
MAP3K13->-MEN1,2,1,2.000000,2,,2.452877e-01
MAP3K13->-PIK3CA,2,1,2.000000,2,,6.825846e-01
MAP3K13->-CREBBP,2,1,2.000000,2,,2.452377e-01
CDH1->-CREBBP CDH1->-RAD50 RAD50->-CREBBP,3,3,2.000000,2,,2.621536e-02
CDH1->-CREBBP CDH1->-KIT KIT->-CREBBP,3,3,2.000000,2,,2.580704e-02
MLH1->-PIK3CA,2,1,2.000000,2,,4.991500e-01
YES1->-KIT,2,1,2.000000,2,,2.481642e-01
AMER1->-PIK3CA CASP8->-AMER1 CASP8->-PIK3CA,3,3,2.000000,2,,2.558804e-02
NOTCH1->-LATS2,2,1,2.000000,2,,6.296264e-02
ARID2->-IGF1R,2,1,2.000000,2,,4.795630e-01
ARID1A->-IGF1R,2,1,2.000000,2,,6.349905e-01
NOTCH1->-IGF1R,2,1,2.000000,2,,1.522272e-01
GATA3->-BRCA2,2,1,2.000000,2,,6.552860e-01
SMO->-MEN1,2,1,2.000000,2,,2.486626e-01
SMO->-KMT2C,2,1,2.000000,2,,2.517124e-01
MAP3K1->-ERBB2,2,1,2.000000,2,,9.319420e-01
PIK3CA->-RICTOR PIK3CA->-SMO SMO->-RICTOR,3,3,2.000000,2,,2.567372e-02
STAG2->-RICTOR,2,1,2.000000,2,,2.453627e-01
TP53->-CHEK2,2,1,2.000000,2,,7.670042e-01
TCF7L2->-PIK3CA,2,1,2.000000,2,,4.306599e-01
ERBB3->-ARID1A MAP3K1->-ARID1A MAP3K1->-ERBB3,3,3,2.000000,2,,1.564922e-02
CHEK2->-FLT3,2,1,2.000000,2,,2.040398e-01
ANKRD11->-CDH1,2,1,2.000000,2,,8.792493e-01
ANKRD11->-BRCA2,2,1,2.000000,2,,3.060847e-01
TBX3->-MAP2K4,2,1,2.000000,2,,4.790760e-01
MAP2K4->-DDR2,2,1,2.000000,2,,2.292385e-01
MAP2K4->-EPHB1,2,1,2.000000,2,,2.293585e-01
CDK12->-TBX3,2,1,2.000000,2,,2.289886e-01
CDH1->-ABL1,2,1,2.000000,2,,2.310384e-01
CDH1->-FLT3,2,1,2.000000,2,,2.280386e-01
DDR2->-PIK3CG,2,1,2.000000,2,,2.275636e-01
PTEN->-ACVR1,2,1,2.000000,2,,2.300135e-01
PIK3CA->-CREBBP PIK3CA->-PTPRD PTPRD->-CREBBP,3,3,2.000000,2,,1.751383e-02
CDH1->-DAXX CDH1->-PIK3CA PIK3CA->-DAXX,3,3,2.000000,2,,2.535707e-02
CBL->-PIK3CA,2,1,2.000000,2,,6.869365e-01
ERBB2->-PTPRD TP53->-ERBB2 TP53->-PTPRD,3,3,2.000000,2,,2.312920e-02
CSF3R->-PIK3CA,2,1,2.000000,2,,2.458877e-01
CDH1->-KMT2C CDH1->-STAT5B KMT2C->-STAT5B,3,3,2.000000,2,,2.663200e-02
CDH1->-YES1,2,1,2.000000,2,,2.446628e-01
CBL->-JAK3,2,1,2.000000,2,,2.510697e-01
ANKRD11->-PLK2,2,1,2.000000,2,,2.471626e-01
NOTCH1->-GATA3,2,1,2.000000,2,,3.983801e-01
ANKRD11->-PIK3CA,2,1,2.000000,2,,9.796105e-01
SUZ12->-PIK3CA,2,1,2.000000,2,,6.512206e-01
APC->-SPEN,2,1,2.000000,2,,7.635670e-01
MAP3K1->-DDR2,2,1,2.000000,2,,2.311384e-01
TBX3->-ARID1A,2,1,2.000000,2,,7.728305e-01
ERBB3->-ARID2,2,1,2.000000,2,,4.797010e-01
TP53->-PLCG2,2,1,2.000000,2,,8.999675e-02
ESR1->-MTOR,2,1,2.000000,3,,1.970876e-01
PIK3CA->-TSC1,2,1,2.000000,2,,4.051547e-01
TP53->-SRSF2,2,1,2.000000,2,,4.068047e-01
KMT2D->-FGF4 PIK3CA->-FGF4 PIK3CA->-KMT2D,3,3,2.000000,2,,1.097445e-02
HNF1A->-TP53,2,1,2.000000,2,,9.285122e-01
ESR1->-LATS2,2,1,2.000000,2,,3.685686e-01
FGFR4->-KMT2C,2,1,2.000000,2,,3.622069e-01
ESR1->-AR,2,1,2.000000,2,,1.189691e-01
FGFR4->-AKT1,2,1,2.000000,2,,1.168192e-01
CDKN1B-/-PIK3CA,2,1,2.000000,4,,6.036771e-02
PIK3CA->-HGF,2,1,2.000000,2,,3.447828e-01
PTCH1->-KMT2C,2,1,2.000000,2,,8.309096e-01
FOXA1->-KMT2C FOXA1->-PLK2 PLK2->-KMT2C,3,3,2.000000,2,,1.848902e-02
PIK3CA->-KMT2C PIK3CA->-PLK2 PLK2->-KMT2C,3,3,2.000000,2,,5.569234e-02
MAP3K1->-PIK3CD PTEN->-MAP3K1 PTEN->-PIK3CD,3,3,2.000000,2,,1.822409e-02
MAP3K1->-DICER1 PTEN->-DICER1 PTEN->-MAP3K1,3,3,2.000000,2,,1.822409e-02
ATM->-DNMT1 PIK3CA->-ATM PIK3CA->-DNMT1,3,3,2.000000,2,,1.843241e-02
MAP3K1->-SETD2,2,1,2.000000,2,,2.449378e-01
MAP3K1->-JAK3,2,1,2.000000,2,,2.452377e-01
MGA->-HNF1A MGA->-PTCH1 PIK3CA->-HNF1A PIK3CA->-MGA PIK3CA->-PTCH1 PTCH1->-HNF1A,4,6,2.000000,2,,8.233607e-04
MAP3K1->-DNMT1,2,1,2.000000,2,,2.454877e-01
DNMT1->-KMT2C,2,1,2.000000,2,,2.489376e-01
MAP3K1->-MGA,2,1,2.000000,2,,2.458377e-01
MAP3K1->-KMT2A,2,1,2.000000,2,,8.097845e-01
PTEN->-RIT1,2,1,2.000000,2,,2.462377e-01
PTEN->-TGFBR2,2,1,2.000000,2,,2.463877e-01
MAP3K1->-ATM,2,1,2.000000,2,,7.863357e-01
ATM->-PLK2 PIK3CA->-ATM PIK3CA->-PLK2,3,3,2.000000,2,,1.816576e-02
DICER1->-PTCH1,2,1,2.000000,2,,2.444128e-01
MAP3K1->-FGFR4 PTEN->-FGFR4 PTEN->-MAP3K1,3,3,2.000000,2,,1.892334e-02
FYN->-ATM,2,1,2.000000,2,,2.425629e-01
FOXA1->-PTCH1 PIK3CA->-FOXA1 PIK3CA->-PTCH1,3,3,2.000000,2,,1.837408e-02
PIK3CA->-PIK3CD,2,1,2.000000,2,,2.450627e-01
TERT->-TP53,2,1,2.000000,2,,9.484252e-01
PTEN->-PIK3CG,2,1,2.000000,2,,2.269449e-01
PTEN->-CDK12,2,1,2.000000,2,,2.255924e-01
