pattern,n_nodes,n_edges,s_exp,s_theta,pval_exp,pval_theta
CDH1->-PIK3CA,2,1,100.000000,99,,4.999750e-05
TP53->-PIK3CA,2,1,84.000000,83,,2.256458e-03
PIK3CA->-TP53,2,1,68.434553,66,,4.850489e-01
MAP3K1->-PIK3CA,2,1,48.000000,47,,2.388424e-02
PIK3CA->-GATA3,2,1,41.155500,38,,3.114859e-01
TP53->-PTEN,2,1,38.000000,38,,5.390463e-05
GATA3->-PIK3CA,2,1,35.666667,34,,6.636841e-01
PIK3CA->-KMT2C,2,1,33.500000,33,,1.785974e-02
PIK3CA->-MAP3K1,2,1,33.000000,32,,9.164945e-01
CBFB->-PIK3CA,2,1,32.500000,32,,4.937239e-06
TP53->-KMT2C,2,1,29.400000,29,,5.365478e-05
PIK3CA->-KMT2C TP53->-KMT2C TP53->-PIK3CA,3,3,4.500000,4,,8.672072e-02
PIK3CA->-KMT2C PIK3CA->-TP53 TP53->-KMT2C,3,3,3.000000,3,,2.571538e-01
PIK3CA->-CDH1,2,1,28.500000,28,,1.000000e+00
PIK3CA->-ESR1,2,1,27.505464,26,,3.356540e-02
TP53->-NF1,2,1,27.000000,27,,1.536267e-03
PIK3CA->-FOXA1,2,1,27.000000,27,,2.342619e-03
CDH1->-TP53,2,1,25.666667,25,,7.674242e-02
CDH1->-PIK3CA CDH1->-TP53 TP53->-PIK3CA,3,3,2.000000,2,,5.923618e-01
TP53->-KMT2D,2,1,24.000000,24,,5.028800e-05
TP53->-MAP3K1,2,1,23.903146,23,,1.056017e-04
MAP3K1->-PIK3CA TP53->-MAP3K1 TP53->-PIK3CA,3,3,2.500000,2,,2.978549e-01
PIK3CA->-MAP3K1 PIK3CA->-TP53 TP53->-MAP3K1,3,3,2.000000,2,,2.983132e-01
CDH1->-KMT2C,2,1,23.500000,23,,2.155956e-04
CDH1->-KMT2C CDH1->-PIK3CA PIK3CA->-KMT2C,3,3,7.000000,7,,1.759487e-03
CDH1->-KMT2C CDH1->-TP53 TP53->-KMT2C,3,3,2.000000,2,,3.116185e-01
CBFB->-GATA3,2,1,21.000000,21,,1.091260e-04
CBFB->-GATA3 CBFB->-PIK3CA PIK3CA->-GATA3,3,3,5.000000,5,,3.954581e-02
CBFB->-GATA3 CBFB->-PIK3CA GATA3->-PIK3CA,3,3,5.666667,5,,3.954581e-02
TP53->-RB1,2,1,21.000000,21,,2.312332e-03
PIK3CA->-ARID1A,2,1,20.166667,18,,3.463590e-01
KMT2C->-PIK3CA,2,1,20.000000,18,,9.786272e-01
CDH1->-KMT2C CDH1->-PIK3CA KMT2C->-PIK3CA,3,3,4.500000,4,,1.332526e-01
PIK3CA->-FAT1,2,1,19.253606,18,,2.309754e-03
CDH1->-MAP3K1,2,1,19.000000,19,,5.688474e-04
CDH1->-MAP3K1 CDH1->-PIK3CA MAP3K1->-PIK3CA,3,3,4.000000,4,,2.100509e-01
CDH1->-MAP3K1 CDH1->-PIK3CA PIK3CA->-MAP3K1,3,3,8.000000,8,,9.455568e-04
CDH1->-MAP3K1 CDH1->-TP53 TP53->-MAP3K1,3,3,3.000000,3,,1.620370e-02
PIK3CA->-SF3B1,2,1,19.000000,19,,5.274430e-06
AKT1->-TP53,2,1,19.000000,19,,6.426710e-06
TP53->-CDH1,2,1,19.000000,19,,6.577139e-01
CDH1->-PIK3CA TP53->-CDH1 TP53->-PIK3CA,3,3,5.000000,5,,3.205463e-02
CDH1->-KMT2C TP53->-CDH1 TP53->-KMT2C,3,3,2.500000,2,,3.133544e-01
CDH1->-ERBB2,2,1,18.928571,18,,7.853516e-02
CDH1->-FOXA1,2,1,18.665753,18,,1.861440e-03
CDH1->-FOXA1 CDH1->-PIK3CA PIK3CA->-FOXA1,3,3,8.000000,8,,3.052904e-04
TP53->-NCOR1,2,1,18.661458,18,,1.621123e-02
PIK3CA->-RUNX1,2,1,18.600000,18,,2.632392e-02
TP53->-FAT1,2,1,18.000000,18,,6.049655e-05
PIK3CA->-FAT1 TP53->-FAT1 TP53->-PIK3CA,3,3,4.000000,4,,3.312649e-02
PIK3CA->-FAT1 PIK3CA->-TP53 TP53->-FAT1,3,3,3.000000,3,,1.400214e-01
CDH1->-TBX3,2,1,17.500000,17,,2.817222e-02
TP53->-GATA3,2,1,17.256098,17,,8.939400e-03
PIK3CA->-GATA3 TP53->-GATA3 TP53->-PIK3CA,3,3,2.500000,2,,2.531762e-01
PIK3CA->-GATA3 PIK3CA->-TP53 TP53->-GATA3,3,3,3.121951,3,,6.260059e-02
MAP2K4->-PIK3CA,2,1,17.166667,16,,1.104651e-01
PIK3CA->-NCOR1,2,1,17.100000,16,,5.026535e-01
TBX3->-PIK3CA,2,1,17.000000,17,,1.977414e-01
CDH1->-PIK3CA CDH1->-TBX3 TBX3->-PIK3CA,3,3,5.000000,5,,3.952972e-02
TP53->-ARID1A,2,1,17.000000,16,,1.009905e-03
PIK3CA->-ARID1A PIK3CA->-TP53 TP53->-ARID1A,3,3,2.500000,2,,1.977527e-01
ESR1->-PIK3CA,2,1,16.500000,16,,8.902812e-01
CDH1->-ARID1A,2,1,16.100000,15,,1.532813e-02
CDH1->-ARID1A CDH1->-PIK3CA PIK3CA->-ARID1A,3,3,4.500000,4,,1.576792e-01
CDH1->-ARID1A PIK3CA->-ARID1A PIK3CA->-CDH1,3,3,2.000000,2,,6.600005e-01
NCOR1->-PIK3CA,2,1,16.000000,16,,5.032909e-01
NCOR1->-PIK3CA TP53->-NCOR1 TP53->-PIK3CA,3,3,3.000000,3,,1.149025e-01
CDH1->-RUNX1,2,1,15.000000,15,,4.961601e-02
CDH1->-PIK3CA CDH1->-RUNX1 PIK3CA->-RUNX1,3,3,4.600000,4,,7.059610e-02
CDH1->-RUNX1 PIK3CA->-CDH1 PIK3CA->-RUNX1,3,3,2.000000,2,,5.145788e-01
CDH1->-NCOR1,2,1,15.000000,15,,1.619204e-02
CDH1->-NCOR1 TP53->-CDH1 TP53->-NCOR1,3,3,2.000000,2,,3.581267e-01
CDH1->-NCOR1 CDH1->-PIK3CA PIK3CA->-NCOR1,3,3,2.600000,2,,4.727969e-01
CDH1->-NCOR1 CDH1->-PIK3CA NCOR1->-PIK3CA,3,3,4.000000,4,,5.459719e-02
TP53->-ARID2,2,1,15.000000,15,,5.073499e-05
TP53->-PIK3R1,2,1,15.000000,15,,2.075803e-03
PIK3CA->-TBX3,2,1,14.500000,14,,5.902656e-01
CDH1->-PIK3CA CDH1->-TBX3 PIK3CA->-TBX3,3,3,3.000000,3,,3.279723e-01
ARID1A->-PIK3CA,2,1,14.500000,14,,8.316120e-01
ARID1A->-PIK3CA CDH1->-ARID1A CDH1->-PIK3CA,3,3,5.500000,5,,5.169361e-02
PIK3CA->-KMT2D,2,1,14.333333,14,,1.395792e-02
PIK3CA->-KMT2D TP53->-KMT2D TP53->-PIK3CA,3,3,3.333333,3,,1.792935e-01
PIK3CA->-KMT2D PIK3CA->-TP53 TP53->-KMT2D,3,3,5.000000,5,,1.004201e-02
TP53->-ATR,2,1,14.000000,13,,1.982823e-03
TP53->-PTPRD,2,1,13.903458,13,,1.456293e-04
TP53->-RUNX1,2,1,13.500000,13,,4.070058e-02
PIK3CA->-RUNX1 PIK3CA->-TP53 TP53->-RUNX1,3,3,2.000000,2,,1.956019e-01
CDH1->-RUNX1 CDH1->-TP53 TP53->-RUNX1,3,3,2.000000,2,,7.407407e-02
TP53->-BRCA2,2,1,13.500000,13,,2.498285e-04
TP53->-NSD1,2,1,13.000000,12,,4.551519e-04
PIK3CA->-ATR,2,1,13.000000,12,,1.647602e-02
PIK3CA->-ATR PIK3CA->-TP53 TP53->-ATR,3,3,2.500000,2,,1.945691e-01
TP53->-KMT2A,2,1,13.000000,13,,6.448299e-05
CDH1->-ESR1,2,1,13.000000,13,,5.859936e-02
CDH1->-ESR1 CDH1->-PIK3CA PIK3CA->-ESR1,3,3,4.000000,4,,5.486968e-03
PIK3CA->-PTEN,2,1,13.000000,13,,3.033414e-01
PIK3CA->-PTEN TP53->-PIK3CA TP53->-PTEN,3,3,2.000000,2,,3.988260e-01
PIK3CA->-PTEN PIK3CA->-TP53 TP53->-PTEN,3,3,6.000000,6,,5.534280e-04
TP53->-CREBBP,2,1,12.666667,12,,1.358790e-03
TP53->-STAG2,2,1,12.500000,12,,5.304238e-03
TP53->-FLT4,2,1,12.000000,12,,5.350217e-05
PIK3CA->-SPEN,2,1,12.000000,12,,2.440746e-02
TP53->-APC,2,1,12.000000,12,,1.786400e-04
MEN1->-GATA3,2,1,12.000000,12,,2.441406e-04
NF1->-PIK3CA,2,1,12.000000,12,,2.360464e-01
NF1->-PIK3CA TP53->-NF1 TP53->-PIK3CA,3,3,3.000000,3,,2.377830e-01
NF1->-TP53,2,1,12.000000,12,,9.745980e-01
NF1->-PIK3CA NF1->-TP53 TP53->-PIK3CA,3,3,4.000000,4,,7.768357e-02
PTEN->-PIK3CA,2,1,11.900000,11,,6.133170e-01
TP53->-ALK,2,1,11.697406,11,,2.781189e-04
TP53->-TBX3,2,1,11.505208,11,,5.865404e-02
PTEN->-TP53,2,1,11.500000,11,,9.997801e-01
MAP3K1->-GATA3,2,1,11.500000,11,,5.124955e-01
GATA3->-PIK3CA MAP3K1->-GATA3 MAP3K1->-PIK3CA,3,3,5.000000,4,,2.087699e-01
MAP3K1->-GATA3 PIK3CA->-GATA3 PIK3CA->-MAP3K1,3,3,2.000000,2,,7.166769e-01
CDH1->-CBFB,2,1,11.500000,11,,2.268278e-01
CBFB->-PIK3CA CDH1->-CBFB CDH1->-PIK3CA,3,3,5.000000,5,,6.345300e-03
FOXA1->-PIK3CA,2,1,11.500000,11,,9.926867e-01
CDH1->-FOXA1 CDH1->-PIK3CA FOXA1->-PIK3CA,3,3,3.000000,3,,3.615165e-01
TP53->-ESR1,2,1,11.400000,11,,1.242861e-03
TP53->-FOXA1,2,1,11.170962,10,,5.933861e-02
PIK3CA->-FOXA1 TP53->-FOXA1 TP53->-PIK3CA,3,3,3.000000,3,,1.114040e-01
PIK3CA->-FOXA1 PIK3CA->-TP53 TP53->-FOXA1,3,3,2.000000,2,,3.562517e-01
CDH1->-FOXA1 TP53->-CDH1 TP53->-FOXA1,3,3,2.000000,2,,1.525308e-01
PIK3CA->-PTPRT,2,1,11.076369,10,,2.579049e-02
PIK3CA->-ATM,2,1,11.000000,11,,1.359137e-01
PIK3CA->-RICTOR,2,1,11.000000,10,,2.158200e-03
TP53->-ATM,2,1,11.000000,11,,1.636833e-04
PIK3CA->-ATM PIK3CA->-TP53 TP53->-ATM,3,3,3.000000,3,,5.219561e-02
TP53->-CDKN2A,2,1,11.000000,11,,8.263305e-03
PIK3CA->-RB1,2,1,11.000000,11,,2.076074e-01
PIK3CA->-RB1 TP53->-PIK3CA TP53->-RB1,3,3,2.000000,2,,3.880343e-01
PIK3CA->-RB1 PIK3CA->-TP53 TP53->-RB1,3,3,4.000000,4,,2.921211e-02
TP53->-FBXW7,2,1,11.000000,11,,1.817646e-03
TP53->-ERBB3,2,1,11.000000,11,,5.883955e-05
TP53->-SETD2,2,1,10.750000,10,,2.735735e-04
TP53->-NOTCH4,2,1,10.697674,10,,1.257826e-04
PIK3CA->-NOTCH4,2,1,10.666667,10,,1.698192e-02
PIK3CA->-NOTCH4 PIK3CA->-TP53 TP53->-NOTCH4,3,3,3.697674,3,,1.269150e-02
TP53->-PTPRS,2,1,10.665753,10,,1.071375e-04
GATA3->-MAP3K1,2,1,10.500000,10,,6.754059e-01
GATA3->-MAP3K1 GATA3->-PIK3CA MAP3K1->-PIK3CA,3,3,3.000000,3,,4.381280e-01
GATA3->-MAP3K1 GATA3->-PIK3CA PIK3CA->-MAP3K1,3,3,4.000000,4,,2.087699e-01
ESR1->-GATA3,2,1,10.500000,10,,2.592214e-01
ESR1->-GATA3 PIK3CA->-ESR1 PIK3CA->-GATA3,3,3,3.000000,3,,1.134444e-01
PIK3CA->-KMT2A,2,1,10.500000,10,,3.948915e-02
PIK3CA->-KMT2A TP53->-KMT2A TP53->-PIK3CA,3,3,3.000000,3,,1.856514e-02
TP53->-EPHA5,2,1,10.359794,10,,3.291107e-03
GATA3->-ARID1A,2,1,10.333333,10,,3.921210e-01
GATA3->-ARID1A PIK3CA->-ARID1A PIK3CA->-GATA3,3,3,2.166667,2,,2.565141e-01
GATA3->-ARID1A GATA3->-PIK3CA PIK3CA->-ARID1A,3,3,2.500000,2,,2.562341e-01
TP53->-EP300,2,1,10.256098,10,,3.062416e-03
TP53->-MED12,2,1,10.230067,9,,2.961825e-02
TP53->-CARD11,2,1,10.000000,10,,1.450634e-03
TP53->-ATRX,2,1,10.000000,10,,2.769760e-04
TP53->-NOTCH2,2,1,10.000000,10,,2.902719e-04
TP53->-BARD1,2,1,10.000000,10,,8.076177e-05
TP53->-ARID1B,2,1,10.000000,10,,1.452312e-02
CDH1->-PTEN,2,1,10.000000,10,,2.116781e-01
ERBB2->-CDH1,2,1,10.000000,10,,9.408987e-01
TP53->-MAP2K4,2,1,10.000000,10,,1.228746e-01
CDH1->-GATA3,2,1,10.000000,10,,7.505611e-03
CDH1->-GATA3 CDH1->-PIK3CA PIK3CA->-GATA3,3,3,3.451220,3,,8.384352e-02
CDH1->-GATA3 PIK3CA->-CDH1 PIK3CA->-GATA3,3,3,2.000000,2,,3.032468e-01
CDH1->-ESR1 CDH1->-GATA3 ESR1->-GATA3,3,3,3.000000,3,,4.629630e-03
CDH1->-ESR1 CDH1->-GATA3 CDH1->-PIK3CA ESR1->-GATA3 PIK3CA->-ESR1 PIK3CA->-GATA3,4,6,2.000000,2,,1.736111e-03
PIK3CA->-CREBBP,2,1,9.666667,9,,1.088705e-01
PIK3CA->-CREBBP TP53->-CREBBP TP53->-PIK3CA,3,3,2.666667,2,,1.007352e-01
PIK3CA->-NF1,2,1,9.666667,9,,7.204891e-01
PIK3CA->-NF1 TP53->-NF1 TP53->-PIK3CA,3,3,2.666667,2,,5.285620e-01
PIK3CA->-NF1 PIK3CA->-TP53 TP53->-NF1,3,3,2.000000,2,,5.287054e-01
TP53->-PTPRT,2,1,9.576369,9,,2.289156e-03
PIK3CA->-PTPRT TP53->-PIK3CA TP53->-PTPRT,3,3,2.576369,2,,2.259652e-01
PIK3CA->-PTPRT PIK3CA->-TP53 TP53->-PTPRT,3,3,4.000000,4,,5.937142e-03
PIK3CA->-FLT4,2,1,9.500000,9,,2.834613e-02
PIK3CA->-FLT4 PIK3CA->-TP53 TP53->-FLT4,3,3,2.000000,2,,7.827803e-02
TP53->-ARID5B,2,1,9.500000,9,,1.456258e-03
KMT2C->-MAP3K1,2,1,9.500000,9,,3.626337e-01
KMT2C->-MAP3K1 PIK3CA->-KMT2C PIK3CA->-MAP3K1,3,3,4.000000,4,,1.164259e-01
KMT2C->-MAP3K1 KMT2C->-PIK3CA MAP3K1->-PIK3CA,3,3,2.500000,2,,5.986434e-01
ERBB2->-PIK3CA,2,1,9.500000,9,,4.177374e-01
CDH1->-ERBB2 CDH1->-PIK3CA ERBB2->-PIK3CA,3,3,4.500000,4,,5.265460e-02
PIK3CA->-MAP2K4,2,1,9.500000,9,,9.358472e-01
TP53->-SPEN,2,1,9.400000,9,,3.666524e-02
PIK3CA->-SPEN PIK3CA->-TP53 TP53->-SPEN,3,3,3.000000,3,,9.085118e-03
TP53->-EPHB1,2,1,9.000000,9,,9.874928e-04
CDH1->-MAP2K4,2,1,9.000000,9,,1.667761e-02
CDH1->-MAP2K4 CDH1->-TP53 TP53->-MAP2K4,3,3,2.000000,2,,1.531331e-02
CDH1->-CDK12 CDH1->-TP53 TP53->-CDK12,3,3,2.000000,2,,8.109845e-04
CDH1->-MAP2K4 PIK3CA->-CDH1 PIK3CA->-MAP2K4,3,3,2.000000,2,,2.044237e-01
ARID1A->-GATA3,2,1,9.000000,9,,5.722442e-01
ARID1A->-GATA3 ARID1A->-PIK3CA PIK3CA->-GATA3,3,3,2.000000,2,,2.566940e-01
AKT1->-CDH1,2,1,9.000000,9,,3.675928e-01
AKT1->-CDH1 AKT1->-TP53 CDH1->-TP53,3,3,2.666667,2,,1.281936e-01
PTEN->-NF1,2,1,9.000000,9,,1.958569e-02
PTEN->-NF1 TP53->-NF1 TP53->-PTEN,3,3,5.000000,5,,5.955071e-03
PTEN->-NF1 PTEN->-TP53 TP53->-NF1,3,3,3.000000,3,,1.465443e-01
AKT1->-GATA3,2,1,9.000000,9,,5.282738e-03
TP53->-ERCC5,2,1,9.000000,9,,3.120999e-04
TP53->-SF3B1,2,1,9.000000,9,,7.275132e-04
PIK3CA->-SF3B1 TP53->-PIK3CA TP53->-SF3B1,3,3,2.000000,2,,2.492161e-01
PIK3CA->-SF3B1 PIK3CA->-TP53 TP53->-SF3B1,3,3,4.000000,4,,7.605820e-03
TP53->-ZFHX3,2,1,9.000000,9,,1.063034e-02
KMT2C->-GATA3,2,1,9.000000,9,,2.383725e-01
TP53->-POLE,2,1,9.000000,9,,2.315069e-04
PIK3CA->-POLE,2,1,9.000000,9,,2.055329e-03
PIK3CA->-POLE PIK3CA->-TP53 TP53->-POLE,3,3,5.000000,5,,1.995143e-04
TP53->-TET2,2,1,9.000000,9,,3.180803e-04
TP53->-RICTOR,2,1,8.678626,8,,3.229428e-04
PIK3CA->-MED12,2,1,8.563401,7,,1.857181e-01
PIK3CA->-MED12 PIK3CA->-TP53 TP53->-MED12,3,3,2.000000,2,,1.117859e-01
PTEN->-KMT2C,2,1,8.500000,8,,8.950610e-03
PTEN->-KMT2C TP53->-KMT2C TP53->-PTEN,3,3,2.500000,2,,7.407407e-02
MEN1->-PIK3CA,2,1,8.500000,8,,8.130246e-02
TP53->-ROS1,2,1,8.500000,8,,5.058314e-02
PIK3CA->-ARID2,2,1,8.500000,8,,9.328788e-02
PIK3CA->-ARID2 PIK3CA->-TP53 TP53->-ARID2,3,3,4.000000,4,,2.762502e-03
TP53->-ANKRD11,2,1,8.500000,8,,8.620348e-04
PIK3CA->-CDKN1B,2,1,8.500000,7,,6.969909e-01
MAP3K1->-KMT2C,2,1,8.500000,8,,5.502753e-01
MAP3K1->-KMT2C MAP3K1->-PIK3CA PIK3CA->-KMT2C,3,3,3.000000,3,,3.050582e-01
MAP3K1->-KMT2C PIK3CA->-KMT2C PIK3CA->-MAP3K1,3,3,2.000000,2,,5.987143e-01
KMT2C->-PIK3CA MAP3K1->-KMT2C MAP3K1->-PIK3CA,3,3,2.000000,2,,5.984447e-01
TBX3->-CDH1,2,1,8.466667,8,,9.535643e-01
CDH1->-PIK3CA TBX3->-CDH1 TBX3->-PIK3CA,3,3,3.500000,3,,3.285909e-01
PIK3CA->-PTPRD,2,1,8.403458,8,,1.360182e-03
TP53->-TSC2,2,1,8.359794,8,,1.271792e-02
ATM->-PIK3CA,2,1,8.251111,8,,6.179101e-01
TP53->-BRCA1,2,1,8.169400,7,,3.498638e-02
PIK3CA->-PTCH1,2,1,8.000000,8,,6.712775e-03
CDH1->-CREBBP,2,1,8.000000,8,,3.428083e-02
CDH1->-CREBBP CDH1->-PIK3CA PIK3CA->-CREBBP,3,3,4.000000,4,,1.099594e-02
RB1->-TP53,2,1,8.000000,8,,9.842593e-01
PIK3CA->-ZFHX3,2,1,8.000000,8,,2.285377e-01
CDH1->-AKT1,2,1,8.000000,8,,5.596228e-01
NCOR1->-TP53,2,1,8.000000,8,,9.657031e-01
NCOR1->-TP53 PIK3CA->-NCOR1 PIK3CA->-TP53,3,3,2.000000,2,,3.596246e-01
CDH1->-NCOR1 CDH1->-TP53 NCOR1->-TP53,3,3,2.000000,2,,3.581267e-01
RUNX1->-PIK3CA,2,1,8.000000,8,,9.772924e-01
TP53->-BAP1,2,1,8.000000,8,,6.105587e-03
RUNX1->-CDH1,2,1,8.000000,8,,9.079802e-01
CDH1->-PIK3CA RUNX1->-CDH1 RUNX1->-PIK3CA,3,3,2.000000,2,,5.145788e-01
PIK3CA->-CDH1 RUNX1->-CDH1 RUNX1->-PIK3CA,3,3,2.000000,2,,5.145788e-01
CBFB->-MAP3K1,2,1,8.000000,8,,3.889509e-02
CBFB->-MAP3K1 CBFB->-PIK3CA MAP3K1->-PIK3CA,3,3,6.000000,6,,2.061855e-04
CBFB->-GATA3 CBFB->-MAP3K1 MAP3K1->-GATA3,3,3,2.000000,2,,1.102431e-01
CDH1->-APC,2,1,8.000000,8,,2.742790e-03
CDH1->-BRCA2,2,1,8.000000,8,,7.132390e-02
CDH1->-BRCA2 TP53->-BRCA2 TP53->-CDH1,3,3,2.000000,2,,3.125677e-02
CDH1->-NF1,2,1,8.000000,8,,2.056711e-01
CDH1->-NF1 CDH1->-PIK3CA PIK3CA->-NF1,3,3,3.000000,3,,1.121703e-01
PTEN->-CDH1,2,1,8.000000,8,,5.639345e-01
CDH1->-TP53 PTEN->-CDH1 PTEN->-TP53,3,3,2.000000,2,,4.264509e-02
CDH1->-MAP3K1 CDH1->-NF1 NF1->-MAP3K1 PTEN->-CDH1 PTEN->-MAP3K1 PTEN->-NF1,4,6,2.000000,2,,1.251385e-03
KMT2C->-TP53,2,1,8.000000,8,,9.974981e-01
PTEN->-MAP3K1,2,1,8.000000,8,,4.569942e-02
PTEN->-MAP3K1 TP53->-MAP3K1 TP53->-PTEN,3,3,2.000000,2,,1.302910e-01
MAP3K1->-PIK3CA PTEN->-MAP3K1 PTEN->-PIK3CA,3,3,2.000000,2,,1.293408e-02
CDH1->-PTPRD,2,1,7.986220,7,,2.598369e-02
CDH1->-PTPRD CDH1->-TP53 TP53->-PTPRD,3,3,2.500000,2,,1.399134e-01
CDH1->-PTPRD TP53->-CDH1 TP53->-PTPRD,3,3,2.486220,2,,1.390531e-01
CDH1->-PIK3CA CDH1->-PTPRD PIK3CA->-PTPRD,3,3,2.000000,2,,1.057855e-01
CDH1->-PTPRD PIK3CA->-CDH1 PIK3CA->-PTPRD,3,3,2.000000,2,,1.065319e-01
PIK3CA->-PTPRS,2,1,7.680934,7,,1.144930e-01
PIK3CA->-PTPRS PIK3CA->-TP53 TP53->-PTPRS,3,3,3.000000,3,,5.404708e-03
PIK3CA->-ERBB2,2,1,7.666667,7,,7.731814e-01
CDH1->-ERBB2 CDH1->-PIK3CA PIK3CA->-ERBB2,3,3,4.000000,4,,5.294712e-02
TP53->-NOTCH1,2,1,7.664787,7,,7.040493e-03
PIK3CA->-DICER1,2,1,7.500000,7,,5.163676e-03
FOXA1->-MAP3K1,2,1,7.500000,7,,1.907085e-01
FOXA1->-MAP3K1 PIK3CA->-FOXA1 PIK3CA->-MAP3K1,3,3,3.000000,3,,1.187935e-01
CDH1->-FOXA1 CDH1->-MAP3K1 CDH1->-PIK3CA FOXA1->-MAP3K1 PIK3CA->-FOXA1 PIK3CA->-MAP3K1,4,6,2.000000,2,,5.063657e-03
FOXA1->-MAP3K1 FOXA1->-PIK3CA PIK3CA->-MAP3K1,3,3,2.000000,2,,3.676856e-01
FOXA1->-MAP3K1 TP53->-FOXA1 TP53->-MAP3K1,3,3,3.255208,3,,1.223747e-02
PIK3CA->-MGA,2,1,7.500000,7,,3.933243e-01
CTCF->-PIK3CA,2,1,7.326531,7,,1.528532e-01
CDH1->-SPEN,2,1,7.266667,7,,1.275940e-01
CDH1->-PIK3CA CDH1->-SPEN PIK3CA->-SPEN,3,3,2.000000,2,,7.357085e-02
MAP3K1->-ARID1A,2,1,7.000000,7,,8.812216e-02
MAP3K1->-ARID1A MAP3K1->-PIK3CA PIK3CA->-ARID1A,3,3,3.500000,3,,1.069387e-01
GATA3->-ARID1A MAP3K1->-ARID1A MAP3K1->-GATA3,3,3,3.000000,3,,4.629630e-03
GATA3->-ARID1A GATA3->-PIK3CA MAP3K1->-ARID1A MAP3K1->-GATA3 MAP3K1->-PIK3CA PIK3CA->-ARID1A,4,6,2.000000,2,,5.063657e-03
TP53->-KDM6A,2,1,7.000000,7,,3.631579e-02
PIK3CA->-BRCA2,2,1,7.000000,7,,1.255477e-01
CDH1->-BRCA2 CDH1->-PIK3CA CDH1->-TBX3 PIK3CA->-BRCA2 TBX3->-BRCA2 TBX3->-PIK3CA,4,6,2.000000,2,,7.957935e-04
CDH1->-EPHB1,2,1,7.000000,7,,2.526450e-03
CDH1->-EPHB1 CDH1->-TP53 TP53->-EPHB1,3,3,3.000000,3,,1.489856e-03
TP53->-GRIN2A,2,1,7.000000,7,,1.830507e-03
MAP2K4->-GATA3,2,1,7.000000,7,,4.214683e-02
MAP2K4->-GATA3 MAP2K4->-PIK3CA PIK3CA->-GATA3,3,3,2.000000,2,,3.537533e-02
GATA3->-TP53,2,1,7.000000,6,,9.848180e-01
TP53->-DNMT1,2,1,7.000000,7,,7.930161e-04
PIK3CA->-DNMT3A,2,1,7.000000,7,,1.893352e-02
GATA3->-SPEN,2,1,7.000000,7,,1.695676e-01
CBFB->-CDH1,2,1,7.000000,7,,8.662915e-01
CBFB->-CDH1 CBFB->-PIK3CA CDH1->-PIK3CA,3,3,2.000000,2,,4.201304e-01
PIK3CA->-MDC1,2,1,7.000000,7,,8.749690e-02
CDH1->-KMT2A,2,1,7.000000,7,,3.459826e-02
RB1->-PIK3CA,2,1,7.000000,7,,8.592867e-01
PIK3CA->-BCOR,2,1,7.000000,7,,8.678426e-02
CDH1->-KMT2D,2,1,7.000000,7,,1.509189e-02
CDH1->-KMT2D CDH1->-PIK3CA PIK3CA->-KMT2D,3,3,2.000000,2,,2.174059e-01
CDH1->-KMT2D PIK3CA->-CDH1 PIK3CA->-KMT2D,3,3,2.000000,2,,2.152386e-01
NCOR1->-GATA3,2,1,7.000000,7,,1.347065e-02
TP53->-PDGFRA,2,1,7.000000,7,,6.243752e-03
TP53->-MDC1,2,1,7.000000,7,,2.589507e-02
PIK3CA->-MDC1 PIK3CA->-TP53 TP53->-MDC1,3,3,3.000000,3,,2.670185e-02
TP53->-BCOR,2,1,7.000000,7,,1.138707e-03
PIK3CA->-BCOR PIK3CA->-PTEN PIK3CA->-TP53 PTEN->-BCOR TP53->-BCOR TP53->-PTEN,4,6,2.000000,2,,1.587471e-03
CDH1->-ERBB3,2,1,7.000000,7,,3.199141e-02
TP53->-PALB2,2,1,7.000000,7,,4.104268e-03
TP53->-INSR,2,1,7.000000,7,,3.352655e-03
TP53->-DDR2,2,1,7.000000,7,,4.628690e-03
TP53->-PIK3C2G,2,1,7.000000,7,,3.700506e-04
PIK3CA->-KDR,2,1,6.951220,6,,5.342421e-02
TP53->-SOX17,2,1,6.666667,6,,2.929066e-02
PTEN->-PIK3R1,2,1,6.666667,6,,8.113122e-02
PTEN->-PIK3R1 TP53->-PIK3R1 TP53->-PTEN,3,3,4.000000,4,,2.228133e-04
MAP2K4->-TP53,2,1,6.666667,6,,8.000442e-01
TP53->-PIK3CG,2,1,6.666667,6,,8.524420e-03
CDH1->-PTPRS,2,1,6.665753,6,,2.584454e-02
PIK3CA->-EPHA5,2,1,6.639344,6,,6.551677e-02
PIK3CA->-EPHA5 TP53->-EPHA5 TP53->-PIK3CA,3,3,2.639344,2,,9.542776e-02
PIK3CA->-PIK3C2G,2,1,6.611111,6,,3.219704e-02
PIK3CA->-PIK3C2G PIK3CA->-TP53 TP53->-PIK3C2G,3,3,2.000000,2,,7.755481e-02
PIK3CA->-ANKRD11,2,1,6.523810,5,,2.909123e-01
PIK3CA->-ANKRD11 TP53->-ANKRD11 TP53->-PIK3CA,3,3,3.023810,2,,3.527454e-02
PIK3CA->-ARID5B,2,1,6.500000,6,,5.156122e-02
PIK3CA->-ARID5B TP53->-ARID5B TP53->-PIK3CA,3,3,2.000000,2,,6.574157e-02
ANKRD11->-ARID5B,2,1,2.000000,2,,1.696165e-01
PIK3CA->-ARID5B PIK3CA->-TP53 TP53->-ARID5B,3,3,2.000000,2,,6.536941e-02
MAP3K1->-ERBB3,2,1,6.500000,6,,1.372659e-02
MAP3K1->-TBX3,2,1,6.500000,6,,1.261879e-01
MAP3K1->-PIK3CA MAP3K1->-TBX3 PIK3CA->-TBX3,3,3,2.500000,2,,1.878628e-01
PIK3CA->-RAD50,2,1,6.500000,6,,7.804961e-02
PIK3CA->-NSD1,2,1,6.500000,6,,1.754082e-01
TP53->-MTOR,2,1,6.500000,6,,3.189503e-02
ESR1->-ARID1A,2,1,6.500000,6,,1.228155e-01
ESR1->-ARID1A PIK3CA->-ARID1A PIK3CA->-ESR1,3,3,3.000000,3,,4.069649e-03
CDH1->-SETD2,2,1,6.500000,6,,4.652778e-02
BRCA1->-SETD2 CDH1->-BRCA1 CDH1->-SETD2 TP53->-BRCA1 TP53->-CDH1 TP53->-SETD2,4,6,2.000000,2,,1.636905e-03
CDKN1B->-PIK3CA,2,1,6.500000,6,,8.457341e-01
PIK3CA->-CARD11,2,1,6.500000,6,,2.975291e-02
APC->-ARID2 APC->-MGA MGA->-ARID2 PIK3CA->-APC PIK3CA->-ARID2 PIK3CA->-MGA PIK3CA->-TP53 TP53->-APC TP53->-ARID2 TP53->-MGA,5,10,2.000000,2,,1.093345e-04
APC->-KMT2D APC->-MGA MGA->-KMT2D PIK3CA->-APC PIK3CA->-KMT2D PIK3CA->-MGA PIK3CA->-TP53 TP53->-APC TP53->-KMT2D TP53->-MGA,5,10,2.000000,2,,1.173691e-04
APC->-ATR APC->-MGA MGA->-ATR PIK3CA->-APC PIK3CA->-ATR PIK3CA->-MGA PIK3CA->-TP53 TP53->-APC TP53->-ATR TP53->-MGA,5,10,2.000000,2,,1.115544e-04
APC->-CARD11 APC->-MGA MGA->-CARD11 PIK3CA->-APC PIK3CA->-CARD11 PIK3CA->-MGA PIK3CA->-TP53 TP53->-APC TP53->-CARD11 TP53->-MGA,5,10,2.000000,2,,1.130743e-04
CDH1->-FAT1,2,1,6.500000,6,,7.247871e-02
CDH1->-FAT1 CDH1->-PIK3CA PIK3CA->-FAT1,3,3,2.000000,2,,8.217436e-02
TP53->-MGA,2,1,6.500000,6,,4.486586e-02
PIK3CA->-MGA TP53->-MGA TP53->-PIK3CA,3,3,3.500000,3,,2.055242e-02
PIK3CA->-ROS1,2,1,6.500000,6,,1.426122e-01
PIK3CA->-AR,2,1,6.363636,6,,1.941572e-01
ATM->-GATA3,2,1,6.352140,6,,6.288754e-02
ATM->-GATA3 ATM->-PIK3CA GATA3->-PIK3CA,3,3,2.000000,2,,1.413707e-02
PIK3CA->-IGF1R,2,1,6.219844,5,,6.004421e-02
TP53->-IGF1R,2,1,6.166667,5,,2.030238e-02
PIK3CA->-IGF1R TP53->-IGF1R TP53->-PIK3CA,3,3,2.500000,2,,7.352410e-03
GATA3->-ESR1,2,1,6.166667,5,,9.642656e-01
PIK3CA->-PLK2,2,1,6.000000,5,,9.605745e-02
TP53->-RECQL4,2,1,6.000000,6,,1.681542e-02
TP53->-PIK3CB,2,1,6.000000,6,,2.675263e-03
CDH1->-RICTOR,2,1,6.000000,6,,1.015720e-02
CDH1->-PIK3CA CDH1->-RICTOR PIK3CA->-RICTOR,3,3,3.000000,3,,9.485452e-03
PIK3CA->-ERBB3,2,1,6.000000,6,,2.897292e-01
PIK3CA->-ERBB3 TP53->-ERBB3 TP53->-PIK3CA,3,3,2.000000,2,,5.488343e-02
MAP3K1->-ERBB3 MAP3K1->-PIK3CA PIK3CA->-ERBB3,3,3,2.000000,2,,1.624840e-01
TP53->-DNMT3A,2,1,6.000000,6,,8.873233e-02
TP53->-DOT1L,2,1,6.000000,6,,1.352638e-02
PIK3CA->-MTOR,2,1,6.000000,6,,2.052179e-02
PIK3CA->-MTOR PIK3CA->-TP53 TP53->-MTOR,3,3,2.500000,2,,8.086209e-03
KMT2C->-NCOR1,2,1,6.000000,6,,8.210100e-02
KMT2C->-NCOR1 PIK3CA->-KMT2C PIK3CA->-NCOR1,3,3,4.000000,4,,3.285399e-03
CDH1->-KMT2C CDH1->-NCOR1 KMT2C->-NCOR1,3,3,3.000000,3,,3.505641e-02
TP53->-RAD50,2,1,6.000000,6,,1.188211e-02
PIK3CA->-RAD50 TP53->-PIK3CA TP53->-RAD50,3,3,2.000000,2,,2.219927e-02
PIK3CA->-RAD50 PIK3CA->-TP53 TP53->-RAD50,3,3,2.000000,2,,2.252834e-02
TP53->-STK11,2,1,6.000000,6,,3.216902e-02
PIK3CA->-CIC,2,1,6.000000,6,,1.015684e-02
PIK3CA->-MST1R,2,1,6.000000,6,,9.358907e-04
PIK3CA->-FGFR2,2,1,6.000000,6,,2.784469e-02
PIK3CA->-EPHB1,2,1,6.000000,6,,4.271051e-02
PIK3CA->-EPHB1 TP53->-EPHB1 TP53->-PIK3CA,3,3,2.000000,2,,1.245511e-01
PIK3CA->-EPHB1 PIK3CA->-TP53 TP53->-EPHB1,3,3,2.000000,2,,1.245511e-01
ATRX->-EPHB1 PIK3CA->-ATRX PIK3CA->-EPHB1,3,3,2.000000,2,,2.431262e-02
HNF1A->-EPHB1,2,1,2.000000,2,,2.391975e-01
CDH1->-EPHB1 CDH1->-PIK3CA PIK3CA->-EPHB1,3,3,3.000000,3,,7.731312e-03
AKT1->-MAP3K1,2,1,6.000000,6,,2.322917e-02
ZFHX3->-PIK3CA,2,1,6.000000,6,,6.397419e-01
MAP3K1->-TP53,2,1,6.000000,6,,9.963978e-01
PIK3CA->-NUP93,2,1,6.000000,6,,3.546133e-02
GATA3->-KMT2C,2,1,6.000000,6,,8.020250e-01
TP53->-HNF1A,2,1,6.000000,6,,4.301015e-02
MGA->-PIK3CA,2,1,6.000000,5,,7.933966e-01
TP53->-KDR,2,1,6.000000,6,,9.648322e-02
PIK3CA->-KDR TP53->-KDR TP53->-PIK3CA,3,3,2.000000,2,,1.714564e-01
PIK3CA->-KDR PIK3CA->-TP53 TP53->-KDR,3,3,3.000000,3,,3.001771e-02
GATA3->-CDKN1B,2,1,6.000000,6,,1.227679e-02
CBFB->-TP53,2,1,6.000000,6,,8.574383e-02
CBFB->-PIK3CA CBFB->-TP53 TP53->-PIK3CA,3,3,3.000000,3,,1.743827e-02
CDH1->-PTCH1,2,1,6.000000,6,,5.891106e-02
CDH1->-PIK3CA CDH1->-PTCH1 PIK3CA->-PTCH1,3,3,2.000000,2,,1.209249e-01
ESR1->-CDH1,2,1,6.000000,6,,9.542701e-01
PIK3CA->-CBFB,2,1,6.000000,6,,9.999931e-01
TP53->-NOTCH3,2,1,6.000000,6,,2.201968e-02
PIK3CA->-APC,2,1,6.000000,6,,2.102736e-01
PIK3CA->-APC PIK3CA->-TP53 TP53->-APC,3,3,4.000000,4,,5.945657e-04
CDH1->-APC CDH1->-PIK3CA PIK3CA->-APC,3,3,2.000000,2,,1.113904e-01
ARID1A->-KMT2C,2,1,6.000000,6,,5.203821e-01
ARID1A->-KMT2C ARID1A->-NCOR1 KMT2C->-NCOR1 PIK3CA->-ARID1A PIK3CA->-KMT2C PIK3CA->-NCOR1,4,6,2.000000,2,,4.991319e-03
ARID1A->-KMT2C CDH1->-ARID1A CDH1->-KMT2C,3,3,2.000000,2,,5.407387e-02
CDH1->-FOXA1 CDH1->-KMT2C FOXA1->-KMT2C,3,3,2.000000,2,,7.357085e-02
ARID1A->-KMT2C ARID1A->-PIK3CA PIK3CA->-KMT2C,3,3,2.000000,2,,3.655623e-01
CDH1->-RB1,2,1,6.000000,6,,4.807358e-02
CDH1->-RB1 CDH1->-TP53 TP53->-RB1,3,3,2.000000,2,,8.024691e-02
CDH1->-RB1 TP53->-CDH1 TP53->-RB1,3,3,2.000000,2,,8.024691e-02
STK11->-PIK3CA,2,1,6.000000,6,,1.937116e-01
KMT2C->-FAT1,2,1,6.000000,6,,1.235685e-01
KMT2C->-FAT1 PIK3CA->-FAT1 PIK3CA->-KMT2C,3,3,2.000000,2,,1.531358e-01
NOTCH1->-PIK3CA,2,1,6.000000,6,,3.324399e-01
CDH1->-ATRX,2,1,6.000000,6,,2.317024e-02
TP53->-TP63,2,1,6.000000,6,,5.167331e-03
PIK3CA->-STAG2,2,1,6.000000,6,,5.077085e-01
PIK3CA->-STAG2 TP53->-PIK3CA TP53->-STAG2,3,3,2.000000,2,,5.196407e-02
CDH1->-PIK3CA CDH1->-STAG2 PIK3CA->-STAG2,3,3,2.000000,2,,1.052126e-01
PTEN->-ARID1A,2,1,6.000000,6,,1.697847e-02
TP53->-NBN,2,1,6.000000,6,,4.921316e-03
PIK3CA->-NOTCH1,2,1,6.000000,6,,3.339208e-01
PIK3CA->-NOTCH1 TP53->-NOTCH1 TP53->-PIK3CA,3,3,2.000000,2,,4.135381e-02
TP53->-RPTOR,2,1,6.000000,6,,8.356633e-03
PTEN->-SF3B1,2,1,5.904762,5,,3.193359e-01
PIK3CA->-SF3B1 PTEN->-PIK3CA PTEN->-SF3B1,3,3,2.000000,2,,8.854167e-02
PIK3CA->-ALK,2,1,5.900576,5,,1.658705e-01
PIK3CA->-RFWD2,2,1,5.863636,4,,4.183614e-01
TBX3->-TP53,2,1,5.750000,5,,9.199039e-01
TBX3->-PIK3CA TBX3->-TP53 TP53->-PIK3CA,3,3,2.000000,2,,2.429493e-01
CDH1->-RFWD2,2,1,5.727273,4,,3.820771e-01
PIK3CA->-BAP1,2,1,5.666667,5,,1.875000e-01
PIK3CA->-BAP1 PIK3CA->-TP53 TP53->-BAP1,3,3,2.000000,2,,2.777778e-02
PIK3CA->-TET1,2,1,5.666667,5,,2.612661e-01
TP53->-KDM5A,2,1,5.665753,5,,4.250237e-02
TP53->-JAK3,2,1,5.665753,5,,5.161777e-02
PIK3CA->-PARP1,2,1,5.500000,5,,4.491693e-02
PIK3CA->-ATRX,2,1,5.500000,5,,4.804411e-01
CDH1->-ATRX CDH1->-PIK3CA PIK3CA->-ATRX,3,3,3.000000,3,,1.523920e-02
STAG2->-PIK3CA,2,1,5.500000,5,,7.301953e-01
PIK3CA->-HIST1H1C,2,1,5.500000,5,,1.571592e-01
TP53->-TERT,2,1,5.500000,5,,1.059703e-01
ARID2->-GATA3,2,1,5.500000,5,,1.468750e-01
TP53->-MAP3K13,2,1,5.500000,5,,4.565942e-02
PIK3CA->-SETD2,2,1,5.500000,5,,4.880368e-01
ARID1A->-PIK3CA ARID1A->-SETD2 CDH1->-ARID1A CDH1->-PIK3CA CDH1->-SETD2 PIK3CA->-SETD2,4,6,2.000000,2,,5.063657e-03
KMT2C->-ARID1A,2,1,5.470588,5,,7.374975e-01
KMT2C->-ARID1A PIK3CA->-ARID1A PIK3CA->-KMT2C,3,3,2.000000,2,,3.683762e-01
KMT2C->-ARID1A KMT2C->-PIK3CA PIK3CA->-ARID1A,3,3,2.000000,2,,3.683957e-01
GATA3->-ARID1A KMT2C->-ARID1A KMT2C->-GATA3,3,3,2.000000,2,,2.777778e-02
PIK3CA->-EP300,2,1,5.451220,5,,3.659001e-01
TP53->-XPO1,2,1,5.359794,5,,3.179586e-02
MAP3K1->-NCOR1,2,1,5.333333,5,,3.764042e-01
MAP3K1->-NCOR1 MAP3K1->-PIK3CA NCOR1->-PIK3CA,3,3,2.000000,2,,2.297732e-01
PIK3CA->-TET2,2,1,5.333333,5,,3.619172e-01
TP53->-RFWD2,2,1,5.290698,4,,1.926349e-01
PIK3CA->-SMAD4,2,1,5.266667,4,,4.375661e-01
TP53->-PAK7,2,1,5.197406,4,,5.526129e-02
TP53->-ERBB4,2,1,5.000000,5,,2.849822e-02
TP53->-PBRM1,2,1,5.000000,5,,1.424294e-01
PIK3CA->-ERCC4,2,1,5.000000,5,,2.335577e-02
ARID2->-ARID1A,2,1,5.000000,5,,2.543155e-01
ARID2->-ARID1A TP53->-ARID1A TP53->-ARID2,3,3,2.000000,2,,7.198254e-02
EPHA5->-ARID1A,2,1,2.000000,2,,4.960317e-01
ERBB2->-TBX3,2,1,5.000000,5,,2.041772e-01
CDH1->-TBX3 ERBB2->-CDH1 ERBB2->-TBX3,3,3,2.000000,2,,1.206583e-01
MAP3K1->-NOTCH4,2,1,5.000000,5,,1.638356e-02
MAP3K1->-NOTCH4 TP53->-MAP3K1 TP53->-NOTCH4,3,3,2.000000,2,,8.182924e-03
MAP3K1->-NOTCH4 MAP3K1->-PIK3CA PIK3CA->-NOTCH4,3,3,2.000000,2,,9.153269e-02
MAP3K1->-NOTCH4 PIK3CA->-MAP3K1 PIK3CA->-NOTCH4,3,3,2.000000,2,,9.142853e-02
MEN1->-KMT2C,2,1,5.000000,5,,6.224645e-02
KMT2C->-GATA3 MEN1->-GATA3 MEN1->-KMT2C,3,3,2.000000,2,,2.777778e-02
TP53->-ERBB2,2,1,5.000000,5,,5.158445e-01
CDH1->-ERBB2 CDH1->-TP53 TP53->-ERBB2,3,3,2.000000,2,,2.319700e-01
ERBB2->-KMT2C,2,1,5.000000,5,,1.591862e-01
CDH1->-ERBB2 CDH1->-KMT2C ERBB2->-KMT2C,3,3,2.000000,2,,1.673711e-01
CDH1->-KMT2C ERBB2->-CDH1 ERBB2->-KMT2C,3,3,2.000000,2,,1.662535e-01
KMT2C->-PARP1 TP53->-KMT2C TP53->-PARP1,3,3,2.000000,2,,1.547423e-02
ERBB2->-KMT2C ERBB2->-PARP1 ERBB2->-PIK3CA KMT2C->-PARP1 PIK3CA->-KMT2C PIK3CA->-PARP1,4,6,2.000000,2,,7.853774e-04
TP53->-PARP1,2,1,5.000000,5,,1.254716e-02
PIK3CA->-PARP1 PIK3CA->-TP53 TP53->-PARP1,3,3,2.000000,2,,5.204623e-02
TP53->-AXIN2,2,1,5.000000,5,,2.050636e-03
TP53->-GLI1,2,1,5.000000,5,,4.197109e-03
NCOR1->-MED12,2,1,5.000000,5,,1.562976e-02
NCOR1->-MED12 TP53->-MED12 TP53->-NCOR1,3,3,3.000000,3,,5.250055e-03
NCOR1->-MED12 NCOR1->-PIK3CA PIK3CA->-MED12,3,3,2.000000,2,,5.753968e-02
PIK3CA->-BLM,2,1,5.000000,5,,6.387166e-02
KMT2C->-CDH1,2,1,5.000000,5,,9.997131e-01
TP53->-POLD1,2,1,5.000000,5,,3.002983e-03
AKT1->-NOTCH2,2,1,5.000000,5,,3.592231e-03
KMT2D->-PIK3CA,2,1,5.000000,5,,9.764535e-01
CDH1->-KMT2D CDH1->-PIK3CA KMT2D->-PIK3CA,3,3,2.000000,2,,2.147580e-01
AKT1->-KMT2C,2,1,5.000000,5,,1.720909e-01
AKT1->-KMT2C AKT1->-TP53 TP53->-KMT2C,3,3,2.400000,2,,2.777778e-02
ARID1B->-PIK3CA,2,1,5.000000,5,,1.925314e-01
ARID1B->-PIK3CA TP53->-ARID1B TP53->-PIK3CA,3,3,2.000000,2,,8.235191e-02
GPS2->-PIK3CA,2,1,5.000000,5,,2.292993e-01
CDH1->-NSD1,2,1,5.000000,5,,2.688746e-02
CDH1->-NSD1 CDH1->-TP53 TP53->-NSD1,3,3,2.000000,2,,2.777778e-02
CDH1->-FOXA1 CDH1->-NSD1 CDH1->-PIK3CA NSD1->-FOXA1 PIK3CA->-FOXA1 PIK3CA->-NSD1,4,6,2.000000,2,,1.736111e-03
CHEK2->-PIK3CA,2,1,5.000000,5,,8.237492e-02
GATA3->-EGFR,2,1,5.000000,5,,3.125000e-02
PIK3CA->-EGFR,2,1,5.000000,4,,2.041667e-01
GATA3->-EGFR GATA3->-PIK3CA PIK3CA->-EGFR,3,3,2.000000,2,,2.777778e-02
TP53->-EPHA7,2,1,5.000000,5,,3.486012e-02
SPEN->-PIK3CA,2,1,5.000000,4,,9.784227e-01
TP53->-BRD4,2,1,5.000000,5,,1.691617e-02
TP53->-TCF7L2,2,1,5.000000,5,,1.975110e-02
ESR1->-MAP3K1,2,1,5.000000,5,,4.903282e-01
ESR1->-MAP3K1 PIK3CA->-ESR1 PIK3CA->-MAP3K1,3,3,2.000000,2,,2.727930e-01
NF1->-PIK3R1,2,1,5.000000,5,,1.423026e-01
NF1->-PIK3R1 TP53->-NF1 TP53->-PIK3R1,3,3,2.000000,2,,8.482258e-02
NF1->-PIK3R1 PTEN->-NF1 PTEN->-PIK3R1,3,3,2.000000,2,,8.002112e-02
CREBBP->-KMT2C,2,1,5.000000,5,,5.445306e-02
CREBBP->-KMT2C TP53->-CREBBP TP53->-KMT2C,3,3,2.000000,2,,3.495871e-02
CREBBP->-KMT2C PIK3CA->-CREBBP PIK3CA->-KMT2C,3,3,3.000000,3,,1.998088e-02
CDH1->-CREBBP CDH1->-KMT2C CDH1->-PIK3CA CREBBP->-KMT2C PIK3CA->-CREBBP PIK3CA->-KMT2C,4,6,2.000000,2,,4.900584e-03
ARID1A->-CREBBP ARID1A->-KMT2C CREBBP->-KMT2C,3,3,2.000000,2,,1.600717e-02
CDH1->-IKZF1,2,1,5.000000,5,,1.562500e-02
GATA3->-TBX3,2,1,5.000000,5,,1.197608e-01
GATA3->-PIK3CA GATA3->-TBX3 TBX3->-PIK3CA,3,3,2.000000,2,,1.413464e-01
GATA3->-PIK3CA GATA3->-TBX3 PIK3CA->-TBX3,3,3,2.000000,2,,1.408539e-01
GATA3->-TBX3 MAP3K1->-GATA3 MAP3K1->-TBX3,3,3,2.000000,2,,9.556878e-02
CDH1->-MED12,2,1,5.000000,5,,8.265772e-02
CDH1->-MED12 PIK3CA->-CDH1 PIK3CA->-MED12,3,3,2.000000,2,,1.644227e-01
PIK3CA->-TERT,2,1,5.000000,5,,1.159039e-02
PIK3CA->-GRIN2A,2,1,5.000000,5,,1.314484e-01
FOXA1->-GATA3,2,1,5.000000,5,,4.498698e-01
FOXA1->-GATA3 FOXA1->-MAP3K1 MAP3K1->-GATA3,3,3,2.000000,2,,9.722222e-02
ERBB2->-TP53,2,1,5.000000,5,,5.145361e-01
ERBB2->-RUNX1,2,1,5.000000,5,,1.875000e-01
CDH1->-ERBB2 CDH1->-RUNX1 ERBB2->-RUNX1,3,3,2.000000,2,,1.480195e-01
TP53->-CEBPA,2,1,5.000000,5,,2.083333e-02
NCOR1->-RUNX1,2,1,5.000000,5,,3.632812e-01
NCOR1->-RUNX1 PIK3CA->-NCOR1 PIK3CA->-RUNX1,3,3,2.000000,2,,2.632245e-01
NCOR1->-PIK3CA NCOR1->-RUNX1 PIK3CA->-RUNX1,3,3,2.000000,2,,2.632245e-01
TP53->-JAK1,2,1,5.000000,5,,2.873765e-01
NCOR1->-CDH1,2,1,5.000000,5,,9.923574e-01
NCOR1->-CDH1 TP53->-CDH1 TP53->-NCOR1,3,3,2.000000,2,,3.581267e-01
CDH1->-RUNX1 NCOR1->-CDH1 NCOR1->-RUNX1,3,3,2.000000,2,,1.319444e-01
MAP2K4->-PTEN,2,1,5.000000,5,,2.654610e-01
TP53->-CIC,2,1,5.000000,5,,8.903885e-02
PIK3CA->-CIC TP53->-CIC TP53->-PIK3CA,3,3,2.000000,2,,6.746032e-02
TP53->-SMARCA4,2,1,5.000000,5,,1.747591e-01
PIK3CA->-KRAS,2,1,5.000000,5,,2.291892e-01
TP53->-PIK3R2,2,1,5.000000,5,,1.388889e-02
RUNX1->-TP53,2,1,5.000000,5,,9.789317e-01
PTPRS->-PIK3CA,2,1,5.000000,5,,4.990617e-01
PTPRS->-PIK3CA TP53->-PIK3CA TP53->-PTPRS,3,3,2.000000,2,,7.010081e-02
CDH1->-PIK3CA CDH1->-PTPRS PTPRS->-PIK3CA,3,3,2.000000,2,,3.899960e-02
TP53->-TET1,2,1,5.000000,5,,8.426339e-02
CBFB->-NCOR1,2,1,5.000000,5,,2.722222e-02
CBFB->-NCOR1 CBFB->-PIK3CA NCOR1->-PIK3CA,3,3,2.000000,2,,1.203704e-01
CBFB->-NCOR1 CBFB->-TP53 TP53->-NCOR1,3,3,2.000000,2,,1.092593e-01
CDH1->-DNMT1,2,1,5.000000,5,,3.125000e-02
CDH1->-XPO1,2,1,5.000000,5,,3.113678e-02
AKT1->-MAP2K4,2,1,5.000000,5,,9.077381e-02
PIK3CA->-GLI1,2,1,5.000000,5,,8.828622e-03
CBFB->-AKT1,2,1,5.000000,5,,2.715326e-01
PIK3CA->-BRIP1,2,1,5.000000,5,,3.850047e-02
ARID1A->-IKZF1,2,1,5.000000,5,,1.249313e-02
ARID1A->-IKZF1 ARID1A->-PIK3CA CDH1->-ARID1A CDH1->-IKZF1 CDH1->-PIK3CA IKZF1->-PIK3CA,4,6,2.000000,2,,1.736111e-03
TP53->-RAF1,2,1,5.000000,5,,2.372373e-03
TP53->-MET,2,1,5.000000,5,,4.734991e-03
CDH1->-STAG2,2,1,5.000000,5,,2.184578e-02
PIK3R1->-TP53,2,1,5.000000,5,,9.658926e-01
CDH1->-RAD50,2,1,5.000000,5,,1.904773e-02
CDH1->-PIK3CA CDH1->-RAD50 PIK3CA->-RAD50,3,3,2.000000,2,,5.433895e-02
CDH1->-RAD50 TP53->-CDH1 TP53->-RAD50,3,3,2.000000,2,,1.508258e-02
PTEN->-GRIN2A,2,1,5.000000,5,,1.151272e-02
PIK3CA->-GRIN2A PTEN->-GRIN2A PTEN->-PIK3CA,3,3,2.000000,2,,6.746032e-02
TP53->-IRF4,2,1,5.000000,5,,6.564047e-03
TP53->-TSC1,2,1,5.000000,5,,9.043916e-02
TP53->-ARAF,2,1,5.000000,5,,2.339640e-02
TP53->-TRAF2,2,1,5.000000,5,,9.428299e-03
TP53->-KIT,2,1,5.000000,5,,2.797484e-03
PIK3CA->-DNMT1,2,1,5.000000,5,,1.192128e-02
CDH1->-DNMT1 CDH1->-PIK3CA PIK3CA->-DNMT1,3,3,2.000000,2,,2.777778e-02
PIK3CA->-BRCA1,2,1,5.000000,4,,4.363027e-01
TP53->-FGFR4,2,1,5.000000,5,,2.618066e-03
KDM5C->-PIK3CA,2,1,4.888889,4,,6.925355e-01
CREBBP->-PIK3CA,2,1,4.810906,4,,9.271257e-01
CDH1->-AR,2,1,4.727273,4,,3.020455e-01
TP53->-HIST1H3B,2,1,4.666667,4,,9.986600e-02
TP53->-BRIP1,2,1,4.666667,4,,3.049250e-02
ARID1A->-CDH1,2,1,4.510499,4,,9.974242e-01
ARID1A->-CDH1 ARID1A->-PIK3CA CDH1->-PIK3CA,3,3,2.000000,2,,6.601042e-01
PIK3CA->-JAK3,2,1,4.500000,4,,2.524046e-01
MAP3K1->-ESR1,2,1,4.500000,4,,7.335235e-01
ESR1->-PIK3CA MAP3K1->-ESR1 MAP3K1->-PIK3CA,3,3,2.000000,2,,2.727930e-01
TP53->-PLK2,2,1,4.500000,4,,1.333790e-01
KMT2C->-TBX3,2,1,4.500000,4,,5.905430e-01
NF1->-CDH1,2,1,4.500000,4,,9.250812e-01
CDH1->-PIK3CA NF1->-CDH1 NF1->-PIK3CA,3,3,2.000000,2,,3.548241e-01
TET1->-ARID1A,2,1,4.500000,4,,1.105724e-01
PTEN->-RUNX1,2,1,4.500000,4,,1.223958e-01
CBFB->-ARID1A,2,1,4.500000,4,,1.255787e-01
PIK3CA->-NOTCH3,2,1,4.500000,4,,3.234356e-01
TP53->-AR,2,1,4.500000,4,,1.158482e-01
PIK3CA->-AR PIK3CA->-TP53 TP53->-AR,3,3,2.500000,2,,4.629630e-02
MEN1->-ARID1A,2,1,4.500000,4,,1.335727e-01
KMT2C->-ARID1A MEN1->-ARID1A MEN1->-KMT2C,3,3,2.000000,2,,7.357085e-02
CDH1->-POLE,2,1,4.500000,4,,1.458333e-01
TP53->-PTCH1,2,1,4.500000,4,,2.865667e-01
PIK3CA->-PTCH1 PIK3CA->-TP53 TP53->-PTCH1,3,3,2.000000,2,,1.178416e-01
ARID1A->-FAT1,2,1,4.500000,4,,1.199340e-01
TP53->-INPP4B,2,1,4.500000,4,,1.006520e-01
PIK3CA->-PIK3CG,2,1,4.500000,4,,2.983842e-01
ARID1A->-GRIN2A,2,1,4.470588,4,,5.074233e-02
ZFHX3->-CDH1,2,1,4.466667,4,,2.759791e-01
CDH1->-PIK3CA ZFHX3->-CDH1 ZFHX3->-PIK3CA,3,3,4.000000,4,,2.495235e-03
PIK3CA->-PAK7,2,1,4.400576,4,,1.780325e-01
TP53->-JAK2,2,1,4.351585,4,,3.870393e-02
RHOA->-PIK3CA,2,1,4.333333,4,,2.262837e-01
PIK3CA->-EZH2,2,1,4.277778,4,,1.135943e-01
KMT2C->-BRCA2,2,1,4.276923,4,,4.710067e-01
TP53->-AXIN1,2,1,4.230769,4,,7.672977e-02
TP53->-IKZF1,2,1,4.189903,3,,1.986864e-01
ERBB3->-PIK3CA,2,1,4.173469,3,,9.133996e-01
ERBB3->-PIK3CA MAP3K1->-ERBB3 MAP3K1->-PIK3CA,3,3,3.000000,3,,2.508925e-02
ESR1->-FAT1,2,1,4.067873,3,,4.494809e-01
PIK3CA->-NF2,2,1,4.000000,4,,2.434582e-02
FOXA1->-KMT2C,2,1,4.000000,4,,1.428367e-01
FOXA1->-KMT2C PIK3CA->-FOXA1 PIK3CA->-KMT2C,3,3,3.000000,3,,1.968199e-02
FOXA1->-KMT2C TP53->-FOXA1 TP53->-KMT2C,3,3,2.000000,2,,2.884022e-02
TP53->-IRS2,2,1,4.000000,4,,9.695581e-02
TP53->-CDK8,2,1,4.000000,4,,3.457850e-02
TP53->-IFNGR1,2,1,4.000000,4,,1.656536e-02
PIK3CA->-BARD1,2,1,4.000000,4,,1.313016e-01
PIK3CA->-BARD1 TP53->-BARD1 TP53->-PIK3CA,3,3,2.000000,2,,3.788941e-02
CDH1->-SMO,2,1,4.000000,4,,1.668488e-02
PIK3CA->-YES1,2,1,4.000000,4,,1.704740e-02
CDH1->-MTOR,2,1,4.000000,4,,3.831320e-01
CDH1->-MTOR CDH1->-PIK3CA PIK3CA->-MTOR,3,3,2.000000,2,,6.257484e-02
TP53->-TRAF7,2,1,4.000000,4,,7.242905e-02
TP53->-KLF4,2,1,4.000000,4,,2.363174e-01
FAT1->-PIK3CA,2,1,4.000000,4,,9.992622e-01
CDH1->-KDR,2,1,4.000000,4,,5.765337e-02
PIK3CA->-CDKN2A,2,1,4.000000,4,,1.028977e-01
PIK3CA->-CDKN2A TP53->-CDKN2A TP53->-PIK3CA,3,3,2.000000,2,,5.263463e-02
TP53->-MAP2K1,2,1,4.000000,4,,1.697531e-02
CDH1->-CTCF,2,1,4.000000,4,,1.157942e-01
TP53->-GSK3B,2,1,4.000000,4,,7.117257e-03
CDH1->-JUN,2,1,4.000000,4,,4.563265e-02
CDH1->-SMAD4,2,1,4.000000,4,,3.275051e-01
CDH1->-TET2,2,1,4.000000,4,,5.119048e-02
ERBB4->-GATA3,2,1,4.000000,4,,5.000000e-02
SETD2->-PIK3CA,2,1,4.000000,4,,7.319432e-01
CDH1->-PIK3CA CDH1->-SETD2 SETD2->-PIK3CA,3,3,2.000000,2,,1.495260e-01
FAT1->-RICTOR,2,1,4.000000,4,,1.216066e-01
FAT1->-PIK3CA FAT1->-RICTOR PIK3CA->-RICTOR,3,3,2.000000,2,,7.680505e-02
TET1->-FAT1,2,1,4.000000,4,,2.781608e-01
PIK3CA->-FAT1 PIK3CA->-TET1 TET1->-FAT1,3,3,2.000000,2,,1.209311e-01
NCOR1->-FAT1 NCOR1->-TET1 TET1->-FAT1,3,3,2.000000,2,,2.729045e-02
PIK3CA->-FAT1 PIK3CA->-RB1 RB1->-FAT1,3,3,2.000000,2,,1.309292e-01
TET1->-FAT1 TP53->-FAT1 TP53->-TET1,3,3,2.000000,2,,4.596561e-02
ARID1A->-FAT1 TET1->-ARID1A TET1->-FAT1,3,3,2.000000,2,,9.020714e-03
KMT2A->-GATA3,2,1,4.000000,4,,1.875000e-01
TP53->-EZH2,2,1,4.000000,4,,1.250000e-01
PIK3CA->-EZH2 PIK3CA->-TP53 TP53->-EZH2,3,3,2.000000,2,,7.407407e-02
PIK3CA->-FOXP1,2,1,4.000000,4,,3.618195e-01
NCOR1->-RB1,2,1,4.000000,4,,1.991187e-01
NCOR1->-PIK3CA NCOR1->-RB1 PIK3CA->-RB1,3,3,2.000000,2,,7.326186e-02
PIK3CA->-HIST1H3I,2,1,4.000000,4,,1.691632e-01
EPHA7->-PIK3CA,2,1,4.000000,4,,1.013162e-01
EPHA7->-PIK3CA TP53->-EPHA7 TP53->-PIK3CA,3,3,2.000000,2,,6.133671e-03
NF1->-KMT2C,2,1,4.000000,4,,2.758595e-01
MEN1->-SPEN,2,1,4.000000,4,,6.227355e-02
GATA3->-SPEN MEN1->-GATA3 MEN1->-SPEN,3,3,2.000000,2,,7.407407e-02
STAG2->-GATA3,2,1,4.000000,4,,1.755952e-01
SMARCA4->-PIK3CA,2,1,4.000000,4,,5.746099e-01
KMT2C->-ESR1,2,1,4.000000,4,,3.854988e-02
PTEN->-GATA3,2,1,4.000000,3,,6.963529e-01
FOXA1->-TP53,2,1,4.000000,4,,9.473988e-01
PTEN->-ATR,2,1,4.000000,4,,5.004319e-02
PTEN->-ATR TP53->-ATR TP53->-PTEN,3,3,3.000000,3,,4.294177e-03
PIK3CA->-ATR PIK3CA->-PTEN PTEN->-ATR,3,3,2.000000,2,,5.574694e-02
MGA->-ATR MGA->-PTEN PTEN->-ATR,3,3,2.000000,2,,1.705041e-02
MGA->-PTPRT,2,1,2.000000,2,,2.020975e-01
ATR->-NCOR1,2,1,4.000000,4,,6.190476e-02
ATR->-NCOR1 TP53->-ATR TP53->-NCOR1,3,3,2.000000,2,,2.698413e-02
ATR->-NCOR1 PIK3CA->-ATR PIK3CA->-NCOR1,3,3,2.000000,2,,2.777778e-02
ATR->-EP300 PIK3CA->-ATR PIK3CA->-EP300,3,3,2.000000,2,,2.777778e-02
MAP3K1->-NSD1,2,1,4.000000,4,,4.454575e-01
MAP3K1->-NSD1 TP53->-MAP3K1 TP53->-NSD1,3,3,2.000000,2,,7.275132e-02
CDH1->-MAP3K1 CDH1->-NSD1 MAP3K1->-NSD1,3,3,2.000000,2,,1.195790e-01
NF1->-MAP3K1,2,1,4.000000,4,,3.204908e-01
NF1->-MAP3K1 TP53->-MAP3K1 TP53->-NF1,3,3,3.000000,3,,1.587302e-02
NF1->-MAP3K1 PTEN->-MAP3K1 PTEN->-NF1,3,3,3.000000,3,,3.536381e-03
NF1->-MED12,2,1,4.000000,4,,1.689425e-01
NF1->-MED12 TP53->-MED12 TP53->-NF1,3,3,2.000000,2,,7.275132e-02
TP53->-PRDM1,2,1,4.000000,4,,4.539683e-02
TP53->-CTCF,2,1,4.000000,4,,1.750962e-01
ERBB2->-MAP3K1,2,1,4.000000,3,,5.067333e-01
PTEN->-ARID1B,2,1,4.000000,4,,1.668200e-01
CDH1->-RHOA,2,1,4.000000,4,,2.512755e-01
CDH1->-PIK3CA CDH1->-RHOA RHOA->-PIK3CA,3,3,2.000000,2,,5.753968e-02
CDH1->-FGFR4,2,1,4.000000,4,,8.981530e-02
GATA3->-NSD1,2,1,4.000000,4,,5.833333e-02
MAP3K1->-CDH1,2,1,4.000000,4,,9.994877e-01
MAP3K1->-CDH1 MAP3K1->-PIK3CA PIK3CA->-CDH1,3,3,2.000000,2,,7.193540e-01
GATA3->-MED12,2,1,4.000000,4,,4.563492e-02
PIK3CA->-TSHR,2,1,4.000000,4,,2.083333e-02
TP53->-GATA2,2,1,4.000000,4,,1.804953e-01
FOXA1->-CDH1,2,1,4.000000,4,,9.993648e-01
PIK3CA->-PMS1,2,1,4.000000,4,,4.583333e-02
NF1->-ERBB3,2,1,4.000000,4,,6.250000e-02
NF1->-ERBB3 NF1->-TP53 TP53->-ERBB3,3,3,2.000000,2,,7.407407e-02
CDH1->-JAK2,2,1,4.000000,4,,3.125000e-02
CDH1->-JAK2 TP53->-CDH1 TP53->-JAK2,3,3,2.000000,2,,2.777778e-02
PIK3CA->-INSR,2,1,4.000000,4,,1.336854e-01
PIK3CA->-INSR PIK3CA->-TP53 TP53->-INSR,3,3,2.000000,2,,5.055556e-02
ERBB2->-FOXA1,2,1,4.000000,4,,3.002976e-01
ERBB2->-FOXA1 ERBB2->-MAP3K1 FOXA1->-MAP3K1,3,3,2.000000,2,,1.736111e-02
TP53->-JUN,2,1,4.000000,4,,6.190476e-02
TP53->-FGFR2,2,1,4.000000,4,,4.084321e-02
MAP2K4->-NCOR1,2,1,4.000000,4,,6.026290e-01
GATA3->-PDGFRA,2,1,4.000000,4,,1.512500e-01
PIK3CA->-DNMT3B,2,1,4.000000,4,,1.627867e-01
PIK3CA->-PIK3CB,2,1,4.000000,4,,2.040610e-01
PIK3CA->-PIK3CB PIK3CA->-TP53 TP53->-PIK3CB,3,3,2.000000,2,,1.746032e-02
MDC1->-PIK3CB PIK3CA->-MDC1 PIK3CA->-PIK3CB,3,3,2.000000,2,,1.746032e-02
SPOP->-PIK3CA,2,1,4.000000,4,,1.552083e-01
PIK3CA->-INPP4A,2,1,4.000000,4,,1.875000e-01
CDH1->-NOTCH4,2,1,4.000000,4,,6.181566e-02
CDH1->-NOTCH4 CDH1->-PIK3CA PIK3CA->-NOTCH4,3,3,2.000000,2,,7.357085e-02
NF1->-FOXA1,2,1,4.000000,4,,6.250000e-02
NF1->-FOXA1 NF1->-PIK3CA PIK3CA->-FOXA1,3,3,2.000000,2,,7.407407e-02
NF1->-FOXA1 TP53->-FOXA1 TP53->-NF1,3,3,2.000000,2,,7.407407e-02
NCOR1->-MAP2K4,2,1,4.000000,4,,6.026290e-01
MAP2K4->-PIK3CA NCOR1->-MAP2K4 NCOR1->-PIK3CA,3,3,2.000000,2,,1.012007e-01
SOX9->-PTCH1,2,1,4.000000,4,,6.038647e-02
APC->-KMT2D,2,1,4.000000,4,,1.687773e-01
APC->-KMT2D TP53->-APC TP53->-KMT2D,3,3,3.000000,3,,1.316994e-02
GATA3->-CREBBP,2,1,4.000000,3,,2.329909e-01
CREBBP->-MAP3K1 GATA3->-CREBBP GATA3->-MAP3K1 GATA3->-PIK3CA PIK3CA->-CREBBP PIK3CA->-MAP3K1,4,6,2.000000,2,,1.736111e-03
JAK1->-PIK3CA,2,1,4.000000,4,,3.652936e-01
TP53->-EPCAM,2,1,4.000000,4,,1.333603e-01
CDH1->-ANKRD11,2,1,4.000000,4,,2.361998e-01
PIK3CA->-MSH6,2,1,4.000000,4,,3.432292e-01
TBX3->-RUNX1,2,1,4.000000,4,,3.437500e-01
NF1->-ATM,2,1,4.000000,4,,5.357143e-02
NF1->-ATM NF1->-PIK3CA PIK3CA->-ATM,3,3,2.000000,2,,2.777778e-02
KMT2C->-TSC2,2,1,4.000000,4,,2.053872e-01
TP53->-AURKA,2,1,4.000000,4,,1.581101e-02
PIK3CA->-IKBKE,2,1,4.000000,4,,1.107817e-01
GATA3->-CBFB,2,1,4.000000,4,,9.997436e-01
GATA3->-FOXA1,2,1,4.000000,4,,7.054427e-01
GATA3->-FOXA1 PIK3CA->-FOXA1 PIK3CA->-GATA3,3,3,2.000000,2,,2.230367e-01
MGA->-ATR,2,1,4.000000,4,,5.035596e-02
MGA->-ATR MGA->-PIK3CA PIK3CA->-ATR,3,3,2.000000,2,,1.083178e-01
PIK3CA->-KDM5C,2,1,4.000000,4,,6.911811e-01
TP53->-CDKN1A,2,1,4.000000,4,,9.857138e-02
GATA3->-SF3B1,2,1,4.000000,4,,4.665179e-01
GATA3->-SF3B1 PIK3CA->-GATA3 PIK3CA->-SF3B1,3,3,2.000000,2,,5.671296e-02
TBX3->-KMT2C,2,1,4.000000,4,,5.915740e-01
TBX3->-KMT2C TP53->-KMT2C TP53->-TBX3,3,3,2.000000,2,,2.899299e-02
CDH1->-RASA1,2,1,4.000000,4,,1.547906e-01
TP53->-SDHB,2,1,4.000000,4,,3.149579e-01
TP53->-REL,2,1,4.000000,4,,2.089271e-02
TP53->-SMAD2,2,1,4.000000,4,,1.130593e-01
GATA3->-FLT3,2,1,4.000000,3,,3.327601e-01
GATA3->-POLE,2,1,4.000000,3,,3.782856e-01
TP53->-DAXX,2,1,4.000000,4,,1.763766e-02
CDH1->-PARP1,2,1,4.000000,4,,1.022458e-01
CDH1->-ARID5B,2,1,4.000000,4,,4.218027e-02
CDH1->-ARID5B CDH1->-PIK3CA PIK3CA->-ARID5B,3,3,3.000000,3,,1.054806e-02
TP53->-RBM10,2,1,4.000000,4,,1.396180e-02
PTEN->-ATRX,2,1,4.000000,4,,1.247585e-01
PTEN->-ATRX TP53->-ATRX TP53->-PTEN,3,3,2.000000,2,,8.955919e-02
PTEN->-TBX3,2,1,4.000000,4,,3.237338e-02
TP53->-PIM1,2,1,4.000000,4,,7.914155e-03
MAP3K1->-ARID2,2,1,4.000000,4,,1.929279e-02
ERBB2->-ERBB3,2,1,4.000000,4,,1.936153e-02
CDH1->-ERBB3 ERBB2->-CDH1 ERBB2->-ERBB3,3,3,2.000000,2,,7.407407e-02
KMT2C->-PTCH1,2,1,4.000000,4,,1.480565e-01
CDH1->-KMT2A CDH1->-KMT2C CDH1->-PTCH1 KMT2C->-KMT2A KMT2C->-PTCH1 PTCH1->-KMT2A,4,6,2.000000,2,,1.623441e-03
KMT2C->-PARP1,2,1,4.000000,4,,3.759378e-02
CDH1->-KMT2C CDH1->-PARP1 KMT2C->-PARP1,3,3,2.000000,2,,4.549003e-02
CDH1->-PARP1 CDH1->-RAD50 RAD50->-PARP1,3,3,2.000000,2,,1.208017e-02
CDH1->-DNMT3A,2,1,4.000000,4,,1.490800e-01
CDH1->-DNMT3A CDH1->-PIK3CA PIK3CA->-DNMT3A,3,3,2.000000,2,,5.424173e-02
CDH1->-DNMT3A TP53->-CDH1 TP53->-DNMT3A,3,3,2.000000,2,,1.462427e-02
BRCA2->-KMT2C,2,1,4.000000,4,,4.711932e-01
PIK3CA->-PALB2,2,1,4.000000,4,,1.537297e-01
TP53->-NF2,2,1,4.000000,4,,2.255128e-02
PTEN->-SETD2,2,1,4.000000,4,,8.174327e-02
PIK3CA->-HNF1A,2,1,4.000000,4,,1.077501e-01
MAP3K1->-FOXA1,2,1,4.000000,4,,8.260806e-01
MAP3K1->-FOXA1 MAP3K1->-PIK3CA PIK3CA->-FOXA1,3,3,3.000000,3,,1.186221e-01
MAP3K1->-DICER1,2,1,4.000000,4,,2.439253e-02
MAP3K1->-CDKN1B,2,1,4.000000,4,,2.891058e-01
PIK3CA->-IKZF1,2,1,4.000000,3,,6.588911e-01
TP53->-MSH6,2,1,4.000000,4,,1.029063e-01
SPEN->-GATA3,2,1,3.852140,3,,9.320497e-01
TP53->-AXL,2,1,3.669400,3,,1.592504e-01
TP53->-SMO,2,1,3.666667,3,,2.429326e-01
NF1->-TET2,2,1,3.666667,3,,1.837491e-01
NF1->-TET2 TP53->-NF1 TP53->-TET2,3,3,2.000000,2,,1.587302e-02
TP53->-NTRK1,2,1,3.666667,3,,4.152292e-02
PTEN->-MED12,2,1,3.666667,3,,1.238012e-01
NF1->-MED12 PTEN->-MED12 PTEN->-NF1,3,3,2.000000,2,,2.121829e-02
NF1->-NSD1 PTEN->-NF1 PTEN->-NSD1,3,3,2.000000,2,,2.121829e-02
CDH1->-JAK3,2,1,3.665753,3,,1.400605e-01
CDH1->-JAK3 CDH1->-PIK3CA PIK3CA->-JAK3,3,3,2.000000,2,,1.388889e-02
MAP2K4->-JAK3,2,1,3.665753,3,,1.529217e-01
PIK3CA->-PDGFRA,2,1,3.611111,3,,6.551220e-01
ARID1A->-KMT2D,2,1,3.545455,3,,5.593524e-01
ARID1A->-KMT2D PIK3CA->-ARID1A PIK3CA->-KMT2D,3,3,2.000000,2,,7.198254e-02
TP53->-PMS1,2,1,3.505208,3,,9.538967e-02
PIK3CA->-BRD4,2,1,3.500000,3,,1.606352e-01
MAP3K1->-MED12,2,1,3.500000,3,,1.693260e-01
MAP3K1->-MED12 PTEN->-MAP3K1 PTEN->-MED12,3,3,2.500000,2,,2.861969e-02
TP53->-E2F3,2,1,3.500000,3,,5.785167e-02
PIK3CA->-RECQL4,2,1,3.500000,3,,5.019894e-01
PIK3CA->-PPP2R1A,2,1,3.500000,3,,4.273325e-01
TP53->-DICER1,2,1,3.500000,3,,5.623187e-02
PIK3CA->-DICER1 TP53->-DICER1 TP53->-PIK3CA,3,3,2.000000,2,,1.021762e-03
ARID1B->-TP53,2,1,3.500000,3,,9.670739e-01
KMT2D->-KMT2C,2,1,3.500000,3,,6.734981e-01
PIK3CA->-TSC2,2,1,3.500000,3,,7.024077e-01
PIK3CA->-RPS6KB2,2,1,3.500000,3,,1.612101e-01
SMO->-PIK3CA,2,1,3.500000,3,,5.769555e-01
CDH1->-ALK,2,1,3.500000,3,,2.077899e-01
CDH1->-ALK CDH1->-PIK3CA PIK3CA->-ALK,3,3,2.000000,2,,2.198068e-02
CDH1->-ALK CDH1->-FOXA1 FOXA1->-ALK,3,3,2.000000,2,,2.198068e-02
PIK3CA->-SMARCA4,2,1,3.500000,3,,8.171057e-01
CDH1->-EGFR,2,1,3.500000,3,,3.875000e-01
CDH1->-EGFR CDH1->-PIK3CA PIK3CA->-EGFR,3,3,2.250000,2,,2.777778e-02
TP53->-IRS1,2,1,3.500000,3,,1.672291e-01
MAP3K1->-ATR,2,1,3.500000,3,,2.250627e-01
FOXA1->-KMT2D,2,1,3.500000,3,,3.906250e-01
CDH1->-PAK7,2,1,3.500000,3,,1.945744e-01
CDH1->-PAK7 CDH1->-TP53 TP53->-PAK7,3,3,2.000000,2,,2.896299e-02
CDH1->-PAK7 CDH1->-PIK3CA PIK3CA->-PAK7,3,3,2.000000,2,,6.920142e-02
ZFHX3->-KMT2C,2,1,3.500000,3,,4.171873e-01
KMT2C->-PIK3CA ZFHX3->-KMT2C ZFHX3->-PIK3CA,3,3,2.000000,2,,8.574293e-02
CDH1->-DNMT3B,2,1,3.500000,3,,2.493961e-01
CDH1->-DNMT3B CDH1->-PIK3CA PIK3CA->-DNMT3B,3,3,2.000000,2,,2.747585e-02
ARID1A->-TP53,2,1,3.500000,3,,9.985849e-01
RUNX1->-FOXA1,2,1,3.500000,3,,4.979167e-01
CDH1->-FOXA1 CDH1->-RUNX1 RUNX1->-FOXA1,3,3,2.000000,2,,1.319444e-01
RB1->-KMT2C,2,1,3.500000,3,,4.066965e-01
KMT2C->-PIK3CA RB1->-KMT2C RB1->-PIK3CA,3,3,2.000000,2,,7.407407e-02
KMT2A->-PIK3CA,2,1,3.500000,3,,9.825866e-01
TP53->-RASA1,2,1,3.500000,3,,3.466435e-01
FOXA1->-ESR1,2,1,3.500000,3,,3.069948e-01
FOXA1->-TBX3,2,1,3.500000,3,,6.119517e-01
FOXA1->-TBX3 PIK3CA->-FOXA1 PIK3CA->-TBX3,3,3,2.000000,2,,7.407407e-02
ARID1A->-FLT3,2,1,3.500000,3,,3.509700e-01
CDH1->-ATR,2,1,3.500000,3,,1.505866e-01
CDH1->-ATR CDH1->-PIK3CA PIK3CA->-ATR,3,3,2.500000,2,,5.190290e-02
BRCA2->-CDH1,2,1,3.500000,3,,9.431026e-01
TP53->-EGFR,2,1,3.500000,3,,8.138015e-02
TP53->-MEN1,2,1,3.500000,3,,3.208448e-01
GATA3->-PIK3R2,2,1,3.500000,3,,1.503092e-01
PIK3CA->-IRS1,2,1,3.500000,3,,5.727609e-01
APC->-PIK3CA,2,1,3.500000,3,,8.781514e-01
APC->-PIK3CA CDH1->-APC CDH1->-PIK3CA,3,3,2.000000,2,,1.113904e-01
KMT2C->-MED12,2,1,3.500000,3,,1.430323e-01
PIK3CA->-FGFR4,2,1,3.500000,2,,9.193883e-01
KMT2C->-KMT2A,2,1,3.500000,3,,3.367937e-01
TP53->-PAK1,2,1,3.500000,3,,3.907624e-02
NCOR1->-MAP3K1,2,1,3.499684,3,,8.556709e-01
NCOR1->-MAP3K1 TP53->-MAP3K1 TP53->-NCOR1,3,3,2.000000,2,,7.414404e-02
MAP3K1->-PIK3CA NCOR1->-MAP3K1 NCOR1->-PIK3CA,3,3,2.000000,2,,2.297732e-01
PTPRS->-MAP3K1,2,1,3.499684,3,,2.031850e-01
KMT2C->-ERBB3,2,1,3.492958,3,,4.686975e-01
PIK3CA->-RNF43,2,1,3.435159,3,,1.225909e-01
TP53->-ERCC4,2,1,3.400000,3,,9.345003e-02
NOTCH2->-PIK3CA,2,1,3.400000,3,,5.071429e-01
BRCA2->-PIK3CA,2,1,3.357143,3,,9.153078e-01
SPEN->-ARID2,2,1,3.347826,3,,2.222199e-01
SPEN->-ARID2 TP53->-ARID2 TP53->-SPEN,3,3,2.347826,2,,3.479693e-02
GATA3->-ERBB3,2,1,3.274854,3,,3.130578e-01
RECQL4->-PIK3CA,2,1,3.251111,3,,4.990089e-01
TP53->-HGF,2,1,3.000000,3,,4.690014e-02
ATM->-KMT2C,2,1,3.000000,3,,3.427208e-01
TP53->-RHOA,2,1,3.000000,3,,2.815278e-01
IRS2->-CARD11,2,1,3.000000,3,,3.702426e-02
IRS2->-CARD11 TP53->-CARD11 TP53->-IRS2,3,3,2.000000,2,,2.203131e-02
PIK3CA->-EIF4A2,2,1,3.000000,3,,2.060180e-01
PIK3CA->-AMER1,2,1,3.000000,3,,2.261737e-01
PIK3CA->-JAK1,2,1,3.000000,3,,6.717892e-01
PIK3CA->-PIK3C3,2,1,3.000000,3,,6.455106e-02
PIK3CA->-SOX2,2,1,3.000000,3,,1.428917e-02
PIK3CA->-ARAF,2,1,3.000000,3,,2.407950e-01
PIK3CA->-ARAF PIK3CA->-TP53 TP53->-ARAF,3,3,2.000000,2,,4.150626e-02
TP53->-IDH1,2,1,3.000000,3,,3.225183e-02
TP53->-CDK12,2,1,3.000000,3,,2.504942e-01
CDH1->-PIK3CG,2,1,3.000000,3,,2.195015e-01
PIK3CA->-SMO,2,1,3.000000,3,,5.777860e-01
CDH1->-PIK3CA CDH1->-SMO PIK3CA->-SMO,3,3,2.000000,2,,3.629653e-02
TP53->-HIST1H1C,2,1,3.000000,3,,6.933558e-02
NCOR1->-PTEN,2,1,3.000000,3,,3.980128e-01
TP53->-MYCN,2,1,3.000000,3,,5.065997e-02
TP53->-FOXP1,2,1,3.000000,3,,1.867708e-01
STK11->-EP300,2,1,3.000000,3,,2.629269e-01
STK11->-EP300 TP53->-EP300 TP53->-STK11,3,3,2.000000,2,,9.337751e-02
BRCA1->-TET2,2,1,3.000000,3,,1.116650e-01
TP53->-RAD21,2,1,3.000000,3,,1.468791e-02
PIK3CA->-FH,2,1,3.000000,3,,1.718750e-01
CDKN2A->-TP53,2,1,3.000000,3,,9.818085e-01
TP53->-H3F3C,2,1,3.000000,3,,3.672674e-02
NF1->-NCOR1,2,1,3.000000,3,,4.375154e-01
CDH1->-LATS1,2,1,3.000000,3,,7.458377e-02
MAP2K4->-CDH1,2,1,3.000000,3,,9.345926e-01
TP53->-DNMT3B,2,1,3.000000,3,,5.654762e-02
NF1->-APC,2,1,3.000000,3,,3.481377e-01
TET2->-PIK3CA,2,1,3.000000,3,,8.457713e-01
TP53->-ERG,2,1,3.000000,3,,4.077241e-02
TP53->-KDM5C,2,1,3.000000,3,,5.371614e-01
FAT1->-TP53,2,1,3.000000,3,,9.979772e-01
MAP2K4->-APC,2,1,3.000000,3,,5.733333e-02
RAD52->-TP53,2,1,3.000000,3,,1.937682e-01
MAP2K4->-TET2,2,1,3.000000,3,,7.800454e-02
CDH1->-TET2 MAP2K4->-CDH1 MAP2K4->-TET2,3,3,2.000000,2,,1.819292e-02
CDH1->-MTOR MAP2K4->-CDH1 MAP2K4->-MTOR,3,3,2.000000,2,,1.819292e-02
ARID1B->-KMT2C,2,1,3.000000,3,,9.881460e-02
ARID1B->-KMT2C ARID1B->-PIK3CA KMT2C->-PIK3CA,3,3,2.000000,2,,2.240323e-02
ARID1B->-PTCH1,2,1,2.000000,2,,2.328916e-01
PIK3CA->-FBXW7,2,1,3.000000,3,,4.489782e-01
TP53->-ERCC2,2,1,3.000000,3,,2.672835e-02
CDH1->-GPS2,2,1,3.000000,3,,5.740079e-01
PIK3CA->-HIST1H3B,2,1,3.000000,3,,2.070871e-01
KMT2D->-TP53,2,1,3.000000,3,,9.999390e-01
PIK3CA->-KDM5A,2,1,3.000000,3,,3.571429e-01
TP53->-ABL1,2,1,3.000000,3,,2.423738e-01
NCOR1->-TBX3,2,1,3.000000,3,,1.748492e-01
CDH1->-TBX3 NCOR1->-CDH1 NCOR1->-TBX3,3,3,2.000000,2,,1.785714e-02
TP53->-PIK3R3,2,1,3.000000,3,,5.833333e-02
SETD2->-ARID1A,2,1,3.000000,3,,4.783835e-01
ARID1A->-PIK3CA SETD2->-ARID1A SETD2->-PIK3CA,3,3,2.000000,2,,1.822423e-01
NOTCH1->-PIK3CA SETD2->-NOTCH1 SETD2->-PIK3CA,3,3,2.000000,2,,6.481645e-02
LATS2->-PIK3CA,2,1,3.000000,3,,5.527795e-01
ESR1->-RICTOR,2,1,3.000000,3,,4.367168e-01
ARID2->-PIK3CA,2,1,3.000000,3,,9.545535e-01
ARID1A->-ARID2,2,1,3.000000,3,,7.862888e-01
ARID1A->-ARID2 ARID1A->-PIK3CA ARID2->-PIK3CA,3,3,2.000000,2,,1.193874e-01
GATA3->-PTEN,2,1,3.000000,3,,6.979980e-01
EP300->-PIK3CA,2,1,3.000000,3,,8.476232e-01
AXL->-PIK3CA,2,1,3.000000,3,,5.002683e-01
KMT2A->-BRCA2,2,1,3.000000,3,,1.723674e-01
TP53->-ASXL1,2,1,3.000000,3,,8.333333e-02
KMT2C->-PTPRD,2,1,3.000000,3,,2.537561e-01
MTOR->-XPO1,2,1,3.000000,3,,1.250000e-01
KMT2C->-XPO1,2,1,3.000000,3,,1.245471e-01
CDH1->-DOT1L,2,1,3.000000,3,,2.097070e-01
DOT1L->-MAP3K1,2,1,3.000000,3,,1.969373e-01
CDH1->-DOT1L CDH1->-MAP3K1 DOT1L->-MAP3K1,3,3,2.000000,2,,2.184236e-02
CDH1->-MAP3K1 CDH1->-NSD1 NSD1->-MAP3K1,3,3,2.000000,2,,1.195790e-01
MAP3K1->-EPHB1,2,1,3.000000,3,,4.553571e-01
CDH1->-EPHB1 CDH1->-MAP3K1 CDH1->-PIK3CA MAP3K1->-EPHB1 PIK3CA->-EPHB1 PIK3CA->-MAP3K1,4,6,2.000000,2,,7.440476e-04
ARID1A->-EPHB1,2,1,3.000000,3,,8.201058e-02
ARID1A->-EPHB1 TP53->-ARID1A TP53->-EPHB1,3,3,2.000000,2,,2.652286e-02
ARID1A->-MAP3K1,2,1,3.000000,3,,9.001518e-01
NSD1->-MAP3K1,2,1,3.000000,3,,7.313095e-01
ARID1A->-FOXA1,2,1,3.000000,3,,3.315088e-01
NSD1->-KMT2C,2,1,3.000000,3,,4.363248e-01
NSD1->-KMT2C PIK3CA->-KMT2C PIK3CA->-NSD1,3,3,2.000000,2,,2.777778e-02
ARID1A->-KMT2C ARID1A->-NSD1 NSD1->-KMT2C,3,3,2.000000,2,,2.777778e-02
MAP3K1->-KMT2C NSD1->-KMT2C NSD1->-MAP3K1,3,3,2.000000,2,,4.512900e-02
CBFB->-EGFR,2,1,3.000000,3,,8.333333e-02
PIK3CA->-ASXL2,2,1,3.000000,3,,5.788077e-01
PIK3CA->-FGFR3,2,1,3.000000,3,,3.495334e-01
NCOR1->-FAT1,2,1,3.000000,3,,1.774723e-01
STAG2->-FAT1,2,1,3.000000,3,,3.114035e-01
PIK3CA->-RBM10,2,1,3.000000,3,,2.552632e-01
PIK3CA->-PDCD1,2,1,3.000000,3,,3.106638e-01
AKT1->-RUNX1,2,1,3.000000,3,,6.111111e-02
IKZF1->-PIK3CA,2,1,3.000000,3,,6.595971e-01
CDH1->-FLT1,2,1,3.000000,3,,1.250000e-01
HIST1H3I->-SMARCA4,2,1,3.000000,3,,1.067940e-01
HIST1H3I->-SMARCA4 PIK3CA->-HIST1H3I PIK3CA->-SMARCA4,3,3,2.000000,2,,6.224118e-02
CDH1->-EPHA7,2,1,3.000000,3,,1.240809e-01
TP53->-LATS1,2,1,3.000000,3,,4.437500e-01
TP53->-SOX2,2,1,3.000000,3,,7.291667e-02
CDH1->-GRIN2A,2,1,3.000000,3,,1.250000e-01
TP53->-GNA11,2,1,3.000000,3,,6.506579e-02
TP53->-PIK3C3,2,1,3.000000,3,,4.794760e-02
IRS1->-PIK3CA,2,1,3.000000,3,,5.704074e-01
MDC1->-PIK3CA,2,1,3.000000,3,,8.910696e-01
CARD11->-ATR TP53->-ATR TP53->-CARD11,3,3,3.000000,2,,1.032974e-01
TP53->-NTRK3,2,1,3.000000,3,,3.125000e-01
MAP3K1->-SPEN,2,1,3.000000,3,,2.723214e-01
GATA3->-SPEN MAP3K1->-GATA3 MAP3K1->-SPEN,3,3,2.000000,2,,1.736111e-02
GATA3->-NUP93,2,1,3.000000,3,,1.250000e-01
GATA3->-NUP93 PIK3CA->-GATA3 PIK3CA->-NUP93,3,3,2.000000,2,,7.407407e-02
KMT2C->-SPEN,2,1,3.000000,3,,6.327107e-01
ARID1A->-SPEN PIK3CA->-ARID1A PIK3CA->-SPEN,3,3,3.000000,3,,1.607790e-02
ARID1A->-SPEN CDH1->-ARID1A CDH1->-SPEN,3,3,2.000000,2,,2.747585e-02
ARID1A->-SPEN MEN1->-ARID1A MEN1->-SPEN,3,3,2.000000,2,,2.747585e-02
ARID1A->-EGFR,2,1,3.000000,3,,1.250000e-01
ARID1A->-EGFR GATA3->-ARID1A GATA3->-EGFR,3,3,2.000000,2,,2.777778e-02
AKT1->-NF1,2,1,3.000000,3,,9.523810e-02
ROS1->-PIK3CA,2,1,3.000000,3,,8.302375e-01
TSC2->-PIK3CA,2,1,3.000000,3,,7.017493e-01
ROS1->-TP53,2,1,3.000000,3,,9.186135e-01
PIK3CA->-ROS1 PIK3CA->-TP53 ROS1->-TP53,3,3,2.000000,2,,1.058494e-01
TBX3->-ANKRD11,2,1,3.000000,3,,5.000000e-01
CDH1->-BRCA2 CDH1->-ESR1 ESR1->-BRCA2,3,3,3.000000,3,,4.629630e-03
CDH1->-HNF1A,2,1,3.000000,3,,1.215278e-01
PIK3CA->-GNA11,2,1,3.000000,3,,2.112430e-01
ATM->-FAT1 PIK3CA->-ATM PIK3CA->-FAT1 PIK3CA->-TP53 TP53->-ATM TP53->-FAT1,4,6,2.000000,2,,3.479112e-03
GNA11->-FAT1 PIK3CA->-FAT1 PIK3CA->-GNA11 PIK3CA->-TP53 TP53->-FAT1 TP53->-GNA11,4,6,2.000000,2,,9.093915e-04
ATM->-FAT1,2,1,3.000000,3,,1.914101e-01
PIK3CA->-GATA2,2,1,3.000000,3,,3.075977e-01
PIK3CA->-CTCF,2,1,3.000000,3,,9.297257e-01
TP53->-INPP4A,2,1,3.000000,3,,8.333333e-02
PIK3CA->-SMAD2,2,1,3.000000,3,,1.977432e-01
PIK3C2G->-CREBBP,2,1,3.000000,3,,1.984548e-01
PIK3C2G->-CREBBP PIK3CA->-CREBBP PIK3CA->-PIK3C2G,3,3,2.000000,2,,8.032587e-02
DOT1L->-PIK3CA,2,1,3.000000,3,,4.750000e-01
ATRX->-PIK3CA,2,1,3.000000,3,,9.022013e-01
NCOR1->-CARD11,2,1,3.000000,3,,2.833333e-01
TP53->-CDK4,2,1,3.000000,3,,1.250000e-01
TP53->-AKT2,2,1,3.000000,3,,8.750000e-02
PTEN->-NSD1,2,1,3.000000,3,,1.065256e-01
NCOR1->-NSD1 PTEN->-NCOR1 PTEN->-NSD1 TP53->-NCOR1 TP53->-NSD1 TP53->-PTEN,4,6,2.000000,2,,1.636905e-03
MED12->-NSD1,2,1,3.000000,3,,2.727491e-01
CHEK2->-TP53,2,1,3.000000,3,,2.635413e-01
CHEK2->-PIK3CA CHEK2->-TP53 TP53->-PIK3CA,3,3,2.000000,2,,2.698413e-02
CDH1->-KDM6A,2,1,3.000000,3,,4.986213e-01
MTOR->-CDH1,2,1,3.000000,3,,6.807015e-01
CDH1->-PBRM1,2,1,3.000000,3,,3.125000e-01
NF1->-ARID1A,2,1,3.000000,3,,2.500000e-01
NF1->-ARID1A PIK3CA->-ARID1A PIK3CA->-NF1,3,3,2.000000,2,,4.398148e-02
ATM->-ESR1,2,1,3.000000,3,,8.750000e-02
ATRX->-GATA3,2,1,3.000000,3,,1.964286e-01
CDH1->-ARID1B,2,1,3.000000,3,,2.735921e-01
ARID1B->-PTPRS ARID1B->-TSC2 CDH1->-ARID1B CDH1->-PTPRS CDH1->-TSC2 PTPRS->-TSC2,4,6,2.000000,2,,1.224181e-03
ARID1B->-KMT2C ARID1B->-NF1 ARID1B->-TSC2 CDH1->-ARID1B CDH1->-KMT2C CDH1->-NF1 CDH1->-TSC2 KMT2C->-NF1 KMT2C->-TSC2 NF1->-TSC2,5,10,2.000000,2,,9.106545e-05
CDH1->-SMARCB1,2,1,3.000000,3,,9.523810e-02
ESR1->-RHOA,2,1,3.000000,3,,1.250000e-01
CDH1->-ESR1 CDH1->-RHOA ESR1->-RHOA,3,3,2.000000,2,,2.777778e-02
CDH1->-ERCC5,2,1,3.000000,3,,4.943503e-02
MAP3K1->-PTPRD,2,1,3.000000,3,,1.662796e-01
ARID1A->-JAK1,2,1,3.000000,3,,1.250000e-01
ARID1A->-JAK1 ARID1A->-PIK3CA JAK1->-PIK3CA,3,3,2.000000,2,,7.407407e-02
AKT1->-CBFB,2,1,3.000000,3,,7.930893e-01
CBFB->-ERBB2,2,1,3.000000,3,,1.041667e-01
BCL6->-CDH1,2,1,3.000000,3,,4.635417e-01
MST1R->-MAP3K1 PIK3CA->-MAP3K1 PIK3CA->-MST1R,3,3,3.000000,3,,4.133598e-03
MST1R->-KMT2C,2,1,3.000000,3,,3.058036e-01
MST1R->-KMT2C PIK3CA->-KMT2C PIK3CA->-MST1R,3,3,2.000000,2,,6.911376e-02
TP53->-CUL3,2,1,3.000000,3,,2.777778e-02
ARID1A->-ATM,2,1,3.000000,3,,2.971429e-01
CDH1->-ARID2,2,1,3.000000,3,,2.181839e-01
CDH1->-ARID2 CDH1->-PIK3CA PIK3CA->-ARID2,3,3,2.000000,2,,7.357085e-02
PTPRT->-PIK3CA,2,1,3.000000,3,,9.764464e-01
ARID1A->-ATR,2,1,3.000000,3,,1.230159e-01
PIK3CA->-KMT2D PIK3CA->-ROS1 ROS1->-KMT2D,3,3,2.000000,2,,2.652286e-02
ARID1A->-BCOR PIK3CA->-ARID1A PIK3CA->-BCOR PIK3CA->-ROS1 ROS1->-ARID1A ROS1->-BCOR,4,6,2.000000,2,,1.587471e-03
ARID1A->-ATR PIK3CA->-ARID1A PIK3CA->-ATR PIK3CA->-ROS1 ROS1->-ARID1A ROS1->-ATR,4,6,2.000000,2,,1.587471e-03
ARID1A->-NOTCH4,2,1,3.000000,3,,1.245471e-01
ESR1->-NCOR1,2,1,3.000000,3,,6.562500e-01
GATA3->-RICTOR,2,1,3.000000,2,,6.483329e-01
PTPRS->-KMT2C,2,1,3.000000,3,,2.771762e-01
PTPRS->-KMT2C TP53->-KMT2C TP53->-PTPRS,3,3,2.000000,2,,2.380952e-02
PTPRT->-KMT2D,2,1,3.000000,3,,5.800867e-01
KMT2D->-PIK3CA PTPRT->-KMT2D PTPRT->-PIK3CA,3,3,2.000000,2,,1.481596e-01
PTPRT->-KMT2C,2,1,3.000000,3,,1.245059e-01
PTPRT->-KMT2C TP53->-KMT2C TP53->-PTPRT,3,3,2.000000,2,,7.352511e-02
KMT2C->-KMT2D,2,1,3.000000,3,,6.733825e-01
KMT2C->-KMT2D TP53->-KMT2C TP53->-KMT2D,3,3,2.000000,2,,1.620685e-01
KMT2C->-KMT2D PTPRT->-KMT2C PTPRT->-KMT2D,3,3,2.000000,2,,2.744840e-02
NF1->-KMT2D,2,1,3.000000,3,,2.346320e-01
CREBBP->-TP53,2,1,3.000000,3,,9.690311e-01
ESR1->-SPEN,2,1,3.000000,3,,4.437500e-01
FGFR4->-PIK3CA,2,1,3.000000,3,,7.331572e-01
MEN1->-FAT1,2,1,3.000000,3,,8.898305e-02
TP53->-CDKN1B,2,1,3.000000,3,,1.555900e-01
SF3B1->-GATA3,2,1,3.000000,3,,7.483259e-01
SOX9->-TP53,2,1,3.000000,3,,5.269571e-01
SPEN->-CDH1,2,1,3.000000,3,,9.201727e-01
SPEN->-TP53,2,1,3.000000,3,,9.551416e-01
SDHB->-GATA3,2,1,3.000000,3,,2.106750e-01
PTEN->-MST1R,2,1,3.000000,3,,8.333333e-02
KDM5C->-TP53,2,1,3.000000,3,,5.389234e-01
NCOR1->-ESR1,2,1,3.000000,3,,6.562500e-01
ESR1->-EGFR,2,1,3.000000,3,,1.250000e-01
ESR1->-EGFR ESR1->-GATA3 GATA3->-EGFR,3,3,2.000000,2,,2.777778e-02
ASXL1->-PIK3CA,2,1,3.000000,3,,5.021582e-01
TP53->-BBC3,2,1,3.000000,3,,2.500000e-02
CBFB->-CDKN1B,2,1,3.000000,3,,9.821429e-02
GATA3->-NF1,2,1,3.000000,3,,1.944444e-01
TP53->-SOX9,2,1,3.000000,3,,5.269571e-01
SOX9->-PTCH1 TP53->-PTCH1 TP53->-SOX9,3,3,2.000000,2,,2.537879e-02
PIK3CA->-ARID1B,2,1,3.000000,3,,7.334778e-01
PIK3CA->-ASXL1,2,1,3.000000,3,,5.037248e-01
ARID1A->-APC,2,1,3.000000,3,,3.088481e-01
ARID1A->-APC CDH1->-APC CDH1->-ARID1A,3,3,2.000000,2,,2.747585e-02
ARID1A->-CREBBP CDH1->-ARID1A CDH1->-CREBBP,3,3,2.000000,2,,8.874234e-02
ERBB2->-PTCH1,2,1,3.000000,3,,1.245471e-01
CDH1->-PTCH1 ERBB2->-CDH1 ERBB2->-PTCH1,3,3,2.000000,2,,7.357085e-02
ERBB2->-PIK3CA ERBB2->-PTCH1 PIK3CA->-PTCH1,3,3,2.000000,2,,2.747585e-02
ERBB2->-KMT2C ERBB2->-PTCH1 KMT2C->-PTCH1,3,3,2.000000,2,,2.747585e-02
CDH1->-NOTCH2,2,1,3.000000,3,,5.044913e-02
CBFB->-PTEN,2,1,3.000000,3,,2.790179e-01
PIK3CA->-BRAF,2,1,3.000000,3,,5.000000e-01
PIK3CA->-STK11,2,1,3.000000,3,,8.762993e-01
CDH1->-CDKN2A,2,1,3.000000,3,,1.250000e-01
TP53->-EIF4A2,2,1,3.000000,3,,1.802198e-01
CDH1->-MSH2,2,1,3.000000,3,,1.240809e-01
PIK3CA->-SMARCD1,2,1,3.000000,3,,5.833333e-02
CTCF->-GATA3,2,1,3.000000,3,,2.458333e-01
FOXP1->-PIK3CA,2,1,3.000000,3,,6.603662e-01
TP53->-RAD54L,2,1,3.000000,3,,6.666667e-02
CTCF->-MAP3K1,2,1,3.000000,3,,3.589345e-01
KMT2A->-MAP3K1,2,1,3.000000,3,,2.937810e-01
TP53->-CSF1R,2,1,3.000000,3,,1.083333e-01
MAP2K4->-FOXP1,2,1,3.000000,3,,5.000000e-02
AKT1->-ESR1,2,1,3.000000,3,,9.597520e-02
ARID1A->-ARID5B,2,1,3.000000,3,,1.245471e-01
ARID1A->-ARID5B ARID1A->-TP53 TP53->-ARID5B,3,3,2.000000,2,,2.777778e-02
BRCA1->-GATA2,2,1,3.000000,3,,1.207330e-01
BRCA1->-GATA2 TP53->-BRCA1 TP53->-GATA2,3,3,2.000000,2,,6.954575e-02
CDH1->-PIK3C2G,2,1,3.000000,3,,2.856182e-01
CDH1->-PIK3C2G CDH1->-PIK3CA PIK3CA->-PIK3C2G,3,3,2.000000,2,,7.352511e-02
TP53->-SYK,2,1,3.000000,3,,2.877747e-01
PBRM1->-TP53,2,1,3.000000,3,,6.641520e-01
ARID1B->-NF1,2,1,3.000000,3,,1.041835e-01
ARID1B->-NF1 PTEN->-ARID1B PTEN->-NF1,3,3,2.000000,2,,2.002216e-02
SMAD4->-TP53,2,1,3.000000,3,,4.169643e-01
GATA3->-FAT1,2,1,3.000000,3,,5.521005e-01
TP53->-SH2B3,2,1,3.000000,3,,1.673946e-01
STAG2->-TP53,2,1,3.000000,3,,9.881747e-01
TP53->-RET,2,1,3.000000,3,,7.142857e-02
CDKN1B->-MAP3K1,2,1,3.000000,3,,5.894130e-01
CDKN1B->-BAP1 CDKN1B->-MAP3K1 MAP3K1->-BAP1 PIK3CA->-BAP1 PIK3CA->-CDKN1B PIK3CA->-MAP3K1,4,6,2.000000,2,,1.736111e-03
PIK3CA->-KLF4,2,1,3.000000,3,,4.598214e-01
CDH1->-EPHA5,2,1,3.000000,3,,8.333333e-02
PTEN->-ARID2,2,1,3.000000,3,,1.230159e-01
PTEN->-ARID2 TP53->-ARID2 TP53->-PTEN,3,3,2.000000,2,,7.198254e-02
ATRX->-ARID2 TP53->-ARID2 TP53->-ATRX,3,3,2.000000,2,,2.652286e-02
ATRX->-ARID2 EPHA5->-ARID2 EPHA5->-ATRX,3,3,2.000000,2,,2.652286e-02
EPHA5->-ARID2 EPHA5->-ROS1 ROS1->-ARID2,3,3,2.000000,2,,2.652286e-02
MAP3K1->-ARID2 PTEN->-ARID2 PTEN->-MAP3K1,3,3,2.000000,2,,2.777778e-02
EPCAM->-ARID2 TP53->-ARID2 TP53->-EPCAM,3,3,2.000000,2,,2.777778e-02
EPCAM->-ARID2 PTEN->-ARID2 PTEN->-EPCAM,3,3,2.000000,2,,2.777778e-02
CDH1->-KDM5C,2,1,3.000000,3,,6.834837e-02
CDH1->-BLM,2,1,3.000000,3,,2.695636e-01
CDH1->-BLM CDH1->-PIK3CA PIK3CA->-BLM,3,3,2.000000,2,,5.182935e-02
PIK3CA->-ABL1,2,1,3.000000,3,,2.635417e-01
KMT2D->-TBX3,2,1,3.000000,3,,1.250000e-01
PTEN->-ZFHX3 TP53->-PTEN TP53->-ZFHX3,3,3,3.000000,3,,4.014504e-03
CDH1->-FLT4,2,1,3.000000,3,,8.750000e-02
RUNX1->-NCOR1,2,1,3.000000,3,,8.554688e-01
PIK3CA->-NCOR1 PIK3CA->-RUNX1 RUNX1->-NCOR1,3,3,2.000000,2,,2.632245e-01
NF1->-KMT2A,2,1,3.000000,3,,3.118207e-01
NF1->-KMT2A TP53->-KMT2A TP53->-NF1,3,3,2.000000,2,,2.777778e-02
NF1->-KMT2A PIK3CA->-KMT2A PIK3CA->-NF1,3,3,2.000000,2,,2.747585e-02
RB1->-TET1,2,1,3.000000,3,,3.114035e-01
PIK3CA->-RB1 PIK3CA->-TET1 RB1->-TET1,3,3,2.000000,2,,7.326186e-02
RB1->-TET1 TP53->-RB1 TP53->-TET1,3,3,2.000000,2,,7.407407e-02
PIK3CA->-AURKA,2,1,3.000000,3,,6.324405e-02
PIK3CA->-AURKA TP53->-AURKA TP53->-PIK3CA,3,3,2.000000,2,,2.711640e-02
TP53->-AKT1,2,1,3.000000,3,,9.986158e-01
NOTCH4->-PIK3CA,2,1,3.000000,3,,9.702413e-01
RHOA->-GATA3,2,1,3.000000,3,,1.026786e-01
PIK3CA->-GATA3 RHOA->-GATA3 RHOA->-PIK3CA,3,3,2.000000,2,,5.753968e-02
CDH1->-GATA3 CDH1->-RHOA RHOA->-GATA3,3,3,2.000000,2,,1.785714e-02
CBFB->-ESR1,2,1,3.000000,3,,2.562500e-01
CBFB->-ESR1 CBFB->-PIK3CA PIK3CA->-ESR1,3,3,2.000000,2,,1.111111e-02
PIK3CA->-NCOA3,2,1,3.000000,3,,1.037893e-01
ARID1A->-NCOR1 PIK3CA->-ARID1A PIK3CA->-NCOR1,3,3,3.000000,3,,1.607790e-02
SMAD4->-ESR1,2,1,3.000000,3,,1.041667e-01
SMAD4->-CDH1,2,1,3.000000,3,,6.279039e-01
CBFB->-KMT2C,2,1,3.000000,3,,3.875000e-01
CBFB->-KMT2C CBFB->-PIK3CA KMT2C->-PIK3CA,3,3,2.000000,2,,1.182806e-01
PTEN->-BCOR,2,1,3.000000,3,,1.230159e-01
SPEN->-ATM,2,1,3.000000,3,,4.318699e-01
SPEN->-ATM SPEN->-TP53 TP53->-ATM,3,3,2.000000,2,,4.304467e-02
AKT1->-TET2,2,1,3.000000,3,,1.864562e-01
AKT1->-TET2 AKT1->-TP53 TP53->-TET2,3,3,2.000000,2,,5.423280e-02
PIK3CA->-APC PIK3CA->-SPEN SPEN->-APC,3,3,3.000000,3,,5.409589e-03
PIK3CA->-APC PIK3CA->-SPEN PIK3CA->-TP53 SPEN->-APC TP53->-APC TP53->-SPEN,4,6,2.000000,2,,1.701389e-03
FGFR4->-KMT2D,2,1,3.000000,3,,1.245833e-01
PIK3CA->-ERCC5,2,1,3.000000,3,,3.118750e-01
TP53->-HIST3H3,2,1,3.000000,3,,8.300395e-02
CREBBP->-CDH1,2,1,3.000000,3,,9.063608e-01
CDH1->-PIK3CA CREBBP->-CDH1 CREBBP->-PIK3CA,3,3,2.000000,2,,2.745417e-01
BRCA1->-PIK3CA TP53->-BRCA1 TP53->-PIK3CA,3,3,2.000000,2,,3.189863e-02
BRCA1->-PIK3CA,2,1,3.000000,3,,7.148227e-01
JAK1->-TP53,2,1,3.000000,3,,8.038954e-01
JAK1->-PIK3CA JAK1->-TP53 TP53->-PIK3CA,3,3,2.000000,2,,7.275132e-02
FAT1->-SPEN,2,1,3.000000,3,,5.255102e-01
CDH1->-IRF4,2,1,3.000000,3,,1.026786e-01
LATS1->-KMT2C,2,1,3.000000,3,,2.104832e-01
ROS1->-KMT2D,2,1,3.000000,3,,2.314887e-01
ROS1->-ARID1A,2,1,3.000000,3,,1.488613e-01
ASXL2->-PIK3CA,2,1,3.000000,3,,5.788077e-01
PIK3CA->-CDKN1A,2,1,3.000000,3,,3.541240e-01
PIK3CA->-CDKN1A PIK3CA->-TP53 TP53->-CDKN1A,3,3,2.000000,2,,5.720421e-02
TBX3->-PTCH1,2,1,3.000000,3,,1.245471e-01
AKT1->-CTCF,2,1,3.000000,3,,1.350000e-01
TP53->-NFKBIA,2,1,3.000000,3,,9.882479e-02
CBFB->-SPEN,2,1,3.000000,3,,9.821429e-02
CBFB->-SPEN GATA3->-CBFB GATA3->-SPEN,3,3,2.000000,2,,5.671296e-02
TP53->-BLM,2,1,3.000000,3,,1.575463e-01
PTPRS->-TSC2,2,1,3.000000,3,,7.167228e-02
TP53->-PIK3CD,2,1,3.000000,3,,1.185897e-01
PTEN->-ROS1,2,1,3.000000,3,,3.095238e-01
CDH1->-PIK3CA GPS2->-CDH1 GPS2->-PIK3CA,3,3,3.000000,3,,1.221001e-02
INPP4A->-ESR1,2,1,3.000000,3,,3.125000e-01
INPP4A->-ESR1 PIK3CA->-ESR1 PIK3CA->-INPP4A,3,3,2.000000,2,,7.407407e-02
TBX3->-ERBB2,2,1,3.000000,3,,7.385848e-01
CDH1->-ERBB2 TBX3->-CDH1 TBX3->-ERBB2,3,3,2.000000,2,,1.206583e-01
CDH1->-TSC2,2,1,3.000000,3,,8.164585e-02
GATA3->-ALK,2,1,3.000000,3,,2.367882e-01
PDGFRA->-PIK3CA,2,1,3.000000,3,,6.553951e-01
PIK3CA->-RAD54L,2,1,3.000000,3,,2.610768e-01
MAP3K1->-ERCC5,2,1,3.000000,3,,3.919841e-01
MAP3K1->-ERCC5 TP53->-ERCC5 TP53->-MAP3K1,3,3,2.000000,2,,6.359788e-02
PIK3CA->-RASA1,2,1,3.000000,3,,2.340248e-01
ARID1A->-CREBBP,2,1,3.000000,3,,2.301525e-01
ARID1A->-CREBBP ARID1A->-PIK3CA PIK3CA->-CREBBP,3,3,2.000000,2,,5.479291e-02
ARID1A->-BRCA2,2,1,3.000000,3,,4.174615e-01
ARID1A->-BRCA2 ARID1A->-PIK3CA PIK3CA->-BRCA2,3,3,2.000000,2,,5.474171e-02
TBX3->-BRCA2,2,1,3.000000,3,,3.221526e-01
MAP2K4->-ESR1,2,1,3.000000,3,,3.711814e-02
PIK3CA->-SOX17,2,1,3.000000,3,,2.342347e-01
PIK3CA->-FGFR1,2,1,3.000000,3,,2.113095e-01
CDH1->-NOTCH1,2,1,3.000000,3,,4.366862e-01
PIK3CA->-SDHB,2,1,3.000000,3,,2.119254e-01
PIK3CA->-SDHB TP53->-PIK3CA TP53->-SDHB,3,3,2.000000,2,,6.575869e-02
CHEK2->-GATA3,2,1,3.000000,3,,2.006962e-01
KRAS->-PIK3CA,2,1,3.000000,3,,7.541715e-01
NOTCH1->-MAP3K1,2,1,3.000000,3,,3.549983e-01
LATS1->-TSC2,2,1,3.000000,3,,4.014049e-02
MAP3K1->-CARD11,2,1,3.000000,3,,2.576986e-02
MEN1->-STAG2,2,1,3.000000,3,,8.688316e-02
MEN1->-NUP93 MEN1->-PIK3CA PIK3CA->-NUP93,3,3,2.000000,2,,2.777778e-02
GATA3->-NUP93 MEN1->-GATA3 MEN1->-NUP93 MEN1->-STAG2 STAG2->-GATA3 STAG2->-NUP93,4,6,2.000000,2,,1.736111e-03
CHEK2->-ARID1A,2,1,3.000000,3,,5.079746e-02
PTEN->-MAP2K4,2,1,3.000000,3,,7.902529e-01
PTEN->-MAP2K4 PTEN->-TP53 TP53->-MAP2K4,3,3,2.000000,2,,6.731631e-02
TP53->-FLT3,2,1,3.000000,3,,4.431403e-02
ATRX->-EPHB1,2,1,3.000000,3,,6.097056e-02
ATRX->-EPHB1 TP53->-ATRX TP53->-EPHB1,3,3,2.000000,2,,3.823608e-02
PTEN->-EPHB1,2,1,2.000000,2,,1.263810e-01
ATRX->-EPHB1 CDH1->-ATRX CDH1->-EPHB1,3,3,2.000000,2,,8.796088e-03
CDH1->-CDK12,2,1,3.000000,3,,1.723411e-02
PTEN->-PTPRS,2,1,3.000000,3,,5.295164e-02
GATA3->-CARD11,2,1,3.000000,3,,4.312507e-02
CDH1->-DAXX,2,1,3.000000,3,,8.725814e-02
TP53->-YES1,2,1,3.000000,3,,8.588362e-02
PIK3CA->-YES1 TP53->-PIK3CA TP53->-YES1,3,3,2.000000,2,,5.313901e-02
KRAS->-KMT2C,2,1,3.000000,3,,2.026823e-01
ERBB3->-TBX3,2,1,3.000000,3,,4.538593e-01
TP53->-MST1R,2,1,3.000000,3,,6.787293e-02
PTEN->-MST1R TP53->-MST1R TP53->-PTEN,3,3,2.000000,2,,2.777778e-02
APC->-ATM,2,1,3.000000,3,,4.361461e-02
APC->-ATM APC->-PIK3CA PIK3CA->-ATM,3,3,2.000000,2,,3.108978e-02
KDM6A->-PIK3CA,2,1,3.000000,3,,1.625260e-01
MAP3K1->-FAT1,2,1,3.000000,3,,3.906055e-02
ERBB2->-ARID1A,2,1,3.000000,3,,1.818722e-01
ERBB2->-ARID2,2,1,3.000000,3,,3.858294e-02
PTEN->-FAT1,2,1,3.000000,3,,3.957316e-01
KMT2C->-STAT5B,2,1,3.000000,3,,2.862767e-02
TP53->-RPS6KA4,2,1,3.000000,3,,1.628265e-01
KMT2C->-ATM,2,1,3.000000,3,,3.473406e-01
PIK3CA->-PAK1,2,1,3.000000,3,,1.164406e-02
PIK3CA->-FLT1,2,1,3.000000,3,,4.118857e-01
TP53->-FLT1,2,1,3.000000,3,,6.567172e-02
PIK3CA->-FGF4,2,1,3.000000,3,,6.638418e-02
PIK3CA->-TRAF2,2,1,3.000000,3,,2.208596e-01
PIK3CA->-TP53 PIK3CA->-TRAF2 TP53->-TRAF2,3,3,2.000000,2,,8.666844e-03
TP53->-PDGFRB,2,1,3.000000,3,,9.458135e-02
PTEN->-PIK3CD,2,1,3.000000,3,,4.692618e-02
PTEN->-PIK3CD TP53->-PIK3CD TP53->-PTEN,3,3,2.000000,2,,2.408702e-02
PTEN->-NBN,2,1,3.000000,3,,4.931003e-02
PTEN->-NBN TP53->-NBN TP53->-PTEN,3,3,2.000000,2,,2.777778e-02
PTEN->-ATM,2,1,3.000000,3,,3.145659e-02
PIK3CA->-ATM PTEN->-ATM PTEN->-PIK3CA,3,3,2.000000,2,,4.342640e-03
PTEN->-JAK3,2,1,3.000000,3,,2.490169e-02
PIK3CA->-AXL,2,1,3.000000,3,,5.024529e-01
PIK3CA->-JAK2,2,1,2.951585,2,,6.538759e-01
KMT2C->-AR,2,1,2.839988,2,,6.793794e-01
IRS2->-PIK3CA,2,1,2.748889,2,,4.874427e-01
PIK3R1->-MED12,2,1,2.736842,2,,5.971281e-01
SPEN->-KMT2C,2,1,2.733333,2,,8.759567e-01
PTEN->-DNMT1,2,1,2.701754,2,,2.504875e-01
PIK3CA->-DNMT1 PTEN->-DNMT1 PTEN->-PIK3CA,3,3,2.000000,2,,5.049748e-03
NOTCH2->-SPEN,2,1,2.666667,2,,2.077325e-01
APC->-PARP1,2,1,2.666667,2,,3.893013e-01
CDH1->-IKBKE,2,1,2.666667,2,,4.156785e-01
PTEN->-BRCA2,2,1,2.666667,2,,2.821776e-01
MAP2K4->-PTPRS,2,1,2.665753,2,,3.690518e-01
TBX3->-FOXA1,2,1,2.665753,2,,8.669378e-01
ESR1->-NOTCH1,2,1,2.600000,2,,5.640795e-01
CDH1->-FBXW7,2,1,2.600000,2,,3.750000e-01
CDH1->-SF3B1,2,1,2.571429,2,,5.937500e-01
BCOR->-PIK3CA,2,1,2.533333,2,,9.750297e-01
ATM->-TBX3,2,1,2.505208,2,,3.086596e-01
ATM->-MAP3K1,2,1,2.505208,2,,6.111083e-01
ATM->-MAP3K1 ATM->-PIK3CA MAP3K1->-PIK3CA,3,3,2.000000,2,,8.444971e-02
TP53->-WT1,2,1,2.505208,2,,3.089846e-01
PTEN->-FOXA1,2,1,2.500000,2,,4.954443e-01
FAT1->-ATRX,2,1,2.500000,2,,5.735740e-01
FAT1->-ATRX TP53->-ATRX TP53->-FAT1,3,3,2.000000,2,,8.782894e-03
FAT1->-ATRX PTEN->-ATRX PTEN->-FAT1,3,3,2.000000,2,,9.207873e-03
SDHB->-TP53,2,1,2.500000,2,,8.618986e-01
FAT1->-GATA3,2,1,2.500000,2,,8.391605e-01
TP53->-FANCC,2,1,2.500000,2,,2.363636e-01
FAT1->-SETD2,2,1,2.500000,2,,5.297194e-01
MAP3K1->-MEN1,2,1,2.500000,2,,7.041171e-01
RUNX1->-MAP3K1,2,1,2.500000,2,,7.319444e-01
MAP2K4->-ARID1A,2,1,2.500000,2,,2.821442e-01
PIK3CA->-FLT3,2,1,2.500000,2,,7.750000e-01
KDM5C->-ESR1,2,1,2.500000,2,,5.628156e-01
GATA3->-ATR,2,1,2.500000,2,,3.750000e-01
CREBBP->-MAP3K1 PIK3CA->-CREBBP PIK3CA->-MAP3K1,3,3,2.500000,2,,3.297891e-02
PIK3C2G->-MAP3K1,2,1,2.500000,2,,5.416112e-01
NF1->-ASXL1,2,1,2.500000,2,,3.416667e-01
PIK3CA->-GPS2,2,1,2.500000,2,,9.274238e-01
PIK3CA->-LATS2,2,1,2.500000,2,,8.363704e-01
MAP2K4->-MED12,2,1,2.500000,2,,4.880952e-01
PTPRS->-ARID2,2,1,2.500000,2,,3.482953e-01
ATR->-ARID2 PIK3CA->-ARID2 PIK3CA->-ATR PIK3CA->-PTPRS PTPRS->-ARID2 PTPRS->-ATR,4,6,2.000000,2,,1.664402e-03
CDH1->-ATM,2,1,2.500000,2,,7.574830e-01
CDH1->-ATM CDH1->-PIK3CA PIK3CA->-ATM,3,3,2.000000,2,,1.302910e-01
GATA3->-BRCA1,2,1,2.500000,2,,6.260530e-01
PIK3CA->-TP53 PIK3CA->-ZFHX3 ZFHX3->-TP53,3,3,2.500000,2,,5.793791e-02
ARID1A->-ANKRD11,2,1,2.500000,2,,3.890980e-01
CDH1->-MDC1,2,1,2.500000,2,,5.729287e-01
RUNX1->-ARID1A,2,1,2.500000,2,,7.541667e-01
ATRX->-FLT4,2,1,2.500000,2,,3.964052e-01
AKT1->-GPS2,2,1,2.500000,2,,3.416667e-01
ATR->-ALK,2,1,2.500000,2,,3.318084e-01
ATR->-ALK TP53->-ALK TP53->-ATR,3,3,2.000000,2,,2.777778e-02
ESR1->-ERBB4,2,1,2.500000,2,,5.750000e-01
TBX3->-ZFHX3,2,1,2.500000,2,,6.721254e-01
MED12->-PIK3CA,2,1,2.500000,2,,9.880011e-01
NCOR1->-FLT4,2,1,2.500000,2,,4.166667e-01
FAT1->-FLT4,2,1,2.500000,2,,3.750000e-01
FAT1->-FLT4 PIK3CA->-FAT1 PIK3CA->-FLT4,3,3,2.000000,2,,2.777778e-02
FAT1->-NF1 PIK3CA->-FAT1 PIK3CA->-NF1,3,3,2.000000,2,,7.407407e-02
KMT2C->-NOTCH3,2,1,2.500000,2,,3.740942e-01
SPEN->-FAT1,2,1,2.500000,2,,8.210034e-01
BRCA1->-CREBBP,2,1,2.500000,2,,5.813860e-01
ROS1->-BCOR,2,1,2.500000,2,,4.240620e-01
ARID1B->-KMT2A,2,1,2.500000,2,,3.740942e-01
ARID1B->-KMT2A ARID1B->-PIK3CA PIK3CA->-KMT2A,3,3,2.000000,2,,2.747585e-02
DDR2->-PIK3CA,2,1,2.500000,2,,3.321429e-01
PBRM1->-ERBB3,2,1,2.500000,2,,3.975051e-01
ATRX->-RB1,2,1,2.500000,2,,6.056973e-01
MAP3K1->-PTEN,2,1,2.500000,2,,9.839624e-01
SETD2->-ARID2,2,1,2.500000,2,,5.495297e-01
ARID1A->-TBX3,2,1,2.500000,2,,6.234626e-01
TP53->-FGFR1,2,1,2.500000,2,,3.630952e-01
TBX3->-MAP3K1,2,1,2.500000,2,,9.484816e-01
MAP3K1->-PIK3CA TBX3->-MAP3K1 TBX3->-PIK3CA,3,3,2.000000,2,,1.878628e-01
GATA3->-ASXL1,2,1,2.500000,2,,5.010041e-01
ARID1A->-MYC,2,1,2.500000,2,,3.911710e-01
ARID2->-CARD11,2,1,2.500000,2,,5.303258e-01
ARID1A->-CARD11,2,1,2.500000,2,,6.015080e-01
BRCA2->-ZFHX3,2,1,2.500000,2,,2.212480e-01
ATM->-SPEN,2,1,2.500000,2,,7.564531e-01
TBX3->-ESR1,2,1,2.500000,2,,5.582221e-01
ARID1A->-POLE,2,1,2.500000,2,,5.711484e-01
ARID1A->-POLE PIK3CA->-ARID1A PIK3CA->-POLE,3,3,2.000000,2,,7.198254e-02
NOTCH1->-ATM,2,1,2.500000,2,,7.061299e-01
PIK3CA->-MEN1,2,1,2.500000,2,,9.888984e-01
CDH1->-KMT2C CDH1->-MEN1 CDH1->-PIK3CA MEN1->-KMT2C PIK3CA->-KMT2C PIK3CA->-MEN1,4,6,2.000000,2,,7.897703e-04
CDH1->-KRAS,2,1,2.000000,2,,1.733860e-01
CDH1->-ARID5B CDH1->-MEN1 CDH1->-PIK3CA MEN1->-ARID5B PIK3CA->-ARID5B PIK3CA->-MEN1,4,6,2.000000,2,,8.142256e-04
CDH1->-CREBBP CDH1->-MEN1 CDH1->-PIK3CA MEN1->-CREBBP PIK3CA->-CREBBP PIK3CA->-MEN1,4,6,2.000000,2,,7.510494e-04
ERBB2->-RICTOR,2,1,2.500000,2,,4.041881e-01
PIK3CA->-KIT,2,1,2.500000,2,,5.235931e-01
PTEN->-DDR2,2,1,2.500000,2,,4.513486e-01
MAP3K1->-FANCA,2,1,2.500000,2,,2.914836e-01
YES1->-PARP1,2,1,2.500000,2,,3.099649e-01
PIK3CA->-PARP1 PIK3CA->-YES1 YES1->-PARP1,3,3,2.000000,2,,1.515499e-02
TP53->-PARP1 TP53->-YES1 YES1->-PARP1,3,3,2.000000,2,,1.489101e-02
TBX3->-FAT1,2,1,2.500000,2,,1.042266e-01
PIK3CG->-SETD2,2,1,2.500000,2,,2.293885e-01
KMT2A->-SETD2,2,1,2.500000,2,,3.425769e-01
KMT2A->-MED12,2,1,2.500000,2,,5.167632e-01
FOXA1->-KMT2A,2,1,2.500000,2,,3.481076e-01
FOXA1->-KMT2A FOXA1->-PIK3CA PIK3CA->-KMT2A,3,3,2.000000,2,,3.588154e-02
MGA->-KMT2A,2,1,2.500000,2,,4.100027e-01
KMT2C->-AKT1,2,1,2.500000,2,,9.072976e-01
PIK3CA->-RIT1,2,1,2.500000,2,,3.485576e-01
MED12->-FGFR4,2,1,2.500000,2,,3.443268e-01
PTCH1->-KMT2A,2,1,2.500000,2,,5.705564e-01
MAP3K1->-PIK3C3,2,1,2.499684,2,,1.604178e-01
MAP3K1->-JAK1,2,1,2.499684,2,,2.847608e-01
KMT2D->-PTPRT PIK3CA->-KMT2D PIK3CA->-PTPRT PIK3CA->-TP53 TP53->-KMT2D TP53->-PTPRT,4,6,2.490323,2,,5.585105e-03
ATR->-EP300,2,1,2.480000,2,,3.340583e-01
MGA->-ARID2 TP53->-ARID2 TP53->-MGA,3,3,2.470588,2,,2.911746e-02
BRCA2->-ARID1A,2,1,2.470588,2,,7.500091e-01
PIK3CA->-CD274,2,1,2.459016,2,,5.674985e-01
TP53->-U2AF1,2,1,2.440287,2,,3.060847e-01
CDH1->-BRCA1 TP53->-BRCA1 TP53->-CDH1,3,3,2.428571,2,,7.225502e-02
SMAD4->-NCOR1,2,1,2.400000,2,,4.190476e-01
FAT1->-KMT2C,2,1,2.400000,2,,9.505359e-01
FAT1->-PTEN,2,1,2.400000,2,,7.312410e-01
ARID2->-ALK,2,1,2.363636,2,,4.621550e-01
TP53->-LATS2,2,1,2.359794,2,,5.117369e-01
PTPRT->-ARID2,2,1,2.347826,2,,5.945203e-01
FOXA1->-FAT1,2,1,2.341463,2,,3.833997e-01
PTPRS->-KMT2D TP53->-KMT2D TP53->-PTPRS,3,3,2.333333,2,,4.815926e-02
GPS2->-TP53,2,1,2.333333,2,,4.166667e-01
TSC2->-KMT2D,2,1,2.333333,2,,3.537323e-01
MGA->-KMT2D TP53->-KMT2D TP53->-MGA,3,3,2.333333,2,,4.761399e-02
MGA->-KMT2D PIK3CA->-KMT2D PIK3CA->-MGA,3,3,2.333333,2,,4.781769e-02
KMT2C->-PIK3R1,2,1,2.333333,2,,7.549323e-01
FOXA1->-NCOR1,2,1,2.333333,2,,4.978292e-01
CDH1->-FOXA1 CDH1->-NCOR1 FOXA1->-NCOR1,3,3,2.000000,2,,2.747585e-02
AKT1->-PIK3CA,2,1,2.333333,2,,3.777778e-01
NOTCH4->-APC,2,1,2.277778,2,,5.324096e-01
BRCA2->-TP53,2,1,2.276923,2,,9.923777e-01
TBX3->-ERBB3,2,1,2.274854,2,,7.777561e-01
CDH1->-ERBB3 CDH1->-TBX3 TBX3->-ERBB3,3,3,2.000000,2,,2.777778e-02
FBXW7->-PIK3CA,2,1,2.266667,2,,7.670482e-01
FLT4->-PIK3CA,2,1,2.251111,2,,9.904214e-01
PIK3CA->-CDC73,2,1,2.250000,2,,5.572806e-01
TET2->-SETD2 TP53->-SETD2 TP53->-TET2,3,3,2.250000,2,,6.262888e-02
TP53->-SUFU,2,1,2.000000,2,,5.506786e-02
TP53->-ZRSR2,2,1,2.000000,2,,3.094988e-01
IRS2->-TET2,2,1,2.000000,2,,4.562307e-02
TP53->-BCL6,2,1,2.000000,2,,2.875245e-01
TP53->-TOP1,2,1,2.000000,2,,8.109595e-02
FGFR4->-MSH6 TP53->-FGFR4 TP53->-MSH6,3,3,2.000000,2,,1.378181e-03
TP53->-PPP2R1A,2,1,2.000000,2,,8.074596e-02
FGFR4->-PTPRD,2,1,2.000000,2,,8.274586e-02
FGFR4->-ERBB3,2,1,2.000000,2,,8.147093e-02
TP53->-AMER1,2,1,2.000000,2,,3.439185e-01
ABL1->-TP53,2,1,2.000000,2,,5.881272e-01
TBX3->-PIK3CG,2,1,2.000000,2,,1.293685e-01
TP53->-CD79A,2,1,2.000000,2,,6.514436e-02
TP53->-GNAS,2,1,2.000000,2,,7.194640e-02
TP53->-CD79B,2,1,2.000000,2,,5.800710e-02
PIK3CA->-RPS6KA4,2,1,2.000000,2,,3.662317e-01
PIK3CA->-RARA,2,1,2.000000,2,,1.133943e-01
NCOR1->-POLE TP53->-NCOR1 TP53->-POLE,3,3,2.000000,2,,4.901660e-03
ATM->-TP53,2,1,2.000000,2,,9.735931e-01
KMT2C->-WT1,2,1,2.000000,2,,6.024699e-02
KMT2C->-FOXA1,2,1,2.000000,2,,7.628777e-01
BRCA1->-PTCH1,2,1,2.000000,2,,6.705271e-02
BRCA1->-PTPRT,2,1,2.000000,2,,6.914733e-02
KLF4->-MED12,2,1,2.000000,2,,1.543423e-01
KLF4->-NCOR1,2,1,2.000000,2,,1.511174e-01
ROS1->-NF2,2,1,2.000000,2,,9.149543e-02
TP53->-PARK2,2,1,2.000000,2,,5.139654e-02
PIK3CA->-PMS2,2,1,2.000000,2,,1.449928e-01
CDKN2A->-EP300,2,1,2.000000,2,,1.445178e-01
CDKN2A->-NOTCH4 PIK3CA->-CDKN2A PIK3CA->-NOTCH4,3,3,2.000000,2,,7.697365e-03
ERBB3->-NUP93,2,1,2.000000,2,,1.068697e-01
SDHB->-INPP4B,2,1,2.000000,2,,1.556922e-01
CDH1->-CTCF CDH1->-ERBB3 ERBB3->-CTCF,3,3,2.000000,2,,2.399880e-03
CDH1->-NUP93,2,1,2.000000,2,,1.056697e-01
KMT2D->-GATA3,2,1,2.000000,2,,6.721039e-01
PTCH1->-GATA3,2,1,2.000000,2,,2.075468e-01
TP53->-SH2D1A,2,1,2.000000,2,,3.367708e-02
PDGFRB->-PIK3CA,2,1,2.000000,2,,4.066515e-01
BLM->-STK11,2,1,2.000000,2,,2.337133e-01
STK11->-MAP2K2,2,1,2.000000,2,,1.941028e-01
STK11->-GATA3,2,1,2.000000,2,,2.317384e-01
BLM->-FAT1 BLM->-KDR FAT1->-KDR,3,3,2.000000,2,,2.254054e-02
KMT2C->-EP300 KMT2D->-EP300 KMT2D->-KMT2C,3,3,2.000000,2,,2.276553e-02
ARID1B->-KDR,2,1,2.000000,2,,2.348133e-01
ARID1B->-GATA3,2,1,2.000000,2,,4.828759e-01
STK11->-PTCH1,2,1,2.000000,2,,2.307385e-01
CDH1->-PIK3CA STK11->-CDH1 STK11->-PIK3CA,3,3,2.000000,2,,6.524118e-02
CDH1->-PIK3CA RAD52->-CDH1 RAD52->-PIK3CA,3,3,2.000000,2,,2.209223e-02
BLM->-GATA3,2,1,2.000000,2,,3.865557e-01
MAP2K2->-KMT2C,2,1,2.000000,2,,2.315217e-01
JAK3->-PIK3CA,2,1,2.000000,2,,8.236836e-01
TP53->-EED,2,1,2.000000,2,,8.518777e-02
PIK3CA->-RAD21,2,1,2.000000,2,,3.127159e-01
FBXW7->-EPHA7,2,1,2.000000,2,,1.442829e-01
BLM->-ARID1B,2,1,2.000000,2,,1.971057e-01
TP53->-FAM175A,2,1,2.000000,2,,2.223108e-01
KMT2D->-ARID1B,2,1,2.000000,2,,1.656406e-01
KMT2D->-INPP4B,2,1,2.000000,2,,1.674224e-01
TP53->-IGF1,2,1,2.000000,2,,1.250000e-01
JAK3->-GATA3 MAP2K4->-GATA3 MAP2K4->-JAK3,3,3,2.000000,2,,1.782407e-02
JAK2->-BLM JAK2->-MAP3K13 MAP3K13->-BLM,3,3,2.000000,2,,1.190476e-02
PTEN->-BARD1 TP53->-BARD1 TP53->-PTEN,3,3,2.000000,2,,9.722222e-03
TP53->-ALOX12B,2,1,2.000000,2,,1.732913e-01
TP53->-SMAD4,2,1,2.000000,2,,7.544643e-01
PIK3CA->-FAM175A,2,1,2.000000,2,,3.133333e-01
ARID1A->-FLT4,2,1,2.000000,2,,2.666117e-01
ESR1->-AMER1,2,1,2.000000,2,,4.394319e-01
INHA->-PIK3CA,2,1,2.000000,2,,2.242563e-01
SETD2->-ATRX,2,1,2.000000,2,,2.215724e-01
ARID1A->-CARD11 SETD2->-ARID1A SETD2->-CARD11,3,3,2.000000,2,,2.192447e-02
ARID2->-CARD11 SETD2->-ARID2 SETD2->-CARD11,3,3,2.000000,2,,2.192447e-02
SETD2->-LATS2,2,1,2.000000,2,,3.918129e-01
SETD2->-ESR1,2,1,2.000000,2,,1.500975e-01
TET1->-DNMT3B,2,1,2.000000,2,,2.251462e-01
ESR1->-DNMT3B,2,1,2.000000,2,,4.751462e-01
CCNE1->-IGF1R PIK3CA->-CCNE1 PIK3CA->-IGF1R,3,3,2.000000,2,,2.296182e-02
CCNE1->-RICTOR PIK3CA->-CCNE1 PIK3CA->-RICTOR,3,3,2.000000,2,,2.296182e-02
ARID1A->-DNMT3B,2,1,2.000000,2,,6.681578e-01
FAT1->-CARD11 TET1->-CARD11 TET1->-FAT1,3,3,2.000000,2,,6.604747e-02
TET1->-ARID2,2,1,2.000000,2,,2.251462e-01
ESR1->-TET1,2,1,2.000000,2,,6.688596e-01
TET1->-PIK3CA,2,1,2.000000,2,,9.399384e-01
SETD2->-BRCA2,2,1,2.000000,2,,5.000000e-01
FAT1->-DICER1,2,1,2.000000,2,,2.500000e-01
MSH6->-PIK3CA,2,1,2.000000,2,,8.903646e-01
EP300->-MAP3K1,2,1,2.000000,2,,2.500000e-01
ATM->-MSH6,2,1,2.000000,2,,2.491667e-01
TP53->-RAB35,2,1,2.000000,2,,1.666667e-01
KDM5A->-PIK3CA,2,1,2.000000,2,,7.083333e-01
MEN1->-KMT2A,2,1,2.000000,2,,1.428571e-01
RECQL4->-TP53,2,1,2.000000,2,,8.266108e-01
TET1->-ARID1B,2,1,2.000000,2,,2.500000e-01
ARID2->-PTPRD,2,1,2.000000,2,,2.500000e-01
ARID2->-KMT2C,2,1,2.000000,2,,6.868207e-01
PTPRD->-XPO1,2,1,2.000000,2,,1.964286e-01
KMT2C->-CDK8,2,1,2.000000,2,,1.591435e-01
TP53->-RYBP,2,1,2.000000,2,,1.597222e-01
CDH1->-DOT1L CDH1->-PIK3CA PIK3CA->-DOT1L,3,3,2.000000,2,,2.777778e-02
ARID1A->-DOT1L ARID1A->-FOXA1 DOT1L->-FOXA1,3,3,2.000000,2,,7.936508e-03
CDH1->-EZH2 CDH1->-TP53 TP53->-EZH2,3,3,2.000000,2,,2.777778e-02
CDH1->-TSC1,2,1,2.000000,2,,2.333333e-01
MAP3K1->-CBFB,2,1,2.000000,2,,9.846401e-01
MAP3K1->-EGFR,2,1,2.000000,2,,2.500000e-01
SPOP->-MAP3K1,2,1,2.000000,2,,6.230159e-01
AKT1->-EGFR,2,1,2.000000,2,,2.013889e-01
MTOR->-DNMT1,2,1,2.000000,2,,2.500000e-01
AR->-ARID1A,2,1,2.000000,2,,4.319284e-01
PIK3CA->-TGFBR1,2,1,2.000000,2,,2.500000e-01
MAP3K1->-TGFBR1,2,1,2.000000,2,,2.500000e-01
ASXL2->-FOXP1 PIK3CA->-ASXL2 PIK3CA->-FOXP1,3,3,2.000000,2,,2.729045e-02
RB1->-FOXP1,2,1,2.000000,2,,2.485380e-01
PDCD1->-FOXP1,2,1,2.000000,2,,2.475556e-01
STAG2->-CHEK2,2,1,2.000000,2,,4.985380e-01
NCOR1->-FGFR3,2,1,2.000000,2,,2.476375e-01
NCOR1->-TSC1,2,1,2.000000,2,,2.319688e-01
PDCD1->-FAT1 PIK3CA->-FAT1 PIK3CA->-PDCD1,3,3,2.000000,2,,2.729045e-02
PDCD1->-RB1 PIK3CA->-PDCD1 PIK3CA->-RB1,3,3,2.000000,2,,2.729045e-02
STAG2->-TET1,2,1,2.000000,2,,2.485380e-01
FOXA1->-ERBB2,2,1,2.000000,2,,8.680060e-01
ARID2->-IKZF1 ARID2->-PIK3CA IKZF1->-PIK3CA,3,3,2.000000,2,,1.587302e-02
ARID2->-NSD1,2,1,2.000000,2,,4.404762e-01
NSD1->-PIK3CA TP53->-NSD1 TP53->-PIK3CA,3,3,2.000000,2,,8.749055e-02
CDH1->-BCOR,2,1,2.000000,2,,5.000000e-01
CDKN2A->-KMT2C,2,1,2.000000,2,,2.500000e-01
FBXW7->-SMARCA4,2,1,2.000000,2,,2.170330e-01
FBXW7->-PDGFRA,2,1,2.000000,2,,2.110043e-01
ARID1A->-MET,2,1,2.000000,2,,1.833333e-01
ARID1A->-FGFR3,2,1,2.000000,2,,1.826691e-01
GATA3->-GRIN2A,2,1,2.000000,2,,1.833333e-01
CDH1->-FOXL2,2,1,2.000000,2,,2.500000e-01
AKT1->-EPHA7,2,1,2.000000,2,,2.500000e-01
AKT1->-CD276,2,1,2.000000,2,,1.666667e-01
ATM->-MDC1,2,1,2.000000,2,,3.549509e-01
LATS1->-ROS1,2,1,2.000000,2,,4.250000e-01
CDH1->-IGF1R,2,1,2.000000,2,,2.500000e-01
CDH1->-KLF4,2,1,2.000000,2,,2.500000e-01
KLF4->-GRIN2A,2,1,2.000000,2,,2.500000e-01
MAP3K1->-RICTOR,2,1,2.000000,2,,1.683916e-01
MAP3K1->-RAD51C,2,1,2.000000,2,,1.102612e-01
MAP3K1->-IRS1,2,1,2.000000,2,,1.677416e-01
EPHA7->-HIST1H3B,2,1,2.000000,2,,1.703415e-01
MDC1->-HIST1H3B,2,1,2.000000,2,,1.701665e-01
RAD51C->-PIK3CA,2,1,2.000000,2,,6.841039e-01
PTEN->-AR,2,1,2.000000,2,,1.696429e-01
PTEN->-NOTCH2,2,1,2.000000,2,,1.696429e-01
TP53->-HIST1H3I,2,1,2.000000,2,,1.669501e-01
PIK3CA->-H3F3B,2,1,2.000000,2,,1.666667e-01
PIK3CA->-CREBBP PIK3CA->-PLK2 PLK2->-CREBBP,3,3,2.000000,2,,4.036389e-02
NOTCH2->-CREBBP TP53->-CREBBP TP53->-NOTCH2,3,3,2.000000,2,,9.424603e-03
ESR1->-CREBBP,2,1,2.000000,2,,2.142857e-01
MAP2K1->-ESR1,2,1,2.000000,2,,1.875000e-01
ESR1->-JAK1,2,1,2.000000,2,,5.000000e-01
ALK->-MAP3K1,2,1,2.000000,2,,5.494234e-01
CCNE1->-ESR1 CCNE1->-MAP3K1 ESR1->-MAP3K1,3,3,2.000000,2,,2.777778e-02
MEN1->-MAP3K1,2,1,2.000000,2,,7.041171e-01
MYC->-PIK3CA,2,1,2.000000,2,,5.338108e-01
GATA3->-HIST1H3F,2,1,2.000000,2,,2.500000e-01
FLT3->-SPEN GATA3->-FLT3 GATA3->-SPEN STAG2->-FLT3 STAG2->-GATA3 STAG2->-SPEN,4,6,2.000000,2,,9.424603e-04
FLT3->-EGFR,2,1,2.000000,2,,2.500000e-01
KMT2C->-MYC,2,1,2.000000,2,,2.500000e-01
ATM->-CHEK2,2,1,2.000000,2,,2.476190e-01
ATM->-EGFR,2,1,2.000000,2,,2.500000e-01
ATM->-NUP93,2,1,2.000000,2,,2.491667e-01
PIK3CA->-NUP93 PIK3CA->-SPEN SPEN->-NUP93,3,3,2.000000,2,,2.750000e-02
CDH1->-MPL,2,1,2.000000,2,,2.150997e-01
CDH1->-CSF1R,2,1,2.000000,2,,2.500000e-01
CIC->-ARID1A,2,1,2.000000,2,,3.502825e-01
SMARCA4->-ATR,2,1,2.000000,2,,2.460317e-01
ATR->-TP53,2,1,2.000000,2,,9.984181e-01
PIK3CA->-TP53 SMARCA4->-PIK3CA SMARCA4->-TP53,3,3,2.000000,2,,1.485330e-01
RAD54L->-KMT2C,2,1,2.000000,2,,4.901656e-01
ROS1->-TP53 TBX3->-ROS1 TBX3->-TP53,3,3,2.000000,2,,4.362875e-02
TBX3->-TSC2,2,1,2.000000,2,,2.490942e-01
TSC2->-TP53,2,1,2.000000,2,,9.560322e-01
KMT2C->-KDM5C,2,1,2.000000,2,,3.316334e-01
KMT2C->-RAD50,2,1,2.000000,2,,2.293024e-01
NF1->-HIST1H3B,2,1,2.000000,2,,1.666667e-01
PIK3CA->-H3F3C,2,1,2.000000,2,,5.000000e-01
PIK3CA->-MAP3K13,2,1,2.000000,2,,6.305935e-01
PLK2->-KMT2D,2,1,2.000000,2,,2.500000e-01
CDKN2A->-KMT2D TP53->-CDKN2A TP53->-KMT2D,3,3,2.000000,2,,2.750000e-02
PIK3CA->-LATS1,2,1,2.000000,2,,5.729401e-01
DNMT3A->-TP53,2,1,2.000000,2,,9.393326e-01
PTEN->-CARD11 TP53->-CARD11 TP53->-PTEN,3,3,2.000000,2,,1.878703e-02
IRS2->-AXIN1,2,1,2.000000,2,,1.114055e-01
PTEN->-RASA1,2,1,2.000000,2,,2.111111e-01
NCOR1->-AXIN1,2,1,2.000000,2,,2.111111e-01
NCOR1->-RASA1,2,1,2.000000,2,,2.111111e-01
PIK3CA->-CDK4,2,1,2.000000,2,,2.500000e-01
ATR->-NSD1,2,1,2.000000,2,,2.476190e-01
ERCC5->-FGFR4 TP53->-ERCC5 TP53->-FGFR4,3,3,2.000000,2,,2.671429e-02
NF1->-ERCC5 TP53->-ERCC5 TP53->-NF1,3,3,2.000000,2,,2.698413e-02
TP53->-SPOP,2,1,2.000000,2,,2.476190e-01
SPOP->-NF1,2,1,2.000000,2,,2.476190e-01
RUNX1->-CDKN1B,2,1,2.000000,2,,1.666667e-01
TP53->-PAX5,2,1,2.000000,2,,1.000000e-01
NF1->-CTCF,2,1,2.000000,2,,2.500000e-01
BRAF->-PIK3CA,2,1,2.000000,2,,8.125000e-01
PTEN->-ASXL1,2,1,2.000000,2,,1.750000e-01
CDH1->-CHEK2,2,1,2.000000,2,,4.976190e-01
GATA3->-MST1,2,1,2.000000,2,,8.750000e-02
TSC1->-TP53,2,1,2.000000,2,,8.512226e-01
RB1->-FBXW7 TP53->-FBXW7 TP53->-RB1,3,3,2.000000,2,,2.222222e-02
CDH1->-AXIN1,2,1,2.000000,2,,4.500000e-01
CDH1->-SOX17 CDH1->-TP53 TP53->-SOX17,3,3,2.000000,2,,2.777778e-02
RB1->-AXIN1 TP53->-AXIN1 TP53->-RB1,3,3,2.000000,2,,2.777778e-02
PBRM1->-ERBB2,2,1,2.000000,2,,2.500000e-01
NF1->-PTPRD NF1->-TP53 TP53->-PTPRD,3,3,2.000000,2,,1.388889e-02
NF1->-EPHA7,2,1,2.000000,2,,4.205128e-01
ESR1->-ARID1B,2,1,2.000000,2,,4.387281e-02
CDH1->-ALOX12B,2,1,2.000000,2,,2.500000e-01
CDH1->-PTEN CDH1->-RHOA PTEN->-RHOA,3,3,2.000000,2,,2.777778e-02
PTEN->-ESR1,2,1,2.000000,2,,5.000000e-01
ESR1->-ALOX12B,2,1,2.000000,2,,2.500000e-01
MAP2K4->-BRCA2 TP53->-BRCA2 TP53->-MAP2K4,3,3,2.000000,2,,2.308218e-03
ATM->-RPS6KB2,2,1,2.000000,2,,1.392275e-01
ATM->-RICTOR,2,1,2.000000,2,,1.409430e-01
TBX3->-MED12,2,1,2.000000,2,,1.955782e-01
GATA3->-MAP2K4,2,1,2.000000,2,,9.577083e-01
GATA3->-CDH1,2,1,2.000000,2,,9.927066e-01
CREBBP->-DNMT3B,2,1,2.000000,2,,2.253709e-01
CREBBP->-RB1,2,1,2.000000,2,,1.822090e-01
KMT2D->-RB1 TP53->-KMT2D TP53->-RB1,3,3,2.000000,2,,6.029291e-02
PIK3CA->-RAC1,2,1,2.000000,2,,1.166667e-01
KLF4->-TP53,2,1,2.000000,2,,8.287700e-01
GATA3->-JAK1,2,1,2.000000,2,,2.333333e-01
CIC->-KMT2D,2,1,2.000000,2,,3.507825e-01
PIK3R1->-KMT2C,2,1,2.000000,2,,7.549323e-01
CDH1->-TP63,2,1,2.000000,2,,2.490942e-01
ERBB2->-TP63,2,1,2.000000,2,,2.490942e-01
FLT1->-MAP3K1,2,1,2.000000,2,,3.823559e-01
PIK3CA->-FLT1 PIK3CA->-SPEN SPEN->-FLT1,3,3,2.000000,2,,2.777778e-02
PIK3CA->-POLE PIK3CA->-SPEN SPEN->-POLE,3,3,2.000000,2,,2.777778e-02
FBXW7->-FLT4,2,1,2.000000,2,,2.083333e-01
FBXW7->-TP53,2,1,2.000000,2,,9.925493e-01
STAT3->-PIK3CA,2,1,2.000000,2,,2.500000e-01
RUNX1->-ERBB2,2,1,2.000000,2,,9.218750e-01
PIK3CA->-MAP2K1,2,1,2.000000,2,,3.916667e-01
PIK3CA->-CUL3,2,1,2.000000,2,,4.583333e-01
CDH1->-BRAF,2,1,2.000000,2,,2.500000e-01
RHOA->-CDH1,2,1,2.000000,2,,8.396046e-01
ARID1A->-RHOA,2,1,2.000000,2,,1.428571e-01
CDH1->-PIK3CA PTPRT->-CDH1 PTPRT->-PIK3CA,3,3,2.000000,2,,7.352511e-02
PTPRT->-MAP3K1,2,1,2.000000,2,,5.983451e-01
ATR->-NOTCH4 PIK3CA->-ATR PIK3CA->-NOTCH4,3,3,2.000000,2,,2.750000e-02
ATR->-GRIN2A,2,1,2.000000,2,,2.500000e-01
FLT1->-PIK3CA,2,1,2.000000,2,,7.533248e-01
AKT1->-RAD54L,2,1,2.000000,2,,1.320934e-01
RECQL4->-GATA3,2,1,2.000000,2,,3.502575e-01
KMT2C->-ANKRD11,2,1,2.000000,2,,4.228039e-01
PTPRT->-PTPRS,2,1,2.000000,2,,2.500000e-01
NF1->-PTPRS,2,1,2.000000,2,,4.641939e-01
INHA->-CREBBP,2,1,2.000000,2,,2.223320e-01
TP53->-HIST1H3G,2,1,2.000000,2,,3.768812e-01
RUNX1->-SETD2,2,1,2.000000,2,,1.666667e-01
RUNX1->-GATA3,2,1,2.000000,2,,1.666667e-01
NF1->-ERBB2,2,1,2.000000,2,,4.990942e-01
PIK3CG->-PIK3CA,2,1,2.000000,2,,8.567858e-01
IRS1->-ESR1,2,1,2.000000,2,,2.500000e-01
IRS1->-SPEN,2,1,2.000000,2,,3.348083e-01
CDK12->-TP53,2,1,2.000000,2,,6.047609e-01
KMT2C->-CBFB,2,1,2.000000,2,,7.319444e-01
KMT2C->-ARID5B,2,1,2.000000,2,,4.232480e-01
FOXA1->-PTPRD,2,1,2.000000,2,,1.964286e-01
CDKN1B->-PTPRD,2,1,2.000000,2,,1.964286e-01
FOXA1->-XPO1,2,1,2.000000,2,,1.957169e-01
ERBB2->-XPO1,2,1,2.000000,2,,1.964286e-01
SOX9->-IRS1,2,1,2.000000,2,,1.245471e-01
SOX9->-PIK3CA,2,1,2.000000,2,,5.929574e-01
RUNX1->-JUN,2,1,2.000000,2,,2.250000e-01
CDH1->-KMT2C CDH1->-RUNX1 KMT2C->-RUNX1,3,3,2.000000,2,,1.319444e-01
SPEN->-RUNX1,2,1,2.000000,2,,2.491667e-01
PIK3CA->-RB1 PIK3CA->-RUNX1 RB1->-RUNX1,3,3,2.000000,2,,2.777778e-02
RB1->-RUNX1 TP53->-RB1 TP53->-RUNX1,3,3,2.000000,2,,2.777778e-02
ERBB2->-GATA3,2,1,2.000000,2,,1.666667e-01
MAP2K4->-ATM,2,1,2.000000,2,,2.380952e-01
PIK3C2G->-NCOR1,2,1,2.000000,2,,4.990119e-01
PIK3C2G->-EGFR,2,1,2.000000,2,,2.500000e-01
DNMT3B->-ARID1A,2,1,2.000000,2,,6.681578e-01
MAP3K1->-AR,2,1,2.000000,2,,5.000000e-01
CDH1->-MAP3K1 CDH1->-POLE MAP3K1->-POLE,3,3,2.000000,2,,2.777778e-02
MAP3K1->-NF1 PIK3CA->-MAP3K1 PIK3CA->-NF1,3,3,2.000000,2,,7.407407e-02
GATA3->-RAD50 PIK3CA->-GATA3 PIK3CA->-RAD50,3,3,2.000000,2,,2.777778e-02
ESR1->-RAD50 PIK3CA->-ESR1 PIK3CA->-RAD50,3,3,2.000000,2,,2.782639e-02
GATA3->-AR,2,1,2.000000,2,,5.000000e-01
CDH1->-NF1 CDH1->-RAD50 NF1->-RAD50,3,3,2.000000,2,,2.184236e-02
ESR1->-POLE,2,1,2.000000,2,,2.500000e-01
NF1->-POLE,2,1,2.000000,2,,2.500000e-01
MAX->-PIK3CA,2,1,2.000000,2,,3.396330e-01
ERBB3->-POLE,2,1,2.000000,2,,2.333333e-01
ARID1B->-ZFHX3,2,1,2.000000,2,,4.603049e-02
PIK3CA->-MYC,2,1,2.000000,2,,5.318609e-01
PIK3CA->-PPM1D,2,1,2.000000,2,,4.252287e-02
ESR1->-ZFHX3,2,1,2.000000,2,,4.389781e-02
PIK3CA->-DCUN1D1,2,1,2.000000,2,,1.010449e-01
TP53->-CBFB,2,1,2.000000,2,,9.393621e-01
AKT1->-CREBBP,2,1,2.000000,2,,2.013889e-01
AKT1->-RB1,2,1,2.000000,2,,1.622299e-01
AKT1->-ARID1A,2,1,2.000000,2,,4.423856e-01
CDH1->-SMAD2,2,1,2.000000,2,,4.990119e-01
CDH1->-PIK3CB,2,1,2.000000,2,,2.500000e-01
IRS2->-TP53,2,1,2.000000,2,,6.827477e-01
IRS2->-POLE,2,1,2.000000,2,,1.314184e-01
MAP2K4->-CIC,2,1,2.000000,2,,8.383438e-02
MAP2K4->-KMT2D,2,1,2.000000,2,,9.982001e-02
CBFB->-TBX3,2,1,2.000000,2,,6.375000e-01
CDH1->-FGFR2,2,1,2.000000,2,,1.743083e-01
KDM6A->-CDH1,2,1,2.000000,2,,8.115809e-01
PIK3CA->-RAB35,2,1,2.000000,2,,2.500000e-01
ARID2->-BCOR TP53->-ARID2 TP53->-BCOR,3,3,2.000000,2,,2.652286e-02
RB1->-NOTCH2 TP53->-NOTCH2 TP53->-RB1,3,3,2.000000,2,,2.777778e-02
ATM->-RUNX1 PIK3CA->-ATM PIK3CA->-RUNX1,3,3,2.000000,2,,5.500000e-03
TP53->-CRLF2,2,1,2.000000,2,,2.500000e-01
ARID1A->-AKT1,2,1,2.000000,2,,4.399184e-01
CDH1->-INPP4A CDH1->-PIK3CA PIK3CA->-INPP4A,3,3,2.000000,2,,2.777778e-02
CDH1->-ERBB2 CDH1->-NCOR1 NCOR1->-ERBB2,3,3,2.000000,2,,7.407407e-02
CDH1->-GNAS,2,1,2.000000,2,,2.500000e-01
CDH1->-EIF4A2,2,1,2.000000,2,,2.500000e-01
NCOR1->-KDM6A,2,1,2.000000,2,,2.500000e-01
KDM6A->-GRIN2A TP53->-GRIN2A TP53->-KDM6A,3,3,2.000000,2,,2.777778e-02
CDH1->-CDKN2A CDH1->-NCOR1 CDKN2A->-NCOR1,3,3,2.000000,2,,2.777778e-02
NCOR1->-TET2 TP53->-NCOR1 TP53->-TET2,3,3,2.000000,2,,2.777778e-02
TET2->-GRIN2A,2,1,2.000000,2,,1.308685e-01
PTCH1->-NOTCH2,2,1,2.000000,2,,2.481618e-01
KDM6A->-KMT2A,2,1,2.000000,2,,4.981618e-01
RASA1->-KMT2A,2,1,2.000000,2,,1.767213e-01
CDH1->-SLX4,2,1,2.000000,2,,2.481618e-01
CDH1->-FGF19,2,1,2.000000,2,,2.481618e-01
NOTCH4->-NOTCH2,2,1,2.000000,2,,3.457945e-01
NOTCH4->-EED,2,1,2.000000,2,,2.154371e-01
CDH1->-MSH2 CDH1->-RASA1 MSH2->-RASA1,3,3,2.000000,2,,2.716503e-02
KMT2C->-RASA1,2,1,2.000000,2,,4.320652e-01
PIK3CA->-GNAS,2,1,2.000000,2,,2.500000e-01
SF3B1->-KMT2C,2,1,2.000000,2,,4.880952e-01
TP53->-CBL,2,1,2.000000,2,,2.444444e-01
PIK3CA->-ERG PIK3CA->-TP53 TP53->-ERG,3,3,2.000000,2,,2.592593e-02
PIK3CA->-POLE PIK3CA->-RB1 RB1->-POLE,3,3,2.000000,2,,6.895190e-02
CDH1->-PIK3CA CDH1->-SMARCD1 PIK3CA->-SMARCD1,3,3,2.000000,2,,6.944444e-03
ARID1B->-PIK3R1,2,1,2.000000,2,,4.650997e-01
ARID1B->-RUNX1,2,1,2.000000,2,,2.430556e-01
PIK3R1->-RUNX1,2,1,2.000000,2,,1.666667e-01
NCOR1->-ARID1A,2,1,2.000000,2,,8.120471e-01
CDH1->-JAK1,2,1,2.000000,2,,4.976190e-01
JAK1->-BRCA2,2,1,2.000000,2,,2.142857e-01
ESR1->-PTPRD TP53->-ESR1 TP53->-PTPRD,3,3,2.000000,2,,1.388889e-02
BRCA2->-PTPRD,2,1,2.000000,2,,2.500000e-01
RAD54L->-NCOR1,2,1,2.000000,2,,2.490942e-01
BRCA2->-BAP1,2,1,2.000000,2,,1.409091e-01
TP53->-NEGR1,2,1,2.000000,2,,2.013889e-01
RB1->-TSHR,2,1,2.000000,2,,2.500000e-01
RB1->-FLT4,2,1,2.000000,2,,3.953302e-01
RB1->-KMT2D,2,1,2.000000,2,,6.665722e-01
ATRX->-KMT2D,2,1,2.000000,2,,4.304352e-01
CTCF->-GPS2,2,1,2.000000,2,,1.750000e-01
AXIN1->-SMARCA4,2,1,2.000000,2,,1.327684e-01
AKT1->-AXIN1,2,1,2.000000,2,,1.325434e-01
NSD1->-MDM2,2,1,2.000000,2,,1.061847e-01
SMARCA4->-TET1,2,1,2.000000,2,,1.361932e-01
BCOR->-GRIN2A,2,1,2.000000,2,,3.101148e-01
NOTCH2->-TET1,2,1,2.000000,2,,1.349433e-01
PIK3CA->-PAX5,2,1,2.000000,2,,1.250000e-01
EPHB1->-MAP3K1,2,1,2.000000,2,,7.827381e-01
KMT2D->-MDC1 TP53->-KMT2D TP53->-MDC1,3,3,2.000000,2,,2.182540e-02
PTEN->-KMT2D TP53->-KMT2D TP53->-PTEN,3,3,2.000000,2,,7.198254e-02
NCOR1->-ALK,2,1,2.000000,2,,2.490942e-01
ANKRD11->-KMT2D,2,1,2.000000,2,,5.749275e-01
GATA3->-KDM5A,2,1,2.000000,2,,5.000000e-01
TP53->-YAP1,2,1,2.000000,2,,5.000000e-01
CARD11->-TP53,2,1,2.000000,2,,9.823040e-01
CDKN2A->-CARD11,2,1,2.000000,2,,2.491667e-01
PIK3CA->-BRIP1 PIK3CA->-RUNX1 RUNX1->-BRIP1,3,3,2.000000,2,,1.944444e-02
PIK3CA->-SOX9,2,1,2.000000,2,,5.929574e-01
CDH1->-SOX9,2,1,2.000000,2,,4.324275e-01
BRCA2->-STK11,2,1,2.000000,2,,2.500000e-01
ESR1->-GNAS,2,1,2.000000,2,,2.500000e-01
MAP3K1->-SPOP,2,1,2.000000,2,,6.230159e-01
MAP3K1->-DNMT3A,2,1,2.000000,2,,1.666667e-01
BCL6->-NOTCH1 CDH1->-BCL6 CDH1->-NOTCH1,3,3,2.000000,2,,2.777778e-02
ATM->-CDH1 ATM->-PIK3CA CDH1->-PIK3CA,3,3,2.000000,2,,1.302910e-01
ATM->-NOTCH1,2,1,2.000000,2,,7.060088e-01
ATM->-NOTCH4 TP53->-ATM TP53->-NOTCH4,3,3,2.000000,2,,2.750000e-02
PIK3CA->-REL,2,1,2.000000,2,,2.083333e-01
PIK3CA->-BCL6,2,1,2.000000,2,,5.000000e-01
PIK3CA->-SYK,2,1,2.000000,2,,2.500000e-01
MAP3K1->-NOTCH1 MAP3K1->-PIK3CA PIK3CA->-NOTCH1,3,3,2.000000,2,,1.257440e-01
MAP3K1->-REL TP53->-MAP3K1 TP53->-REL,3,3,2.000000,2,,2.777778e-02
MAP3K1->-SF3B1,2,1,2.000000,2,,3.630952e-01
CDH1->-DNMT3A CDH1->-KDR DNMT3A->-KDR,3,3,2.000000,2,,2.777778e-02
RB1->-NOTCH1 TP53->-NOTCH1 TP53->-RB1,3,3,2.000000,2,,2.777778e-02
RB1->-PTPRT TP53->-PTPRT TP53->-RB1,3,3,2.000000,2,,7.198254e-02
PIK3C2G->-PTPRT TP53->-PIK3C2G TP53->-PTPRT,3,3,2.000000,2,,2.744840e-02
ATM->-PIK3CA ATM->-SF3B1 PIK3CA->-SF3B1,3,3,2.000000,2,,1.388889e-02
SMAD4->-MAP3K1,2,1,2.000000,2,,2.000000e-01
SMAD4->-KMT2C,2,1,2.000000,2,,2.987601e-01
KMT2C->-MDM2,2,1,2.000000,2,,1.500000e-01
SOX9->-PDGFRA,2,1,2.000000,2,,2.415459e-01
DOT1L->-PDGFRA,2,1,2.000000,2,,2.424242e-01
PALB2->-KDM5C,2,1,2.000000,2,,2.424242e-01
APC->-RB1 TP53->-APC TP53->-RB1,3,3,2.000000,2,,7.198254e-02
APC->-EPHB1 APC->-KMT2D KMT2D->-EPHB1 TP53->-APC TP53->-EPHB1 TP53->-KMT2D,4,6,2.000000,2,,1.587471e-03
TP53->-KEAP1,2,1,2.000000,2,,1.696429e-01
EPCAM->-ARID1B,2,1,2.000000,2,,2.430556e-01
ARID1B->-PDGFRA,2,1,2.000000,2,,2.421749e-01
CIC->-RUNX1,2,1,2.000000,2,,2.025463e-01
PTEN->-PDGFRA,2,1,2.000000,2,,2.430556e-01
JAK1->-ZFHX3,2,1,2.000000,2,,1.780303e-01
PIK3CA->-IRF4,2,1,2.000000,2,,2.053571e-01
AKT1->-CIC,2,1,2.000000,2,,1.342593e-01
NCOR1->-SMARCA4,2,1,2.000000,2,,2.142857e-01
POLE->-SMARCA4 TP53->-POLE TP53->-SMARCA4,3,3,2.000000,2,,1.742931e-02
NCOR1->-ATRX,2,1,2.000000,2,,1.428571e-01
NOTCH1->-CDH1,2,1,2.000000,2,,7.700755e-01
CDH1->-IL7R,2,1,2.000000,2,,1.298992e-01
AKT1->-NCOR1,2,1,2.000000,2,,2.013889e-01
GPS2->-ESR1,2,1,2.000000,2,,1.833333e-01
TP53->-NFE2L2,2,1,2.000000,2,,1.428571e-01
BRCA1->-DNMT1,2,1,2.000000,2,,8.469577e-02
ANKRD11->-TBX3,2,1,2.000000,2,,8.125000e-01
NOTCH3->-PIK3CA,2,1,2.000000,2,,8.715551e-01
YAP1->-PIK3CA,2,1,2.000000,2,,5.000000e-01
NOTCH3->-CDH1,2,1,2.000000,2,,6.868207e-01
CDH1->-TERT,2,1,2.000000,2,,2.500000e-01
MSH6->-TERT PIK3CA->-MSH6 PIK3CA->-TERT,3,3,2.000000,2,,2.777778e-02
MAP2K4->-NOTCH2,2,1,2.000000,2,,2.500000e-01
TP53->-SMAD3,2,1,2.000000,2,,2.500000e-01
MAP2K4->-KMT2C,2,1,2.000000,2,,5.000000e-01
FOXA1->-CDK8,2,1,2.000000,2,,1.245471e-01
MEN1->-MAP2K4,2,1,2.000000,2,,5.000000e-01
MEN1->-NCOR1,2,1,2.000000,2,,2.490942e-01
CDH1->-NOTCH3,2,1,2.000000,2,,6.868207e-01
PIK3CA->-MYD88,2,1,2.000000,2,,5.000000e-01
TP53->-RAD51,2,1,2.000000,2,,2.490119e-01
TBX3->-CBFB,2,1,2.000000,2,,6.375000e-01
TBX3->-EPHA5,2,1,2.000000,2,,2.500000e-01
RET->-BCOR,2,1,2.000000,2,,1.833333e-01
IDH1->-GATA3,2,1,2.000000,2,,1.750000e-01
MAP3K1->-EPCAM,2,1,2.000000,2,,3.986551e-01
ASXL2->-KDM5C,2,1,2.000000,2,,1.357637e-01
CDH1->-NOTCH1 CDH1->-PTEN PTEN->-NOTCH1,3,3,2.000000,2,,8.174591e-03
CDH1->-MED12 CDH1->-SDHC MED12->-SDHC,3,3,2.000000,2,,2.184236e-02
APC->-RAD50 APC->-SDHC CDH1->-APC CDH1->-RAD50 CDH1->-SDHC RAD50->-SDHC,4,6,2.000000,2,,1.251385e-03
APC->-PIK3C2G APC->-SDHC CDH1->-APC CDH1->-PIK3C2G CDH1->-SDHC PIK3C2G->-SDHC,4,6,2.000000,2,,1.251385e-03
APC->-SETD2,2,1,2.000000,2,,2.460317e-01
APC->-BLM APC->-ERCC4 BLM->-ERCC4 CDH1->-APC CDH1->-BLM CDH1->-ERCC4,4,6,2.000000,2,,1.736111e-03
JAK1->-APC,2,1,2.000000,2,,2.170330e-01
CDH1->-SETD2 CDH1->-STK11 SETD2->-STK11,3,3,2.000000,2,,7.407407e-02
ASXL1->-PIK3CA PIK3R3->-ASXL1 PIK3R3->-PIK3CA,3,3,2.000000,2,,2.777778e-02
PIK3R3->-BLM,2,1,2.000000,2,,2.500000e-01
ARID1A->-PIK3R3,2,1,2.000000,2,,2.500000e-01
JAK2->-PIK3CA LATS2->-JAK2 LATS2->-PIK3CA,3,3,2.000000,2,,2.777778e-02
CDH1->-JAK2 CDH1->-PIK3CA JAK2->-PIK3CA,3,3,2.000000,2,,7.407407e-02
CDH1->-ERCC3,2,1,2.000000,2,,5.000000e-01
ERCC3->-PIK3CA,2,1,2.000000,2,,5.000000e-01
JAK1->-SETD2,2,1,2.000000,2,,2.476190e-01
JAK1->-CREBBP,2,1,2.000000,2,,2.476190e-01
CDH1->-PIK3CA CDH1->-SMARCB1 SMARCB1->-PIK3CA,3,3,2.000000,2,,1.587302e-02
SMARCB1->-FLT3,2,1,2.000000,2,,2.000000e-01
CD274->-ABL1,2,1,2.000000,2,,2.250000e-01
ASXL1->-ABL1,2,1,2.000000,2,,2.500000e-01
ASXL1->-CREBBP,2,1,2.000000,2,,5.000000e-01
RAD50->-PIK3CA,2,1,2.000000,2,,9.226891e-01
LATS2->-ASXL1,2,1,2.000000,2,,2.500000e-01
PIK3C2G->-ERCC4,2,1,2.000000,2,,2.490119e-01
ARID1A->-ERCC4 ARID1A->-IKZF1 IKZF1->-ERCC4,3,3,2.000000,2,,2.777778e-02
JAK1->-ARID2,2,1,2.000000,2,,2.142857e-01
ARID1A->-ARID2 ARID1A->-FLT3 ARID2->-FLT3,3,3,2.000000,2,,2.777778e-02
CDKN1A->-PIK3CA,2,1,2.000000,2,,7.082751e-01
FLT3->-PIK3CA,2,1,2.000000,2,,7.750000e-01
PTEN->-ERBB3,2,1,2.000000,2,,2.500000e-01
KMT2D->-ERBB3 TP53->-ERBB3 TP53->-KMT2D,3,3,2.000000,2,,2.777778e-02
ZFHX3->-KMT2D,2,1,2.000000,2,,2.500000e-01
NOTCH3->-FAT1,2,1,2.000000,2,,2.166667e-01
ESR1->-IRF4,2,1,2.000000,2,,1.904762e-01
CDH1->-MCL1,2,1,2.000000,2,,2.083333e-01
NCOR1->-KMT2C,2,1,2.000000,2,,9.434951e-01
RUNX1->-KMT2C,2,1,2.000000,2,,6.875000e-01
RUNX1->-CDKN2A,2,1,2.000000,2,,2.491667e-01
KMT2C->-KMT2A KMT2C->-TSC2 TSC2->-KMT2A,3,3,2.000000,2,,1.275664e-02
KMT2C->-TP63,2,1,2.000000,2,,4.365942e-01
MED12->-KMT2D TP53->-KMT2D TP53->-MED12,3,3,2.000000,2,,1.289683e-02
KMT2C->-MED12 KMT2C->-TSC2 TSC2->-MED12,3,3,2.000000,2,,1.014109e-02
TP53->-MDM2,2,1,2.000000,2,,1.868750e-01
TP53->-TCF3,2,1,2.000000,2,,1.409091e-01
STAT3->-NF1,2,1,2.000000,2,,2.371795e-01
NCOR1->-NF1,2,1,2.000000,2,,7.690249e-01
SETD2->-PTCH1 TP53->-PTCH1 TP53->-SETD2,3,3,2.000000,2,,2.652286e-02
PIK3CA->-PTCH1 PIK3CA->-SETD2 SETD2->-PTCH1,3,3,2.000000,2,,3.502661e-02
PIK3CA->-MGA PIK3CA->-SETD2 SETD2->-MGA,3,3,2.000000,2,,8.269504e-02
SETD2->-MGA TP53->-MGA TP53->-SETD2,3,3,2.000000,2,,2.652286e-02
NCOR1->-PTCH1 PIK3CA->-NCOR1 PIK3CA->-PTCH1,3,3,2.000000,2,,2.777778e-02
FAT1->-MSH6 PIK3CA->-FAT1 PIK3CA->-MSH6,3,3,2.000000,2,,2.777778e-02
RB1->-PIK3CG,2,1,2.000000,2,,2.321429e-01
PIK3CA->-CARD11 PIK3CA->-RUNX1 RUNX1->-CARD11,3,3,2.000000,2,,2.750000e-02
RUNX1->-CARD11 TP53->-CARD11 TP53->-RUNX1,3,3,2.000000,2,,2.750000e-02
RUNX1->-MGA TP53->-MGA TP53->-RUNX1,3,3,2.000000,2,,2.750000e-02
PIK3CA->-MGA PIK3CA->-RUNX1 RUNX1->-MGA,3,3,2.000000,2,,7.361111e-02
RUNX1->-MSH6 TP53->-MSH6 TP53->-RUNX1,3,3,2.000000,2,,2.750000e-02
PIK3CA->-MSH6 PIK3CA->-RUNX1 RUNX1->-MSH6,3,3,2.000000,2,,2.750000e-02
MSH6->-KMT2A,2,1,2.000000,2,,2.500000e-01
TP53->-IKBKE,2,1,2.000000,2,,2.490119e-01
BARD1->-AKT1 TP53->-AKT1 TP53->-BARD1,3,3,2.000000,2,,9.722222e-03
ATR->-RUNX1 PIK3CA->-ATR PIK3CA->-RUNX1,3,3,2.000000,2,,7.361111e-02
BARD1->-PIK3CA,2,1,2.000000,2,,7.249732e-01
APC->-XPO1,2,1,2.000000,2,,1.743659e-01
MAP2K4->-XPO1,2,1,2.000000,2,,1.750000e-01
TRAF7->-GATA3,2,1,2.000000,2,,2.500000e-01
MEN1->-NOTCH3,2,1,2.000000,2,,2.490942e-01
GATA3->-NOTCH3,2,1,2.000000,2,,2.000000e-01
APC->-NF1 CDH1->-APC CDH1->-NF1,3,3,2.000000,2,,4.957230e-02
ZFHX3->-ATM,2,1,2.000000,2,,3.273848e-01
ZFHX3->-NF1,2,1,2.000000,2,,4.862737e-01
CDH1->-SPOP,2,1,2.000000,2,,4.583333e-01
PIK3CA->-PNRC1,2,1,2.000000,2,,2.083333e-01
TET1->-ESR1,2,1,2.000000,2,,6.688596e-01
RB1->-ESR1,2,1,2.000000,2,,2.000000e-01
CDH1->-NFE2L2,2,1,2.000000,2,,1.577398e-01
CDH1->-PALB2,2,1,2.000000,2,,4.333333e-01
ARID1A->-NOTCH3,2,1,2.000000,2,,1.992754e-01
TP53->-MRE11A,2,1,2.000000,2,,1.666667e-01
PIK3CA->-MDM2,2,1,2.000000,2,,2.491667e-01
ESR1->-NFE2L2,2,1,2.000000,2,,2.500000e-01
ARID1A->-RUNX1 PTEN->-ARID1A PTEN->-RUNX1,3,3,2.000000,2,,2.777778e-02
ESR1->-FUBP1,2,1,2.000000,2,,1.666667e-01
SMAD4->-KDM5C,2,1,2.000000,2,,5.000000e-01
RHOA->-GRIN2A,2,1,2.000000,2,,2.500000e-01
SMAD4->-PIK3CA,2,1,2.000000,2,,9.107738e-01
GRIN2A->-PIK3CA,2,1,2.000000,2,,8.896329e-01
SOX9->-TBX3,2,1,2.000000,2,,4.324275e-01
ATM->-HGF,2,1,2.000000,2,,2.500000e-01
SMAD4->-FAT1,2,1,2.000000,2,,2.083333e-01
NF1->-MAP2K4,2,1,2.000000,2,,5.640363e-01
ATR->-PIK3CA,2,1,2.000000,2,,9.992848e-01
KMT2C->-PPP2R1A,2,1,2.000000,2,,1.833333e-01
SPEN->-DNMT3A,2,1,2.000000,2,,4.404762e-01
STAG2->-AXL,2,1,2.000000,2,,2.500000e-01
CDK8->-KRAS,2,1,2.000000,2,,2.241848e-01
NSD1->-RAD50,2,1,2.000000,2,,1.792498e-01
STAG2->-PTEN STAG2->-TP53 TP53->-PTEN,3,3,2.000000,2,,2.777778e-02
PTEN->-PIK3C2G,2,1,2.000000,2,,2.150997e-01
NOTCH1->-NCOR1,2,1,2.000000,2,,2.142857e-01
SPEN->-NCOR1,2,1,2.000000,2,,4.633799e-01
GATA3->-DOT1L,2,1,2.000000,2,,2.333333e-01
FOXA1->-DOT1L,2,1,2.000000,2,,5.928571e-01
CDH1->-BTK,2,1,2.000000,2,,2.500000e-01
AKT1->-XPO1 CDH1->-AKT1 CDH1->-XPO1,3,3,2.000000,2,,2.777778e-02
CDH1->-FAT1 MTOR->-CDH1 MTOR->-FAT1,3,3,2.000000,2,,2.777778e-02
BRCA2->-MTOR BRCA2->-XPO1 MTOR->-XPO1,3,3,2.000000,2,,2.777778e-02
CDH1->-PIK3R1,2,1,2.000000,2,,4.650997e-01
KMT2C->-NOTCH3 KMT2C->-XPO1 NOTCH3->-XPO1,3,3,2.000000,2,,2.747585e-02
SPEN->-XPO1,2,1,2.000000,2,,2.490942e-01
NOTCH3->-PIK3R1,2,1,2.000000,2,,2.500000e-01
PIK3R1->-AR,2,1,2.000000,2,,2.500000e-01
FAT1->-AR,2,1,2.000000,2,,2.500000e-01
BRCA2->-FAT1,2,1,2.000000,2,,3.638568e-01
APC->-RUNX1,2,1,2.000000,2,,2.491667e-01
NOTCH4->-KMT2D TP53->-KMT2D TP53->-NOTCH4,3,3,2.000000,2,,3.468406e-02
TP53->-NUP93,2,1,2.000000,2,,4.991667e-01
TP53->-RPS6KB2,2,1,2.000000,2,,2.491667e-01
TP53->-HLA-A,2,1,2.000000,2,,2.491667e-01
PIK3CA->-PARP1 PIK3CA->-RUNX1 RUNX1->-PARP1,3,3,2.000000,2,,2.750000e-02
NUP93->-PARP1 PIK3CA->-NUP93 PIK3CA->-PARP1,3,3,2.000000,2,,2.750000e-02
PTPRS->-PARP1,2,1,2.000000,2,,2.143827e-01
RUNX1->-INSR,2,1,2.000000,2,,2.491667e-01
ARID2->-KMT2D ERCC5->-ARID2 ERCC5->-KMT2D PIK3CA->-ARID2 PIK3CA->-ERCC5 PIK3CA->-KMT2D,4,6,2.000000,2,,1.701389e-03
ARID2->-KMT2D ERCC5->-ARID2 ERCC5->-KMT2D TP53->-ARID2 TP53->-ERCC5 TP53->-KMT2D,4,6,2.000000,2,,1.701389e-03
ATR->-KMT2D PIK3CA->-ATR PIK3CA->-KMT2D,3,3,2.000000,2,,7.152795e-02
CDH1->-PIK3CA FLCN->-CDH1 FLCN->-PIK3CA,3,3,2.000000,2,,2.744840e-02
ERCC4->-NCOR1,2,1,2.000000,2,,2.843976e-01
KMT2D->-NCOR1 SMAD2->-KMT2D SMAD2->-NCOR1,3,3,2.000000,2,,2.744840e-02
CREBBP->-KMT2C CREBBP->-NCOR1 KMT2C->-NCOR1,3,3,2.000000,2,,2.715004e-02
KMT2D->-FGFR2 TP53->-FGFR2 TP53->-KMT2D,3,3,2.000000,2,,2.620836e-02
PTPRT->-FGFR2 TP53->-FGFR2 TP53->-PTPRT,3,3,2.000000,2,,2.620836e-02
PIK3C2G->-KMT2C,2,1,2.000000,2,,4.641116e-01
BRCA1->-CREBBP BRCA1->-KMT2C CREBBP->-KMT2C,3,3,2.000000,2,,2.744840e-02
RAD51->-KMT2D,2,1,2.000000,2,,1.743083e-01
AKT1->-TBX3,2,1,2.000000,2,,2.500000e-01
ZFHX3->-ARID2,2,1,2.000000,2,,2.490942e-01
ARID2->-EPHA5 TP53->-ARID2 TP53->-EPHA5,3,3,2.000000,2,,1.293300e-01
CBFB->-MAP2K4,2,1,2.000000,2,,1.633333e-01
MAP3K1->-CTCF,2,1,2.000000,2,,7.080134e-01
ATM->-JUN,2,1,2.000000,2,,2.476190e-01
RHOA->-TBX3,2,1,2.000000,2,,2.053571e-01
FAT1->-RB1,2,1,2.000000,2,,6.864035e-01
PIK3CA->-GATA3 ROS1->-GATA3 ROS1->-PIK3CA,3,3,2.000000,2,,2.777778e-02
FGFR4->-ROS1,2,1,2.000000,2,,1.780303e-01
TP53->-ASXL2,2,1,2.000000,2,,3.750000e-01
AKT2->-PTPRT,2,1,2.000000,2,,2.500000e-01
TP53->-EPHA3,2,1,2.000000,2,,5.000000e-01
RICTOR->-ESR1,2,1,2.000000,2,,7.688318e-01
APC->-DNMT1,2,1,2.000000,2,,4.670330e-01
DNMT3A->-FAT1,2,1,2.000000,2,,4.404762e-01
SMAD4->-ERCC4,2,1,2.000000,2,,2.500000e-01
DNMT1->-SPEN,2,1,2.000000,2,,2.500000e-01
FOXP1->-PTEN,2,1,2.000000,2,,2.053571e-01
AKT1->-SETD2,2,1,2.000000,2,,1.904762e-01
CDH1->-AXIN2,2,1,2.000000,2,,2.490942e-01
AKT1->-RAD50,2,1,2.000000,2,,2.500000e-01
AKT1->-DNMT1,2,1,2.000000,2,,4.670330e-01
SMAD2->-RFWD2,2,1,2.000000,2,,2.500000e-01
MAP2K4->-ARID2,2,1,2.000000,2,,2.500000e-01
KMT2C->-NSD1,2,1,2.000000,2,,7.683048e-01
CDH1->-RET,2,1,2.000000,2,,2.500000e-01
ARID1A->-KDM5C PIK3CA->-ARID1A PIK3CA->-KDM5C,3,3,2.000000,2,,5.753968e-02
LATS1->-RFWD2,2,1,2.000000,2,,2.500000e-01
LATS1->-ATR,2,1,2.000000,2,,2.500000e-01
SMAD4->-RFWD2,2,1,2.000000,2,,2.500000e-01
BCOR->-TSC2,2,1,2.000000,2,,2.500000e-01
TSC2->-KMT2C,2,1,2.000000,2,,8.052586e-01
NCOR1->-IKZF1,2,1,2.000000,2,,3.473326e-01
GATA3->-BCOR,2,1,2.000000,2,,2.500000e-01
ASXL2->-TBX3,2,1,2.000000,2,,2.500000e-01
CDH1->-ASXL2,2,1,2.000000,2,,3.730635e-01
ASXL2->-ARID1A,2,1,2.000000,2,,3.738385e-01
FOXA1->-ARID1B,2,1,2.000000,2,,2.500000e-01
KDR->-KMT2A,2,1,2.000000,2,,2.500000e-01
GPS2->-JAK2,2,1,2.000000,2,,2.500000e-01
EPHA5->-TP53,2,1,2.000000,2,,9.850161e-01
PIK3CA->-MYCN,2,1,2.000000,2,,2.500000e-01
PIK3CA->-SHQ1,2,1,2.000000,2,,1.904762e-01
GATA3->-DICER1,2,1,2.000000,2,,2.500000e-01
GATA3->-HIST1H1C,2,1,2.000000,2,,2.500000e-01
TP53->-MALT1,2,1,2.000000,2,,1.666667e-01
MAP3K1->-ALK,2,1,2.000000,2,,5.470468e-01
MAP3K1->-KLF4,2,1,2.000000,2,,1.964286e-01
TBX3->-NCOA3,2,1,2.000000,2,,1.743659e-01
PTCH1->-PAK7 TBX3->-PAK7 TBX3->-PTCH1,3,3,2.000000,2,,2.747585e-02
PTCH1->-PAK7 SOX9->-PAK7 SOX9->-PTCH1,3,3,2.000000,2,,2.747585e-02
TBX3->-IKZF1,2,1,2.000000,2,,9.514524e-02
AKT1->-PTCH1,2,1,2.000000,2,,1.000000e-01
KDM5C->-MAP3K1,2,1,2.000000,2,,2.500000e-01
PIK3CA->-MEF2B,2,1,2.000000,2,,2.500000e-01
CBFB->-MEN1,2,1,2.000000,2,,2.500000e-01
GLI1->-GATA3,2,1,2.000000,2,,2.500000e-01
NOTCH3->-BLM TP53->-BLM TP53->-NOTCH3,3,3,2.000000,2,,1.190476e-02
GATA3->-AKT1,2,1,2.000000,2,,9.770275e-01
SPEN->-PTPRD,2,1,2.000000,2,,1.666667e-01
JAK1->-MDC1,2,1,2.000000,2,,2.149660e-01
IDH1->-SETD2 TP53->-IDH1 TP53->-SETD2,3,3,2.000000,2,,2.576506e-02
KMT2A->-NOTCH1,2,1,2.000000,2,,2.476190e-01
MDC1->-TP53,2,1,2.000000,2,,9.413121e-01
MDC1->-CREBBP,2,1,2.000000,2,,4.967133e-01
CHEK2->-CREBBP,2,1,2.000000,2,,1.815873e-01
KMT2C->-ARID2,2,1,2.000000,2,,6.868207e-01
BRCA2->-ARID2,2,1,2.000000,2,,2.142857e-01
BRCA2->-GATA3,2,1,2.000000,2,,5.748900e-01
MDC1->-FAT1,2,1,2.000000,2,,1.904762e-01
FAT1->-TET1,2,1,2.000000,2,,8.556735e-01
FOXA1->-PTEN,2,1,2.000000,2,,4.959306e-01
PTPRS->-PIK3CA STK11->-PIK3CA STK11->-PTPRS,3,3,2.000000,2,,1.254937e-02
PTPRS->-MGA STK11->-MGA STK11->-PTPRS,3,3,2.000000,2,,1.286602e-02
CDH1->-RUNX1 CDH1->-TBX3 RUNX1->-TBX3,3,3,2.000000,2,,1.319444e-01
ARAF->-PIK3CA,2,1,2.000000,2,,6.049118e-01
NF1->-ARID2 PIK3CA->-ARID2 PIK3CA->-NF1,3,3,2.000000,2,,2.747585e-02
KMT2D->-FLT3,2,1,2.000000,2,,2.500000e-01
NF1->-FLT3,2,1,2.000000,2,,1.750000e-01
EP300->-TP53,2,1,2.000000,2,,9.842524e-01
ARID1B->-NFE2L2,2,1,2.000000,2,,4.650997e-01
NFE2L2->-GATA3,2,1,2.000000,2,,2.500000e-01
MAP2K4->-FAT1,2,1,2.000000,2,,3.770811e-01
PDGFRA->-ARID2,2,1,2.000000,2,,2.241848e-01
PIK3R1->-EPHB1,2,1,2.000000,2,,2.500000e-01
PIK3R1->-NF1,2,1,2.000000,2,,8.934765e-01
FAT1->-ARID1B TP53->-ARID1B TP53->-FAT1,3,3,2.000000,2,,6.532451e-02
AR->-ARID2 AR->-IRS1 IRS1->-ARID2,3,3,2.000000,2,,2.747585e-02
ARID1B->-ARID2 ARID1B->-IRS1 IRS1->-ARID2,3,3,2.000000,2,,2.747585e-02
ARID1B->-ROS1 TP53->-ARID1B TP53->-ROS1,3,3,2.000000,2,,9.920635e-03
MAP3K1->-ARID1B,2,1,2.000000,2,,5.842364e-01
MAP3K1->-ATRX TP53->-ATRX TP53->-MAP3K1,3,3,2.000000,2,,1.049948e-02
SPEN->-ALK,2,1,2.000000,2,,2.490942e-01
EPHA5->-ALK TP53->-ALK TP53->-EPHA5,3,3,2.000000,2,,2.777778e-02
MAP3K1->-PIK3R1,2,1,2.000000,2,,6.613248e-01
FAT1->-IRS1,2,1,2.000000,2,,2.500000e-01
TET1->-SPEN TP53->-SPEN TP53->-TET1,3,3,2.000000,2,,2.777778e-02
TP53->-HIST1H3C,2,1,2.000000,2,,1.696429e-01
NF1->-NBN,2,1,2.000000,2,,2.500000e-01
KMT2A->-CD79A,2,1,2.000000,2,,1.780303e-01
FGFR4->-CD79A,2,1,2.000000,2,,1.780303e-01
FGFR4->-GRIN2A,2,1,2.000000,2,,1.780303e-01
PIK3R1->-EPHA7,2,1,2.000000,2,,2.371795e-01
NOTCH3->-PALB2,2,1,2.000000,2,,2.500000e-01
NOTCH4->-EIF4A2,2,1,2.000000,2,,2.170330e-01
TP53->-UPF1,2,1,2.000000,2,,2.441598e-01
PIK3CA->-BTK,2,1,2.000000,2,,4.583333e-01
MGA->-RB1,2,1,2.000000,2,,4.960317e-01
TBX3->-GRIN2A,2,1,2.000000,2,,2.500000e-01
AKT1->-ERBB4,2,1,2.000000,2,,1.000000e-01
KDM6A->-TP53,2,1,2.000000,2,,9.558255e-01
RB1->-CDH1,2,1,2.000000,2,,9.067089e-01
RB1->-SPEN,2,1,2.000000,2,,2.573121e-01
CREBBP->-NUP93,2,1,2.000000,2,,3.566822e-01
CDH1->-CIC,2,1,2.000000,2,,1.365079e-01
STK11->-ARID1A,2,1,2.000000,2,,5.000000e-01
KRAS->-ALK,2,1,2.000000,2,,2.490942e-01
ALK->-ARID1A TP53->-ALK TP53->-ARID1A,3,3,2.000000,2,,2.777778e-02
NCOR1->-BCOR,2,1,2.000000,2,,5.000000e-01
BCOR->-RUNX1,2,1,2.000000,2,,2.500000e-01
SF3B1->-ARID1A,2,1,2.000000,2,,2.500000e-01
FANCA->-PIK3R1,2,1,2.000000,2,,1.864198e-01
FANCA->-PARP1,2,1,2.000000,2,,1.864198e-01
KMT2C->-TSC2 PTEN->-KMT2C PTEN->-TSC2,3,3,2.000000,2,,4.807025e-03
GATA3->-FGFR2,2,1,2.000000,2,,2.500000e-01
NOTCH3->-ALK,2,1,2.000000,2,,2.490942e-01
PTEN->-MSH2,2,1,2.000000,2,,2.500000e-01
MDC1->-KMT2C PIK3CA->-KMT2C PIK3CA->-MDC1,3,3,2.000000,2,,2.747585e-02
TSC2->-MAP3K1,2,1,2.000000,2,,4.589262e-01
PPP2R1A->-ARID1A,2,1,2.000000,2,,2.915688e-01
GATA3->-KMT2D,2,1,2.000000,2,,6.750662e-01
NF1->-ATR,2,1,2.000000,2,,4.217158e-01
KLF4->-ARID1A,2,1,2.000000,2,,2.083333e-01
SETD2->-BCOR,2,1,2.000000,2,,2.460317e-01
HIST1H3I->-HNF1A PIK3CA->-HIST1H3I PIK3CA->-HNF1A,3,3,2.000000,2,,2.652286e-02
HIST1H3I->-HNF1A ROS1->-HIST1H3I ROS1->-HNF1A,3,3,2.000000,2,,2.652286e-02
PIK3CA->-ARID2 PIK3CA->-PTCH1 PTCH1->-ARID2,3,3,2.000000,2,,2.623457e-02
PIK3CA->-GLI1 PIK3CA->-PTCH1 PTCH1->-GLI1,3,3,2.000000,2,,2.623457e-02
PIK3CA->-ATR PIK3CA->-PTCH1 PTCH1->-ATR,3,3,2.000000,2,,2.623457e-02
PIK3CA->-BCOR PIK3CA->-PTCH1 PTCH1->-BCOR,3,3,2.000000,2,,2.652286e-02
PTCH1->-KMT2D,2,1,2.000000,2,,4.775079e-01
PTPRT->-BCOR,2,1,2.000000,2,,2.460317e-01
KMT2D->-BCOR,2,1,2.000000,2,,4.960317e-01
KMT2D->-ARID1A TP53->-ARID1A TP53->-KMT2D,3,3,2.000000,2,,7.198254e-02
HIST1H3I->-GATA3 PIK3CA->-GATA3 PIK3CA->-HIST1H3I,3,3,2.000000,2,,2.777778e-02
LATS2->-GATA3,2,1,2.000000,2,,2.500000e-01
ERBB2->-PIK3CA KMT2C->-ERBB2 KMT2C->-PIK3CA,3,3,2.000000,2,,1.300012e-01
PIK3CA->-ALOX12B,2,1,2.000000,2,,2.500000e-01
AR->-KMT2A AR->-PIK3CA PIK3CA->-KMT2A,3,3,2.000000,2,,2.747585e-02
AR->-KMT2A AR->-PDGFRA AR->-PTPRS PDGFRA->-KMT2A PDGFRA->-PTPRS PTPRS->-KMT2A,4,6,2.000000,2,,1.698370e-03
IRS1->-PTCH1,2,1,2.000000,2,,2.490942e-01
CDH1->-ERBB2 CDH1->-PTPRS ERBB2->-PTPRS,3,3,2.000000,2,,2.747585e-02
KMT2C->-PDGFRA,2,1,2.000000,2,,2.490942e-01
ERBB2->-PDGFRA,2,1,2.000000,2,,2.490942e-01
KMT2C->-GLI1,2,1,2.000000,2,,4.333975e-01
PIK3CA->-AXIN1,2,1,2.000000,2,,1.400000e-01
PALB2->-PIK3CA,2,1,2.000000,2,,7.459089e-01
STAG2->-MAP3K1,2,1,2.000000,2,,5.000000e-01
RB1->-PTPRD TP53->-PTPRD TP53->-RB1,3,3,2.000000,2,,1.111111e-02
CBFB->-SF3B1,2,1,2.000000,2,,1.964286e-01
MDC1->-RAD54L PIK3CA->-MDC1 PIK3CA->-RAD54L,3,3,2.000000,2,,1.727053e-02
PIK3CB->-RAD54L,2,1,2.000000,2,,3.258849e-01
CDH1->-MGA,2,1,2.000000,2,,1.666667e-01
PTEN->-INPPL1,2,1,2.000000,2,,5.000000e-01
KMT2B->-KMT2A,2,1,2.000000,2,,2.500000e-01
KMT2D->-FOXP1,2,1,2.000000,2,,4.990119e-01
ARID1A->-ALK,2,1,2.000000,2,,6.868207e-01
AKT1->-SPEN,2,1,2.000000,2,,2.321429e-01
MAP3K1->-RUNX1,2,1,2.000000,2,,7.319444e-01
LATS1->-TP53,2,1,2.000000,2,,7.750000e-01
MDC1->-APC NOTCH4->-APC NOTCH4->-MDC1,3,3,2.000000,2,,2.158816e-02
JAK1->-PDGFRB,2,1,2.000000,2,,1.860283e-01
RB1->-HIST1H3G,2,1,2.000000,2,,2.500000e-01
CDKN1B->-ESR1 CDKN1B->-PIK3CA ESR1->-PIK3CA,3,3,2.000000,2,,2.777778e-02
TP53->-EGFL7,2,1,2.000000,2,,1.250000e-01
KMT2B->-PTPRS,2,1,2.000000,2,,2.500000e-01
KMT2B->-PIK3CA,2,1,2.000000,2,,5.000000e-01
PIK3R1->-MAP3K1,2,1,2.000000,2,,6.613248e-01
CDH1->-PIK3CA CDH1->-XPO1 PIK3CA->-XPO1,3,3,2.000000,2,,2.747585e-02
ARID1A->-XPO1,2,1,2.000000,2,,2.490942e-01
FANCA->-MED12,2,1,2.000000,2,,2.150997e-01
LATS1->-PIK3CA,2,1,2.000000,2,,5.714777e-01
FOXA1->-FH,2,1,2.000000,2,,1.750000e-01
PIK3CA->-XIAP,2,1,2.000000,2,,2.170330e-01
FGFR3->-PIK3CA,2,1,2.000000,2,,6.985953e-01
PIK3CA->-ERCC2,2,1,2.000000,2,,3.416667e-01
NF1->-PRDM1,2,1,2.000000,2,,1.815873e-01
NF1->-PTEN,2,1,2.000000,2,,9.900237e-01
TBX3->-CREBBP,2,1,2.000000,2,,6.971956e-02
MAP2K4->-GPS2,2,1,2.000000,2,,3.880952e-01
FOXA1->-NSD1,2,1,2.000000,2,,6.196848e-01
CTCF->-MAP2K4 CTCF->-PIK3CA MAP2K4->-PIK3CA,3,3,2.000000,2,,1.527778e-02
TP53->-CCND1,2,1,2.000000,2,,1.250000e-01
PIK3CA->-JUN,2,1,2.000000,2,,4.274240e-01
APC->-KEAP1,2,1,2.000000,2,,1.750000e-01
TP53->-TNFAIP3,2,1,2.000000,2,,1.666667e-01
PIK3CA->-SUZ12,2,1,2.000000,2,,5.067340e-01
MGA->-FLT4,2,1,2.000000,2,,4.545238e-01
PPP2R1A->-PIK3CA,2,1,2.000000,2,,7.476712e-01
TP53->-FGF3,2,1,2.000000,2,,8.750000e-02
NF1->-MTOR,2,1,2.000000,2,,4.190476e-01
TP53->-FLCN,2,1,2.000000,2,,3.740119e-01
GATA3->-NOTCH4,2,1,2.000000,2,,1.510674e-01
GATA3->-TET1,2,1,2.000000,2,,1.484926e-01
NF1->-EPHB1,2,1,2.000000,2,,2.047619e-01
MAP2K4->-NF1 MAP2K4->-TET2 NF1->-TET2,3,3,2.000000,2,,1.039595e-02
NF1->-STAG2,2,1,2.000000,2,,1.124634e-01
TMPRSS2->-TP53,2,1,2.000000,2,,1.000000e-01
CIC->-ARID1B,2,1,2.000000,2,,2.055189e-01
BRCA2->-TET2,2,1,2.000000,2,,2.149643e-01
CDH1->-RASA1 CDH1->-TBX3 TBX3->-RASA1,3,3,2.000000,2,,1.594920e-02
PIK3CA->-GLI1 TBX3->-GLI1 TBX3->-PIK3CA,3,3,2.000000,2,,1.618026e-02
CDH1->-GLI1 CDH1->-PIK3CA PIK3CA->-GLI1,3,3,2.000000,2,,1.601541e-02
CDH1->-PIK3C3 CDH1->-PIK3CA PIK3CA->-PIK3C3,3,3,2.000000,2,,9.059071e-03
CDH1->-RASA1 CDH1->-RECQL4 RASA1->-RECQL4,3,3,2.000000,2,,1.592445e-02
PIK3CA->-STAT5A,2,1,2.000000,2,,1.338216e-01
ARID1A->-RFWD2,2,1,2.000000,2,,1.849658e-01
ARID1A->-GLI1,2,1,2.000000,2,,3.527051e-01
PTPRS->-SETD2,2,1,2.000000,2,,1.000200e-01
TP53->-MSH2,2,1,2.000000,2,,1.823409e-01
KMT2D->-XPO1,2,1,2.000000,2,,1.804910e-01
KMT2D->-HNF1A,2,1,2.000000,2,,1.756341e-01
TP53->-STAT3,2,1,2.000000,2,,3.192635e-01
TP53->-ERCC3,2,1,2.000000,2,,8.417079e-02
MEN1->-ESR1,2,1,2.000000,2,,1.770411e-01
TP53->-ERRFI1,2,1,2.000000,2,,2.733911e-02
CDH1->-NTRK2,2,1,2.000000,2,,3.998419e-01
ASXL2->-RB1,2,1,2.000000,2,,1.660899e-01
TP53->-SOS1,2,1,2.000000,2,,8.636901e-02
TP53->-SMARCB1,2,1,2.000000,2,,2.607620e-01
TP53->-CTNNB1,2,1,2.000000,2,,9.957002e-02
NCOR1->-BRIP1,2,1,2.000000,2,,1.779161e-01
ROS1->-MYC,2,1,2.000000,2,,9.737013e-02
SMAD2->-BCOR,2,1,2.000000,2,,1.019449e-01
TP53->-HIST1H3J,2,1,2.000000,2,,5.247404e-02
PIK3CG->-TET2,2,1,2.000000,2,,1.315434e-01
PIK3CG->-CDC73,2,1,2.000000,2,,1.228010e-01
PIK3R1->-ARID2,2,1,2.000000,2,,9.337033e-02
PIK3R1->-ROS1,2,1,2.000000,2,,2.835370e-01
PIK3R1->-MGA,2,1,2.000000,2,,9.402030e-02
CARD11->-ARID1A,2,1,2.000000,2,,6.003563e-01
KDM5C->-ARID1A,2,1,2.000000,2,,5.337918e-01
GATA3->-PIK3C2G,2,1,2.000000,2,,9.969502e-02
ANKRD11->-STAG2,2,1,2.000000,2,,1.710164e-01
ANKRD11->-PTPRD,2,1,2.000000,2,,1.716414e-01
CDH1->-MLH1 TP53->-CDH1 TP53->-MLH1,3,3,2.000000,2,,1.264270e-02
STAG2->-PARP1,2,1,2.000000,2,,1.714664e-01
CREBBP->-PARP1,2,1,2.000000,2,,1.731663e-01
MAP3K13->-MEN1,2,1,2.000000,2,,1.735163e-01
MAP3K13->-PIK3CA,2,1,2.000000,2,,6.313622e-01
MAP3K13->-CREBBP,2,1,2.000000,2,,1.751912e-01
CDH1->-CREBBP CDH1->-RAD50 RAD50->-CREBBP,3,3,2.000000,2,,1.542423e-02
CDH1->-CREBBP CDH1->-KIT KIT->-CREBBP,3,3,2.000000,2,,1.533257e-02
MLH1->-PIK3CA,2,1,2.000000,2,,4.245538e-01
YES1->-KIT,2,1,2.000000,2,,9.263497e-02
AMER1->-PIK3CA CASP8->-AMER1 CASP8->-PIK3CA,3,3,2.000000,2,,1.025831e-02
NOTCH1->-LATS2,2,1,2.000000,2,,5.635625e-02
ARID2->-IGF1R,2,1,2.000000,2,,3.031810e-01
ARID1A->-IGF1R,2,1,2.000000,2,,3.969104e-01
NOTCH1->-IGF1R,2,1,2.000000,2,,7.981531e-02
GATA3->-BRCA2,2,1,2.000000,2,,5.757337e-01
SMO->-MEN1,2,1,2.000000,2,,1.102368e-01
SMO->-KMT2C,2,1,2.000000,2,,1.091348e-01
MAP3K1->-ERBB2,2,1,2.000000,2,,8.017279e-01
PIK3CA->-RICTOR PIK3CA->-SMO SMO->-RICTOR,3,3,2.000000,2,,1.486797e-02
STAG2->-RICTOR,2,1,2.000000,2,,1.712096e-01
TP53->-CHEK2,2,1,2.000000,2,,6.201177e-01
TCF7L2->-PIK3CA,2,1,2.000000,2,,1.325021e-01
ERBB3->-ARID1A MAP3K1->-ARID1A MAP3K1->-ERBB3,3,3,2.000000,2,,2.491542e-03
CHEK2->-FLT3,2,1,2.000000,2,,9.887006e-02
ANKRD11->-CDH1,2,1,2.000000,2,,8.293908e-01
ANKRD11->-BRCA2,2,1,2.000000,2,,1.992650e-01
TBX3->-MAP2K4,2,1,2.000000,2,,3.689768e-01
MAP2K4->-DDR2,2,1,2.000000,2,,1.301685e-01
MAP2K4->-EPHB1,2,1,2.000000,2,,1.061523e-01
CDK12->-TBX3,2,1,2.000000,2,,1.274686e-01
CDH1->-ABL1,2,1,2.000000,2,,1.281436e-01
CDH1->-FLT3,2,1,2.000000,2,,1.265687e-01
DDR2->-PIK3CG,2,1,2.000000,2,,1.176941e-01
PTEN->-ACVR1,2,1,2.000000,2,,1.080462e-01
PIK3CA->-CREBBP PIK3CA->-PTPRD PTPRD->-CREBBP,3,3,2.000000,2,,1.959215e-03
CDH1->-DAXX CDH1->-PIK3CA PIK3CA->-DAXX,3,3,2.000000,2,,1.537423e-02
CBL->-PIK3CA,2,1,2.000000,2,,4.836155e-01
ERBB2->-PTPRD TP53->-ERBB2 TP53->-PTPRD,3,3,2.000000,2,,9.315159e-03
CSF3R->-PIK3CA,2,1,2.000000,2,,1.562922e-01
CDH1->-KMT2C CDH1->-STAT5B KMT2C->-STAT5B,3,3,2.000000,2,,1.470208e-02
CDH1->-YES1,2,1,2.000000,2,,1.734320e-01
CBL->-JAK3,2,1,2.000000,2,,1.510358e-01
ANKRD11->-PLK2,2,1,2.000000,2,,1.707165e-01
NOTCH1->-GATA3,2,1,2.000000,2,,3.208173e-01
ANKRD11->-PIK3CA,2,1,2.000000,2,,9.426217e-01
SUZ12->-PIK3CA,2,1,2.000000,2,,5.122900e-01
APC->-SPEN,2,1,2.000000,2,,7.307377e-01
MAP3K1->-DDR2,2,1,2.000000,2,,7.664617e-02
TBX3->-ARID1A,2,1,2.000000,2,,6.232983e-01
ERBB3->-ARID2,2,1,2.000000,2,,3.256337e-01
TP53->-PLCG2,2,1,2.000000,2,,3.395531e-02
PIK3CA->-TSC1,2,1,2.000000,2,,3.810690e-01
TP53->-SRSF2,2,1,2.000000,2,,1.807301e-01
KMT2D->-FGF4 PIK3CA->-FGF4 PIK3CA->-KMT2D,3,3,2.000000,2,,8.524574e-03
HNF1A->-TP53,2,1,2.000000,2,,9.032114e-01
ESR1->-LATS2,2,1,2.000000,2,,2.238595e-01
FGFR4->-KMT2C,2,1,2.000000,2,,1.773161e-01
ESR1->-AR,2,1,2.000000,2,,7.602120e-02
FGFR4->-AKT1,2,1,2.000000,2,,7.657117e-02
PIK3CA->-HGF,2,1,2.000000,2,,3.417709e-01
PTCH1->-KMT2C,2,1,2.000000,2,,7.596704e-01
FOXA1->-KMT2C FOXA1->-PLK2 PLK2->-KMT2C,3,3,2.000000,2,,4.929464e-03
PIK3CA->-KMT2C PIK3CA->-PLK2 PLK2->-KMT2C,3,3,2.000000,2,,2.228365e-02
MAP3K1->-PIK3CD PTEN->-MAP3K1 PTEN->-PIK3CD,3,3,2.000000,2,,5.074746e-03
MAP3K1->-DICER1 PTEN->-DICER1 PTEN->-MAP3K1,3,3,2.000000,2,,5.041415e-03
ATM->-DNMT1 PIK3CA->-ATM PIK3CA->-DNMT1,3,3,2.000000,2,,5.133077e-03
MAP3K1->-SETD2,2,1,2.000000,2,,9.747013e-02
MAP3K1->-JAK3,2,1,2.000000,2,,9.622019e-02
MGA->-HNF1A MGA->-PTCH1 PIK3CA->-HNF1A PIK3CA->-MGA PIK3CA->-PTCH1 PTCH1->-HNF1A,4,6,2.000000,2,,1.909579e-04
MAP3K1->-DNMT1,2,1,2.000000,2,,9.742013e-02
DNMT1->-KMT2C,2,1,2.000000,2,,9.824509e-02
MAP3K1->-MGA,2,1,2.000000,2,,5.547580e-02
MAP3K1->-KMT2A,2,1,2.000000,2,,6.537895e-01
PTEN->-RIT1,2,1,2.000000,2,,9.622019e-02
PTEN->-TGFBR2,2,1,2.000000,2,,8.340000e-02
MAP3K1->-ATM,2,1,2.000000,2,,6.136212e-01
ATM->-PLK2 PIK3CA->-ATM PIK3CA->-PLK2,3,3,2.000000,2,,5.258070e-03
DICER1->-PTCH1,2,1,2.000000,2,,9.604520e-02
MAP3K1->-FGFR4 PTEN->-FGFR4 PTEN->-MAP3K1,3,3,2.000000,2,,4.923087e-03
FYN->-ATM,2,1,2.000000,2,,9.454527e-02
FOXA1->-PTCH1 PIK3CA->-FOXA1 PIK3CA->-PTCH1,3,3,2.000000,2,,5.024749e-03
PIK3CA->-PIK3CD,2,1,2.000000,2,,6.559672e-02
TERT->-TP53,2,1,2.000000,2,,8.508462e-01
PTEN->-PIK3CG,2,1,2.000000,2,,4.987030e-02
PTEN->-CDK12,2,1,2.000000,2,,4.989302e-02
