pattern,n_nodes,n_edges,s_exp,s_theta,pval_exp,pval_theta
CDH1->-PIK3CA,2,1,100.000000,100,2.278837e-11,
TP53->-PIK3CA,2,1,84.000000,84,2.482310e-02,
PIK3CA->-TP53,2,1,68.000000,68,7.361272e-01,
MAP3K1->-PIK3CA,2,1,48.000000,48,4.264578e-02,
PIK3CA->-GATA3,2,1,41.000000,41,2.861538e-01,
TP53->-PTEN,2,1,38.000000,38,3.121868e-05,
GATA3->-PIK3CA,2,1,36.000000,36,7.114427e-01,
PIK3CA->-KMT2C,2,1,33.000000,33,5.524933e-02,
PIK3CA->-MAP3K1,2,1,33.000000,33,9.450369e-01,
CBFB->-PIK3CA,2,1,33.000000,33,4.606947e-06,
TP53->-KMT2C,2,1,29.000000,29,5.670439e-05,
PIK3CA->-KMT2C TP53->-KMT2C TP53->-PIK3CA,3,3,4.000000,4,1.885508e-01,
PIK3CA->-KMT2C PIK3CA->-TP53 TP53->-KMT2C,3,3,3.000000,3,4.126881e-01,
PIK3CA->-CDH1,2,1,29.000000,29,1.000000e+00,
PIK3CA->-ESR1,2,1,28.000000,28,2.483442e-02,
PIK3CA->-FOXA1,2,1,27.000000,27,4.120287e-03,
TP53->-NF1,2,1,27.000000,27,5.923084e-03,
TP53->-MAP3K1,2,1,25.000000,25,4.737127e-05,
MAP3K1->-PIK3CA TP53->-MAP3K1 TP53->-PIK3CA,3,3,3.000000,3,1.815044e-01,
PIK3CA->-MAP3K1 TP53->-MAP3K1 TP53->-PIK3CA,3,3,2.000000,2,4.591865e-01,
PIK3CA->-MAP3K1 PIK3CA->-TP53 TP53->-MAP3K1,3,3,2.000000,2,4.591865e-01,
CDH1->-TP53,2,1,25.000000,25,1.434911e-01,
CDH1->-PIK3CA CDH1->-TP53 TP53->-PIK3CA,3,3,2.000000,2,6.494116e-01,
CDH1->-PIK3CA CDH1->-TP53 PIK3CA->-TP53,3,3,2.000000,2,6.494116e-01,
TP53->-KMT2D,2,1,24.000000,24,1.279239e-06,
CDH1->-KMT2C,2,1,23.000000,23,5.631607e-04,
CDH1->-KMT2C CDH1->-PIK3CA PIK3CA->-KMT2C,3,3,7.000000,7,4.464988e-03,
CDH1->-KMT2C CDH1->-TP53 TP53->-KMT2C,3,3,2.000000,2,3.293032e-01,
KMT2C->-PIK3CA,2,1,22.000000,22,9.146063e-01,
KMT2C->-PIK3CA TP53->-KMT2C TP53->-PIK3CA,3,3,4.000000,4,1.885508e-01,
CDH1->-KMT2C CDH1->-PIK3CA KMT2C->-PIK3CA,3,3,5.000000,5,7.102933e-02,
TP53->-RB1,2,1,21.000000,21,4.925782e-03,
CBFB->-GATA3,2,1,21.000000,21,4.130363e-04,
CBFB->-GATA3 CBFB->-PIK3CA PIK3CA->-GATA3,3,3,5.000000,5,8.248899e-02,
CBFB->-GATA3 CBFB->-PIK3CA GATA3->-PIK3CA,3,3,6.000000,6,2.448343e-02,
PIK3CA->-FAT1,2,1,20.000000,20,3.640781e-04,
CDH1->-MAP3K1,2,1,19.000000,19,7.544068e-04,
CDH1->-MAP3K1 CDH1->-PIK3CA MAP3K1->-PIK3CA,3,3,4.000000,4,2.261191e-01,
CDH1->-MAP3K1 CDH1->-PIK3CA PIK3CA->-MAP3K1,3,3,8.000000,8,1.175986e-03,
CDH1->-MAP3K1 CDH1->-TP53 TP53->-MAP3K1,3,3,3.000000,3,1.620370e-02,
PIK3CA->-SF3B1,2,1,19.000000,19,9.748671e-06,
CDH1->-ERBB2,2,1,19.000000,19,6.939129e-02,
AKT1->-TP53,2,1,19.000000,19,1.871819e-05,
PIK3CA->-ARID1A,2,1,19.000000,19,3.591158e-01,
TP53->-NCOR1,2,1,19.000000,19,1.365904e-02,
TP53->-CDH1,2,1,19.000000,19,7.711848e-01,
CDH1->-PIK3CA TP53->-CDH1 TP53->-PIK3CA,3,3,5.000000,5,4.778371e-02,
CDH1->-KMT2C TP53->-CDH1 TP53->-KMT2C,3,3,2.000000,2,3.293032e-01,
CDH1->-FOXA1,2,1,18.000000,18,2.905803e-03,
CDH1->-FOXA1 CDH1->-PIK3CA PIK3CA->-FOXA1,3,3,8.000000,8,3.071442e-04,
TP53->-ARID1A,2,1,18.000000,18,3.599233e-04,
PIK3CA->-ARID1A PIK3CA->-TP53 TP53->-ARID1A,3,3,3.000000,3,7.937942e-02,
TP53->-FAT1,2,1,18.000000,18,1.266771e-04,
PIK3CA->-FAT1 TP53->-FAT1 TP53->-PIK3CA,3,3,4.000000,4,4.595300e-02,
PIK3CA->-FAT1 PIK3CA->-TP53 TP53->-FAT1,3,3,3.000000,3,1.730884e-01,
PIK3CA->-RUNX1,2,1,18.000000,18,4.310151e-02,
MAP2K4->-PIK3CA,2,1,18.000000,18,4.179209e-02,
PIK3CA->-NCOR1,2,1,18.000000,18,3.438602e-01,
PIK3CA->-NCOR1 TP53->-NCOR1 TP53->-PIK3CA,3,3,2.000000,2,4.165295e-01,
ESR1->-PIK3CA,2,1,17.000000,17,9.094241e-01,
CDH1->-ARID1A,2,1,17.000000,17,2.789297e-03,
CDH1->-ARID1A CDH1->-PIK3CA PIK3CA->-ARID1A,3,3,5.000000,5,6.696655e-02,
CDH1->-ARID1A PIK3CA->-ARID1A PIK3CA->-CDH1,3,3,2.000000,2,6.976724e-01,
CDH1->-ARID1A CDH1->-TP53 TP53->-ARID1A,3,3,2.000000,2,1.040420e-01,
CDH1->-TBX3,2,1,17.000000,17,9.124793e-02,
TBX3->-PIK3CA,2,1,17.000000,17,3.327408e-01,
CDH1->-PIK3CA CDH1->-TBX3 TBX3->-PIK3CA,3,3,5.000000,5,7.033303e-02,
TP53->-GATA3,2,1,17.000000,17,4.228926e-02,
PIK3CA->-GATA3 TP53->-GATA3 TP53->-PIK3CA,3,3,3.000000,3,1.649489e-01,
PIK3CA->-GATA3 PIK3CA->-TP53 TP53->-GATA3,3,3,3.000000,3,1.649489e-01,
NCOR1->-PIK3CA,2,1,16.000000,16,6.129143e-01,
NCOR1->-PIK3CA TP53->-NCOR1 TP53->-PIK3CA,3,3,3.000000,3,1.502761e-01,
CDH1->-RUNX1,2,1,15.000000,15,6.750948e-02,
CDH1->-PIK3CA CDH1->-RUNX1 PIK3CA->-RUNX1,3,3,4.000000,4,9.493617e-02,
CDH1->-RUNX1 PIK3CA->-CDH1 PIK3CA->-RUNX1,3,3,2.000000,2,5.658416e-01,
TP53->-ARID2,2,1,15.000000,15,6.458747e-06,
PIK3CA->-TBX3,2,1,15.000000,15,6.094249e-01,
CDH1->-PIK3CA CDH1->-TBX3 PIK3CA->-TBX3,3,3,3.000000,3,4.214953e-01,
TP53->-PIK3R1,2,1,15.000000,15,1.034630e-02,
CDH1->-NCOR1,2,1,15.000000,15,1.918836e-02,
CDH1->-NCOR1 TP53->-CDH1 TP53->-NCOR1,3,3,2.000000,2,3.694350e-01,
CDH1->-NCOR1 CDH1->-PIK3CA PIK3CA->-NCOR1,3,3,3.000000,3,2.156366e-01,
CDH1->-NCOR1 CDH1->-PIK3CA NCOR1->-PIK3CA,3,3,4.000000,4,6.546410e-02,
ARID1A->-PIK3CA,2,1,14.000000,14,9.042791e-01,
ARID1A->-PIK3CA CDH1->-ARID1A CDH1->-PIK3CA,3,3,5.000000,5,6.696655e-02,
PIK3CA->-KMT2D,2,1,14.000000,14,2.701749e-02,
PIK3CA->-KMT2D TP53->-KMT2D TP53->-PIK3CA,3,3,3.000000,3,2.100891e-01,
PIK3CA->-KMT2D PIK3CA->-TP53 TP53->-KMT2D,3,3,5.000000,5,1.400543e-02,
TP53->-NSD1,2,1,14.000000,14,1.046317e-05,
TP53->-RUNX1,2,1,14.000000,14,1.855684e-02,
PIK3CA->-RUNX1 PIK3CA->-TP53 TP53->-RUNX1,3,3,2.000000,2,1.962449e-01,
CDH1->-RUNX1 CDH1->-TP53 TP53->-RUNX1,3,3,2.000000,2,7.407407e-02,
TP53->-PTPRD,2,1,14.000000,14,7.653459e-05,
PIK3CA->-ATR,2,1,13.000000,13,6.844996e-03,
TP53->-ATR,2,1,13.000000,13,6.798801e-03,
APC->-KMT2D APC->-MGA MGA->-KMT2D PIK3CA->-APC PIK3CA->-KMT2D PIK3CA->-MGA PIK3CA->-TP53 TP53->-APC TP53->-KMT2D TP53->-MGA,5,10,2.000000,2,4.451849e-04,
APC->-ATR APC->-CARD11 APC->-MGA CARD11->-ATR MGA->-ATR MGA->-CARD11 PIK3CA->-APC PIK3CA->-ATR PIK3CA->-CARD11 PIK3CA->-MGA PIK3CA->-TP53 TP53->-APC TP53->-ATR TP53->-CARD11 TP53->-MGA,6,15,2.000000,2,3.341109e-04,
APC->-ARID2 APC->-MGA MGA->-ARID2 PIK3CA->-APC PIK3CA->-ARID2 PIK3CA->-MGA PIK3CA->-TP53 TP53->-APC TP53->-ARID2 TP53->-MGA,5,10,2.000000,2,4.203043e-04,
TP53->-CREBBP,2,1,13.000000,13,1.366701e-03,
TP53->-BRCA2,2,1,13.000000,13,3.166839e-03,
CDH1->-ESR1,2,1,13.000000,13,7.314789e-02,
CDH1->-ESR1 CDH1->-PIK3CA PIK3CA->-ESR1,3,3,4.000000,4,7.094479e-03,
PTEN->-PIK3CA,2,1,13.000000,13,4.415654e-01,
PTEN->-PIK3CA TP53->-PIK3CA TP53->-PTEN,3,3,2.000000,2,4.843357e-01,
TP53->-STAG2,2,1,13.000000,13,3.780244e-03,
TP53->-KMT2A,2,1,13.000000,13,1.424886e-04,
PIK3CA->-PTEN,2,1,13.000000,13,4.415654e-01,
PIK3CA->-PTEN TP53->-PIK3CA TP53->-PTEN,3,3,2.000000,2,4.843357e-01,
PIK3CA->-PTEN PIK3CA->-TP53 TP53->-PTEN,3,3,6.000000,6,1.740452e-03,
PIK3CA->-RICTOR,2,1,12.000000,12,1.942898e-04,
MEN1->-GATA3,2,1,12.000000,12,2.441406e-04,
PTEN->-TP53,2,1,12.000000,12,9.998205e-01,
MAP3K1->-GATA3,2,1,12.000000,12,4.344132e-01,
GATA3->-PIK3CA MAP3K1->-GATA3 MAP3K1->-PIK3CA,3,3,5.000000,5,8.532984e-02,
MAP3K1->-GATA3 PIK3CA->-GATA3 PIK3CA->-MAP3K1,3,3,2.000000,2,7.307053e-01,
PIK3CA->-SPEN,2,1,12.000000,12,6.969883e-02,
TP53->-ALK,2,1,12.000000,12,3.150720e-05,
NF1->-TP53,2,1,12.000000,12,9.908527e-01,
NF1->-PIK3CA,2,1,12.000000,12,3.245153e-01,
NF1->-PIK3CA TP53->-NF1 TP53->-PIK3CA,3,3,3.000000,3,2.888884e-01,
NF1->-PIK3CA NF1->-TP53 TP53->-PIK3CA,3,3,4.000000,4,1.057791e-01,
TP53->-FLT4,2,1,12.000000,12,4.909179e-05,
TP53->-APC,2,1,12.000000,12,4.150968e-04,
PIK3CA->-RB1,2,1,11.000000,11,2.106243e-01,
PIK3CA->-RB1 TP53->-PIK3CA TP53->-RB1,3,3,2.000000,2,3.953231e-01,
PIK3CA->-RB1 PIK3CA->-TP53 TP53->-RB1,3,3,4.000000,4,3.065641e-02,
TP53->-CDKN2A,2,1,11.000000,11,1.701931e-02,
TP53->-PTPRS,2,1,11.000000,11,7.404996e-05,
TP53->-ERBB3,2,1,11.000000,11,7.014232e-05,
TP53->-ATM,2,1,11.000000,11,1.652797e-03,
TP53->-ESR1,2,1,11.000000,11,4.587818e-03,
PIK3CA->-NOTCH4,2,1,11.000000,11,1.328045e-02,
TP53->-NOTCH4,2,1,11.000000,11,2.443928e-05,
PIK3CA->-NOTCH4 PIK3CA->-TP53 TP53->-NOTCH4,3,3,4.000000,4,2.469866e-03,
GATA3->-MAP3K1,2,1,11.000000,11,5.995780e-01,
GATA3->-MAP3K1 GATA3->-PIK3CA MAP3K1->-PIK3CA,3,3,3.000000,3,4.559304e-01,
GATA3->-MAP3K1 GATA3->-PIK3CA PIK3CA->-MAP3K1,3,3,4.000000,4,2.227016e-01,
TP53->-TBX3,2,1,11.000000,11,1.308888e-01,
PIK3CA->-ATM,2,1,11.000000,11,2.666955e-01,
PIK3CA->-ATM PIK3CA->-TP53 TP53->-ATM,3,3,3.000000,3,7.149536e-02,
FOXA1->-PIK3CA,2,1,11.000000,11,9.951876e-01,
CDH1->-FOXA1 CDH1->-PIK3CA FOXA1->-PIK3CA,3,3,3.000000,3,3.620529e-01,
TP53->-MED12,2,1,11.000000,11,3.727481e-03,
CDH1->-CBFB,2,1,11.000000,11,2.826576e-01,
CBFB->-PIK3CA CDH1->-CBFB CDH1->-PIK3CA,3,3,5.000000,5,7.647681e-03,
TP53->-FBXW7,2,1,11.000000,11,2.942258e-03,
TP53->-SETD2,2,1,11.000000,11,7.402515e-05,
PIK3CA->-PTPRT,2,1,11.000000,11,1.827311e-02,
PIK3CA->-KMT2A,2,1,11.000000,11,3.141605e-02,
PIK3CA->-KMT2A TP53->-KMT2A TP53->-PIK3CA,3,3,3.000000,3,2.391975e-02,
CDH1->-PTEN,2,1,10.000000,10,3.057143e-01,
TP53->-FOXA1,2,1,10.000000,10,1.433998e-01,
PIK3CA->-FOXA1 TP53->-FOXA1 TP53->-PIK3CA,3,3,3.000000,3,1.231255e-01,
PIK3CA->-FOXA1 PIK3CA->-TP53 TP53->-FOXA1,3,3,2.000000,2,3.757874e-01,
CDH1->-FOXA1 TP53->-CDH1 TP53->-FOXA1,3,3,2.000000,2,1.813542e-01,
TP53->-ATRX,2,1,10.000000,10,1.374149e-03,
TP53->-CARD11,2,1,10.000000,10,5.911494e-03,
TP53->-NOTCH2,2,1,10.000000,10,8.461217e-04,
TP53->-EP300,2,1,10.000000,10,1.240880e-02,
GATA3->-ARID1A,2,1,10.000000,10,4.639171e-01,
GATA3->-ARID1A PIK3CA->-ARID1A PIK3CA->-GATA3,3,3,2.000000,2,3.232037e-01,
GATA3->-ARID1A GATA3->-PIK3CA MAP3K1->-ARID1A MAP3K1->-GATA3 MAP3K1->-PIK3CA PIK3CA->-ARID1A,4,6,2.000000,2,5.063657e-03,
TP53->-MAP2K4,2,1,10.000000,10,1.977125e-01,
ESR1->-GATA3,2,1,10.000000,10,3.430046e-01,
ESR1->-GATA3 PIK3CA->-ESR1 PIK3CA->-GATA3,3,3,3.000000,3,1.457001e-01,
CDH1->-GATA3,2,1,10.000000,10,1.716942e-02,
CDH1->-GATA3 CDH1->-PIK3CA PIK3CA->-GATA3,3,3,4.000000,4,2.496480e-02,
CDH1->-GATA3 PIK3CA->-CDH1 PIK3CA->-GATA3,3,3,2.000000,2,3.653511e-01,
CDH1->-ESR1 CDH1->-GATA3 ESR1->-GATA3,3,3,3.000000,3,4.629630e-03,
CDH1->-ESR1 CDH1->-GATA3 CDH1->-PIK3CA ESR1->-GATA3 PIK3CA->-ESR1 PIK3CA->-GATA3,4,6,2.000000,2,1.736111e-03,
ERBB2->-CDH1,2,1,10.000000,10,9.673377e-01,
TP53->-ARID1B,2,1,10.000000,10,3.290895e-02,
ERBB2->-PIK3CA,2,1,10.000000,10,3.387790e-01,
CDH1->-ERBB2 CDH1->-PIK3CA ERBB2->-PIK3CA,3,3,5.000000,5,2.024402e-02,
TP53->-EPHA5,2,1,10.000000,10,1.574498e-02,
TP53->-PTPRT,2,1,10.000000,10,2.268998e-03,
PIK3CA->-PTPRT TP53->-PIK3CA TP53->-PTPRT,3,3,3.000000,3,7.701450e-02,
PIK3CA->-PTPRT PIK3CA->-TP53 TP53->-PTPRT,3,3,4.000000,4,1.323480e-02,
TP53->-BARD1,2,1,10.000000,10,2.226718e-04,
PIK3CA->-NF1,2,1,9.000000,9,7.972279e-01,
PIK3CA->-NF1 TP53->-NF1 TP53->-PIK3CA,3,3,2.000000,2,5.837065e-01,
PIK3CA->-NF1 PIK3CA->-TP53 TP53->-NF1,3,3,2.000000,2,5.837065e-01,
KMT2C->-GATA3,2,1,9.000000,9,2.692207e-01,
KMT2C->-GATA3 KMT2C->-PIK3CA PIK3CA->-GATA3,3,3,2.000000,2,3.222256e-01,
KMT2C->-MAP3K1,2,1,9.000000,9,5.391598e-01,
KMT2C->-MAP3K1 PIK3CA->-KMT2C PIK3CA->-MAP3K1,3,3,4.000000,4,1.676107e-01,
KMT2C->-MAP3K1 KMT2C->-PIK3CA MAP3K1->-PIK3CA,3,3,3.000000,3,3.838574e-01,
TP53->-EPHB1,2,1,9.000000,9,1.659014e-03,
ARID1A->-GATA3,2,1,9.000000,9,6.407929e-01,
ARID1A->-GATA3 ARID1A->-PIK3CA PIK3CA->-GATA3,3,3,2.000000,2,3.232037e-01,
AKT1->-CDH1,2,1,9.000000,9,4.020521e-01,
AKT1->-CDH1 AKT1->-TP53 CDH1->-TP53,3,3,2.000000,2,1.480195e-01,
CDH1->-MAP2K4,2,1,9.000000,9,4.361850e-02,
CDH1->-MAP2K4 CDH1->-PIK3CA MAP2K4->-PIK3CA,3,3,2.000000,2,2.804478e-01,
CDH1->-MAP2K4 CDH1->-TP53 TP53->-MAP2K4,3,3,2.000000,2,5.390838e-02,
CDH1->-CDK12 CDH1->-TP53 TP53->-CDK12,3,3,2.000000,2,7.115010e-03,
PIK3CA->-MAP2K4,2,1,9.000000,9,9.618866e-01,
CDH1->-MAP2K4 PIK3CA->-CDH1 PIK3CA->-MAP2K4,3,3,2.000000,2,2.804478e-01,
TP53->-RICTOR,2,1,9.000000,9,1.337323e-04,
PIK3CA->-RICTOR TP53->-PIK3CA TP53->-RICTOR,3,3,2.000000,2,5.808213e-02,
ATR-/-RFWD2,2,1,2.000000,2,1.690331e-02,
PIK3CA->-RICTOR PIK3CA->-TP53 TP53->-RICTOR,3,3,2.000000,2,5.808213e-02,
BRCA1-/-RICTOR PIK3CA->-BRCA1 PIK3CA->-RICTOR,3,3,2.000000,2,2.207966e-02,
PTEN->-KMT2C,2,1,9.000000,9,5.417941e-03,
PTEN->-KMT2C TP53->-KMT2C TP53->-PTEN,3,3,3.000000,3,1.620370e-02,
PTEN->-NF1,2,1,9.000000,9,2.832031e-02,
PTEN->-NF1 TP53->-NF1 TP53->-PTEN,3,3,5.000000,5,8.950062e-03,
PTEN->-NF1 PTEN->-TP53 TP53->-NF1,3,3,3.000000,3,1.782596e-01,
PIK3CA->-CREBBP,2,1,9.000000,9,2.360554e-01,
PIK3CA->-CREBBP TP53->-CREBBP TP53->-PIK3CA,3,3,2.000000,2,1.644871e-01,
AKT1->-GATA3,2,1,9.000000,9,1.840123e-02,
TBX3->-CDH1,2,1,9.000000,9,9.622025e-01,
CDH1->-PIK3CA TBX3->-CDH1 TBX3->-PIK3CA,3,3,3.000000,3,4.214953e-01,
TP53->-ZFHX3,2,1,9.000000,9,3.141246e-02,
PIK3CA->-FLT4,2,1,9.000000,9,6.947266e-02,
PIK3CA->-FLT4 PIK3CA->-TP53 TP53->-FLT4,3,3,2.000000,2,1.206534e-01,
TP53->-ERCC5,2,1,9.000000,9,6.308942e-04,
PIK3CA->-CDKN1B,2,1,9.000000,9,4.431000e-01,
TP53->-SF3B1,2,1,9.000000,9,1.302083e-03,
PIK3CA->-SF3B1 TP53->-PIK3CA TP53->-SF3B1,3,3,2.000000,2,2.632245e-01,
PIK3CA->-SF3B1 PIK3CA->-TP53 TP53->-SF3B1,3,3,4.000000,4,8.701989e-03,
PIK3CA->-MED12,2,1,9.000000,9,4.087319e-02,
PIK3CA->-MED12 TP53->-MED12 TP53->-PIK3CA,3,3,2.000000,2,1.300327e-01,
PIK3CA->-MED12 PIK3CA->-TP53 TP53->-MED12,3,3,2.000000,2,1.300327e-01,
PIK3CA->-POLE,2,1,9.000000,9,7.031250e-03,
TP53->-ARID5B,2,1,9.000000,9,3.101720e-03,
TP53->-POLE,2,1,9.000000,9,9.090471e-04,
PIK3CA->-POLE PIK3CA->-TP53 TP53->-POLE,3,3,5.000000,5,2.670253e-04,
TP53->-TET2,2,1,9.000000,9,6.739912e-04,
TP53->-SPEN,2,1,9.000000,9,6.835152e-02,
PIK3CA->-SPEN PIK3CA->-TP53 TP53->-SPEN,3,3,3.000000,3,1.658951e-02,
ATM->-PIK3CA,2,1,8.000000,8,7.699946e-01,
MAP3K1->-KMT2C,2,1,8.000000,8,7.136765e-01,
MAP3K1->-KMT2C MAP3K1->-PIK3CA PIK3CA->-KMT2C,3,3,3.000000,3,3.838574e-01,
MAP3K1->-KMT2C PIK3CA->-KMT2C PIK3CA->-MAP3K1,3,3,2.000000,2,6.726210e-01,
KMT2C->-PIK3CA MAP3K1->-KMT2C MAP3K1->-PIK3CA,3,3,2.000000,2,6.726210e-01,
PIK3CA->-ERBB2,2,1,8.000000,8,7.013697e-01,
CDH1->-ERBB2 CDH1->-PIK3CA PIK3CA->-ERBB2,3,3,4.000000,4,8.321263e-02,
PIK3CA->-ZFHX3,2,1,8.000000,8,3.194596e-01,
PIK3CA->-ARID2,2,1,8.000000,8,1.411133e-01,
PIK3CA->-ARID2 PIK3CA->-TP53 TP53->-ARID2,3,3,4.000000,4,5.486968e-03,
TP53->-ROS1,2,1,8.000000,8,1.087565e-01,
TP53->-TSC2,2,1,8.000000,8,4.986680e-02,
MEN1->-PIK3CA,2,1,8.000000,8,1.279030e-01,
CDH1->-AKT1,2,1,8.000000,8,5.947153e-01,
TP53->-ANKRD11,2,1,8.000000,8,9.569587e-03,
CDH1->-BRCA2,2,1,8.000000,8,1.644023e-01,
CDH1->-BRCA2 TP53->-BRCA2 TP53->-CDH1,3,3,2.000000,2,4.320988e-02,
PTEN->-CDH1,2,1,8.000000,8,6.703179e-01,
CDH1->-TP53 PTEN->-CDH1 PTEN->-TP53,3,3,2.000000,2,6.335283e-02,
CDH1->-SPEN,2,1,8.000000,8,9.375000e-02,
CDH1->-PIK3CA CDH1->-SPEN PIK3CA->-SPEN,3,3,2.000000,2,7.407407e-02,
PIK3CA->-PTPRD,2,1,8.000000,8,5.675353e-03,
PIK3CA->-PTPRS,2,1,8.000000,8,1.277388e-01,
PIK3CA->-PTPRS PIK3CA->-TP53 TP53->-PTPRS,3,3,3.000000,3,1.824846e-02,
PIK3CA->-DICER1,2,1,8.000000,8,5.925260e-03,
PIK3CA->-PTCH1,2,1,8.000000,8,1.307165e-02,
NCOR1->-TP53,2,1,8.000000,8,9.822398e-01,
NCOR1->-TP53 PIK3CA->-NCOR1 PIK3CA->-TP53,3,3,2.000000,2,4.165295e-01,
CDH1->-NCOR1 CDH1->-TP53 NCOR1->-TP53,3,3,2.000000,2,3.694350e-01,
PTEN->-MAP3K1,2,1,8.000000,8,6.613916e-02,
PTEN->-MAP3K1 TP53->-MAP3K1 TP53->-PTEN,3,3,2.000000,2,1.319444e-01,
MAP3K1->-PIK3CA PTEN->-MAP3K1 PTEN->-PIK3CA,3,3,2.000000,2,2.638889e-02,
CDH1->-MAP3K1 CDH1->-NF1 NF1->-MAP3K1 PTEN->-CDH1 PTEN->-MAP3K1 PTEN->-NF1,4,6,2.000000,2,1.736111e-03,
RUNX1->-PIK3CA,2,1,8.000000,8,9.858579e-01,
CDH1->-CREBBP,2,1,8.000000,8,7.871188e-02,
CDH1->-CREBBP CDH1->-PIK3CA PIK3CA->-CREBBP,3,3,4.000000,4,1.773516e-02,
KMT2C->-TP53,2,1,8.000000,8,9.994631e-01,
RB1->-TP53,2,1,8.000000,8,9.907853e-01,
TP53->-BAP1,2,1,8.000000,8,1.254261e-02,
RUNX1->-CDH1,2,1,8.000000,8,9.277331e-01,
CDH1->-PIK3CA RUNX1->-CDH1 RUNX1->-PIK3CA,3,3,2.000000,2,5.658416e-01,
PIK3CA->-CDH1 RUNX1->-CDH1 RUNX1->-PIK3CA,3,3,2.000000,2,5.658416e-01,
CBFB->-MAP3K1,2,1,8.000000,8,5.468750e-02,
CBFB->-MAP3K1 CBFB->-PIK3CA MAP3K1->-PIK3CA,3,3,6.000000,6,4.411723e-04,
CBFB->-GATA3 CBFB->-MAP3K1 MAP3K1->-GATA3,3,3,2.000000,2,1.319444e-01,
CDH1->-NF1,2,1,8.000000,8,2.711914e-01,
CDH1->-NF1 CDH1->-PIK3CA PIK3CA->-NF1,3,3,3.000000,3,1.587239e-01,
PIK3CA->-MGA,2,1,8.000000,8,3.929468e-01,
CDH1->-PTPRD,2,1,8.000000,8,7.961659e-03,
CDH1->-PTPRD CDH1->-TP53 TP53->-PTPRD,3,3,3.000000,3,3.637102e-02,
CDH1->-PTPRD TP53->-CDH1 TP53->-PTPRD,3,3,2.000000,2,1.950224e-01,
CDH1->-PIK3CA CDH1->-PTPRD PIK3CA->-PTPRD,3,3,2.000000,2,1.153150e-01,
CDH1->-PTPRD PIK3CA->-CDH1 PIK3CA->-PTPRD,3,3,2.000000,2,1.153150e-01,
CDH1->-APC,2,1,8.000000,8,3.906250e-03,
TP53->-NOTCH1,2,1,8.000000,8,3.340561e-03,
PIK3CA->-CARD11,2,1,7.000000,7,5.678105e-03,
PIK3CA->-CARD11 TP53->-CARD11 TP53->-PIK3CA,3,3,2.000000,2,1.225121e-01,
TP53->-DNMT1,2,1,7.000000,7,1.821168e-03,
CDH1->-KMT2D,2,1,7.000000,7,2.865349e-02,
CDH1->-KMT2D CDH1->-PIK3CA PIK3CA->-KMT2D,3,3,2.000000,2,2.920848e-01,
CDH1->-KMT2D PIK3CA->-CDH1 PIK3CA->-KMT2D,3,3,2.000000,2,2.920848e-01,
PIK3CA->-NSD1,2,1,7.000000,7,8.203125e-02,
CDH1->-EPHB1,2,1,7.000000,7,6.636056e-03,
CDH1->-EPHB1 CDH1->-TP53 TP53->-EPHB1,3,3,3.000000,3,3.261046e-03,
FOXA1->-MAP3K1,2,1,7.000000,7,2.779821e-01,
FOXA1->-MAP3K1 PIK3CA->-FOXA1 PIK3CA->-MAP3K1,3,3,3.000000,3,1.358888e-01,
CDH1->-FOXA1 CDH1->-MAP3K1 CDH1->-PIK3CA FOXA1->-MAP3K1 PIK3CA->-FOXA1 PIK3CA->-MAP3K1,4,6,2.000000,2,5.063657e-03,
FOXA1->-MAP3K1 FOXA1->-PIK3CA PIK3CA->-MAP3K1,3,3,2.000000,2,3.945789e-01,
FOXA1->-MAP3K1 TP53->-FOXA1 TP53->-MAP3K1,3,3,3.000000,3,2.088010e-02,
PIK3CA->-BRCA2,2,1,7.000000,7,2.189801e-01,
CDH1->-BRCA2 CDH1->-PIK3CA CDH1->-TBX3 PIK3CA->-BRCA2 TBX3->-BRCA2 TBX3->-PIK3CA,4,6,2.000000,2,1.621642e-03,
PIK3CA->-DNMT3A,2,1,7.000000,7,2.697507e-02,
CDH1->-PTPRS,2,1,7.000000,7,4.550439e-03,
CDH1->-PTPRS CDH1->-TP53 TP53->-PTPRS,3,3,2.000000,2,2.134503e-02,
MAP3K1->-ERBB3,2,1,7.000000,7,4.826649e-03,
TP53->-MDC1,2,1,7.000000,7,4.285163e-02,
PIK3CA->-RFWD2,2,1,7.000000,7,2.402865e-02,
GATA3->-SPEN,2,1,7.000000,7,2.837967e-01,
MAP3K1->-ARID1A,2,1,7.000000,7,1.423850e-01,
MAP3K1->-ARID1A MAP3K1->-PIK3CA PIK3CA->-ARID1A,3,3,3.000000,3,1.181020e-01,
GATA3->-ARID1A MAP3K1->-ARID1A MAP3K1->-GATA3,3,3,3.000000,3,4.629630e-03,
PIK3CA->-RAD50,2,1,7.000000,7,3.731723e-02,
CDH1->-FAT1,2,1,7.000000,7,2.578875e-02,
CDH1->-FAT1 CDH1->-PIK3CA PIK3CA->-FAT1,3,3,2.000000,2,9.680522e-02,
TP53->-DDR2,2,1,7.000000,7,1.488676e-02,
TP53->-PIK3CG,2,1,7.000000,7,6.495048e-03,
CDH1->-ERBB3,2,1,7.000000,7,4.843750e-02,
NCOR1->-GATA3,2,1,7.000000,7,1.929563e-02,
PIK3CA->-AR,2,1,7.000000,7,7.292668e-02,
TP53->-PIK3C2G,2,1,7.000000,7,2.211806e-03,
PTEN->-PIK3R1,2,1,7.000000,7,2.513021e-02,
PTEN->-PIK3R1 TP53->-PIK3R1 TP53->-PTEN,3,3,4.000000,4,4.409171e-04,
CDH1->-RFWD2,2,1,7.000000,7,6.299312e-03,
CDH1->-PIK3CA CDH1->-RFWD2 PIK3CA->-RFWD2,3,3,4.000000,4,2.536800e-03,
TP53->-IGF1R,2,1,7.000000,7,9.548611e-04,
TP53->-KDM6A,2,1,7.000000,7,6.042124e-02,
GATA3->-ESR1,2,1,7.000000,7,8.463440e-01,
GATA3->-ESR1 GATA3->-PIK3CA PIK3CA->-ESR1,3,3,2.000000,2,4.108276e-01,
MAP3K1->-TBX3,2,1,7.000000,7,8.580755e-02,
MAP3K1->-PIK3CA MAP3K1->-TBX3 PIK3CA->-TBX3,3,3,3.000000,3,4.559818e-02,
TP53->-GRIN2A,2,1,7.000000,7,3.906250e-03,
CBFB->-CDH1,2,1,7.000000,7,8.980227e-01,
CBFB->-CDH1 CBFB->-PIK3CA CDH1->-PIK3CA,3,3,2.000000,2,4.387358e-01,
TP53->-MGA,2,1,7.000000,7,1.932870e-02,
PIK3CA->-MGA TP53->-MGA TP53->-PIK3CA,3,3,4.000000,4,4.833248e-03,
PIK3CA->-ARID5B,2,1,7.000000,7,1.738007e-02,
PIK3CA->-ARID5B TP53->-ARID5B TP53->-PIK3CA,3,3,2.000000,2,8.877578e-02,
ANKRD11->-ARID5B,2,1,2.000000,2,2.038177e-01,
PIK3CA->-ARID5B PIK3CA->-TP53 TP53->-ARID5B,3,3,2.000000,2,8.877578e-02,
CDH1->-SETD2,2,1,7.000000,7,7.812500e-03,
BRCA1->-SETD2 CDH1->-BRCA1 CDH1->-SETD2 TP53->-BRCA1 TP53->-CDH1 TP53->-SETD2,4,6,2.000000,2,1.736111e-03,
CTCF->-PIK3CA,2,1,7.000000,7,2.023437e-01,
PIK3CA->-MDC1,2,1,7.000000,7,1.405101e-01,
PIK3CA->-MDC1 PIK3CA->-TP53 TP53->-MDC1,3,3,3.000000,3,4.257738e-02,
TP53->-INSR,2,1,7.000000,7,1.039497e-02,
CDH1->-KMT2A,2,1,7.000000,7,3.515625e-02,
TP53->-BCOR,2,1,7.000000,7,2.037037e-03,
RB1->-PIK3CA,2,1,7.000000,7,8.616180e-01,
PIK3CA->-KDR,2,1,7.000000,7,1.638876e-02,
TP53->-PALB2,2,1,7.000000,7,1.145869e-02,
TP53->-BRCA1,2,1,7.000000,7,6.953147e-02,
TP53->-PDGFRA,2,1,7.000000,7,1.930240e-02,
CDKN1B->-PIK3CA,2,1,7.000000,7,7.971893e-01,
MAP2K4->-GATA3,2,1,7.000000,7,6.944444e-02,
MAP2K4->-GATA3 MAP2K4->-PIK3CA PIK3CA->-GATA3,3,3,2.000000,2,6.746032e-02,
PIK3CA->-BCOR,2,1,7.000000,7,1.249915e-01,
PIK3CA->-BCOR PIK3CA->-PTEN PIK3CA->-TP53 PTEN->-BCOR TP53->-BCOR TP53->-PTEN,4,6,2.000000,2,1.736111e-03,
PIK3CA->-IGF1R,2,1,6.000000,6,2.937500e-02,
PIK3CA->-IGF1R TP53->-IGF1R TP53->-PIK3CA,3,3,3.000000,3,1.157407e-03,
NOTCH1->-PIK3CA,2,1,6.000000,6,4.549905e-01,
PIK3CA->-ATRX,2,1,6.000000,6,2.508681e-01,
ESR1->-ARID1A,2,1,6.000000,6,2.409669e-01,
ESR1->-ARID1A PIK3CA->-ARID1A PIK3CA->-ESR1,3,3,3.000000,3,7.523148e-03,
GATA3->-TP53,2,1,6.000000,6,9.967518e-01,
TP53->-DOT1L,2,1,6.000000,6,2.732766e-02,
TP53->-PIK3CB,2,1,6.000000,6,7.440476e-03,
ARID1A->-KMT2C,2,1,6.000000,6,5.787082e-01,
ARID1A->-KMT2C ARID1A->-NCOR1 KMT2C->-NCOR1 PIK3CA->-ARID1A PIK3CA->-KMT2C PIK3CA->-NCOR1,4,6,2.000000,2,5.063657e-03,
ARID1A->-KMT2C CDH1->-ARID1A CDH1->-KMT2C,3,3,2.000000,2,7.254782e-02,
CDH1->-FOXA1 CDH1->-KMT2C FOXA1->-KMT2C,3,3,2.000000,2,7.407407e-02,
ARID1A->-KMT2C ARID1A->-PIK3CA PIK3CA->-KMT2C,3,3,2.000000,2,3.931763e-01,
PIK3CA->-EPHB1,2,1,6.000000,6,6.119792e-02,
PIK3CA->-EPHB1 TP53->-EPHB1 TP53->-PIK3CA,3,3,2.000000,2,1.271219e-01,
PIK3CA->-EPHB1 PIK3CA->-TP53 TP53->-EPHB1,3,3,2.000000,2,1.271219e-01,
ATRX->-EPHB1 PIK3CA->-ATRX PIK3CA->-EPHB1,3,3,2.000000,2,2.546296e-02,
HNF1A->-EPHB1,2,1,2.000000,2,2.430556e-01,
CDH1->-EPHB1 CDH1->-PIK3CA PIK3CA->-EPHB1,3,3,3.000000,3,1.523920e-02,
STK11->-PIK3CA,2,1,6.000000,6,2.126432e-01,
PIK3CA->-TET1,2,1,6.000000,6,1.226562e-01,
PIK3CA->-HIST1H1C,2,1,6.000000,6,4.906250e-02,
CDH1->-RICTOR,2,1,6.000000,6,1.188937e-02,
CDH1->-PIK3CA CDH1->-RICTOR PIK3CA->-RICTOR,3,3,3.000000,3,1.096211e-02,
PIK3CA->-ALK,2,1,6.000000,6,6.279630e-02,
AKT1->-MAP3K1,2,1,6.000000,6,3.843750e-02,
KDM5C->-PIK3CA,2,1,6.000000,6,2.762956e-01,
ZFHX3->-PIK3CA,2,1,6.000000,6,7.281641e-01,
PIK3CA->-MTOR,2,1,6.000000,6,6.956845e-02,
SPEN->-PIK3CA,2,1,6.000000,6,9.184483e-01,
GATA3->-PIK3CA GATA3->-SPEN SPEN->-PIK3CA,3,3,2.000000,2,1.494809e-01,
TP53->-RFWD2,2,1,6.000000,6,9.644153e-03,
CDH1->-RAD50 CDH1->-RFWD2 RAD50->-RFWD2 TP53->-CDH1 TP53->-RAD50 TP53->-RFWD2,4,6,2.000000,2,1.092863e-03,
MAP3K1->-TP53,2,1,6.000000,6,9.994228e-01,
PIK3CA->-ROS1,2,1,6.000000,6,2.631536e-01,
PIK3CA->-EP300,2,1,6.000000,6,1.999866e-01,
TP53->-MTOR,2,1,6.000000,6,7.562500e-02,
PIK3CA->-MTOR PIK3CA->-TP53 TP53->-MTOR,3,3,2.000000,2,2.739198e-02,
ATM->-GATA3,2,1,6.000000,6,9.676136e-02,
ATM->-GATA3 ATM->-PIK3CA GATA3->-PIK3CA,3,3,2.000000,2,4.040404e-02,
PIK3CA->-NUP93,2,1,6.000000,6,4.241071e-02,
PIK3CA->-ERBB3,2,1,6.000000,6,3.639338e-01,
PIK3CA->-ERBB3 TP53->-ERBB3 TP53->-PIK3CA,3,3,2.000000,2,8.152392e-02,
MAP3K1->-ERBB3 MAP3K1->-PIK3CA PIK3CA->-ERBB3,3,3,2.000000,2,1.857645e-01,
GATA3->-KMT2C,2,1,6.000000,6,8.258036e-01,
TBX3->-TP53,2,1,6.000000,6,8.995074e-01,
TBX3->-PIK3CA TBX3->-TP53 TP53->-PIK3CA,3,3,2.000000,2,2.680087e-01,
PIK3CA->-TP53 TBX3->-PIK3CA TBX3->-TP53,3,3,2.000000,2,2.680087e-01,
TP53->-HNF1A,2,1,6.000000,6,7.570007e-02,
CDH1->-ATRX,2,1,6.000000,6,5.538651e-02,
CDH1->-ATRX CDH1->-PIK3CA PIK3CA->-ATRX,3,3,3.000000,3,1.523920e-02,
TP53->-JAK3,2,1,6.000000,6,2.826511e-02,
TP53->-KDM5A,2,1,6.000000,6,8.825093e-03,
TP53->-TERT,2,1,6.000000,6,7.704970e-02,
TP53->-STK11,2,1,6.000000,6,4.566653e-02,
TP53->-RECQL4,2,1,6.000000,6,5.370476e-02,
PIK3CA->-PIK3C2G,2,1,6.000000,6,7.862992e-02,
PIK3CA->-PIK3C2G PIK3CA->-TP53 TP53->-PIK3C2G,3,3,2.000000,2,1.128365e-01,
PTEN->-SF3B1,2,1,6.000000,6,1.479167e-01,
PIK3CA->-SF3B1 PTEN->-PIK3CA PTEN->-SF3B1,3,3,2.000000,2,8.854167e-02,
PTEN->-SF3B1 TP53->-PTEN TP53->-SF3B1,3,3,2.000000,2,6.944444e-03,
TP53->-TP63,2,1,6.000000,6,1.339286e-02,
MGA->-PIK3CA,2,1,6.000000,6,7.788930e-01,
KMT2C->-NCOR1,2,1,6.000000,6,1.072443e-01,
KMT2C->-NCOR1 PIK3CA->-KMT2C PIK3CA->-NCOR1,3,3,4.000000,4,3.343621e-03,
CDH1->-KMT2C CDH1->-NCOR1 KMT2C->-NCOR1,3,3,3.000000,3,3.549383e-02,
KMT2C->-NCOR1 KMT2C->-TP53 TP53->-NCOR1,3,3,2.000000,2,8.810325e-02,
MAP3K1->-NCOR1,2,1,6.000000,6,2.383923e-01,
MAP3K1->-NCOR1 MAP3K1->-PIK3CA NCOR1->-PIK3CA,3,3,2.000000,2,2.464796e-01,
PIK3CA->-STAG2,2,1,6.000000,6,5.460820e-01,
PIK3CA->-STAG2 TP53->-PIK3CA TP53->-STAG2,3,3,2.000000,2,7.167944e-02,
CDH1->-PIK3CA CDH1->-STAG2 PIK3CA->-STAG2,3,3,2.000000,2,1.153150e-01,
PIK3CA->-TET2,2,1,6.000000,6,2.040799e-01,
PIK3CA->-NOTCH1,2,1,6.000000,6,4.549905e-01,
PIK3CA->-NOTCH1 TP53->-NOTCH1 TP53->-PIK3CA,3,3,2.000000,2,6.785301e-02,
CDH1->-RB1,2,1,6.000000,6,1.008594e-01,
CDH1->-RB1 CDH1->-TP53 TP53->-RB1,3,3,2.000000,2,9.722222e-02,
CDH1->-RB1 TP53->-CDH1 TP53->-RB1,3,3,2.000000,2,9.722222e-02,
TP53->-SOX17,2,1,6.000000,6,6.973380e-02,
PIK3CA->-CIC,2,1,6.000000,6,1.562500e-02,
PIK3CA->-MST1R,2,1,6.000000,6,4.629630e-03,
TP53->-DNMT3A,2,1,6.000000,6,1.270887e-01,
TP53->-KDR,2,1,6.000000,6,1.125689e-01,
PIK3CA->-KDR TP53->-KDR TP53->-PIK3CA,3,3,2.000000,2,1.893670e-01,
PIK3CA->-KDR PIK3CA->-TP53 TP53->-KDR,3,3,3.000000,3,3.507784e-02,
PIK3CA->-FGFR2,2,1,6.000000,6,3.125000e-02,
GATA3->-CDKN1B,2,1,6.000000,6,1.562500e-02,
CDKN1B->-PIK3CA GATA3->-CDKN1B GATA3->-PIK3CA,3,3,2.000000,2,1.319444e-01,
CBFB->-TP53,2,1,6.000000,6,1.390625e-01,
CBFB->-PIK3CA CBFB->-TP53 TP53->-PIK3CA,3,3,3.000000,3,3.549383e-02,
CDH1->-PTCH1,2,1,6.000000,6,6.043199e-02,
CDH1->-PIK3CA CDH1->-PTCH1 PIK3CA->-PTCH1,3,3,2.000000,2,1.250511e-01,
TP53->-RPTOR,2,1,6.000000,6,2.310606e-02,
ARID2->-GATA3,2,1,6.000000,6,4.375000e-02,
PIK3CA->-BAP1,2,1,6.000000,6,6.250000e-02,
PIK3CA->-BAP1 PIK3CA->-TP53 TP53->-BAP1,3,3,2.000000,2,2.777778e-02,
PIK3CA->-SMAD4,2,1,6.000000,6,1.199219e-01,
ESR1->-CDH1,2,1,6.000000,6,9.631680e-01,
PTEN->-ARID1A,2,1,6.000000,6,3.375000e-02,
TP53->-NBN,2,1,6.000000,6,1.093750e-02,
PIK3CA->-EPHA5,2,1,6.000000,6,1.031250e-01,
PIK3CA->-EPHA5 TP53->-EPHA5 TP53->-PIK3CA,3,3,2.000000,2,1.222075e-01,
PIK3CA->-CBFB,2,1,6.000000,6,9.999982e-01,
TP53->-RAD50,2,1,6.000000,6,2.276002e-02,
PIK3CA->-RAD50 TP53->-PIK3CA TP53->-RAD50,3,3,2.000000,2,4.231953e-02,
PIK3CA->-RAD50 PIK3CA->-TP53 TP53->-RAD50,3,3,2.000000,2,4.231953e-02,
TP53->-NOTCH3,2,1,6.000000,6,3.472222e-02,
MAP2K4->-TP53,2,1,6.000000,6,8.682176e-01,
KMT2C->-FAT1,2,1,6.000000,6,1.724837e-01,
KMT2C->-FAT1 PIK3CA->-FAT1 PIK3CA->-KMT2C,3,3,2.000000,2,1.861122e-01,
PIK3CA->-APC,2,1,6.000000,6,2.793409e-01,
PIK3CA->-APC PIK3CA->-TP53 TP53->-APC,3,3,4.000000,4,1.221708e-03,
APC->-NCOR1 CDH1->-APC CDH1->-NCOR1 CDH1->-PIK3CA PIK3CA->-APC PIK3CA->-NCOR1,4,6,2.000000,2,1.736111e-03,
ARID1A->-FAT1,2,1,5.000000,5,6.762467e-02,
TET1->-ARID1A,2,1,5.000000,5,2.566964e-02,
MEN1->-KMT2C,2,1,5.000000,5,9.494304e-02,
KMT2C->-GATA3 MEN1->-GATA3 MEN1->-KMT2C,3,3,2.000000,2,2.777778e-02,
TP53->-RAF1,2,1,5.000000,5,1.204902e-02,
TP53->-PAK7,2,1,5.000000,5,3.228948e-02,
CDH1->-NSD1,2,1,5.000000,5,3.125000e-02,
CDH1->-NSD1 CDH1->-TP53 TP53->-NSD1,3,3,2.000000,2,2.777778e-02,
CDH1->-FOXA1 CDH1->-NSD1 CDH1->-PIK3CA NSD1->-FOXA1 PIK3CA->-FOXA1 PIK3CA->-NSD1,4,6,2.000000,2,1.736111e-03,
TP53->-TSC1,2,1,5.000000,5,1.486623e-01,
PIK3CA->-GLI1,2,1,5.000000,5,2.489698e-02,
CBFB->-AKT1,2,1,5.000000,5,3.632812e-01,
CBFB->-ARID1A,2,1,5.000000,5,2.708333e-02,
PIK3CA->-ANKRD11,2,1,5.000000,5,4.315589e-01,
PIK3CA->-ANKRD11 TP53->-ANKRD11 TP53->-PIK3CA,3,3,2.000000,2,9.410052e-02,
CHEK2->-PIK3CA,2,1,5.000000,5,1.093750e-01,
STAG2->-PIK3CA,2,1,5.000000,5,7.574192e-01,
GATA3->-EGFR,2,1,5.000000,5,3.125000e-02,
TP53->-KIT,2,1,5.000000,5,8.735046e-03,
TP53->-IKZF1,2,1,5.000000,5,1.540179e-02,
PIK3CA->-BRIP1,2,1,5.000000,5,5.733135e-02,
ZFHX3->-CDH1,2,1,5.000000,5,1.679688e-01,
CDH1->-PIK3CA ZFHX3->-CDH1 ZFHX3->-PIK3CA,3,3,4.000000,4,3.343621e-03,
ARID1A->-GRIN2A,2,1,5.000000,5,9.750000e-03,
TP53->-EPHA7,2,1,5.000000,5,6.373981e-02,
TP53->-BRD4,2,1,5.000000,5,3.981481e-02,
PIK3CA->-JAK3,2,1,5.000000,5,1.843577e-01,
TP53->-TCF7L2,2,1,5.000000,5,2.839052e-02,
TP53->-HIST1H3B,2,1,5.000000,5,5.022694e-02,
PIK3CA->-PLK2,2,1,5.000000,5,1.511777e-01,
ESR1->-MAP3K1,2,1,5.000000,5,6.068209e-01,
ESR1->-MAP3K1 PIK3CA->-ESR1 PIK3CA->-MAP3K1,3,3,2.000000,2,3.302040e-01,
KMT2C->-ARID1A,2,1,5.000000,5,7.817593e-01,
KMT2C->-ARID1A PIK3CA->-ARID1A PIK3CA->-KMT2C,3,3,2.000000,2,3.931763e-01,
KMT2C->-ARID1A KMT2C->-PIK3CA PIK3CA->-ARID1A,3,3,2.000000,2,3.931763e-01,
GATA3->-ARID1A KMT2C->-ARID1A KMT2C->-GATA3,3,3,2.000000,2,2.777778e-02,
MEN1->-ARID1A,2,1,5.000000,5,2.380952e-02,
KMT2C->-ARID1A MEN1->-ARID1A MEN1->-KMT2C,3,3,2.000000,2,7.407407e-02,
KMT2C->-CDH1,2,1,5.000000,5,9.998936e-01,
TP53->-ARAF,2,1,5.000000,5,6.354167e-02,
TP53->-INPP4B,2,1,5.000000,5,4.858841e-02,
TP53->-MAP3K13,2,1,5.000000,5,9.339547e-02,
TP53->-MET,2,1,5.000000,5,1.477273e-02,
MAP3K1->-ESR1,2,1,5.000000,5,6.068209e-01,
ESR1->-PIK3CA MAP3K1->-ESR1 MAP3K1->-PIK3CA,3,3,2.000000,2,3.302040e-01,
PIK3CA->-DNMT1,2,1,5.000000,5,2.355769e-02,
TP53->-AXIN1,2,1,5.000000,5,1.875000e-02,
CDH1->-AR,2,1,5.000000,5,1.085165e-01,
CDH1->-AR CDH1->-PIK3CA PIK3CA->-AR,3,3,2.000000,2,1.941251e-01,
TP53->-FGFR4,2,1,5.000000,5,8.080808e-03,
NCOR1->-MED12,2,1,5.000000,5,2.337550e-02,
NCOR1->-MED12 TP53->-MED12 TP53->-NCOR1,3,3,3.000000,3,9.554516e-03,
NCOR1->-MED12 NCOR1->-PIK3CA PIK3CA->-MED12,3,3,2.000000,2,6.498016e-02,
NF1->-PIK3R1,2,1,5.000000,5,1.812500e-01,
NF1->-PIK3R1 TP53->-NF1 TP53->-PIK3R1,3,3,2.000000,2,1.030093e-01,
NF1->-PIK3R1 PTEN->-NF1 PTEN->-PIK3R1,3,3,2.000000,2,1.030093e-01,
TP53->-AXIN2,2,1,5.000000,5,7.833333e-03,
CREBBP->-KMT2C,2,1,5.000000,5,9.417968e-02,
CREBBP->-KMT2C TP53->-CREBBP TP53->-KMT2C,3,3,2.000000,2,6.077054e-02,
CREBBP->-KMT2C PIK3CA->-CREBBP PIK3CA->-KMT2C,3,3,3.000000,3,2.938785e-02,
CDH1->-CREBBP CDH1->-KMT2C CDH1->-PIK3CA CREBBP->-KMT2C PIK3CA->-CREBBP PIK3CA->-KMT2C,4,6,2.000000,2,7.794902e-03,
ARID1A->-CREBBP ARID1A->-KMT2C CREBBP->-KMT2C,3,3,2.000000,2,2.686203e-02,
KMT2C->-TBX3,2,1,5.000000,5,4.363527e-01,
CDH1->-STAG2,2,1,5.000000,5,2.547722e-02,
TP53->-ERBB2,2,1,5.000000,5,5.584591e-01,
CDH1->-ERBB2 CDH1->-TP53 TP53->-ERBB2,3,3,2.000000,2,2.439774e-01,
TP53->-PBRM1,2,1,5.000000,5,2.392111e-01,
CDH1->-IKZF1,2,1,5.000000,5,3.125000e-02,
TP53->-POLD1,2,1,5.000000,5,1.125000e-02,
GATA3->-TBX3,2,1,5.000000,5,1.427224e-01,
GATA3->-PIK3CA GATA3->-TBX3 TBX3->-PIK3CA,3,3,2.000000,2,1.607566e-01,
GATA3->-PIK3CA GATA3->-TBX3 PIK3CA->-TBX3,3,3,2.000000,2,1.607566e-01,
GATA3->-TBX3 MAP3K1->-GATA3 MAP3K1->-TBX3,3,3,2.000000,2,9.556878e-02,
CDH1->-MED12,2,1,5.000000,5,1.002338e-01,
CDH1->-MED12 PIK3CA->-CDH1 PIK3CA->-MED12,3,3,2.000000,2,1.746091e-01,
PIK3CA->-TERT,2,1,5.000000,5,2.760417e-02,
PIK3R1->-TP53,2,1,5.000000,5,9.884914e-01,
ERBB2->-KMT2C,2,1,5.000000,5,1.719231e-01,
CDH1->-ERBB2 CDH1->-KMT2C ERBB2->-KMT2C,3,3,2.000000,2,1.777677e-01,
CDH1->-KMT2C ERBB2->-CDH1 ERBB2->-KMT2C,3,3,2.000000,2,1.777677e-01,
KMT2C->-PARP1 TP53->-KMT2C TP53->-PARP1,3,3,2.000000,2,1.979566e-02,
ERBB2->-KMT2C ERBB2->-PARP1 ERBB2->-PIK3CA KMT2C->-PARP1 PIK3CA->-KMT2C PIK3CA->-PARP1,4,6,2.000000,2,1.092863e-03,
TP53->-XPO1,2,1,5.000000,5,5.474950e-02,
MAP3K1->-NOTCH4,2,1,5.000000,5,2.357456e-02,
MAP3K1->-NOTCH4 MAP3K1->-PIK3CA PIK3CA->-NOTCH4,3,3,2.000000,2,1.081155e-01,
MAP3K1->-NOTCH4 PIK3CA->-MAP3K1 PIK3CA->-NOTCH4,3,3,2.000000,2,1.081155e-01,
MAP3K1->-TRAF2 PIK3CA->-MAP3K1 PIK3CA->-TRAF2,3,3,2.000000,2,5.501089e-02,
NOTCH4->-PTPRT PIK3CA->-NOTCH4 PIK3CA->-PTPRT,3,3,2.000000,2,1.633987e-02,
MAP3K1->-NOTCH4 MAP3K1->-PTPRT NOTCH4->-PTPRT TP53->-MAP3K1 TP53->-NOTCH4 TP53->-PTPRT,4,6,2.000000,2,8.174414e-04,
PIK3CA->-GRIN2A,2,1,5.000000,5,1.875000e-01,
PIK3CA->-SETD2,2,1,5.000000,5,5.927584e-01,
ARID1A->-PIK3CA ARID1A->-SETD2 CDH1->-ARID1A CDH1->-PIK3CA CDH1->-SETD2 PIK3CA->-SETD2,4,6,2.000000,2,5.063657e-03,
CDH1->-POLE,2,1,5.000000,5,3.125000e-02,
CDH1->-POLE PIK3CA->-CDH1 PIK3CA->-POLE,3,3,2.000000,2,7.407407e-02,
NF1->-CDH1,2,1,5.000000,5,8.544922e-01,
CDH1->-PIK3CA NF1->-CDH1 NF1->-PIK3CA,3,3,2.000000,2,4.294331e-01,
NF1->-CDH1 NF1->-PIK3CA PIK3CA->-CDH1,3,3,2.000000,2,4.294331e-01,
FOXA1->-GATA3,2,1,5.000000,5,4.498698e-01,
FOXA1->-GATA3 FOXA1->-MAP3K1 MAP3K1->-GATA3,3,3,2.000000,2,9.722222e-02,
CDH1->-RAD50,2,1,5.000000,5,2.547722e-02,
CDH1->-PIK3CA CDH1->-RAD50 PIK3CA->-RAD50,3,3,2.000000,2,6.077054e-02,
ERBB2->-TP53,2,1,5.000000,5,5.584591e-01,
PIK3CA->-PARP1,2,1,5.000000,5,6.498217e-02,
TP53->-PARP1,2,1,5.000000,5,2.547722e-02,
PIK3CA->-PARP1 PIK3CA->-TP53 TP53->-PARP1,3,3,2.000000,2,6.077054e-02,
TP53->-PTCH1,2,1,5.000000,5,1.328156e-01,
PIK3CA->-PTCH1 PIK3CA->-TP53 TP53->-PTCH1,3,3,2.000000,2,1.250511e-01,
AKT1->-NOTCH2,2,1,5.000000,5,7.053571e-03,
TP53->-BRIP1,2,1,5.000000,5,4.197531e-03,
ERBB2->-RUNX1,2,1,5.000000,5,1.875000e-01,
CDH1->-ERBB2 CDH1->-RUNX1 ERBB2->-RUNX1,3,3,2.000000,2,1.480195e-01,
TP53->-CEBPA,2,1,5.000000,5,2.083333e-02,
NCOR1->-RUNX1,2,1,5.000000,5,3.632812e-01,
NCOR1->-RUNX1 PIK3CA->-NCOR1 PIK3CA->-RUNX1,3,3,2.000000,2,2.632245e-01,
NCOR1->-PIK3CA NCOR1->-RUNX1 PIK3CA->-RUNX1,3,3,2.000000,2,2.632245e-01,
ARID2->-ARID1A,2,1,5.000000,5,3.452524e-01,
ARID2->-ARID1A TP53->-ARID1A TP53->-ARID2,3,3,2.000000,2,7.407407e-02,
EPHA5->-ARID1A,2,1,2.000000,2,5.000000e-01,
TP53->-JAK1,2,1,5.000000,5,3.228952e-01,
NCOR1->-CDH1,2,1,5.000000,5,9.935704e-01,
NCOR1->-CDH1 TP53->-CDH1 TP53->-NCOR1,3,3,2.000000,2,3.694350e-01,
CDH1->-RUNX1 NCOR1->-CDH1 NCOR1->-RUNX1,3,3,2.000000,2,1.319444e-01,
KMT2D->-PIK3CA,2,1,5.000000,5,9.861727e-01,
CDH1->-KMT2D CDH1->-PIK3CA KMT2D->-PIK3CA,3,3,2.000000,2,2.920848e-01,
PTEN->-GRIN2A,2,1,5.000000,5,1.846591e-02,
ARID1A->-GRIN2A PTEN->-ARID1A PTEN->-GRIN2A,3,3,2.000000,2,1.430976e-02,
PIK3CA->-GRIN2A PTEN->-GRIN2A PTEN->-PIK3CA,3,3,2.000000,2,7.407407e-02,
MAP2K4->-PTEN,2,1,5.000000,5,3.191612e-01,
TP53->-GLI1,2,1,5.000000,5,7.334184e-03,
TP53->-CIC,2,1,5.000000,5,9.418403e-02,
PIK3CA->-CIC TP53->-CIC TP53->-PIK3CA,3,3,2.000000,2,7.407407e-02,
TP53->-IRF4,2,1,5.000000,5,1.666667e-02,
TP53->-SMARCA4,2,1,5.000000,5,2.031250e-01,
TP53->-TRAF2,2,1,5.000000,5,1.936482e-02,
PIK3CA->-KRAS,2,1,5.000000,5,2.980921e-01,
PIK3CA->-BLM,2,1,5.000000,5,9.071691e-02,
TP53->-PIK3R2,2,1,5.000000,5,2.604167e-02,
PIK3CA->-ERCC4,2,1,5.000000,5,4.507212e-02,
ARID1A->-IKZF1,2,1,5.000000,5,1.875000e-02,
ARID1A->-IKZF1 ARID1A->-PIK3CA CDH1->-ARID1A CDH1->-IKZF1 CDH1->-PIK3CA IKZF1->-PIK3CA,4,6,2.000000,2,1.736111e-03,
AKT1->-KMT2C,2,1,5.000000,5,1.940104e-01,
AKT1->-KMT2C AKT1->-TP53 TP53->-KMT2C,3,3,2.000000,2,2.777778e-02,
RUNX1->-TP53,2,1,5.000000,5,9.839641e-01,
PTPRS->-PIK3CA,2,1,5.000000,5,7.135735e-01,
PTPRS->-PIK3CA TP53->-PIK3CA TP53->-PTPRS,3,3,2.000000,2,1.348540e-01,
CDH1->-PIK3CA CDH1->-PTPRS PTPRS->-PIK3CA,3,3,2.000000,2,3.935185e-02,
TP53->-TET1,2,1,5.000000,5,9.542411e-02,
TP53->-ERBB4,2,1,5.000000,5,4.721451e-02,
CBFB->-NCOR1,2,1,5.000000,5,2.916667e-02,
CBFB->-NCOR1 CBFB->-PIK3CA NCOR1->-PIK3CA,3,3,2.000000,2,1.319444e-01,
CBFB->-NCOR1 CBFB->-TP53 TP53->-NCOR1,3,3,2.000000,2,1.203704e-01,
CDH1->-DNMT1,2,1,5.000000,5,3.125000e-02,
CDH1->-DNMT1 CDH1->-PIK3CA PIK3CA->-DNMT1,3,3,2.000000,2,2.777778e-02,
CDH1->-XPO1,2,1,5.000000,5,3.125000e-02,
PIK3CA->-IKZF1,2,1,5.000000,5,2.656250e-01,
PIK3CA->-IKZF1 PIK3CA->-TP53 TP53->-IKZF1,3,3,2.000000,2,4.282407e-02,
ARID1B->-PIK3CA,2,1,5.000000,5,2.667766e-01,
ARID1B->-PIK3CA TP53->-ARID1B TP53->-PIK3CA,3,3,2.000000,2,1.190900e-01,
AKT1->-MAP2K4,2,1,5.000000,5,9.821429e-02,
ERBB2->-TBX3,2,1,5.000000,5,3.452524e-01,
CDH1->-TBX3 ERBB2->-CDH1 ERBB2->-TBX3,3,3,2.000000,2,1.962449e-01,
GPS2->-PIK3CA,2,1,5.000000,5,2.501432e-01,
SETD2->-PIK3CA,2,1,4.000000,4,8.079327e-01,
CDH1->-PIK3CA CDH1->-SETD2 SETD2->-PIK3CA,3,3,2.000000,2,1.962449e-01,
FAT1->-RICTOR,2,1,4.000000,4,1.541667e-01,
FAT1->-PIK3CA,2,1,4.000000,4,9.997252e-01,
FAT1->-PIK3CA FAT1->-RICTOR PIK3CA->-RICTOR,3,3,2.000000,2,1.001157e-01,
ESR1->-FAT1,2,1,4.000000,4,3.014129e-01,
ESR1->-FAT1 PIK3CA->-ESR1 PIK3CA->-FAT1,3,3,2.000000,2,5.820106e-02,
TET1->-FAT1,2,1,4.000000,4,3.158482e-01,
PIK3CA->-FAT1 PIK3CA->-TET1 TET1->-FAT1,3,3,2.000000,2,1.319444e-01,
PIK3CA->-FAT1 PIK3CA->-RB1 RB1->-FAT1,3,3,2.000000,2,1.319444e-01,
NCOR1->-FAT1 NCOR1->-TET1 TET1->-FAT1,3,3,2.000000,2,2.777778e-02,
ARID1A->-FAT1 TET1->-ARID1A TET1->-FAT1,3,3,2.000000,2,1.785714e-02,
TET1->-FAT1 TP53->-FAT1 TP53->-TET1,3,3,2.000000,2,5.753968e-02,
ERBB3->-PIK3CA,2,1,4.000000,4,8.112824e-01,
ERBB3->-PIK3CA MAP3K1->-ERBB3 MAP3K1->-PIK3CA,3,3,3.000000,3,3.234973e-02,
CDH1->-SMO,2,1,4.000000,4,3.396962e-02,
PIK3CA->-RPS6KB2,2,1,4.000000,4,4.583333e-02,
TP53->-RBM10,2,1,4.000000,4,4.166667e-02,
KMT2A->-GATA3,2,1,4.000000,4,1.875000e-01,
KMT2C->-BRCA2,2,1,4.000000,4,5.893937e-01,
TP53->-MEN1,2,1,4.000000,4,1.417180e-01,
TP53->-CDK8,2,1,4.000000,4,1.041667e-01,
FOXA1->-KMT2C,2,1,4.000000,4,2.377622e-01,
FOXA1->-KMT2C PIK3CA->-FOXA1 PIK3CA->-KMT2C,3,3,3.000000,3,2.777778e-02,
FOXA1->-KMT2C TP53->-FOXA1 TP53->-KMT2C,3,3,2.000000,2,3.900112e-02,
PIK3CA->-EZH2,2,1,4.000000,4,1.375000e-01,
TP53->-EZH2,2,1,4.000000,4,1.458333e-01,
PIK3CA->-EZH2 PIK3CA->-TP53 TP53->-EZH2,3,3,2.000000,2,7.407407e-02,
GATA3->-PIK3R2,2,1,4.000000,4,3.869048e-02,
GATA3->-PIK3R2 TP53->-GATA3 TP53->-PIK3R2,3,3,2.000000,2,2.777778e-02,
NCOR1->-RB1,2,1,4.000000,4,2.451073e-01,
NCOR1->-PIK3CA NCOR1->-RB1 PIK3CA->-RB1,3,3,2.000000,2,7.407407e-02,
PIK3CA->-FOXP1,2,1,4.000000,4,4.531250e-01,
PIK3CA->-EGFR,2,1,4.000000,4,2.479167e-01,
GATA3->-EGFR GATA3->-PIK3CA PIK3CA->-EGFR,3,3,2.000000,2,2.777778e-02,
CDH1->-ALK,2,1,4.000000,4,3.888889e-02,
CDH1->-ALK CDH1->-PIK3CA PIK3CA->-ALK,3,3,2.000000,2,2.222222e-02,
CDH1->-ALK CDH1->-FOXA1 FOXA1->-ALK,3,3,2.000000,2,2.222222e-02,
PIK3CA->-HIST1H3I,2,1,4.000000,4,1.710165e-01,
PIK3CA->-SMARCA4,2,1,4.000000,4,5.908310e-01,
PIK3CA->-BARD1,2,1,4.000000,4,1.704874e-01,
PIK3CA->-BARD1 TP53->-BARD1 TP53->-PIK3CA,3,3,2.000000,2,5.570318e-02,
CDH1->-EGFR,2,1,4.000000,4,1.500000e-01,
CDH1->-EGFR CDH1->-PIK3CA PIK3CA->-EGFR,3,3,2.000000,2,4.629630e-02,
CDH1->-MTOR,2,1,4.000000,4,4.330357e-01,
CDH1->-MTOR CDH1->-PIK3CA PIK3CA->-MTOR,3,3,2.000000,2,8.854167e-02,
CDH1->-KDR,2,1,4.000000,4,5.974265e-02,
CDH1->-KDR CDH1->-PIK3CA PIK3CA->-KDR,3,3,2.000000,2,2.446895e-02,
PIK3CA->-BRD4,2,1,4.000000,4,8.412393e-02,
PIK3CA->-NOTCH3,2,1,4.000000,4,3.958333e-01,
MAP2K4->-JAK3,2,1,4.000000,4,5.460526e-02,
MAP2K4->-JAK3 TP53->-JAK3 TP53->-MAP2K4,3,3,2.000000,2,2.134503e-02,
CDH1->-JAK3,2,1,4.000000,4,4.368421e-02,
CDH1->-JAK3 CDH1->-PIK3CA PIK3CA->-JAK3,3,3,2.000000,2,2.777778e-02,
CDH1->-JAK3 CDH1->-MAP2K4 MAP2K4->-JAK3,3,3,2.000000,2,2.134503e-02,
EPHA7->-PIK3CA,2,1,4.000000,4,1.405924e-01,
EPHA7->-PIK3CA TP53->-EPHA7 TP53->-PIK3CA,3,3,2.000000,2,1.627519e-02,
ERBB3->-CARD11,2,1,4.000000,4,2.816768e-02,
ERBB3->-CARD11 TP53->-CARD11 TP53->-ERBB3,3,3,3.000000,3,1.107156e-03,
MAP3K1->-ATR,2,1,4.000000,4,1.283497e-01,
MAP3K1->-ATR MAP3K1->-PIK3CA PIK3CA->-ATR,3,3,2.000000,2,2.325027e-02,
CARD11->-ATR TP53->-ATR TP53->-CARD11,3,3,4.000000,4,1.291435e-03,
CARD11->-ATR PIK3CA->-ATR PIK3CA->-CARD11,3,3,3.000000,3,3.875045e-03,
NF1->-KMT2C,2,1,4.000000,4,3.125000e-01,
TP53->-AR,2,1,4.000000,4,1.272321e-01,
PIK3CA->-AR PIK3CA->-TP53 TP53->-AR,3,3,2.000000,2,4.629630e-02,
TP53->-PLK2,2,1,4.000000,4,1.644089e-01,
PIK3CA->-CDKN2A,2,1,4.000000,4,1.284722e-01,
PIK3CA->-CDKN2A TP53->-CDKN2A TP53->-PIK3CA,3,3,2.000000,2,7.038828e-02,
STAG2->-GATA3,2,1,4.000000,4,1.755952e-01,
KMT2C->-ERBB3,2,1,4.000000,4,2.458333e-01,
MEN1->-SPEN,2,1,4.000000,4,6.250000e-02,
GATA3->-SPEN MEN1->-GATA3 MEN1->-SPEN,3,3,2.000000,2,7.407407e-02,
SMARCA4->-PIK3CA,2,1,4.000000,4,5.908310e-01,
PIK3CA->-IRS1,2,1,4.000000,4,3.686770e-01,
KMT2C->-ESR1,2,1,4.000000,4,1.000000e-01,
BRCA2->-PIK3CA,2,1,4.000000,4,8.522346e-01,
PTEN->-TBX3,2,1,4.000000,4,5.460526e-02,
PTEN->-ATRX,2,1,4.000000,4,1.717105e-01,
PTEN->-ATRX TP53->-ATRX TP53->-PTEN,3,3,2.000000,2,1.185429e-01,
TP53->-MAP2K1,2,1,4.000000,4,2.777778e-02,
TP53->-PIM1,2,1,4.000000,4,4.166667e-02,
TP53->-SDHB,2,1,4.000000,4,4.618566e-01,
CDH1->-CTCF,2,1,4.000000,4,1.339286e-01,
CREBBP->-PIK3CA,2,1,4.000000,4,9.699445e-01,
TP53->-IRS2,2,1,4.000000,4,2.185227e-01,
TP53->-RASA1,2,1,4.000000,4,1.875000e-01,
PIK3CA->-PIK3CG,2,1,4.000000,4,3.832383e-01,
FOXA1->-TP53,2,1,4.000000,4,9.784743e-01,
PIK3CA->-HNF1A,2,1,4.000000,4,1.536859e-01,
ATR->-NCOR1,2,1,4.000000,4,6.250000e-02,
ATR->-NCOR1 PIK3CA->-ATR PIK3CA->-NCOR1,3,3,2.000000,2,2.777778e-02,
ATR->-EP300 PIK3CA->-ATR PIK3CA->-EP300,3,3,2.000000,2,2.777778e-02,
ATR->-NCOR1 TP53->-ATR TP53->-NCOR1,3,3,2.000000,2,2.777778e-02,
PTEN->-ATR,2,1,4.000000,4,6.250000e-02,
PTEN->-ATR TP53->-ATR TP53->-PTEN,3,3,3.000000,3,4.629630e-03,
PIK3CA->-ATR PIK3CA->-PTEN PTEN->-ATR,3,3,2.000000,2,7.407407e-02,
MGA->-PTPRT,2,1,2.000000,2,2.500000e-01,
MGA->-ATR MGA->-PTEN PTEN->-ATR,3,3,2.000000,2,2.777778e-02,
MAP3K1->-NSD1,2,1,4.000000,4,5.000000e-01,
MAP3K1->-NSD1 TP53->-MAP3K1 TP53->-NSD1,3,3,2.000000,2,7.407407e-02,
CDH1->-MAP3K1 CDH1->-NSD1 MAP3K1->-NSD1,3,3,2.000000,2,1.319444e-01,
TP53->-IFNGR1,2,1,4.000000,4,3.750000e-02,
TP53->-PRDM1,2,1,4.000000,4,5.833333e-02,
NF1->-MED12,2,1,4.000000,4,1.875000e-01,
NF1->-MED12 TP53->-MED12 TP53->-NF1,3,3,2.000000,2,7.407407e-02,
PTEN->-MED12,2,1,4.000000,4,3.795406e-02,
PTEN->-MED12 TP53->-MED12 TP53->-PTEN,3,3,2.000000,2,1.587302e-02,
NF1->-MED12 PTEN->-MED12 PTEN->-NF1,3,3,2.000000,2,2.777778e-02,
NF1->-NSD1 PTEN->-NF1 PTEN->-NSD1,3,3,2.000000,2,2.777778e-02,
NF1->-MAP3K1,2,1,4.000000,4,3.437500e-01,
NF1->-MAP3K1 TP53->-MAP3K1 TP53->-NF1,3,3,3.000000,3,1.620370e-02,
NF1->-MAP3K1 PTEN->-MAP3K1 PTEN->-NF1,3,3,3.000000,3,4.629630e-03,
TP53->-CTCF,2,1,4.000000,4,2.277257e-01,
TBX3->-KMT2C,2,1,4.000000,4,6.950393e-01,
TBX3->-KMT2C TP53->-KMT2C TP53->-TBX3,3,3,2.000000,2,3.900112e-02,
BRCA2->-KMT2C,2,1,4.000000,4,5.893937e-01,
ARID1A->-CDH1,2,1,4.000000,4,9.987424e-01,
ARID1A->-CDH1 ARID1A->-PIK3CA CDH1->-PIK3CA,3,3,2.000000,2,6.976724e-01,
CDH1->-RASA1,2,1,4.000000,4,1.861264e-01,
PIK3CA->-RECQL4,2,1,4.000000,4,4.244438e-01,
TP53->-TRAF7,2,1,4.000000,4,1.325000e-01,
TP53->-REL,2,1,4.000000,4,4.583333e-02,
FOXA1->-TBX3,2,1,4.000000,4,4.092404e-01,
FOXA1->-TBX3 PIK3CA->-FOXA1 PIK3CA->-TBX3,3,3,2.000000,2,7.407407e-02,
GATA3->-POLE,2,1,4.000000,4,2.361111e-01,
GATA3->-POLE PIK3CA->-GATA3 PIK3CA->-POLE,3,3,2.000000,2,2.777778e-02,
CDH1->-GATA3 CDH1->-POLE GATA3->-POLE,3,3,2.000000,2,2.777778e-02,
PIK3R1->-MED12,2,1,4.000000,4,1.255787e-01,
PIK3R1->-MED12 TP53->-MED12 TP53->-PIK3R1,3,3,2.000000,2,3.025794e-02,
PIK3R1->-MED12 PTEN->-MED12 PTEN->-PIK3R1,3,3,2.000000,2,1.587302e-02,
TP53->-SMO,2,1,4.000000,4,1.204160e-01,
NF1->-TET2,2,1,4.000000,4,4.642857e-02,
NF1->-TET2 TP53->-NF1 TP53->-TET2,3,3,2.000000,2,1.825397e-02,
ARID1A-/-PIK3CA,2,1,4.000000,4,1.296052e-01,
PIK3CA->-BRCA1,2,1,4.000000,4,5.819252e-01,
CDH1->-RHOA,2,1,4.000000,4,2.739158e-01,
PTEN->-ARID1B,2,1,4.000000,4,1.875000e-01,
CDH1->-FGFR4,2,1,4.000000,4,1.352273e-01,
PIK3CA->-FGFR4,2,1,4.000000,4,5.558894e-01,
GATA3->-NSD1,2,1,4.000000,4,5.833333e-02,
ZFHX3->-KMT2C,2,1,4.000000,4,1.541667e-01,
KMT2C->-PIK3CA ZFHX3->-KMT2C ZFHX3->-PIK3CA,3,3,2.000000,2,1.001157e-01,
GATA3->-MED12,2,1,4.000000,4,5.158730e-02,
MAP3K1->-CDH1,2,1,4.000000,4,9.996052e-01,
MAP3K1->-CDH1 MAP3K1->-PIK3CA PIK3CA->-CDH1,3,3,2.000000,2,7.351857e-01,
PIK3CA->-TSHR,2,1,4.000000,4,2.083333e-02,
TP53->-GATA2,2,1,4.000000,4,1.837121e-01,
TP53->-GSK3B,2,1,4.000000,4,2.222222e-02,
PIK3CA-/-TP53,2,1,4.000000,4,9.998589e-01,
CDH1->-PIK3CA CDH1->-TP53 PIK3CA-/-TP53,3,3,2.000000,2,1.741743e-02,
FOXA1->-CDH1,2,1,4.000000,4,9.995499e-01,
PIK3CA->-PMS1,2,1,4.000000,4,5.000000e-02,
MAP3K1->-ARID2,2,1,4.000000,4,5.425824e-02,
MAP3K1->-FOXA1,2,1,4.000000,4,8.806207e-01,
MAP3K1->-FOXA1 MAP3K1->-PIK3CA PIK3CA->-FOXA1,3,3,3.000000,3,1.358888e-01,
MAP3K1->-DICER1,2,1,4.000000,4,4.711538e-02,
ERBB2->-ERBB3,2,1,4.000000,4,5.425824e-02,
CDH1->-ERBB3 ERBB2->-CDH1 ERBB2->-ERBB3,3,3,2.000000,2,7.407407e-02,
NF1->-ERBB3,2,1,4.000000,4,6.250000e-02,
NF1->-ERBB3 NF1->-TP53 TP53->-ERBB3,3,3,2.000000,2,7.407407e-02,
ARID1B->-TP53,2,1,4.000000,4,9.286914e-01,
TP53->-DAXX,2,1,4.000000,4,4.246203e-02,
CDH1->-JAK2,2,1,4.000000,4,4.166667e-02,
PIK3CA->-INSR,2,1,4.000000,4,1.502976e-01,
PIK3CA->-INSR PIK3CA->-TP53 TP53->-INSR,3,3,2.000000,2,5.092593e-02,
ERBB2->-FOXA1,2,1,4.000000,4,3.333333e-01,
MAP3K1->-CDKN1B,2,1,4.000000,4,4.094551e-01,
CDH1->-JUN,2,1,4.000000,4,5.625000e-02,
TP53->-JUN,2,1,4.000000,4,6.250000e-02,
TP53->-FGFR2,2,1,4.000000,4,4.166667e-02,
PIK3CA->-YES1,2,1,4.000000,4,5.095443e-02,
MAP2K4->-NCOR1,2,1,4.000000,4,6.367188e-01,
MAP2K4->-NCOR1 MAP2K4->-PIK3CA PIK3CA->-NCOR1,3,3,2.000000,2,1.319444e-01,
GATA3-/-PIK3CA,2,1,4.000000,4,7.947063e-01,
GATA3->-PDGFRA,2,1,4.000000,4,1.875000e-01,
CDH1->-DNMT3B,2,1,4.000000,4,6.250000e-02,
PIK3CA->-DNMT3B,2,1,4.000000,4,1.875000e-01,
CDH1->-DNMT3B CDH1->-PIK3CA PIK3CA->-DNMT3B,3,3,2.000000,2,2.777778e-02,
APC->-PIK3CA,2,1,4.000000,4,7.553409e-01,
APC->-PIK3CA CDH1->-APC CDH1->-PIK3CA,3,3,2.000000,2,1.319444e-01,
ARID1A->-TP53,2,1,4.000000,4,9.981440e-01,
KMT2C->-PARP1,2,1,4.000000,4,5.095443e-02,
KMT2C->-PTCH1,2,1,4.000000,4,2.399986e-01,
CDH1->-KMT2A CDH1->-KMT2C CDH1->-PTCH1 KMT2C->-KMT2A KMT2C->-PTCH1 PTCH1->-KMT2A,4,6,2.000000,2,1.736111e-03,
TP53->-JAK2,2,1,4.000000,4,1.184965e-01,
CDH1->-JAK2 TP53->-CDH1 TP53->-JAK2,3,3,2.000000,2,2.777778e-02,
PIK3CA->-PIK3CB,2,1,4.000000,4,2.916667e-01,
PIK3CA->-PIK3CB PIK3CA->-TP53 TP53->-PIK3CB,3,3,2.000000,2,2.777778e-02,
MDC1->-PIK3CB PIK3CA->-MDC1 PIK3CA->-PIK3CB,3,3,2.000000,2,2.777778e-02,
SPOP->-PIK3CA,2,1,4.000000,4,1.875000e-01,
CDH1->-SMAD4,2,1,4.000000,4,5.000000e-01,
CDH1->-PIK3CA CDH1->-SMAD4 PIK3CA->-SMAD4,3,3,2.000000,2,7.407407e-02,
PIK3CA->-INPP4A,2,1,4.000000,4,1.875000e-01,
CDH1->-TET2,2,1,4.000000,4,6.250000e-02,
KMT2C->-KMT2A,2,1,4.000000,4,1.410714e-01,
CDH1->-NOTCH4,2,1,4.000000,4,6.250000e-02,
CDH1->-NOTCH4 CDH1->-PIK3CA PIK3CA->-NOTCH4,3,3,2.000000,2,7.407407e-02,
BRCA2->-CDH1,2,1,4.000000,4,9.121648e-01,
NF1->-FOXA1,2,1,4.000000,4,6.250000e-02,
NF1->-FOXA1 NF1->-PIK3CA PIK3CA->-FOXA1,3,3,2.000000,2,7.407407e-02,
NF1->-FOXA1 TP53->-FOXA1 TP53->-NF1,3,3,2.000000,2,7.407407e-02,
PTEN->-SETD2,2,1,4.000000,4,1.201923e-01,
KMT2C->-MED12,2,1,4.000000,4,4.038462e-02,
KMT2C->-MED12 PTEN->-KMT2C PTEN->-MED12,3,3,2.000000,2,1.666667e-02,
MAP3K1->-MED12 PTEN->-MAP3K1 PTEN->-MED12,3,3,2.000000,2,5.555556e-02,
CDH1->-DNMT3A,2,1,4.000000,4,1.644089e-01,
CDH1->-DNMT3A CDH1->-PIK3CA PIK3CA->-DNMT3A,3,3,2.000000,2,6.077054e-02,
CDH1->-DNMT3A TP53->-CDH1 TP53->-DNMT3A,3,3,2.000000,2,1.979566e-02,
NCOR1->-MAP2K4,2,1,4.000000,4,6.367188e-01,
MAP2K4->-PIK3CA NCOR1->-MAP2K4 NCOR1->-PIK3CA,3,3,2.000000,2,1.319444e-01,
SOX9->-PTCH1,2,1,4.000000,4,6.060606e-02,
APC->-KMT2D,2,1,4.000000,4,1.710165e-01,
APC->-KMT2D TP53->-APC TP53->-KMT2D,3,3,3.000000,3,1.372354e-02,
GATA3->-CREBBP,2,1,4.000000,4,1.240741e-01,
CREBBP->-MAP3K1 GATA3->-CREBBP GATA3->-MAP3K1 GATA3->-PIK3CA PIK3CA->-CREBBP PIK3CA->-MAP3K1,4,6,2.000000,2,1.736111e-03,
PTEN->-RUNX1,2,1,4.000000,4,1.458333e-01,
JAK1->-PIK3CA,2,1,4.000000,4,4.278846e-01,
TP53->-EPCAM,2,1,4.000000,4,1.604167e-01,
CDH1->-ANKRD11,2,1,4.000000,4,3.048543e-01,
PIK3CA->-MSH6,2,1,4.000000,4,3.437500e-01,
TP53->-KLF4,2,1,4.000000,4,2.933449e-01,
TBX3->-RUNX1,2,1,4.000000,4,3.437500e-01,
CDH1->-PARP1,2,1,4.000000,4,1.265907e-01,
CDH1->-KMT2C CDH1->-PARP1 KMT2C->-PARP1,3,3,2.000000,2,6.077054e-02,
CDH1->-PARP1 CDH1->-RAD50 RAD50->-PARP1,3,3,2.000000,2,1.979566e-02,
CDH1->-ARID5B,2,1,4.000000,4,4.953903e-02,
CDH1->-ARID5B CDH1->-PIK3CA PIK3CA->-ARID5B,3,3,3.000000,3,1.207961e-02,
NF1->-ATM,2,1,4.000000,4,5.357143e-02,
NF1->-ATM NF1->-PIK3CA PIK3CA->-ATM,3,3,2.000000,2,2.777778e-02,
KMT2C->-TSC2,2,1,4.000000,4,2.772727e-01,
TP53->-MSH6,2,1,4.000000,4,1.352273e-01,
TP53->-AURKA,2,1,4.000000,4,2.728175e-02,
PIK3CA->-IKBKE,2,1,4.000000,4,1.284722e-01,
PIK3CA->-PALB2,2,1,4.000000,4,2.454887e-01,
GATA3->-CBFB,2,1,4.000000,4,9.999137e-01,
PIK3CA->-NF2,2,1,4.000000,4,7.018939e-02,
RHOA->-PIK3CA,2,1,4.000000,4,2.709821e-01,
CDH1->-PIK3CA CDH1->-RHOA RHOA->-PIK3CA,3,3,2.000000,2,6.498016e-02,
TP53->-E2F3,2,1,4.000000,4,1.500000e-02,
PIK3CA->-PAK7,2,1,4.000000,4,2.150637e-01,
TP53->-NF2,2,1,4.000000,4,3.611111e-02,
TP53->-AXL,2,1,4.000000,4,3.750000e-02,
GATA3->-FOXA1,2,1,4.000000,4,7.054427e-01,
GATA3->-FOXA1 PIK3CA->-FOXA1 PIK3CA->-GATA3,3,3,2.000000,2,2.230367e-01,
MGA->-ATR,2,1,4.000000,4,6.250000e-02,
MGA->-ATR MGA->-PIK3CA PIK3CA->-ATR,3,3,2.000000,2,1.319444e-01,
TP53->-SMAD2,2,1,4.000000,4,1.541667e-01,
PIK3CA->-TSC2,2,1,4.000000,4,4.722222e-01,
PIK3CA->-KDM5C,2,1,4.000000,4,7.526172e-01,
TP53->-CDKN1A,2,1,4.000000,4,1.527778e-01,
GATA3->-SF3B1,2,1,4.000000,4,5.000000e-01,
GATA3->-SF3B1 PIK3CA->-GATA3 PIK3CA->-SF3B1,3,3,2.000000,2,7.407407e-02,
ERBB4->-GATA3,2,1,4.000000,4,8.611111e-02,
SETD2->-ARID1A,2,1,3.000000,3,5.000000e-01,
ARID1A->-PIK3CA SETD2->-ARID1A SETD2->-PIK3CA,3,3,2.000000,2,1.962449e-01,
NOTCH1->-PIK3CA SETD2->-NOTCH1 SETD2->-PIK3CA,3,3,2.000000,2,7.407407e-02,
ESR1->-RICTOR,2,1,3.000000,3,4.821429e-01,
FAT1->-ATRX,2,1,3.000000,3,2.888158e-01,
FAT1->-ATRX TP53->-ATRX TP53->-FAT1,3,3,2.000000,2,2.134503e-02,
FAT1->-ATRX PTEN->-ATRX PTEN->-FAT1,3,3,2.000000,2,2.134503e-02,
LATS2->-PIK3CA,2,1,3.000000,3,6.041667e-01,
ARID2->-PIK3CA,2,1,3.000000,3,9.705287e-01,
ARID1A->-CARD11,2,1,3.000000,3,4.038462e-01,
ARID2->-CARD11,2,1,3.000000,3,2.877747e-01,
ARID1A->-CARD11 ARID2->-ARID1A ARID2->-CARD11,3,3,2.000000,2,6.415344e-02,
ARID1A->-ARID2,2,1,3.000000,3,8.446514e-01,
ARID1A->-ARID2 ARID1A->-PIK3CA ARID2->-PIK3CA,3,3,2.000000,2,1.319444e-01,
FAT1->-SETD2,2,1,3.000000,3,2.410714e-01,
FAT1->-SETD2 TP53->-FAT1 TP53->-SETD2,3,3,2.000000,2,8.730159e-03,
GATA3->-PTEN,2,1,3.000000,3,7.481192e-01,
EP300->-PIK3CA,2,1,3.000000,3,8.802754e-01,
AXL->-PIK3CA,2,1,3.000000,3,5.636161e-01,
NOTCH1->-MAP3K1,2,1,3.000000,3,3.928571e-01,
ATM->-MAP3K1,2,1,3.000000,3,3.686189e-01,
ATM->-MAP3K1 ATM->-PIK3CA MAP3K1->-PIK3CA,3,3,2.000000,2,1.087963e-01,
PIK3CA->-SMO,2,1,3.000000,3,7.103217e-01,
CDH1->-PIK3CA CDH1->-SMO PIK3CA->-SMO,3,3,2.000000,2,7.440666e-02,
KMT2A->-BRCA2,2,1,3.000000,3,2.562500e-01,
TP53->-ASXL1,2,1,3.000000,3,1.250000e-01,
SDHB->-TP53,2,1,3.000000,3,7.444853e-01,
KMT2C->-PTPRD,2,1,3.000000,3,2.778633e-01,
KMT2C->-XPO1,2,1,3.000000,3,1.250000e-01,
MTOR->-XPO1,2,1,3.000000,3,1.250000e-01,
PIK3CA->-MEN1,2,1,3.000000,3,9.659438e-01,
CDH1->-KMT2C CDH1->-MEN1 CDH1->-PIK3CA MEN1->-KMT2C PIK3CA->-KMT2C PIK3CA->-MEN1,4,6,2.000000,2,1.092863e-03,
CDH1->-KRAS,2,1,2.000000,2,2.038177e-01,
CDH1->-CREBBP CDH1->-MEN1 CDH1->-PIK3CA MEN1->-CREBBP PIK3CA->-CREBBP PIK3CA->-MEN1,4,6,2.000000,2,1.092863e-03,
CDH1->-ARID5B CDH1->-MEN1 CDH1->-PIK3CA MEN1->-ARID5B PIK3CA->-ARID5B PIK3CA->-MEN1,4,6,2.000000,2,1.092863e-03,
PIK3CA->-MEN1 TP53->-MEN1 TP53->-PIK3CA,3,3,2.000000,2,1.153150e-01,
SMO->-KMT2C,2,1,2.000000,2,2.038177e-01,
SMO->-MEN1,2,1,2.000000,2,2.038177e-01,
MAP3K1->-MEN1,2,1,3.000000,3,4.553571e-01,
MAP3K1->-ARID1A MAP3K1->-MEN1 MEN1->-ARID1A,3,3,2.000000,2,5.423280e-02,
SMO->-PIK3CA,2,1,3.000000,3,7.103217e-01,
NSD1->-KMT2C,2,1,3.000000,3,5.000000e-01,
NSD1->-KMT2C PIK3CA->-KMT2C PIK3CA->-NSD1,3,3,2.000000,2,2.777778e-02,
ARID1A->-KMT2C ARID1A->-NSD1 NSD1->-KMT2C,3,3,2.000000,2,2.777778e-02,
NSD1->-MAP3K1,2,1,3.000000,3,7.734375e-01,
CDH1->-MAP3K1 CDH1->-NSD1 NSD1->-MAP3K1,3,3,2.000000,2,1.319444e-01,
CDH1->-DOT1L CDH1->-MAP3K1 DOT1L->-MAP3K1,3,3,2.000000,2,2.777778e-02,
MAP3K1->-KMT2C NSD1->-KMT2C NSD1->-MAP3K1,3,3,2.000000,2,7.407407e-02,
PIK3CA->-FH,2,1,3.000000,3,2.750000e-01,
CDH1->-DOT1L,2,1,3.000000,3,2.410714e-01,
DOT1L->-MAP3K1,2,1,3.000000,3,2.500000e-01,
ARID1A->-MAP3K1,2,1,3.000000,3,9.316927e-01,
ARID1A->-EPHB1,2,1,3.000000,3,1.250000e-01,
ARID1A->-EPHB1 TP53->-ARID1A TP53->-EPHB1,3,3,2.000000,2,2.777778e-02,
ARID1A->-FOXA1,2,1,3.000000,3,3.535714e-01,
MAP3K1->-EPHB1,2,1,3.000000,3,5.000000e-01,
CDH1->-EPHB1 CDH1->-MAP3K1 CDH1->-PIK3CA MAP3K1->-EPHB1 PIK3CA->-EPHB1 PIK3CA->-MAP3K1,4,6,2.000000,2,1.736111e-03,
CBFB->-EGFR,2,1,3.000000,3,8.333333e-02,
STAG2->-FAT1,2,1,3.000000,3,3.125000e-01,
NCOR1->-FAT1,2,1,3.000000,3,2.500000e-01,
NCOR1->-FAT1 NCOR1->-PIK3CA PIK3CA->-FAT1,3,3,2.000000,2,9.474206e-02,
PIK3CA->-FGFR3,2,1,3.000000,3,3.819826e-01,
PIK3CA->-RBM10,2,1,3.000000,3,2.750000e-01,
PIK3CA->-ASXL2,2,1,3.000000,3,5.797991e-01,
PIK3CA->-PDCD1,2,1,3.000000,3,3.125000e-01,
AKT1->-RUNX1,2,1,3.000000,3,6.111111e-02,
TP53->-CDK12,2,1,3.000000,3,3.603977e-01,
PIK3CA->-KIT,2,1,3.000000,3,2.778633e-01,
PIK3CA->-KIT TP53->-KIT TP53->-PIK3CA,3,3,2.000000,2,6.077054e-02,
IKZF1->-PIK3CA,2,1,3.000000,3,7.906250e-01,
CDH1->-FLT1,2,1,3.000000,3,1.250000e-01,
BRCA2->-ZFHX3,2,1,3.000000,3,8.863636e-02,
PIK3CA->-FBXW7,2,1,3.000000,3,5.300448e-01,
PIK3CA->-PDGFRA,2,1,3.000000,3,7.212826e-01,
HIST1H3I->-SMARCA4,2,1,3.000000,3,1.085165e-01,
HIST1H3I->-SMARCA4 PIK3CA->-HIST1H3I PIK3CA->-SMARCA4,3,3,2.000000,2,6.415344e-02,
PIK3CA->-EIF4A2,2,1,3.000000,3,3.152578e-01,
TP53->-FOXL2,2,1,3.000000,3,7.500000e-02,
CDH1->-EPHA7,2,1,3.000000,3,1.250000e-01,
SPEN->-ARID2,2,1,3.000000,3,2.589286e-01,
SPEN->-ARID2 TP53->-ARID2 TP53->-SPEN,3,3,2.000000,2,4.629630e-02,
LATS1->-TSC2,2,1,3.000000,3,7.090909e-02,
TP53->-LATS1,2,1,3.000000,3,4.625000e-01,
TP53->-SOX2,2,1,3.000000,3,8.333333e-02,
CDH1->-GRIN2A,2,1,3.000000,3,1.250000e-01,
MAP2K4->-ARID1A,2,1,3.000000,3,7.500000e-02,
MAP2K4->-ARID1A PIK3CA->-ARID1A PIK3CA->-MAP2K4,3,3,2.000000,2,2.777778e-02,
IRS1->-PIK3CA,2,1,3.000000,3,6.666147e-01,
MDC1->-PIK3CA,2,1,3.000000,3,9.310126e-01,
TP53->-GNA11,2,1,3.000000,3,1.135621e-01,
MAP3K1->-CARD11,2,1,3.000000,3,9.858687e-02,
ERBB3->-CARD11 MAP3K1->-CARD11 MAP3K1->-ERBB3,3,3,2.000000,2,1.826807e-02,
MAP3K1->-PIK3C3,2,1,3.000000,3,6.114882e-02,
TP53->-PIK3C3,2,1,3.000000,3,9.328315e-02,
TP53->-IRS1,2,1,3.000000,3,2.347495e-01,
TP53->-RPS6KA4,2,1,3.000000,3,2.039222e-01,
PTEN->-ATM,2,1,3.000000,3,7.403846e-02,
PIK3CA->-ATM PTEN->-ATM PTEN->-PIK3CA,3,3,2.000000,2,1.666667e-02,
TP53->-NTRK3,2,1,3.000000,3,3.125000e-01,
PIK3CA->-AMER1,2,1,3.000000,3,3.901772e-01,
FOXA1->-ESR1,2,1,3.000000,3,3.843537e-01,
FOXA1->-KMT2D,2,1,3.000000,3,4.107143e-01,
CDKN2A->-TP53,2,1,3.000000,3,9.892271e-01,
NOTCH4-/-ROS1,2,1,3.000000,3,7.326007e-03,
NOTCH4-/-ROS1 TP53->-NOTCH4 TP53->-ROS1,3,3,2.000000,2,8.623321e-03,
GATA3->-NUP93,2,1,3.000000,3,1.250000e-01,
GATA3->-NUP93 PIK3CA->-GATA3 PIK3CA->-NUP93,3,3,2.000000,2,7.407407e-02,
GATA3->-FLT3,2,1,3.000000,3,3.736678e-01,
GATA3->-ERBB3,2,1,3.000000,3,3.763393e-01,
KMT2C->-SPEN,2,1,3.000000,3,7.148438e-01,
KMT2C->-ATM,2,1,3.000000,3,4.966958e-01,
ARID1A->-EGFR,2,1,3.000000,3,1.250000e-01,
ARID1A->-EGFR GATA3->-ARID1A GATA3->-EGFR,3,3,2.000000,2,2.777778e-02,
MEN1->-STAG2,2,1,3.000000,3,1.019089e-01,
MEN1->-NUP93 MEN1->-PIK3CA PIK3CA->-NUP93,3,3,2.000000,2,2.777778e-02,
GATA3->-NUP93 MEN1->-GATA3 MEN1->-NUP93 MEN1->-STAG2 STAG2->-GATA3 STAG2->-NUP93,4,6,2.000000,2,1.736111e-03,
ARID1A->-SPEN PIK3CA->-ARID1A PIK3CA->-SPEN,3,3,3.000000,3,1.620370e-02,
ARID1A->-SPEN CDH1->-ARID1A CDH1->-SPEN,3,3,2.000000,2,2.777778e-02,
ARID1A->-SPEN MEN1->-ARID1A MEN1->-SPEN,3,3,2.000000,2,2.777778e-02,
CHEK2->-ARID1A,2,1,3.000000,3,7.738095e-02,
ATM->-SPEN,2,1,3.000000,3,5.667208e-01,
MAP3K1->-SPEN,2,1,3.000000,3,3.125000e-01,
GATA3->-SPEN MAP3K1->-GATA3 MAP3K1->-SPEN,3,3,2.000000,2,2.777778e-02,
RECQL4->-PIK3CA,2,1,3.000000,3,7.051329e-01,
AKT1->-NF1,2,1,3.000000,3,1.071429e-01,
ATM->-KMT2C,2,1,3.000000,3,4.966958e-01,
ROS1->-PIK3CA,2,1,3.000000,3,9.040779e-01,
ROS1->-TP53,2,1,3.000000,3,9.582447e-01,
PIK3CA->-ROS1 PIK3CA->-TP53 ROS1->-TP53,3,3,2.000000,2,1.492922e-01,
TSC2->-PIK3CA,2,1,3.000000,3,7.526042e-01,
KDM5C->-ESR1,2,1,3.000000,3,2.625000e-01,
ANKRD11-/-PIK3CA,2,1,3.000000,3,1.559514e-01,
ANKRD11-/-PIK3CA TP53->-ANKRD11 TP53->-PIK3CA,3,3,2.000000,2,5.153886e-02,
TBX3->-BRCA2,2,1,3.000000,3,4.979396e-01,
TBX3->-ANKRD11,2,1,3.000000,3,5.000000e-01,
CDH1->-PIK3CG,2,1,3.000000,3,2.888158e-01,
CDH1->-BRCA2 CDH1->-ESR1 ESR1->-BRCA2,3,3,3.000000,3,4.629630e-03,
CDH1->-HNF1A,2,1,3.000000,3,1.215278e-01,
GATA3->-ATR,2,1,3.000000,3,1.250000e-01,
TBX3->-FAT1,2,1,3.000000,3,6.320609e-02,
PTEN->-FAT1,2,1,3.000000,3,5.338636e-01,
CDH1->-CDK12,2,1,3.000000,3,4.692008e-02,
PTEN->-DDR2,2,1,3.000000,3,2.169737e-01,
ATRX->-EPHB1,2,1,3.000000,3,1.061769e-01,
ATRX->-EPHB1 TP53->-ATRX TP53->-EPHB1,3,3,2.000000,2,5.985218e-02,
PTEN->-EPHB1,2,1,2.000000,2,2.184211e-01,
ATRX->-EPHB1 CDH1->-ATRX CDH1->-EPHB1,3,3,2.000000,2,1.956628e-02,
TP53->-FLT3,2,1,3.000000,3,8.736842e-02,
MAP2K4->-PTPRS,2,1,3.000000,3,1.092105e-01,
PTEN->-MAP2K4,2,1,3.000000,3,8.278125e-01,
PTEN->-MAP2K4 PTEN->-TP53 TP53->-MAP2K4,3,3,2.000000,2,9.094786e-02,
PTEN->-JAK3,2,1,3.000000,3,8.232794e-02,
PTEN->-PTPRS,2,1,3.000000,3,1.092105e-01,
CDH1->-ACVR1 CDH1->-PTPRS PTEN->-ACVR1 PTEN->-CDH1 PTEN->-PTPRS PTPRS->-ACVR1,4,6,2.000000,2,1.146299e-03,
TP53->-RHOA,2,1,3.000000,3,4.047890e-01,
ATM->-FAT1,2,1,3.000000,3,2.625000e-01,
ATM->-FAT1 PIK3CA->-ATM PIK3CA->-FAT1 PIK3CA->-TP53 TP53->-ATM TP53->-FAT1,4,6,2.000000,2,5.063657e-03,
GNA11->-FAT1 PIK3CA->-FAT1 PIK3CA->-GNA11 PIK3CA->-TP53 TP53->-FAT1 TP53->-GNA11,4,6,2.000000,2,1.736111e-03,
TP53->-H3F3C,2,1,3.000000,3,6.269841e-02,
PIK3CA->-RIT1,2,1,3.000000,3,9.423077e-02,
PIK3CA->-GNA11,2,1,3.000000,3,2.953431e-01,
PIK3CA->-CTCF,2,1,3.000000,3,9.495815e-01,
PIK3CA->-GATA2,2,1,3.000000,3,3.125000e-01,
STK11->-EP300,2,1,3.000000,3,3.042279e-01,
STK11->-EP300 TP53->-EP300 TP53->-STK11,3,3,2.000000,2,1.250511e-01,
TP53->-INPP4A,2,1,3.000000,3,1.250000e-01,
TP53->-ERCC2,2,1,3.000000,3,8.571429e-02,
PIK3C2G->-CREBBP,2,1,3.000000,3,2.760417e-01,
PIK3C2G->-CREBBP PIK3CA->-CREBBP PIK3CA->-PIK3C2G,3,3,2.000000,2,1.126543e-01,
PIK3C2G->-MAP3K1,2,1,3.000000,3,2.760417e-01,
PIK3C2G->-MAP3K1 PIK3CA->-MAP3K1 PIK3CA->-PIK3C2G,3,3,2.000000,2,5.864198e-02,
CREBBP->-MAP3K1 PIK3CA->-CREBBP PIK3CA->-MAP3K1,3,3,3.000000,3,3.086420e-03,
PIK3CA->-SMAD2,2,1,3.000000,3,2.760417e-01,
CDH1->-GPS2,2,1,3.000000,3,6.041667e-01,
ATRX->-PIK3CA,2,1,3.000000,3,9.086372e-01,
PTEN->-DNMT1,2,1,3.000000,3,7.590812e-02,
PIK3CA->-DNMT1 PTEN->-DNMT1 PTEN->-PIK3CA,3,3,2.000000,2,1.666667e-02,
DOT1L->-PIK3CA,2,1,3.000000,3,5.000000e-01,
PIK3CA->-CDC73,2,1,3.000000,3,2.380952e-01,
GATA3->-CARD11,2,1,3.000000,3,7.738095e-02,
PTEN->-GATA3,2,1,3.000000,3,7.481192e-01,
NCOR1->-CARD11,2,1,3.000000,3,3.125000e-01,
NCOR1->-PTEN,2,1,3.000000,3,4.635417e-01,
IRS2->-CARD11,2,1,3.000000,3,7.045455e-02,
IRS2->-CARD11 TP53->-CARD11 TP53->-IRS2,3,3,2.000000,2,3.984287e-02,
TP53->-CDK4,2,1,3.000000,3,1.250000e-01,
TP53->-AKT2,2,1,3.000000,3,8.750000e-02,
MED12->-NSD1,2,1,3.000000,3,3.000000e-01,
PTEN->-NSD1,2,1,3.000000,3,1.250000e-01,
NCOR1->-NSD1 PTEN->-NCOR1 PTEN->-NSD1 TP53->-NCOR1 TP53->-NSD1 TP53->-PTEN,4,6,2.000000,2,1.736111e-03,
NF1->-NCOR1,2,1,3.000000,3,4.732143e-01,
NCOR1->-MAP3K1,2,1,3.000000,3,8.944256e-01,
NCOR1->-MAP3K1 TP53->-MAP3K1 TP53->-NCOR1,3,3,2.000000,2,8.810325e-02,
MAP3K1->-PIK3CA NCOR1->-MAP3K1 NCOR1->-PIK3CA,3,3,2.000000,2,2.464796e-01,
MED12->-FGFR4,2,1,3.000000,3,9.423077e-02,
ARID1A->-PIK3C2G,2,1,3.000000,3,1.919643e-01,
ARID1A->-PIK3C2G TP53->-ARID1A TP53->-PIK3C2G,3,3,2.000000,2,1.111111e-02,
KMT2C->-AR,2,1,3.000000,3,4.041896e-01,
CDH1->-KMT2C CDH1->-PIK3CA CDH1->-RFWD2 KMT2C->-RFWD2 PIK3CA->-KMT2C PIK3CA->-RFWD2,4,6,3.000000,3,4.253360e-05,
ARID1A->-TBX3,2,1,3.000000,3,4.397483e-01,
ARID1A->-CREBBP,2,1,3.000000,3,3.104396e-01,
ARID1A->-CREBBP CDH1->-ARID1A CDH1->-CREBBP,3,3,2.000000,2,1.300366e-01,
ARID1A->-APC CDH1->-APC CDH1->-ARID1A,3,3,2.000000,2,2.777778e-02,
ARID1A->-CREBBP ARID1A->-PIK3CA PIK3CA->-CREBBP,3,3,2.000000,2,7.254782e-02,
ARID1A->-BRCA2,2,1,3.000000,3,5.458987e-01,
ARID1A->-BRCA2 ARID1A->-PIK3CA PIK3CA->-BRCA2,3,3,2.000000,2,7.254782e-02,
PIK3CA->-RASA1,2,1,3.000000,3,3.104396e-01,
PIK3CA->-PIK3C3,2,1,3.000000,3,2.097926e-01,
MAP3K1->-PIK3C3 PIK3CA->-MAP3K1 PIK3CA->-PIK3C3,3,3,2.000000,2,3.406976e-02,
NF1->-ASXL1,2,1,3.000000,3,1.000000e-01,
NF1->-ASXL1 TP53->-ASXL1 TP53->-NF1,3,3,2.000000,2,2.777778e-02,
ATM-/-FOXA1,2,1,3.000000,3,1.430037e-01,
PIK3CA->-HIST1H3B,2,1,3.000000,3,2.953431e-01,
CHEK2->-TP53,2,1,3.000000,3,3.392857e-01,
CHEK2->-PIK3CA CHEK2->-TP53 TP53->-PIK3CA,3,3,2.000000,2,2.777778e-02,
CDH1->-KDM6A,2,1,3.000000,3,5.000000e-01,
ERBB2->-MAP3K1,2,1,3.000000,3,6.282547e-01,
ERBB2->-FOXA1 ERBB2->-MAP3K1 FOXA1->-MAP3K1,3,3,2.000000,2,2.777778e-02,
CDH1->-PBRM1,2,1,3.000000,3,3.125000e-01,
CDH1->-LATS1,2,1,3.000000,3,1.166667e-01,
MTOR->-CDH1,2,1,3.000000,3,7.232143e-01,
CREBBP-/-PIK3CA,2,1,3.000000,3,2.556324e-01,
NF1->-ARID1A,2,1,3.000000,3,2.875000e-01,
NF1->-ARID1A PIK3CA->-ARID1A PIK3CA->-NF1,3,3,2.000000,2,5.787037e-02,
SPEN->-GATA3,2,1,3.000000,3,9.657644e-01,
ATM->-ESR1,2,1,3.000000,3,1.250000e-01,
ATRX->-GATA3,2,1,3.000000,3,3.125000e-01,
ESR1->-RHOA,2,1,3.000000,3,1.250000e-01,
CDH1->-ESR1 CDH1->-RHOA ESR1->-RHOA,3,3,2.000000,2,2.777778e-02,
CDH1->-ARID1B,2,1,3.000000,3,3.042279e-01,
CDH1->-SMARCB1,2,1,3.000000,3,1.250000e-01,
CDH1->-ATR,2,1,3.000000,3,2.153017e-01,
CDH1->-ATR CDH1->-PIK3CA PIK3CA->-ATR,3,3,2.000000,2,6.077054e-02,
CDH1->-ERCC5,2,1,3.000000,3,8.055556e-02,
CDH1->-PAK7,2,1,3.000000,3,2.412423e-01,
CDH1->-PAK7 CDH1->-TP53 TP53->-PAK7,3,3,2.000000,2,4.038066e-02,
CDH1->-PAK7 CDH1->-PIK3CA PIK3CA->-PAK7,3,3,2.000000,2,7.021605e-02,
MAP2K4->-CDH1,2,1,3.000000,3,9.675321e-01,
PIK3CA->-LATS2,2,1,3.000000,3,6.041667e-01,
MAP3K1->-MED12,2,1,3.000000,3,2.581502e-01,
MAP3K1->-MED12 MAP3K1->-PIK3CA PIK3CA->-MED12,3,3,2.000000,2,1.428571e-02,
TP53->-DNMT3B,2,1,3.000000,3,7.539683e-02,
MAP3K1->-PTPRD,2,1,3.000000,3,2.760417e-01,
ARID1A->-JAK1,2,1,3.000000,3,1.250000e-01,
ARID1A->-JAK1 ARID1A->-PIK3CA JAK1->-PIK3CA,3,3,2.000000,2,7.407407e-02,
PIK3CA->-JAK1,2,1,3.000000,3,7.193510e-01,
CBFB->-ERBB2,2,1,3.000000,3,1.250000e-01,
CBFB->-CDH1 CBFB->-ERBB2 CDH1->-ERBB2,3,3,2.000000,2,2.777778e-02,
AKT1->-CBFB,2,1,3.000000,3,8.554688e-01,
BCL6->-CDH1,2,1,3.000000,3,5.000000e-01,
MGA->-ARID2 TP53->-ARID2 TP53->-MGA,3,3,3.000000,3,1.736111e-03,
MST1R->-KMT2C,2,1,3.000000,3,3.125000e-01,
MST1R->-KMT2C PIK3CA->-KMT2C PIK3CA->-MST1R,3,3,2.000000,2,7.407407e-02,
PIK3CA->-FLT1,2,1,3.000000,3,4.539474e-01,
MST1R->-MAP3K1 PIK3CA->-MAP3K1 PIK3CA->-MST1R,3,3,3.000000,3,4.629630e-03,
GATA3->-ASXL1,2,1,3.000000,3,1.865079e-01,
CHEK2->-GATA3,2,1,3.000000,3,2.410714e-01,
KMT2D->-TP53,2,1,3.000000,3,9.999699e-01,
TP53->-CUL3,2,1,3.000000,3,6.250000e-02,
ARID1A->-ATM,2,1,3.000000,3,3.179762e-01,
CDH1->-DAXX,2,1,3.000000,3,1.019089e-01,
PTPRT->-PIK3CA,2,1,3.000000,3,9.877253e-01,
PTPRT->-ARID2,2,1,3.000000,3,2.589286e-01,
PIK3CA->-ARID2 PIK3CA->-PTPRT PIK3CA->-TP53 PTPRT->-ARID2 TP53->-ARID2 TP53->-PTPRT,4,6,2.000000,2,2.976190e-04,
CDH1->-ARID2,2,1,3.000000,3,2.500000e-01,
CDH1->-ARID2 CDH1->-PIK3CA PIK3CA->-ARID2,3,3,2.000000,2,7.407407e-02,
ARID1A->-ATR,2,1,3.000000,3,1.250000e-01,
PIK3CA->-KMT2D PIK3CA->-ROS1 ROS1->-KMT2D,3,3,2.000000,2,2.777778e-02,
ARID1A->-ATR ARID1A->-BCOR BCOR->-ATR PIK3CA->-ARID1A PIK3CA->-ATR PIK3CA->-BCOR PIK3CA->-ROS1 ROS1->-ARID1A ROS1->-ATR ROS1->-BCOR,5,10,2.000000,2,4.140842e-04,
ARID1A->-NOTCH4,2,1,3.000000,3,1.250000e-01,
PIK3CA->-KDM5A,2,1,3.000000,3,5.000000e-01,
BRCA1->-TET2,2,1,3.000000,3,1.956250e-01,
ESR1->-NCOR1,2,1,3.000000,3,6.562500e-01,
GATA3->-RICTOR,2,1,3.000000,3,3.854167e-01,
GATA3->-PIK3CA GATA3->-RICTOR PIK3CA->-RICTOR,3,3,2.000000,2,6.735698e-02,
BRCA1-/-RICTOR,2,1,3.000000,3,3.703704e-02,
PTPRS->-KMT2C,2,1,3.000000,3,3.125000e-01,
PTPRS->-KMT2C TP53->-KMT2C TP53->-PTPRS,3,3,2.000000,2,2.777778e-02,
PTPRT->-KMT2C,2,1,3.000000,3,1.250000e-01,
PTPRT->-KMT2C TP53->-KMT2C TP53->-PTPRT,3,3,2.000000,2,7.407407e-02,
KMT2C->-KMT2D,2,1,3.000000,3,7.015034e-01,
KMT2C->-KMT2D TP53->-KMT2C TP53->-KMT2D,3,3,2.000000,2,1.845777e-01,
KMT2C->-KMT2D PTPRT->-KMT2C PTPRT->-KMT2D,3,3,2.000000,2,2.777778e-02,
PTPRT->-KMT2D,2,1,3.000000,3,6.178728e-01,
KMT2D->-PIK3CA PTPRT->-KMT2D PTPRT->-PIK3CA,3,3,2.000000,2,1.697682e-01,
NF1->-KMT2D,2,1,3.000000,3,2.750000e-01,
CREBBP->-TP53,2,1,3.000000,3,9.889076e-01,
ESR1->-SPEN,2,1,3.000000,3,5.000000e-01,
FGFR4->-PIK3CA,2,1,3.000000,3,8.050481e-01,
MEN1->-FAT1,2,1,3.000000,3,1.071429e-01,
TP53->-CDKN1B,2,1,3.000000,3,2.375000e-01,
SF3B1->-GATA3,2,1,3.000000,3,7.734375e-01,
SOX9->-TP53,2,1,3.000000,3,5.991162e-01,
TP53->-DICER1,2,1,3.000000,3,1.646825e-01,
PIK3CA->-DICER1 TP53->-DICER1 TP53->-PIK3CA,3,3,2.000000,2,1.712963e-02,
TP53->-NTRK1,2,1,3.000000,3,1.488889e-01,
SPEN->-KMT2C,2,1,3.000000,3,7.148438e-01,
CDH1->-KMT2C CDH1->-SPEN SPEN->-KMT2C,3,3,2.000000,2,1.319444e-01,
SPEN->-CDH1,2,1,3.000000,3,9.599609e-01,
SPEN->-TP53,2,1,3.000000,3,9.748014e-01,
SDHB->-GATA3,2,1,3.000000,3,3.042279e-01,
PTEN->-MST1R,2,1,3.000000,3,8.333333e-02,
KDM5C->-TP53,2,1,3.000000,3,5.851431e-01,
TP53->-YES1,2,1,3.000000,3,1.019089e-01,
PIK3CA->-YES1 TP53->-PIK3CA TP53->-YES1,3,3,2.000000,2,6.077054e-02,
ESR1->-EGFR,2,1,3.000000,3,1.250000e-01,
ESR1->-EGFR ESR1->-GATA3 GATA3->-EGFR,3,3,2.000000,2,2.777778e-02,
MAP2K4->-ESR1,2,1,3.000000,3,5.500000e-02,
NCOR1->-ESR1,2,1,3.000000,3,6.562500e-01,
ASXL1->-PIK3CA,2,1,3.000000,3,6.041667e-01,
TP53->-BBC3,2,1,3.000000,3,5.250000e-02,
CBFB->-CDKN1B,2,1,3.000000,3,1.250000e-01,
GATA3->-NF1,2,1,3.000000,3,2.277778e-01,
TP53->-SOX9,2,1,3.000000,3,5.991162e-01,
SOX9->-PTCH1 TP53->-PTCH1 TP53->-SOX9,3,3,2.000000,2,2.537879e-02,
NF1->-APC,2,1,3.000000,3,4.250000e-01,
PIK3CA->-TP53 PIK3CA->-ZFHX3 ZFHX3->-TP53,3,3,3.000000,3,7.523148e-03,
PIK3CA->-ARID1B,2,1,3.000000,3,7.914013e-01,
ARID1A->-MYC,2,1,3.000000,3,1.616667e-01,
PIK3CA->-PAK1,2,1,3.000000,3,5.029240e-02,
PIK3CA->-ASXL1,2,1,3.000000,3,6.041667e-01,
ARID1A->-APC,2,1,3.000000,3,3.125000e-01,
TP53->-PAK1,2,1,3.000000,3,1.317836e-01,
ERBB2->-PTCH1,2,1,3.000000,3,1.250000e-01,
CDH1->-PTCH1 ERBB2->-CDH1 ERBB2->-PTCH1,3,3,2.000000,2,7.407407e-02,
ERBB2->-PIK3CA ERBB2->-PTCH1 PIK3CA->-PTCH1,3,3,2.000000,2,2.777778e-02,
ERBB2->-KMT2C ERBB2->-PTCH1 KMT2C->-PTCH1,3,3,2.000000,2,2.777778e-02,
IRS2->-PIK3CA,2,1,3.000000,3,1.941667e-01,
CDH1->-MDC1,2,1,3.000000,3,2.187500e-01,
PIK3CA->-SOX17,2,1,3.000000,3,2.517007e-01,
TP53->-FLT1,2,1,3.000000,3,9.429825e-02,
CDH1->-NOTCH2,2,1,3.000000,3,1.250000e-01,
TET2->-PIK3CA,2,1,3.000000,3,8.834201e-01,
CBFB->-PTEN,2,1,3.000000,3,3.125000e-01,
NOTCH2->-SPEN,2,1,3.000000,3,7.142857e-02,
PIK3CA->-BRAF,2,1,3.000000,3,5.000000e-01,
PIK3CA->-STK11,2,1,3.000000,3,8.876708e-01,
CDH1->-CDKN2A,2,1,3.000000,3,1.250000e-01,
TP53->-EIF4A2,2,1,3.000000,3,2.160714e-01,
KMT2C->-STAT5B,2,1,3.000000,3,6.114532e-02,
PTCH1->-KMT2A,2,1,3.000000,3,2.663462e-01,
PIK3CA->-KMT2A PIK3CA->-PTCH1 PTCH1->-KMT2A,3,3,2.000000,2,5.555556e-02,
CDH1->-MSH2,2,1,3.000000,3,1.250000e-01,
TP53->-ERCC4,2,1,3.000000,3,1.443452e-01,
FLT4->-PIK3CA,2,1,3.000000,3,9.760345e-01,
TP53->-ERG,2,1,3.000000,3,7.222222e-02,
PIK3CA->-SMARCD1,2,1,3.000000,3,6.666667e-02,
CTCF->-GATA3,2,1,3.000000,3,2.812500e-01,
RB1->-KMT2C,2,1,3.000000,3,4.960511e-01,
KMT2C->-PIK3CA RB1->-KMT2C RB1->-PIK3CA,3,3,2.000000,2,7.407407e-02,
FOXP1->-PIK3CA,2,1,3.000000,3,7.382812e-01,
TP53->-RAD54L,2,1,3.000000,3,1.000000e-01,
AKT1->-PIK3CA,2,1,3.000000,3,1.291667e-01,
CTCF->-MAP3K1,2,1,3.000000,3,4.031250e-01,
KMT2A->-PIK3CA,2,1,3.000000,3,9.922857e-01,
KMT2A->-MAP3K1,2,1,3.000000,3,3.969475e-01,
TP53->-CSF1R,2,1,3.000000,3,1.250000e-01,
FOXA1->-KMT2A,2,1,3.000000,3,9.423077e-02,
FOXA1->-KMT2A FOXA1->-PIK3CA PIK3CA->-KMT2A,3,3,2.000000,2,5.555556e-02,
KMT2A->-MED12,2,1,3.000000,3,2.417582e-01,
KMT2A->-MED12 PIK3CA->-KMT2A PIK3CA->-MED12 PIK3CA->-PIK3CG PIK3CG->-KMT2A PIK3CG->-MED12,4,6,2.000000,2,8.512170e-04,
MGA->-KMT2A,2,1,3.000000,3,1.834832e-01,
PTEN->-PIK3CD,2,1,3.000000,3,9.423077e-02,
PTEN->-NBN,2,1,3.000000,3,9.423077e-02,
PTEN->-NBN TP53->-NBN TP53->-PTEN,3,3,2.000000,2,2.777778e-02,
TP53->-PMS1,2,1,3.000000,3,1.954545e-01,
KMT2D->-PTPRT PIK3CA->-KMT2D PIK3CA->-PTPRT PIK3CA->-TP53 TP53->-KMT2D TP53->-PTPRT,4,6,3.000000,3,1.702606e-04,
PIK3CA->-FGFR1,2,1,3.000000,3,2.500000e-01,
MAP2K4->-FOXP1,2,1,3.000000,3,8.750000e-02,
AKT1->-ESR1,2,1,3.000000,3,1.718750e-01,
ARID1A->-ARID5B,2,1,3.000000,3,1.250000e-01,
ARID1A->-ARID5B ARID1A->-TP53 TP53->-ARID5B,3,3,2.000000,2,2.777778e-02,
ESR1->-ERBB4,2,1,3.000000,3,2.562500e-01,
TP53->-MYCN,2,1,3.000000,3,6.250000e-02,
BRCA1->-GATA2,2,1,3.000000,3,1.212121e-01,
BRCA1->-GATA2 TP53->-BRCA1 TP53->-GATA2,3,3,2.000000,2,7.007576e-02,
TP53->-SYK,2,1,3.000000,3,2.877747e-01,
CDH1->-PIK3C2G,2,1,3.000000,3,3.125000e-01,
CDH1->-PIK3C2G CDH1->-PIK3CA PIK3CA->-PIK3C2G,3,3,2.000000,2,7.407407e-02,
CDH1->-NOTCH1,2,1,3.000000,3,4.500000e-01,
PBRM1->-TP53,2,1,3.000000,3,7.669684e-01,
TP53->-EGFR,2,1,3.000000,3,1.029672e-01,
TP53->-KDM5C,2,1,3.000000,3,5.851431e-01,
ARID1B->-NF1,2,1,3.000000,3,1.250000e-01,
ARID1B->-NF1 PTEN->-ARID1B PTEN->-NF1,3,3,2.000000,2,2.777778e-02,
ARID1B->-PTPRS ARID1B->-TSC2 CDH1->-ARID1B CDH1->-PTPRS CDH1->-TSC2 PTPRS->-TSC2,4,6,2.000000,2,1.736111e-03,
ARID1B->-KMT2C ARID1B->-NF1 ARID1B->-TSC2 CDH1->-ARID1B CDH1->-KMT2C CDH1->-NF1 CDH1->-TSC2 KMT2C->-NF1 KMT2C->-TSC2 NF1->-TSC2,5,10,2.000000,2,4.083083e-04,
TBX3->-ZFHX3,2,1,3.000000,3,5.000000e-01,
TBX3->-ZFHX3 TP53->-TBX3 TP53->-ZFHX3,3,3,2.000000,2,7.407407e-02,
SMAD4->-NCOR1,2,1,3.000000,3,1.250000e-01,
PIK3CA->-NCOR1 PIK3CA->-SMAD4 SMAD4->-NCOR1,3,3,2.000000,2,2.777778e-02,
SMAD4->-TP53,2,1,3.000000,3,4.625000e-01,
GATA3->-FAT1,2,1,3.000000,3,5.818015e-01,
TP53->-SH2B3,2,1,3.000000,3,2.448688e-01,
FAT1->-TP53,2,1,3.000000,3,9.995101e-01,
STAG2->-TP53,2,1,3.000000,3,9.947644e-01,
TP53->-RET,2,1,3.000000,3,1.026786e-01,
NOTCH2->-PIK3CA,2,1,3.000000,3,5.437500e-01,
MED12->-PIK3CA,2,1,3.000000,3,9.666183e-01,
KRAS->-KMT2C,2,1,3.000000,3,2.250770e-01,
PIK3CA->-ARAF,2,1,3.000000,3,3.545221e-01,
PIK3CA->-ARAF PIK3CA->-TP53 TP53->-ARAF,3,3,2.000000,2,5.501089e-02,
PIK3CA->-SOX2,2,1,3.000000,3,5.608974e-02,
PIK3CA->-CD274,2,1,3.000000,3,2.500000e-01,
RUNX1->-FOXA1,2,1,3.000000,3,5.375000e-01,
CDH1->-FOXA1 CDH1->-RUNX1 RUNX1->-FOXA1,3,3,2.000000,2,1.480195e-01,
CDKN1B->-MAP3K1,2,1,3.000000,3,7.023237e-01,
CDKN1B->-BAP1 CDKN1B->-MAP3K1 MAP3K1->-BAP1 PIK3CA->-BAP1 PIK3CA->-CDKN1B PIK3CA->-MAP3K1,4,6,2.000000,2,1.736111e-03,
PIK3CA->-KLF4,2,1,3.000000,3,5.000000e-01,
CDH1->-EPHA5,2,1,3.000000,3,8.333333e-02,
PTEN->-ARID2,2,1,3.000000,3,1.250000e-01,
PTEN->-ARID2 TP53->-ARID2 TP53->-PTEN,3,3,2.000000,2,7.407407e-02,
EPHA5->-ARID2 EPHA5->-ROS1 ROS1->-ARID2,3,3,2.000000,2,2.777778e-02,
ATRX->-ARID2 EPHA5->-ARID2 EPHA5->-ATRX,3,3,2.000000,2,2.777778e-02,
ATRX->-ARID2 TP53->-ARID2 TP53->-ATRX,3,3,2.000000,2,2.777778e-02,
MAP3K1->-ARID2 PTEN->-ARID2 PTEN->-MAP3K1,3,3,2.000000,2,2.777778e-02,
EPCAM->-ARID2 TP53->-ARID2 TP53->-EPCAM,3,3,2.000000,2,2.777778e-02,
EPCAM->-ARID2 PTEN->-ARID2 PTEN->-EPCAM,3,3,2.000000,2,2.777778e-02,
KRAS->-PIK3CA,2,1,3.000000,3,8.137575e-01,
CDH1->-KDM5C,2,1,3.000000,3,7.529762e-02,
CDH1->-BLM,2,1,3.000000,3,3.042279e-01,
CDH1->-BLM CDH1->-PIK3CA PIK3CA->-BLM,3,3,2.000000,2,6.855937e-02,
PIK3CA->-ABL1,2,1,3.000000,3,2.812500e-01,
ARID1A->-FLT3,2,1,3.000000,3,3.910714e-01,
KMT2D->-KMT2C,2,1,3.000000,3,7.015034e-01,
TP53->-MST1R,2,1,3.000000,3,1.420635e-01,
PTEN->-MST1R TP53->-MST1R TP53->-PTEN,3,3,2.000000,2,2.777778e-02,
KMT2D->-TBX3,2,1,3.000000,3,1.250000e-01,
ERBB3->-TBX3,2,1,3.000000,3,5.726428e-01,
PTEN->-ZFHX3 TP53->-PTEN TP53->-ZFHX3,3,3,3.000000,3,4.629630e-03,
CDH1->-FLT4,2,1,3.000000,3,1.000000e-01,
RUNX1->-NCOR1,2,1,3.000000,3,8.554688e-01,
PIK3CA->-NCOR1 PIK3CA->-RUNX1 RUNX1->-NCOR1,3,3,2.000000,2,2.632245e-01,
RB1->-TET1,2,1,3.000000,3,3.125000e-01,
PIK3CA->-RB1 PIK3CA->-TET1 RB1->-TET1,3,3,2.000000,2,7.407407e-02,
RB1->-TET1 TP53->-RB1 TP53->-TET1,3,3,2.000000,2,7.407407e-02,
PIK3CA->-AURKA,2,1,3.000000,3,8.184524e-02,
PIK3CA->-AURKA TP53->-AURKA TP53->-PIK3CA,3,3,2.000000,2,3.703704e-02,
NCOR1->-FLT4,2,1,3.000000,3,1.250000e-01,
NCOR1->-FLT4 PIK3CA->-FLT4 PIK3CA->-NCOR1,3,3,2.000000,2,2.777778e-02,
NF1->-KMT2A,2,1,3.000000,3,3.125000e-01,
NF1->-KMT2A TP53->-KMT2A TP53->-NF1,3,3,2.000000,2,2.777778e-02,
NF1->-KMT2A PIK3CA->-KMT2A PIK3CA->-NF1,3,3,2.000000,2,2.777778e-02,
TP53->-AKT1,2,1,3.000000,3,9.992969e-01,
PTEN->-BRCA2,2,1,3.000000,3,7.681818e-02,
NOTCH4->-PIK3CA,2,1,3.000000,3,9.866859e-01,
TP53->-RAD21,2,1,3.000000,3,7.222222e-02,
RHOA->-GATA3,2,1,3.000000,3,1.160714e-01,
CDH1->-GATA3 CDH1->-RHOA RHOA->-GATA3,3,3,2.000000,2,2.232143e-02,
PIK3CA->-GATA3 RHOA->-GATA3 RHOA->-PIK3CA,3,3,2.000000,2,6.498016e-02,
CBFB->-ESR1,2,1,3.000000,3,2.937500e-01,
CBFB->-ESR1 CBFB->-PIK3CA PIK3CA->-ESR1,3,3,2.000000,2,1.944444e-02,
TP53->-FOXP1,2,1,3.000000,3,2.250000e-01,
PIK3CA->-NCOA3,2,1,3.000000,3,1.041667e-01,
MAP2K4->-APC,2,1,3.000000,3,7.000000e-02,
APC->-ATM,2,1,3.000000,3,7.272727e-02,
APC->-ATM APC->-PIK3CA PIK3CA->-ATM,3,3,2.000000,2,4.040404e-02,
ARID1A->-NCOR1 PIK3CA->-ARID1A PIK3CA->-NCOR1,3,3,3.000000,3,1.620370e-02,
SMAD4->-ESR1,2,1,3.000000,3,1.250000e-01,
SMAD4->-CDH1,2,1,3.000000,3,7.734375e-01,
PIK3CA->-RNF43,2,1,3.000000,3,1.779167e-01,
PIK3CA->-SDHB,2,1,3.000000,3,3.042279e-01,
PIK3CA->-SDHB TP53->-PIK3CA TP53->-SDHB,3,3,2.000000,2,1.250511e-01,
CBFB->-KMT2C,2,1,3.000000,3,4.375000e-01,
CBFB->-KMT2C CBFB->-PIK3CA KMT2C->-PIK3CA,3,3,2.000000,2,1.480195e-01,
RAD52->-TP53,2,1,3.000000,3,2.529105e-01,
PIK3CA->-PPP2R1A,2,1,3.000000,3,5.422500e-01,
TP53->-HGF,2,1,3.000000,3,1.175412e-01,
PTEN->-BCOR,2,1,3.000000,3,1.250000e-01,
SPEN->-ATM,2,1,3.000000,3,5.667208e-01,
SPEN->-ATM SPEN->-TP53 TP53->-ATM,3,3,2.000000,2,5.820106e-02,
KMT2C->-NOTCH3,2,1,3.000000,3,8.333333e-02,
AKT1->-TET2,2,1,3.000000,3,2.482143e-01,
AKT1->-TET2 AKT1->-TP53 TP53->-TET2,3,3,2.000000,2,5.820106e-02,
PIK3CA->-ERCC5,2,1,3.000000,3,3.125000e-01,
FGFR4->-KMT2D,2,1,3.000000,3,1.250000e-01,
PIK3CA->-APC PIK3CA->-SPEN SPEN->-APC,3,3,3.000000,3,7.786195e-03,
PIK3CA->-APC PIK3CA->-SPEN PIK3CA->-TP53 SPEN->-APC TP53->-APC TP53->-SPEN,4,6,2.000000,2,1.736111e-03,
CREBBP->-CDH1,2,1,3.000000,3,9.524297e-01,
CDH1->-PIK3CA CREBBP->-CDH1 CREBBP->-PIK3CA,3,3,2.000000,2,3.251733e-01,
BRCA1->-PIK3CA TP53->-BRCA1 TP53->-PIK3CA,3,3,2.000000,2,6.606523e-02,
CDH1->-IKBKE,2,1,3.000000,3,1.041667e-01,
BRCA1->-PIK3CA,2,1,3.000000,3,8.170814e-01,
TP53->-HIST3H3,2,1,3.000000,3,1.250000e-01,
JAK1->-TP53,2,1,3.000000,3,8.302069e-01,
JAK1->-PIK3CA JAK1->-TP53 TP53->-PIK3CA,3,3,2.000000,2,7.407407e-02,
TP53->-ABL1,2,1,3.000000,3,3.306174e-01,
GATA3-/-TP53,2,1,3.000000,3,2.156635e-01,
CDH1->-GATA3 CDH1->-TP53 GATA3-/-TP53,3,3,2.000000,2,2.159197e-03,
NCOR1->-TBX3,2,1,3.000000,3,2.930195e-01,
CDH1->-TBX3 NCOR1->-CDH1 NCOR1->-TBX3,3,3,2.000000,2,2.232143e-02,
FAT1->-SPEN,2,1,3.000000,3,5.892857e-01,
CDH1->-IRF4,2,1,3.000000,3,1.026786e-01,
MAP2K4->-TET2,2,1,3.000000,3,1.071429e-01,
CDH1->-TET2 MAP2K4->-CDH1 MAP2K4->-TET2,3,3,2.000000,2,2.777778e-02,
CDH1->-MTOR MAP2K4->-CDH1 MAP2K4->-MTOR,3,3,2.000000,2,2.777778e-02,
ROS1->-KMT2D,2,1,3.000000,3,2.339973e-01,
ROS1->-ARID1A,2,1,3.000000,3,2.084821e-01,
PIK3CA->-FGF4,2,1,3.000000,3,9.429825e-02,
ARID1A->-KMT2D,2,1,3.000000,3,5.937500e-01,
ARID1A->-KMT2D PIK3CA->-ARID1A PIK3CA->-KMT2D,3,3,2.000000,2,7.407407e-02,
LATS1->-KMT2C,2,1,3.000000,3,2.579545e-01,
TP53->-IDH1,2,1,3.000000,3,7.500000e-02,
ASXL2->-PIK3CA,2,1,3.000000,3,5.797991e-01,
PIK3CA->-AXL,2,1,3.000000,3,5.636161e-01,
DDR2->-PIK3CA,2,1,3.000000,3,6.964286e-02,
KDM6A->-PIK3CA,2,1,3.000000,3,2.450694e-01,
PIK3CA->-TRAF2,2,1,3.000000,3,2.664474e-01,
PIK3CA->-TP53 PIK3CA->-TRAF2 TP53->-TRAF2,3,3,2.000000,2,1.633987e-02,
FAT1->-GATA3,2,1,3.000000,3,5.818015e-01,
ARID1B->-KMT2C,2,1,3.000000,3,1.194853e-01,
ARID1B->-KMT2C ARID1B->-PIK3CA KMT2C->-PIK3CA,3,3,2.000000,2,2.446895e-02,
ARID1B->-PTCH1,2,1,2.000000,2,2.389706e-01,
PIK3CA->-CDKN1A,2,1,3.000000,3,4.479167e-01,
PIK3CA->-CDKN1A PIK3CA->-TP53 TP53->-CDKN1A,3,3,2.000000,2,1.009425e-01,
TP53->-HIST1H1C,2,1,3.000000,3,1.562500e-01,
PBRM1->-ERBB3,2,1,3.000000,3,9.791667e-02,
AKT1->-CTCF,2,1,3.000000,3,1.660417e-01,
TBX3->-PTCH1,2,1,3.000000,3,1.250000e-01,
MAP3K1->-FAT1,2,1,3.000000,3,1.085165e-01,
TP53->-NFKBIA,2,1,3.000000,3,1.041667e-01,
CBFB->-SPEN,2,1,3.000000,3,1.250000e-01,
CBFB->-SPEN GATA3->-CBFB GATA3->-SPEN,3,3,2.000000,2,7.407407e-02,
TP53->-BLM,2,1,3.000000,3,1.883170e-01,
PTPRS->-TSC2,2,1,3.000000,3,1.027778e-01,
TP53->-PDGFRB,2,1,3.000000,3,1.897854e-01,
PTEN->-ROS1,2,1,3.000000,3,3.125000e-01,
TP53->-PIK3CD,2,1,3.000000,3,1.250000e-01,
PTEN->-PIK3CD TP53->-PIK3CD TP53->-PTEN,3,3,2.000000,2,2.777778e-02,
TP53->-PIK3R3,2,1,3.000000,3,6.666667e-02,
CDH1->-PIK3CA GPS2->-CDH1 GPS2->-PIK3CA,3,3,3.000000,3,1.620370e-02,
INPP4A->-ESR1,2,1,3.000000,3,3.125000e-01,
INPP4A->-ESR1 PIK3CA->-ESR1 PIK3CA->-INPP4A,3,3,2.000000,2,7.407407e-02,
ATRX->-RB1,2,1,3.000000,3,2.718750e-01,
ATRX->-RB1 TP53->-ATRX TP53->-RB1,3,3,2.000000,2,1.810516e-02,
TBX3->-ERBB2,2,1,3.000000,3,8.446514e-01,
CDH1->-ERBB2 TBX3->-CDH1 TBX3->-ERBB2,3,3,2.000000,2,1.962449e-01,
CDH1->-TSC2,2,1,3.000000,3,1.250000e-01,
CDH1->-PIK3CA CDH1->-TSC2 PIK3CA->-TSC2,3,3,2.000000,2,2.777778e-02,
FAT1->-PTEN,2,1,3.000000,3,5.338636e-01,
ERBB2->-ARID1A,2,1,3.000000,3,2.877747e-01,
GATA3->-ALK,2,1,3.000000,3,2.625000e-01,
PDGFRA->-PIK3CA,2,1,3.000000,3,7.212826e-01,
ERBB2->-ARID2,2,1,3.000000,3,1.085165e-01,
PTPRS->-GATA3,2,1,3.000000,3,2.340909e-01,
PIK3CA->-RAD54L,2,1,3.000000,3,3.125000e-01,
PTPRS->-MAP3K1,2,1,3.000000,3,3.770032e-01,
MAP3K1->-ERCC5,2,1,3.000000,3,4.250000e-01,
MAP3K1->-ERCC5 TP53->-ERCC5 TP53->-MAP3K1,3,3,2.000000,2,7.870370e-02,
CCNE1->-RICTOR PIK3CA->-CCNE1 PIK3CA->-RICTOR,3,3,2.000000,2,2.777778e-02,
CCNE1->-IGF1R PIK3CA->-CCNE1 PIK3CA->-IGF1R,3,3,2.000000,2,2.777778e-02,
ESR1->-DNMT3B,2,1,2.000000,2,5.000000e-01,
NOTCH1->-IGF1R,2,1,2.000000,2,1.454545e-01,
IGF1R->-ATRX,2,1,2.000000,2,1.833333e-01,
ARID1A->-IGF1R,2,1,2.000000,2,5.844780e-01,
ARID2->-IGF1R,2,1,2.000000,2,4.670330e-01,
ARID2->-FAT1,2,1,2.000000,2,5.975275e-01,
SETD2->-ATRX,2,1,2.000000,2,2.500000e-01,
ARID1A->-CARD11 SETD2->-ARID1A SETD2->-CARD11,3,3,2.000000,2,2.777778e-02,
ARID2->-CARD11 SETD2->-ARID2 SETD2->-CARD11,3,3,2.000000,2,2.777778e-02,
SETD2->-ESR1,2,1,2.000000,2,1.666667e-01,
SETD2->-LATS2,2,1,2.000000,2,4.166667e-01,
FAT1->-CARD11 TET1->-CARD11 TET1->-FAT1,3,3,2.000000,2,7.407407e-02,
PIK3CA->-RAD51C,2,1,2.000000,2,7.838244e-01,
AMER1->-PIK3CA CASP8->-AMER1 CASP8->-PIK3CA,3,3,2.000000,2,2.171841e-02,
INHA->-PIK3CA,2,1,2.000000,2,2.500000e-01,
TET1->-PIK3CA,2,1,2.000000,2,9.575521e-01,
ESR1->-NOTCH1,2,1,2.000000,2,6.250000e-01,
NOTCH1->-LATS2,2,1,2.000000,2,1.071429e-01,
TET1->-DNMT3B,2,1,2.000000,2,2.500000e-01,
ARID1A->-DNMT3B,2,1,2.000000,2,6.875000e-01,
ESR1->-TET1,2,1,2.000000,2,6.875000e-01,
ESR1->-AMER1,2,1,2.000000,2,5.000000e-01,
ESR1->-LATS2,2,1,2.000000,2,2.916667e-01,
TET1->-ARID2,2,1,2.000000,2,2.500000e-01,
SETD2->-BRCA2,2,1,2.000000,2,5.000000e-01,
FAT1->-DICER1,2,1,2.000000,2,2.500000e-01,
FGFR4->-PPP2R1A,2,1,2.000000,2,1.454545e-01,
MSH6->-PIK3CA,2,1,2.000000,2,8.906250e-01,
ATM->-MSH6,2,1,2.000000,2,2.500000e-01,
EP300->-MAP3K1,2,1,2.000000,2,2.500000e-01,
NOTCH1->-ATM,2,1,2.000000,2,7.386364e-01,
TP53->-RAB35,2,1,2.000000,2,1.666667e-01,
CDH1->-KDM5A,2,1,2.000000,2,2.184211e-01,
PIK3CA->-PARK2,2,1,2.000000,2,6.473214e-01,
KDM5A->-PIK3CA,2,1,2.000000,2,8.125000e-01,
KMT2D->-RPS6KB2 PIK3CA->-KMT2D PIK3CA->-RPS6KB2,3,3,2.000000,2,2.777778e-02,
GATA3->-BRCA2,2,1,2.000000,2,6.160714e-01,
MEN1->-KMT2A,2,1,2.000000,2,1.904762e-01,
RECQL4->-TP53,2,1,2.000000,2,9.071000e-01,
TET1->-ARID1B,2,1,2.000000,2,2.500000e-01,
CDH1->-FOXA1 CDH1->-RUNX1 FOXA1->-RUNX1,3,3,2.000000,2,1.480195e-01,
ARID2->-KMT2C,2,1,2.000000,2,6.875000e-01,
ARID2->-PTPRD,2,1,2.000000,2,2.500000e-01,
PTPRD->-XPO1,2,1,2.000000,2,2.500000e-01,
KMT2C->-CDK8,2,1,2.000000,2,2.500000e-01,
TP53->-RYBP,2,1,2.000000,2,2.500000e-01,
CDK8->-PIK3CA,2,1,2.000000,2,6.125000e-01,
FOXA1->-FH,2,1,2.000000,2,2.000000e-01,
ARID1A->-DOT1L ARID1A->-FOXA1 DOT1L->-FOXA1,3,3,2.000000,2,8.730159e-03,
CDH1->-DOT1L CDH1->-PIK3CA PIK3CA->-DOT1L,3,3,2.000000,2,2.777778e-02,
CDH1->-TSC1,2,1,2.000000,2,2.333333e-01,
CDH1->-EZH2 CDH1->-TP53 TP53->-EZH2,3,3,2.000000,2,2.777778e-02,
AKT1->-EGFR,2,1,2.000000,2,2.013889e-01,
MAP3K1->-EGFR,2,1,2.000000,2,2.500000e-01,
MAP3K1->-CBFB,2,1,2.000000,2,9.892578e-01,
SPOP->-MAP3K1,2,1,2.000000,2,6.875000e-01,
MTOR->-DNMT1,2,1,2.000000,2,2.500000e-01,
AR->-ARID1A,2,1,2.000000,2,4.972527e-01,
CDH1->-NTRK2,2,1,2.000000,2,4.500000e-01,
MAP3K1->-ERBB2,2,1,2.000000,2,8.711386e-01,
PIK3CA->-TGFBR1,2,1,2.000000,2,2.500000e-01,
MAP3K1->-TGFBR1,2,1,2.000000,2,2.500000e-01,
PIK3CA->-XIAP,2,1,2.000000,2,2.170330e-01,
STAG2->-RICTOR,2,1,2.000000,2,2.038177e-01,
PIK3CA->-RICTOR PIK3CA->-SMO SMO->-RICTOR,3,3,2.000000,2,1.979566e-02,
PDCD1->-FAT1 PIK3CA->-FAT1 PIK3CA->-PDCD1,3,3,2.000000,2,2.777778e-02,
PDCD1->-RB1 PIK3CA->-PDCD1 PIK3CA->-RB1,3,3,2.000000,2,2.777778e-02,
RB1->-FOXP1,2,1,2.000000,2,2.500000e-01,
ASXL2->-RB1,2,1,2.000000,2,1.833333e-01,
PIK3CA->-TSC1,2,1,2.000000,2,4.385965e-01,
STAG2->-CHEK2,2,1,2.000000,2,5.000000e-01,
STAG2->-TET1,2,1,2.000000,2,2.500000e-01,
NCOR1->-TSC1,2,1,2.000000,2,2.333333e-01,
HGF->-HIST1H1C,2,1,2.000000,2,1.319444e-01,
NCOR1->-FGFR3,2,1,2.000000,2,2.500000e-01,
ASXL2->-FOXP1 PIK3CA->-ASXL2 PIK3CA->-FOXP1,3,3,2.000000,2,2.777778e-02,
PDCD1->-FOXP1,2,1,2.000000,2,2.500000e-01,
FOXA1->-ERBB2,2,1,2.000000,2,8.854167e-01,
RUNX1->-MAP3K1,2,1,2.000000,2,7.319444e-01,
BRCA2-/-TP53,2,1,2.000000,2,8.498155e-01,
BRCA2-/-CDK12,2,1,2.000000,2,9.481481e-02,
CDK12->-MAP3K1,2,1,2.000000,2,2.639842e-01,
ARID2->-IKZF1 ARID2->-KIT IKZF1->-KIT,3,3,2.000000,2,2.777778e-02,
ARID2->-IKZF1 ARID2->-PIK3CA IKZF1->-PIK3CA,3,3,2.000000,2,2.777778e-02,
NSD1->-KIT,2,1,2.000000,2,3.046429e-01,
NSD1->-IKZF1 TP53->-IKZF1 TP53->-NSD1,3,3,2.000000,2,2.777778e-02,
NSD1->-PIK3CA TP53->-NSD1 TP53->-PIK3CA,3,3,2.000000,2,1.319444e-01,
ARID2->-NSD1,2,1,2.000000,2,5.000000e-01,
CDH1->-BCOR,2,1,2.000000,2,5.000000e-01,
CDKN2A->-KMT2C,2,1,2.000000,2,2.500000e-01,
TP53->-CHEK2,2,1,2.000000,2,6.944444e-01,
FBXW7->-PDGFRA,2,1,2.000000,2,2.170330e-01,
FBXW7->-EPHA7,2,1,2.000000,2,1.784493e-01,
FBXW7->-SMARCA4,2,1,2.000000,2,2.170330e-01,
FGFR3->-PIK3CA,2,1,2.000000,2,7.259234e-01,
PIK3CA->-RAD21,2,1,2.000000,2,4.075092e-01,
GATA3->-GRIN2A,2,1,2.000000,2,1.833333e-01,
ARID1A->-MET,2,1,2.000000,2,1.833333e-01,
ARID1A->-FGFR3,2,1,2.000000,2,1.833333e-01,
AKT1->-EPHA7,2,1,2.000000,2,2.500000e-01,
AKT1->-CD276,2,1,2.000000,2,2.500000e-01,
CDH1->-FOXL2,2,1,2.000000,2,2.500000e-01,
ATM->-MDC1,2,1,2.000000,2,4.166667e-01,
TP53->-TOP1,2,1,2.000000,2,1.454545e-01,
LATS1->-ROS1,2,1,2.000000,2,4.500000e-01,
ROS1->-TSC2,2,1,2.000000,2,4.500000e-01,
ESR1->-NOTCH3 PIK3CA->-ESR1 PIK3CA->-NOTCH3,3,3,2.000000,2,6.944444e-03,
CDH1->-IGF1R,2,1,2.000000,2,2.500000e-01,
CDH1->-KLF4,2,1,2.000000,2,2.500000e-01,
KLF4->-GRIN2A,2,1,2.000000,2,2.500000e-01,
ATR->-RICTOR PIK3CA->-ATR PIK3CA->-RICTOR,3,3,2.000000,2,5.409204e-02,
MAP3K1->-RICTOR,2,1,2.000000,2,2.271242e-01,
EPHA7->-HIST1H3B,2,1,2.000000,2,2.271242e-01,
RAD51C->-PIK3CA,2,1,2.000000,2,7.838244e-01,
MAP3K1->-RAD51C,2,1,2.000000,2,2.271242e-01,
TCF7L2->-PIK3CA,2,1,2.000000,2,3.320049e-01,
TCF7L2->-PIK3C3,2,1,2.000000,2,1.222976e-01,
IRS1->-ATR IRS1->-PIK3CA PIK3CA->-ATR,3,3,2.000000,2,6.652823e-02,
MAP3K1->-IRS1,2,1,2.000000,2,2.271242e-01,
MDC1->-CARD11 MDC1->-PIK3CA PIK3CA->-CARD11,3,3,2.000000,2,2.325027e-02,
MDC1->-HIST1H3B,2,1,2.000000,2,2.271242e-01,
NOTCH2-/-RPS6KA4,2,1,2.000000,2,9.183673e-02,
PTEN->-NOTCH2,2,1,2.000000,2,1.964286e-01,
PTEN->-AR,2,1,2.000000,2,1.964286e-01,
TP53->-HIST1H3I,2,1,2.000000,2,1.964286e-01,
PIK3CA->-H3F3B,2,1,2.000000,2,1.666667e-01,
TP53->-ZRSR2,2,1,2.000000,2,3.909091e-01,
NOTCH2->-CREBBP TP53->-CREBBP TP53->-NOTCH2,3,3,2.000000,2,2.777778e-02,
TP53->-AMER1,2,1,2.000000,2,4.684211e-01,
ESR1->-CREBBP,2,1,2.000000,2,2.500000e-01,
PIK3CA->-CREBBP PIK3CA->-PLK2 PLK2->-CREBBP,3,3,2.000000,2,6.077054e-02,
MET->-ESR1,2,1,2.000000,2,2.142857e-01,
MAP2K1->-ESR1,2,1,2.000000,2,2.142857e-01,
ESR1-/-KMT2D,2,1,2.000000,2,5.714286e-02,
CDKN2A->-EP300,2,1,2.000000,2,2.083333e-01,
CDKN2A->-NOTCH4 PIK3CA->-CDKN2A PIK3CA->-NOTCH4,3,3,2.000000,2,1.752646e-02,
PIK3CA->-RFWD2 PIK3CA->-ROS1 ROS1->-RFWD2,3,3,2.000000,2,1.752646e-02,
PIK3CA->-PMS2,2,1,2.000000,2,2.083333e-01,
TP53->-PMS2,2,1,2.000000,2,3.356481e-01,
MTOR->-RFWD2 TP53->-MTOR TP53->-RFWD2,3,3,2.000000,2,1.752646e-02,
ESR1->-JAK1,2,1,2.000000,2,5.000000e-01,
MAP3K1->-JAK1,2,1,2.000000,2,3.846154e-01,
CCNE1->-ESR1 CCNE1->-MAP3K1 ESR1->-MAP3K1,3,3,2.000000,2,2.777778e-02,
ALK->-MAP3K1,2,1,2.000000,2,5.983333e-01,
GATA3->-HIST1H3F,2,1,2.000000,2,2.500000e-01,
KMT2C->-EGFR,2,1,2.000000,2,2.666667e-01,
KMT2C->-STAG2,2,1,2.000000,2,3.466749e-01,
KMT2C->-MYC,2,1,2.000000,2,2.500000e-01,
FLT3->-EGFR,2,1,2.000000,2,2.500000e-01,
ATM->-EGFR,2,1,2.000000,2,2.500000e-01,
MEN1->-MAP3K1,2,1,2.000000,2,7.827381e-01,
FLT3->-SPEN GATA3->-FLT3 GATA3->-SPEN STAG2->-FLT3 STAG2->-GATA3 STAG2->-SPEN,4,6,2.000000,2,9.424603e-04,
MYC->-PIK3CA,2,1,2.000000,2,6.000000e-01,
PIK3CA->-NUP93 PIK3CA->-SPEN SPEN->-NUP93,3,3,2.000000,2,2.777778e-02,
ATM->-NUP93,2,1,2.000000,2,2.500000e-01,
ERBB3->-NUP93,2,1,2.000000,2,1.428571e-01,
ERBB3->-ARID1A MAP3K1->-ARID1A MAP3K1->-ERBB3,3,3,2.000000,2,2.182540e-02,
PIK3CA->-FLT3,2,1,2.000000,2,7.875000e-01,
CHEK2->-FLT3,2,1,2.000000,2,1.547619e-01,
MAP3K1->-ATM,2,1,2.000000,2,7.179196e-01,
ATM->-CHEK2,2,1,2.000000,2,2.500000e-01,
CDH1->-MPL,2,1,2.000000,2,2.500000e-01,
CDH1->-CSF1R,2,1,2.000000,2,2.500000e-01,
CIC->-ARID1A,2,1,2.000000,2,4.000000e-01,
KMT2C->-AKT1,2,1,2.000000,2,9.160156e-01,
SMARCA4->-ATR,2,1,2.000000,2,2.500000e-01,
ATR->-TP53,2,1,2.000000,2,9.993886e-01,
PIK3CA->-TP53 SMARCA4->-PIK3CA SMARCA4->-TP53,3,3,2.000000,2,1.640947e-01,
ABL1->-TP53,2,1,2.000000,2,6.791673e-01,
RAD54L->-KMT2C,2,1,2.000000,2,5.000000e-01,
ROS1->-TP53 TBX3->-ROS1 TBX3->-TP53,3,3,2.000000,2,5.753968e-02,
TBX3->-TSC2,2,1,2.000000,2,2.500000e-01,
TSC2->-TP53,2,1,2.000000,2,9.846510e-01,
KMT2C->-RAD50,2,1,2.000000,2,3.871511e-01,
KMT2C->-KDM5C,2,1,2.000000,2,4.333333e-01,
TBX3->-PIK3CG,2,1,2.000000,2,2.184211e-01,
TBX3->-ESR1,2,1,2.000000,2,6.627747e-01,
ANKRD11->-CDH1,2,1,2.000000,2,8.704074e-01,
ANKRD11->-BRCA2,2,1,2.000000,2,3.297619e-01,
FAT1->-DDR2 TBX3->-DDR2 TBX3->-FAT1,3,3,2.000000,2,1.677109e-02,
FAT1-/-FOXA1,2,1,2.000000,2,1.423559e-01,
CDH1->-FLT3 CDH1->-JAK3 FLT3->-JAK3,3,3,2.000000,2,2.134503e-02,
ABL1->-JAK3 CDH1->-ABL1 CDH1->-JAK3,3,3,2.000000,2,2.134503e-02,
MAP2K4->-DDR2,2,1,2.000000,2,2.184211e-01,
DDR2->-PIK3CG,2,1,2.000000,2,2.028195e-01,
CDK12-/-FOXA1 PTEN->-CDK12 PTEN->-FOXA1,3,3,2.000000,2,6.117859e-04,
PIK3CG->-JAK3 PTEN->-JAK3 PTEN->-PIK3CG,3,3,2.000000,2,1.280702e-02,
CDK12->-TBX3,2,1,2.000000,2,2.184211e-01,
CDK12->-AMER1,2,1,2.000000,2,1.176113e-01,
MAP2K4->-EPHB1,2,1,2.000000,2,2.184211e-01,
EPHB1->-KDM5A TP53->-EPHB1 TP53->-KDM5A,3,3,2.000000,2,2.134503e-02,
FOXA1-/-TP53,2,1,2.000000,2,3.480595e-01,
TBX3->-MAP2K4,2,1,2.000000,2,4.565163e-01,
TBX3->-PTPRS,2,1,2.000000,2,2.184211e-01,
TBX3->-KDM5A,2,1,2.000000,2,2.184211e-01,
TP53->-DIS3,2,1,2.000000,2,2.184211e-01,
FLT3->-PTPRS,2,1,2.000000,2,2.184211e-01,
ATRX->-JAK3 TP53->-ATRX TP53->-JAK3,3,3,2.000000,2,5.336257e-03,
AMER1->-JAK3,2,1,2.000000,2,1.912969e-01,
SDHB->-INPP4B,2,1,2.000000,2,2.389706e-01,
NF1->-HIST1H3B,2,1,2.000000,2,2.500000e-01,
PIK3CA->-MAP3K13,2,1,2.000000,2,6.528633e-01,
PIK3CA->-H3F3C,2,1,2.000000,2,5.000000e-01,
TP53->-WT1,2,1,2.000000,2,3.863636e-01,
ATM->-PLK2 PIK3CA->-ATM PIK3CA->-PLK2,3,3,2.000000,2,1.666667e-02,
CDH1->-CTCF CDH1->-ERBB3 ERBB3->-CTCF,3,3,2.000000,2,6.944444e-03,
BRCA2->-TERT TP53->-BRCA2 TP53->-TERT,3,3,2.000000,2,2.777778e-02,
CDKN2A->-KMT2D TP53->-CDKN2A TP53->-KMT2D,3,3,2.000000,2,2.777778e-02,
PLK2->-KMT2D,2,1,2.000000,2,2.500000e-01,
PPM1D->-ANKRD11,2,1,2.000000,2,1.015873e-01,
CREBBP->-SMAD2 PIK3C2G->-CREBBP PIK3C2G->-SMAD2,3,3,2.000000,2,1.851852e-02,
PIK3CA->-CREBBP PIK3CA->-PTPRD PTPRD->-CREBBP,3,3,2.000000,2,1.319711e-02,
PIK3CA->-LATS1,2,1,2.000000,2,6.510417e-01,
DICER1->-PTCH1,2,1,2.000000,2,1.884615e-01,
DNMT3A->-TP53,2,1,2.000000,2,9.588546e-01,
ARID1B->-ATR,2,1,2.000000,2,2.272727e-01,
BRCA2->-TET2,2,1,2.000000,2,2.272727e-01,
CIC->-ARID1B,2,1,2.000000,2,2.272727e-01,
BLM->-ARID1B,2,1,2.000000,2,2.172460e-01,
ARID2->-ALK,2,1,2.000000,2,5.555556e-01,
ATRX->-CREBBP,2,1,2.000000,2,2.500000e-01,
PTEN->-CREBBP,2,1,2.000000,2,1.805556e-01,
TP53->-SOS1,2,1,2.000000,2,1.666667e-01,
NCOR1->-RASA1,2,1,2.000000,2,2.500000e-01,
NCOR1->-AXIN1,2,1,2.000000,2,2.500000e-01,
IRS2->-AXIN1,2,1,2.000000,2,1.975000e-01,
PTEN->-RASA1,2,1,2.000000,2,2.500000e-01,
PTEN->-CARD11 TP53->-CARD11 TP53->-PTEN,3,3,2.000000,2,2.777778e-02,
PIK3CA->-CDK4,2,1,2.000000,2,2.500000e-01,
ESR1->-TP53 PIK3CA->-ESR1 PIK3CA->-TP53,3,3,2.000000,2,1.072347e-01,
FOXA1->-PIK3CG PIK3CA->-FOXA1 PIK3CA->-PIK3CG,3,3,2.000000,2,4.388889e-02,
PIK3CA->-ERCC2,2,1,2.000000,2,4.750000e-01,
ATR->-NSD1,2,1,2.000000,2,2.500000e-01,
TP53->-SPOP,2,1,2.000000,2,2.500000e-01,
SPOP->-FGFR4,2,1,2.000000,2,2.500000e-01,
SPOP->-NF1,2,1,2.000000,2,2.500000e-01,
ERCC5->-FGFR4 TP53->-ERCC5 TP53->-FGFR4,3,3,2.000000,2,2.777778e-02,
MAP3K1->-FGFR4 PTEN->-FGFR4 PTEN->-MAP3K1,3,3,2.000000,2,1.666667e-02,
MED12->-FGFR4 PTEN->-FGFR4 PTEN->-MED12,3,3,2.000000,2,1.666667e-02,
NF1->-PRDM1,2,1,2.000000,2,2.333333e-01,
NF1->-ERCC5 TP53->-ERCC5 TP53->-NF1,3,3,2.000000,2,2.777778e-02,
RUNX1->-CDKN1B,2,1,2.000000,2,2.500000e-01,
TP53->-PAX5,2,1,2.000000,2,1.750000e-01,
NF1->-CTCF,2,1,2.000000,2,2.500000e-01,
NF1->-PIK3R1 NF1->-PTEN PTEN->-PIK3R1,3,3,2.000000,2,1.030093e-01,
TBX3->-CREBBP,2,1,2.000000,2,1.648352e-01,
PIK3CA->-GLI1 TBX3->-GLI1 TBX3->-PIK3CA,3,3,2.000000,2,2.686203e-02,
TBX3->-AR,2,1,2.000000,2,2.472527e-01,
CDH1->-GLI1 CDH1->-PIK3CA PIK3CA->-GLI1,3,3,2.000000,2,2.686203e-02,
PIK3CA->-RFWD2 TBX3->-PIK3CA TBX3->-RFWD2,3,3,2.000000,2,2.686203e-02,
CDH1->-RASA1 CDH1->-TBX3 TBX3->-RASA1,3,3,2.000000,2,2.686203e-02,
CREBBP->-AR,2,1,2.000000,2,2.472527e-01,
CDH1->-CREBBP CDH1->-PIK3CA CDH1->-RFWD2 CREBBP->-RFWD2 PIK3CA->-CREBBP PIK3CA->-RFWD2,4,6,2.000000,2,1.020806e-03,
CDH1->-RASA1 CDH1->-RECQL4 RASA1->-RECQL4,3,3,2.000000,2,2.686203e-02,
CDH1->-PIK3C3 CDH1->-PIK3CA PIK3CA->-PIK3C3,3,3,2.000000,2,2.686203e-02,
ARID1A->-GLI1,2,1,2.000000,2,4.526099e-01,
ARID1A->-RFWD2,2,1,2.000000,2,2.472527e-01,
BRCA2->-AR,2,1,2.000000,2,2.472527e-01,
BRCA2->-RFWD2 CDH1->-BRCA2 CDH1->-RFWD2,3,3,2.000000,2,2.686203e-02,
PIK3CA->-STAT5A,2,1,2.000000,2,2.472527e-01,
BRAF->-PIK3CA,2,1,2.000000,2,8.125000e-01,
TP53->-ERCC3,2,1,2.000000,2,1.833333e-01,
KLF4->-PIK3CA,2,1,2.000000,2,8.125000e-01,
PTEN->-ASXL1,2,1,2.000000,2,2.000000e-01,
KMT2C->-WT1,2,1,2.000000,2,1.363636e-01,
KMT2C->-FOXA1,2,1,2.000000,2,8.306381e-01,
RB1->-NCOR1,2,1,2.000000,2,8.357797e-01,
ATM->-NCOR1,2,1,2.000000,2,3.506494e-01,
ATM->-TP53,2,1,2.000000,2,9.914536e-01,
CDH1->-CHEK2,2,1,2.000000,2,5.000000e-01,
ERBB2->-FANCA,2,1,2.000000,2,1.446886e-01,
GATA3->-MST1,2,1,2.000000,2,1.666667e-01,
TSC1->-TP53,2,1,2.000000,2,8.995943e-01,
PBRM1->-ERBB2,2,1,2.000000,2,2.500000e-01,
RB1->-FBXW7 TP53->-FBXW7 TP53->-RB1,3,3,2.000000,2,2.777778e-02,
CDH1->-FBXW7,2,1,2.000000,2,4.166667e-01,
PBRM1->-RB1 TP53->-PBRM1 TP53->-RB1,3,3,2.000000,2,1.810516e-02,
RB1->-AXIN1 TP53->-AXIN1 TP53->-RB1,3,3,2.000000,2,2.777778e-02,
CDH1->-AXIN1,2,1,2.000000,2,5.000000e-01,
CDH1->-SOX17 CDH1->-TP53 TP53->-SOX17,3,3,2.000000,2,2.777778e-02,
NF1->-PTPRD NF1->-TP53 TP53->-PTPRD,3,3,2.000000,2,2.222222e-02,
NF1->-EPHA7,2,1,2.000000,2,4.833333e-01,
CDH1->-NUP93,2,1,2.000000,2,1.428571e-01,
BRCA1->-GATA3 PIK3CA->-BRCA1 PIK3CA->-GATA3,3,3,2.000000,2,1.222420e-01,
SPEN->-ESR1,2,1,2.000000,2,8.125000e-01,
CDH1->-PTEN CDH1->-RHOA PTEN->-RHOA,3,3,2.000000,2,2.777778e-02,
CDH1->-ALOX12B,2,1,2.000000,2,2.500000e-01,
ESR1->-ALOX12B,2,1,2.000000,2,2.500000e-01,
ESR1->-ARID1B,2,1,2.000000,2,1.333333e-01,
PTEN->-ESR1,2,1,2.000000,2,5.000000e-01,
MAP2K4->-ERCC5 TP53->-ERCC5 TP53->-MAP2K4,3,3,2.000000,2,9.259259e-03,
MAP2K4->-PAK7,2,1,2.000000,2,1.611111e-01,
MAP2K4->-BRCA2 TP53->-BRCA2 TP53->-MAP2K4,3,3,2.000000,2,9.259259e-03,
TP53->-FAM175A,2,1,2.000000,2,4.111111e-01,
MAP2K4->-GPS2,2,1,2.000000,2,4.333333e-01,
PIK3CA->-GPS2,2,1,2.000000,2,9.359818e-01,
FAT1->-KMT2C,2,1,2.000000,2,9.651457e-01,
ATM->-RICTOR,2,1,2.000000,2,1.833333e-01,
ATM->-BRD4,2,1,2.000000,2,1.382051e-01,
ATM->-RPS6KB2,2,1,2.000000,2,1.833333e-01,
TP53->-LATS2,2,1,2.000000,2,6.148810e-01,
GATA3->-MAP2K4,2,1,2.000000,2,9.743304e-01,
GATA3->-CDH1,2,1,2.000000,2,9.963687e-01,
TBX3->-MED12,2,1,2.000000,2,2.210884e-01,
PTPRS->-SETD2,2,1,2.000000,2,1.666667e-01,
CREBBP->-DNMT3B,2,1,2.000000,2,2.261905e-01,
CREBBP->-RB1,2,1,2.000000,2,2.261905e-01,
KMT2D->-RB1 TP53->-KMT2D TP53->-RB1,3,3,2.000000,2,6.216931e-02,
TP53->-CD79A,2,1,2.000000,2,9.693878e-02,
PIK3CA->-RAC1,2,1,2.000000,2,1.166667e-01,
PIK3CA->-TCF3,2,1,2.000000,2,2.083333e-01,
KLF4->-TP53,2,1,2.000000,2,8.638021e-01,
GATA3->-JAK1,2,1,2.000000,2,2.500000e-01,
CIC->-KMT2D,2,1,2.000000,2,4.000000e-01,
PIK3R1->-KMT2C,2,1,2.000000,2,7.875000e-01,
ERBB2->-TP63,2,1,2.000000,2,2.500000e-01,
CDH1->-TP63,2,1,2.000000,2,2.500000e-01,
PIK3R1->-ROS1,2,1,2.000000,2,4.166667e-01,
PIK3R1->-ARID2,2,1,2.000000,2,1.666667e-01,
PIK3R1->-MGA,2,1,2.000000,2,1.666667e-01,
MGA->-ROS1,2,1,2.000000,2,3.484848e-01,
KMT2C->-FLT1,2,1,2.000000,2,1.772727e-01,
PIK3CA->-FLT1 PIK3CA->-SPEN SPEN->-FLT1,3,3,2.000000,2,2.777778e-02,
FLT1->-MAP3K1,2,1,2.000000,2,4.385965e-01,
ARID1A->-POLE PIK3CA->-ARID1A PIK3CA->-POLE,3,3,2.000000,2,7.407407e-02,
PIK3CA->-POLE PIK3CA->-SPEN SPEN->-POLE,3,3,2.000000,2,2.777778e-02,
FBXW7->-FLT4,2,1,2.000000,2,2.083333e-01,
FBXW7->-TP53,2,1,2.000000,2,9.946250e-01,
GATA3->-PIK3C2G,2,1,2.000000,2,1.547619e-01,
FLT3-/-GATA3,2,1,2.000000,2,1.170068e-01,
PIK3C2G-/-POLE,2,1,2.000000,2,2.619577e-01,
ANKRD11->-PIK3C2G,2,1,2.000000,2,1.083333e-01,
KDM5C->-ARID1A,2,1,2.000000,2,5.783376e-01,
ASXL1->-SRC,2,1,2.000000,2,1.547619e-01,
ARID1A->-ASXL1,2,1,2.000000,2,1.547619e-01,
FLT3->-POLE,2,1,2.000000,2,1.222619e-01,
BRCA2->-PIK3CB,2,1,2.000000,2,1.547619e-01,
BRCA2->-ARID1A,2,1,2.000000,2,8.317174e-01,
CARD11->-ARID1A,2,1,2.000000,2,7.452577e-01,
BRCA2-/-KDM6A,2,1,2.000000,2,9.356725e-02,
ATRX->-HNF1A TP53->-ATRX TP53->-HNF1A,3,3,2.000000,2,4.997061e-02,
KMT2D->-HNF1A,2,1,2.000000,2,2.013889e-01,
KMT2D->-XPO1,2,1,2.000000,2,2.013889e-01,
KMT2D->-ARID1B,2,1,2.000000,2,1.925041e-01,
KMT2D->-INPP4B,2,1,2.000000,2,1.925041e-01,
TP53->-MSH2,2,1,2.000000,2,2.013889e-01,
RUNX1->-ERBB2,2,1,2.000000,2,9.218750e-01,
STAT3->-PIK3CA,2,1,2.000000,2,2.500000e-01,
PIK3CA->-CUL3,2,1,2.000000,2,4.583333e-01,
PIK3CA->-MAP2K1,2,1,2.000000,2,4.083333e-01,
MEN1->-ESR1,2,1,2.000000,2,2.142857e-01,
CDH1->-BRAF,2,1,2.000000,2,2.500000e-01,
ARID1A->-BRAF,2,1,2.000000,2,2.170330e-01,
HIST1H3G->-PIK3CA,2,1,2.000000,2,4.250000e-01,
RHOA->-CDH1,2,1,2.000000,2,8.540072e-01,
ARID1A->-RHOA,2,1,2.000000,2,1.547619e-01,
CDH1->-DAXX CDH1->-PIK3CA PIK3CA->-DAXX,3,3,2.000000,2,1.979566e-02,
CDH1->-PIK3CA PTPRT->-CDH1 PTPRT->-PIK3CA,3,3,2.000000,2,7.407407e-02,
PTPRT->-MAP3K1,2,1,2.000000,2,6.414474e-01,
ATR->-NOTCH4 PIK3CA->-ATR PIK3CA->-NOTCH4,3,3,2.000000,2,2.777778e-02,
ATR->-GRIN2A,2,1,2.000000,2,2.500000e-01,
PTPRT->-TET2,2,1,2.000000,2,3.888889e-01,
BRCA1->-PTCH1,2,1,2.000000,2,1.346801e-01,
BRCA1->-PTPRT,2,1,2.000000,2,1.388889e-01,
PIK3CA->-HIST3H3,2,1,2.000000,2,5.952381e-01,
FLT1->-PIK3CA,2,1,2.000000,2,7.817982e-01,
CDH1->-CBL,2,1,2.000000,2,1.750000e-01,
CBL->-PIK3CA,2,1,2.000000,2,6.056373e-01,
AKT1->-RAD54L,2,1,2.000000,2,1.975000e-01,
RECQL4->-GATA3,2,1,2.000000,2,4.166667e-01,
BRCA1-/-PIK3CA,2,1,2.000000,2,4.123457e-01,
PTEN-/-SF3B1,2,1,2.000000,2,2.888889e-01,
KMT2C->-ANKRD11,2,1,2.000000,2,4.538177e-01,
PTPRT->-PTPRS,2,1,2.000000,2,2.500000e-01,
NF1->-PTPRS,2,1,2.000000,2,5.000000e-01,
PTPRS->-KMT2D TP53->-KMT2D TP53->-PTPRS,3,3,2.000000,2,6.018519e-02,
PTPRT->-ANKRD11,2,1,2.000000,2,1.333333e-01,
INHA->-CREBBP,2,1,2.000000,2,2.500000e-01,
TERT->-TP53,2,1,2.000000,2,9.343386e-01,
TP53->-HIST1H3G,2,1,2.000000,2,4.250000e-01,
TP53->-IGF1,2,1,2.000000,2,1.666667e-01,
RUNX1->-GATA3,2,1,2.000000,2,2.500000e-01,
PIK3CA->-POLE PIK3CA->-SETD2 POLE->-SETD2,3,3,2.000000,2,2.777778e-02,
RUNX1->-SETD2,2,1,2.000000,2,2.500000e-01,
NF1->-ERBB2,2,1,2.000000,2,5.000000e-01,
PIK3CG->-PIK3CA,2,1,2.000000,2,8.961247e-01,
IRS1->-SPEN,2,1,2.000000,2,3.954545e-01,
IRS1->-ESR1,2,1,2.000000,2,2.500000e-01,
CDK12->-TP53,2,1,2.000000,2,7.080945e-01,
KMT2C->-CBFB,2,1,2.000000,2,7.708333e-01,
FGFR4->-KMT2C,2,1,2.000000,2,3.134615e-01,
KMT2C->-ARID5B,2,1,2.000000,2,4.538177e-01,
JAK2-/-PIK3CA,2,1,2.000000,2,4.162963e-01,
FOXA1->-INSR,2,1,2.000000,2,2.142857e-01,
FOXA1->-FAT1,2,1,2.000000,2,5.275313e-01,
FOXA1->-NSD1,2,1,2.000000,2,6.476190e-01,
ERBB2->-PTPRD TP53->-ERBB2 TP53->-PTPRD,3,3,2.000000,2,1.979566e-02,
ERBB2->-XPO1,2,1,2.000000,2,2.500000e-01,
CDKN1B->-PTPRD,2,1,2.000000,2,2.500000e-01,
FOXA1->-PTPRD,2,1,2.000000,2,2.500000e-01,
FOXA1->-XPO1,2,1,2.000000,2,2.500000e-01,
FOXA1->-CDKN1B,2,1,2.000000,2,1.884615e-01,
SOX9->-PIK3CA,2,1,2.000000,2,6.250000e-01,
SOX9->-IRS1,2,1,2.000000,2,1.666667e-01,
PIK3CA->-NTRK1,2,1,2.000000,2,1.750000e-01,
CDH1->-KMT2C CDH1->-RUNX1 KMT2C->-RUNX1,3,3,2.000000,2,1.319444e-01,
SPEN->-RUNX1,2,1,2.000000,2,2.500000e-01,
RUNX1->-JUN,2,1,2.000000,2,2.250000e-01,
PIK3CA->-RB1 PIK3CA->-RUNX1 RB1->-RUNX1,3,3,2.000000,2,2.777778e-02,
RB1->-RUNX1 TP53->-RB1 TP53->-RUNX1,3,3,2.000000,2,2.777778e-02,
ERBB2->-GATA3,2,1,2.000000,2,1.666667e-01,
PIK3C2G->-EGFR,2,1,2.000000,2,2.500000e-01,
PIK3C2G->-NCOR1,2,1,2.000000,2,5.000000e-01,
MAP2K4->-ATM,2,1,2.000000,2,2.500000e-01,
FYN->-ATM,2,1,2.000000,2,1.884615e-01,
APC->-PTPRT TP53->-APC TP53->-PTPRT,3,3,2.000000,2,1.111111e-02,
CTCF->-MAP2K4 CTCF->-PIK3CA MAP2K4->-PIK3CA,3,3,2.000000,2,2.777778e-02,
CSF3R->-PIK3CA,2,1,2.000000,2,2.189542e-01,
IGF1R->-GATA3 PIK3CA->-GATA3 PIK3CA->-IGF1R,3,3,2.000000,2,5.276726e-02,
GATA3->-RAD50 PIK3CA->-GATA3 PIK3CA->-RAD50,3,3,2.000000,2,2.777778e-02,
ESR1->-RAD50 PIK3CA->-ESR1 PIK3CA->-RAD50,3,3,2.000000,2,5.092593e-02,
GATA3->-AR,2,1,2.000000,2,5.000000e-01,
CDH1->-NF1 CDH1->-RAD50 NF1->-RAD50,3,3,2.000000,2,2.777778e-02,
DNMT3B->-ARID1A,2,1,2.000000,2,6.875000e-01,
ESR1->-POLE,2,1,2.000000,2,2.500000e-01,
NF1->-POLE,2,1,2.000000,2,2.500000e-01,
CDH1->-MAP3K1 CDH1->-POLE MAP3K1->-POLE,3,3,2.000000,2,2.777778e-02,
ESR1->-AR,2,1,2.000000,2,1.250000e-01,
MAP3K1->-AR,2,1,2.000000,2,5.000000e-01,
MAP3K1->-NF1 PIK3CA->-MAP3K1 PIK3CA->-NF1,3,3,2.000000,2,7.407407e-02,
MAX->-PIK3CA,2,1,2.000000,2,4.196429e-01,
GATA3->-IGF1R,2,1,2.000000,2,6.997727e-01,
GATA3->-MGA,2,1,2.000000,2,4.500000e-01,
TBX3->-FOXA1,2,1,2.000000,2,9.084779e-01,
ERBB3->-POLE,2,1,2.000000,2,2.500000e-01,
ERBB3->-CDH1,2,1,2.000000,2,9.651380e-01,
JAK2-/-PTPRT,2,1,2.000000,2,4.720988e-01,
ARID1B->-ZFHX3,2,1,2.000000,2,1.333333e-01,
ARID1A->-MYC PIK3CA->-ARID1A PIK3CA->-MYC,3,3,2.000000,2,3.935185e-02,
ARID1A->-JAK2,2,1,2.000000,2,1.333333e-01,
PIK3CA->-JAK2,2,1,2.000000,2,7.578704e-01,
PIK3CA->-PPM1D,2,1,2.000000,2,1.333333e-01,
ESR1-/-MTOR,2,1,2.000000,2,3.765079e-01,
ESR1->-ZFHX3,2,1,2.000000,2,1.333333e-01,
BRCA1-/-TP53,2,1,2.000000,2,4.982043e-01,
PIK3CA->-DCUN1D1,2,1,2.000000,2,2.500000e-01,
NOTCH4->-YES1,2,1,2.000000,2,5.000000e-01,
FOXA1->-PTCH1 PIK3CA->-FOXA1 PIK3CA->-PTCH1,3,3,2.000000,2,1.666667e-02,
AKT1->-CREBBP,2,1,2.000000,2,2.500000e-01,
AKT1->-RB1,2,1,2.000000,2,2.013889e-01,
AKT1->-ARID1A,2,1,2.000000,2,6.125000e-01,
CBFB->-ARID1A TP53->-ARID1A TP53->-CBFB,3,3,2.000000,2,2.777778e-02,
RB1->-ARID1A,2,1,2.000000,2,5.000000e-01,
IRS2->-PIK3CB IRS2->-POLE POLE->-PIK3CB,3,3,2.000000,2,1.864734e-02,
CDH1->-PIK3CB,2,1,2.000000,2,2.500000e-01,
IRS2->-TP53,2,1,2.000000,2,8.171023e-01,
CDH1->-SMAD2,2,1,2.000000,2,5.000000e-01,
MAP2K4->-CIC,2,1,2.000000,2,1.500000e-01,
MAP2K4->-KMT2D,2,1,2.000000,2,1.500000e-01,
ARID1A->-ESR1,2,1,2.000000,2,9.754447e-01,
CBFB->-TBX3,2,1,2.000000,2,6.875000e-01,
MAP3K1->-PIK3CA TBX3->-MAP3K1 TBX3->-PIK3CA,3,3,2.000000,2,2.203575e-01,
CDH1->-FGFR2,2,1,2.000000,2,2.000000e-01,
KDM6A->-CDH1,2,1,2.000000,2,8.125000e-01,
SOX17-/-TP53,2,1,2.000000,2,2.751323e-01,
HNF1A->-TP53,2,1,2.000000,2,9.330171e-01,
PIK3CA->-RAB35,2,1,2.000000,2,2.500000e-01,
NOTCH2->-KMT2C,2,1,2.000000,2,5.000000e-01,
TP53->-RNF43,2,1,2.000000,2,1.134259e-01,
RB1->-NOTCH2 TP53->-NOTCH2 TP53->-RB1,3,3,2.000000,2,2.777778e-02,
TP53->-U2AF1,2,1,2.000000,2,4.000000e-01,
ARID2->-BCOR TP53->-ARID2 TP53->-BCOR,3,3,2.000000,2,2.777778e-02,
ATM->-RUNX1 PIK3CA->-ATM PIK3CA->-RUNX1,3,3,2.000000,2,6.944444e-03,
ARID1A-/-TERT,2,1,2.000000,2,7.142857e-02,
FOXA1->-ARID1A,2,1,2.000000,2,7.053571e-01,
TP53->-CRLF2,2,1,2.000000,2,2.500000e-01,
TP53->-CCND1,2,1,2.000000,2,2.250000e-01,
ARID1A->-AKT1,2,1,2.000000,2,6.125000e-01,
CDH1->-ERBB2 CDH1->-NCOR1 NCOR1->-ERBB2,3,3,2.000000,2,7.407407e-02,
ERBB2->-BRAF,2,1,2.000000,2,2.170330e-01,
CDH1->-INPP4A CDH1->-PIK3CA PIK3CA->-INPP4A,3,3,2.000000,2,2.777778e-02,
NCOR1->-TET2 TP53->-NCOR1 TP53->-TET2,3,3,2.000000,2,2.777778e-02,
TET2->-GRIN2A,2,1,2.000000,2,1.975000e-01,
CDH1->-CDKN2A CDH1->-NCOR1 CDKN2A->-NCOR1,3,3,2.000000,2,2.777778e-02,
TP53->-GNAS,2,1,2.000000,2,1.071429e-01,
NCOR1->-EIF4A2,2,1,2.000000,2,1.346154e-01,
NCOR1->-KDM6A,2,1,2.000000,2,2.500000e-01,
CDH1->-EIF4A2,2,1,2.000000,2,2.500000e-01,
CDH1->-GNAS,2,1,2.000000,2,2.500000e-01,
KDM6A->-GRIN2A TP53->-GRIN2A TP53->-KDM6A,3,3,2.000000,2,2.777778e-02,
KMT2C->-RASA1,2,1,2.000000,2,4.972527e-01,
CDH1->-MSH2 CDH1->-RASA1 MSH2->-RASA1,3,3,2.000000,2,2.777778e-02,
PTCH1->-NOTCH2,2,1,2.000000,2,2.500000e-01,
NOTCH2->-KMT2A,2,1,2.000000,2,1.975000e-01,
NOTCH4->-NOTCH2,2,1,2.000000,2,3.750000e-01,
NOTCH4->-EED,2,1,2.000000,2,2.170330e-01,
KMT2C->-PTCH1 KMT2C->-STAT5B PTCH1->-STAT5B,3,3,2.000000,2,6.944444e-03,
CDH1->-YES1,2,1,2.000000,2,2.038177e-01,
CDH1->-KMT2C CDH1->-STAT5B KMT2C->-STAT5B,3,3,2.000000,2,1.979566e-02,
CDH1->-SLX4,2,1,2.000000,2,2.500000e-01,
CDH1->-FGF19,2,1,2.000000,2,2.500000e-01,
RASA1->-KMT2A,2,1,2.000000,2,1.818182e-01,
KDM6A->-RECQL4,2,1,2.000000,2,2.189542e-01,
KDM6A->-KMT2A,2,1,2.000000,2,5.000000e-01,
FAT1->-ARID2 TP53->-ARID2 TP53->-FAT1,3,3,2.000000,2,6.944444e-03,
PIK3CA->-GNAS,2,1,2.000000,2,2.500000e-01,
SF3B1->-KMT2C,2,1,2.000000,2,5.000000e-01,
CBL->-JAK3,2,1,2.000000,2,2.189542e-01,
PIK3CA->-POLE PIK3CA->-RB1 RB1->-POLE,3,3,2.000000,2,7.407407e-02,
PIK3CA->-ERG PIK3CA->-TP53 TP53->-ERG,3,3,2.000000,2,2.777778e-02,
TP53->-CBL,2,1,2.000000,2,2.500000e-01,
CDH1->-PIK3CA CDH1->-SMARCD1 PIK3CA->-SMARCD1,3,3,2.000000,2,6.944444e-03,
PIK3R1->-RUNX1,2,1,2.000000,2,2.500000e-01,
ARID1B->-PIK3R1,2,1,2.000000,2,5.000000e-01,
ARID1B->-RUNX1,2,1,2.000000,2,2.500000e-01,
NCOR1->-ARID1A,2,1,2.000000,2,8.125000e-01,
NCOR1->-JAK1,2,1,2.000000,2,1.346154e-01,
CDH1->-JAK1,2,1,2.000000,2,5.000000e-01,
JAK1->-BRCA2,2,1,2.000000,2,2.500000e-01,
TP53->-NEGR1,2,1,2.000000,2,2.013889e-01,
ESR1->-PTPRD TP53->-ESR1 TP53->-PTPRD,3,3,2.000000,2,1.388889e-02,
BRCA2->-PTPRD,2,1,2.000000,2,2.500000e-01,
CTCF->-ESR1,2,1,2.000000,2,2.500000e-01,
RAD54L->-NCOR1,2,1,2.000000,2,2.500000e-01,
BRCA2->-BAP1,2,1,2.000000,2,1.772727e-01,
GATA3-/-PTEN,2,1,2.000000,2,3.086420e-01,
KMT2D->-GATA3,2,1,2.000000,2,6.792279e-01,
ATRX->-FLT4,2,1,2.000000,2,4.458333e-01,
RB1->-FLT4,2,1,2.000000,2,4.458333e-01,
ATRX->-KMT2D,2,1,2.000000,2,4.513889e-01,
RB1->-TSHR,2,1,2.000000,2,2.500000e-01,
RB1->-KMT2D,2,1,2.000000,2,6.696429e-01,
CTCF->-GPS2,2,1,2.000000,2,1.750000e-01,
PTCH1->-GATA3,2,1,2.000000,2,2.162115e-01,
TP53->-SRSF2,2,1,2.000000,2,3.385965e-01,
TP53->-SMARCB1,2,1,2.000000,2,3.523810e-01,
TP53->-ERRFI1,2,1,2.000000,2,9.000000e-02,
PIK3CA->-PIK3CD,2,1,2.000000,2,1.884615e-01,
AKT1-/-MTOR,2,1,2.000000,2,2.000000e-01,
ARID1A->-DDR2,2,1,2.000000,2,3.247449e-01,
YES1->-KIT,2,1,2.000000,2,1.610160e-01,
KIT->-PIK3C2G,2,1,2.000000,2,1.975000e-01,
KIT->-RIT1,2,1,2.000000,2,1.975000e-01,
FLT3->-PIK3C2G,2,1,2.000000,2,3.522619e-01,
FLT3->-RIT1,2,1,2.000000,2,1.975000e-01,
TGFBR2->-GRIN2A,2,1,2.000000,2,1.185000e-01,
IRS2->-TET2,2,1,2.000000,2,1.113182e-01,
NSD1->-MDM2,2,1,2.000000,2,1.975000e-01,
AKT1->-PIK3C2G,2,1,2.000000,2,1.645833e-01,
AKT1->-AXIN1,2,1,2.000000,2,1.975000e-01,
BCOR->-PIK3C2G,2,1,2.000000,2,1.975000e-01,
NOTCH2->-TET1,2,1,2.000000,2,1.975000e-01,
BCOR->-KMT2A,2,1,2.000000,2,3.793182e-01,
FLT3->-KMT2A,2,1,2.000000,2,1.975000e-01,
BCOR->-GRIN2A,2,1,2.000000,2,3.793182e-01,
KMT2A->-RIT1,2,1,2.000000,2,1.488846e-01,
SMARCA4->-TET1,2,1,2.000000,2,1.975000e-01,
AXIN1->-SMARCA4,2,1,2.000000,2,1.975000e-01,
TET1->-KMT2A,2,1,2.000000,2,1.975000e-01,
GRIN2A->-KMT2A,2,1,2.000000,2,3.793182e-01,
PIK3CA->-PAX5,2,1,2.000000,2,1.666667e-01,
PTEN->-TGFBR2,2,1,2.000000,2,1.884615e-01,
MAP3K1->-SETD2,2,1,2.000000,2,1.884615e-01,
CDK12-/-PIK3CA,2,1,2.000000,2,2.737673e-01,
FOXA1->-KMT2C FOXA1->-PLK2 PLK2->-KMT2C,3,3,2.000000,2,1.666667e-02,
PIK3CA->-KMT2C PIK3CA->-PLK2 PLK2->-KMT2C,3,3,2.000000,2,4.438059e-02,
FYN->-PLK2,2,1,2.000000,2,1.536472e-01,
MGA->-HNF1A MGA->-PTCH1 PIK3CA->-HNF1A PIK3CA->-MGA PIK3CA->-PTCH1 PTCH1->-HNF1A,4,6,2.000000,2,8.512170e-04,
PTCH1->-KMT2C,2,1,2.000000,2,8.306780e-01,
PTCH1->-FGFR4,2,1,2.000000,2,1.884615e-01,
BRD4->-FGFR4,2,1,2.000000,2,1.884615e-01,
FOXA1->-MED12,2,1,2.000000,2,1.758974e-01,
FOXA1->-FGFR4,2,1,2.000000,2,1.884615e-01,
ATM->-DNMT1 PIK3CA->-ATM PIK3CA->-DNMT1,3,3,2.000000,2,1.666667e-02,
MAP3K1->-DNMT1,2,1,2.000000,2,1.884615e-01,
DNMT1->-KMT2C,2,1,2.000000,2,1.884615e-01,
DNMT1-/-NBN,2,1,2.000000,2,9.377289e-02,
JAK3->-RIT1 PIK3CA->-JAK3 PIK3CA->-RIT1,3,3,2.000000,2,1.666667e-02,
PTEN->-RIT1,2,1,2.000000,2,1.884615e-01,
ATM->-FGFR4 PIK3CA->-ATM PIK3CA->-FGFR4,3,3,2.000000,2,1.666667e-02,
MGA->-FGFR4 PIK3CA->-FGFR4 PIK3CA->-MGA,3,3,2.000000,2,1.666667e-02,
ATM->-KMT2A,2,1,2.000000,2,3.634615e-01,
MAP3K1->-KMT2A MAP3K1->-MGA MGA->-KMT2A,3,3,2.000000,2,9.523810e-03,
MAP3K1->-PIK3CD PTEN->-MAP3K1 PTEN->-PIK3CD,3,3,2.000000,2,1.666667e-02,
MAP3K1->-DICER1 PTEN->-DICER1 PTEN->-MAP3K1,3,3,2.000000,2,1.666667e-02,
MAP3K1->-JAK3,2,1,2.000000,2,1.884615e-01,
MAP3K1->-NBN,2,1,2.000000,2,1.884615e-01,
KMT2A->-FGFR4 KMT2A->-MED12 MED12->-FGFR4,3,3,2.000000,2,1.666667e-02,
RHOA->-TP53,2,1,2.000000,2,7.470779e-01,
EPHB1->-MAP3K1,2,1,2.000000,2,8.125000e-01,
PIK3CA->-PTEN PIK3CA->-PTPRT PTEN->-PTPRT,3,3,2.000000,2,7.407407e-02,
TP53->-FGFR1,2,1,2.000000,2,4.166667e-01,
KMT2D->-MDC1 TP53->-KMT2D TP53->-MDC1,3,3,2.000000,2,2.182540e-02,
PTEN->-KMT2D TP53->-KMT2D TP53->-PTEN,3,3,2.000000,2,7.407407e-02,
ATR->-ALK TP53->-ALK TP53->-ATR,3,3,2.000000,2,2.777778e-02,
NCOR1->-ALK,2,1,2.000000,2,2.500000e-01,
KMT2D-/-PRKAR1A,2,1,2.000000,2,1.142857e-01,
ANKRD11->-KMT2D,2,1,2.000000,2,5.937500e-01,
ANKRD11->-PLK2,2,1,2.000000,2,2.038177e-01,
ATM->-TBX3,2,1,2.000000,2,3.863636e-01,
GATA3->-KDM5A,2,1,2.000000,2,5.000000e-01,
TP53->-YAP1,2,1,2.000000,2,5.000000e-01,
CDH1->-FOXA1 CDH1->-NCOR1 FOXA1->-NCOR1,3,3,2.000000,2,2.777778e-02,
MAP2K4->-SMAD4,2,1,2.000000,2,1.750000e-01,
BRIP1->-ESR1,2,1,2.000000,2,5.000000e-01,
CDKN2A->-CARD11,2,1,2.000000,2,2.500000e-01,
CARD11->-TP53,2,1,2.000000,2,9.914215e-01,
PIK3CA->-BRIP1 PIK3CA->-RUNX1 RUNX1->-BRIP1,3,3,2.000000,2,1.944444e-02,
PIK3CA->-JUN,2,1,2.000000,2,4.750000e-01,
NOTCH2-/-PIK3CA,2,1,2.000000,2,1.000000e-01,
EPHA5-/-NOTCH1 TP53->-EPHA5 TP53->-NOTCH1,3,3,2.000000,2,3.547619e-02,
TP53->-SH2D1A,2,1,2.000000,2,7.500000e-02,
PIK3CA->-SOX9,2,1,2.000000,2,6.250000e-01,
CDH1->-SOX9,2,1,2.000000,2,5.000000e-01,
BRCA2->-STK11,2,1,2.000000,2,2.500000e-01,
ESR1->-GNAS,2,1,2.000000,2,2.500000e-01,
PIK3CA->-SYK,2,1,2.000000,2,2.500000e-01,
PIK3C2G->-PTPRT TP53->-PIK3C2G TP53->-PTPRT,3,3,2.000000,2,2.777778e-02,
PIK3CA->-REL,2,1,2.000000,2,2.083333e-01,
MAP3K1->-REL TP53->-MAP3K1 TP53->-REL,3,3,2.000000,2,2.777778e-02,
CDH1->-DNMT3A CDH1->-KDR DNMT3A->-KDR,3,3,2.000000,2,2.777778e-02,
MAP3K1->-DNMT3A,2,1,2.000000,2,2.500000e-01,
MAP3K1->-SPOP,2,1,2.000000,2,6.875000e-01,
RB1->-PTPRT TP53->-PTPRT TP53->-RB1,3,3,2.000000,2,7.407407e-02,
BCL6->-NOTCH1 CDH1->-BCL6 CDH1->-NOTCH1,3,3,2.000000,2,2.777778e-02,
PIK3CA->-BCL6,2,1,2.000000,2,5.000000e-01,
TP53->-BCL6,2,1,2.000000,2,3.909091e-01,
RB1->-NOTCH1 TP53->-NOTCH1 TP53->-RB1,3,3,2.000000,2,2.777778e-02,
MAP3K1->-RB1 TP53->-MAP3K1 TP53->-RB1,3,3,2.000000,2,2.776525e-02,
ATM->-CDH1 ATM->-PIK3CA CDH1->-PIK3CA,3,3,2.000000,2,1.319444e-01,
ATM->-NOTCH1,2,1,2.000000,2,7.386364e-01,
CDH1->-SF3B1,2,1,2.000000,2,6.125000e-01,
MAP3K1->-NOTCH1 MAP3K1->-PIK3CA PIK3CA->-NOTCH1,3,3,2.000000,2,1.319444e-01,
ATM->-NOTCH4 TP53->-ATM TP53->-NOTCH4,3,3,2.000000,2,2.777778e-02,
ATM->-PIK3CA ATM->-SF3B1 PIK3CA->-SF3B1,3,3,2.000000,2,2.777778e-02,
MAP3K1->-SF3B1,2,1,2.000000,2,4.166667e-01,
KMT2C->-MDM2,2,1,2.000000,2,2.142857e-01,
SMAD4->-KMT2C,2,1,2.000000,2,5.000000e-01,
SMAD4->-MAP3K1,2,1,2.000000,2,2.500000e-01,
PALB2->-KDM5C,2,1,2.000000,2,2.424242e-01,
DOT1L->-PDGFRA,2,1,2.000000,2,2.424242e-01,
SOX9->-PDGFRA,2,1,2.000000,2,2.424242e-01,
APC->-RB1 TP53->-APC TP53->-RB1,3,3,2.000000,2,7.407407e-02,
APC->-EPHB1 APC->-KMT2D KMT2D->-EPHB1 TP53->-APC TP53->-EPHB1 TP53->-KMT2D,4,6,2.000000,2,1.736111e-03,
APC->-KEAP1,2,1,2.000000,2,1.750000e-01,
TP53->-TNFAIP3,2,1,2.000000,2,2.500000e-01,
TP53->-KEAP1,2,1,2.000000,2,2.053571e-01,
EPCAM->-ARID1B,2,1,2.000000,2,2.500000e-01,
CIC->-RUNX1,2,1,2.000000,2,2.500000e-01,
ARID1B->-PDGFRA,2,1,2.000000,2,2.500000e-01,
PTEN->-PDGFRA,2,1,2.000000,2,2.500000e-01,
JAK1->-ZFHX3,2,1,2.000000,2,1.818182e-01,
PIK3CA->-IRF4,2,1,2.000000,2,2.053571e-01,
ARID1A->-ANKRD11,2,1,2.000000,2,5.174603e-01,
AKT1->-CIC,2,1,2.000000,2,2.013889e-01,
POLE->-ATRX TP53->-ATRX TP53->-POLE,3,3,2.000000,2,2.777778e-02,
POLE->-SMARCA4 TP53->-POLE TP53->-SMARCA4,3,3,2.000000,2,2.777778e-02,
NCOR1->-ATRX,2,1,2.000000,2,2.500000e-01,
NCOR1->-POLE TP53->-NCOR1 TP53->-POLE,3,3,2.000000,2,1.587302e-02,
NCOR1->-SMARCA4,2,1,2.000000,2,2.500000e-01,
NOTCH1->-GATA3,2,1,2.000000,2,3.787879e-01,
NOTCH1->-CDH1,2,1,2.000000,2,7.791667e-01,
ANKRD11->-ERBB2,2,1,2.000000,2,1.902299e-01,
CDH1->-IL7R,2,1,2.000000,2,2.333333e-01,
AKT1->-NCOR1,2,1,2.000000,2,2.013889e-01,
ALOX12B->-TSC2,2,1,2.000000,2,1.071429e-01,
LATS2-/-TP53,2,1,2.000000,2,4.000000e-01,
GPS2->-ESR1,2,1,2.000000,2,1.833333e-01,
GPS2->-TP53,2,1,2.000000,2,4.166667e-01,
TP53->-NFE2L2,2,1,2.000000,2,2.053571e-01,
IKZF1-/-RET,2,1,2.000000,2,5.952381e-02,
BRCA1->-DNMT1,2,1,2.000000,2,1.547619e-01,
NOTCH3->-CDH1,2,1,2.000000,2,6.875000e-01,
NOTCH3->-PIK3CA,2,1,2.000000,2,9.027778e-01,
MSH6->-TERT PIK3CA->-MSH6 PIK3CA->-TERT,3,3,2.000000,2,2.777778e-02,
ANKRD11->-TBX3,2,1,2.000000,2,8.125000e-01,
CDH1->-TERT,2,1,2.000000,2,2.500000e-01,
YAP1->-PIK3CA,2,1,2.000000,2,5.000000e-01,
ANKRD11->-PIK3CA,2,1,2.000000,2,9.687789e-01,
MAP2K4->-NOTCH2,2,1,2.000000,2,2.500000e-01,
MAP2K4->-MED12,2,1,2.000000,2,4.880952e-01,
TP53->-SMAD3,2,1,2.000000,2,2.500000e-01,
MAP2K4->-KMT2C,2,1,2.000000,2,5.000000e-01,
JAK1->-EIF4A2,2,1,2.000000,2,1.168639e-01,
CDK12-/-PTPRS,2,1,2.000000,2,2.153846e-01,
NCOR1->-SOX2 PIK3CA->-NCOR1 PIK3CA->-SOX2,3,3,2.000000,2,6.944444e-03,
MAP3K1->-ARAF PIK3CA->-ARAF PIK3CA->-MAP3K1,3,3,2.000000,2,4.084967e-03,
ESR1->-EPHA5,2,1,2.000000,2,1.666667e-01,
PIK3CA->-BCL2L11,2,1,2.000000,2,1.666667e-01,
PDGFRB->-PIK3CA,2,1,2.000000,2,5.738304e-01,
FOXA1->-CDK8,2,1,2.000000,2,1.666667e-01,
JAK3->-GATA3 MAP2K4->-GATA3 MAP2K4->-JAK3,3,3,2.000000,2,2.777778e-02,
MEN1->-MAP2K4,2,1,2.000000,2,5.000000e-01,
MEN1->-NCOR1,2,1,2.000000,2,2.500000e-01,
CDH1->-NOTCH3,2,1,2.000000,2,6.875000e-01,
PIK3CA->-MYD88,2,1,2.000000,2,5.000000e-01,
TP53->-RAD51,2,1,2.000000,2,2.500000e-01,
TBX3->-EPHA5,2,1,2.000000,2,2.500000e-01,
TBX3->-CBFB,2,1,2.000000,2,6.875000e-01,
RET->-BCOR,2,1,2.000000,2,1.833333e-01,
IDH1->-GATA3,2,1,2.000000,2,1.750000e-01,
MAP3K1->-EPCAM,2,1,2.000000,2,4.458333e-01,
CDH1->-CREBBP CDH1->-KIT KIT->-CREBBP,3,3,2.000000,2,1.979566e-02,
CDH1->-CREBBP CDH1->-RAD50 RAD50->-CREBBP,3,3,2.000000,2,1.979566e-02,
MAP3K13->-CREBBP,2,1,2.000000,2,2.038177e-01,
ERBB2->-RICTOR,2,1,2.000000,2,4.371511e-01,
CDH1->-ERBB2 CDH1->-RFWD2 ERBB2->-RFWD2,3,3,2.000000,2,1.979566e-02,
PIK3CA->-CREBBP PIK3CA->-RICTOR RICTOR->-CREBBP,3,3,2.000000,2,9.190841e-03,
RICTOR->-CREBBP TP53->-CREBBP TP53->-RICTOR,3,3,2.000000,2,9.190841e-03,
TP53->-PARP1 TP53->-YES1 YES1->-PARP1,3,3,2.000000,2,1.979566e-02,
PIK3CA->-PARP1 PIK3CA->-YES1 YES1->-PARP1,3,3,2.000000,2,1.979566e-02,
CDH1->-MLH1 TP53->-CDH1 TP53->-MLH1,3,3,2.000000,2,1.583653e-02,
MLH1->-PIK3CA,2,1,2.000000,2,4.538177e-01,
PIK3CA-/-PLK2,2,1,2.000000,2,1.361223e-01,
PIK3CA->-FUBP1,2,1,2.000000,2,3.704844e-01,
PIK3CA->-PPP6C,2,1,2.000000,2,1.785070e-01,
MAP3K13->-PIK3CA,2,1,2.000000,2,6.528633e-01,
TP53->-FUBP1,2,1,2.000000,2,4.538177e-01,
TP53->-PPP6C,2,1,2.000000,2,1.455841e-01,
ATR-/-TP53,2,1,2.000000,2,6.215193e-01,
ANKRD11->-PTPRD,2,1,2.000000,2,2.038177e-01,
CREBBP->-PARP1,2,1,2.000000,2,2.038177e-01,
STAG2->-PARP1,2,1,2.000000,2,2.038177e-01,
ANKRD11->-STAG2,2,1,2.000000,2,2.038177e-01,
MAP3K13->-MEN1,2,1,2.000000,2,2.038177e-01,
ASXL2->-KDM5C,2,1,2.000000,2,1.505952e-01,
CDH1->-NOTCH1 CDH1->-PTEN PTEN->-NOTCH1,3,3,2.000000,2,1.111111e-02,
JAK1->-SETD2,2,1,2.000000,2,2.500000e-01,
JAK1->-CREBBP,2,1,2.000000,2,2.500000e-01,
JAK1->-APC,2,1,2.000000,2,2.170330e-01,
JAK1->-ARID2,2,1,2.000000,2,2.500000e-01,
ASXL1->-CREBBP,2,1,2.000000,2,5.000000e-01,
ASXL1->-ABL1,2,1,2.000000,2,2.500000e-01,
ASXL1->-PIK3CA PIK3R3->-ASXL1 PIK3R3->-PIK3CA,3,3,2.000000,2,2.777778e-02,
LATS2->-ASXL1,2,1,2.000000,2,2.500000e-01,
CD274->-ABL1,2,1,2.000000,2,2.500000e-01,
APC->-SETD2,2,1,2.000000,2,2.500000e-01,
CDH1->-SETD2 CDH1->-STK11 SETD2->-STK11,3,3,2.000000,2,7.407407e-02,
CDH1->-MED12 CDH1->-SDHC MED12->-SDHC,3,3,2.000000,2,2.777778e-02,
APC->-PIK3C2G APC->-SDHC CDH1->-APC CDH1->-PIK3C2G CDH1->-SDHC PIK3C2G->-SDHC,4,6,2.000000,2,1.736111e-03,
APC->-RAD50 APC->-SDHC CDH1->-APC CDH1->-RAD50 CDH1->-SDHC RAD50->-SDHC,4,6,2.000000,2,1.736111e-03,
CDH1->-ERCC3,2,1,2.000000,2,5.000000e-01,
APC->-BLM APC->-ERCC4 BLM->-ERCC4 CDH1->-APC CDH1->-BLM CDH1->-ERCC4,4,6,2.000000,2,1.736111e-03,
CDH1->-JAK2 CDH1->-PIK3CA JAK2->-PIK3CA,3,3,2.000000,2,8.854167e-02,
JAK2->-PIK3CA LATS2->-JAK2 LATS2->-PIK3CA,3,3,2.000000,2,2.777778e-02,
JAK2->-BLM JAK2->-MAP3K13 MAP3K13->-BLM,3,3,2.000000,2,1.190476e-02,
FLT3->-PIK3CA,2,1,2.000000,2,7.875000e-01,
CDH1->-PIK3CA CDH1->-SMARCB1 SMARCB1->-PIK3CA,3,3,2.000000,2,2.777778e-02,
RAD50->-PIK3CA,2,1,2.000000,2,9.515705e-01,
ERCC3->-PIK3CA,2,1,2.000000,2,5.000000e-01,
PIK3CA->-SUZ12,2,1,2.000000,2,6.642157e-01,
CDKN1A->-PIK3CA,2,1,2.000000,2,7.777778e-01,
PIK3C2G->-ERCC4,2,1,2.000000,2,2.500000e-01,
CDH1->-CREBBP CDH1->-IKZF1 IKZF1->-CREBBP,3,3,2.000000,2,2.777778e-02,
CDKN1A->-CREBBP,2,1,2.000000,2,1.805556e-01,
ARID1A->-ERCC4 ARID1A->-IKZF1 IKZF1->-ERCC4,3,3,2.000000,2,2.777778e-02,
SMARCB1->-FLT3,2,1,2.000000,2,2.000000e-01,
ARID1A->-ARID2 ARID1A->-FLT3 ARID2->-FLT3,3,3,2.000000,2,2.777778e-02,
BLM->-STK11,2,1,2.000000,2,2.389706e-01,
PIK3R3->-BLM,2,1,2.000000,2,2.500000e-01,
ARID1A->-TOP1,2,1,2.000000,2,1.454545e-01,
ARID1A->-PIK3R3,2,1,2.000000,2,2.500000e-01,
TP53->-CTNNB1,2,1,2.000000,2,1.250000e-01,
ZFHX3->-TBX3,2,1,2.000000,2,8.125000e-01,
PTEN->-BARD1 TP53->-BARD1 TP53->-PTEN,3,3,2.000000,2,1.805556e-02,
PTEN->-ERBB3,2,1,2.000000,2,2.500000e-01,
ZFHX3->-KMT2D,2,1,2.000000,2,2.500000e-01,
KMT2D->-ERBB3 TP53->-ERBB3 TP53->-KMT2D,3,3,2.000000,2,2.777778e-02,
BARD1->-ERBB3 TP53->-BARD1 TP53->-ERBB3,3,3,2.000000,2,7.440476e-03,
PIK3R1->-POLE,2,1,2.000000,2,2.013889e-01,
KLF4->-NCOR1,2,1,2.000000,2,2.013889e-01,
KLF4->-MED12,2,1,2.000000,2,2.013889e-01,
TP53->-SUFU,2,1,2.000000,2,1.135101e-01,
NOTCH3->-FAT1,2,1,2.000000,2,2.500000e-01,
ESR1->-IRF4,2,1,2.000000,2,2.261905e-01,
NCOR1->-KMT2C,2,1,2.000000,2,9.524148e-01,
RUNX1->-KMT2C,2,1,2.000000,2,6.875000e-01,
RUNX1->-CDKN2A,2,1,2.000000,2,2.500000e-01,
CDH1->-MCL1,2,1,2.000000,2,2.500000e-01,
KMT2C->-TP63,2,1,2.000000,2,4.642857e-01,
KMT2C->-KMT2A KMT2C->-TSC2 TSC2->-KMT2A,3,3,2.000000,2,1.884921e-02,
TP53->-MDM2,2,1,2.000000,2,2.142857e-01,
KMT2C->-MED12 KMT2C->-TSC2 TSC2->-MED12,3,3,2.000000,2,1.884921e-02,
MED12->-KMT2D TP53->-KMT2D TP53->-MED12,3,3,2.000000,2,1.884921e-02,
TSC2->-KMT2D,2,1,2.000000,2,4.198413e-01,
CIC->-SF3B1 PIK3CA->-CIC PIK3CA->-SF3B1,3,3,2.000000,2,2.777778e-02,
SETD2->-PTCH1 TP53->-PTCH1 TP53->-SETD2,3,3,2.000000,2,2.777778e-02,
PIK3CA->-PTCH1 PIK3CA->-SETD2 SETD2->-PTCH1,3,3,2.000000,2,5.555556e-02,
PIK3CA->-MGA PIK3CA->-SETD2 SETD2->-MGA,3,3,2.000000,2,1.087963e-01,
SETD2->-MGA TP53->-MGA TP53->-SETD2,3,3,2.000000,2,2.777778e-02,
PIK3CG->-SETD2,2,1,2.000000,2,3.670330e-01,
PIK3CG->-TET2,2,1,2.000000,2,1.785714e-01,
KMT2A->-SETD2,2,1,2.000000,2,4.384615e-01,
FAT1->-MSH6 PIK3CA->-FAT1 PIK3CA->-MSH6,3,3,2.000000,2,2.777778e-02,
FAT1->-FLT4 PIK3CA->-FAT1 PIK3CA->-FLT4,3,3,2.000000,2,2.777778e-02,
FAT1->-NF1 PIK3CA->-FAT1 PIK3CA->-NF1,3,3,2.000000,2,7.407407e-02,
RB1->-PIK3CG,2,1,2.000000,2,2.321429e-01,
NCOR1->-PTCH1 PIK3CA->-NCOR1 PIK3CA->-PTCH1,3,3,2.000000,2,2.777778e-02,
STAT3->-NF1,2,1,2.000000,2,2.500000e-01,
RUNX1->-MSH6 TP53->-MSH6 TP53->-RUNX1,3,3,2.000000,2,2.777778e-02,
PIK3CA->-MSH6 PIK3CA->-RUNX1 RUNX1->-MSH6,3,3,2.000000,2,2.777778e-02,
RUNX1->-MGA TP53->-MGA TP53->-RUNX1,3,3,2.000000,2,2.777778e-02,
PIK3CA->-MGA PIK3CA->-RUNX1 RUNX1->-MGA,3,3,2.000000,2,7.407407e-02,
PIK3CA->-CARD11 PIK3CA->-RUNX1 RUNX1->-CARD11,3,3,2.000000,2,2.777778e-02,
RUNX1->-CARD11 TP53->-CARD11 TP53->-RUNX1,3,3,2.000000,2,2.777778e-02,
MSH6->-KMT2A,2,1,2.000000,2,2.500000e-01,
MGA->-FLT4,2,1,2.000000,2,5.000000e-01,
NCOR1->-NF1,2,1,2.000000,2,7.946429e-01,
TP53->-TCF3,2,1,2.000000,2,1.772727e-01,
TET1->-NF1,2,1,2.000000,2,1.964286e-01,
TP53->-IKBKE,2,1,2.000000,2,2.500000e-01,
BARD1->-AKT1 TP53->-AKT1 TP53->-BARD1,3,3,2.000000,2,1.805556e-02,
ATR->-RUNX1 PIK3CA->-ATR PIK3CA->-RUNX1,3,3,2.000000,2,7.407407e-02,
NCOR1->-BRIP1,2,1,2.000000,2,2.023810e-01,
BARD1->-PIK3CA,2,1,2.000000,2,7.663611e-01,
STK11->-MAP2K2,2,1,2.000000,2,1.991422e-01,
TP53->-ALOX12B,2,1,2.000000,2,3.571429e-01,
MAP3K1->-RAD21,2,1,2.000000,2,1.904762e-01,
APC->-XPO1,2,1,2.000000,2,1.750000e-01,
MAP2K4->-XPO1,2,1,2.000000,2,1.750000e-01,
GATA3->-NOTCH3,2,1,2.000000,2,2.000000e-01,
MEN1->-NOTCH3,2,1,2.000000,2,2.500000e-01,
TRAF7->-GATA3,2,1,2.000000,2,2.500000e-01,
APC->-NF1 CDH1->-APC CDH1->-NF1,3,3,2.000000,2,7.407407e-02,
CDH1->-ATM CDH1->-PIK3CA PIK3CA->-ATM,3,3,2.000000,2,1.319444e-01,
ZFHX3->-NF1,2,1,2.000000,2,5.000000e-01,
ZFHX3->-ATM,2,1,2.000000,2,4.333333e-01,
CDH1->-SPOP,2,1,2.000000,2,5.000000e-01,
PIK3CA->-PNRC1,2,1,2.000000,2,2.500000e-01,
RB1->-ESR1,2,1,2.000000,2,2.000000e-01,
TET1->-ESR1,2,1,2.000000,2,6.875000e-01,
CDH1->-PALB2,2,1,2.000000,2,5.000000e-01,
CDH1->-NFE2L2,2,1,2.000000,2,2.500000e-01,
PIK3CA->-NFE2L2,2,1,2.000000,2,1.696429e-01,
ARID1A->-NOTCH3,2,1,2.000000,2,2.000000e-01,
ROS1->-NF2,2,1,2.000000,2,1.696429e-01,
ROS1->-SPEN,2,1,2.000000,2,1.696429e-01,
KMT2A->-SPEN,2,1,2.000000,2,3.482143e-01,
TP53->-MRE11A,2,1,2.000000,2,1.666667e-01,
PIK3CA->-MDM2,2,1,2.000000,2,2.500000e-01,
ESR1->-NFE2L2,2,1,2.000000,2,2.500000e-01,
ARID1A->-RUNX1 PTEN->-ARID1A PTEN->-RUNX1,3,3,2.000000,2,2.777778e-02,
ESR1->-FUBP1,2,1,2.000000,2,1.666667e-01,
RHOA->-GRIN2A,2,1,2.000000,2,2.500000e-01,
SMAD4->-KDM5C,2,1,2.000000,2,5.000000e-01,
SMAD4->-PIK3CA,2,1,2.000000,2,9.566406e-01,
ARID1A->-GRIN2A ARID1A->-IKZF1 IKZF1->-GRIN2A,3,3,2.000000,2,6.944444e-03,
GRIN2A->-PIK3CA,2,1,2.000000,2,9.218750e-01,
NOTCH3->-BRCA2,2,1,2.000000,2,2.500000e-01,
TBX3->-PTPRD,2,1,2.000000,2,2.500000e-01,
SOX9->-TBX3,2,1,2.000000,2,5.000000e-01,
PIK3CA->-HGF,2,1,2.000000,2,3.944444e-01,
ATM->-HGF,2,1,2.000000,2,2.500000e-01,
SMAD4->-FAT1,2,1,2.000000,2,2.500000e-01,
NF1->-MAP2K4,2,1,2.000000,2,6.214286e-01,
ATR->-PIK3CA,2,1,2.000000,2,9.995785e-01,
KMT2C->-PPP2R1A,2,1,2.000000,2,2.500000e-01,
PPP2R1A->-PIK3CA,2,1,2.000000,2,8.282500e-01,
SPEN->-DNMT3A,2,1,2.000000,2,5.000000e-01,
FOXP1->-ESR1,2,1,2.000000,2,3.833333e-01,
ESR1->-HIST1H3B,2,1,2.000000,2,1.333333e-01,
RB1->-PIK3R1,2,1,2.000000,2,2.000000e-01,
SPEN->-PIK3R1,2,1,2.000000,2,5.000000e-01,
TP53->-FGF3,2,1,2.000000,2,1.666667e-01,
STAG2->-AXL,2,1,2.000000,2,2.500000e-01,
CDK8->-KRAS,2,1,2.000000,2,2.500000e-01,
PIK3CA->-RPS6KA4,2,1,2.000000,2,4.017857e-01,
PIK3CA->-RARA,2,1,2.000000,2,1.517857e-01,
NSD1->-RAD50,2,1,2.000000,2,2.083333e-01,
PTEN->-PIK3C2G,2,1,2.000000,2,2.500000e-01,
STAG2->-PTEN STAG2->-TP53 TP53->-PTEN,3,3,2.000000,2,7.407407e-02,
MTOR->-NCOR1 NF1->-MTOR NF1->-NCOR1,3,3,2.000000,2,1.825397e-02,
SPEN->-NCOR1,2,1,2.000000,2,4.642857e-01,
NOTCH1->-NCOR1,2,1,2.000000,2,2.142857e-01,
GATA3->-DOT1L,2,1,2.000000,2,2.333333e-01,
FOXA1->-DOT1L,2,1,2.000000,2,6.019841e-01,
FGFR4->-AKT1,2,1,2.000000,2,1.250000e-01,
AKT1->-XPO1 CDH1->-AKT1 CDH1->-XPO1,3,3,2.000000,2,2.777778e-02,
CDH1->-BTK,2,1,2.000000,2,2.500000e-01,
NOTCH3->-PIK3R1,2,1,2.000000,2,2.500000e-01,
KMT2C->-NOTCH3 KMT2C->-XPO1 NOTCH3->-XPO1,3,3,2.000000,2,2.777778e-02,
SPEN->-XPO1,2,1,2.000000,2,2.500000e-01,
KMT2C->-PIK3R1,2,1,2.000000,2,7.875000e-01,
CDH1->-PIK3R1,2,1,2.000000,2,5.000000e-01,
PIK3R1->-AR,2,1,2.000000,2,2.500000e-01,
FAT1->-AR,2,1,2.000000,2,2.500000e-01,
SPEN->-FAT1,2,1,2.000000,2,8.571429e-01,
BRCA2->-FAT1,2,1,2.000000,2,4.272727e-01,
CDH1->-FAT1 MTOR->-CDH1 MTOR->-FAT1,3,3,2.000000,2,2.777778e-02,
MTOR->-AR,2,1,2.000000,2,3.750000e-01,
BRCA2->-SPEN,2,1,2.000000,2,5.000000e-01,
BRCA2->-MTOR BRCA2->-XPO1 MTOR->-XPO1,3,3,2.000000,2,2.777778e-02,
RUNX1->-INSR,2,1,2.000000,2,2.500000e-01,
ATR->-KMT2D PIK3CA->-ATR PIK3CA->-KMT2D,3,3,2.000000,2,7.407407e-02,
CARD11->-KMT2D PIK3CA->-CARD11 PIK3CA->-KMT2D,3,3,2.000000,2,5.324074e-02,
ARID2->-KMT2D ERCC5->-ARID2 ERCC5->-KMT2D PIK3CA->-ARID2 PIK3CA->-ERCC5 PIK3CA->-KMT2D,4,6,2.000000,2,1.736111e-03,
ARID2->-KMT2D ERCC5->-ARID2 ERCC5->-KMT2D TP53->-ARID2 TP53->-ERCC5 TP53->-KMT2D,4,6,2.000000,2,1.736111e-03,
NOTCH4->-KMT2D TP53->-KMT2D TP53->-NOTCH4,3,3,2.000000,2,4.672425e-02,
ATR->-ARID2 PIK3CA->-ARID2 PIK3CA->-ATR PIK3CA->-PTPRS PTPRS->-ARID2 PTPRS->-ATR,4,6,2.000000,2,1.736111e-03,
FGFR4->-MSH6 TP53->-FGFR4 TP53->-MSH6,3,3,2.000000,2,7.239057e-03,
PIK3CA->-PARP1 PIK3CA->-RUNX1 RUNX1->-PARP1,3,3,2.000000,2,2.777778e-02,
NUP93->-PARP1 PIK3CA->-NUP93 PIK3CA->-PARP1,3,3,2.000000,2,2.777778e-02,
APC->-RUNX1,2,1,2.000000,2,2.500000e-01,
APC->-PARP1,2,1,2.000000,2,4.250000e-01,
PTPRS->-PARP1,2,1,2.000000,2,2.500000e-01,
APC->-PTPRS,2,1,2.000000,2,3.954545e-01,
TP53->-HLA-A,2,1,2.000000,2,2.500000e-01,
TP53->-NUP93,2,1,2.000000,2,5.000000e-01,
TP53->-RPS6KB2,2,1,2.000000,2,2.500000e-01,
CDH1->-PIK3CA FLCN->-CDH1 FLCN->-PIK3CA,3,3,2.000000,2,2.777778e-02,
KMT2D->-NCOR1 SMAD2->-KMT2D SMAD2->-NCOR1,3,3,2.000000,2,2.777778e-02,
ERCC4->-NCOR1,2,1,2.000000,2,3.846154e-01,
RAD51->-KMT2D,2,1,2.000000,2,1.750000e-01,
KMT2D->-FGFR2 TP53->-FGFR2 TP53->-KMT2D,3,3,2.000000,2,2.777778e-02,
PTPRT->-FGFR2 TP53->-FGFR2 TP53->-PTPRT,3,3,2.000000,2,2.777778e-02,
PIK3C2G->-KMT2C,2,1,2.000000,2,5.000000e-01,
BRCA1->-CREBBP BRCA1->-KMT2C CREBBP->-KMT2C,3,3,2.000000,2,2.777778e-02,
FOXP1->-PTPRT,2,1,2.000000,2,5.000000e-01,
CREBBP->-KMT2C CREBBP->-NCOR1 KMT2C->-NCOR1,3,3,2.000000,2,2.777778e-02,
TP53->-FLCN,2,1,2.000000,2,5.000000e-01,
AKT1->-TBX3,2,1,2.000000,2,2.500000e-01,
ARID2->-EPHA5 TP53->-ARID2 TP53->-EPHA5,3,3,2.000000,2,1.319444e-01,
ZFHX3->-ARID2,2,1,2.000000,2,2.500000e-01,
CBFB->-MAP2K4,2,1,2.000000,2,2.500000e-01,
CTCF->-ERBB3 MAP3K1->-CTCF MAP3K1->-ERBB3,3,3,2.000000,2,1.810516e-02,
ATM->-JUN,2,1,2.000000,2,2.500000e-01,
FBXW7->-PIK3CA,2,1,2.000000,2,8.219322e-01,
ABL1-/-FANCC,2,1,2.000000,2,9.696970e-02,
BRCA2->-TP53,2,1,2.000000,2,9.987592e-01,
RHOA->-TBX3,2,1,2.000000,2,2.321429e-01,
FAT1->-RB1,2,1,2.000000,2,6.875000e-01,
NF2->-GATA3 PIK3CA->-GATA3 PIK3CA->-NF2,3,3,2.000000,2,7.575758e-03,
PIK3CA->-GATA3 ROS1->-GATA3 ROS1->-PIK3CA,3,3,2.000000,2,2.777778e-02,
PIK3CA->-GATA3 STK11->-GATA3 STK11->-PIK3CA,3,3,2.000000,2,2.446895e-02,
FGFR4->-ROS1,2,1,2.000000,2,1.818182e-01,
TP53->-ASXL2,2,1,2.000000,2,4.750000e-01,
AKT2->-PTPRT,2,1,2.000000,2,2.500000e-01,
TP53->-PPP2R1A,2,1,2.000000,2,1.454545e-01,
TP53->-EPHA3,2,1,2.000000,2,5.000000e-01,
RICTOR->-ESR1,2,1,2.000000,2,8.005952e-01,
SUZ12->-PIK3CA,2,1,2.000000,2,6.642157e-01,
APC->-DNMT1,2,1,2.000000,2,4.670330e-01,
APC->-SPEN,2,1,2.000000,2,7.602273e-01,
DNMT3A->-FAT1,2,1,2.000000,2,5.000000e-01,
SMAD4->-ERCC4,2,1,2.000000,2,2.500000e-01,
BLM->-FAT1 BLM->-KDR FAT1->-KDR,3,3,2.000000,2,2.446895e-02,
DNMT1->-SPEN,2,1,2.000000,2,2.500000e-01,
FOXP1->-PTEN,2,1,2.000000,2,2.500000e-01,
AKT1->-SETD2,2,1,2.000000,2,2.142857e-01,
MAP2K4->-SETD2,2,1,2.000000,2,2.142857e-01,
TET2->-SETD2 TP53->-SETD2 TP53->-TET2,3,3,2.000000,2,7.976190e-02,
CDH1->-AXIN2,2,1,2.000000,2,2.500000e-01,
SMAD2->-RFWD2,2,1,2.000000,2,2.500000e-01,
AKT1->-DNMT1,2,1,2.000000,2,4.670330e-01,
AKT1->-RAD50,2,1,2.000000,2,2.500000e-01,
KMT2C->-NSD1,2,1,2.000000,2,8.125000e-01,
MAP2K4->-ARID2,2,1,2.000000,2,2.500000e-01,
CDH1->-RET,2,1,2.000000,2,2.500000e-01,
ROS1->-MYC,2,1,2.000000,2,1.500000e-01,
BCOR->-TSC2,2,1,2.000000,2,2.500000e-01,
TSC2->-KMT2C,2,1,2.000000,2,8.547890e-01,
SMAD2->-BCOR,2,1,2.000000,2,1.833333e-01,
KMT2D->-FGF4 PIK3CA->-FGF4 PIK3CA->-KMT2D,3,3,2.000000,2,1.633987e-02,
KMT2C->-EP300 KMT2D->-EP300 KMT2D->-KMT2C,3,3,2.000000,2,2.446895e-02,
ATR->-KDM5C,2,1,2.000000,2,1.444444e-01,
LATS1->-ATR,2,1,2.000000,2,2.500000e-01,
IKZF1->-CDC73 PIK3CA->-CDC73 PIK3CA->-IKZF1,3,3,2.000000,2,9.920635e-03,
NCOR1->-CDC73,2,1,2.000000,2,1.666667e-01,
SMAD4->-RFWD2,2,1,2.000000,2,2.500000e-01,
LATS1->-RFWD2,2,1,2.000000,2,2.500000e-01,
ARID1A->-SMAD4,2,1,2.000000,2,4.666667e-01,
ARID1A->-KDM5C PIK3CA->-ARID1A PIK3CA->-KDM5C,3,3,2.000000,2,5.753968e-02,
NCOR1->-IKZF1 NCOR1->-PIK3CA PIK3CA->-IKZF1,3,3,2.000000,2,4.431217e-02,
GATA3->-BRCA1,2,1,2.000000,2,7.303241e-01,
GATA3->-BCOR,2,1,2.000000,2,2.500000e-01,
IRS2->-FLT4 TP53->-FLT4 TP53->-IRS2,3,3,2.000000,2,1.990741e-03,
IDH1-/-PIK3CA,2,1,2.000000,2,1.200000e-01,
RPS6KA4->-GATA3,2,1,2.000000,2,2.946429e-01,
ASXL2->-TBX3,2,1,2.000000,2,2.500000e-01,
CDH1->-ASXL2,2,1,2.000000,2,3.886905e-01,
ASXL2->-ARID1A,2,1,2.000000,2,4.220238e-01,
ARID1B->-KDR ARID1B->-PIK3CA PIK3CA->-KDR,3,3,2.000000,2,2.446895e-02,
KDR->-KMT2A,2,1,2.000000,2,2.500000e-01,
ARID1B->-KMT2A ARID1B->-PIK3CA PIK3CA->-KMT2A,3,3,2.000000,2,2.777778e-02,
FOXA1->-ARID1B,2,1,2.000000,2,2.500000e-01,
AKT1->-GPS2,2,1,2.000000,2,3.416667e-01,
GPS2->-JAK2,2,1,2.000000,2,2.500000e-01,
EPHA5->-TP53,2,1,2.000000,2,9.949005e-01,
CDH1->-HIST1H1C CDH1->-PIK3CA PIK3CA->-HIST1H1C,3,3,2.000000,2,1.944444e-02,
PIK3CA->-MYCN,2,1,2.000000,2,2.500000e-01,
GATA3->-DICER1,2,1,2.000000,2,2.500000e-01,
GATA3->-HIST1H1C,2,1,2.000000,2,2.500000e-01,
GATA3->-NOTCH4 GATA3->-PIK3CA PIK3CA->-NOTCH4,3,3,2.000000,2,1.111111e-02,
PIK3CA->-SHQ1,2,1,2.000000,2,2.500000e-01,
MAP2K2->-KMT2C,2,1,2.000000,2,2.389706e-01,
ARID1B->-GATA3,2,1,2.000000,2,4.889706e-01,
BLM->-GATA3,2,1,2.000000,2,4.389706e-01,
CDH1->-PIK3CA RAD52->-CDH1 RAD52->-PIK3CA,3,3,2.000000,2,2.446895e-02,
CDH1->-PIK3CA STK11->-CDH1 STK11->-PIK3CA,3,3,2.000000,2,6.855937e-02,
STK11->-PTCH1,2,1,2.000000,2,2.389706e-01,
MGA->-ARID1A,2,1,2.000000,2,4.404762e-01,
TP53->-MALT1,2,1,2.000000,2,2.500000e-01,
MAP3K1->-FANCA,2,1,2.000000,2,5.119963e-01,
MAP3K1->-ALK,2,1,2.000000,2,5.983333e-01,
MAP3K1->-KLF4,2,1,2.000000,2,2.500000e-01,
TP53->-CD79B,2,1,2.000000,2,1.231481e-01,
TP53->-PLCG2,2,1,2.000000,2,9.953704e-02,
TP53->-SMAD4,2,1,2.000000,2,7.875000e-01,
TBX3->-NCOA3,2,1,2.000000,2,1.750000e-01,
AKT1->-PTCH1,2,1,2.000000,2,1.500000e-01,
PTCH1->-PAK7 SOX9->-PAK7 SOX9->-PTCH1,3,3,2.000000,2,2.777778e-02,
PTCH1->-PAK7 TBX3->-PAK7 TBX3->-PTCH1,3,3,2.000000,2,2.777778e-02,
TBX3->-IKZF1,2,1,2.000000,2,1.666667e-01,
KDM5C->-MAP3K1,2,1,2.000000,2,2.500000e-01,
PIK3CA->-MEF2B,2,1,2.000000,2,2.500000e-01,
GLI1->-GATA3,2,1,2.000000,2,2.500000e-01,
CBFB->-MEN1,2,1,2.000000,2,2.500000e-01,
NOTCH3->-BLM TP53->-BLM TP53->-NOTCH3,3,3,2.000000,2,1.190476e-02,
TP53->-FANCC,2,1,2.000000,2,2.686869e-01,
GATA3->-AKT1,2,1,2.000000,2,9.900809e-01,
SPEN->-PTPRD,2,1,2.000000,2,1.666667e-01,
JAK1->-MDC1,2,1,2.000000,2,2.170330e-01,
IDH1->-SETD2 TP53->-IDH1 TP53->-SETD2,3,3,2.000000,2,2.777778e-02,
RAD52->-CREBBP,2,1,2.000000,2,1.805556e-01,
MDC1->-CREBBP,2,1,2.000000,2,5.000000e-01,
CHEK2->-CREBBP,2,1,2.000000,2,2.500000e-01,
MDC1->-TP53,2,1,2.000000,2,9.601410e-01,
KMT2A->-NOTCH1,2,1,2.000000,2,2.500000e-01,
KMT2C->-TNFAIP3,2,1,2.000000,2,1.250000e-01,
KMT2C->-ARID2,2,1,2.000000,2,6.875000e-01,
BRCA2->-GATA3,2,1,2.000000,2,6.160714e-01,
BRCA2->-ARID2,2,1,2.000000,2,2.500000e-01,
GATA3->-TET1,2,1,2.000000,2,1.833333e-01,
CARD11->-FAT1,2,1,2.000000,2,6.627747e-01,
MDC1->-FAT1,2,1,2.000000,2,2.500000e-01,
FAT1->-TET1,2,1,2.000000,2,8.766741e-01,
FOXA1->-PTEN,2,1,2.000000,2,6.808785e-01,
PTPRS->-PIK3CA STK11->-PIK3CA STK11->-PTPRS,3,3,2.000000,2,1.944444e-02,
PTPRS->-MGA STK11->-MGA STK11->-PTPRS,3,3,2.000000,2,1.944444e-02,
PIK3CA->-PDGFRB,2,1,2.000000,2,5.738304e-01,
CDH1->-RUNX1 CDH1->-TBX3 RUNX1->-TBX3,3,3,2.000000,2,1.319444e-01,
ARAF->-PIK3CA,2,1,2.000000,2,7.049354e-01,
PIK3CG->-CDC73,2,1,2.000000,2,1.658163e-01,
NF1->-FLT3,2,1,2.000000,2,2.000000e-01,
KMT2D->-FLT3,2,1,2.000000,2,2.500000e-01,
NF1->-ARID2 PIK3CA->-ARID2 PIK3CA->-NF1,3,3,2.000000,2,2.777778e-02,
EP300->-TP53,2,1,2.000000,2,9.934192e-01,
NFE2L2->-GATA3,2,1,2.000000,2,2.500000e-01,
ARID1B->-NFE2L2,2,1,2.000000,2,5.000000e-01,
FOXA1->-RASA1,2,1,2.000000,2,2.500000e-01,
MAP2K4->-FAT1,2,1,2.000000,2,4.684211e-01,
PDGFRA->-ARID2,2,1,2.000000,2,2.500000e-01,
PIK3R1->-NF1,2,1,2.000000,2,9.175000e-01,
PIK3R1->-EPHB1,2,1,2.000000,2,2.500000e-01,
NF1->-EPHB1,2,1,2.000000,2,2.500000e-01,
ARID1B->-ROS1 TP53->-ARID1B TP53->-ROS1,3,3,2.000000,2,1.736111e-02,
FAT1->-ARID1B TP53->-ARID1B TP53->-FAT1,3,3,2.000000,2,6.855937e-02,
FAT1->-IRS1,2,1,2.000000,2,2.500000e-01,
MAP3K1->-ARID1B,2,1,2.000000,2,6.473214e-01,
AR->-ARID2 AR->-IRS1 IRS1->-ARID2,3,3,2.000000,2,2.777778e-02,
ARID1B->-ARID2 ARID1B->-IRS1 IRS1->-ARID2,3,3,2.000000,2,2.777778e-02,
EPHA5->-ALK TP53->-ALK TP53->-EPHA5,3,3,2.000000,2,2.777778e-02,
SPEN->-ALK,2,1,2.000000,2,2.500000e-01,
MAP3K1->-PIK3R1,2,1,2.000000,2,6.875000e-01,
MAP3K1->-ATRX TP53->-ATRX TP53->-MAP3K1,3,3,2.000000,2,1.810516e-02,
TET1->-SPEN TP53->-SPEN TP53->-TET1,3,3,2.000000,2,2.777778e-02,
TP53->-STAT3,2,1,2.000000,2,4.000000e-01,
BCOR->-PIK3CA,2,1,2.000000,2,9.836686e-01,
JAK3->-PIK3CA,2,1,2.000000,2,9.191852e-01,
CDH1->-ERBB3 CDH1->-TBX3 TBX3->-ERBB3,3,3,2.000000,2,2.777778e-02,
TP53->-HIST1H3J,2,1,2.000000,2,1.100000e-01,
TP53->-HIST1H3C,2,1,2.000000,2,2.053571e-01,
NF1->-NBN,2,1,2.000000,2,2.500000e-01,
KMT2C-/-RB1 TP53->-KMT2C TP53->-RB1,3,3,2.000000,2,7.223425e-03,
MAP2K4->-NF1 MAP2K4->-TET2 NF1->-TET2,3,3,2.000000,2,1.825397e-02,
NF1->-STAG2,2,1,2.000000,2,1.714286e-01,
KMT2C->-FLT4,2,1,2.000000,2,1.958333e-01,
RUNX1->-ARID1A,2,1,2.000000,2,7.625000e-01,
MGA->-ATRX,2,1,2.000000,2,1.818182e-01,
FGFR4->-CD79A,2,1,2.000000,2,1.818182e-01,
KMT2A->-CD79A,2,1,2.000000,2,1.818182e-01,
FGFR4->-GRIN2A,2,1,2.000000,2,1.818182e-01,
NOTCH3->-PALB2,2,1,2.000000,2,2.500000e-01,
PIK3R1->-EPHA7,2,1,2.000000,2,2.500000e-01,
NOTCH4->-FLT4,2,1,2.000000,2,4.962963e-01,
NOTCH4->-EIF4A2,2,1,2.000000,2,2.170330e-01,
TMPRSS2->-TP53,2,1,2.000000,2,2.500000e-01,
FLT4-/-PBRM1 TP53->-FLT4 TP53->-PBRM1,3,3,2.000000,2,1.500722e-03,
TP53->-UPF1,2,1,2.000000,2,4.011905e-01,
KMT2C-/-MAP3K1,2,1,2.000000,2,4.941943e-01,
ERBB4-/-FLT4 TP53->-ERBB4 TP53->-FLT4,3,3,2.000000,2,1.633598e-03,
KMT2D->-FLT1,2,1,2.000000,2,1.885965e-01,
MAP3K1->-BRCA2,2,1,2.000000,2,3.719298e-01,
MAP3K1->-PDGFRB,2,1,2.000000,2,1.885965e-01,
PIK3CA->-BTK,2,1,2.000000,2,5.000000e-01,
GATA3-/-PPP2R1A,2,1,2.000000,2,6.000000e-02,
MGA->-RB1,2,1,2.000000,2,5.000000e-01,
TBX3->-GRIN2A,2,1,2.000000,2,2.500000e-01,
AKT1->-ERBB4,2,1,2.000000,2,1.750000e-01,
KDM6A->-TP53,2,1,2.000000,2,9.704633e-01,
MAP3K1->-DDR2,2,1,2.000000,2,2.170330e-01,
MAP3K1->-PTEN,2,1,2.000000,2,9.885283e-01,
BRCA2->-TBX3,2,1,2.000000,2,8.111264e-01,
RB1->-CDH1,2,1,2.000000,2,9.477865e-01,
RB1->-SPEN,2,1,2.000000,2,5.000000e-01,
RHOA->-PTPN11,2,1,2.000000,2,1.964286e-01,
FGFR4->-PTPRD,2,1,2.000000,2,1.454545e-01,
FGFR4->-ERBB3,2,1,2.000000,2,1.454545e-01,
PIK3CA->-FAM175A,2,1,2.000000,2,5.000000e-01,
CREBBP->-NUP93,2,1,2.000000,2,3.928571e-01,
TBX3->-ARID1A,2,1,2.000000,2,7.706365e-01,
CDH1->-CIC,2,1,2.000000,2,2.500000e-01,
STK11->-ARID1A,2,1,2.000000,2,5.000000e-01,
ALK->-ARID1A TP53->-ALK TP53->-ARID1A,3,3,2.000000,2,2.777778e-02,
KRAS->-ALK,2,1,2.000000,2,2.500000e-01,
NCOR1->-BCOR,2,1,2.000000,2,5.000000e-01,
BCOR->-RUNX1,2,1,2.000000,2,2.500000e-01,
SF3B1->-ARID1A,2,1,2.000000,2,2.500000e-01,
FANCA->-PARP1 FANCA->-PIK3R1 PIK3R1->-PARP1,3,3,2.000000,2,2.777778e-02,
KMT2C->-TSC2 PTEN->-KMT2C PTEN->-TSC2,3,3,2.000000,2,1.430976e-02,
GATA3->-FGFR2,2,1,2.000000,2,2.500000e-01,
NOTCH3->-ALK,2,1,2.000000,2,2.500000e-01,
ROS1->-MAP3K1 TP53->-MAP3K1 TP53->-ROS1,3,3,2.000000,2,5.671296e-02,
PTEN->-MSH2,2,1,2.000000,2,2.500000e-01,
MDC1->-KMT2C PIK3CA->-KMT2C PIK3CA->-MDC1,3,3,2.000000,2,2.777778e-02,
TSC2->-MAP3K1,2,1,2.000000,2,5.803571e-01,
GATA3->-KMT2D,2,1,2.000000,2,6.792279e-01,
PPP2R1A->-ARID1A,2,1,2.000000,2,3.537879e-01,
EGFR-/-PIK3CA,2,1,2.000000,2,1.000000e-01,
NF1-/-NTRK2,2,1,2.000000,2,4.285714e-02,
NF1->-ATR,2,1,2.000000,2,4.500000e-01,
ARID1A->-FLT4,2,1,2.000000,2,3.666667e-01,
KLF4->-ARID1A,2,1,2.000000,2,2.083333e-01,
SETD2->-BCOR,2,1,2.000000,2,2.500000e-01,
HIST1H3I->-HNF1A ROS1->-HIST1H3I ROS1->-HNF1A,3,3,2.000000,2,2.777778e-02,
HIST1H3I->-HNF1A PIK3CA->-HIST1H3I PIK3CA->-HNF1A,3,3,2.000000,2,2.777778e-02,
PTCH1->-KMT2D,2,1,2.000000,2,4.889706e-01,
KMT2D->-BCOR,2,1,2.000000,2,5.000000e-01,
PTPRT->-BCOR,2,1,2.000000,2,2.500000e-01,
KMT2D->-ARID1A TP53->-ARID1A TP53->-KMT2D,3,3,2.000000,2,7.407407e-02,
PIK3CA->-ATR PIK3CA->-PTCH1 PTCH1->-ATR,3,3,2.000000,2,2.777778e-02,
PIK3CA->-GLI1 PIK3CA->-PTCH1 PTCH1->-GLI1,3,3,2.000000,2,2.777778e-02,
PIK3CA->-ARID2 PIK3CA->-PTCH1 PTCH1->-ARID2,3,3,2.000000,2,2.777778e-02,
PIK3CA->-BCOR PIK3CA->-PTCH1 PTCH1->-BCOR,3,3,2.000000,2,2.777778e-02,
HIST1H3I->-GATA3 PIK3CA->-GATA3 PIK3CA->-HIST1H3I,3,3,2.000000,2,2.777778e-02,
LATS2->-GATA3,2,1,2.000000,2,2.500000e-01,
ERBB2->-PIK3CA KMT2C->-ERBB2 KMT2C->-PIK3CA,3,3,2.000000,2,1.402961e-01,
ERBB2-/-MAP3K1,2,1,2.000000,2,3.030525e-01,
MAP3K1-/-PIK3CA,2,1,2.000000,2,9.123566e-01,
PIK3CA->-HIST1H3J,2,1,2.000000,2,1.454545e-01,
PIK3CA->-ALOX12B,2,1,2.000000,2,2.500000e-01,
ARID2-/-ESR1,2,1,2.000000,2,5.274725e-02,
JAK3->-RAD21 TP53->-JAK3 TP53->-RAD21,3,3,2.000000,2,7.870370e-03,
ERBB2->-PDGFRA,2,1,2.000000,2,2.500000e-01,
KMT2C->-PDGFRA,2,1,2.000000,2,2.500000e-01,
CDH1->-ERBB2 CDH1->-PTPRS ERBB2->-PTPRS,3,3,2.000000,2,2.777778e-02,
AR->-KMT2A AR->-PIK3CA PIK3CA->-KMT2A,3,3,2.000000,2,2.777778e-02,
AR->-KMT2A AR->-PDGFRA AR->-PTPRS PDGFRA->-KMT2A PDGFRA->-PTPRS PTPRS->-KMT2A,4,6,2.000000,2,1.736111e-03,
IRS1->-PTCH1,2,1,2.000000,2,2.500000e-01,
KMT2C->-GLI1,2,1,2.000000,2,4.972527e-01,
ARID2->-PIK3CG,2,1,2.000000,2,2.500000e-01,
PIK3CA->-AXIN1,2,1,2.000000,2,1.750000e-01,
PALB2->-PIK3CA,2,1,2.000000,2,8.321272e-01,
GATA3-/-SPEN,2,1,2.000000,2,2.257267e-01,
STAG2->-MAP3K1,2,1,2.000000,2,5.000000e-01,
RB1->-PTPRD TP53->-PTPRD TP53->-RB1,3,3,2.000000,2,1.388889e-02,
CBFB->-SF3B1,2,1,2.000000,2,2.500000e-01,
DNMT3A->-NSD1 TP53->-DNMT3A TP53->-NSD1,3,3,2.000000,2,2.777778e-02,
PIK3CB->-RAD54L,2,1,2.000000,2,4.475000e-01,
MDC1->-RAD54L PIK3CA->-MDC1 PIK3CA->-RAD54L,3,3,2.000000,2,2.777778e-02,
CDH1->-PDGFRB CDH1->-PTPRS PTPRS->-PDGFRB,3,3,2.000000,2,2.777778e-02,
CDH1->-MGA CDH1->-PIK3CA MGA->-PIK3CA,3,3,2.000000,2,2.777778e-02,
PTEN->-INPPL1,2,1,2.000000,2,5.000000e-01,
KMT2B->-KMT2A,2,1,2.000000,2,2.500000e-01,
KMT2D->-FOXP1,2,1,2.000000,2,5.000000e-01,
ARID1A->-ALK,2,1,2.000000,2,6.875000e-01,
ERBB4->-NF2 TP53->-ERBB4 TP53->-NF2,3,3,2.000000,2,7.175926e-03,
AKT1->-SPEN,2,1,2.000000,2,2.678571e-01,
MAP3K1->-RUNX1,2,1,2.000000,2,7.319444e-01,
LATS1->-TP53,2,1,2.000000,2,7.875000e-01,
APC->-PDGFRB,2,1,2.000000,2,2.170330e-01,
MDC1->-APC NOTCH4->-APC NOTCH4->-MDC1,3,3,2.000000,2,2.182540e-02,
JAK1->-PDGFRB,2,1,2.000000,2,2.170330e-01,
TP53->-EED,2,1,2.000000,2,1.085165e-01,
TP53->-PARK2,2,1,2.000000,2,7.857143e-02,
RB1->-HIST1H3G,2,1,2.000000,2,2.500000e-01,
CDKN1B->-ESR1 CDKN1B->-PIK3CA ESR1->-PIK3CA,3,3,2.000000,2,2.777778e-02,
TP53->-EGFL7,2,1,2.000000,2,1.666667e-01,
KMT2B->-PIK3CA,2,1,2.000000,2,5.000000e-01,
KMT2B->-PTPRS,2,1,2.000000,2,2.500000e-01,
PTPRT->-KMT2A,2,1,2.000000,2,1.785714e-01,
PIK3R1->-MAP3K1,2,1,2.000000,2,6.875000e-01,
CDH1->-PIK3CA CDH1->-XPO1 PIK3CA->-XPO1,3,3,2.000000,2,2.777778e-02,
ARID1A->-XPO1,2,1,2.000000,2,2.500000e-01,
NFE2L2->-PDGFRB,2,1,2.000000,2,2.500000e-01,
ARID1A-/-ESR1,2,1,2.000000,2,3.301343e-01,
FANCA->-MED12,2,1,2.000000,2,2.500000e-01,
LATS1->-PIK3CA,2,1,2.000000,2,6.510417e-01,
ARID1B->-MAP3K1,2,1,2.000000,2,6.473214e-01,
ERBB3->-ARID2,2,1,2.000000,2,4.670330e-01,
TNFAIP3->-NF1,2,1,2.000000,2,1.964286e-01,
