pattern,n_nodes,n_edges,s_exp,s_theta,pval_exp,pval_theta
CDH1->-PIK3CA,2,1,99.000000,99,4.065180e-11,
TP53->-PIK3CA,2,1,84.000000,84,2.673467e-02,
PIK3CA->-TP53,2,1,69.000000,69,6.908780e-01,
MAP3K1->-PIK3CA,2,1,47.000000,47,6.496905e-02,
PIK3CA->-GATA3,2,1,42.000000,42,2.132607e-01,
TP53->-PTEN,2,1,38.000000,38,2.408557e-05,
GATA3->-PIK3CA,2,1,36.000000,36,7.083207e-01,
PIK3CA->-KMT2C,2,1,33.000000,33,5.029366e-02,
PIK3CA->-MAP3K1,2,1,33.000000,33,9.435068e-01,
CBFB->-PIK3CA,2,1,33.000000,33,2.571014e-06,
TP53->-KMT2C,2,1,29.000000,29,6.513043e-05,
PIK3CA->-KMT2C TP53->-KMT2C TP53->-PIK3CA,3,3,4.000000,4,1.431578e-01,
PIK3CA->-KMT2C PIK3CA->-TP53 TP53->-KMT2C,3,3,3.000000,3,3.478791e-01,
PIK3CA->-CDH1,2,1,29.000000,29,1.000000e+00,
PIK3CA->-ESR1,2,1,28.000000,28,3.584296e-02,
PIK3CA->-FOXA1,2,1,27.000000,27,5.164522e-03,
TP53->-NF1,2,1,27.000000,27,4.062289e-03,
CDH1->-TP53,2,1,26.000000,26,1.226301e-01,
CDH1->-PIK3CA CDH1->-TP53 TP53->-PIK3CA,3,3,2.000000,2,6.500994e-01,
CDH1->-PIK3CA CDH1->-TP53 PIK3CA->-TP53,3,3,3.000000,3,3.584455e-01,
CDH1->-KMT2C,2,1,24.000000,24,1.233829e-04,
CDH1->-KMT2C CDH1->-PIK3CA PIK3CA->-KMT2C,3,3,7.000000,7,3.801206e-03,
CDH1->-KMT2C CDH1->-TP53 TP53->-KMT2C,3,3,2.000000,2,3.683610e-01,
TP53->-KMT2D,2,1,24.000000,24,2.891317e-06,
TP53->-MAP3K1,2,1,23.000000,23,5.849625e-04,
MAP3K1->-PIK3CA TP53->-MAP3K1 TP53->-PIK3CA,3,3,2.000000,2,3.530567e-01,
PIK3CA->-MAP3K1 PIK3CA->-TP53 TP53->-MAP3K1,3,3,2.000000,2,3.530567e-01,
KMT2C->-PIK3CA,2,1,21.000000,21,9.450216e-01,
KMT2C->-PIK3CA TP53->-KMT2C TP53->-PIK3CA,3,3,3.000000,3,3.478791e-01,
CDH1->-KMT2C CDH1->-PIK3CA KMT2C->-PIK3CA,3,3,5.000000,5,6.445215e-02,
PIK3CA->-ARID1A,2,1,21.000000,21,1.725052e-01,
TP53->-RB1,2,1,21.000000,21,6.440053e-03,
CBFB->-GATA3,2,1,21.000000,21,2.755819e-04,
CBFB->-GATA3 CBFB->-PIK3CA PIK3CA->-GATA3,3,3,5.000000,5,6.348451e-02,
CBFB->-GATA3 CBFB->-PIK3CA GATA3->-PIK3CA,3,3,6.000000,6,1.728822e-02,
CDH1->-ERBB2,2,1,20.000000,20,2.495506e-02,
PIK3CA->-FAT1,2,1,20.000000,20,2.550845e-04,
CDH1->-FOXA1,2,1,19.000000,19,8.210228e-04,
CDH1->-FOXA1 CDH1->-PIK3CA PIK3CA->-FOXA1,3,3,8.000000,8,3.450441e-04,
CDH1->-MAP3K1,2,1,19.000000,19,9.289267e-04,
CDH1->-MAP3K1 CDH1->-PIK3CA MAP3K1->-PIK3CA,3,3,4.000000,4,2.261191e-01,
CDH1->-MAP3K1 CDH1->-PIK3CA PIK3CA->-MAP3K1,3,3,8.000000,8,1.175986e-03,
CDH1->-MAP3K1 CDH1->-TP53 TP53->-MAP3K1,3,3,3.000000,3,1.620370e-02,
PIK3CA->-SF3B1,2,1,19.000000,19,1.398722e-05,
AKT1->-TP53,2,1,19.000000,19,5.141147e-05,
PIK3CA->-RUNX1,2,1,19.000000,19,1.709652e-02,
TP53->-CDH1,2,1,19.000000,19,8.253531e-01,
CDH1->-PIK3CA TP53->-CDH1 TP53->-PIK3CA,3,3,5.000000,5,4.804533e-02,
CDH1->-KMT2C TP53->-CDH1 TP53->-KMT2C,3,3,3.000000,3,1.189042e-01,
TP53->-ARID1A,2,1,18.000000,18,3.180229e-04,
PIK3CA->-ARID1A TP53->-ARID1A TP53->-PIK3CA,3,3,2.000000,2,3.004130e-01,
PIK3CA->-ARID1A PIK3CA->-TP53 TP53->-ARID1A,3,3,3.000000,3,8.148244e-02,
TP53->-FAT1,2,1,18.000000,18,9.930374e-05,
PIK3CA->-FAT1 TP53->-FAT1 TP53->-PIK3CA,3,3,4.000000,4,3.698845e-02,
PIK3CA->-FAT1 PIK3CA->-TP53 TP53->-FAT1,3,3,3.000000,3,1.498100e-01,
TP53->-NCOR1,2,1,18.000000,18,2.550100e-02,
MAP2K4->-PIK3CA,2,1,18.000000,18,3.947867e-02,
ESR1->-PIK3CA,2,1,17.000000,17,9.311964e-01,
CDH1->-ARID1A,2,1,17.000000,17,3.430897e-03,
CDH1->-ARID1A CDH1->-PIK3CA PIK3CA->-ARID1A,3,3,5.000000,5,6.072013e-02,
CDH1->-ARID1A PIK3CA->-ARID1A PIK3CA->-CDH1,3,3,2.000000,2,6.830289e-01,
CDH1->-ARID1A CDH1->-TP53 TP53->-ARID1A,3,3,2.000000,2,1.506500e-01,
CDH1->-TBX3,2,1,17.000000,17,5.571714e-02,
TBX3->-PIK3CA,2,1,17.000000,17,2.741652e-01,
CDH1->-PIK3CA CDH1->-TBX3 TBX3->-PIK3CA,3,3,5.000000,5,5.039453e-02,
TP53->-GATA3,2,1,17.000000,17,2.333795e-02,
PIK3CA->-GATA3 TP53->-GATA3 TP53->-PIK3CA,3,3,3.000000,3,1.157587e-01,
PIK3CA->-GATA3 PIK3CA->-TP53 TP53->-GATA3,3,3,3.000000,3,1.157587e-01,
PIK3CA->-NCOR1,2,1,17.000000,17,4.645551e-01,
NCOR1->-PIK3CA,2,1,16.000000,16,6.009043e-01,
NCOR1->-PIK3CA TP53->-NCOR1 TP53->-PIK3CA,3,3,3.000000,3,1.297317e-01,
PIK3CA->-KMT2D,2,1,15.000000,15,9.294578e-03,
PIK3CA->-KMT2D TP53->-KMT2D TP53->-PIK3CA,3,3,4.000000,4,6.909687e-02,
PIK3CA->-KMT2D PIK3CA->-TP53 TP53->-KMT2D,3,3,5.000000,5,1.561281e-02,
CDH1->-RUNX1,2,1,15.000000,15,7.449849e-02,
CDH1->-PIK3CA CDH1->-RUNX1 PIK3CA->-RUNX1,3,3,5.000000,5,2.308234e-02,
CDH1->-RUNX1 PIK3CA->-CDH1 PIK3CA->-RUNX1,3,3,2.000000,2,5.579345e-01,
TP53->-ARID2,2,1,15.000000,15,4.331461e-06,
TP53->-ATR,2,1,15.000000,15,3.282762e-04,
TP53->-PIK3R1,2,1,15.000000,15,9.193262e-03,
CDH1->-NCOR1,2,1,15.000000,15,1.803774e-02,
CDH1->-NCOR1 TP53->-CDH1 TP53->-NCOR1,3,3,2.000000,2,3.589096e-01,
CDH1->-NCOR1 CDH1->-PIK3CA PIK3CA->-NCOR1,3,3,3.000000,3,2.081612e-01,
CDH1->-NCOR1 CDH1->-PIK3CA NCOR1->-PIK3CA,3,3,4.000000,4,6.197557e-02,
ARID1A->-PIK3CA,2,1,14.000000,14,9.161421e-01,
ARID1A->-PIK3CA CDH1->-ARID1A CDH1->-PIK3CA,3,3,5.000000,5,6.072013e-02,
TP53->-BRCA2,2,1,14.000000,14,4.171423e-04,
TP53->-RUNX1,2,1,14.000000,14,2.633667e-02,
PIK3CA->-RUNX1 PIK3CA->-TP53 TP53->-RUNX1,3,3,2.000000,2,1.962449e-01,
CDH1->-RUNX1 CDH1->-TP53 TP53->-RUNX1,3,3,2.000000,2,7.407407e-02,
PIK3CA->-ATR,2,1,14.000000,14,1.280028e-03,
PIK3CA->-ATR TP53->-ATR TP53->-PIK3CA,3,3,2.000000,2,2.646586e-01,
RFWD2-/-RICTOR,2,1,2.000000,2,1.712869e-02,
PIK3CA->-ATR PIK3CA->-TP53 TP53->-ATR,3,3,3.000000,3,6.498370e-02,
PIK3CA->-TBX3,2,1,14.000000,14,6.806170e-01,
CDH1->-PIK3CA CDH1->-TBX3 PIK3CA->-TBX3,3,3,3.000000,3,3.647389e-01,
TP53->-PTPRD,2,1,14.000000,14,6.546176e-05,
TP53->-NSD1,2,1,13.000000,13,1.215396e-04,
TP53->-CREBBP,2,1,13.000000,13,1.912493e-03,
CDH1->-ESR1,2,1,13.000000,13,7.645264e-02,
CDH1->-ESR1 CDH1->-PIK3CA PIK3CA->-ESR1,3,3,4.000000,4,8.701989e-03,
TP53->-STAG2,2,1,13.000000,13,3.687857e-03,
TP53->-KMT2A,2,1,13.000000,13,2.008650e-04,
PIK3CA->-PTEN,2,1,13.000000,13,4.163298e-01,
PIK3CA->-PTEN TP53->-PIK3CA TP53->-PTEN,3,3,2.000000,2,4.508319e-01,
PIK3CA->-PTEN PIK3CA->-TP53 TP53->-PTEN,3,3,6.000000,6,1.173112e-03,
MEN1->-GATA3,2,1,12.000000,12,2.441406e-04,
PTEN->-TP53,2,1,12.000000,12,9.997889e-01,
TP53->-ESR1,2,1,12.000000,12,1.139245e-03,
PIK3CA->-SPEN,2,1,12.000000,12,6.016030e-02,
FOXA1->-PIK3CA,2,1,12.000000,12,9.898373e-01,
CDH1->-FOXA1 CDH1->-PIK3CA FOXA1->-PIK3CA,3,3,3.000000,3,3.719227e-01,
NF1->-TP53,2,1,12.000000,12,9.876460e-01,
NF1->-PIK3CA,2,1,12.000000,12,3.619502e-01,
NF1->-PIK3CA TP53->-NF1 TP53->-PIK3CA,3,3,3.000000,3,3.380835e-01,
NF1->-PIK3CA NF1->-TP53 TP53->-PIK3CA,3,3,4.000000,4,1.355179e-01,
TP53->-FLT4,2,1,12.000000,12,5.474838e-05,
TP53->-APC,2,1,12.000000,12,3.241257e-04,
PIK3CA->-RICTOR,2,1,11.000000,11,2.997282e-03,
TP53->-FOXA1,2,1,11.000000,11,4.616407e-02,
PIK3CA->-FOXA1 TP53->-FOXA1 TP53->-PIK3CA,3,3,3.000000,3,1.114040e-01,
PIK3CA->-FOXA1 PIK3CA->-TP53 TP53->-FOXA1,3,3,2.000000,2,3.562517e-01,
CDH1->-FOXA1 CDH1->-TP53 TP53->-FOXA1,3,3,2.000000,2,1.890252e-01,
CDH1->-FOXA1 TP53->-CDH1 TP53->-FOXA1,3,3,2.000000,2,1.890252e-01,
PIK3CA->-RB1,2,1,11.000000,11,2.340329e-01,
PIK3CA->-RB1 TP53->-PIK3CA TP53->-RB1,3,3,2.000000,2,3.938323e-01,
PIK3CA->-RB1 PIK3CA->-TP53 TP53->-RB1,3,3,4.000000,4,3.035825e-02,
TP53->-CDKN2A,2,1,11.000000,11,1.203283e-02,
TP53->-PTPRS,2,1,11.000000,11,6.063063e-05,
TP53->-ERBB3,2,1,11.000000,11,6.463914e-05,
TP53->-ATM,2,1,11.000000,11,1.062154e-03,
TP53->-NOTCH4,2,1,11.000000,11,2.893458e-05,
PIK3CA->-NOTCH4,2,1,11.000000,11,1.245226e-02,
PIK3CA->-NOTCH4 PIK3CA->-TP53 TP53->-NOTCH4,3,3,4.000000,4,2.621699e-03,
MAP3K1->-GATA3,2,1,11.000000,11,5.640214e-01,
GATA3->-PIK3CA MAP3K1->-GATA3 MAP3K1->-PIK3CA,3,3,5.000000,5,8.640524e-02,
MAP3K1->-GATA3 PIK3CA->-GATA3 PIK3CA->-MAP3K1,3,3,2.000000,2,7.324737e-01,
TP53->-TBX3,2,1,11.000000,11,1.319821e-01,
ESR1->-GATA3,2,1,11.000000,11,1.882494e-01,
ESR1->-GATA3 PIK3CA->-ESR1 PIK3CA->-GATA3,3,3,3.000000,3,1.565532e-01,
ESR1->-GATA3 ESR1->-PIK3CA PIK3CA->-GATA3,3,3,2.000000,2,4.263322e-01,
PIK3CA->-ATM,2,1,11.000000,11,2.991161e-01,
PIK3CA->-ATM PIK3CA->-TP53 TP53->-ATM,3,3,3.000000,3,6.362526e-02,
PTEN->-PIK3CA,2,1,11.000000,11,7.195975e-01,
TP53->-ALK,2,1,11.000000,11,1.136068e-03,
TP53->-MED12,2,1,11.000000,11,3.300952e-03,
CDH1->-CBFB,2,1,11.000000,11,2.906243e-01,
CBFB->-PIK3CA CDH1->-CBFB CDH1->-PIK3CA,3,3,5.000000,5,8.950062e-03,
TP53->-FBXW7,2,1,11.000000,11,4.933268e-03,
TP53->-SETD2,2,1,11.000000,11,4.773447e-05,
PIK3CA->-PTPRT,2,1,11.000000,11,1.712917e-02,
PIK3CA->-KMT2A,2,1,11.000000,11,3.271486e-02,
PIK3CA->-KMT2A TP53->-KMT2A TP53->-PIK3CA,3,3,3.000000,3,2.391975e-02,
PIK3CA->-NF1,2,1,10.000000,10,6.917010e-01,
PIK3CA->-NF1 TP53->-NF1 TP53->-PIK3CA,3,3,3.000000,3,3.380835e-01,
PIK3CA->-NF1 PIK3CA->-TP53 TP53->-NF1,3,3,2.000000,2,6.327671e-01,
CDH1->-PTEN,2,1,10.000000,10,2.872425e-01,
KMT2C->-MAP3K1,2,1,10.000000,10,3.465619e-01,
KMT2C->-MAP3K1 PIK3CA->-KMT2C PIK3CA->-MAP3K1,3,3,4.000000,4,1.805094e-01,
KMT2C->-MAP3K1 KMT2C->-PIK3CA MAP3K1->-PIK3CA,3,3,2.000000,2,6.873780e-01,
TP53->-ATRX,2,1,10.000000,10,1.699216e-03,
TP53->-CARD11,2,1,10.000000,10,5.944148e-03,
TP53->-NOTCH2,2,1,10.000000,10,1.074086e-03,
TP53->-EP300,2,1,10.000000,10,1.379580e-02,
GATA3->-ARID1A,2,1,10.000000,10,4.778262e-01,
GATA3->-ARID1A PIK3CA->-ARID1A PIK3CA->-GATA3,3,3,2.000000,2,3.232037e-01,
GATA3->-ARID1A GATA3->-PIK3CA MAP3K1->-ARID1A MAP3K1->-GATA3 MAP3K1->-PIK3CA PIK3CA->-ARID1A,4,6,2.000000,2,5.063657e-03,
TP53->-MAP2K4,2,1,10.000000,10,2.397760e-01,
CDH1->-GATA3,2,1,10.000000,10,1.357306e-02,
CDH1->-GATA3 CDH1->-PIK3CA PIK3CA->-GATA3,3,3,3.000000,3,9.530869e-02,
CDH1->-GATA3 PIK3CA->-CDH1 PIK3CA->-GATA3,3,3,2.000000,2,3.250852e-01,
CDH1->-ESR1 CDH1->-GATA3 ESR1->-GATA3,3,3,3.000000,3,4.629630e-03,
CDH1->-ESR1 CDH1->-GATA3 CDH1->-PIK3CA ESR1->-GATA3 PIK3CA->-ESR1 PIK3CA->-GATA3,4,6,2.000000,2,1.736111e-03,
GATA3->-MAP3K1,2,1,10.000000,10,7.196284e-01,
GATA3->-MAP3K1 GATA3->-PIK3CA MAP3K1->-PIK3CA,3,3,3.000000,3,4.582676e-01,
GATA3->-MAP3K1 GATA3->-PIK3CA PIK3CA->-MAP3K1,3,3,4.000000,4,2.246094e-01,
ERBB2->-CDH1,2,1,10.000000,10,9.592467e-01,
TP53->-ARID1B,2,1,10.000000,10,3.381652e-02,
TP53->-ARID5B,2,1,10.000000,10,4.126612e-04,
TP53->-EPHA5,2,1,10.000000,10,1.321619e-02,
TP53->-BARD1,2,1,10.000000,10,1.027716e-04,
TP53->-PTPRT,2,1,10.000000,10,2.248123e-03,
PIK3CA->-PTPRT TP53->-PIK3CA TP53->-PTPRT,3,3,3.000000,3,7.816758e-02,
PIK3CA->-PTPRT PIK3CA->-TP53 TP53->-PTPRT,3,3,4.000000,4,1.360404e-02,
ATM->-PIK3CA,2,1,9.000000,9,6.459920e-01,
ATM->-PIK3CA TP53->-ATM TP53->-PIK3CA,3,3,2.000000,2,2.637826e-01,
KMT2C->-GATA3,2,1,9.000000,9,2.843985e-01,
TP53->-EPHB1,2,1,9.000000,9,1.856040e-03,
ARID1A->-GATA3,2,1,9.000000,9,6.538108e-01,
ARID1A->-GATA3 ARID1A->-PIK3CA PIK3CA->-GATA3,3,3,2.000000,2,3.232037e-01,
AKT1->-CDH1,2,1,9.000000,9,4.345398e-01,
AKT1->-CDH1 AKT1->-TP53 CDH1->-TP53,3,3,3.000000,3,3.549383e-02,
TP53->-ROS1,2,1,9.000000,9,3.291907e-02,
CDH1->-MAP2K4,2,1,9.000000,9,4.999661e-02,
CDH1->-MAP2K4 CDH1->-PIK3CA MAP2K4->-PIK3CA,3,3,2.000000,2,2.871457e-01,
CDH1->-MAP2K4 CDH1->-TP53 TP53->-MAP2K4,3,3,2.000000,2,6.566510e-02,
CDH1->-CDK12 CDH1->-TP53 TP53->-CDK12,3,3,2.000000,2,9.247076e-03,
PIK3CA->-MAP2K4,2,1,9.000000,9,9.594130e-01,
CDH1->-MAP2K4 PIK3CA->-CDH1 PIK3CA->-MAP2K4,3,3,2.000000,2,2.871457e-01,
PTEN->-NF1,2,1,9.000000,9,3.114984e-02,
PTEN->-NF1 TP53->-NF1 TP53->-PTEN,3,3,5.000000,5,8.950062e-03,
PTEN->-NF1 PTEN->-TP53 TP53->-NF1,3,3,3.000000,3,1.782596e-01,
PIK3CA->-CREBBP,2,1,9.000000,9,2.434564e-01,
PIK3CA->-CREBBP TP53->-CREBBP TP53->-PIK3CA,3,3,2.000000,2,1.579490e-01,
MEN1->-PIK3CA,2,1,9.000000,9,4.873329e-02,
AKT1->-GATA3,2,1,9.000000,9,1.471561e-02,
TP53->-ZFHX3,2,1,9.000000,9,3.777348e-02,
PIK3CA->-FLT4,2,1,9.000000,9,6.408296e-02,
PIK3CA->-FLT4 PIK3CA->-TP53 TP53->-FLT4,3,3,2.000000,2,1.236662e-01,
TP53->-ERCC5,2,1,9.000000,9,7.233796e-04,
TP53->-SF3B1,2,1,9.000000,9,8.463542e-04,
PIK3CA->-SF3B1 TP53->-PIK3CA TP53->-SF3B1,3,3,2.000000,2,2.632245e-01,
PIK3CA->-SF3B1 PIK3CA->-TP53 TP53->-SF3B1,3,3,4.000000,4,8.701989e-03,
PIK3CA->-MED12,2,1,9.000000,9,3.950105e-02,
PIK3CA->-MED12 TP53->-MED12 TP53->-PIK3CA,3,3,2.000000,2,1.205771e-01,
PIK3CA->-MED12 PIK3CA->-TP53 TP53->-MED12,3,3,2.000000,2,1.205771e-01,
PIK3CA->-POLE,2,1,9.000000,9,4.655809e-03,
ERBB2->-PIK3CA,2,1,9.000000,9,4.931623e-01,
CDH1->-ERBB2 CDH1->-PIK3CA ERBB2->-PIK3CA,3,3,4.000000,4,5.983860e-02,
TP53->-POLE,2,1,9.000000,9,6.458747e-04,
PIK3CA->-POLE PIK3CA->-TP53 TP53->-POLE,3,3,5.000000,5,3.230993e-04,
CDH1->-PTPRD,2,1,9.000000,9,6.350062e-04,
CDH1->-PTPRD CDH1->-TP53 TP53->-PTPRD,3,3,3.000000,3,3.697654e-02,
CDH1->-PTPRD TP53->-CDH1 TP53->-PTPRD,3,3,3.000000,3,3.697654e-02,
TP53->-TET2,2,1,9.000000,9,5.464402e-04,
TP53->-SPEN,2,1,9.000000,9,6.180708e-02,
PIK3CA->-SPEN PIK3CA->-TP53 TP53->-SPEN,3,3,3.000000,3,1.438272e-02,
MAP3K1->-KMT2C,2,1,8.000000,8,7.029023e-01,
MAP3K1->-KMT2C MAP3K1->-PIK3CA PIK3CA->-KMT2C,3,3,3.000000,3,4.014776e-01,
MAP3K1->-KMT2C PIK3CA->-KMT2C PIK3CA->-MAP3K1,3,3,2.000000,2,6.873780e-01,
KMT2C->-PIK3CA MAP3K1->-KMT2C MAP3K1->-PIK3CA,3,3,2.000000,2,6.873780e-01,
FOXA1->-MAP3K1,2,1,8.000000,8,1.265704e-01,
FOXA1->-MAP3K1 PIK3CA->-FOXA1 PIK3CA->-MAP3K1,3,3,3.000000,3,1.393575e-01,
CDH1->-FOXA1 CDH1->-MAP3K1 CDH1->-PIK3CA FOXA1->-MAP3K1 PIK3CA->-FOXA1 PIK3CA->-MAP3K1,4,6,2.000000,2,5.063657e-03,
FOXA1->-MAP3K1 FOXA1->-PIK3CA PIK3CA->-MAP3K1,3,3,2.000000,2,4.000086e-01,
FOXA1->-MAP3K1 TP53->-FOXA1 TP53->-MAP3K1,3,3,3.000000,3,2.167759e-02,
PIK3CA->-ERBB2,2,1,8.000000,8,6.763081e-01,
CDH1->-ERBB2 CDH1->-PIK3CA PIK3CA->-ERBB2,3,3,4.000000,4,5.983860e-02,
PIK3CA->-ZFHX3,2,1,8.000000,8,3.257430e-01,
PIK3CA->-ARID2,2,1,8.000000,8,1.504762e-01,
PIK3CA->-ARID2 PIK3CA->-TP53 TP53->-ARID2,3,3,4.000000,4,5.402569e-03,
TP53->-TSC2,2,1,8.000000,8,5.927181e-02,
TP53->-RICTOR,2,1,8.000000,8,2.269595e-03,
PTEN->-KMT2C,2,1,8.000000,8,3.560927e-02,
PTEN->-KMT2C TP53->-KMT2C TP53->-PTEN,3,3,2.000000,2,8.854167e-02,
CDH1->-AKT1,2,1,8.000000,8,6.260715e-01,
TP53->-ANKRD11,2,1,8.000000,8,8.848422e-03,
CDH1->-BRCA2,2,1,8.000000,8,1.228666e-01,
CDH1->-BRCA2 TP53->-BRCA2 TP53->-CDH1,3,3,2.000000,2,4.513889e-02,
TBX3->-CDH1,2,1,8.000000,8,9.742490e-01,
CDH1->-PIK3CA TBX3->-CDH1 TBX3->-PIK3CA,3,3,3.000000,3,3.647389e-01,
PTEN->-CDH1,2,1,8.000000,8,6.508895e-01,
CDH1->-TP53 PTEN->-CDH1 PTEN->-TP53,3,3,2.000000,2,6.887589e-02,
CDH1->-SPEN,2,1,8.000000,8,7.343750e-02,
CDH1->-PIK3CA CDH1->-SPEN PIK3CA->-SPEN,3,3,2.000000,2,7.407407e-02,
PIK3CA->-PTPRS,2,1,8.000000,8,1.753613e-01,
PIK3CA->-PTPRS PIK3CA->-TP53 TP53->-PTPRS,3,3,3.000000,3,2.102623e-02,
PIK3CA->-PTPRD,2,1,8.000000,8,6.789221e-03,
CDH1->-PIK3CA CDH1->-PTPRD PIK3CA->-PTPRD,3,3,2.000000,2,1.149349e-01,
CDH1->-PTPRD PIK3CA->-CDH1 PIK3CA->-PTPRD,3,3,2.000000,2,1.149349e-01,
PIK3CA->-PTCH1,2,1,8.000000,8,1.581088e-02,
NCOR1->-TP53,2,1,8.000000,8,9.754838e-01,
NCOR1->-TP53 PIK3CA->-NCOR1 PIK3CA->-TP53,3,3,2.000000,2,3.838153e-01,
CDH1->-NCOR1 CDH1->-TP53 NCOR1->-TP53,3,3,2.000000,2,3.589096e-01,
PTEN->-MAP3K1,2,1,8.000000,8,8.059497e-02,
PTEN->-MAP3K1 TP53->-MAP3K1 TP53->-PTEN,3,3,2.000000,2,1.319444e-01,
MAP3K1->-PIK3CA PTEN->-MAP3K1 PTEN->-PIK3CA,3,3,2.000000,2,2.914352e-02,
CDH1->-MAP3K1 CDH1->-NF1 NF1->-MAP3K1 PTEN->-CDH1 PTEN->-MAP3K1 PTEN->-NF1,4,6,2.000000,2,1.478909e-03,
RUNX1->-PIK3CA,2,1,8.000000,8,9.856011e-01,
CDH1->-CREBBP,2,1,8.000000,8,7.581335e-02,
CDH1->-CREBBP CDH1->-PIK3CA PIK3CA->-CREBBP,3,3,4.000000,4,1.634064e-02,
KMT2C->-TP53,2,1,8.000000,8,9.994895e-01,
RB1->-TP53,2,1,8.000000,8,9.926684e-01,
CTCF->-PIK3CA,2,1,8.000000,8,6.372321e-02,
TP53->-BAP1,2,1,8.000000,8,1.065972e-02,
RUNX1->-CDH1,2,1,8.000000,8,9.339622e-01,
CDH1->-PIK3CA RUNX1->-CDH1 RUNX1->-PIK3CA,3,3,2.000000,2,5.579345e-01,
PIK3CA->-CDH1 RUNX1->-CDH1 RUNX1->-PIK3CA,3,3,2.000000,2,5.579345e-01,
CBFB->-MAP3K1,2,1,8.000000,8,4.531250e-02,
CBFB->-MAP3K1 CBFB->-PIK3CA MAP3K1->-PIK3CA,3,3,6.000000,6,2.848865e-04,
CBFB->-GATA3 CBFB->-MAP3K1 MAP3K1->-GATA3,3,3,2.000000,2,1.319444e-01,
CDH1->-NF1,2,1,8.000000,8,2.709037e-01,
CDH1->-NF1 CDH1->-PIK3CA PIK3CA->-NF1,3,3,3.000000,3,1.630651e-01,
PIK3CA->-CDKN1B,2,1,8.000000,8,6.013146e-01,
CDH1->-APC,2,1,8.000000,8,3.628027e-03,
TP53->-NOTCH1,2,1,8.000000,8,5.382387e-03,
PIK3CA->-KDR,2,1,8.000000,8,1.574915e-03,
TP53->-BRCA1,2,1,8.000000,8,2.105276e-02,
PIK3CA->-IGF1R,2,1,7.000000,7,2.125000e-03,
PIK3CA->-CARD11,2,1,7.000000,7,6.102460e-03,
PIK3CA->-CARD11 TP53->-CARD11 TP53->-PIK3CA,3,3,2.000000,2,1.212305e-01,
APC->-KMT2D APC->-MGA MGA->-KMT2D PIK3CA->-APC PIK3CA->-KMT2D PIK3CA->-MGA PIK3CA->-TP53 TP53->-APC TP53->-KMT2D TP53->-MGA,5,10,2.000000,2,4.051983e-04,
APC->-ATR APC->-CARD11 APC->-MGA CARD11->-ATR MGA->-ATR MGA->-CARD11 PIK3CA->-APC PIK3CA->-ATR PIK3CA->-CARD11 PIK3CA->-MGA PIK3CA->-TP53 TP53->-APC TP53->-ATR TP53->-CARD11 TP53->-MGA,6,15,2.000000,2,3.359991e-04,
APC->-ARID2 APC->-MGA MGA->-ARID2 PIK3CA->-APC PIK3CA->-ARID2 PIK3CA->-MGA PIK3CA->-TP53 TP53->-APC TP53->-ARID2 TP53->-MGA,5,10,2.000000,2,4.043097e-04,
GATA3->-TP53,2,1,7.000000,7,9.794819e-01,
TP53->-DNMT1,2,1,7.000000,7,1.822917e-03,
CDH1->-KMT2D,2,1,7.000000,7,2.129636e-02,
CDH1->-KMT2D CDH1->-PIK3CA PIK3CA->-KMT2D,3,3,2.000000,2,2.529305e-01,
CDH1->-KMT2D PIK3CA->-CDH1 PIK3CA->-KMT2D,3,3,2.000000,2,2.529305e-01,
CDH1->-EPHB1,2,1,7.000000,7,7.483553e-03,
CDH1->-EPHB1 CDH1->-TP53 TP53->-EPHB1,3,3,3.000000,3,4.109812e-03,
PIK3CA->-NSD1,2,1,7.000000,7,7.574405e-02,
PIK3CA->-BRCA2,2,1,7.000000,7,1.887351e-01,
CDH1->-BRCA2 CDH1->-PIK3CA CDH1->-TBX3 PIK3CA->-BRCA2 TBX3->-BRCA2 TBX3->-PIK3CA,4,6,2.000000,2,8.585165e-04,
PIK3CA->-DNMT3A,2,1,7.000000,7,2.710496e-02,
CDH1->-PTPRS,2,1,7.000000,7,6.950536e-03,
CDH1->-PTPRS CDH1->-TP53 TP53->-PTPRS,3,3,2.000000,2,2.465887e-02,
TP53->-MDC1,2,1,7.000000,7,6.371204e-02,
TP53->-MTOR,2,1,7.000000,7,1.478278e-02,
GATA3->-SPEN,2,1,7.000000,7,2.830492e-01,
MAP3K1->-ARID1A,2,1,7.000000,7,1.394231e-01,
MAP3K1->-ARID1A MAP3K1->-PIK3CA PIK3CA->-ARID1A,3,3,4.000000,4,3.065641e-02,
GATA3->-ARID1A MAP3K1->-ARID1A MAP3K1->-GATA3,3,3,3.000000,3,4.629630e-03,
PIK3CA->-RAD50,2,1,7.000000,7,4.203369e-02,
TP53->-DDR2,2,1,7.000000,7,1.035065e-02,
CDH1->-FAT1,2,1,7.000000,7,2.769858e-02,
CDH1->-FAT1 CDH1->-PIK3CA PIK3CA->-FAT1,3,3,2.000000,2,9.680522e-02,
CDH1->-ERBB3,2,1,7.000000,7,5.546875e-02,
PIK3CA->-PIK3C2G,2,1,7.000000,7,2.187500e-02,
PIK3CA->-DICER1,2,1,7.000000,7,2.889504e-02,
NCOR1->-GATA3,2,1,7.000000,7,2.233383e-02,
TP53->-PIK3C2G,2,1,7.000000,7,1.666667e-03,
PIK3CA->-PIK3C2G TP53->-PIK3C2G TP53->-PIK3CA,3,3,2.000000,2,1.259163e-01,
PIK3CA->-PIK3C2G PIK3CA->-TP53 TP53->-PIK3C2G,3,3,2.000000,2,1.259163e-01,
PTEN->-PIK3R1,2,1,7.000000,7,2.672053e-02,
PTEN->-PIK3R1 TP53->-PIK3R1 TP53->-PTEN,3,3,4.000000,4,3.582451e-04,
TP53->-KDM6A,2,1,7.000000,7,7.577211e-02,
TP53->-GRIN2A,2,1,7.000000,7,3.906250e-03,
CBFB->-CDH1,2,1,7.000000,7,9.020403e-01,
CBFB->-CDH1 CBFB->-PIK3CA CDH1->-PIK3CA,3,3,2.000000,2,4.573412e-01,
MAP2K4->-TP53,2,1,7.000000,7,7.745400e-01,
MAP2K4->-PIK3CA MAP2K4->-TP53 PIK3CA->-TP53,3,3,2.000000,2,2.100427e-01,
PIK3CA->-ARID5B,2,1,7.000000,7,2.137911e-02,
PIK3CA->-ARID5B TP53->-ARID5B TP53->-PIK3CA,3,3,2.000000,2,9.098904e-02,
ANKRD11->-ARID5B,2,1,2.000000,2,2.032020e-01,
PIK3CA->-ARID5B PIK3CA->-TP53 TP53->-ARID5B,3,3,2.000000,2,9.098904e-02,
CDH1->-SETD2,2,1,7.000000,7,6.250000e-03,
BRCA1->-SETD2 CDH1->-BRCA1 CDH1->-SETD2 TP53->-BRCA1 TP53->-CDH1 TP53->-SETD2,4,6,2.000000,2,1.736111e-03,
PIK3CA->-MDC1,2,1,7.000000,7,1.545224e-01,
PIK3CA->-MDC1 PIK3CA->-TP53 TP53->-MDC1,3,3,3.000000,3,5.280503e-02,
TP53->-INSR,2,1,7.000000,7,1.022569e-02,
CDH1->-KMT2A,2,1,7.000000,7,3.495519e-02,
TP53->-BCOR,2,1,7.000000,7,1.860119e-03,
RB1->-PIK3CA,2,1,7.000000,7,8.770205e-01,
PIK3CA->-MGA,2,1,7.000000,7,5.785372e-01,
TP53->-PALB2,2,1,7.000000,7,1.708413e-02,
TP53->-PDGFRA,2,1,7.000000,7,1.566667e-02,
PIK3CA->-EPHA5,2,1,7.000000,7,2.458162e-02,
PIK3CA->-EPHA5 TP53->-EPHA5 TP53->-PIK3CA,3,3,3.000000,3,2.194582e-02,
CDKN1B->-PIK3CA,2,1,7.000000,7,7.723868e-01,
MAP2K4->-GATA3,2,1,7.000000,7,6.368271e-02,
MAP2K4->-GATA3 MAP2K4->-PIK3CA PIK3CA->-GATA3,3,3,2.000000,2,3.740079e-02,
PIK3CA->-BCOR,2,1,7.000000,7,1.236744e-01,
PIK3CA->-BCOR PIK3CA->-PTEN PIK3CA->-TP53 PTEN->-BCOR TP53->-BCOR TP53->-PTEN,4,6,2.000000,2,1.659714e-03,
PIK3CA->-ATRX,2,1,6.000000,6,2.530382e-01,
NOTCH1->-PIK3CA,2,1,6.000000,6,5.178563e-01,
ESR1->-ARID1A,2,1,6.000000,6,2.292621e-01,
ESR1->-ARID1A PIK3CA->-ARID1A PIK3CA->-ESR1,3,3,3.000000,3,8.453208e-03,
TP53->-DOT1L,2,1,6.000000,6,2.944775e-02,
TP53->-PIK3CB,2,1,6.000000,6,5.867347e-03,
PIK3CA->-EPHB1,2,1,6.000000,6,6.212798e-02,
PIK3CA->-EPHB1 TP53->-EPHB1 TP53->-PIK3CA,3,3,2.000000,2,1.306196e-01,
PIK3CA->-EPHB1 PIK3CA->-TP53 TP53->-EPHB1,3,3,2.000000,2,1.306196e-01,
ATRX->-EPHB1 PIK3CA->-ATRX PIK3CA->-EPHB1,3,3,2.000000,2,2.714184e-02,
HNF1A->-EPHB1,2,1,2.000000,2,2.480159e-01,
CDH1->-EPHB1 CDH1->-PIK3CA PIK3CA->-EPHB1,3,3,3.000000,3,1.620370e-02,
ARID1A->-KMT2C,2,1,6.000000,6,5.867638e-01,
ARID1A->-KMT2C ARID1A->-NCOR1 KMT2C->-NCOR1 PIK3CA->-ARID1A PIK3CA->-KMT2C PIK3CA->-NCOR1,4,6,2.000000,2,5.063657e-03,
ARID1A->-KMT2C CDH1->-ARID1A CDH1->-KMT2C,3,3,2.000000,2,5.601343e-02,
CDH1->-FOXA1 CDH1->-KMT2C FOXA1->-KMT2C,3,3,2.000000,2,7.407407e-02,
ARID1A->-KMT2C ARID1A->-PIK3CA PIK3CA->-KMT2C,3,3,2.000000,2,3.699195e-01,
STK11->-PIK3CA,2,1,6.000000,6,2.490809e-01,
PIK3CA->-ANKRD11,2,1,6.000000,6,2.300517e-01,
PIK3CA->-ANKRD11 TP53->-ANKRD11 TP53->-PIK3CA,3,3,3.000000,3,1.557450e-02,
PIK3CA->-HIST1H1C,2,1,6.000000,6,5.288743e-02,
PIK3CA->-TET1,2,1,6.000000,6,1.440515e-01,
STAG2->-PIK3CA,2,1,6.000000,6,5.565798e-01,
PIK3CA->-ALK,2,1,6.000000,6,1.007813e-01,
CDH1->-RICTOR,2,1,6.000000,6,1.270012e-02,
CDH1->-PIK3CA CDH1->-RICTOR PIK3CA->-RICTOR,3,3,3.000000,3,1.280180e-02,
AKT1->-MAP3K1,2,1,6.000000,6,3.593750e-02,
KDM5C->-PIK3CA,2,1,6.000000,6,2.995573e-01,
ZFHX3->-PIK3CA,2,1,6.000000,6,7.328680e-01,
PIK3CA->-MTOR,2,1,6.000000,6,6.260248e-02,
PIK3CA->-MTOR PIK3CA->-TP53 TP53->-MTOR,3,3,3.000000,3,8.739607e-04,
MAP3K1->-TP53,2,1,6.000000,6,9.991322e-01,
MAP3K1->-ERBB3,2,1,6.000000,6,3.113250e-02,
PIK3CA->-PLK2,2,1,6.000000,6,3.644032e-02,
PIK3CA->-ROS1,2,1,6.000000,6,2.672610e-01,
KMT2C->-ARID1A,2,1,6.000000,6,5.867638e-01,
KMT2C->-ARID1A PIK3CA->-ARID1A PIK3CA->-KMT2C,3,3,2.000000,2,3.699195e-01,
KMT2C->-ARID1A KMT2C->-PIK3CA PIK3CA->-ARID1A,3,3,2.000000,2,3.699195e-01,
GATA3->-ARID1A KMT2C->-ARID1A KMT2C->-GATA3,3,3,2.000000,2,2.777778e-02,
PIK3CA->-ERBB3,2,1,6.000000,6,3.812525e-01,
PIK3CA->-ERBB3 TP53->-ERBB3 TP53->-PIK3CA,3,3,2.000000,2,8.152392e-02,
MAP3K1->-ERBB3 MAP3K1->-PIK3CA PIK3CA->-ERBB3,3,3,2.000000,2,1.857645e-01,
ATM->-GATA3,2,1,6.000000,6,1.132102e-01,
ATM->-GATA3 ATM->-PIK3CA GATA3->-PIK3CA,3,3,2.000000,2,4.292929e-02,
ATM->-SPEN,2,1,2.000000,2,8.342548e-01,
PIK3CA->-NUP93,2,1,6.000000,6,4.910714e-02,
GATA3->-KMT2C,2,1,6.000000,6,8.361146e-01,
TP53->-HNF1A,2,1,6.000000,6,7.430679e-02,
TP53->-JAK3,2,1,6.000000,6,3.706605e-02,
TP53->-KDM5A,2,1,6.000000,6,1.247259e-02,
TP53->-PIK3CG,2,1,6.000000,6,3.882058e-02,
CDH1->-ATRX,2,1,6.000000,6,6.052632e-02,
CDH1->-ATRX CDH1->-PIK3CA PIK3CA->-ATRX,3,3,3.000000,3,1.620370e-02,
TP53->-STK11,2,1,6.000000,6,5.436581e-02,
TP53->-RECQL4,2,1,6.000000,6,6.462597e-02,
PIK3CA->-AR,2,1,6.000000,6,2.286659e-01,
TP53->-TP63,2,1,6.000000,6,1.041667e-02,
TP53->-IGF1R,2,1,6.000000,6,8.100000e-03,
PIK3CA->-IGF1R TP53->-IGF1R TP53->-PIK3CA,3,3,3.000000,3,5.787037e-04,
MGA->-PIK3CA,2,1,6.000000,6,7.649786e-01,
KMT2C->-NCOR1,2,1,6.000000,6,1.132102e-01,
KMT2C->-NCOR1 PIK3CA->-KMT2C PIK3CA->-NCOR1,3,3,4.000000,4,3.343621e-03,
CDH1->-KMT2C CDH1->-NCOR1 KMT2C->-NCOR1,3,3,3.000000,3,3.549383e-02,
MAP3K1->-NCOR1,2,1,6.000000,6,2.537686e-01,
MAP3K1->-NCOR1 MAP3K1->-PIK3CA NCOR1->-PIK3CA,3,3,2.000000,2,2.498285e-01,
PIK3CA->-STAG2,2,1,6.000000,6,5.565798e-01,
PIK3CA->-STAG2 TP53->-PIK3CA TP53->-STAG2,3,3,2.000000,2,8.225385e-02,
CDH1->-PIK3CA CDH1->-STAG2 PIK3CA->-STAG2,3,3,2.000000,2,1.149349e-01,
PIK3CA->-TET2,2,1,6.000000,6,2.393229e-01,
PIK3CA->-NOTCH1,2,1,6.000000,6,5.178563e-01,
PIK3CA->-NOTCH1 TP53->-NOTCH1 TP53->-PIK3CA,3,3,2.000000,2,8.854167e-02,
TP53->-SOX17,2,1,6.000000,6,5.655864e-02,
CDH1->-RB1,2,1,6.000000,6,9.359375e-02,
CDH1->-RB1 CDH1->-TP53 TP53->-RB1,3,3,2.000000,2,1.319444e-01,
CDH1->-RB1 TP53->-CDH1 TP53->-RB1,3,3,2.000000,2,1.319444e-01,
PIK3CA->-BRCA1,2,1,6.000000,6,1.768133e-01,
PIK3CA->-BRCA1 PIK3CA->-TP53 TP53->-BRCA1,3,3,2.000000,2,7.273065e-02,
GATA3->-ESR1,2,1,6.000000,6,9.328306e-01,
GATA3->-ESR1 GATA3->-PIK3CA PIK3CA->-ESR1,3,3,2.000000,2,4.263322e-01,
MAP3K1->-TBX3,2,1,6.000000,6,1.958250e-01,
MAP3K1->-PIK3CA MAP3K1->-TBX3 PIK3CA->-TBX3,3,3,2.000000,2,1.911123e-01,
GATA3->-PIK3CA GATA3->-TBX3 PIK3CA->-TBX3,3,3,2.000000,2,1.540257e-01,
PIK3CA->-CIC,2,1,6.000000,6,1.562500e-02,
TP53->-MGA,2,1,6.000000,6,9.151685e-02,
PIK3CA->-MGA TP53->-MGA TP53->-PIK3CA,3,3,3.000000,3,4.836225e-02,
PIK3CA->-MST1R,2,1,6.000000,6,4.050926e-03,
TP53->-DNMT3A,2,1,6.000000,6,1.079695e-01,
TP53->-KDR,2,1,6.000000,6,1.195674e-01,
PIK3CA->-KDR TP53->-KDR TP53->-PIK3CA,3,3,2.000000,2,2.219158e-01,
PIK3CA->-KDR PIK3CA->-TP53 TP53->-KDR,3,3,3.000000,3,4.614516e-02,
PIK3CA->-FGFR2,2,1,6.000000,6,4.741567e-02,
PIK3CA->-SETD2,2,1,6.000000,6,3.280920e-01,
ARID1A->-PIK3CA ARID1A->-SETD2 CDH1->-ARID1A CDH1->-PIK3CA CDH1->-SETD2 PIK3CA->-SETD2,4,6,2.000000,2,5.063657e-03,
GATA3->-CDKN1B,2,1,6.000000,6,1.562500e-02,
CDKN1B->-PIK3CA GATA3->-CDKN1B GATA3->-PIK3CA,3,3,2.000000,2,1.319444e-01,
CBFB->-TP53,2,1,6.000000,6,1.178125e-01,
CBFB->-PIK3CA CBFB->-TP53 TP53->-PIK3CA,3,3,3.000000,3,2.584877e-02,
CDH1->-PTCH1,2,1,6.000000,6,6.009745e-02,
CDH1->-PIK3CA CDH1->-PTCH1 PIK3CA->-PTCH1,3,3,2.000000,2,1.250511e-01,
TP53->-RPTOR,2,1,6.000000,6,3.229167e-02,
PIK3CA->-SMAD4,2,1,6.000000,6,1.056250e-01,
PTEN->-ARID1A,2,1,6.000000,6,4.347718e-02,
ESR1->-CDH1,2,1,6.000000,6,9.649475e-01,
TP53->-NBN,2,1,6.000000,6,7.291667e-03,
PIK3CA->-CBFB,2,1,6.000000,6,9.999970e-01,
TP53->-RAD50,2,1,6.000000,6,2.270643e-02,
PIK3CA->-RAD50 TP53->-PIK3CA TP53->-RAD50,3,3,2.000000,2,4.209651e-02,
PIK3CA->-RAD50 PIK3CA->-TP53 TP53->-RAD50,3,3,2.000000,2,4.209651e-02,
TP53->-NOTCH3,2,1,6.000000,6,3.651620e-02,
KMT2C->-FAT1,2,1,6.000000,6,2.137630e-01,
KMT2C->-FAT1 PIK3CA->-FAT1 PIK3CA->-KMT2C,3,3,2.000000,2,2.040140e-01,
PIK3CA->-APC,2,1,6.000000,6,3.055011e-01,
PIK3CA->-APC PIK3CA->-TP53 TP53->-APC,3,3,4.000000,4,2.019339e-03,
APC->-NCOR1 CDH1->-APC CDH1->-NCOR1 CDH1->-PIK3CA PIK3CA->-APC PIK3CA->-NCOR1,4,6,2.000000,2,1.736111e-03,
TET1->-ARID1A,2,1,5.000000,5,2.232143e-02,
ARID1A->-FAT1,2,1,5.000000,5,6.144525e-02,
ESR1->-FAT1,2,1,5.000000,5,6.995683e-02,
ESR1->-FAT1 PIK3CA->-ESR1 PIK3CA->-FAT1,3,3,2.000000,2,5.820106e-02,
MEN1->-KMT2C,2,1,5.000000,5,7.163383e-02,
KMT2C->-GATA3 MEN1->-GATA3 MEN1->-KMT2C,3,3,2.000000,2,2.777778e-02,
TP53->-RAF1,2,1,5.000000,5,9.953535e-03,
TP53->-TSC1,2,1,5.000000,5,1.475073e-01,
CDH1->-NSD1,2,1,5.000000,5,2.902422e-02,
CDH1->-NSD1 CDH1->-TP53 TP53->-NSD1,3,3,2.000000,2,2.777778e-02,
CDH1->-FOXA1 CDH1->-NSD1 CDH1->-PIK3CA NSD1->-FOXA1 PIK3CA->-FOXA1 PIK3CA->-NSD1,4,6,2.000000,2,1.736111e-03,
PIK3CA->-GLI1,2,1,5.000000,5,2.384768e-02,
CBFB->-AKT1,2,1,5.000000,5,3.404948e-01,
CBFB->-ARID1A,2,1,5.000000,5,2.708333e-02,
CHEK2->-PIK3CA,2,1,5.000000,5,8.296784e-02,
GATA3->-EGFR,2,1,5.000000,5,3.125000e-02,
PIK3CA->-EGFR,2,1,5.000000,5,5.833333e-02,
GATA3->-EGFR GATA3->-PIK3CA PIK3CA->-EGFR,3,3,2.000000,2,2.777778e-02,
TP53->-KIT,2,1,5.000000,5,1.088582e-02,
PIK3CA->-BRIP1,2,1,5.000000,5,4.960317e-02,
ARID1A->-GRIN2A,2,1,5.000000,5,2.291667e-02,
TP53->-EPHA7,2,1,5.000000,5,6.196442e-02,
SPEN->-PIK3CA,2,1,5.000000,5,9.658142e-01,
TP53->-BRD4,2,1,5.000000,5,5.729167e-02,
PIK3CA->-NOTCH3,2,1,5.000000,5,1.407407e-01,
PIK3CA->-JAK3,2,1,5.000000,5,1.473094e-01,
TP53->-HIST1H3B,2,1,5.000000,5,5.127895e-02,
TP53->-RFWD2,2,1,5.000000,5,7.570201e-02,
PIK3CA->-RFWD2,2,1,5.000000,5,2.470095e-01,
TP53->-TCF7L2,2,1,5.000000,5,2.839052e-02,
TP53->-AR,2,1,5.000000,5,2.455357e-02,
PIK3CA->-AR PIK3CA->-TP53 TP53->-AR,3,3,3.000000,3,4.629630e-03,
PIK3CA->-EP300,2,1,5.000000,5,4.264187e-01,
ESR1->-MAP3K1,2,1,5.000000,5,5.315505e-01,
ESR1->-MAP3K1 PIK3CA->-ESR1 PIK3CA->-MAP3K1,3,3,2.000000,2,2.799694e-01,
MEN1->-ARID1A,2,1,5.000000,5,3.125000e-02,
MEN1->-ARID1A MEN1->-PIK3CA PIK3CA->-ARID1A,3,3,2.000000,2,7.407407e-02,
KMT2C->-ARID1A MEN1->-ARID1A MEN1->-KMT2C,3,3,2.000000,2,7.407407e-02,
KMT2C->-CDH1,2,1,5.000000,5,9.998929e-01,
TBX3->-TP53,2,1,5.000000,5,9.628629e-01,
TBX3->-PIK3CA TBX3->-TP53 TP53->-PIK3CA,3,3,2.000000,2,2.572441e-01,
TP53->-ARAF,2,1,5.000000,5,4.263185e-02,
TP53->-INPP4B,2,1,5.000000,5,5.241618e-02,
TP53->-MET,2,1,5.000000,5,1.263889e-02,
TP53->-MAP3K13,2,1,5.000000,5,1.249127e-01,
TP53->-TERT,2,1,5.000000,5,1.550514e-01,
PTEN->-SF3B1,2,1,5.000000,5,3.460286e-01,
PIK3CA->-SF3B1 PTEN->-PIK3CA PTEN->-SF3B1,3,3,2.000000,2,8.854167e-02,
CREBBP->-PIK3CA,2,1,5.000000,5,9.117140e-01,
PIK3CA->-DNMT1,2,1,5.000000,5,2.519231e-02,
PTEN->-GATA3,2,1,5.000000,5,2.561921e-01,
PTEN->-GATA3 TP53->-GATA3 TP53->-PTEN,3,3,2.000000,2,1.335152e-02,
CDH1->-AR,2,1,5.000000,5,9.134615e-02,
TP53->-FGFR4,2,1,5.000000,5,1.250000e-02,
NCOR1->-MED12,2,1,5.000000,5,1.925223e-02,
NCOR1->-MED12 TP53->-MED12 TP53->-NCOR1,3,3,3.000000,3,7.198365e-03,
NCOR1->-MED12 NCOR1->-PIK3CA PIK3CA->-MED12,3,3,2.000000,2,5.753968e-02,
NF1->-PIK3R1,2,1,5.000000,5,2.182158e-01,
NF1->-PIK3R1 TP53->-NF1 TP53->-PIK3R1,3,3,2.000000,2,1.319444e-01,
NF1->-PIK3R1 PTEN->-NF1 PTEN->-PIK3R1,3,3,2.000000,2,1.255144e-01,
TP53->-AXIN2,2,1,5.000000,5,7.486111e-03,
CREBBP->-KMT2C,2,1,5.000000,5,7.874668e-02,
CREBBP->-KMT2C TP53->-CREBBP TP53->-KMT2C,3,3,2.000000,2,6.046646e-02,
CREBBP->-KMT2C PIK3CA->-CREBBP PIK3CA->-KMT2C,3,3,3.000000,3,2.318346e-02,
CDH1->-CREBBP CDH1->-KMT2C CDH1->-PIK3CA CREBBP->-KMT2C PIK3CA->-CREBBP PIK3CA->-KMT2C,4,6,2.000000,2,5.882393e-03,
ARID1A->-CREBBP ARID1A->-KMT2C CREBBP->-KMT2C,3,3,2.000000,2,1.694139e-02,
CDH1->-RFWD2,2,1,5.000000,5,1.591654e-01,
ARID1A->-CDH1,2,1,5.000000,5,9.950923e-01,
ARID1A->-CDH1 ARID1A->-PIK3CA CDH1->-PIK3CA,3,3,2.000000,2,6.830289e-01,
CDH1->-STAG2,2,1,5.000000,5,2.540025e-02,
ERBB2->-MAP3K1,2,1,5.000000,5,1.765692e-01,
ERBB2->-MAP3K1 ERBB2->-PIK3CA PIK3CA->-MAP3K1,3,3,2.000000,2,7.407407e-02,
TP53->-ERBB2,2,1,5.000000,5,5.535265e-01,
CDH1->-ERBB2 CDH1->-TP53 TP53->-ERBB2,3,3,2.000000,2,2.435375e-01,
TP53->-PBRM1,2,1,5.000000,5,2.102188e-01,
CDH1->-IKZF1,2,1,5.000000,5,3.125000e-02,
TP53->-POLD1,2,1,5.000000,5,8.125000e-03,
SPEN->-GATA3,2,1,5.000000,5,7.228592e-01,
TP53->-PAK7,2,1,5.000000,5,2.453704e-02,
GATA3->-TBX3,2,1,5.000000,5,1.393825e-01,
GATA3->-PIK3CA GATA3->-TBX3 TBX3->-PIK3CA,3,3,2.000000,2,1.540257e-01,
GATA3->-TBX3 MAP3K1->-GATA3 MAP3K1->-TBX3,3,3,2.000000,2,9.837963e-02,
CDH1->-MED12,2,1,5.000000,5,8.728372e-02,
CDH1->-MED12 PIK3CA->-CDH1 PIK3CA->-MED12,3,3,2.000000,2,1.644227e-01,
PIK3CA->-TERT,2,1,5.000000,5,5.000000e-02,
PIK3R1->-TP53,2,1,5.000000,5,9.873518e-01,
ERBB2->-KMT2C,2,1,5.000000,5,2.046259e-01,
CDH1->-ATR CDH1->-ERBB2 CDH1->-PIK3CA ERBB2->-ATR ERBB2->-PIK3CA PIK3CA->-ATR,4,6,2.000000,2,1.072689e-03,
CDH1->-ATR CDH1->-ERBB2 CDH1->-KMT2C ERBB2->-ATR ERBB2->-KMT2C KMT2C->-ATR,4,6,2.000000,2,1.072689e-03,
CDH1->-KMT2C ERBB2->-CDH1 ERBB2->-KMT2C,3,3,2.000000,2,1.773454e-01,
KMT2C->-PARP1 TP53->-KMT2C TP53->-PARP1,3,3,2.000000,2,1.961321e-02,
ERBB2->-KMT2C ERBB2->-PARP1 ERBB2->-PIK3CA KMT2C->-PARP1 PIK3CA->-KMT2C PIK3CA->-PARP1,4,6,2.000000,2,1.072689e-03,
TP53->-XPO1,2,1,5.000000,5,7.175077e-02,
MAP3K1->-NOTCH4,2,1,5.000000,5,2.320906e-02,
MAP3K1->-NOTCH4 TP53->-MAP3K1 TP53->-NOTCH4,3,3,2.000000,2,1.556588e-02,
MAP3K1->-NOTCH4 MAP3K1->-PIK3CA PIK3CA->-NOTCH4,3,3,2.000000,2,1.065030e-01,
MAP3K1->-NOTCH4 MAP3K1->-TRAF2 NOTCH4->-TRAF2 PIK3CA->-MAP3K1 PIK3CA->-NOTCH4 PIK3CA->-TRAF2,4,6,2.000000,2,7.417441e-04,
PIK3CA->-GRIN2A,2,1,5.000000,5,1.527778e-01,
NF1->-CDH1,2,1,5.000000,5,8.540255e-01,
CDH1->-PIK3CA NF1->-CDH1 NF1->-PIK3CA,3,3,2.000000,2,4.356349e-01,
NF1->-CDH1 NF1->-PIK3CA PIK3CA->-CDH1,3,3,2.000000,2,4.356349e-01,
FOXA1->-GATA3,2,1,5.000000,5,4.498698e-01,
FOXA1->-GATA3 FOXA1->-MAP3K1 MAP3K1->-GATA3,3,3,2.000000,2,9.722222e-02,
CDH1->-RAD50,2,1,5.000000,5,2.359111e-02,
CDH1->-PIK3CA CDH1->-RAD50 PIK3CA->-RAD50,3,3,2.000000,2,6.046646e-02,
CDH1->-RAD50 TP53->-CDH1 TP53->-RAD50,3,3,2.000000,2,1.961321e-02,
TP53->-PARP1,2,1,5.000000,5,2.201355e-02,
PIK3CA->-PARP1,2,1,5.000000,5,6.019323e-02,
PIK3CA->-PARP1 PIK3CA->-TP53 TP53->-PARP1,3,3,2.000000,2,6.046646e-02,
TP53->-PTCH1,2,1,5.000000,5,1.214198e-01,
PIK3CA->-PTCH1 PIK3CA->-TP53 TP53->-PTCH1,3,3,2.000000,2,1.237578e-01,
ERBB2->-TP53,2,1,5.000000,5,5.535265e-01,
AKT1->-NOTCH2,2,1,5.000000,5,1.015873e-02,
ERBB2->-RUNX1,2,1,5.000000,5,2.265625e-01,
CDH1->-ERBB2 CDH1->-RUNX1 ERBB2->-RUNX1,3,3,2.000000,2,1.962449e-01,
TP53->-CEBPA,2,1,5.000000,5,2.083333e-02,
NCOR1->-RUNX1,2,1,5.000000,5,3.632812e-01,
NCOR1->-RUNX1 PIK3CA->-NCOR1 PIK3CA->-RUNX1,3,3,2.000000,2,2.632245e-01,
NCOR1->-PIK3CA NCOR1->-RUNX1 PIK3CA->-RUNX1,3,3,2.000000,2,2.632245e-01,
ARID2->-GATA3,2,1,5.000000,5,1.953125e-01,
ARID2->-ARID1A,2,1,5.000000,5,3.081710e-01,
ARID2->-ARID1A TP53->-ARID1A TP53->-ARID2,3,3,2.000000,2,7.301418e-02,
EPHA5->-ARID1A,2,1,2.000000,2,4.980159e-01,
TP53->-JAK1,2,1,5.000000,5,3.271701e-01,
NCOR1->-CDH1,2,1,5.000000,5,9.931590e-01,
NCOR1->-CDH1 TP53->-CDH1 TP53->-NCOR1,3,3,2.000000,2,3.589096e-01,
CDH1->-RUNX1 NCOR1->-CDH1 NCOR1->-RUNX1,3,3,2.000000,2,1.319444e-01,
PIK3CA->-BAP1,2,1,5.000000,5,1.875000e-01,
PIK3CA->-BAP1 PIK3CA->-TP53 TP53->-BAP1,3,3,2.000000,2,2.777778e-02,
KMT2D->-PIK3CA,2,1,5.000000,5,9.875090e-01,
CDH1->-KMT2D CDH1->-PIK3CA KMT2D->-PIK3CA,3,3,2.000000,2,2.529305e-01,
PTEN->-GRIN2A,2,1,5.000000,5,3.125000e-02,
ARID1A->-GRIN2A PTEN->-ARID1A PTEN->-GRIN2A,3,3,2.000000,2,2.777778e-02,
BRCA2->-GRIN2A PTEN->-BRCA2 PTEN->-GRIN2A,3,3,2.000000,2,2.777778e-02,
PIK3CA->-GRIN2A PTEN->-GRIN2A PTEN->-PIK3CA,3,3,2.000000,2,7.407407e-02,
MAP2K4->-PTEN,2,1,5.000000,5,3.575247e-01,
GATA3->-CREBBP,2,1,5.000000,5,1.909722e-02,
CREBBP->-MAP3K1 GATA3->-CREBBP GATA3->-MAP3K1 GATA3->-PIK3CA PIK3CA->-CREBBP PIK3CA->-MAP3K1,4,6,2.000000,2,1.736111e-03,
TP53->-GLI1,2,1,5.000000,5,6.326936e-03,
TP53->-CIC,2,1,5.000000,5,9.418403e-02,
PIK3CA->-CIC TP53->-CIC TP53->-PIK3CA,3,3,2.000000,2,7.407407e-02,
TP53->-IRF4,2,1,5.000000,5,1.111111e-02,
TP53->-SMARCA4,2,1,5.000000,5,2.256324e-01,
TP53->-TRAF2,2,1,5.000000,5,1.370528e-02,
PIK3CA->-KRAS,2,1,5.000000,5,3.376886e-01,
PIK3CA->-BLM,2,1,5.000000,5,8.564645e-02,
TP53->-PIK3R2,2,1,5.000000,5,1.388889e-02,
PIK3CA->-ERCC4,2,1,5.000000,5,5.448718e-02,
ARID1A->-IKZF1,2,1,5.000000,5,3.125000e-02,
ARID1A->-IKZF1 ARID1A->-PIK3CA CDH1->-ARID1A CDH1->-IKZF1 CDH1->-PIK3CA IKZF1->-PIK3CA,4,6,2.000000,2,1.736111e-03,
AKT1->-KMT2C,2,1,5.000000,5,2.202932e-01,
AKT1->-KMT2C AKT1->-TP53 TP53->-KMT2C,3,3,2.000000,2,3.935185e-02,
RUNX1->-TP53,2,1,5.000000,5,9.884491e-01,
PTPRS->-PIK3CA,2,1,5.000000,5,7.775196e-01,
PTPRS->-PIK3CA TP53->-PIK3CA TP53->-PTPRS,3,3,2.000000,2,1.480195e-01,
CDH1->-PIK3CA CDH1->-PTPRS PTPRS->-PIK3CA,3,3,2.000000,2,7.407407e-02,
TP53->-TET1,2,1,5.000000,5,8.705357e-02,
TP53->-ERBB4,2,1,5.000000,5,6.458333e-02,
CBFB->-NCOR1,2,1,5.000000,5,2.916667e-02,
CBFB->-NCOR1 CBFB->-PIK3CA NCOR1->-PIK3CA,3,3,2.000000,2,1.319444e-01,
CBFB->-NCOR1 CBFB->-TP53 TP53->-NCOR1,3,3,2.000000,2,1.203704e-01,
CDH1->-DNMT1,2,1,5.000000,5,3.125000e-02,
CDH1->-DNMT1 CDH1->-PIK3CA PIK3CA->-DNMT1,3,3,2.000000,2,2.777778e-02,
RHOA->-PIK3CA,2,1,5.000000,5,8.147321e-02,
CDH1->-XPO1,2,1,5.000000,5,3.125000e-02,
ARID1B->-PIK3CA,2,1,5.000000,5,2.688024e-01,
ARID1B->-PIK3CA TP53->-ARID1B TP53->-PIK3CA,3,3,2.000000,2,1.187316e-01,
AKT1->-MAP2K4,2,1,5.000000,5,9.821429e-02,
ERBB2->-TBX3,2,1,5.000000,5,2.422161e-01,
CDH1->-TBX3 ERBB2->-CDH1 ERBB2->-TBX3,3,3,2.000000,2,1.212545e-01,
GPS2->-PIK3CA,2,1,5.000000,5,2.665755e-01,
FAT1->-RICTOR,2,1,4.000000,4,1.701511e-01,
TET1->-FAT1,2,1,4.000000,4,2.982456e-01,
PIK3CA->-FAT1 PIK3CA->-TET1 TET1->-FAT1,3,3,2.000000,2,1.309292e-01,
PIK3CA->-FAT1 PIK3CA->-RB1 RB1->-FAT1,3,3,2.000000,2,1.309292e-01,
NCOR1->-FAT1 NCOR1->-TET1 TET1->-FAT1,3,3,2.000000,2,2.729045e-02,
ARID1A->-FAT1 TET1->-ARID1A TET1->-FAT1,3,3,2.000000,2,1.190476e-02,
TET1->-FAT1 TP53->-FAT1 TP53->-TET1,3,3,2.000000,2,4.761905e-02,
FAT1->-PIK3CA,2,1,4.000000,4,9.996206e-01,
FAT1->-PIK3CA FAT1->-RICTOR PIK3CA->-RICTOR,3,3,2.000000,2,1.150707e-01,
SETD2->-PIK3CA,2,1,4.000000,4,7.940207e-01,
CDH1->-PIK3CA CDH1->-SETD2 SETD2->-PIK3CA,3,3,2.000000,2,1.673097e-01,
CDH1->-SMO,2,1,4.000000,4,2.096528e-02,
TP53->-RBM10,2,1,4.000000,4,2.777778e-02,
KMT2C->-BRCA2,2,1,4.000000,4,6.246728e-01,
KMT2A->-GATA3,2,1,4.000000,4,1.875000e-01,
TP53->-CDK8,2,1,4.000000,4,6.288066e-02,
TP53->-EZH2,2,1,4.000000,4,1.458333e-01,
FOXA1->-KMT2C,2,1,4.000000,4,2.561154e-01,
FOXA1->-KMT2C PIK3CA->-FOXA1 PIK3CA->-KMT2C,3,3,3.000000,3,2.941744e-02,
FOXA1->-KMT2C TP53->-FOXA1 TP53->-KMT2C,3,3,2.000000,2,4.461279e-02,
PIK3CA->-EZH2,2,1,4.000000,4,1.625000e-01,
PIK3CA->-EZH2 PIK3CA->-TP53 TP53->-EZH2,3,3,2.000000,2,7.407407e-02,
NCOR1->-RB1,2,1,4.000000,4,2.552342e-01,
NCOR1->-PIK3CA NCOR1->-RB1 PIK3CA->-RB1,3,3,2.000000,2,7.326186e-02,
PIK3CA->-FOXP1,2,1,4.000000,4,3.989317e-01,
TP53->-IKZF1,2,1,4.000000,4,9.114465e-02,
CDH1->-PIK3CA ZFHX3->-CDH1 ZFHX3->-PIK3CA,3,3,4.000000,4,3.343621e-03,
PIK3CA->-BARD1,2,1,4.000000,4,1.850553e-01,
PIK3CA->-BARD1 TP53->-BARD1 TP53->-PIK3CA,3,3,2.000000,2,5.570318e-02,
PIK3CA->-SMARCA4,2,1,4.000000,4,6.356337e-01,
PIK3CA->-PDGFRA,2,1,4.000000,4,4.409722e-01,
PIK3CA->-HIST1H3I,2,1,4.000000,4,1.865079e-01,
CDH1->-MTOR,2,1,4.000000,4,4.553571e-01,
CDH1->-MTOR CDH1->-PIK3CA PIK3CA->-MTOR,3,3,2.000000,2,9.887566e-02,
CDH1->-KDR,2,1,4.000000,4,5.974265e-02,
CDH1->-KDR CDH1->-PIK3CA PIK3CA->-KDR,3,3,2.000000,2,2.446895e-02,
PIK3CA->-BRD4,2,1,4.000000,4,1.046549e-01,
MAP2K4->-JAK3,2,1,4.000000,4,4.922515e-02,
MAP2K4->-JAK3 TP53->-JAK3 TP53->-MAP2K4,3,3,2.000000,2,1.726121e-02,
CDH1->-JAK3,2,1,4.000000,4,4.789474e-02,
CDH1->-JAK3 CDH1->-PIK3CA PIK3CA->-JAK3,3,3,2.000000,2,2.777778e-02,
CDH1->-JAK3 CDH1->-MAP2K4 MAP2K4->-JAK3,3,3,2.000000,2,2.465887e-02,
TP53->-IRS1,2,1,4.000000,4,5.678105e-02,
CARD11->-ATR TP53->-ATR TP53->-CARD11,3,3,4.000000,4,1.863708e-03,
CARD11->-ATR PIK3CA->-ATR PIK3CA->-CARD11,3,3,3.000000,3,3.786331e-03,
EPHA7->-PIK3CA,2,1,4.000000,4,1.760621e-01,
EPHA7->-PIK3CA TP53->-EPHA7 TP53->-PIK3CA,3,3,2.000000,2,2.325027e-02,
ERBB3->-PIK3CA,2,1,4.000000,4,8.220144e-01,
ERBB3->-PIK3CA MAP3K1->-ERBB3 MAP3K1->-PIK3CA,3,3,3.000000,3,3.234973e-02,
NF1->-KMT2C,2,1,4.000000,4,3.326211e-01,
TP53->-PLK2,2,1,4.000000,4,1.479152e-01,
PIK3CA->-CDKN2A,2,1,4.000000,4,1.255787e-01,
PIK3CA->-CDKN2A TP53->-CDKN2A TP53->-PIK3CA,3,3,2.000000,2,6.746032e-02,
GATA3->-FLT3,2,1,4.000000,4,1.339286e-01,
MEN1->-SPEN,2,1,4.000000,4,6.250000e-02,
GATA3->-SPEN MEN1->-GATA3 MEN1->-SPEN,3,3,2.000000,2,7.407407e-02,
STAG2->-GATA3,2,1,4.000000,4,1.875000e-01,
PIK3CA->-IRS1,2,1,4.000000,4,4.260435e-01,
SMARCA4->-PIK3CA,2,1,4.000000,4,6.356337e-01,
RECQL4->-PIK3CA,2,1,4.000000,4,4.552754e-01,
KMT2C->-ESR1,2,1,4.000000,4,9.259259e-02,
BRCA2->-PIK3CA,2,1,4.000000,4,8.286226e-01,
PTEN->-ATRX,2,1,4.000000,4,1.812657e-01,
PTEN->-ATRX TP53->-ATRX TP53->-PTEN,3,3,2.000000,2,1.241516e-01,
PTEN->-TBX3,2,1,4.000000,4,5.986842e-02,
TP53->-PIM1,2,1,4.000000,4,2.808642e-02,
TP53->-MAP2K1,2,1,4.000000,4,3.240741e-02,
TP53->-SDHB,2,1,4.000000,4,3.694285e-01,
CDH1->-CTCF,2,1,4.000000,4,1.517857e-01,
MAP3K1->-ESR1,2,1,4.000000,4,7.647236e-01,
ESR1->-PIK3CA MAP3K1->-ESR1 MAP3K1->-PIK3CA,3,3,2.000000,2,2.799694e-01,
TP53->-IRS2,2,1,4.000000,4,1.822121e-01,
TP53->-AXIN1,2,1,4.000000,4,1.065741e-01,
FOXA1->-TP53,2,1,4.000000,4,9.728365e-01,
PIK3CA->-PIK3CG,2,1,4.000000,4,3.606955e-01,
PIK3CA->-HNF1A,2,1,4.000000,4,1.623733e-01,
PTEN->-ATR,2,1,4.000000,4,5.314626e-02,
PTEN->-ATR TP53->-ATR TP53->-PTEN,3,3,3.000000,3,4.523640e-03,
PIK3CA->-ATR PIK3CA->-PTEN PTEN->-ATR,3,3,2.000000,2,5.826950e-02,
MGA->-ATR MGA->-PTEN PTEN->-ATR,3,3,2.000000,2,1.841768e-02,
MGA->-PTPRT,2,1,2.000000,2,2.125850e-01,
NF1->-MED12,2,1,4.000000,4,1.785969e-01,
NF1->-MED12 TP53->-MED12 TP53->-NF1,3,3,2.000000,2,7.407407e-02,
NF1->-MAP3K1,2,1,4.000000,4,3.326211e-01,
NF1->-MAP3K1 TP53->-MAP3K1 TP53->-NF1,3,3,3.000000,3,1.620370e-02,
NF1->-MAP3K1 PTEN->-MAP3K1 PTEN->-NF1,3,3,3.000000,3,4.115226e-03,
TP53->-IFNGR1,2,1,4.000000,4,3.194444e-02,
TP53->-PRDM1,2,1,4.000000,4,4.583333e-02,
MAP3K1->-NSD1,2,1,4.000000,4,4.680377e-01,
MAP3K1->-NSD1 TP53->-MAP3K1 TP53->-NSD1,3,3,2.000000,2,7.407407e-02,
CDH1->-MAP3K1 CDH1->-NSD1 MAP3K1->-NSD1,3,3,2.000000,2,1.255144e-01,
ATR->-NCOR1,2,1,4.000000,4,6.250000e-02,
ATR->-NCOR1 TP53->-ATR TP53->-NCOR1,3,3,2.000000,2,2.777778e-02,
ATR->-NCOR1 PIK3CA->-ATR PIK3CA->-NCOR1,3,3,2.000000,2,2.777778e-02,
ATR->-EP300 PIK3CA->-ATR PIK3CA->-EP300,3,3,2.000000,2,2.777778e-02,
NCOR1->-MAP3K1,2,1,4.000000,4,7.331064e-01,
NCOR1->-MAP3K1 TP53->-MAP3K1 TP53->-NCOR1,3,3,2.000000,2,9.511785e-02,
MAP3K1->-PIK3CA NCOR1->-MAP3K1 NCOR1->-PIK3CA,3,3,2.000000,2,2.498285e-01,
TP53->-CTCF,2,1,4.000000,4,2.381250e-01,
BRCA2->-KMT2C,2,1,4.000000,4,6.246728e-01,
TBX3->-KMT2C,2,1,4.000000,4,6.432328e-01,
TBX3->-KMT2C TP53->-KMT2C TP53->-TBX3,3,3,2.000000,2,4.461279e-02,
CDH1->-RASA1,2,1,4.000000,4,1.578408e-01,
TP53->-REL,2,1,4.000000,4,3.750000e-02,
TP53->-TRAF7,2,1,4.000000,4,1.041667e-01,
KMT2C->-TBX3,2,1,4.000000,4,6.432328e-01,
FOXA1->-TBX3,2,1,4.000000,4,4.337620e-01,
FOXA1->-TBX3 PIK3CA->-FOXA1 PIK3CA->-TBX3,3,3,2.000000,2,7.407407e-02,
NF1->-TET2,2,1,4.000000,4,4.642857e-02,
NF1->-TET2 TP53->-NF1 TP53->-TET2,3,3,2.000000,2,1.825397e-02,
PTEN->-ARID1B,2,1,4.000000,4,1.785969e-01,
CDH1->-RHOA,2,1,4.000000,4,2.799745e-01,
CDH1->-PIK3CA CDH1->-RHOA RHOA->-PIK3CA,3,3,2.000000,2,5.753968e-02,
CDH1->-ATR,2,1,4.000000,4,3.386700e-02,
CDH1->-ATR CDH1->-PIK3CA PIK3CA->-ATR,3,3,3.000000,3,3.268868e-03,
CDH1->-FGFR4,2,1,4.000000,4,1.375000e-01,
PIK3CA->-FGFR4,2,1,4.000000,4,5.633814e-01,
GATA3->-NSD1,2,1,4.000000,4,5.833333e-02,
GATA3->-MED12,2,1,4.000000,4,4.563492e-02,
MAP3K1->-CDH1,2,1,4.000000,4,9.996670e-01,
MAP3K1->-CDH1 MAP3K1->-PIK3CA PIK3CA->-CDH1,3,3,2.000000,2,7.351857e-01,
PIK3CA->-TSHR,2,1,4.000000,4,4.166667e-02,
TP53->-GATA2,2,1,4.000000,4,1.875000e-01,
TP53->-GSK3B,2,1,4.000000,4,1.203704e-02,
FOXA1->-CDH1,2,1,4.000000,4,9.996291e-01,
PIK3CA->-PMS1,2,1,4.000000,4,6.250000e-02,
MAP3K1->-FOXA1,2,1,4.000000,4,8.850406e-01,
MAP3K1->-FOXA1 MAP3K1->-PIK3CA PIK3CA->-FOXA1,3,3,3.000000,3,1.393575e-01,
MAP3K1->-ARID2,2,1,4.000000,4,3.777473e-02,
MAP3K1->-DICER1,2,1,4.000000,4,5.038462e-02,
NF1->-ERBB3,2,1,4.000000,4,6.250000e-02,
NF1->-ERBB3 NF1->-TP53 TP53->-ERBB3,3,3,2.000000,2,7.407407e-02,
ERBB2->-ERBB3,2,1,4.000000,4,3.777473e-02,
CDH1->-ERBB3 ERBB2->-CDH1 ERBB2->-ERBB3,3,3,2.000000,2,7.407407e-02,
ARID1B->-TP53,2,1,4.000000,4,9.301558e-01,
TP53->-DAXX,2,1,4.000000,4,2.822250e-02,
CDH1->-JAK2,2,1,4.000000,4,4.166667e-02,
PIK3CA->-INSR,2,1,4.000000,4,1.502976e-01,
PIK3CA->-INSR PIK3CA->-TP53 TP53->-INSR,3,3,2.000000,2,5.092593e-02,
ERBB2->-FOXA1,2,1,4.000000,4,3.381696e-01,
ERBB2->-FOXA1 ERBB2->-MAP3K1 FOXA1->-MAP3K1,3,3,2.000000,2,2.480159e-02,
MAP3K1->-CDKN1B,2,1,4.000000,4,4.641312e-01,
TP53->-DICER1,2,1,4.000000,4,2.256944e-02,
PIK3CA->-DICER1 TP53->-DICER1 TP53->-PIK3CA,3,3,2.000000,2,1.982946e-02,
TP53->-JUN,2,1,4.000000,4,6.250000e-02,
SPEN->-KMT2C,2,1,4.000000,4,4.479167e-01,
CDH1->-KMT2C CDH1->-SPEN SPEN->-KMT2C,3,3,2.000000,2,1.319444e-01,
CDH1->-JUN,2,1,4.000000,4,6.250000e-02,
TP53->-FGFR2,2,1,4.000000,4,6.200397e-02,
PIK3CA->-YES1,2,1,4.000000,4,3.048030e-02,
MAP2K4->-NCOR1,2,1,4.000000,4,6.367188e-01,
MAP2K4->-NCOR1 MAP2K4->-PIK3CA PIK3CA->-NCOR1,3,3,2.000000,2,1.319444e-01,
GATA3->-PDGFRA,2,1,4.000000,4,1.652778e-01,
CDH1->-POLE,2,1,4.000000,4,1.625000e-01,
PIK3CA->-DNMT3B,2,1,4.000000,4,1.750000e-01,
CDH1->-DNMT3B,2,1,4.000000,4,6.250000e-02,
CDH1->-DNMT3B CDH1->-PIK3CA PIK3CA->-DNMT3B,3,3,2.000000,2,2.777778e-02,
APC->-PIK3CA,2,1,4.000000,4,7.775324e-01,
APC->-PIK3CA CDH1->-APC CDH1->-PIK3CA,3,3,2.000000,2,1.319444e-01,
ARID1A->-TP53,2,1,4.000000,4,9.979690e-01,
KMT2C->-PARP1,2,1,4.000000,4,4.718222e-02,
KMT2C->-PTCH1,2,1,4.000000,4,2.266691e-01,
CDH1->-KMT2A CDH1->-KMT2C CDH1->-PTCH1 KMT2C->-KMT2A KMT2C->-PTCH1 PTCH1->-KMT2A,4,6,2.000000,2,1.659518e-03,
TP53->-JAK2,2,1,4.000000,4,1.566882e-01,
CDH1->-JAK2 TP53->-CDH1 TP53->-JAK2,3,3,2.000000,2,2.777778e-02,
PIK3CA->-PIK3CB,2,1,4.000000,4,2.736111e-01,
PIK3CA->-PIK3CB PIK3CA->-TP53 TP53->-PIK3CB,3,3,2.000000,2,2.222222e-02,
MDC1->-PIK3CB PIK3CA->-MDC1 PIK3CA->-PIK3CB,3,3,2.000000,2,2.222222e-02,
SPOP->-PIK3CA,2,1,4.000000,4,1.875000e-01,
CDH1->-SMAD4,2,1,4.000000,4,5.000000e-01,
CDH1->-PIK3CA CDH1->-SMAD4 PIK3CA->-SMAD4,3,3,2.000000,2,7.407407e-02,
PIK3CA->-RNF43,2,1,4.000000,4,2.916667e-02,
RUNX1->-FOXA1,2,1,4.000000,4,2.916667e-01,
PIK3CA->-FOXA1 PIK3CA->-RUNX1 RUNX1->-FOXA1,3,3,2.000000,2,7.407407e-02,
CDH1->-FOXA1 CDH1->-RUNX1 RUNX1->-FOXA1,3,3,2.000000,2,1.480195e-01,
PIK3CA->-INPP4A,2,1,4.000000,4,1.875000e-01,
CDH1->-TET2,2,1,4.000000,4,6.250000e-02,
KMT2C->-KMT2A,2,1,4.000000,4,1.624392e-01,
CDH1->-NOTCH4,2,1,4.000000,4,6.204044e-02,
CDH1->-NOTCH4 CDH1->-PIK3CA PIK3CA->-NOTCH4,3,3,2.000000,2,7.407407e-02,
BRCA2->-CDH1,2,1,4.000000,4,8.824669e-01,
RB1->-KMT2C,2,1,4.000000,4,2.407955e-01,
RB1->-KMT2C TP53->-KMT2C TP53->-RB1,3,3,2.000000,2,7.076720e-02,
AKT2->-KMT2C TP53->-AKT2 TP53->-KMT2C,3,3,2.000000,2,2.777778e-02,
KMT2C->-PIK3CA RB1->-KMT2C RB1->-PIK3CA,3,3,2.000000,2,7.407407e-02,
KMT2A->-PIK3CA,2,1,4.000000,4,9.683386e-01,
NF1->-FOXA1,2,1,4.000000,4,6.250000e-02,
NF1->-FOXA1 NF1->-PIK3CA PIK3CA->-FOXA1,3,3,2.000000,2,7.407407e-02,
NF1->-FOXA1 TP53->-FOXA1 TP53->-NF1,3,3,2.000000,2,7.407407e-02,
PTEN->-SETD2,2,1,4.000000,4,1.249105e-01,
KMT2C->-MED12,2,1,4.000000,4,4.679597e-02,
CDH1->-DNMT3A,2,1,4.000000,4,1.641010e-01,
CDH1->-DNMT3A CDH1->-PIK3CA PIK3CA->-DNMT3A,3,3,2.000000,2,6.046646e-02,
CDH1->-DNMT3A TP53->-CDH1 TP53->-DNMT3A,3,3,2.000000,2,1.961321e-02,
NCOR1->-MAP2K4,2,1,4.000000,4,6.367188e-01,
MAP2K4->-PIK3CA NCOR1->-MAP2K4 NCOR1->-PIK3CA,3,3,2.000000,2,1.319444e-01,
SOX9->-PTCH1,2,1,4.000000,4,6.250000e-02,
APC->-KMT2D,2,1,4.000000,4,1.865079e-01,
APC->-KMT2D TP53->-APC TP53->-KMT2D,3,3,3.000000,3,1.593873e-02,
PTEN->-RUNX1,2,1,4.000000,4,1.458333e-01,
TP53->-EPCAM,2,1,4.000000,4,1.500000e-01,
JAK1->-PIK3CA,2,1,4.000000,4,4.278846e-01,
CDH1->-ANKRD11,2,1,4.000000,4,2.743945e-01,
PIK3CA->-MSH6,2,1,4.000000,4,3.437500e-01,
PTPRS->-MAP3K1,2,1,4.000000,4,1.229591e-01,
TP53->-KLF4,2,1,4.000000,4,2.552083e-01,
TBX3->-RUNX1,2,1,4.000000,4,3.437500e-01,
CDH1->-ARID5B,2,1,4.000000,4,5.080049e-02,
CDH1->-ARID5B CDH1->-PIK3CA PIK3CA->-ARID5B,3,3,3.000000,3,1.280180e-02,
CDH1->-PARP1,2,1,4.000000,4,1.197482e-01,
CDH1->-KMT2C CDH1->-PARP1 KMT2C->-PARP1,3,3,2.000000,2,5.592721e-02,
CDH1->-PARP1 CDH1->-RAD50 RAD50->-PARP1,3,3,2.000000,2,1.743396e-02,
NF1->-ATM,2,1,4.000000,4,5.357143e-02,
NF1->-ATM NF1->-PIK3CA PIK3CA->-ATM,3,3,2.000000,2,2.777778e-02,
KMT2C->-TSC2,2,1,4.000000,4,3.326211e-01,
TP53->-MSH6,2,1,4.000000,4,1.375000e-01,
TP53->-AURKA,2,1,4.000000,4,3.125000e-02,
PIK3CA->-IKBKE,2,1,4.000000,4,1.458333e-01,
PIK3CA->-PALB2,2,1,4.000000,4,2.664931e-01,
GATA3->-CBFB,2,1,4.000000,4,9.998738e-01,
PIK3CA->-NF2,2,1,4.000000,4,8.885281e-02,
PIK3CA->-PAK7,2,1,4.000000,4,2.604167e-01,
TP53->-NF2,2,1,4.000000,4,4.166667e-02,
TP53->-AXL,2,1,4.000000,4,3.472222e-02,
GATA3->-FOXA1,2,1,4.000000,4,7.054427e-01,
GATA3->-FOXA1 PIK3CA->-FOXA1 PIK3CA->-GATA3,3,3,2.000000,2,2.230367e-01,
MGA->-ATR,2,1,4.000000,4,5.314626e-02,
MGA->-ATR MGA->-PIK3CA PIK3CA->-ATR,3,3,2.000000,2,1.121036e-01,
TP53->-SMAD2,2,1,4.000000,4,1.375000e-01,
TP53->-BRIP1,2,1,4.000000,4,5.542769e-02,
PIK3CA->-TSC2,2,1,4.000000,4,5.000000e-01,
PIK3CA->-KDM5C,2,1,4.000000,4,7.714583e-01,
TP53->-CDKN1A,2,1,4.000000,4,1.657573e-01,
GATA3->-SF3B1,2,1,4.000000,4,5.000000e-01,
GATA3->-SF3B1 PIK3CA->-GATA3 PIK3CA->-SF3B1,3,3,2.000000,2,7.407407e-02,
ERBB4->-GATA3,2,1,4.000000,4,1.500000e-01,
LATS2->-PIK3CA,2,1,3.000000,3,6.041667e-01,
ESR1->-RICTOR,2,1,3.000000,3,5.000000e-01,
FAT1->-ATRX,2,1,3.000000,3,3.046053e-01,
FAT1->-ATRX TP53->-ATRX TP53->-FAT1,3,3,2.000000,2,2.465887e-02,
FAT1->-ATRX PTEN->-ATRX PTEN->-FAT1,3,3,2.000000,2,2.465887e-02,
ESR1->-NOTCH1,2,1,3.000000,3,3.125000e-01,
SETD2->-ARID1A,2,1,3.000000,3,4.985119e-01,
ARID1A->-PIK3CA SETD2->-ARID1A SETD2->-PIK3CA,3,3,2.000000,2,1.947728e-01,
NOTCH1->-PIK3CA SETD2->-NOTCH1 SETD2->-PIK3CA,3,3,2.000000,2,7.407407e-02,
ARID1A->-ARID2,2,1,3.000000,3,8.222554e-01,
PIK3CA->-RAD51C,2,1,3.000000,3,4.828431e-01,
ARID2->-PIK3CA,2,1,3.000000,3,9.724978e-01,
ARID1A->-ARID2 ARID1A->-PIK3CA ARID2->-PIK3CA,3,3,2.000000,2,1.306196e-01,
SETD2->-ARID2,2,1,3.000000,3,2.362103e-01,
SETD2->-ARID2 TP53->-ARID2 TP53->-SETD2,3,3,2.000000,2,6.785460e-03,
FAT1->-SETD2,2,1,3.000000,3,2.410714e-01,
FAT1->-SETD2 TP53->-FAT1 TP53->-SETD2,3,3,2.000000,2,8.730159e-03,
GATA3->-PTEN,2,1,3.000000,3,7.793885e-01,
EP300->-PIK3CA,2,1,3.000000,3,8.784920e-01,
AXL->-PIK3CA,2,1,3.000000,3,5.564236e-01,
NOTCH1->-MAP3K1,2,1,3.000000,3,4.397321e-01,
PIK3CA->-SMO,2,1,3.000000,3,6.069358e-01,
CDH1->-PIK3CA CDH1->-SMO PIK3CA->-SMO,3,3,2.000000,2,4.373588e-02,
KMT2A->-BRCA2,2,1,3.000000,3,2.281250e-01,
SDHB->-TP53,2,1,3.000000,3,6.641845e-01,
TP53->-ASXL1,2,1,3.000000,3,8.333333e-02,
PTEN->-FOXA1,2,1,3.000000,3,3.570143e-01,
MTOR->-XPO1,2,1,3.000000,3,1.250000e-01,
KMT2C->-XPO1,2,1,3.000000,3,1.250000e-01,
KMT2C->-PTPRD,2,1,3.000000,3,2.774015e-01,
PIK3CA-/-TP53,2,1,3.000000,3,9.999646e-01,
PIK3CA->-MEN1,2,1,3.000000,3,9.705952e-01,
CDH1->-KRAS,2,1,2.000000,2,2.032020e-01,
CDH1->-ARID5B CDH1->-MEN1 CDH1->-PIK3CA MEN1->-ARID5B PIK3CA->-ARID5B PIK3CA->-MEN1,4,6,2.000000,2,1.072689e-03,
CDH1->-KMT2C CDH1->-MEN1 CDH1->-PIK3CA MEN1->-KMT2C PIK3CA->-KMT2C PIK3CA->-MEN1,4,6,2.000000,2,1.072689e-03,
CDH1->-CREBBP CDH1->-MEN1 CDH1->-PIK3CA MEN1->-CREBBP PIK3CA->-CREBBP PIK3CA->-MEN1,4,6,2.000000,2,1.072689e-03,
SMO->-PIK3CA,2,1,3.000000,3,6.069358e-01,
MAP3K1-/-PIK3CA,2,1,3.000000,3,7.662863e-01,
ARID1A->-EPHB1,2,1,3.000000,3,8.267196e-02,
ARID1A->-EPHB1 TP53->-ARID1A TP53->-EPHB1,3,3,2.000000,2,2.714184e-02,
MAP3K1->-EPHB1,2,1,3.000000,3,5.000000e-01,
CDH1->-EPHB1 CDH1->-MAP3K1 CDH1->-PIK3CA MAP3K1->-EPHB1 PIK3CA->-EPHB1 PIK3CA->-MAP3K1,4,6,2.000000,2,1.736111e-03,
NSD1->-KMT2C,2,1,3.000000,3,4.616453e-01,
NSD1->-KMT2C PIK3CA->-KMT2C PIK3CA->-NSD1,3,3,2.000000,2,2.777778e-02,
ARID1A->-KMT2C ARID1A->-NSD1 NSD1->-KMT2C,3,3,2.000000,2,2.777778e-02,
NSD1->-MAP3K1,2,1,3.000000,3,7.490948e-01,
CDH1->-MAP3K1 CDH1->-NSD1 NSD1->-MAP3K1,3,3,2.000000,2,1.255144e-01,
CDH1->-DOT1L CDH1->-MAP3K1 DOT1L->-MAP3K1,3,3,2.000000,2,2.469136e-02,
MAP3K1->-KMT2C NSD1->-KMT2C NSD1->-MAP3K1,3,3,2.000000,2,5.344650e-02,
ARID1A->-MAP3K1,2,1,3.000000,3,9.314045e-01,
ARID1A->-FOXA1,2,1,3.000000,3,4.553571e-01,
DOT1L->-MAP3K1,2,1,3.000000,3,2.381292e-01,
CDH1->-DOT1L,2,1,3.000000,3,2.555623e-01,
PIK3CA->-FH,2,1,3.000000,3,2.166667e-01,
CBFB->-EGFR,2,1,3.000000,3,8.333333e-02,
GATA3->-PIK3R2,2,1,3.000000,3,1.785714e-01,
PIK3CA->-PDCD1,2,1,3.000000,3,3.114035e-01,
PIK3CA->-FGFR3,2,1,3.000000,3,4.364035e-01,
NCOR1->-FAT1,2,1,3.000000,3,2.268681e-01,
NCOR1->-FAT1 NCOR1->-PIK3CA PIK3CA->-FAT1,3,3,2.000000,2,7.630535e-02,
STAG2->-FAT1,2,1,3.000000,3,3.114035e-01,
PIK3CA->-RBM10,2,1,3.000000,3,2.739766e-01,
PIK3CA->-ASXL2,2,1,3.000000,3,5.788077e-01,
CDH1->-ALK,2,1,3.000000,3,2.500000e-01,
CDH1->-ALK CDH1->-PIK3CA PIK3CA->-ALK,3,3,2.000000,2,2.777778e-02,
CDH1->-ALK CDH1->-FOXA1 FOXA1->-ALK,3,3,2.000000,2,2.777778e-02,
ERBB2->-RICTOR,2,1,3.000000,3,1.016010e-01,
CDH1->-ERBB2 CDH1->-RICTOR ERBB2->-RICTOR,3,3,2.000000,2,1.961321e-02,
MAP3K1->-BRCA2,2,1,3.000000,3,9.283626e-02,
MAP3K1->-BRCA2 TP53->-BRCA2 TP53->-MAP3K1,3,3,2.000000,2,1.556588e-02,
TP53->-CDK12,2,1,3.000000,3,4.296053e-01,
AKT1->-RUNX1,2,1,3.000000,3,1.250000e-01,
RUNX1->-MAP3K1,2,1,3.000000,3,5.000000e-01,
IKZF1->-PIK3CA,2,1,3.000000,3,7.728450e-01,
PIK3CA->-KIT,2,1,3.000000,3,2.774015e-01,
PIK3CA->-KIT TP53->-KIT TP53->-PIK3CA,3,3,2.000000,2,6.046646e-02,
CDH1->-FLT1,2,1,3.000000,3,1.250000e-01,
HIST1H3I->-SMARCA4,2,1,3.000000,3,1.240079e-01,
HIST1H3I->-SMARCA4 PIK3CA->-HIST1H3I PIK3CA->-SMARCA4,3,3,2.000000,2,7.301418e-02,
PIK3CA->-EIF4A2,2,1,3.000000,3,3.572115e-01,
PIK3CA->-FBXW7,2,1,3.000000,3,5.937500e-01,
CDH1->-EGFR,2,1,3.000000,3,4.250000e-01,
CDH1->-EGFR CDH1->-PIK3CA PIK3CA->-EGFR,3,3,2.000000,2,3.703704e-02,
TP53->-FOXL2,2,1,3.000000,3,6.944444e-02,
CDH1->-EPHA7,2,1,3.000000,3,1.240809e-01,
SPEN->-ARID2,2,1,3.000000,3,2.589286e-01,
SPEN->-ARID2 TP53->-ARID2 TP53->-SPEN,3,3,2.000000,2,4.629630e-02,
TP53->-LATS1,2,1,3.000000,3,4.625000e-01,
TP53->-SOX2,2,1,3.000000,3,8.333333e-02,
LATS1->-TSC2,2,1,3.000000,3,1.000000e-01,
CDH1->-GRIN2A,2,1,3.000000,3,1.250000e-01,
MAP2K4->-ARID1A,2,1,3.000000,3,8.750000e-02,
MAP2K4->-ARID1A PIK3CA->-ARID1A PIK3CA->-MAP2K4,3,3,2.000000,2,2.777778e-02,
IRS1->-PIK3CA,2,1,3.000000,3,7.166054e-01,
TP53->-GNA11,2,1,3.000000,3,9.950202e-02,
TP53->-PIK3C3,2,1,3.000000,3,7.705999e-02,
MAP3K1->-ATR,2,1,3.000000,3,3.461057e-01,
MAP3K1->-ATR MAP3K1->-PIK3CA PIK3CA->-ATR,3,3,2.000000,2,2.325027e-02,
MDC1->-PIK3CA,2,1,3.000000,3,9.375216e-01,
MAP3K1->-PIK3C3,2,1,3.000000,3,6.114882e-02,
MAP3K1->-CARD11,2,1,3.000000,3,6.863643e-02,
PTEN->-ATM,2,1,3.000000,3,7.917582e-02,
PIK3CA->-ATM PTEN->-ATM PTEN->-PIK3CA,3,3,2.000000,2,1.902778e-02,
TP53->-RPS6KA4,2,1,3.000000,3,2.039222e-01,
TP53->-NTRK3,2,1,3.000000,3,3.125000e-01,
PIK3CA->-AMER1,2,1,3.000000,3,3.483220e-01,
FOXA1->-ESR1,2,1,3.000000,3,3.843537e-01,
FOXA1->-KMT2D,2,1,3.000000,3,4.107143e-01,
CDKN2A->-TP53,2,1,3.000000,3,9.856242e-01,
KMT2C->-ERBB3,2,1,3.000000,3,5.383929e-01,
KMT2C->-SPEN,2,1,3.000000,3,7.343750e-01,
KMT2C->-ATM,2,1,3.000000,3,5.410660e-01,
ARID1A->-EGFR,2,1,3.000000,3,1.250000e-01,
ARID1A->-EGFR GATA3->-ARID1A GATA3->-EGFR,3,3,2.000000,2,2.777778e-02,
PIK3CA->-FLT3,2,1,3.000000,3,5.000000e-01,
GATA3->-ERBB3,2,1,3.000000,3,3.763393e-01,
ARID1A->-SPEN PIK3CA->-ARID1A PIK3CA->-SPEN,3,3,3.000000,3,1.620370e-02,
ARID1A->-SPEN CDH1->-ARID1A CDH1->-SPEN,3,3,2.000000,2,2.777778e-02,
ARID1A->-SPEN MEN1->-ARID1A MEN1->-SPEN,3,3,2.000000,2,2.777778e-02,
MAP3K1->-SPEN,2,1,3.000000,3,3.125000e-01,
GATA3->-SPEN MAP3K1->-GATA3 MAP3K1->-SPEN,3,3,2.000000,2,2.777778e-02,
CHEK2->-ARID1A,2,1,3.000000,3,7.142857e-02,
GATA3->-NUP93,2,1,3.000000,3,1.250000e-01,
GATA3->-NUP93 PIK3CA->-GATA3 PIK3CA->-NUP93,3,3,2.000000,2,7.407407e-02,
MEN1->-STAG2,2,1,3.000000,3,1.016010e-01,
GATA3->-NUP93 MEN1->-GATA3 MEN1->-NUP93 MEN1->-STAG2 STAG2->-GATA3 STAG2->-NUP93,4,6,2.000000,2,1.736111e-03,
MEN1->-NUP93 MEN1->-PIK3CA PIK3CA->-NUP93,3,3,2.000000,2,2.777778e-02,
AKT1->-NF1,2,1,3.000000,3,1.071429e-01,
ATM->-KMT2C,2,1,3.000000,3,5.410660e-01,
ROS1->-TP53,2,1,3.000000,3,9.579684e-01,
PIK3CA->-ROS1 PIK3CA->-TP53 ROS1->-TP53,3,3,2.000000,2,1.387960e-01,
TSC2->-PIK3CA,2,1,3.000000,3,7.734375e-01,
ROS1->-PIK3CA,2,1,3.000000,3,9.057153e-01,
KDM5C->-ESR1,2,1,3.000000,3,2.625000e-01,
TBX3->-BRCA2,2,1,3.000000,3,3.817308e-01,
CDH1->-BRCA2 CDH1->-ESR1 ESR1->-BRCA2,3,3,3.000000,3,4.629630e-03,
TBX3->-ESR1,2,1,3.000000,3,2.383242e-01,
TBX3->-ANKRD11,2,1,3.000000,3,5.000000e-01,
CDH1->-PIK3CG,2,1,3.000000,3,3.046053e-01,
CDH1->-HNF1A,2,1,3.000000,3,1.250000e-01,
GATA3->-ATR,2,1,3.000000,3,8.333333e-02,
PTEN->-JAK3,2,1,3.000000,3,9.652632e-02,
PTEN->-PTPRS,2,1,3.000000,3,1.112086e-01,
CDH1->-PTPRS PTEN->-CDH1 PTEN->-PTPRS,3,3,2.000000,2,2.191900e-02,
CDH1->-ACVR1 PTEN->-ACVR1 PTEN->-CDH1,3,3,2.000000,2,2.191900e-02,
PTEN->-FAT1,2,1,3.000000,3,5.971491e-01,
PTEN->-MAP2K4,2,1,3.000000,3,8.520148e-01,
PTEN->-MAP2K4 PTEN->-TP53 TP53->-MAP2K4,3,3,2.000000,2,1.254467e-01,
ATRX->-EPHB1,2,1,3.000000,3,1.187865e-01,
ATRX->-EPHB1 TP53->-ATRX TP53->-EPHB1,3,3,2.000000,2,6.786360e-02,
PTEN->-EPHB1,2,1,2.000000,2,2.375731e-01,
ATRX->-EPHB1 CDH1->-ATRX CDH1->-EPHB1,3,3,2.000000,2,2.465887e-02,
TP53->-FLT3,2,1,3.000000,3,1.197368e-01,
PIK3CA->-FLT3 TP53->-FLT3 TP53->-PIK3CA,3,3,2.000000,2,2.777778e-02,
NF1->-FLT3,2,1,2.000000,2,2.500000e-01,
CDH1->-CDK12,2,1,3.000000,3,7.982456e-02,
MAP2K4->-PTPRS,2,1,3.000000,3,1.197368e-01,
TBX3->-FAT1,2,1,3.000000,3,4.824561e-02,
TBX3->-FOXA1,2,1,3.000000,3,7.231310e-01,
CDH1->-FOXA1 CDH1->-TBX3 TBX3->-FOXA1,3,3,2.000000,2,2.465887e-02,
TP53->-RHOA,2,1,3.000000,3,3.373873e-01,
TP53->-H3F3C,2,1,3.000000,3,9.444444e-02,
ATM->-FAT1,2,1,3.000000,3,2.653175e-01,
ATM->-FAT1 PIK3CA->-ATM PIK3CA->-FAT1 PIK3CA->-TP53 TP53->-ATM TP53->-FAT1,4,6,2.000000,2,4.176312e-03,
GNA11->-FAT1 PIK3CA->-FAT1 PIK3CA->-GNA11 PIK3CA->-TP53 TP53->-FAT1 TP53->-GNA11,4,6,2.000000,2,1.273148e-03,
PIK3CA->-RIT1,2,1,3.000000,3,1.007692e-01,
PIK3CA->-GNA11,2,1,3.000000,3,2.728369e-01,
PIK3CA->-GATA2,2,1,3.000000,3,3.125000e-01,
PIK3CA->-CTCF,2,1,3.000000,3,9.405089e-01,
TP53->-INPP4A,2,1,3.000000,3,8.333333e-02,
STK11->-EP300,2,1,3.000000,3,2.795956e-01,
STK11->-EP300 TP53->-EP300 TP53->-STK11,3,3,2.000000,2,1.052790e-01,
TP53->-ERCC2,2,1,3.000000,3,6.190476e-02,
PIK3CA->-SMAD2,2,1,3.000000,3,3.125000e-01,
PIK3C2G->-CREBBP,2,1,3.000000,3,3.125000e-01,
PIK3C2G->-CREBBP PIK3CA->-CREBBP PIK3CA->-PIK3C2G,3,3,2.000000,2,1.319444e-01,
CREBBP->-MAP3K1 PIK3CA->-CREBBP PIK3CA->-MAP3K1,3,3,3.000000,3,4.629630e-03,
PIK3C2G->-MAP3K1,2,1,3.000000,3,2.991453e-01,
PIK3C2G->-MAP3K1 PIK3CA->-MAP3K1 PIK3CA->-PIK3C2G,3,3,2.000000,2,7.407407e-02,
CDH1->-GPS2,2,1,3.000000,3,6.562500e-01,
PIK3CA->-CDC73,2,1,3.000000,3,2.380952e-01,
ATRX->-PIK3CA,2,1,3.000000,3,9.097222e-01,
DOT1L->-PIK3CA,2,1,3.000000,3,4.750000e-01,
NCOR1->-PTEN,2,1,3.000000,3,4.239583e-01,
IRS2->-CARD11,2,1,3.000000,3,5.565657e-02,
IRS2->-CARD11 TP53->-CARD11 TP53->-IRS2,3,3,2.000000,2,2.810279e-02,
TP53->-RASA1,2,1,3.000000,3,3.776235e-01,
NCOR1->-CARD11,2,1,3.000000,3,2.833333e-01,
GATA3->-CARD11,2,1,3.000000,3,6.031746e-02,
TP53->-CDK4,2,1,3.000000,3,1.250000e-01,
TP53->-AKT2,2,1,3.000000,3,1.250000e-01,
PTEN->-NSD1,2,1,3.000000,3,1.160969e-01,
NCOR1->-NSD1 PTEN->-NCOR1 PTEN->-NSD1 TP53->-NCOR1 TP53->-NSD1 TP53->-PTEN,4,6,2.000000,2,1.736111e-03,
PTEN->-MED12,2,1,3.000000,3,2.211445e-01,
NF1->-MED12 PTEN->-MED12 PTEN->-NF1,3,3,2.000000,2,2.469136e-02,
NF1->-NSD1 PTEN->-NF1 PTEN->-NSD1,3,3,2.000000,2,2.469136e-02,
KMT2C->-MED12 PTEN->-KMT2C PTEN->-MED12,3,3,2.000000,2,1.691358e-02,
MAP3K1->-MED12 PTEN->-MAP3K1 PTEN->-MED12,3,3,2.000000,2,5.499486e-02,
NF1->-NCOR1,2,1,3.000000,3,4.732143e-01,
MED12->-FGFR4,2,1,3.000000,3,1.007692e-01,
MED12->-NSD1,2,1,3.000000,3,2.869421e-01,
ARID1A->-BRCA2,2,1,3.000000,3,5.501374e-01,
ARID1A->-BRCA2 ARID1A->-PIK3CA PIK3CA->-BRCA2,3,3,2.000000,2,5.601343e-02,
PIK3CA->-RASA1,2,1,3.000000,3,2.403846e-01,
PIK3CA->-PIK3C3,2,1,3.000000,3,1.767606e-01,
MAP3K1->-PIK3C3 PIK3CA->-MAP3K1 PIK3CA->-PIK3C3,3,3,2.000000,2,3.406976e-02,
PIK3CA->-RECQL4,2,1,3.000000,3,7.305038e-01,
PIK3CA-/-RFWD2,2,1,3.000000,3,4.263321e-02,
ARID1A->-CREBBP,2,1,3.000000,3,2.692308e-01,
ARID1A->-CREBBP CDH1->-ARID1A CDH1->-CREBBP,3,3,2.000000,2,1.093686e-01,
ARID1A->-APC CDH1->-APC CDH1->-ARID1A,3,3,2.000000,2,2.777778e-02,
ARID1A->-CREBBP ARID1A->-PIK3CA PIK3CA->-CREBBP,3,3,2.000000,2,5.601343e-02,
KMT2C->-PIK3R1,2,1,3.000000,3,4.866453e-01,
KMT2C->-PIK3R1 PTEN->-KMT2C PTEN->-PIK3R1,3,3,2.000000,2,6.893004e-02,
TBX3->-MAP3K1,2,1,3.000000,3,8.648403e-01,
MAP3K1->-PIK3CA TBX3->-MAP3K1 TBX3->-PIK3CA,3,3,2.000000,2,1.911123e-01,
FOXA1->-NCOR1,2,1,3.000000,3,2.090909e-01,
CDH1->-FOXA1 CDH1->-NCOR1 FOXA1->-NCOR1,3,3,2.000000,2,2.777778e-02,
CHEK2->-TP53,2,1,3.000000,3,3.303571e-01,
CHEK2->-PIK3CA CHEK2->-TP53 TP53->-PIK3CA,3,3,2.000000,2,2.777778e-02,
PIK3CA->-HIST1H3B,2,1,3.000000,3,2.953431e-01,
CDH1->-KDM6A,2,1,3.000000,3,4.986213e-01,
MAP3K1->-FANCA,2,1,3.000000,3,1.641057e-01,
GATA3->-POLE,2,1,3.000000,3,5.553571e-01,
PIK3R1->-MED12,2,1,3.000000,3,3.610735e-01,
CDH1->-FBXW7,2,1,3.000000,3,1.250000e-01,
CDH1->-FBXW7 TP53->-CDH1 TP53->-FBXW7,3,3,2.000000,2,7.407407e-02,
MTOR->-CDH1,2,1,3.000000,3,7.399554e-01,
CDH1->-LATS1,2,1,3.000000,3,9.166667e-02,
CDH1->-PBRM1,2,1,3.000000,3,3.125000e-01,
NF1->-ARID1A,2,1,3.000000,3,2.875000e-01,
NF1->-ARID1A PIK3CA->-ARID1A PIK3CA->-NF1,3,3,2.000000,2,5.787037e-02,
ATM->-ESR1,2,1,3.000000,3,1.250000e-01,
ATRX->-GATA3,2,1,3.000000,3,3.125000e-01,
ESR1->-RHOA,2,1,3.000000,3,1.250000e-01,
CDH1->-ESR1 CDH1->-RHOA ESR1->-RHOA,3,3,2.000000,2,2.777778e-02,
CDH1->-SMARCB1,2,1,3.000000,3,1.250000e-01,
CDH1->-ARID1B,2,1,3.000000,3,2.910696e-01,
CDH1->-ERCC5,2,1,3.000000,3,8.333333e-02,
CDH1->-PAK7,2,1,3.000000,3,2.500000e-01,
CDH1->-PAK7 CDH1->-TP53 TP53->-PAK7,3,3,2.000000,2,4.513889e-02,
CDH1->-PAK7 CDH1->-PIK3CA PIK3CA->-PAK7,3,3,2.000000,2,7.407407e-02,
MAP2K4->-CDH1,2,1,3.000000,3,9.713180e-01,
PIK3CA->-RPS6KB2,2,1,3.000000,3,2.192460e-01,
PIK3CA->-LATS2,2,1,3.000000,3,6.041667e-01,
MAP3K1->-MED12,2,1,3.000000,3,2.555635e-01,
MAP3K1->-MED12 MAP3K1->-PIK3CA PIK3CA->-MED12,3,3,2.000000,2,1.630952e-02,
PTPRS->-ARID2,2,1,3.000000,3,7.500000e-02,
PTPRS->-ARID2 TP53->-ARID2 TP53->-PTPRS,3,3,2.000000,2,6.944444e-03,
ATR->-ARID2 PIK3CA->-ARID2 PIK3CA->-ATR PIK3CA->-PTPRS PTPRS->-ARID2 PTPRS->-ATR,4,6,2.000000,2,1.736111e-03,
TP53->-DNMT3B,2,1,3.000000,3,8.333333e-02,
ZFHX3->-KMT2C,2,1,3.000000,3,4.750000e-01,
KMT2C->-PIK3CA ZFHX3->-KMT2C ZFHX3->-PIK3CA,3,3,2.000000,2,1.160301e-01,
MAP3K1->-PTPRD,2,1,3.000000,3,3.058036e-01,
ARID1A->-JAK1,2,1,3.000000,3,1.250000e-01,
ARID1A->-JAK1 ARID1A->-PIK3CA JAK1->-PIK3CA,3,3,2.000000,2,7.407407e-02,
PIK3CA->-JAK1,2,1,3.000000,3,7.193510e-01,
CBFB->-ERBB2,2,1,3.000000,3,1.250000e-01,
CBFB->-CDH1 CBFB->-ERBB2 CDH1->-ERBB2,3,3,2.000000,2,2.777778e-02,
AKT1->-CBFB,2,1,3.000000,3,8.417969e-01,
BCL6->-CDH1,2,1,3.000000,3,5.000000e-01,
MST1R->-KMT2C,2,1,3.000000,3,3.125000e-01,
MST1R->-KMT2C PIK3CA->-KMT2C PIK3CA->-MST1R,3,3,2.000000,2,7.407407e-02,
PIK3CA->-FLT1,2,1,3.000000,3,4.517544e-01,
MST1R->-MAP3K1 PIK3CA->-MAP3K1 PIK3CA->-MST1R,3,3,3.000000,3,4.629630e-03,
PIK3C2G-/-POLE,2,1,3.000000,3,5.142857e-02,
BRCA2->-ARID1A,2,1,3.000000,3,5.501374e-01,
CHEK2->-GATA3,2,1,3.000000,3,2.321429e-01,
KMT2D->-TP53,2,1,3.000000,3,9.999848e-01,
TP53->-CUL3,2,1,3.000000,3,5.000000e-02,
ARID1A->-ATM,2,1,3.000000,3,4.553571e-01,
PTPRT->-PIK3CA,2,1,3.000000,3,9.866829e-01,
CDH1->-ARID2,2,1,3.000000,3,2.500000e-01,
CDH1->-ARID2 CDH1->-PIK3CA PIK3CA->-ARID2,3,3,2.000000,2,7.407407e-02,
CDH1->-DAXX,2,1,3.000000,3,1.016010e-01,
ARID1A->-NOTCH4,2,1,3.000000,3,1.250000e-01,
ARID1A->-ATR,2,1,3.000000,3,1.240079e-01,
PIK3CA->-KMT2D PIK3CA->-ROS1 ROS1->-KMT2D,3,3,2.000000,2,2.714184e-02,
ARID1A->-ATR ARID1A->-BCOR BCOR->-ATR PIK3CA->-ARID1A PIK3CA->-ATR PIK3CA->-BCOR PIK3CA->-ROS1 ROS1->-ARID1A ROS1->-ATR ROS1->-BCOR,5,10,2.000000,2,4.078640e-04,
PIK3CA->-KDM5A,2,1,3.000000,3,4.285714e-01,
BRCA1->-TET2,2,1,3.000000,3,1.790000e-01,
ESR1->-NCOR1,2,1,3.000000,3,6.562500e-01,
GATA3->-RICTOR,2,1,3.000000,3,4.437500e-01,
GATA3->-PIK3CA GATA3->-RICTOR PIK3CA->-RICTOR,3,3,2.000000,2,9.439071e-02,
GATA3->-BRCA1 GATA3->-PIK3CA PIK3CA->-BRCA1,3,3,2.000000,2,1.537951e-01,
BRCA1-/-RICTOR PIK3CA->-BRCA1 PIK3CA->-RICTOR,3,3,3.000000,3,4.232804e-04,
GATA3->-BRCA1,2,1,3.000000,3,4.437500e-01,
PTEN-/-SF3B1,2,1,3.000000,3,5.000000e-02,
NF1->-KMT2D,2,1,3.000000,3,2.875000e-01,
PTPRS->-KMT2C,2,1,3.000000,3,2.991453e-01,
PTPRS->-KMT2C TP53->-KMT2C TP53->-PTPRS,3,3,2.000000,2,2.777778e-02,
PTPRS->-KMT2D TP53->-KMT2D TP53->-PTPRS,3,3,3.000000,3,4.629630e-03,
PTPRT->-KMT2C,2,1,3.000000,3,1.250000e-01,
PTPRT->-KMT2C TP53->-KMT2C TP53->-PTPRT,3,3,2.000000,2,7.407407e-02,
KMT2C->-KMT2D,2,1,3.000000,3,7.207031e-01,
KMT2C->-KMT2D TP53->-KMT2C TP53->-KMT2D,3,3,2.000000,2,2.052507e-01,
KMT2C->-KMT2D PTPRT->-KMT2C PTPRT->-KMT2D,3,3,2.000000,2,2.777778e-02,
PTPRT->-KMT2D,2,1,3.000000,3,6.147414e-01,
KMT2D->-PIK3CA PTPRT->-KMT2D PTPRT->-PIK3CA,3,3,2.000000,2,1.665692e-01,
CREBBP->-TP53,2,1,3.000000,3,9.911292e-01,
ESR1->-SPEN,2,1,3.000000,3,5.000000e-01,
FGFR4->-PIK3CA,2,1,3.000000,3,8.099519e-01,
MEN1->-FAT1,2,1,3.000000,3,1.071429e-01,
TP53->-CDKN1B,2,1,3.000000,3,2.563988e-01,
SF3B1->-GATA3,2,1,3.000000,3,7.734375e-01,
SOX9->-TP53,2,1,3.000000,3,6.562500e-01,
TP53->-NTRK1,2,1,3.000000,3,1.685185e-01,
SPEN->-TP53,2,1,3.000000,3,9.710320e-01,
SPEN->-CDH1,2,1,3.000000,3,9.494141e-01,
SDHB->-GATA3,2,1,3.000000,3,2.367565e-01,
PTEN->-MST1R,2,1,3.000000,3,8.333333e-02,
KDM5C->-TP53,2,1,3.000000,3,6.180556e-01,
TP53->-YES1,2,1,3.000000,3,1.016010e-01,
PIK3CA->-YES1 TP53->-PIK3CA TP53->-YES1,3,3,2.000000,2,6.046646e-02,
MAP2K4->-ESR1,2,1,3.000000,3,7.583333e-02,
ESR1->-EGFR,2,1,3.000000,3,1.250000e-01,
ESR1->-EGFR ESR1->-GATA3 GATA3->-EGFR,3,3,2.000000,2,2.777778e-02,
NCOR1->-ESR1,2,1,3.000000,3,6.562500e-01,
GATA3-/-PIK3CA,2,1,3.000000,3,9.188261e-01,
ASXL1->-PIK3CA,2,1,3.000000,3,5.375000e-01,
TP53->-BBC3,2,1,3.000000,3,5.250000e-02,
CBFB->-CDKN1B,2,1,3.000000,3,1.250000e-01,
GATA3->-NF1,2,1,3.000000,3,2.875000e-01,
IGF1R->-GATA3 PIK3CA->-GATA3 PIK3CA->-IGF1R,3,3,3.000000,3,1.809764e-03,
TP53->-SOX9,2,1,3.000000,3,6.562500e-01,
SOX9->-PTCH1 TP53->-PTCH1 TP53->-SOX9,3,3,2.000000,2,2.777778e-02,
NF1->-APC,2,1,3.000000,3,4.866453e-01,
PIK3CA->-TP53 PIK3CA->-ZFHX3 ZFHX3->-TP53,3,3,3.000000,3,7.068452e-03,
ESR1->-MTOR,2,1,3.000000,3,1.626157e-01,
PIK3CA->-ARID1B,2,1,3.000000,3,7.924482e-01,
PIK3CA->-PAK1,2,1,3.000000,3,5.415448e-02,
PIK3CA->-ASXL1,2,1,3.000000,3,5.375000e-01,
TP53->-PAK1,2,1,3.000000,3,1.188698e-01,
ARID1A->-APC,2,1,3.000000,3,3.110119e-01,
ERBB2->-PTCH1,2,1,3.000000,3,1.250000e-01,
CDH1->-PTCH1 ERBB2->-CDH1 ERBB2->-PTCH1,3,3,2.000000,2,7.407407e-02,
ERBB2->-PIK3CA ERBB2->-PTCH1 PIK3CA->-PTCH1,3,3,2.000000,2,2.777778e-02,
ERBB2->-KMT2C ERBB2->-PTCH1 KMT2C->-PTCH1,3,3,2.000000,2,2.777778e-02,
CDH1->-MDC1,2,1,3.000000,3,2.562500e-01,
PIK3CA->-SOX17,2,1,3.000000,3,2.767857e-01,
ARID1A->-ESR1,2,1,3.000000,3,8.878321e-01,
TP53->-FLT1,2,1,3.000000,3,9.283626e-02,
CDH1->-NOTCH2,2,1,3.000000,3,1.240809e-01,
TET2->-PIK3CA,2,1,3.000000,3,9.028646e-01,
CBFB->-PTEN,2,1,3.000000,3,2.857143e-01,
NOTCH2->-SPEN,2,1,3.000000,3,9.523810e-02,
TP53->-U2AF1,2,1,3.000000,3,6.944444e-02,
RUNX1->-ARID1A,2,1,3.000000,3,5.000000e-01,
TP53->-SMO,2,1,3.000000,3,2.951332e-01,
PIK3CA->-BRAF,2,1,3.000000,3,5.000000e-01,
PIK3CA->-STK11,2,1,3.000000,3,9.077436e-01,
TP53->-EIF4A2,2,1,3.000000,3,2.562500e-01,
CDH1->-CDKN2A,2,1,3.000000,3,1.250000e-01,
PTCH1->-KMT2A,2,1,3.000000,3,2.748643e-01,
PIK3CA->-KMT2A PIK3CA->-PTCH1 PTCH1->-KMT2A,3,3,2.000000,2,5.949074e-02,
KMT2C->-STAT5B,2,1,3.000000,3,4.706516e-02,
CDH1->-MSH2,2,1,3.000000,3,1.240809e-01,
TP53->-ERCC4,2,1,3.000000,3,1.498016e-01,
FLT4->-PIK3CA,2,1,3.000000,3,9.737484e-01,
TP53->-ERG,2,1,3.000000,3,9.444444e-02,
PIK3CA->-SMARCD1,2,1,3.000000,3,6.666667e-02,
CTCF->-GATA3,2,1,3.000000,3,2.458333e-01,
FOXP1->-PIK3CA,2,1,3.000000,3,6.922107e-01,
TP53->-RAD54L,2,1,3.000000,3,1.095238e-01,
CTCF->-MAP3K1,2,1,3.000000,3,3.875000e-01,
KMT2A->-MAP3K1,2,1,3.000000,3,4.636538e-01,
TP53->-CSF1R,2,1,3.000000,3,1.083333e-01,
PTEN->-PIK3CD,2,1,3.000000,3,1.007692e-01,
PTEN->-NBN,2,1,3.000000,3,1.007692e-01,
PTEN->-NBN TP53->-NBN TP53->-PTEN,3,3,2.000000,2,2.777778e-02,
MGA->-KMT2A,2,1,3.000000,3,2.495804e-01,
KMT2A->-MED12,2,1,3.000000,3,2.761538e-01,
KMT2A->-MED12 PIK3CA->-KMT2A PIK3CA->-MED12 PIK3CA->-PIK3CG PIK3CG->-KMT2A PIK3CG->-MED12,4,6,2.000000,2,1.028893e-03,
KMT2A->-SETD2 PIK3CA->-KMT2A PIK3CA->-PIK3CG PIK3CA->-SETD2 PIK3CG->-KMT2A PIK3CG->-SETD2,4,6,2.000000,2,1.028893e-03,
FOXA1->-KMT2A,2,1,3.000000,3,1.007692e-01,
FOXA1->-KMT2A FOXA1->-PIK3CA PIK3CA->-KMT2A,3,3,2.000000,2,5.949074e-02,
KMT2A->-SETD2,2,1,3.000000,3,1.007692e-01,
PIK3CA->-CDK12,2,1,3.000000,3,1.952071e-01,
PIK3CG->-SETD2,2,1,3.000000,3,6.238095e-02,
TP53->-PMS1,2,1,3.000000,3,2.081818e-01,
TP53->-FGFR1,2,1,3.000000,3,1.041667e-01,
PIK3CA->-FGFR1,2,1,3.000000,3,2.812500e-01,
PIK3CA->-FGFR1 PIK3CA->-TP53 TP53->-FGFR1,3,3,2.000000,2,5.092593e-02,
ATR->-ALK,2,1,3.000000,3,7.500000e-02,
ATR->-ALK TP53->-ALK TP53->-ATR,3,3,2.000000,2,2.777778e-02,
MAP2K4->-FOXP1,2,1,3.000000,3,7.000000e-02,
AKT1->-ESR1,2,1,3.000000,3,1.812500e-01,
ARID1A->-ARID5B,2,1,3.000000,3,1.250000e-01,
ARID1A->-ARID5B ARID1A->-TP53 TP53->-ARID5B,3,3,2.000000,2,2.777778e-02,
TP53->-MYCN,2,1,3.000000,3,6.250000e-02,
BRCA1->-GATA2,2,1,3.000000,3,1.250000e-01,
BRCA1->-GATA2 TP53->-BRCA1 TP53->-GATA2,3,3,2.000000,2,7.407407e-02,
TP53->-SYK,2,1,3.000000,3,3.125000e-01,
CDH1->-NOTCH1,2,1,3.000000,3,4.500000e-01,
CDH1->-PIK3C2G,2,1,3.000000,3,2.991453e-01,
CDH1->-PIK3C2G CDH1->-PIK3CA PIK3CA->-PIK3C2G,3,3,2.000000,2,7.407407e-02,
PBRM1->-TP53,2,1,3.000000,3,7.380757e-01,
TP53->-KDM5C,2,1,3.000000,3,6.180556e-01,
TP53->-EGFR,2,1,3.000000,3,1.826505e-01,
ARID1B->-NF1,2,1,3.000000,3,1.160969e-01,
ARID1B->-NF1 PTEN->-ARID1B PTEN->-NF1,3,3,2.000000,2,2.469136e-02,
ARID1B->-KMT2C ARID1B->-NF1 ARID1B->-TSC2 CDH1->-ARID1B CDH1->-KMT2C CDH1->-NF1 CDH1->-TSC2 KMT2C->-NF1 KMT2C->-TSC2 NF1->-TSC2,5,10,2.000000,2,3.775408e-04,
ARID1B->-PTPRS ARID1B->-TSC2 CDH1->-ARID1B CDH1->-PTPRS CDH1->-TSC2 PTPRS->-TSC2,4,6,2.000000,2,1.478909e-03,
TBX3->-ZFHX3,2,1,3.000000,3,3.875000e-01,
TBX3->-ZFHX3 TP53->-TBX3 TP53->-ZFHX3,3,3,2.000000,2,5.324074e-02,
SMAD4->-TP53,2,1,3.000000,3,4.625000e-01,
SMAD4->-NCOR1,2,1,3.000000,3,1.250000e-01,
PIK3CA->-NCOR1 PIK3CA->-SMAD4 SMAD4->-NCOR1,3,3,2.000000,2,2.777778e-02,
GATA3->-FAT1,2,1,3.000000,3,6.118260e-01,
TP53->-SH2B3,2,1,3.000000,3,2.760417e-01,
STAG2->-TP53,2,1,3.000000,3,9.946306e-01,
FAT1->-TP53,2,1,3.000000,3,9.994001e-01,
GPS2->-TP53,2,1,3.000000,3,1.250000e-01,
TP53->-RET,2,1,3.000000,3,8.482143e-02,
NOTCH2->-PIK3CA,2,1,3.000000,3,5.803571e-01,
MED12->-PIK3CA,2,1,3.000000,3,9.654111e-01,
KRAS->-KMT2C,2,1,3.000000,3,2.774015e-01,
PIK3CA->-SOX2,2,1,3.000000,3,5.608974e-02,
PIK3CA->-ARAF,2,1,3.000000,3,3.523532e-01,
PIK3CA->-ARAF PIK3CA->-TP53 TP53->-ARAF,3,3,2.000000,2,5.372090e-02,
CDKN1B->-MAP3K1,2,1,3.000000,3,7.462655e-01,
CDKN1B->-BAP1 CDKN1B->-MAP3K1 MAP3K1->-BAP1 PIK3CA->-BAP1 PIK3CA->-CDKN1B PIK3CA->-MAP3K1,4,6,2.000000,2,1.736111e-03,
PIK3CA->-KLF4,2,1,3.000000,3,5.000000e-01,
CDH1->-EPHA5,2,1,3.000000,3,8.333333e-02,
PTEN->-ARID2,2,1,3.000000,3,1.240079e-01,
PTEN->-ARID2 TP53->-ARID2 TP53->-PTEN,3,3,2.000000,2,7.301418e-02,
ATRX->-ARID2 TP53->-ARID2 TP53->-ATRX,3,3,2.000000,2,2.714184e-02,
ATRX->-ARID2 EPHA5->-ARID2 EPHA5->-ATRX,3,3,2.000000,2,2.714184e-02,
EPHA5->-ARID2 EPHA5->-ROS1 ROS1->-ARID2,3,3,2.000000,2,2.714184e-02,
MAP3K1->-ARID2 PTEN->-ARID2 PTEN->-MAP3K1,3,3,2.000000,2,2.777778e-02,
EPCAM->-ARID2 PTEN->-ARID2 PTEN->-EPCAM,3,3,2.000000,2,2.777778e-02,
EPCAM->-ARID2 TP53->-ARID2 TP53->-EPCAM,3,3,2.000000,2,2.777778e-02,
TP53->-MEN1,2,1,3.000000,3,3.656814e-01,
KRAS->-PIK3CA,2,1,3.000000,3,8.401131e-01,
CDH1->-KDM5C,2,1,3.000000,3,7.529762e-02,
PIK3CA->-ABL1,2,1,3.000000,3,2.635417e-01,
CDH1->-BLM,2,1,3.000000,3,3.042279e-01,
CDH1->-BLM CDH1->-PIK3CA PIK3CA->-BLM,3,3,2.000000,2,6.855937e-02,
ARID1A->-FLT3,2,1,3.000000,3,4.196429e-01,
PTEN->-ZFHX3 TP53->-PTEN TP53->-ZFHX3,3,3,3.000000,3,4.629630e-03,
KMT2D->-TBX3,2,1,3.000000,3,1.250000e-01,
ERBB3->-TBX3,2,1,3.000000,3,5.281961e-01,
TP53->-MST1R,2,1,3.000000,3,1.421131e-01,
PTEN->-MST1R TP53->-MST1R TP53->-PTEN,3,3,2.000000,2,2.777778e-02,
KMT2D->-KMT2C,2,1,3.000000,3,7.207031e-01,
CDH1->-FLT4,2,1,3.000000,3,1.000000e-01,
RUNX1->-NCOR1,2,1,3.000000,3,8.554688e-01,
PIK3CA->-NCOR1 PIK3CA->-RUNX1 RUNX1->-NCOR1,3,3,2.000000,2,2.632245e-01,
TSC2->-KMT2D,2,1,3.000000,3,1.250000e-01,
TP53->-KMT2D TP53->-TSC2 TSC2->-KMT2D,3,3,2.000000,2,2.777778e-02,
PIK3CA->-KMT2D PIK3CA->-TSC2 TSC2->-KMT2D,3,3,2.000000,2,2.777778e-02,
NCOR1->-FLT4,2,1,3.000000,3,1.250000e-01,
NCOR1->-FLT4 PIK3CA->-FLT4 PIK3CA->-NCOR1,3,3,2.000000,2,2.777778e-02,
FAT1->-FLT4,2,1,3.000000,3,1.250000e-01,
FAT1->-FLT4 TP53->-FAT1 TP53->-FLT4,3,3,2.000000,2,2.777778e-02,
FAT1->-FLT4 PIK3CA->-FAT1 PIK3CA->-FLT4,3,3,2.000000,2,2.777778e-02,
FAT1->-NF1 PIK3CA->-FAT1 PIK3CA->-NF1,3,3,2.000000,2,7.407407e-02,
NF1->-KMT2A,2,1,3.000000,3,3.125000e-01,
NF1->-KMT2A TP53->-KMT2A TP53->-NF1,3,3,2.000000,2,2.777778e-02,
NF1->-KMT2A PIK3CA->-KMT2A PIK3CA->-NF1,3,3,2.000000,2,2.777778e-02,
RB1->-TET1,2,1,3.000000,3,3.114035e-01,
PIK3CA->-RB1 PIK3CA->-TET1 RB1->-TET1,3,3,2.000000,2,7.326186e-02,
RB1->-TET1 TP53->-RB1 TP53->-TET1,3,3,2.000000,2,7.407407e-02,
PIK3CA->-AURKA,2,1,3.000000,3,9.375000e-02,
PIK3CA->-AURKA TP53->-AURKA TP53->-PIK3CA,3,3,2.000000,2,5.257937e-02,
TP53->-AKT1,2,1,3.000000,3,9.996553e-01,
NOTCH4->-PIK3CA,2,1,3.000000,3,9.859837e-01,
TP53->-RAD21,2,1,3.000000,3,5.176955e-02,
RHOA->-GATA3,2,1,3.000000,3,1.026786e-01,
PIK3CA->-GATA3 RHOA->-GATA3 RHOA->-PIK3CA,3,3,2.000000,2,5.753968e-02,
CDH1->-GATA3 CDH1->-RHOA RHOA->-GATA3,3,3,2.000000,2,1.785714e-02,
CBFB->-ESR1,2,1,3.000000,3,3.125000e-01,
CBFB->-ESR1 CBFB->-PIK3CA PIK3CA->-ESR1,3,3,2.000000,2,2.777778e-02,
TP53->-FOXP1,2,1,3.000000,3,2.625000e-01,
PIK3CA->-NCOA3,2,1,3.000000,3,1.250000e-01,
APC->-PARP1,2,1,3.000000,3,1.044872e-01,
MAP2K4->-APC,2,1,3.000000,3,1.125000e-01,
APC->-ATM,2,1,3.000000,3,7.727273e-02,
APC->-ATM APC->-PIK3CA PIK3CA->-ATM,3,3,2.000000,2,4.292929e-02,
ARID1A->-NCOR1 PIK3CA->-ARID1A PIK3CA->-NCOR1,3,3,3.000000,3,1.620370e-02,
SMAD4->-ESR1,2,1,3.000000,3,1.250000e-01,
SMAD4->-CDH1,2,1,3.000000,3,7.734375e-01,
PIK3CA->-SDHB,2,1,3.000000,3,2.367565e-01,
PIK3CA->-SDHB TP53->-PIK3CA TP53->-SDHB,3,3,2.000000,2,8.171790e-02,
CBFB->-KMT2C,2,1,3.000000,3,3.875000e-01,
CBFB->-KMT2C CBFB->-PIK3CA KMT2C->-PIK3CA,3,3,2.000000,2,1.182806e-01,
TP53->-E2F3,2,1,3.000000,3,1.349383e-01,
RAD52->-TP53,2,1,3.000000,3,2.734375e-01,
PIK3CA->-PPP2R1A,2,1,3.000000,3,5.194861e-01,
TP53->-HGF,2,1,3.000000,3,1.585648e-01,
PTEN->-BCOR,2,1,3.000000,3,1.240079e-01,
SPEN->-ATM,2,1,3.000000,3,5.514007e-01,
SPEN->-ATM SPEN->-TP53 TP53->-ATM,3,3,2.000000,2,5.021164e-02,
SPEN->-FAT1,2,1,3.000000,3,5.987812e-01,
AKT1->-TET2,2,1,3.000000,3,2.214286e-01,
AKT1->-TET2 AKT1->-TP53 TP53->-TET2,3,3,2.000000,2,5.820106e-02,
MGA->-KMT2D TP53->-KMT2D TP53->-MGA,3,3,3.000000,3,4.523640e-03,
MGA->-KMT2D PIK3CA->-KMT2D PIK3CA->-MGA,3,3,3.000000,3,4.523640e-03,
FGFR4->-KMT2D,2,1,3.000000,3,1.250000e-01,
PIK3CA->-ERCC5,2,1,3.000000,3,3.125000e-01,
PIK3CA->-APC PIK3CA->-SPEN SPEN->-APC,3,3,3.000000,3,8.417508e-03,
PIK3CA->-APC PIK3CA->-SPEN PIK3CA->-TP53 SPEN->-APC TP53->-APC TP53->-SPEN,4,6,2.000000,2,1.736111e-03,
TP53->-HIST3H3,2,1,3.000000,3,1.250000e-01,
BRCA1->-CREBBP,2,1,3.000000,3,2.812500e-01,
BRCA1->-CREBBP TP53->-BRCA1 TP53->-CREBBP,3,3,2.000000,2,5.919312e-02,
BRCA1->-PIK3CA,2,1,3.000000,3,8.651138e-01,
BRCA1->-PIK3CA TP53->-BRCA1 TP53->-PIK3CA,3,3,2.000000,2,7.273065e-02,
CDH1->-PIK3CA CREBBP->-CDH1 CREBBP->-PIK3CA,3,3,2.000000,2,3.127499e-01,
CREBBP->-CDH1,2,1,3.000000,3,9.496013e-01,
JAK1->-TP53,2,1,3.000000,3,8.329687e-01,
JAK1->-PIK3CA JAK1->-TP53 TP53->-PIK3CA,3,3,2.000000,2,7.407407e-02,
BRCA2->-TP53,2,1,3.000000,3,9.897289e-01,
TP53->-ABL1,2,1,3.000000,3,4.608553e-01,
TP53->-FANCC,2,1,3.000000,3,8.333333e-02,
NCOR1->-TBX3,2,1,3.000000,3,2.995346e-01,
CDH1->-TBX3 NCOR1->-CDH1 NCOR1->-TBX3,3,3,2.000000,2,1.785714e-02,
FAT1->-SPEN,2,1,3.000000,3,5.987812e-01,
CDH1->-IRF4,2,1,3.000000,3,1.026786e-01,
CDH1->-BRCA1 TP53->-BRCA1 TP53->-CDH1,3,3,3.000000,3,9.259259e-03,
MAP2K4->-TET2,2,1,3.000000,3,1.071429e-01,
CDH1->-TET2 MAP2K4->-CDH1 MAP2K4->-TET2,3,3,2.000000,2,2.777778e-02,
CDH1->-MTOR MAP2K4->-CDH1 MAP2K4->-MTOR,3,3,2.000000,2,2.777778e-02,
PIK3CA->-FGF4,2,1,3.000000,3,9.283626e-02,
ROS1->-KMT2D,2,1,3.000000,3,2.549107e-01,
ROS1->-ARID1A,2,1,3.000000,3,2.776183e-01,
LATS1->-KMT2C,2,1,3.000000,3,3.125000e-01,
ARID1A->-KMT2D,2,1,3.000000,3,6.080605e-01,
ARID1A->-KMT2D PIK3CA->-ARID1A PIK3CA->-KMT2D,3,3,2.000000,2,7.301418e-02,
PIK3CA->-IKZF1,2,1,3.000000,3,7.728450e-01,
TP53->-IDH1,2,1,3.000000,3,6.338183e-02,
ASXL2->-PIK3CA,2,1,3.000000,3,5.788077e-01,
PIK3CA->-AXL,2,1,3.000000,3,5.564236e-01,
KDM6A->-PIK3CA,2,1,3.000000,3,2.284022e-01,
DDR2->-PIK3CA,2,1,3.000000,3,8.511905e-02,
PIK3CA->-TRAF2,2,1,3.000000,3,2.628939e-01,
PIK3CA->-TP53 PIK3CA->-TRAF2 TP53->-TRAF2,3,3,2.000000,2,1.520951e-02,
ARID1B->-KMT2C,2,1,3.000000,3,1.109749e-01,
ARID1B->-KMT2C ARID1B->-PIK3CA KMT2C->-PIK3CA,3,3,2.000000,2,2.446895e-02,
ARID1B->-PTCH1,2,1,2.000000,2,2.389706e-01,
FAT1->-GATA3,2,1,3.000000,3,6.118260e-01,
PIK3CA->-CDKN1A,2,1,3.000000,3,4.672619e-01,
PIK3CA->-CDKN1A PIK3CA->-TP53 TP53->-CDKN1A,3,3,2.000000,2,1.121036e-01,
TP53->-HIST1H1C,2,1,3.000000,3,1.651786e-01,
TBX3->-PTCH1,2,1,3.000000,3,1.250000e-01,
AKT1->-CTCF,2,1,3.000000,3,1.887500e-01,
MAP3K1->-FAT1,2,1,3.000000,3,7.554945e-02,
TP53->-NFKBIA,2,1,3.000000,3,1.250000e-01,
CBFB->-SPEN,2,1,3.000000,3,1.250000e-01,
CBFB->-SPEN GATA3->-CBFB GATA3->-SPEN,3,3,2.000000,2,7.407407e-02,
TP53->-BLM,2,1,3.000000,3,2.426471e-01,
PTPRS->-TSC2,2,1,3.000000,3,1.160969e-01,
TP53->-PDGFRB,2,1,3.000000,3,1.989522e-01,
PTEN->-ROS1,2,1,3.000000,3,3.110119e-01,
TP53->-PIK3CD,2,1,3.000000,3,1.250000e-01,
PTEN->-PIK3CD TP53->-PIK3CD TP53->-PTEN,3,3,2.000000,2,2.777778e-02,
TP53->-PIK3R3,2,1,3.000000,3,6.666667e-02,
CDH1->-PIK3CA GPS2->-CDH1 GPS2->-PIK3CA,3,3,3.000000,3,1.620370e-02,
INPP4A->-ESR1,2,1,3.000000,3,3.125000e-01,
INPP4A->-ESR1 PIK3CA->-ESR1 PIK3CA->-INPP4A,3,3,2.000000,2,7.407407e-02,
ATRX->-RB1,2,1,3.000000,3,2.549107e-01,
ATRX->-RB1 TP53->-ATRX TP53->-RB1,3,3,2.000000,2,1.405560e-02,
TBX3->-ERBB2,2,1,3.000000,3,7.694025e-01,
CDH1->-ERBB2 TBX3->-CDH1 TBX3->-ERBB2,3,3,2.000000,2,1.212545e-01,
CDH1->-TSC2,2,1,3.000000,3,1.160969e-01,
CDH1->-PIK3CA CDH1->-TSC2 PIK3CA->-TSC2,3,3,2.000000,2,2.777778e-02,
FAT1->-PTEN,2,1,3.000000,3,5.971491e-01,
ERBB2->-ARID1A,2,1,3.000000,3,2.383242e-01,
GATA3->-ALK,2,1,3.000000,3,3.125000e-01,
PDGFRA->-PIK3CA,2,1,3.000000,3,7.277778e-01,
ERBB2->-ARID2,2,1,3.000000,3,7.554945e-02,
PIK3CA->-RAD54L,2,1,3.000000,3,2.892857e-01,
MAP3K1->-ERCC5,2,1,3.000000,3,4.375000e-01,
MAP3K1->-ERCC5 TP53->-ERCC5 TP53->-MAP3K1,3,3,2.000000,2,8.854167e-02,
NOTCH1->-LATS2,2,1,2.000000,2,1.696429e-01,
ESR1->-LATS2,2,1,2.000000,2,3.888889e-01,
SETD2->-LATS2,2,1,2.000000,2,5.000000e-01,
SETD2->-ESR1,2,1,2.000000,2,2.500000e-01,
CCNE1->-IGF1R PIK3CA->-CCNE1 PIK3CA->-IGF1R,3,3,2.000000,2,2.777778e-02,
CCNE1->-RICTOR PIK3CA->-CCNE1 PIK3CA->-RICTOR,3,3,2.000000,2,2.777778e-02,
ESR1->-DNMT3B,2,1,2.000000,2,5.000000e-01,
INHA->-PIK3CA,2,1,2.000000,2,2.500000e-01,
NOTCH1->-IGF1R NOTCH1->-PIK3CA PIK3CA->-IGF1R,3,3,2.000000,2,9.090909e-03,
ARID1A->-IGF1R,2,1,2.000000,2,5.284341e-01,
ARID2->-IGF1R,2,1,2.000000,2,4.010989e-01,
ARID2->-FAT1,2,1,2.000000,2,5.425824e-01,
SETD2->-ATRX,2,1,2.000000,2,2.480159e-01,
ARID1A->-CARD11 SETD2->-ARID1A SETD2->-CARD11,3,3,2.000000,2,2.714184e-02,
ARID2->-CARD11 SETD2->-ARID2 SETD2->-CARD11,3,3,2.000000,2,2.714184e-02,
ESR1->-TET1,2,1,2.000000,2,6.875000e-01,
TET1->-PIK3CA,2,1,2.000000,2,9.646838e-01,
TET1->-DNMT3B,2,1,2.000000,2,2.500000e-01,
FAT1->-CARD11 TET1->-CARD11 TET1->-FAT1,3,3,2.000000,2,7.407407e-02,
TET1->-ARID2,2,1,2.000000,2,2.500000e-01,
ARID1A->-DNMT3B,2,1,2.000000,2,6.875000e-01,
AMER1->-PIK3CA CASP8->-AMER1 CASP8->-PIK3CA,3,3,2.000000,2,1.817810e-02,
ESR1->-AMER1,2,1,2.000000,2,4.642857e-01,
SETD2->-BRCA2,2,1,2.000000,2,5.000000e-01,
FAT1->-DICER1,2,1,2.000000,2,2.500000e-01,
SETD2->-FGFR4,2,1,2.000000,2,2.015385e-01,
FGFR4->-PPP2R1A,2,1,2.000000,2,1.500000e-01,
EP300->-MAP3K1,2,1,2.000000,2,2.500000e-01,
ATM->-MSH6,2,1,2.000000,2,2.500000e-01,
MSH6->-PIK3CA,2,1,2.000000,2,8.906250e-01,
NOTCH1->-ATM,2,1,2.000000,2,7.435065e-01,
ATM->-MAP3K1 ATM->-PIK3CA MAP3K1->-PIK3CA,3,3,2.000000,2,1.137153e-01,
TP53->-RAB35,2,1,2.000000,2,1.666667e-01,
CDH1->-KDM5A,2,1,2.000000,2,1.482456e-01,
KDM5A->-PIK3CA,2,1,2.000000,2,7.648810e-01,
GATA3->-BRCA2,2,1,2.000000,2,6.071429e-01,
MEN1->-KMT2A,2,1,2.000000,2,2.500000e-01,
RECQL4->-TP53,2,1,2.000000,2,9.235895e-01,
TET1->-ARID1B,2,1,2.000000,2,2.500000e-01,
ARID2->-KMT2C,2,1,2.000000,2,6.875000e-01,
PTPRD->-XPO1,2,1,2.000000,2,2.410714e-01,
ARID2->-PTPRD,2,1,2.000000,2,2.500000e-01,
TP53->-RYBP,2,1,2.000000,2,1.666667e-01,
KMT2C-/-PIK3CA,2,1,2.000000,2,8.711171e-01,
SMO->-KMT2C,2,1,2.000000,2,1.354680e-01,
SMO->-MEN1,2,1,2.000000,2,1.354680e-01,
KMT2C->-CDK8,2,1,2.000000,2,1.666667e-01,
CDK8-/-PIK3CA,2,1,2.000000,2,1.629630e-01,
CDH1->-TSC1,2,1,2.000000,2,2.333333e-01,
ARID1A->-DOT1L ARID1A->-FOXA1 DOT1L->-FOXA1,3,3,2.000000,2,1.587302e-02,
CDH1->-EZH2 CDH1->-TP53 TP53->-EZH2,3,3,2.000000,2,2.777778e-02,
CDH1->-DOT1L CDH1->-PIK3CA PIK3CA->-DOT1L,3,3,2.000000,2,2.777778e-02,
FOXA1->-FH,2,1,2.000000,2,2.000000e-01,
SPOP->-MAP3K1,2,1,2.000000,2,6.250000e-01,
AKT1->-EGFR,2,1,2.000000,2,2.013889e-01,
MAP3K1->-EGFR,2,1,2.000000,2,2.500000e-01,
MAP3K1->-CBFB,2,1,2.000000,2,9.869141e-01,
MTOR->-DNMT1,2,1,2.000000,2,2.500000e-01,
AR->-ARID1A,2,1,2.000000,2,4.423077e-01,
CDH1->-NTRK2,2,1,2.000000,2,4.666667e-01,
PIK3CA->-XIAP,2,1,2.000000,2,2.500000e-01,
MAP3K1->-ERBB2,2,1,2.000000,2,9.168404e-01,
PIK3CA->-TGFBR1,2,1,2.000000,2,2.500000e-01,
MAP3K1->-TGFBR1,2,1,2.000000,2,2.500000e-01,
PDCD1->-RB1 PIK3CA->-PDCD1 PIK3CA->-RB1,3,3,2.000000,2,2.729045e-02,
PDCD1->-FAT1 PIK3CA->-FAT1 PIK3CA->-PDCD1,3,3,2.000000,2,2.729045e-02,
PDCD1->-FOXP1,2,1,2.000000,2,2.485380e-01,
STAG2->-FYN,2,1,2.000000,2,2.020137e-01,
STAG2->-RICTOR,2,1,2.000000,2,2.020137e-01,
PIK3CA->-RICTOR PIK3CA->-SMO SMO->-RICTOR,3,3,2.000000,2,1.926912e-02,
NCOR1->-FGFR3,2,1,2.000000,2,2.485380e-01,
RB1->-FOXP1,2,1,2.000000,2,2.485380e-01,
ASXL2->-RB1,2,1,2.000000,2,1.822612e-01,
NCOR1->-TSC1,2,1,2.000000,2,2.319688e-01,
STAG2->-TET1,2,1,2.000000,2,2.485380e-01,
STAG2->-CHEK2,2,1,2.000000,2,4.985380e-01,
PIK3CA->-TSC1,2,1,2.000000,2,4.342105e-01,
ASXL2->-FOXP1 PIK3CA->-ASXL2 PIK3CA->-FOXP1,3,3,2.000000,2,2.729045e-02,
FOXA1->-ERBB2,2,1,2.000000,2,8.878348e-01,
RUNX1->-BRCA2,2,1,2.000000,2,5.000000e-01,
NSD1->-KIT,2,1,2.000000,2,2.671429e-01,
ARID2->-NSD1,2,1,2.000000,2,5.000000e-01,
NSD1->-PIK3CA TP53->-NSD1 TP53->-PIK3CA,3,3,2.000000,2,1.203704e-01,
ARID2->-IKZF1 ARID2->-PIK3CA IKZF1->-PIK3CA,3,3,2.000000,2,2.777778e-02,
ARID2->-IKZF1 ARID2->-KIT IKZF1->-KIT,3,3,2.000000,2,2.777778e-02,
CDH1->-BCOR,2,1,2.000000,2,5.000000e-01,
CDKN2A->-KMT2C,2,1,2.000000,2,2.500000e-01,
TP53->-CHEK2,2,1,2.000000,2,6.875000e-01,
BRCA2->-ZFHX3,2,1,2.000000,2,4.000000e-01,
FGFR3->-PIK3CA,2,1,2.000000,2,7.699805e-01,
FBXW7->-SMARCA4,2,1,2.000000,2,2.500000e-01,
PIK3CA->-RAD21,2,1,2.000000,2,4.555556e-01,
FBXW7->-EPHA7,2,1,2.000000,2,2.500000e-01,
FBXW7->-PDGFRA,2,1,2.000000,2,2.500000e-01,
ARID1A->-FGFR3,2,1,2.000000,2,1.833333e-01,
ARID1A->-MET,2,1,2.000000,2,1.833333e-01,
GATA3->-GRIN2A,2,1,2.000000,2,1.833333e-01,
CDH1->-KDR CDH1->-TP53 KDR->-TP53,3,3,2.000000,2,6.855937e-02,
CDH1->-FOXL2,2,1,2.000000,2,2.500000e-01,
AKT1->-EPHA7,2,1,2.000000,2,2.500000e-01,
AKT1->-CD276,2,1,2.000000,2,2.500000e-01,
ATM->-MDC1,2,1,2.000000,2,4.690476e-01,
TP53->-TOP1,2,1,2.000000,2,1.500000e-01,
LATS1->-ROS1,2,1,2.000000,2,4.500000e-01,
CDH1->-KLF4,2,1,2.000000,2,2.500000e-01,
KLF4->-GRIN2A,2,1,2.000000,2,2.500000e-01,
CDH1->-IGF1R,2,1,2.000000,2,2.500000e-01,
IRS1->-ATR IRS1->-PIK3CA PIK3CA->-ATR,3,3,2.000000,2,6.652823e-02,
MAP3K1->-IRS1,2,1,2.000000,2,2.271242e-01,
EPHA7->-HIST1H3B,2,1,2.000000,2,2.271242e-01,
MDC1->-HIST1H3B,2,1,2.000000,2,2.271242e-01,
MDC1->-CARD11 MDC1->-PIK3CA PIK3CA->-CARD11,3,3,2.000000,2,2.325027e-02,
CARD11->-RFWD2 ERBB3->-CARD11 ERBB3->-RFWD2 TP53->-CARD11 TP53->-ERBB3 TP53->-RFWD2,4,6,2.000000,2,1.350876e-03,
MAP3K1->-RICTOR,2,1,2.000000,2,2.271242e-01,
TCF7L2->-PIK3CA,2,1,2.000000,2,3.116602e-01,
MAP3K1->-RAD51C,2,1,2.000000,2,2.271242e-01,
RAD51C->-PIK3CA,2,1,2.000000,2,8.010621e-01,
PTEN->-NOTCH2,2,1,2.000000,2,1.964286e-01,
PTEN->-AR,2,1,2.000000,2,1.964286e-01,
TP53->-HIST1H3I,2,1,2.000000,2,1.948696e-01,
NOTCH2-/-RPS6KA4,2,1,2.000000,2,5.102041e-02,
PIK3CA->-H3F3B,2,1,2.000000,2,2.500000e-01,
TP53->-ZRSR2,2,1,2.000000,2,3.639610e-01,
TP53->-AMER1,2,1,2.000000,2,4.537594e-01,
NOTCH2->-CREBBP TP53->-CREBBP TP53->-NOTCH2,3,3,2.000000,2,1.884921e-02,
PIK3CA->-NOTCH2 TP53->-NOTCH2 TP53->-PIK3CA,3,3,2.000000,2,2.893519e-02,
ESR1->-CREBBP,2,1,2.000000,2,2.142857e-01,
PIK3CA->-CREBBP PIK3CA->-PLK2 PLK2->-CREBBP,3,3,2.000000,2,4.733506e-02,
MET->-ESR1,2,1,2.000000,2,2.142857e-01,
ESR1-/-KMT2D,2,1,2.000000,2,4.285714e-02,
MAP2K1->-ESR1,2,1,2.000000,2,2.142857e-01,
TP53->-PMS2,2,1,2.000000,2,3.680556e-01,
CDKN2A->-EP300,2,1,2.000000,2,2.013889e-01,
MTOR->-NOTCH4,2,1,2.000000,2,2.013889e-01,
MTOR->-RFWD2 TP53->-MTOR TP53->-RFWD2,3,3,2.000000,2,1.587302e-02,
CDKN2A->-NOTCH4 PIK3CA->-CDKN2A PIK3CA->-NOTCH4,3,3,2.000000,2,1.587302e-02,
PIK3CA->-PMS2,2,1,2.000000,2,2.013889e-01,
ALK->-MAP3K1,2,1,2.000000,2,6.125000e-01,
CCNE1->-ESR1 CCNE1->-MAP3K1 ESR1->-MAP3K1,3,3,2.000000,2,2.777778e-02,
ESR1->-JAK1,2,1,2.000000,2,5.000000e-01,
MAP3K1->-JAK1,2,1,2.000000,2,3.846154e-01,
KMT2C->-MYC,2,1,2.000000,2,2.500000e-01,
KMT2C->-STAG2,2,1,2.000000,2,3.460591e-01,
FLT3->-EGFR,2,1,2.000000,2,2.500000e-01,
ATM->-EGFR,2,1,2.000000,2,2.500000e-01,
FLT3->-SPEN GATA3->-FLT3 GATA3->-SPEN STAG2->-FLT3 STAG2->-GATA3 STAG2->-SPEN,4,6,2.000000,2,1.736111e-03,
ATM->-FLT3,2,1,2.000000,2,2.500000e-01,
CHEK2->-FLT3,2,1,2.000000,2,1.428571e-01,
ERBB3->-ARID1A MAP3K1->-ARID1A MAP3K1->-ERBB3,3,3,2.000000,2,9.920635e-03,
ERBB3->-NUP93,2,1,2.000000,2,1.785714e-01,
PIK3CA->-NUP93 PIK3CA->-SPEN SPEN->-NUP93,3,3,2.000000,2,2.777778e-02,
ATM->-NUP93,2,1,2.000000,2,2.500000e-01,
MYC->-PIK3CA,2,1,2.000000,2,6.093750e-01,
ATM->-ARID1A,2,1,2.000000,2,7.827381e-01,
ATM->-CHEK2,2,1,2.000000,2,2.500000e-01,
MAP3K1->-ATM,2,1,2.000000,2,7.359161e-01,
GATA3->-HIST1H3F,2,1,2.000000,2,2.500000e-01,
MEN1->-MAP3K1,2,1,2.000000,2,7.708333e-01,
CDH1->-CSF1R,2,1,2.000000,2,2.500000e-01,
CDH1->-MPL,2,1,2.000000,2,2.321937e-01,
CIC->-ARID1A,2,1,2.000000,2,4.250000e-01,
KMT2C->-AKT1,2,1,2.000000,2,9.259259e-01,
ABL1->-TP53,2,1,2.000000,2,7.859649e-01,
PIK3CA->-TP53 SMARCA4->-PIK3CA SMARCA4->-TP53,3,3,2.000000,2,1.947728e-01,
ATR->-TP53,2,1,2.000000,2,9.995676e-01,
SMARCA4->-ATR,2,1,2.000000,2,2.480159e-01,
RAD54L->-KMT2C,2,1,2.000000,2,5.000000e-01,
TBX3->-TSC2,2,1,2.000000,2,2.500000e-01,
ROS1->-TP53 TBX3->-ROS1 TBX3->-TP53,3,3,2.000000,2,5.753968e-02,
TSC2->-TP53,2,1,2.000000,2,9.868405e-01,
KMT2C->-KDM5C,2,1,2.000000,2,4.333333e-01,
KMT2C->-RAD50,2,1,2.000000,2,3.696179e-01,
ANKRD11-/-PIK3CA,2,1,2.000000,2,3.790746e-01,
ANKRD11->-BRCA2,2,1,2.000000,2,2.928571e-01,
TBX3->-PIK3CG,2,1,2.000000,2,2.394737e-01,
MET->-FANCC,2,1,2.000000,2,2.500000e-01,
ANKRD11->-CDH1,2,1,2.000000,2,8.528274e-01,
GATA3-/-MAP3K1,2,1,2.000000,2,3.532275e-01,
PTEN->-DDR2,2,1,2.000000,2,6.035526e-01,
MAP2K4->-DDR2,2,1,2.000000,2,2.394737e-01,
CDK12->-JAK3 PTEN->-CDK12 PTEN->-JAK3,3,3,2.000000,2,1.689133e-02,
PIK3CG->-JAK3 PTEN->-JAK3 PTEN->-PIK3CG,3,3,2.000000,2,1.689133e-02,
EPHB1->-KDM5A TP53->-EPHB1 TP53->-KDM5A,3,3,2.000000,2,2.465887e-02,
MAP2K4->-EPHB1,2,1,2.000000,2,2.394737e-01,
DDR2->-PIK3CG,2,1,2.000000,2,2.223684e-01,
TP53->-DIS3,2,1,2.000000,2,2.394737e-01,
ABL1->-JAK3 CDH1->-ABL1 CDH1->-JAK3,3,3,2.000000,2,2.465887e-02,
CDH1->-FLT3 CDH1->-JAK3 FLT3->-JAK3,3,3,2.000000,2,2.465887e-02,
ATRX->-JAK3 TP53->-ATRX TP53->-JAK3,3,3,2.000000,2,2.465887e-02,
AMER1->-JAK3,2,1,2.000000,2,1.893877e-01,
TBX3->-PTPRS,2,1,2.000000,2,2.394737e-01,
FLT3->-PTPRS,2,1,2.000000,2,2.394737e-01,
TBX3->-KDM5A,2,1,2.000000,2,2.394737e-01,
MAP2K4->-FOXA1,2,1,2.000000,2,4.894737e-01,
CDK12->-FOXA1,2,1,2.000000,2,4.410121e-01,
CDK12->-TBX3,2,1,2.000000,2,2.394737e-01,
CDH1->-FOXA1 CDH1->-PIK3CG PIK3CG->-FOXA1,3,3,2.000000,2,2.465887e-02,
TBX3->-MAP2K4,2,1,2.000000,2,4.775689e-01,
NF1->-HIST1H3B,2,1,2.000000,2,1.944444e-01,
SDHB->-INPP4B,2,1,2.000000,2,1.858660e-01,
TP53->-WT1,2,1,2.000000,2,4.045455e-01,
PIK3CA->-H3F3C,2,1,2.000000,2,5.000000e-01,
ATM->-PLK2 PIK3CA->-ATM PIK3CA->-PLK2,3,3,2.000000,2,1.902778e-02,
PIK3CA->-MAP3K13,2,1,2.000000,2,6.524015e-01,
CDH1->-CTCF CDH1->-ERBB3 ERBB3->-CTCF,3,3,2.000000,2,1.190476e-02,
CDKN2A->-KMT2D TP53->-CDKN2A TP53->-KMT2D,3,3,2.000000,2,2.777778e-02,
STK11->-KMT2D TP53->-KMT2D TP53->-STK11,3,3,2.000000,2,6.855937e-02,
PLK2->-KMT2D,2,1,2.000000,2,2.500000e-01,
PIK3CA->-LATS1,2,1,2.000000,2,6.875000e-01,
LATS1->-GLI1,2,1,2.000000,2,2.500000e-01,
CREBBP->-SMAD2 PIK3C2G->-CREBBP PIK3C2G->-SMAD2,3,3,2.000000,2,2.777778e-02,
PIK3CA->-CREBBP PIK3CA->-PTPRD PTPRD->-CREBBP,3,3,2.000000,2,1.961321e-02,
DICER1->-PTCH1,2,1,2.000000,2,2.015385e-01,
DNMT3A->-TP53,2,1,2.000000,2,9.502722e-01,
BRCA2->-TET2,2,1,2.000000,2,2.227273e-01,
CIC->-ARID1B,2,1,2.000000,2,2.227273e-01,
BLM->-ARID1B,2,1,2.000000,2,2.129011e-01,
ARID1B->-DICER1,2,1,2.000000,2,3.685606e-01,
ARID1B->-ATR,2,1,2.000000,2,2.227273e-01,
CBFB->-ALK,2,1,2.000000,2,1.666667e-01,
ARID2->-ALK,2,1,2.000000,2,5.416667e-01,
PTEN->-CREBBP,2,1,2.000000,2,2.083333e-01,
PIK3CA->-DNMT1 PTEN->-DNMT1 PTEN->-PIK3CA,3,3,2.000000,2,1.902778e-02,
CREBBP->-CDC73 CREBBP->-PIK3CA PIK3CA->-CDC73,3,3,2.000000,2,9.920635e-03,
ATRX->-CREBBP,2,1,2.000000,2,2.500000e-01,
PTEN->-RASA1,2,1,2.000000,2,2.111111e-01,
PTEN->-CARD11 TP53->-CARD11 TP53->-PTEN,3,3,2.000000,2,1.922547e-02,
TP53->-SOS1,2,1,2.000000,2,1.266667e-01,
IRS2->-AXIN1,2,1,2.000000,2,1.351111e-01,
NCOR1->-IRS2,2,1,2.000000,2,4.111111e-01,
NCOR1->-AXIN1,2,1,2.000000,2,2.111111e-01,
GATA3->-AXIN1,2,1,2.000000,2,2.111111e-01,
NCOR1->-RASA1,2,1,2.000000,2,2.111111e-01,
ESR1->-TP53 PIK3CA->-ESR1 PIK3CA->-TP53,3,3,2.000000,2,1.096712e-01,
PIK3CA->-CDK4,2,1,2.000000,2,2.500000e-01,
PIK3CA->-ERCC2,2,1,2.000000,2,3.416667e-01,
MED12->-FGFR4 PTEN->-FGFR4 PTEN->-MED12,3,3,2.000000,2,1.902778e-02,
MAP3K1->-FGFR4 PTEN->-FGFR4 PTEN->-MAP3K1,3,3,2.000000,2,1.902778e-02,
NF1->-ERCC5 TP53->-ERCC5 TP53->-NF1,3,3,2.000000,2,2.777778e-02,
SPOP->-NF1,2,1,2.000000,2,2.500000e-01,
NF1->-PRDM1,2,1,2.000000,2,1.833333e-01,
ERCC5->-FGFR4 TP53->-ERCC5 TP53->-FGFR4,3,3,2.000000,2,2.777778e-02,
ATR->-ERCC5 TP53->-ATR TP53->-ERCC5,3,3,2.000000,2,4.513889e-02,
TP53->-SPOP,2,1,2.000000,2,2.500000e-01,
SPOP->-FGFR4,2,1,2.000000,2,2.500000e-01,
ATR->-NSD1,2,1,2.000000,2,2.500000e-01,
RUNX1->-CDKN1B,2,1,2.000000,2,1.666667e-01,
CDKN1B-/-PIK3CA,2,1,2.000000,2,2.293744e-01,
TP53->-PAX5,2,1,2.000000,2,1.500000e-01,
ARID1A->-PTPRD TP53->-ARID1A TP53->-PTPRD,3,3,2.000000,2,1.471380e-02,
ARID1A-/-PIK3C2G TP53->-ARID1A TP53->-PIK3C2G,3,3,2.000000,2,4.444444e-02,
NF1->-PIK3R1 NF1->-PTEN PTEN->-PIK3R1,3,3,2.000000,2,1.255144e-01,
NF1->-CTCF,2,1,2.000000,2,2.500000e-01,
CDH1->-RASA1 CDH1->-TBX3 TBX3->-RASA1,3,3,2.000000,2,1.694139e-02,
PIK3CA->-GLI1 TBX3->-GLI1 TBX3->-PIK3CA,3,3,2.000000,2,1.694139e-02,
CDH1->-GLI1 CDH1->-PIK3CA PIK3CA->-GLI1,3,3,2.000000,2,1.694139e-02,
TBX3->-CREBBP,2,1,2.000000,2,1.282051e-01,
ARID1A->-TBX3,2,1,2.000000,2,6.991853e-01,
AR-/-KMT2C,2,1,2.000000,2,1.025641e-01,
KMT2C-/-RFWD2 PIK3CA-/-RFWD2 PIK3CA->-KMT2C,3,3,2.000000,2,1.826991e-03,
CREBBP-/-RFWD2 PIK3CA-/-RFWD2 PIK3CA->-CREBBP,3,3,2.000000,2,1.826991e-03,
PIK3CA->-STAT5A,2,1,2.000000,2,1.923077e-01,
CDH1->-RASA1 CDH1->-RECQL4 RASA1->-RECQL4,3,3,2.000000,2,1.656768e-02,
ARID1A->-GLI1,2,1,2.000000,2,3.690258e-01,
CDH1->-PIK3C3 CDH1->-PIK3CA PIK3CA->-PIK3C3,3,3,2.000000,2,1.694139e-02,
ARID1A->-RFWD2,2,1,2.000000,2,1.923077e-01,
BRAF->-PIK3CA,2,1,2.000000,2,8.125000e-01,
TP53->-ERCC3,2,1,2.000000,2,1.500000e-01,
KLF4->-PIK3CA,2,1,2.000000,2,8.125000e-01,
PIK3CA->-PARK2,2,1,2.000000,2,5.632440e-01,
PTEN->-ASXL1,2,1,2.000000,2,2.500000e-01,
NF1->-ASXL1,2,1,2.000000,2,4.166667e-01,
TBX3-/-TP53,2,1,2.000000,2,5.351267e-01,
TBX3->-NCOR1,2,1,2.000000,2,6.489610e-01,
ATM->-TP53,2,1,2.000000,2,9.888086e-01,
MAP3K1-/-TP53,2,1,2.000000,2,9.202786e-01,
KMT2C->-WT1,2,1,2.000000,2,1.545455e-01,
KMT2C->-FOXA1,2,1,2.000000,2,8.421818e-01,
ATM-/-NCOR1,2,1,2.000000,2,5.454545e-02,
ATM-/-FOXA1,2,1,2.000000,2,1.758322e-01,
CDH1->-CHEK2,2,1,2.000000,2,5.000000e-01,
KMT2C->-POLE,2,1,2.000000,2,2.500000e-01,
GATA3->-MST1,2,1,2.000000,2,2.000000e-01,
TSC1->-TP53,2,1,2.000000,2,8.988706e-01,
TSC1->-KDM6A,2,1,2.000000,2,1.856725e-01,
RB1->-FBXW7 TP53->-FBXW7 TP53->-RB1,3,3,2.000000,2,2.777778e-02,
RB1->-AXIN1 TP53->-AXIN1 TP53->-RB1,3,3,2.000000,2,2.777778e-02,
PBRM1->-RB1 TP53->-PBRM1 TP53->-RB1,3,3,2.000000,2,1.438492e-02,
PBRM1->-ERBB2,2,1,2.000000,2,2.500000e-01,
CDH1->-SOX17 CDH1->-TP53 TP53->-SOX17,3,3,2.000000,2,2.777778e-02,
CDH1->-AXIN1,2,1,2.000000,2,5.000000e-01,
NF1->-EPHA7,2,1,2.000000,2,4.333333e-01,
NF1->-PTPRD NF1->-TP53 TP53->-PTPRD,3,3,2.000000,2,1.388889e-02,
RNF43->-ERBB2,2,1,2.000000,2,2.500000e-01,
MTOR->-PIK3CA,2,1,2.000000,2,9.190753e-01,
CDH1->-NUP93,2,1,2.000000,2,1.785714e-01,
CREBBP-/-PIK3CA,2,1,2.000000,2,5.507631e-01,
ARID1A-/-PIK3CA,2,1,2.000000,2,5.486973e-01,
BRCA1->-GATA3 PIK3CA->-BRCA1 PIK3CA->-GATA3,3,3,2.000000,2,1.537951e-01,
SPEN->-ESR1,2,1,2.000000,2,8.125000e-01,
CDH1->-PTEN CDH1->-RHOA PTEN->-RHOA,3,3,2.000000,2,2.777778e-02,
PTEN->-ESR1,2,1,2.000000,2,5.000000e-01,
ESR1->-ALOX12B,2,1,2.000000,2,2.500000e-01,
ESR1->-ARID1B,2,1,2.000000,2,1.458333e-01,
CDH1->-ALOX12B,2,1,2.000000,2,2.500000e-01,
MAP2K4->-BRCA2 TP53->-BRCA2 TP53->-MAP2K4,3,3,2.000000,2,1.041667e-02,
MAP2K4->-FAM175A TP53->-FAM175A TP53->-MAP2K4,3,3,2.000000,2,7.291667e-03,
ATR->-PAK7 CDH1->-ATR CDH1->-PAK7,3,3,2.000000,2,1.041667e-02,
MAP2K4->-GPS2,2,1,2.000000,2,4.666667e-01,
PIK3CA->-GPS2,2,1,2.000000,2,9.413307e-01,
ATM->-BRD4,2,1,2.000000,2,1.746667e-01,
FAT1->-KMT2C,2,1,2.000000,2,9.740771e-01,
PIK3CA->-KMT2C PIK3CA->-RICTOR RICTOR->-KMT2C,3,3,2.000000,2,1.421958e-02,
MSH2->-KMT2C,2,1,2.000000,2,4.648284e-01,
ATM->-RPS6KB2,2,1,2.000000,2,2.166667e-01,
ATM->-RICTOR,2,1,2.000000,2,2.166667e-01,
TP53->-LATS2,2,1,2.000000,2,6.575893e-01,
FGFR4-/-LATS2,2,1,2.000000,2,1.481481e-01,
TBX3->-MED12,2,1,2.000000,2,1.955782e-01,
GATA3->-MAP2K4,2,1,2.000000,2,9.710777e-01,
GATA3->-CDH1,2,1,2.000000,2,9.953967e-01,
PTPRS->-SETD2,2,1,2.000000,2,1.500000e-01,
TP53->-CD79A,2,1,2.000000,2,1.071429e-01,
KMT2D->-RB1 TP53->-KMT2D TP53->-RB1,3,3,2.000000,2,7.301418e-02,
CREBBP->-RB1,2,1,2.000000,2,2.500000e-01,
CREBBP->-DNMT3B,2,1,2.000000,2,2.500000e-01,
GATA3->-TSHR,2,1,2.000000,2,2.500000e-01,
PIK3CA->-RAC1,2,1,2.000000,2,2.500000e-01,
PIK3CA->-TCF3,2,1,2.000000,2,2.500000e-01,
KLF4->-TP53,2,1,2.000000,2,8.411458e-01,
CIC->-ESR1,2,1,2.000000,2,1.750000e-01,
GATA3->-JAK1,2,1,2.000000,2,2.500000e-01,
CIC->-KMT2D,2,1,2.000000,2,4.250000e-01,
PIK3R1->-KMT2C,2,1,2.000000,2,8.035969e-01,
ERBB2->-TP63,2,1,2.000000,2,2.500000e-01,
CDH1->-TP63,2,1,2.000000,2,2.500000e-01,
PIK3R1->-ROS1,2,1,2.000000,2,3.944444e-01,
PIK3R1->-ARID2,2,1,2.000000,2,1.444444e-01,
PIK3R1->-MGA,2,1,2.000000,2,1.444444e-01,
NOTCH4->-ARID2 TP53->-ARID2 TP53->-NOTCH4,3,3,2.000000,2,7.175926e-03,
MED12->-ARID2,2,1,2.000000,2,1.444444e-01,
PIK3CA->-POLE PIK3CA->-SPEN SPEN->-POLE,3,3,2.000000,2,2.777778e-02,
ARID1A->-POLE PIK3CA->-ARID1A PIK3CA->-POLE,3,3,2.000000,2,7.301418e-02,
ARID1A->-FLT1 KMT2C->-ARID1A KMT2C->-FLT1,3,3,2.000000,2,2.777778e-02,
PIK3CA->-FLT1 PIK3CA->-SPEN SPEN->-FLT1,3,3,2.000000,2,2.777778e-02,
FLT1->-MAP3K1,2,1,2.000000,2,4.356725e-01,
FBXW7->-TP53,2,1,2.000000,2,9.964909e-01,
FBXW7->-FLT4,2,1,2.000000,2,2.083333e-01,
FLT3-/-PIK3CB FLT3->-POLE PIK3CB-/-POLE,3,3,2.000000,2,6.243669e-03,
FLT3-/-PIK3C2G FLT3->-POLE PIK3C2G-/-POLE,3,3,2.000000,2,6.243669e-03,
GATA3-/-POLE,2,1,2.000000,2,8.571429e-02,
BRCA2->-PIK3CB,2,1,2.000000,2,1.428571e-01,
KDM5C->-ARID1A,2,1,2.000000,2,5.688776e-01,
ASXL1-/-KDM5C,2,1,2.000000,2,2.285714e-01,
FLT3->-ASXL1,2,1,2.000000,2,1.428571e-01,
CARD11->-ARID1A,2,1,2.000000,2,6.974806e-01,
GATA3->-PIK3C2G,2,1,2.000000,2,1.428571e-01,
TP53->-MSH2,2,1,2.000000,2,2.083333e-01,
KMT2D->-XPO1,2,1,2.000000,2,2.083333e-01,
KMT2D->-INPP4B,2,1,2.000000,2,1.991422e-01,
KMT2D->-ARID1B,2,1,2.000000,2,1.991422e-01,
KMT2D->-HNF1A,2,1,2.000000,2,2.066799e-01,
ATRX->-ARID1B TP53->-ARID1B TP53->-ATRX,3,3,2.000000,2,1.686508e-02,
RUNX1->-ERBB2,2,1,2.000000,2,9.375000e-01,
STAT3->-PIK3CA,2,1,2.000000,2,2.500000e-01,
PIK3CA->-MAP2K1,2,1,2.000000,2,5.000000e-01,
PIK3CA->-CUL3,2,1,2.000000,2,5.000000e-01,
MEN1->-ESR1,2,1,2.000000,2,2.142857e-01,
CDH1->-BRAF,2,1,2.000000,2,2.500000e-01,
RHOA->-CDH1,2,1,2.000000,2,8.560799e-01,
ARID1A->-RHOA,2,1,2.000000,2,1.904762e-01,
CDH1->-PIK3CA PTPRT->-CDH1 PTPRT->-PIK3CA,3,3,2.000000,2,7.407407e-02,
PTPRT->-ARID2,2,1,2.000000,2,6.322988e-01,
PTPRT->-MAP3K1,2,1,2.000000,2,6.392544e-01,
CDH1->-DAXX CDH1->-PIK3CA PIK3CA->-DAXX,3,3,2.000000,2,1.961321e-02,
ARID1A->-DICER1,2,1,2.000000,2,1.458333e-01,
ATR->-NOTCH4 PIK3CA->-ATR PIK3CA->-NOTCH4,3,3,2.000000,2,2.777778e-02,
ATR->-GRIN2A,2,1,2.000000,2,2.500000e-01,
BRCA1->-PTCH1,2,1,2.000000,2,1.500000e-01,
HNF1A->-CDK12,2,1,2.000000,2,1.209231e-01,
BRCA1->-PTPRT,2,1,2.000000,2,1.500000e-01,
PTPRT->-JAK2,2,1,2.000000,2,1.847222e-01,
PTPRT->-HNF1A,2,1,2.000000,2,2.761817e-01,
PIK3CA->-HIST3H3,2,1,2.000000,2,6.250000e-01,
CDH1->-CBL,2,1,2.000000,2,1.500000e-01,
CBL->-PIK3CA,2,1,2.000000,2,5.680556e-01,
FLT1->-PIK3CA,2,1,2.000000,2,7.803363e-01,
AKT1->-RAD54L,2,1,2.000000,2,1.600000e-01,
RECQL4->-GATA3,2,1,2.000000,2,4.666667e-01,
NF1->-PTPRS,2,1,2.000000,2,4.821937e-01,
PTPRT->-PTPRS,2,1,2.000000,2,2.500000e-01,
PTPRT->-TP53,2,1,2.000000,2,9.826755e-01,
KMT2C->-ANKRD11,2,1,2.000000,2,4.532020e-01,
TERT->-TP53,2,1,2.000000,2,8.880166e-01,
INHA->-CREBBP,2,1,2.000000,2,2.321429e-01,
CREBBP->-ATR TP53->-ATR TP53->-CREBBP,3,3,2.000000,2,1.576061e-02,
TP53->-IGF1,2,1,2.000000,2,2.083333e-01,
TP53->-HIST1H3G,2,1,2.000000,2,4.500000e-01,
RUNX1->-SETD2,2,1,2.000000,2,2.000000e-01,
RUNX1->-GATA3,2,1,2.000000,2,2.000000e-01,
NF1->-ERBB2,2,1,2.000000,2,5.000000e-01,
PIK3CG->-PIK3CA,2,1,2.000000,2,8.860183e-01,
IRS1->-ESR1,2,1,2.000000,2,2.500000e-01,
ERBB2->-ESR1,2,1,2.000000,2,1.510989e-01,
IRS1->-SPEN,2,1,2.000000,2,4.045455e-01,
CDK12->-TP53,2,1,2.000000,2,7.646930e-01,
FGFR4->-KMT2C,2,1,2.000000,2,3.404274e-01,
KMT2C->-ARID5B,2,1,2.000000,2,4.532020e-01,
KMT2C->-CBFB,2,1,2.000000,2,7.319444e-01,
JAK2-/-PIK3CA,2,1,2.000000,2,3.907407e-01,
FOXA1->-FAT1,2,1,2.000000,2,5.464787e-01,
FOXA1->-NSD1,2,1,2.000000,2,6.476190e-01,
ERBB2->-XPO1,2,1,2.000000,2,2.410714e-01,
MAP3K1->-XPO1,2,1,2.000000,2,1.635842e-01,
FOXA1->-XPO1,2,1,2.000000,2,2.410714e-01,
ERBB2->-PTPRD TP53->-ERBB2 TP53->-PTPRD,3,3,2.000000,2,1.751179e-02,
CDKN1B->-PTPRD,2,1,2.000000,2,2.410714e-01,
FOXA1->-PTPRD,2,1,2.000000,2,2.410714e-01,
SOX9->-IRS1,2,1,2.000000,2,2.500000e-01,
SOX9->-PIK3CA,2,1,2.000000,2,6.875000e-01,
PIK3CA->-NTRK1,2,1,2.000000,2,2.500000e-01,
CDH1->-KMT2C CDH1->-RUNX1 KMT2C->-RUNX1,3,3,2.000000,2,1.319444e-01,
RUNX1->-JUN,2,1,2.000000,2,2.500000e-01,
SPEN->-RUNX1,2,1,2.000000,2,2.500000e-01,
PIK3CA->-RB1 PIK3CA->-RUNX1 RB1->-RUNX1,3,3,2.000000,2,2.777778e-02,
RB1->-RUNX1 TP53->-RB1 TP53->-RUNX1,3,3,2.000000,2,2.777778e-02,
ERBB2->-GATA3,2,1,2.000000,2,2.500000e-01,
MAP2K4->-ATM,2,1,2.000000,2,2.500000e-01,
PIK3C2G->-EGFR,2,1,2.000000,2,2.500000e-01,
PIK3C2G->-NCOR1,2,1,2.000000,2,5.000000e-01,
FYN->-ATM,2,1,2.000000,2,2.015385e-01,
BARD1->-PTPRT,2,1,2.000000,2,1.000000e-01,
CTCF->-MAP2K4 CTCF->-PIK3CA MAP2K4->-PIK3CA,3,3,2.000000,2,1.527778e-02,
CSF3R->-PIK3CA,2,1,2.000000,2,1.977124e-01,
NF1->-POLE,2,1,2.000000,2,2.500000e-01,
ESR1->-POLE,2,1,2.000000,2,2.500000e-01,
CDH1->-MAP3K1 CDH1->-POLE MAP3K1->-POLE,3,3,2.000000,2,2.777778e-02,
CDH1->-NF1 CDH1->-RAD50 NF1->-RAD50,3,3,2.000000,2,2.469136e-02,
MAP3K1->-NF1 PIK3CA->-MAP3K1 PIK3CA->-NF1,3,3,2.000000,2,7.407407e-02,
ESR1->-RAD50 PIK3CA->-ESR1 PIK3CA->-RAD50,3,3,2.000000,2,5.092593e-02,
GATA3->-RAD50 PIK3CA->-GATA3 PIK3CA->-RAD50,3,3,2.000000,2,2.777778e-02,
ESR1->-AR,2,1,2.000000,2,1.388889e-01,
GATA3->-AR,2,1,2.000000,2,5.000000e-01,
MAP3K1->-AR,2,1,2.000000,2,5.000000e-01,
IGF1R->-ESR1,2,1,2.000000,2,4.010989e-01,
DNMT3B->-ARID1A,2,1,2.000000,2,6.875000e-01,
MAX->-PIK3CA,2,1,2.000000,2,4.464286e-01,
GATA3->-IGF1R,2,1,2.000000,2,6.588636e-01,
MGA-/-PIK3CA,2,1,2.000000,2,3.505880e-01,
APC->-PIK3R1,2,1,2.000000,2,2.321937e-01,
ERBB3->-POLE,2,1,2.000000,2,2.500000e-01,
ERBB3->-CDH1,2,1,2.000000,2,9.684152e-01,
ARID1A->-MTOR,2,1,2.000000,2,2.958333e-01,
PIK3CA->-MYC,2,1,2.000000,2,6.093750e-01,
PIK3CA->-JAK2,2,1,2.000000,2,7.639468e-01,
PIK3CA->-PPM1D,2,1,2.000000,2,1.458333e-01,
ESR1->-ZFHX3,2,1,2.000000,2,1.458333e-01,
PAK1-/-PTPRT PIK3CA->-PAK1 PIK3CA->-PTPRT,3,3,2.000000,2,1.126181e-03,
ARID1A->-JAK2,2,1,2.000000,2,1.458333e-01,
ARID1B->-ZFHX3,2,1,2.000000,2,1.458333e-01,
PIK3CA->-DCUN1D1,2,1,2.000000,2,1.500000e-01,
FOXA1->-PTCH1 PIK3CA->-FOXA1 PIK3CA->-PTCH1,3,3,2.000000,2,1.902778e-02,
CBFB->-ARID1A TP53->-ARID1A TP53->-CBFB,3,3,2.000000,2,2.777778e-02,
AKT1->-RB1,2,1,2.000000,2,2.013889e-01,
RB1->-ARID1A,2,1,2.000000,2,4.980159e-01,
AKT1->-CREBBP,2,1,2.000000,2,2.500000e-01,
AKT1->-ARID1A,2,1,2.000000,2,5.416667e-01,
IRS2->-POLE,2,1,2.000000,2,1.600000e-01,
IRS2->-TP53,2,1,2.000000,2,7.849391e-01,
IRS2->-PIK3CA,2,1,2.000000,2,5.522222e-01,
CDH1->-PIK3CB,2,1,2.000000,2,2.500000e-01,
CDH1->-SMAD2,2,1,2.000000,2,5.000000e-01,
MAP2K4->-CIC,2,1,2.000000,2,1.750000e-01,
MAP2K4->-KMT2D,2,1,2.000000,2,1.750000e-01,
CBFB->-TBX3,2,1,2.000000,2,6.375000e-01,
CDH1->-FGFR2,2,1,2.000000,2,2.000000e-01,
KDM6A->-CDH1,2,1,2.000000,2,8.115809e-01,
HNF1A->-TP53,2,1,2.000000,2,9.304900e-01,
BRIP1->-SOX17,2,1,2.000000,2,1.034392e-01,
PIK3CA->-RAB35,2,1,2.000000,2,2.500000e-01,
NOTCH2->-KMT2C,2,1,2.000000,2,4.981618e-01,
TP53->-RNF43,2,1,2.000000,2,1.166667e-01,
RB1->-NOTCH2 TP53->-NOTCH2 TP53->-RB1,3,3,2.000000,2,2.777778e-02,
ARID2->-BCOR TP53->-ARID2 TP53->-BCOR,3,3,2.000000,2,2.714184e-02,
FOXA1->-ARID1A,2,1,2.000000,2,7.827381e-01,
ATM->-RUNX1 PIK3CA->-ATM PIK3CA->-RUNX1,3,3,2.000000,2,2.777778e-02,
TP53->-CRLF2,2,1,2.000000,2,2.500000e-01,
TP53->-CCND1,2,1,2.000000,2,2.500000e-01,
ARID1A->-AKT1,2,1,2.000000,2,5.416667e-01,
CDH1->-ERBB2 CDH1->-NCOR1 NCOR1->-ERBB2,3,3,2.000000,2,7.407407e-02,
CDH1->-INPP4A CDH1->-PIK3CA PIK3CA->-INPP4A,3,3,2.000000,2,2.777778e-02,
TP53->-GNAS,2,1,2.000000,2,1.071429e-01,
NCOR1->-KDM6A,2,1,2.000000,2,2.500000e-01,
NCOR1->-TET2 TP53->-NCOR1 TP53->-TET2,3,3,2.000000,2,2.777778e-02,
CDH1->-CDKN2A CDH1->-NCOR1 CDKN2A->-NCOR1,3,3,2.000000,2,2.777778e-02,
KDM6A->-GRIN2A TP53->-GRIN2A TP53->-KDM6A,3,3,2.000000,2,2.777778e-02,
TET2->-GRIN2A,2,1,2.000000,2,1.600000e-01,
CDH1->-EIF4A2,2,1,2.000000,2,2.500000e-01,
CDH1->-GNAS,2,1,2.000000,2,2.500000e-01,
NOTCH4->-EED,2,1,2.000000,2,2.481618e-01,
PTCH1->-NOTCH2,2,1,2.000000,2,2.481618e-01,
KMT2C->-PTCH1 KMT2C->-STAT5B PTCH1->-STAT5B,3,3,2.000000,2,2.716503e-03,
KDM6A->-KMT2A,2,1,2.000000,2,4.981618e-01,
RASA1->-KMT2A,2,1,2.000000,2,2.105615e-01,
NOTCH4->-NOTCH2,2,1,2.000000,2,3.981618e-01,
CDH1->-FGF19,2,1,2.000000,2,2.481618e-01,
KMT2C->-RASA1,2,1,2.000000,2,4.404695e-01,
CDH1->-MSH2 CDH1->-RASA1 MSH2->-RASA1,3,3,2.000000,2,2.716503e-02,
CDH1->-KMT2C CDH1->-STAT5B KMT2C->-STAT5B,3,3,2.000000,2,1.918056e-02,
CDH1->-YES1,2,1,2.000000,2,2.017078e-01,
CDH1->-SLX4,2,1,2.000000,2,2.481618e-01,
FAT1->-ERCC4,2,1,2.000000,2,4.166667e-01,
PIK3CA->-GNAS,2,1,2.000000,2,2.500000e-01,
SF3B1->-KMT2C,2,1,2.000000,2,5.000000e-01,
PIK3CA->-POLE PIK3CA->-RB1 RB1->-POLE,3,3,2.000000,2,7.301418e-02,
TP53->-CBL,2,1,2.000000,2,2.500000e-01,
CBL->-JAK3,2,1,2.000000,2,1.977124e-01,
PIK3CA->-ERG PIK3CA->-TP53 TP53->-ERG,3,3,2.000000,2,2.777778e-02,
CDH1->-PIK3CA CDH1->-SMARCD1 PIK3CA->-SMARCD1,3,3,2.000000,2,6.944444e-03,
ARID1B->-PIK3R1,2,1,2.000000,2,4.821937e-01,
PIK3R1->-RUNX1,2,1,2.000000,2,2.500000e-01,
TCF7L2->-SOX2,2,1,2.000000,2,1.346154e-01,
ARID1B->-RUNX1,2,1,2.000000,2,2.500000e-01,
NCOR1->-ARID1A,2,1,2.000000,2,8.125000e-01,
BRCA2->-BAP1,2,1,2.000000,2,2.500000e-01,
BRCA2->-PTPRD,2,1,2.000000,2,2.500000e-01,
JAK1->-BRCA2,2,1,2.000000,2,2.500000e-01,
RAD54L->-NCOR1,2,1,2.000000,2,2.500000e-01,
TP53->-NEGR1,2,1,2.000000,2,2.013889e-01,
CTCF->-ESR1,2,1,2.000000,2,2.500000e-01,
ESR1->-PTPRD TP53->-ESR1 TP53->-PTPRD,3,3,2.000000,2,2.777778e-02,
CDH1->-JAK1,2,1,2.000000,2,5.000000e-01,
RB1->-TSHR,2,1,2.000000,2,2.500000e-01,
RB1->-KMT2D,2,1,2.000000,2,6.860119e-01,
RB1->-FLT4,2,1,2.000000,2,4.250000e-01,
ATRX->-KMT2D,2,1,2.000000,2,4.563492e-01,
KMT2D->-GATA3,2,1,2.000000,2,6.792279e-01,
ATRX->-FLT4,2,1,2.000000,2,4.250000e-01,
CTCF->-GPS2,2,1,2.000000,2,1.750000e-01,
AKT1->-PIK3CA,2,1,2.000000,2,4.518519e-01,
PTCH1->-GATA3,2,1,2.000000,2,2.389706e-01,
TP53->-ERRFI1,2,1,2.000000,2,1.100000e-01,
TP53->-SMARCB1,2,1,2.000000,2,3.857143e-01,
TP53->-SRSF2,2,1,2.000000,2,3.690058e-01,
EP300->-SRSF2,2,1,2.000000,2,1.833333e-01,
PIK3CA->-PIK3CD,2,1,2.000000,2,2.015385e-01,
AKT1-/-MTOR,2,1,2.000000,2,1.777778e-01,
BCOR->-GRIN2A,2,1,2.000000,2,3.721212e-01,
BCOR-/-KMT2A,2,1,2.000000,2,5.454545e-02,
AXIN1->-SMARCA4,2,1,2.000000,2,1.600000e-01,
SMARCA4->-TET1,2,1,2.000000,2,1.600000e-01,
YES1->-KIT,2,1,2.000000,2,1.300493e-01,
TGFBR2->-GRIN2A,2,1,2.000000,2,1.600000e-01,
KMT2A->-RIT1,2,1,2.000000,2,1.289846e-01,
AKT1->-AXIN1,2,1,2.000000,2,1.600000e-01,
NOTCH2->-TET1,2,1,2.000000,2,1.600000e-01,
NSD1->-MDM2,2,1,2.000000,2,1.386667e-01,
IRS2->-TET2,2,1,2.000000,2,8.436364e-02,
PIK3CA->-PAX5,2,1,2.000000,2,1.666667e-01,
PTEN->-TGFBR2,2,1,2.000000,2,2.015385e-01,
PTEN->-RIT1,2,1,2.000000,2,2.015385e-01,
MAP3K1->-DICER1 PTEN->-DICER1 PTEN->-MAP3K1,3,3,2.000000,2,1.902778e-02,
MAP3K1->-PIK3CD PTEN->-MAP3K1 PTEN->-PIK3CD,3,3,2.000000,2,1.902778e-02,
ATM->-DNMT1 PIK3CA->-ATM PIK3CA->-DNMT1,3,3,2.000000,2,1.902778e-02,
ATM->-FGFR4 PIK3CA->-ATM PIK3CA->-FGFR4,3,3,2.000000,2,1.902778e-02,
MGA->-FGFR4 PIK3CA->-FGFR4 PIK3CA->-MGA,3,3,2.000000,2,1.902778e-02,
ATM->-KMT2A ATM->-SETD2 KMT2A->-SETD2,3,3,2.000000,2,1.902778e-02,
PIK3CA->-KMT2C PIK3CA->-PLK2 PLK2->-KMT2C,3,3,2.000000,2,4.759769e-02,
FOXA1->-KMT2C FOXA1->-PLK2 PLK2->-KMT2C,3,3,2.000000,2,1.902778e-02,
MGA->-HNF1A MGA->-PTCH1 PIK3CA->-HNF1A PIK3CA->-MGA PIK3CA->-PTCH1 PTCH1->-HNF1A,4,6,2.000000,2,9.836163e-04,
MAP3K1->-KMT2A MAP3K1->-MGA MGA->-KMT2A,3,3,2.000000,2,1.902778e-02,
MGA->-SETD2,2,1,2.000000,2,6.495696e-01,
PIK3CA->-FYN,2,1,2.000000,2,4.033315e-01,
BRD4->-FGFR4,2,1,2.000000,2,2.015385e-01,
PTCH1->-FGFR4,2,1,2.000000,2,2.015385e-01,
PTCH1->-KMT2C,2,1,2.000000,2,8.230908e-01,
JAK3->-RIT1 PIK3CA->-JAK3 PIK3CA->-RIT1,3,3,2.000000,2,1.902778e-02,
MED12->-SETD2,2,1,2.000000,2,4.515385e-01,
FOXA1->-MED12,2,1,2.000000,2,1.881026e-01,
DNMT1->-KMT2C,2,1,2.000000,2,2.015385e-01,
DNMT1-/-NBN,2,1,2.000000,2,4.615385e-02,
MAP3K1->-DNMT1,2,1,2.000000,2,2.015385e-01,
DNMT1->-SETD2,2,1,2.000000,2,2.015385e-01,
MAP3K1->-JAK3,2,1,2.000000,2,2.015385e-01,
KMT2A->-FGFR4 KMT2A->-MED12 MED12->-FGFR4,3,3,2.000000,2,1.902778e-02,
FOXA1->-FGFR4,2,1,2.000000,2,2.015385e-01,
MAP3K1->-SETD2,2,1,2.000000,2,2.015385e-01,
EPHB1->-MAP3K1,2,1,2.000000,2,8.125000e-01,
PTEN->-KMT2D TP53->-KMT2D TP53->-PTEN,3,3,2.000000,2,7.301418e-02,
KMT2D->-PTPRT PIK3CA->-KMT2D PIK3CA->-PTPRT PIK3CA->-TP53 TP53->-KMT2D TP53->-PTPRT,4,6,2.000000,2,6.933518e-03,
KMT2D->-MDC1 TP53->-KMT2D TP53->-MDC1,3,3,2.000000,2,2.777778e-02,
NCOR1->-ALK,2,1,2.000000,2,2.500000e-01,
SETD2->-KMT2D TP53->-KMT2D TP53->-SETD2,3,3,2.000000,2,8.530292e-03,
ANKRD11->-PLK2,2,1,2.000000,2,2.032020e-01,
ANKRD11->-KMT2D,2,1,2.000000,2,5.937500e-01,
ATM->-TBX3,2,1,2.000000,2,4.045455e-01,
GATA3->-KDM5A,2,1,2.000000,2,5.000000e-01,
TP53->-YAP1,2,1,2.000000,2,5.000000e-01,
CARD11->-TP53,2,1,2.000000,2,9.911322e-01,
CDKN2A->-CARD11,2,1,2.000000,2,2.500000e-01,
PIK3CA->-JUN,2,1,2.000000,2,5.000000e-01,
PIK3CA->-BRIP1 PIK3CA->-RUNX1 RUNX1->-BRIP1,3,3,2.000000,2,2.777778e-02,
ESR1->-ERBB4,2,1,2.000000,2,6.312500e-01,
TP53->-FYN,2,1,2.000000,2,2.032020e-01,
TP53->-SH2D1A,2,1,2.000000,2,1.050000e-01,
PIK3CA->-SOX9,2,1,2.000000,2,6.875000e-01,
CDH1->-SOX9,2,1,2.000000,2,5.000000e-01,
BRCA2->-STK11,2,1,2.000000,2,2.500000e-01,
ESR1->-GNAS,2,1,2.000000,2,2.500000e-01,
PIK3CA->-SYK,2,1,2.000000,2,2.500000e-01,
PIK3CA->-REL,2,1,2.000000,2,2.500000e-01,
MAP3K1->-REL TP53->-MAP3K1 TP53->-REL,3,3,2.000000,2,2.777778e-02,
TP53->-BCL6,2,1,2.000000,2,3.818182e-01,
PIK3CA->-BCL6,2,1,2.000000,2,5.000000e-01,
BCL6->-NOTCH1 CDH1->-BCL6 CDH1->-NOTCH1,3,3,2.000000,2,2.777778e-02,
MAP3K1->-SPOP,2,1,2.000000,2,6.250000e-01,
MAP3K1->-DNMT3A,2,1,2.000000,2,1.666667e-01,
ATM->-PIK3CA ATM->-SF3B1 PIK3CA->-SF3B1,3,3,2.000000,2,2.777778e-02,
MAP3K1->-SF3B1,2,1,2.000000,2,4.166667e-01,
CDH1->-SF3B1,2,1,2.000000,2,6.312500e-01,
RB1->-PTPRT TP53->-PTPRT TP53->-RB1,3,3,2.000000,2,7.301418e-02,
MAP3K1->-RB1 TP53->-MAP3K1 TP53->-RB1,3,3,2.000000,2,2.797318e-02,
RB1->-NOTCH1 TP53->-NOTCH1 TP53->-RB1,3,3,2.000000,2,2.777778e-02,
PIK3C2G->-PTPRT TP53->-PIK3C2G TP53->-PTPRT,3,3,2.000000,2,2.777778e-02,
ATM->-NOTCH4 TP53->-ATM TP53->-NOTCH4,3,3,2.000000,2,2.777778e-02,
CDH1->-DNMT3A CDH1->-KDR DNMT3A->-KDR,3,3,2.000000,2,2.777778e-02,
ATM->-CDH1 ATM->-PIK3CA CDH1->-PIK3CA,3,3,2.000000,2,1.319444e-01,
ATM->-NOTCH1,2,1,2.000000,2,7.435065e-01,
MAP3K1->-NOTCH1 MAP3K1->-PIK3CA PIK3CA->-NOTCH1,3,3,2.000000,2,1.319444e-01,
KMT2C->-MDM2,2,1,2.000000,2,2.166667e-01,
SMAD4->-KMT2C,2,1,2.000000,2,4.666667e-01,
SMAD4->-MAP3K1,2,1,2.000000,2,2.166667e-01,
DOT1L->-PDGFRA,2,1,2.000000,2,2.500000e-01,
PALB2->-KDM5C,2,1,2.000000,2,2.500000e-01,
SOX9->-PDGFRA,2,1,2.000000,2,2.500000e-01,
TP53->-TNFAIP3,2,1,2.000000,2,1.666667e-01,
TP53->-KEAP1,2,1,2.000000,2,2.053571e-01,
APC->-EPHB1 APC->-KMT2D KMT2D->-EPHB1 TP53->-APC TP53->-EPHB1 TP53->-KMT2D,4,6,2.000000,2,1.659714e-03,
APC->-RB1 TP53->-APC TP53->-RB1,3,3,2.000000,2,7.301418e-02,
APC->-KEAP1,2,1,2.000000,2,2.250000e-01,
PTEN->-PDGFRA,2,1,2.000000,2,2.500000e-01,
CIC->-RUNX1,2,1,2.000000,2,2.500000e-01,
ARID1B->-PDGFRA,2,1,2.000000,2,2.500000e-01,
EPCAM->-ARID1B,2,1,2.000000,2,2.500000e-01,
JAK1->-TBX3 TP53->-JAK1 TP53->-TBX3,3,3,2.000000,2,2.777778e-02,
TP53->-ARID5B TP53->-ZFHX3 ZFHX3->-ARID5B,3,3,2.000000,2,2.777778e-02,
ARID1A->-ANKRD11,2,1,2.000000,2,5.178571e-01,
JAK1->-ZFHX3,2,1,2.000000,2,2.121212e-01,
PIK3CA->-IRF4,2,1,2.000000,2,2.053571e-01,
AKT1->-CIC,2,1,2.000000,2,2.013889e-01,
NCOR1->-POLE TP53->-NCOR1 TP53->-POLE,3,3,2.000000,2,1.289683e-02,
POLE->-SMARCA4 TP53->-POLE TP53->-SMARCA4,3,3,2.000000,2,2.714184e-02,
POLE->-ATRX TP53->-ATRX TP53->-POLE,3,3,2.000000,2,2.714184e-02,
NCOR1->-SMARCA4,2,1,2.000000,2,2.500000e-01,
NCOR1->-ATRX,2,1,2.000000,2,2.500000e-01,
NOTCH1->-CDH1,2,1,2.000000,2,7.791667e-01,
NOTCH1->-GATA3,2,1,2.000000,2,3.878788e-01,
CDH1->-IL7R,2,1,2.000000,2,1.702754e-01,
AKT1->-NCOR1,2,1,2.000000,2,2.013889e-01,
LATS2-/-TP53,2,1,2.000000,2,2.833333e-01,
ALOX12B->-TSC2,2,1,2.000000,2,1.696429e-01,
MAP3K1->-TSC2,2,1,2.000000,2,6.124466e-01,
ALOX12B->-MAP3K1,2,1,2.000000,2,1.130952e-01,
NOTCH1->-EPHA5,2,1,2.000000,2,3.196429e-01,
MAP3K1->-EPHA5,2,1,2.000000,2,3.363095e-01,
GPS2->-ESR1,2,1,2.000000,2,2.166667e-01,
TP53->-NFE2L2,2,1,2.000000,2,1.696429e-01,
BRCA1->-DNMT1,2,1,2.000000,2,1.904762e-01,
ANKRD11->-TBX3,2,1,2.000000,2,8.125000e-01,
NOTCH3->-CDH1,2,1,2.000000,2,6.875000e-01,
NOTCH3->-PIK3CA,2,1,2.000000,2,8.935185e-01,
YAP1->-PIK3CA,2,1,2.000000,2,5.000000e-01,
MSH6->-TERT PIK3CA->-MSH6 PIK3CA->-TERT,3,3,2.000000,2,2.777778e-02,
CDH1->-TERT,2,1,2.000000,2,2.500000e-01,
ANKRD11->-PIK3CA,2,1,2.000000,2,9.732201e-01,
MAP2K4->-NOTCH2,2,1,2.000000,2,2.500000e-01,
MAP2K4->-MED12,2,1,2.000000,2,4.880952e-01,
TP53->-SMAD3,2,1,2.000000,2,2.500000e-01,
MAP2K4->-KMT2C,2,1,2.000000,2,5.000000e-01,
NCOR1->-AMER1,2,1,2.000000,2,1.346154e-01,
JAK1->-EIF4A2,2,1,2.000000,2,1.346154e-01,
PDGFRB->-PIK3CA,2,1,2.000000,2,5.616994e-01,
PIK3CA->-BCL2L11,2,1,2.000000,2,1.547619e-01,
FOXA1->-CDK8,2,1,2.000000,2,1.666667e-01,
MEN1->-MAP2K4,2,1,2.000000,2,5.000000e-01,
MEN1->-NCOR1,2,1,2.000000,2,2.500000e-01,
JAK3->-GATA3 MAP2K4->-GATA3 MAP2K4->-JAK3,3,3,2.000000,2,1.944444e-02,
CDH1->-NOTCH3,2,1,2.000000,2,6.875000e-01,
PIK3CA->-MYD88,2,1,2.000000,2,5.000000e-01,
TP53->-RAD51,2,1,2.000000,2,2.500000e-01,
TBX3->-EPHA5,2,1,2.000000,2,2.500000e-01,
TBX3->-CBFB,2,1,2.000000,2,6.375000e-01,
RET->-BCOR,2,1,2.000000,2,1.833333e-01,
HIST3H3->-PIK3CA,2,1,2.000000,2,6.250000e-01,
IDH1->-GATA3,2,1,2.000000,2,1.750000e-01,
MAP3K1->-EPCAM,2,1,2.000000,2,4.250000e-01,
CDH1->-CREBBP CDH1->-RAD50 RAD50->-CREBBP,3,3,2.000000,2,1.961321e-02,
MAP3K13->-CREBBP,2,1,2.000000,2,2.032020e-01,
CDH1->-CREBBP CDH1->-KIT KIT->-CREBBP,3,3,2.000000,2,1.961321e-02,
CDH1-/-RFWD2 CDH1->-ERBB2 ERBB2-/-RFWD2,3,3,2.000000,2,1.108374e-03,
CDH1-/-RFWD2 CDH1->-PIK3CA PIK3CA-/-RFWD2,3,3,2.000000,2,3.874235e-03,
ANKRD11->-PTPRD,2,1,2.000000,2,2.032020e-01,
ANKRD11->-STAG2,2,1,2.000000,2,2.032020e-01,
TP53->-PARP1 TP53->-YES1 YES1->-PARP1,3,3,2.000000,2,1.961321e-02,
PIK3CA->-PARP1 PIK3CA->-YES1 YES1->-PARP1,3,3,2.000000,2,1.961321e-02,
TP53->-ATR TP53->-YES1 YES1->-ATR,3,3,2.000000,2,1.961321e-02,
PIK3CA->-ATR PIK3CA->-YES1 YES1->-ATR,3,3,2.000000,2,1.961321e-02,
STAG2->-PARP1,2,1,2.000000,2,2.032020e-01,
CREBBP->-PARP1,2,1,2.000000,2,2.032020e-01,
CDH1->-MLH1 TP53->-CDH1 TP53->-MLH1,3,3,2.000000,2,1.569057e-02,
PIK3CA->-PPP6C,2,1,2.000000,2,1.607022e-01,
MAP3K13->-PIK3CA,2,1,2.000000,2,6.524015e-01,
MAP3K13->-MEN1,2,1,2.000000,2,2.032020e-01,
MLH1->-PIK3CA,2,1,2.000000,2,4.532020e-01,
MAP3K1->-ARID1A MAP3K1->-MEN1 MEN1->-ARID1A,3,3,2.000000,2,7.407407e-02,
PTEN->-RB1,2,1,2.000000,2,4.313492e-01,
CDH1->-NOTCH1 CDH1->-PTEN PTEN->-NOTCH1,3,3,2.000000,2,1.111111e-02,
ASXL2->-KDM5C,2,1,2.000000,2,1.505952e-01,
CDH1->-MED12 CDH1->-SDHC MED12->-SDHC,3,3,2.000000,2,2.469136e-02,
APC->-RAD50 APC->-SDHC CDH1->-APC CDH1->-RAD50 CDH1->-SDHC RAD50->-SDHC,4,6,2.000000,2,1.478909e-03,
APC->-PIK3C2G APC->-SDHC CDH1->-APC CDH1->-PIK3C2G CDH1->-SDHC PIK3C2G->-SDHC,4,6,2.000000,2,1.478909e-03,
RAD50->-PIK3CA,2,1,2.000000,2,9.569225e-01,
JAK2->-PIK3CA LATS2->-JAK2 LATS2->-PIK3CA,3,3,2.000000,2,2.777778e-02,
CDH1->-JAK2 CDH1->-PIK3CA JAK2->-PIK3CA,3,3,2.000000,2,8.854167e-02,
LATS2->-ASXL1,2,1,2.000000,2,2.500000e-01,
JAK2->-ABL1 JAK2->-MAP3K13 MAP3K13->-ABL1,3,3,2.000000,2,2.777778e-02,
JAK2->-BLM JAK2->-MAP3K13 MAP3K13->-BLM,3,3,2.000000,2,2.777778e-02,
CDKN1A->-CREBBP,2,1,2.000000,2,2.083333e-01,
CDKN1A->-PIK3CA,2,1,2.000000,2,7.905919e-01,
CDH1->-PIK3CA CDH1->-SMARCB1 SMARCB1->-PIK3CA,3,3,2.000000,2,2.777778e-02,
SMARCB1->-FLT3,2,1,2.000000,2,2.500000e-01,
APC->-BLM APC->-ERCC4 BLM->-ERCC4 CDH1->-APC CDH1->-BLM CDH1->-ERCC4,4,6,2.000000,2,1.736111e-03,
ARID1A->-ERCC4 ARID1A->-IKZF1 IKZF1->-ERCC4,3,3,2.000000,2,2.777778e-02,
PIK3C2G->-ERCC4,2,1,2.000000,2,2.500000e-01,
ASXL1->-ABL1,2,1,2.000000,2,2.500000e-01,
ASXL1->-CREBBP,2,1,2.000000,2,5.000000e-01,
ASXL1->-PIK3CA PIK3R3->-ASXL1 PIK3R3->-PIK3CA,3,3,2.000000,2,2.777778e-02,
JAK1->-CREBBP,2,1,2.000000,2,2.500000e-01,
JAK1->-SETD2,2,1,2.000000,2,2.500000e-01,
JAK1->-APC,2,1,2.000000,2,2.500000e-01,
JAK1->-ARID2,2,1,2.000000,2,2.500000e-01,
CD274->-ABL1,2,1,2.000000,2,2.250000e-01,
PIK3CA->-SUZ12,2,1,2.000000,2,5.814270e-01,
CDH1->-SETD2 CDH1->-STK11 SETD2->-STK11,3,3,2.000000,2,7.407407e-02,
BLM->-STK11,2,1,2.000000,2,2.389706e-01,
CDH1->-ERCC3,2,1,2.000000,2,5.000000e-01,
ARID1A->-PIK3R3,2,1,2.000000,2,2.500000e-01,
PIK3CA->-CD274,2,1,2.000000,2,5.949405e-01,
PIK3R3->-BLM,2,1,2.000000,2,2.500000e-01,
CDH1->-CREBBP CDH1->-IKZF1 IKZF1->-CREBBP,3,3,2.000000,2,2.777778e-02,
ERCC3->-PIK3CA,2,1,2.000000,2,5.000000e-01,
FLT3->-PIK3CA,2,1,2.000000,2,8.125000e-01,
ARID1A->-ARID2 ARID1A->-FLT3 ARID2->-FLT3,3,3,2.000000,2,2.777778e-02,
APC->-SETD2,2,1,2.000000,2,2.480159e-01,
PTEN->-BARD1 TP53->-BARD1 TP53->-PTEN,3,3,2.000000,2,9.722222e-03,
PTEN->-ERBB3,2,1,2.000000,2,2.500000e-01,
ZFHX3->-TBX3,2,1,2.000000,2,7.325000e-01,
TP53->-CTNNB1,2,1,2.000000,2,1.500000e-01,
ERBB3->-KMT2C TP53->-ERBB3 TP53->-KMT2C,3,3,2.000000,2,2.506141e-02,
ZFHX3->-KMT2D,2,1,2.000000,2,2.500000e-01,
KMT2D->-ERBB3 TP53->-ERBB3 TP53->-KMT2D,3,3,2.000000,2,2.777778e-02,
PIK3R1->-POLE,2,1,2.000000,2,1.875000e-01,
KLF4->-NCOR1,2,1,2.000000,2,1.875000e-01,
KLF4->-MED12,2,1,2.000000,2,1.875000e-01,
TP53->-SUFU,2,1,2.000000,2,9.886364e-02,
NOTCH3->-FAT1,2,1,2.000000,2,2.166667e-01,
ESR1->-IRF4,2,1,2.000000,2,2.500000e-01,
RUNX1->-RPTOR,2,1,2.000000,2,2.500000e-01,
NCOR1->-KMT2C,2,1,2.000000,2,9.544034e-01,
RUNX1->-KMT2C,2,1,2.000000,2,6.875000e-01,
CDH1->-MCL1,2,1,2.000000,2,2.500000e-01,
RUNX1->-CDKN2A,2,1,2.000000,2,2.500000e-01,
TP53->-MDM2,2,1,2.000000,2,2.500000e-01,
KMT2C->-KMT2A KMT2C->-TSC2 TSC2->-KMT2A,3,3,2.000000,2,2.777778e-02,
KMT2C->-TP63,2,1,2.000000,2,5.000000e-01,
KMT2C->-MED12 KMT2C->-TSC2 TSC2->-MED12,3,3,2.000000,2,2.469136e-02,
MED12->-KMT2D TP53->-KMT2D TP53->-MED12,3,3,2.000000,2,2.777778e-02,
CDH1-/-PIK3CA,2,1,2.000000,2,9.822233e-01,
MGA->-FLT4,2,1,2.000000,2,4.642857e-01,
PIK3CA->-MGA PIK3CA->-SETD2 SETD2->-MGA,3,3,2.000000,2,1.124739e-01,
SETD2->-MGA TP53->-MGA TP53->-SETD2,3,3,2.000000,2,2.714184e-02,
SETD2->-PTCH1 TP53->-PTCH1 TP53->-SETD2,3,3,2.000000,2,2.714184e-02,
PIK3CA->-PTCH1 PIK3CA->-SETD2 SETD2->-PTCH1,3,3,2.000000,2,5.856439e-02,
RUNX1->-MGA TP53->-MGA TP53->-RUNX1,3,3,2.000000,2,2.777778e-02,
PIK3CA->-MGA PIK3CA->-RUNX1 RUNX1->-MGA,3,3,2.000000,2,7.407407e-02,
RUNX1->-MSH6 TP53->-MSH6 TP53->-RUNX1,3,3,2.000000,2,2.777778e-02,
PIK3CA->-MSH6 PIK3CA->-RUNX1 RUNX1->-MSH6,3,3,2.000000,2,2.777778e-02,
PIK3CA->-CARD11 PIK3CA->-RUNX1 RUNX1->-CARD11,3,3,2.000000,2,2.777778e-02,
RUNX1->-CARD11 TP53->-CARD11 TP53->-RUNX1,3,3,2.000000,2,2.777778e-02,
NCOR1->-NF1,2,1,2.000000,2,7.946429e-01,
NF1->-MSH6,2,1,2.000000,2,2.500000e-01,
STAT3->-NF1,2,1,2.000000,2,2.500000e-01,
NCOR1->-PTCH1 PIK3CA->-NCOR1 PIK3CA->-PTCH1,3,3,2.000000,2,2.777778e-02,
TP53->-TCF3,2,1,2.000000,2,2.500000e-01,
RB1->-PIK3CG,2,1,2.000000,2,2.321429e-01,
PIK3CG->-TET2,2,1,2.000000,2,1.547619e-01,
MSH6->-KMT2A,2,1,2.000000,2,2.500000e-01,
FAT1->-MSH6 PIK3CA->-FAT1 PIK3CA->-MSH6,3,3,2.000000,2,2.777778e-02,
RUNX1->-AURKA TP53->-AURKA TP53->-RUNX1,3,3,2.000000,2,6.944444e-03,
TP53->-IKBKE,2,1,2.000000,2,2.500000e-01,
BARD1->-AKT1 TP53->-AKT1 TP53->-BARD1,3,3,2.000000,2,9.722222e-03,
NCOR1->-BRIP1,2,1,2.000000,2,2.023810e-01,
ATR->-RUNX1 PIK3CA->-ATR PIK3CA->-RUNX1,3,3,2.000000,2,7.407407e-02,
BARD1->-PIK3CA,2,1,2.000000,2,7.842439e-01,
MAP2K2->-PIK3CA STK11->-MAP2K2 STK11->-PIK3CA,3,3,2.000000,2,2.446895e-02,
TP53->-ALOX12B,2,1,2.000000,2,3.363095e-01,
MAP2K4->-XPO1,2,1,2.000000,2,2.250000e-01,
APC->-XPO1,2,1,2.000000,2,2.250000e-01,
MEN1->-NOTCH3,2,1,2.000000,2,2.500000e-01,
GATA3->-NOTCH3,2,1,2.000000,2,2.500000e-01,
TRAF7->-GATA3,2,1,2.000000,2,2.500000e-01,
KIT->-PTEN,2,1,2.000000,2,2.500000e-01,
ZFHX3->-NF1,2,1,2.000000,2,5.000000e-01,
APC->-NF1 CDH1->-APC CDH1->-NF1,3,3,2.000000,2,6.893004e-02,
ZFHX3->-ATM,2,1,2.000000,2,4.357143e-01,
CDH1->-ATM CDH1->-PIK3CA PIK3CA->-ATM,3,3,2.000000,2,1.319444e-01,
PIK3CA->-PNRC1,2,1,2.000000,2,2.500000e-01,
CDH1->-SPOP,2,1,2.000000,2,5.000000e-01,
RB1->-ESR1,2,1,2.000000,2,2.500000e-01,
TET1->-ESR1,2,1,2.000000,2,6.875000e-01,
PIK3CA->-NFE2L2,2,1,2.000000,2,1.964286e-01,
CDH1->-PALB2,2,1,2.000000,2,5.000000e-01,
CDH1->-NFE2L2,2,1,2.000000,2,2.321937e-01,
ARID1A->-NOTCH3,2,1,2.000000,2,2.500000e-01,
EIF4A2->-PIK3CA,2,1,2.000000,2,7.086538e-01,
KMT2A->-NFE2L2 KMT2A->-SPEN NFE2L2->-SPEN,3,3,2.000000,2,1.438492e-02,
ROS1->-NF2,2,1,2.000000,2,1.964286e-01,
ROS1->-SPEN,2,1,2.000000,2,1.964286e-01,
ROS1->-NFE2L2,2,1,2.000000,2,1.375000e-01,
TP53->-MRE11A,2,1,2.000000,2,2.500000e-01,
PIK3CA->-MDM2,2,1,2.000000,2,2.500000e-01,
ESR1->-NFE2L2,2,1,2.000000,2,2.500000e-01,
ARID1A->-RUNX1 PTEN->-ARID1A PTEN->-RUNX1,3,3,2.000000,2,2.777778e-02,
ESR1->-FUBP1,2,1,2.000000,2,2.500000e-01,
ARID5B->-PALB2 TP53->-ARID5B TP53->-PALB2,3,3,2.000000,2,6.226350e-03,
KDM5C->-PIK3CA KDM5C->-RHOA RHOA->-PIK3CA,3,3,2.000000,2,1.388889e-02,
SMAD4->-KDM5C,2,1,2.000000,2,5.000000e-01,
RHOA->-GRIN2A,2,1,2.000000,2,2.500000e-01,
ARID1A->-GRIN2A ARID1A->-IKZF1 IKZF1->-GRIN2A,3,3,2.000000,2,2.777778e-02,
GRIN2A->-PIK3CA,2,1,2.000000,2,9.027778e-01,
SMAD4->-PIK3CA,2,1,2.000000,2,9.500000e-01,
SOX9->-TBX3,2,1,2.000000,2,5.000000e-01,
TBX3->-PTPRD,2,1,2.000000,2,2.500000e-01,
ATM->-HGF,2,1,2.000000,2,2.500000e-01,
PIK3CA->-HGF,2,1,2.000000,2,4.152047e-01,
SMAD4->-FAT1,2,1,2.000000,2,2.500000e-01,
NF1->-MAP2K4,2,1,2.000000,2,6.607143e-01,
ATR->-PIK3CA,2,1,2.000000,2,9.995758e-01,
KMT2C->-PPP2R1A,2,1,2.000000,2,1.833333e-01,
PPP2R1A->-PIK3CA,2,1,2.000000,2,8.143542e-01,
PIK3CA->-FUBP1,2,1,2.000000,2,4.532020e-01,
SPEN->-DNMT3A,2,1,2.000000,2,4.690476e-01,
DDR2-/-GLI1 TP53->-DDR2 TP53->-GLI1,3,3,2.000000,2,1.088435e-02,
FOXP1->-ESR1,2,1,2.000000,2,4.333333e-01,
TP53->-FGF3,2,1,2.000000,2,1.500000e-01,
RB1->-PIK3R1,2,1,2.000000,2,1.800000e-01,
SPEN->-PIK3R1,2,1,2.000000,2,4.750000e-01,
STAG2->-AXL,2,1,2.000000,2,2.500000e-01,
CDK8->-KRAS,2,1,2.000000,2,2.500000e-01,
TBX3->-GATA3,2,1,2.000000,2,8.918390e-01,
PIK3CA->-RARA,2,1,2.000000,2,1.517857e-01,
GATA3-/-RPS6KA4,2,1,2.000000,2,9.353741e-02,
PIK3CA->-RPS6KA4,2,1,2.000000,2,4.017857e-01,
NSD1->-RAD50,2,1,2.000000,2,2.321937e-01,
PTEN->-PIK3C2G,2,1,2.000000,2,2.321937e-01,
STAG2->-PTEN STAG2->-TP53 TP53->-PTEN,3,3,2.000000,2,7.407407e-02,
MTOR->-NCOR1 NF1->-MTOR NF1->-NCOR1,3,3,2.000000,2,1.825397e-02,
SPEN->-NCOR1,2,1,2.000000,2,4.642857e-01,
NOTCH1->-NCOR1,2,1,2.000000,2,2.142857e-01,
GATA3->-DOT1L,2,1,2.000000,2,2.333333e-01,
FOXA1->-DOT1L,2,1,2.000000,2,6.293651e-01,
CDH1->-BTK,2,1,2.000000,2,2.500000e-01,
AKT1->-XPO1 CDH1->-AKT1 CDH1->-XPO1,3,3,2.000000,2,2.777778e-02,
FGFR4->-AKT1,2,1,2.000000,2,1.388889e-01,
BRCA2->-MTOR BRCA2->-XPO1 MTOR->-XPO1,3,3,2.000000,2,2.777778e-02,
BRCA2->-FAT1,2,1,2.000000,2,5.000000e-01,
BRCA2->-SPEN,2,1,2.000000,2,4.000000e-01,
CDH1->-FAT1 MTOR->-CDH1 MTOR->-FAT1,3,3,2.000000,2,2.777778e-02,
MTOR->-AR,2,1,2.000000,2,3.888889e-01,
NOTCH3->-PIK3R1,2,1,2.000000,2,2.500000e-01,
PIK3R1->-AR,2,1,2.000000,2,2.500000e-01,
FAT1->-AR,2,1,2.000000,2,2.500000e-01,
CDH1->-PIK3R1,2,1,2.000000,2,4.821937e-01,
KMT2C->-NOTCH3 KMT2C->-XPO1 NOTCH3->-XPO1,3,3,2.000000,2,2.777778e-02,
SPEN->-XPO1,2,1,2.000000,2,2.500000e-01,
KMT2C->-AR,2,1,2.000000,2,7.216880e-01,
TP53->-HLA-A,2,1,2.000000,2,2.500000e-01,
FLT4->-ATM TP53->-ATM TP53->-FLT4,3,3,2.000000,2,5.787037e-03,
FLT4->-APC TP53->-APC TP53->-FLT4,3,3,2.000000,2,2.380952e-03,
ATM->-PTPRS PIK3CA->-ATM PIK3CA->-PTPRS,3,3,2.000000,2,4.292929e-02,
APC->-ATM APC->-PTPRS ATM->-PTPRS,3,3,2.000000,2,9.090909e-03,
NUP93->-PARP1 PIK3CA->-NUP93 PIK3CA->-PARP1,3,3,2.000000,2,2.777778e-02,
PIK3CA->-PARP1 PIK3CA->-RUNX1 RUNX1->-PARP1,3,3,2.000000,2,2.777778e-02,
PTPRS->-PARP1,2,1,2.000000,2,2.321937e-01,
TP53->-NUP93,2,1,2.000000,2,5.000000e-01,
TP53->-RPS6KB2,2,1,2.000000,2,2.500000e-01,
FGFR4->-MSH6 TP53->-FGFR4 TP53->-MSH6,3,3,2.000000,2,8.080808e-03,
CARD11->-KMT2D PIK3CA->-CARD11 PIK3CA->-KMT2D,3,3,2.000000,2,5.695886e-02,
ATR->-KMT2D PIK3CA->-ATR PIK3CA->-KMT2D,3,3,2.000000,2,7.301418e-02,
NOTCH4->-KMT2D TP53->-KMT2D TP53->-NOTCH4,3,3,2.000000,2,5.372090e-02,
ARID2->-KMT2D ERCC5->-ARID2 ERCC5->-KMT2D PIK3CA->-ARID2 PIK3CA->-ERCC5 PIK3CA->-KMT2D,4,6,2.000000,2,1.736111e-03,
ARID2->-KMT2D ERCC5->-ARID2 ERCC5->-KMT2D TP53->-ARID2 TP53->-ERCC5 TP53->-KMT2D,4,6,2.000000,2,1.736111e-03,
RUNX1->-INSR,2,1,2.000000,2,2.500000e-01,
APC->-RUNX1,2,1,2.000000,2,2.500000e-01,
ERCC4->-NCOR1,2,1,2.000000,2,3.846154e-01,
KMT2D->-NCOR1 SMAD2->-KMT2D SMAD2->-NCOR1,3,3,2.000000,2,2.777778e-02,
BRCA1->-CREBBP BRCA1->-KMT2C CREBBP->-KMT2C,3,3,2.000000,2,2.777778e-02,
PIK3C2G->-KMT2C,2,1,2.000000,2,4.821937e-01,
TP53->-FLCN,2,1,2.000000,2,4.166667e-01,
KMT2D->-FGFR2 TP53->-FGFR2 TP53->-KMT2D,3,3,2.000000,2,2.714184e-02,
PTPRT->-FGFR2 TP53->-FGFR2 TP53->-PTPRT,3,3,2.000000,2,2.714184e-02,
CREBBP->-KMT2C CREBBP->-NCOR1 KMT2C->-NCOR1,3,3,2.000000,2,2.777778e-02,
NTRK2->-KMT2D,2,1,2.000000,2,2.166667e-01,
RAD51->-KMT2D,2,1,2.000000,2,1.750000e-01,
CDH1->-PIK3CA FLCN->-CDH1 FLCN->-PIK3CA,3,3,2.000000,2,2.777778e-02,
CDH1->-IKBKE,2,1,2.000000,2,4.166667e-01,
FOXP1->-PTPRT,2,1,2.000000,2,4.642857e-01,
AKT1->-TBX3,2,1,2.000000,2,2.500000e-01,
ZFHX3->-ARID2,2,1,2.000000,2,2.500000e-01,
ARID2->-EPHA5 TP53->-ARID2 TP53->-EPHA5,3,3,2.000000,2,1.306196e-01,
CBFB->-MAP2K4,2,1,2.000000,2,2.250000e-01,
MAP3K1->-CTCF,2,1,2.000000,2,7.318750e-01,
ATM->-JUN,2,1,2.000000,2,2.500000e-01,
FBXW7->-PIK3CA,2,1,2.000000,2,8.593750e-01,
RHOA->-TBX3,2,1,2.000000,2,2.053571e-01,
CDH1->-GATA3 CDH1->-TP53 GATA3-/-TP53,3,3,2.000000,2,2.100840e-03,
FAT1->-RB1,2,1,2.000000,2,6.864035e-01,
STK11->-GATA3,2,1,2.000000,2,2.389706e-01,
PIK3CA->-GATA3 ROS1->-GATA3 ROS1->-PIK3CA,3,3,2.000000,2,2.777778e-02,
FGFR4->-ROS1,2,1,2.000000,2,2.121212e-01,
TP53->-ASXL2,2,1,2.000000,2,5.000000e-01,
KMT2A->-ASXL2,2,1,2.000000,2,2.500000e-01,
TP53->-EPHA3,2,1,2.000000,2,5.000000e-01,
TP53->-PPP2R1A,2,1,2.000000,2,1.500000e-01,
AKT2->-PTPRT,2,1,2.000000,2,2.500000e-01,
RICTOR->-ESR1,2,1,2.000000,2,8.125000e-01,
SUZ12->-PIK3CA,2,1,2.000000,2,5.814270e-01,
BLM->-FAT1 BLM->-KDR FAT1->-KDR,3,3,2.000000,2,2.446895e-02,
DNMT3A->-FAT1,2,1,2.000000,2,4.690476e-01,
SMAD4->-ERCC4,2,1,2.000000,2,2.500000e-01,
DNMT1->-SPEN,2,1,2.000000,2,2.500000e-01,
APC->-DNMT1,2,1,2.000000,2,5.000000e-01,
APC->-SPEN,2,1,2.000000,2,7.647727e-01,
FOXP1->-PTEN,2,1,2.000000,2,2.142857e-01,
AKT1->-RAD50,2,1,2.000000,2,2.500000e-01,
SMAD2->-RFWD2,2,1,2.000000,2,2.500000e-01,
AKT1->-DNMT1,2,1,2.000000,2,5.000000e-01,
CDH1->-AXIN2,2,1,2.000000,2,2.500000e-01,
AKT1->-SETD2,2,1,2.000000,2,2.142857e-01,
MAP2K4->-SETD2,2,1,2.000000,2,2.142857e-01,
TET2->-SETD2 TP53->-SETD2 TP53->-TET2,3,3,2.000000,2,7.514172e-02,
MAP2K4->-ARID2,2,1,2.000000,2,2.500000e-01,
KMT2C->-NSD1,2,1,2.000000,2,7.863367e-01,
CDH1->-RET,2,1,2.000000,2,2.500000e-01,
KMT2D->-FGF4 PIK3CA->-FGF4 PIK3CA->-KMT2D,3,3,2.000000,2,1.556588e-02,
ROS1->-MYC,2,1,2.000000,2,2.500000e-01,
ARID1A->-MYC,2,1,2.000000,2,6.093750e-01,
ROS1->-IKZF1,2,1,2.000000,2,2.500000e-01,
SMAD2->-BCOR,2,1,2.000000,2,1.500000e-01,
BCOR->-TSC2,2,1,2.000000,2,2.500000e-01,
LATS1->-RFWD2,2,1,2.000000,2,2.500000e-01,
SMAD4->-RFWD2,2,1,2.000000,2,2.500000e-01,
LATS1->-ATR,2,1,2.000000,2,2.500000e-01,
LATS1->-ARID1A,2,1,2.000000,2,2.500000e-01,
TSC2->-KMT2C,2,1,2.000000,2,8.850605e-01,
NCOR1->-CDC73,2,1,2.000000,2,1.666667e-01,
KMT2C->-EP300 KMT2D->-EP300 KMT2D->-KMT2C,3,3,2.000000,2,2.446895e-02,
ATR->-KDM5C,2,1,2.000000,2,1.888889e-01,
ARID1A->-KDM5C PIK3CA->-ARID1A PIK3CA->-KDM5C,3,3,2.000000,2,5.753968e-02,
AKT1-/-PIK3CA,2,1,2.000000,2,3.185185e-01,
NCOR1->-IKZF1,2,1,2.000000,2,4.166667e-01,
GATA3->-BCOR,2,1,2.000000,2,2.500000e-01,
IRS2-/-PIK3CA,2,1,2.000000,2,9.777778e-02,
IDH1-/-PIK3CA,2,1,2.000000,2,1.505996e-01,
ASXL2->-TBX3,2,1,2.000000,2,2.500000e-01,
ASXL2->-ARID1A,2,1,2.000000,2,4.053571e-01,
CDH1->-ASXL2,2,1,2.000000,2,3.886905e-01,
ARID1B->-KMT2A ARID1B->-PIK3CA PIK3CA->-KMT2A,3,3,2.000000,2,2.777778e-02,
KDR->-KMT2A,2,1,2.000000,2,2.500000e-01,
ARID1B->-KDR ARID1B->-PIK3CA PIK3CA->-KDR,3,3,2.000000,2,2.446895e-02,
FOXA1->-ARID1B,2,1,2.000000,2,2.500000e-01,
KDM6A->-KDR KDM6A->-PIK3CA PIK3CA->-KDR,3,3,2.000000,2,1.817810e-02,
GPS2->-JAK2,2,1,2.000000,2,2.500000e-01,
AKT1->-GPS2,2,1,2.000000,2,4.250000e-01,
EPHA5->-TP53,2,1,2.000000,2,9.936437e-01,
CDH1->-HIST1H1C CDH1->-PIK3CA PIK3CA->-HIST1H1C,3,3,2.000000,2,2.777778e-02,
PIK3CA->-MYCN,2,1,2.000000,2,2.500000e-01,
GATA3->-DICER1,2,1,2.000000,2,2.500000e-01,
GATA3->-NOTCH4 GATA3->-PIK3CA PIK3CA->-NOTCH4,3,3,2.000000,2,2.777778e-02,
GATA3->-HIST1H1C,2,1,2.000000,2,2.500000e-01,
GATA3->-ASXL1,2,1,2.000000,2,5.357143e-01,
PIK3CA->-SHQ1,2,1,2.000000,2,2.190476e-01,
STK11->-PTCH1,2,1,2.000000,2,2.389706e-01,
BLM->-GATA3,2,1,2.000000,2,4.223039e-01,
MAP2K2->-KMT2C,2,1,2.000000,2,2.389706e-01,
CDH1->-PIK3CA STK11->-CDH1 STK11->-PIK3CA,3,3,2.000000,2,6.855937e-02,
CDH1->-PIK3CA RAD52->-CDH1 RAD52->-PIK3CA,3,3,2.000000,2,2.446895e-02,
ARID1B->-GATA3,2,1,2.000000,2,4.889706e-01,
RAD52->-GATA3,2,1,2.000000,2,1.991422e-01,
MGA->-ARID1A,2,1,2.000000,2,4.980159e-01,
TP53->-MALT1,2,1,2.000000,2,2.500000e-01,
MAP3K1->-ALK,2,1,2.000000,2,6.125000e-01,
MAP3K1->-KLF4,2,1,2.000000,2,2.500000e-01,
TP53->-PLCG2,2,1,2.000000,2,1.083090e-01,
TP53->-CD79B,2,1,2.000000,2,1.458333e-01,
EP300-/-PIK3CG TP53->-EP300 TP53->-PIK3CG,3,3,2.000000,2,3.802910e-03,
TP53->-SMAD4,2,1,2.000000,2,7.875000e-01,
PBRM1->-ERBB3,2,1,2.000000,2,4.250000e-01,
TBX3->-NCOA3,2,1,2.000000,2,1.750000e-01,
PTCH1->-PAK7 TBX3->-PAK7 TBX3->-PTCH1,3,3,2.000000,2,2.777778e-02,
PTCH1->-PAK7 SOX9->-PAK7 SOX9->-PTCH1,3,3,2.000000,2,2.777778e-02,
TBX3->-IKZF1,2,1,2.000000,2,1.666667e-01,
AKT1->-PTCH1,2,1,2.000000,2,1.500000e-01,
KDM5C->-MAP3K1,2,1,2.000000,2,2.500000e-01,
PIK3CA->-MEF2B,2,1,2.000000,2,2.500000e-01,
GLI1->-GATA3,2,1,2.000000,2,2.500000e-01,
CBFB->-MEN1,2,1,2.000000,2,2.500000e-01,
NOTCH3->-BLM TP53->-BLM TP53->-NOTCH3,3,3,2.000000,2,2.777778e-02,
GATA3->-AKT1,2,1,2.000000,2,9.873248e-01,
SPEN->-PTPRD,2,1,2.000000,2,1.666667e-01,
MDC1->-TP53,2,1,2.000000,2,9.715007e-01,
KMT2A->-NOTCH1,2,1,2.000000,2,2.500000e-01,
IDH1->-SETD2 TP53->-IDH1 TP53->-SETD2,3,3,2.000000,2,2.714184e-02,
MDC1->-CREBBP,2,1,2.000000,2,5.000000e-01,
JAK1->-MDC1,2,1,2.000000,2,2.500000e-01,
CHEK2->-CREBBP,2,1,2.000000,2,2.500000e-01,
RAD52->-CREBBP,2,1,2.000000,2,2.083333e-01,
RAD52->-BRCA1,2,1,2.000000,2,2.083333e-01,
BRCA2->-GATA3,2,1,2.000000,2,6.071429e-01,
BRCA2->-ARID2,2,1,2.000000,2,2.500000e-01,
KMT2C->-ARID2,2,1,2.000000,2,6.875000e-01,
MDC1->-FAT1,2,1,2.000000,2,2.190476e-01,
FAT1->-TET1,2,1,2.000000,2,8.677684e-01,
GATA3->-TET1,2,1,2.000000,2,2.500000e-01,
PIK3CA-/-PTEN,2,1,2.000000,2,6.510865e-01,
FOXA1->-PTEN,2,1,2.000000,2,7.038316e-01,
PTPRS->-PIK3CA STK11->-PIK3CA STK11->-PTPRS,3,3,2.000000,2,2.777778e-02,
PTPRS->-MGA STK11->-MGA STK11->-PTPRS,3,3,2.000000,2,2.777778e-02,
FBXW7->-KMT2D TP53->-FBXW7 TP53->-KMT2D,3,3,2.000000,2,6.944444e-03,
PIK3CA->-PDGFRB,2,1,2.000000,2,5.616994e-01,
CDH1->-RUNX1 CDH1->-TBX3 RUNX1->-TBX3,3,3,2.000000,2,1.319444e-01,
PIK3CG->-CDC73,2,1,2.000000,2,1.437075e-01,
ARAF->-PIK3CA,2,1,2.000000,2,7.030838e-01,
NF1->-ARID2 PIK3CA->-ARID2 PIK3CA->-NF1,3,3,2.000000,2,2.777778e-02,
KMT2D->-FLT3,2,1,2.000000,2,2.500000e-01,
ARID1A->-ERBB3 TP53->-ARID1A TP53->-ERBB3,3,3,2.000000,2,8.080808e-03,
EP300->-TP53,2,1,2.000000,2,9.934692e-01,
ARID1B->-NFE2L2,2,1,2.000000,2,4.821937e-01,
NFE2L2->-GATA3,2,1,2.000000,2,2.500000e-01,
FOXA1->-RASA1,2,1,2.000000,2,1.666667e-01,
MAP2K4->-FAT1,2,1,2.000000,2,4.894737e-01,
PDGFRA->-ARID2,2,1,2.000000,2,2.500000e-01,
NF1->-EPHB1,2,1,2.000000,2,2.500000e-01,
PIK3R1->-NF1,2,1,2.000000,2,9.341613e-01,
PIK3R1->-EPHB1,2,1,2.000000,2,2.500000e-01,
EPHA5->-ALK TP53->-ALK TP53->-EPHA5,3,3,2.000000,2,2.777778e-02,
SPEN->-ALK,2,1,2.000000,2,2.500000e-01,
AR->-ARID2 AR->-IRS1 IRS1->-ARID2,3,3,2.000000,2,2.777778e-02,
ARID1B->-ARID2 ARID1B->-IRS1 IRS1->-ARID2,3,3,2.000000,2,2.777778e-02,
FAT1->-IRS1,2,1,2.000000,2,2.500000e-01,
ARID1B->-ROS1 TP53->-ARID1B TP53->-ROS1,3,3,2.000000,2,1.488095e-02,
MAP3K1->-ATRX TP53->-ATRX TP53->-MAP3K1,3,3,2.000000,2,1.438492e-02,
FAT1->-ARID1B TP53->-ARID1B TP53->-FAT1,3,3,2.000000,2,6.855937e-02,
MAP3K1->-ARID1B,2,1,2.000000,2,6.261574e-01,
TET1->-SPEN TP53->-SPEN TP53->-TET1,3,3,2.000000,2,2.777778e-02,
MAP3K1->-PIK3R1,2,1,2.000000,2,6.741453e-01,
NOTCH2->-FAT1,2,1,2.000000,2,1.904762e-01,
TP53->-STAT3,2,1,2.000000,2,4.000000e-01,
BCOR->-PIK3CA,2,1,2.000000,2,9.832260e-01,
JAK3->-PIK3CA,2,1,2.000000,2,8.955282e-01,
CDH1->-ERBB3 CDH1->-TBX3 TBX3->-ERBB3,3,3,2.000000,2,2.777778e-02,
TP53->-HIST1H3J,2,1,2.000000,2,9.000000e-02,
NF1->-NBN,2,1,2.000000,2,2.500000e-01,
TP53->-HIST1H3C,2,1,2.000000,2,2.053571e-01,
CARD11->-PIK3CG,2,1,2.000000,2,4.388889e-01,
MAP2K4->-NF1 MAP2K4->-TET2 NF1->-TET2,3,3,2.000000,2,1.825397e-02,
NF1->-STAG2,2,1,2.000000,2,1.428571e-01,
KMT2C->-FLT4,2,1,2.000000,2,1.750000e-01,
CARD11-/-ERBB3,2,1,2.000000,2,2.139317e-01,
KMT2A->-CD79A,2,1,2.000000,2,2.121212e-01,
FGFR4->-CD79A,2,1,2.000000,2,2.121212e-01,
MGA->-ATRX,2,1,2.000000,2,2.104377e-01,
ROS1->-ATRX,2,1,2.000000,2,4.601371e-01,
JAK1->-ROS1,2,1,2.000000,2,2.121212e-01,
FGFR4->-GRIN2A,2,1,2.000000,2,2.121212e-01,
PIK3R1->-EPHA7,2,1,2.000000,2,2.500000e-01,
NOTCH3->-PALB2,2,1,2.000000,2,2.500000e-01,
NOTCH4->-EIF4A2,2,1,2.000000,2,2.500000e-01,
NOTCH4->-PIK3CB,2,1,2.000000,2,1.071429e-01,
TMPRSS2->-TP53,2,1,2.000000,2,2.166667e-01,
TP53->-UPF1,2,1,2.000000,2,2.773810e-01,
PIK3CA->-BTK,2,1,2.000000,2,5.000000e-01,
ATM-/-HIST1H3J,2,1,2.000000,2,1.527273e-01,
GATA3-/-PPP2R1A,2,1,2.000000,2,8.000000e-02,
MGA->-RB1,2,1,2.000000,2,4.980159e-01,
TBX3->-GRIN2A,2,1,2.000000,2,2.500000e-01,
KMT2C->-GRIN2A,2,1,2.000000,2,2.500000e-01,
AKT1->-ERBB4,2,1,2.000000,2,1.750000e-01,
KDM6A->-TP53,2,1,2.000000,2,9.764483e-01,
MAP3K1->-PTEN,2,1,2.000000,2,9.908062e-01,
MAP3K1->-DDR2,2,1,2.000000,2,1.510989e-01,
CDH1-/-TBX3,2,1,2.000000,2,6.904977e-01,
RB1->-CDH1,2,1,2.000000,2,9.445312e-01,
RB1->-SPEN,2,1,2.000000,2,3.750000e-01,
CDH1-/-ZFHX3,2,1,2.000000,2,1.200000e-01,
RHOA->-PTPN11,2,1,2.000000,2,1.250000e-01,
ERBB3->-PTPRD FGFR4->-ERBB3 FGFR4->-PTPRD,3,3,2.000000,2,8.080808e-03,
PIK3CA->-FAM175A,2,1,2.000000,2,3.251852e-01,
CREBBP->-NUP93,2,1,2.000000,2,4.285714e-01,
TBX3->-ARID1A,2,1,2.000000,2,6.991853e-01,
CDH1->-CIC,2,1,2.000000,2,1.666667e-01,
KRAS->-ALK,2,1,2.000000,2,2.500000e-01,
ALK->-ARID1A TP53->-ALK TP53->-ARID1A,3,3,2.000000,2,2.777778e-02,
STK11->-ARID1A,2,1,2.000000,2,5.000000e-01,
NCOR1->-BCOR,2,1,2.000000,2,5.000000e-01,
BCOR->-RUNX1,2,1,2.000000,2,2.500000e-01,
SF3B1->-ARID1A,2,1,2.000000,2,2.500000e-01,
PIK3CA->-RUNX1 PIK3CA->-SF3B1 SF3B1->-RUNX1,3,3,2.000000,2,2.777778e-02,
FANCA->-PARP1,2,1,2.000000,2,2.012346e-01,
FANCA->-PIK3R1,2,1,2.000000,2,2.012346e-01,
KMT2C->-TSC2 PTEN->-KMT2C PTEN->-TSC2,3,3,2.000000,2,2.469136e-02,
TSC2->-GRIN2A,2,1,2.000000,2,2.500000e-01,
GATA3->-FGFR2,2,1,2.000000,2,2.500000e-01,
NOTCH3->-ALK,2,1,2.000000,2,2.500000e-01,
PTEN->-MSH2,2,1,2.000000,2,2.500000e-01,
MDC1->-KMT2C PIK3CA->-KMT2C PIK3CA->-MDC1,3,3,2.000000,2,2.777778e-02,
TSC2->-MAP3K1,2,1,2.000000,2,6.124466e-01,
BRCA1->-MDC1,2,1,2.000000,2,4.250000e-01,
GATA3->-KMT2D,2,1,2.000000,2,6.792279e-01,
PPP2R1A->-ARID1A,2,1,2.000000,2,3.583333e-01,
NF1->-ATR,2,1,2.000000,2,5.000000e-01,
KLF4->-ARID1A,2,1,2.000000,2,2.083333e-01,
ARID1A->-FLT4,2,1,2.000000,2,3.500000e-01,
PIK3CA->-BCOR PIK3CA->-PTCH1 PTCH1->-BCOR,3,3,2.000000,2,2.714184e-02,
KMT2D->-BCOR,2,1,2.000000,2,4.980159e-01,
PTPRT->-BCOR,2,1,2.000000,2,2.480159e-01,
SETD2->-BCOR,2,1,2.000000,2,2.480159e-01,
HIST1H3I->-HNF1A ROS1->-HIST1H3I ROS1->-HNF1A,3,3,2.000000,2,2.714184e-02,
HIST1H3I->-HNF1A PIK3CA->-HIST1H3I PIK3CA->-HNF1A,3,3,2.000000,2,2.714184e-02,
PTCH1->-KMT2D,2,1,2.000000,2,4.869865e-01,
PIK3CA->-ATR PIK3CA->-PTCH1 PTCH1->-ATR,3,3,2.000000,2,2.714184e-02,
PIK3CA->-GLI1 PIK3CA->-PTCH1 PTCH1->-GLI1,3,3,2.000000,2,2.714184e-02,
PIK3CA->-ARID2 PIK3CA->-PTCH1 PTCH1->-ARID2,3,3,2.000000,2,2.714184e-02,
KMT2D->-ARID1A TP53->-ARID1A TP53->-KMT2D,3,3,2.000000,2,7.301418e-02,
HIST1H3I->-GATA3 PIK3CA->-GATA3 PIK3CA->-HIST1H3I,3,3,2.000000,2,2.777778e-02,
LATS2->-GATA3,2,1,2.000000,2,2.500000e-01,
ERBB2->-PIK3CA KMT2C->-ERBB2 KMT2C->-PIK3CA,3,3,2.000000,2,1.773454e-01,
PIK3CA->-CSF1R,2,1,2.000000,2,4.821429e-01,
PIK3CA->-ALOX12B,2,1,2.000000,2,2.500000e-01,
ARID2-/-DDR2,2,1,2.000000,2,1.054945e-01,
JAK3->-RAD21 TP53->-JAK3 TP53->-RAD21,3,3,2.000000,2,1.069444e-02,
AR->-KMT2A AR->-PIK3CA PIK3CA->-KMT2A,3,3,2.000000,2,2.777778e-02,
AR->-KMT2A AR->-PDGFRA AR->-PTPRS PDGFRA->-KMT2A PDGFRA->-PTPRS PTPRS->-KMT2A,4,6,2.000000,2,1.736111e-03,
IRS1->-PTCH1,2,1,2.000000,2,2.500000e-01,
IRS1->-PTPRS,2,1,2.000000,2,1.545455e-01,
ERBB2->-PDGFRA,2,1,2.000000,2,2.500000e-01,
KMT2C->-PDGFRA,2,1,2.000000,2,2.500000e-01,
CDH1->-ERBB2 CDH1->-PTPRS ERBB2->-PTPRS,3,3,2.000000,2,2.777778e-02,
KMT2C->-GLI1,2,1,2.000000,2,4.423077e-01,
PIK3CA->-AXIN1,2,1,2.000000,2,2.500000e-01,
PALB2->-PIK3CA,2,1,2.000000,2,8.479761e-01,
GATA3-/-PTPRS,2,1,2.000000,2,1.272727e-01,
STAG2->-MAP3K1,2,1,2.000000,2,5.000000e-01,
NOTCH2->-GATA3,2,1,2.000000,2,1.904762e-01,
RB1->-PTPRD TP53->-PTPRD TP53->-RB1,3,3,2.000000,2,2.777778e-02,
CBFB->-SF3B1,2,1,2.000000,2,2.500000e-01,
MDC1->-RAD54L PIK3CA->-MDC1 PIK3CA->-RAD54L,3,3,2.000000,2,2.222222e-02,
PIK3CB->-RAD54L,2,1,2.000000,2,3.790476e-01,
FAT1-/-IKZF1 IKZF1-/-PIK3CA PIK3CA->-FAT1,3,3,2.000000,2,1.700680e-03,
DNMT3A->-NSD1 TP53->-DNMT3A TP53->-NSD1,3,3,2.000000,2,2.222222e-02,
CDH1->-MGA,2,1,2.000000,2,1.666667e-01,
PTEN->-INPPL1,2,1,2.000000,2,5.000000e-01,
KMT2B->-KMT2A,2,1,2.000000,2,2.500000e-01,
KMT2D->-FOXP1,2,1,2.000000,2,5.000000e-01,
EGFR-/-KMT2C,2,1,2.000000,2,8.888889e-02,
ARID1A->-ALK,2,1,2.000000,2,6.875000e-01,
ERBB4->-NF2 TP53->-ERBB4 TP53->-NF2,3,3,2.000000,2,1.041667e-02,
FLT4-/-NOTCH4 TP53->-FLT4 TP53->-NOTCH4,3,3,2.000000,2,9.523810e-03,
AKT1->-SPEN,2,1,2.000000,2,3.571429e-01,
MAP3K1->-RUNX1,2,1,2.000000,2,8.125000e-01,
LATS1->-TP53,2,1,2.000000,2,7.875000e-01,
TP53->-EED,2,1,2.000000,2,1.750000e-01,
JAK1->-PDGFRB,2,1,2.000000,2,2.500000e-01,
MDC1->-APC NOTCH4->-APC NOTCH4->-MDC1,3,3,2.000000,2,2.777778e-02,
TP53->-PARK2,2,1,2.000000,2,1.375000e-01,
RB1->-HIST1H3G,2,1,2.000000,2,2.500000e-01,
ARID1A-/-DDR2 ARID1A->-FAT1 DDR2-/-FAT1,3,3,2.000000,2,4.317111e-03,
CDKN1B->-ESR1 CDKN1B->-PIK3CA ESR1->-PIK3CA,3,3,2.000000,2,2.777778e-02,
TP53->-EGFL7,2,1,2.000000,2,1.666667e-01,
KMT2B->-PTPRS,2,1,2.000000,2,2.500000e-01,
KMT2B->-PIK3CA,2,1,2.000000,2,5.000000e-01,
PIK3R1->-MAP3K1,2,1,2.000000,2,6.741453e-01,
ARID1A->-XPO1,2,1,2.000000,2,2.500000e-01,
CDH1->-PIK3CA CDH1->-XPO1 PIK3CA->-XPO1,3,3,2.000000,2,2.777778e-02,
FANCA->-MED12,2,1,2.000000,2,2.321937e-01,
LATS1->-PIK3CA,2,1,2.000000,2,6.875000e-01,
ERBB3->-ARID2,2,1,2.000000,2,4.010989e-01,
