pattern,n_nodes,n_edges,s_exp,s_theta,pval_exp,pval_theta
CDH1->-PIK3CA,2,1,99.000000,99,3.379459e-11,
TP53->-PIK3CA,2,1,84.000000,84,2.445947e-02,
PIK3CA->-TP53,2,1,68.000000,68,7.338466e-01,
MAP3K1->-PIK3CA,2,1,48.000000,48,4.350135e-02,
PIK3CA->-GATA3,2,1,43.000000,43,1.724322e-01,
TP53->-PTEN,2,1,38.000000,38,3.743088e-05,
GATA3->-PIK3CA,2,1,37.000000,37,6.543759e-01,
PIK3CA->-MAP3K1,2,1,33.000000,33,9.461272e-01,
PIK3CA->-KMT2C,2,1,33.000000,33,6.340114e-02,
CBFB->-PIK3CA,2,1,33.000000,33,3.438314e-06,
TP53->-KMT2C,2,1,29.000000,29,9.024147e-05,
PIK3CA->-KMT2C TP53->-KMT2C TP53->-PIK3CA,3,3,4.000000,4,1.799315e-01,
PIK3CA->-KMT2C PIK3CA->-TP53 TP53->-KMT2C,3,3,3.000000,3,4.007730e-01,
PIK3CA->-CDH1,2,1,28.000000,28,1.000000e+00,
PIK3CA->-FOXA1,2,1,27.000000,27,4.733348e-03,
TP53->-NF1,2,1,27.000000,27,5.687692e-03,
CDH1->-TP53,2,1,26.000000,26,1.033847e-01,
CDH1->-PIK3CA CDH1->-TP53 TP53->-PIK3CA,3,3,2.000000,2,6.369561e-01,
CDH1->-PIK3CA CDH1->-TP53 PIK3CA->-TP53,3,3,2.000000,2,6.369561e-01,
PIK3CA->-ESR1,2,1,26.000000,26,8.851311e-02,
TP53->-MAP3K1,2,1,25.000000,25,3.402742e-05,
MAP3K1->-PIK3CA TP53->-MAP3K1 TP53->-PIK3CA,3,3,2.000000,2,4.144991e-01,
PIK3CA->-MAP3K1 PIK3CA->-TP53 TP53->-MAP3K1,3,3,2.000000,2,4.144991e-01,
CDH1->-KMT2C,2,1,24.000000,24,1.555216e-04,
CDH1->-KMT2C CDH1->-PIK3CA PIK3CA->-KMT2C,3,3,7.000000,7,4.962764e-03,
CDH1->-KMT2C CDH1->-TP53 TP53->-KMT2C,3,3,2.000000,2,3.745482e-01,
TP53->-KMT2D,2,1,24.000000,24,1.888662e-06,
KMT2C->-PIK3CA,2,1,21.000000,21,9.562227e-01,
KMT2C->-PIK3CA TP53->-KMT2C TP53->-PIK3CA,3,3,3.000000,3,4.007730e-01,
CDH1->-KMT2C CDH1->-PIK3CA KMT2C->-PIK3CA,3,3,5.000000,5,7.558519e-02,
TP53->-RB1,2,1,21.000000,21,8.279313e-03,
CBFB->-GATA3,2,1,21.000000,21,3.393179e-04,
CBFB->-GATA3 CBFB->-PIK3CA PIK3CA->-GATA3,3,3,5.000000,5,7.261349e-02,
CBFB->-GATA3 CBFB->-PIK3CA GATA3->-PIK3CA,3,3,6.000000,6,2.065798e-02,
PIK3CA->-FAT1,2,1,20.000000,20,3.321357e-04,
CDH1->-FOXA1,2,1,19.000000,19,9.441376e-04,
CDH1->-FOXA1 CDH1->-PIK3CA PIK3CA->-FOXA1,3,3,8.000000,8,3.450441e-04,
CDH1->-MAP3K1,2,1,19.000000,19,1.005801e-03,
CDH1->-MAP3K1 CDH1->-PIK3CA MAP3K1->-PIK3CA,3,3,4.000000,4,2.100509e-01,
CDH1->-MAP3K1 CDH1->-PIK3CA PIK3CA->-MAP3K1,3,3,8.000000,8,9.455568e-04,
CDH1->-MAP3K1 CDH1->-TP53 TP53->-MAP3K1,3,3,3.000000,3,1.620370e-02,
PIK3CA->-SF3B1,2,1,19.000000,19,8.265177e-06,
CDH1->-ERBB2,2,1,19.000000,19,6.910075e-02,
AKT1->-TP53,2,1,19.000000,19,9.767024e-05,
TP53->-NCOR1,2,1,19.000000,19,1.332882e-02,
TP53->-CDH1,2,1,19.000000,19,8.000963e-01,
CDH1->-PIK3CA TP53->-CDH1 TP53->-PIK3CA,3,3,5.000000,5,4.388616e-02,
CDH1->-KMT2C TP53->-CDH1 TP53->-KMT2C,3,3,3.000000,3,1.225409e-01,
TP53->-ARID1A,2,1,18.000000,18,3.094429e-04,
CDH1->-TBX3,2,1,18.000000,18,3.510418e-02,
PIK3CA->-ARID1A,2,1,18.000000,18,4.738573e-01,
PIK3CA->-ARID1A PIK3CA->-TP53 TP53->-ARID1A,3,3,3.000000,3,8.148244e-02,
TP53->-FAT1,2,1,18.000000,18,2.013647e-04,
PIK3CA->-FAT1 TP53->-FAT1 TP53->-PIK3CA,3,3,4.000000,4,3.698845e-02,
PIK3CA->-FAT1 PIK3CA->-TP53 TP53->-FAT1,3,3,3.000000,3,1.498100e-01,
PIK3CA->-RUNX1,2,1,18.000000,18,4.210375e-02,
MAP2K4->-PIK3CA,2,1,18.000000,18,3.172709e-02,
ESR1->-PIK3CA,2,1,17.000000,17,9.111183e-01,
CDH1->-ARID1A,2,1,17.000000,17,2.824401e-03,
CDH1->-ARID1A CDH1->-TP53 TP53->-ARID1A,3,3,2.000000,2,1.196689e-01,
CDH1->-ARID1A CDH1->-PIK3CA PIK3CA->-ARID1A,3,3,4.000000,4,1.716616e-01,
CDH1->-ARID1A PIK3CA->-ARID1A PIK3CA->-CDH1,3,3,2.000000,2,6.773799e-01,
TBX3->-PIK3CA,2,1,17.000000,17,3.049569e-01,
CDH1->-PIK3CA CDH1->-TBX3 TBX3->-PIK3CA,3,3,5.000000,5,6.178206e-02,
TP53->-GATA3,2,1,17.000000,17,2.193762e-02,
PIK3CA->-GATA3 TP53->-GATA3 TP53->-PIK3CA,3,3,2.000000,2,3.800982e-01,
PIK3CA->-GATA3 PIK3CA->-TP53 TP53->-GATA3,3,3,3.000000,3,1.292247e-01,
NCOR1->-PIK3CA,2,1,16.000000,16,5.984918e-01,
NCOR1->-PIK3CA TP53->-NCOR1 TP53->-PIK3CA,3,3,3.000000,3,1.443886e-01,
PIK3CA->-NCOR1,2,1,16.000000,16,5.984918e-01,
CDH1->-RUNX1,2,1,15.000000,15,8.211727e-02,
CDH1->-PIK3CA CDH1->-RUNX1 PIK3CA->-RUNX1,3,3,4.000000,4,8.342963e-02,
CDH1->-RUNX1 PIK3CA->-CDH1 PIK3CA->-RUNX1,3,3,2.000000,2,5.415330e-01,
TP53->-ARID2,2,1,15.000000,15,6.497192e-06,
PIK3CA->-TBX3,2,1,15.000000,15,5.798121e-01,
CDH1->-PIK3CA CDH1->-TBX3 PIK3CA->-TBX3,3,3,3.000000,3,3.992099e-01,
TP53->-PIK3R1,2,1,15.000000,15,1.175328e-02,
CDH1->-NCOR1,2,1,15.000000,15,1.842982e-02,
CDH1->-NCOR1 TP53->-CDH1 TP53->-NCOR1,3,3,2.000000,2,3.883461e-01,
CDH1->-NCOR1 CDH1->-PIK3CA NCOR1->-PIK3CA,3,3,4.000000,4,6.025951e-02,
CDH1->-NCOR1 CDH1->-PIK3CA PIK3CA->-NCOR1,3,3,2.000000,2,4.895631e-01,
ARID1A->-PIK3CA,2,1,14.000000,14,8.978861e-01,
ARID1A->-PIK3CA CDH1->-ARID1A CDH1->-PIK3CA,3,3,5.000000,5,5.832945e-02,
PIK3CA->-KMT2D,2,1,14.000000,14,2.330474e-02,
PIK3CA->-KMT2D TP53->-KMT2D TP53->-PIK3CA,3,3,3.000000,3,1.987026e-01,
PIK3CA->-KMT2D PIK3CA->-TP53 TP53->-KMT2D,3,3,5.000000,5,1.240760e-02,
TP53->-BRCA2,2,1,14.000000,14,3.165570e-04,
TP53->-RUNX1,2,1,14.000000,14,2.633667e-02,
PIK3CA->-RUNX1 PIK3CA->-TP53 TP53->-RUNX1,3,3,2.000000,2,1.962449e-01,
CDH1->-RUNX1 CDH1->-TP53 TP53->-RUNX1,3,3,2.000000,2,7.407407e-02,
TP53->-ATR,2,1,14.000000,14,1.918397e-03,
TP53->-PTPRD,2,1,14.000000,14,8.467532e-05,
TP53->-NSD1,2,1,13.000000,13,3.269270e-04,
PIK3CA->-ATR,2,1,13.000000,13,7.657921e-03,
PIK3CA->-ATR PIK3CA->-TP53 TP53->-ATR,3,3,3.000000,3,6.372241e-02,
TP53->-CREBBP,2,1,13.000000,13,1.304178e-03,
CDH1->-ESR1,2,1,13.000000,13,6.653839e-02,
CDH1->-ESR1 CDH1->-PIK3CA PIK3CA->-ESR1,3,3,4.000000,4,5.486968e-03,
TP53->-STAG2,2,1,13.000000,13,3.864182e-03,
TP53->-KMT2A,2,1,13.000000,13,1.311994e-04,
PIK3CA->-PTEN,2,1,13.000000,13,4.534286e-01,
PIK3CA->-PTEN TP53->-PIK3CA TP53->-PTEN,3,3,2.000000,2,4.767181e-01,
PIK3CA->-PTEN PIK3CA->-TP53 TP53->-PTEN,3,3,6.000000,6,1.580040e-03,
MEN1->-GATA3,2,1,12.000000,12,2.441406e-04,
TP53->-ESR1,2,1,12.000000,12,1.546030e-03,
PIK3CA->-SPEN,2,1,12.000000,12,6.781580e-02,
TP53->-TBX3,2,1,12.000000,12,7.458948e-02,
CDH1->-CBFB,2,1,12.000000,12,1.614319e-01,
CBFB->-PIK3CA CDH1->-CBFB CDH1->-PIK3CA,3,3,5.000000,5,6.345300e-03,
PTEN->-PIK3CA,2,1,12.000000,12,6.095846e-01,
PTEN->-PIK3CA TP53->-PIK3CA TP53->-PTEN,3,3,2.000000,2,4.767181e-01,
TP53->-ALK,2,1,12.000000,12,4.253472e-05,
FOXA1->-PIK3CA,2,1,12.000000,12,9.892635e-01,
CDH1->-FOXA1 CDH1->-PIK3CA FOXA1->-PIK3CA,3,3,3.000000,3,3.719227e-01,
NF1->-TP53,2,1,12.000000,12,9.906223e-01,
NF1->-PIK3CA,2,1,12.000000,12,2.871317e-01,
NF1->-PIK3CA TP53->-NF1 TP53->-PIK3CA,3,3,3.000000,3,2.628955e-01,
NF1->-PIK3CA NF1->-TP53 TP53->-PIK3CA,3,3,4.000000,4,9.127942e-02,
TP53->-FLT4,2,1,12.000000,12,8.293247e-05,
TP53->-APC,2,1,12.000000,12,5.675024e-04,
PIK3CA->-PTPRT,2,1,12.000000,12,5.603087e-03,
PIK3CA->-RICTOR,2,1,11.000000,11,2.676227e-03,
TP53->-FOXA1,2,1,11.000000,11,5.998219e-02,
PIK3CA->-FOXA1 TP53->-FOXA1 TP53->-PIK3CA,3,3,3.000000,3,1.231255e-01,
PIK3CA->-FOXA1 PIK3CA->-TP53 TP53->-FOXA1,3,3,2.000000,2,3.757874e-01,
CDH1->-FOXA1 CDH1->-TP53 TP53->-FOXA1,3,3,2.000000,2,1.746422e-01,
CDH1->-FOXA1 TP53->-CDH1 TP53->-FOXA1,3,3,2.000000,2,1.746422e-01,
PIK3CA->-RB1,2,1,11.000000,11,2.146499e-01,
PIK3CA->-RB1 TP53->-PIK3CA TP53->-RB1,3,3,2.000000,2,3.938323e-01,
PIK3CA->-RB1 PIK3CA->-TP53 TP53->-RB1,3,3,4.000000,4,3.035825e-02,
TP53->-CDKN2A,2,1,11.000000,11,2.112472e-02,
TP53->-ERBB3,2,1,11.000000,11,7.000979e-05,
PTEN->-TP53,2,1,11.000000,11,9.999554e-01,
TP53->-ATM,2,1,11.000000,11,2.794230e-03,
TP53->-EP300,2,1,11.000000,11,2.064883e-03,
GATA3->-ARID1A,2,1,11.000000,11,3.456478e-01,
GATA3->-ARID1A PIK3CA->-ARID1A PIK3CA->-GATA3,3,3,2.000000,2,3.232037e-01,
GATA3->-ARID1A GATA3->-PIK3CA MAP3K1->-ARID1A MAP3K1->-GATA3 MAP3K1->-PIK3CA PIK3CA->-ARID1A,4,6,2.000000,2,5.063657e-03,
MAP3K1->-GATA3,2,1,11.000000,11,6.157612e-01,
GATA3->-PIK3CA MAP3K1->-GATA3 MAP3K1->-PIK3CA,3,3,6.000000,6,3.176011e-02,
MAP3K1->-GATA3 PIK3CA->-GATA3 PIK3CA->-MAP3K1,3,3,2.000000,2,7.533407e-01,
GATA3->-MAP3K1,2,1,11.000000,11,6.157612e-01,
GATA3->-MAP3K1 GATA3->-PIK3CA MAP3K1->-PIK3CA,3,3,3.000000,3,4.861564e-01,
GATA3->-MAP3K1 GATA3->-PIK3CA PIK3CA->-MAP3K1,3,3,4.000000,4,2.476521e-01,
ESR1->-GATA3,2,1,11.000000,11,1.793701e-01,
ESR1->-GATA3 PIK3CA->-ESR1 PIK3CA->-GATA3,3,3,3.000000,3,1.318080e-01,
ESR1->-GATA3 ESR1->-PIK3CA PIK3CA->-GATA3,3,3,2.000000,2,3.881910e-01,
PIK3CA->-ATM,2,1,11.000000,11,2.368968e-01,
PIK3CA->-ATM PIK3CA->-TP53 TP53->-ATM,3,3,3.000000,3,6.576860e-02,
TP53->-MED12,2,1,11.000000,11,3.823947e-03,
TP53->-FBXW7,2,1,11.000000,11,4.607225e-03,
TP53->-SETD2,2,1,11.000000,11,8.066843e-05,
TP53->-EPHA5,2,1,11.000000,11,2.390646e-03,
PIK3CA->-NF1,2,1,10.000000,10,6.163283e-01,
PIK3CA->-NF1 TP53->-NF1 TP53->-PIK3CA,3,3,3.000000,3,2.628955e-01,
PIK3CA->-NF1 PIK3CA->-TP53 TP53->-NF1,3,3,2.000000,2,5.557278e-01,
CDH1->-PTEN,2,1,10.000000,10,3.048598e-01,
KMT2C->-MAP3K1,2,1,10.000000,10,4.156770e-01,
KMT2C->-MAP3K1 PIK3CA->-KMT2C PIK3CA->-MAP3K1,3,3,4.000000,4,1.968557e-01,
KMT2C->-MAP3K1 KMT2C->-PIK3CA MAP3K1->-PIK3CA,3,3,2.000000,2,7.058121e-01,
TP53->-ATRX,2,1,10.000000,10,1.727327e-03,
TP53->-PTPRS,2,1,10.000000,10,5.315645e-04,
TP53->-CARD11,2,1,10.000000,10,5.302927e-03,
TP53->-NOTCH2,2,1,10.000000,10,2.027034e-03,
PIK3CA->-NOTCH4,2,1,10.000000,10,3.664929e-02,
TP53->-MAP2K4,2,1,10.000000,10,1.791252e-01,
CDH1->-GATA3,2,1,10.000000,10,1.191736e-02,
CDH1->-GATA3 CDH1->-PIK3CA PIK3CA->-GATA3,3,3,4.000000,4,2.084108e-02,
CDH1->-GATA3 PIK3CA->-CDH1 PIK3CA->-GATA3,3,3,2.000000,2,3.416318e-01,
CDH1->-ESR1 CDH1->-GATA3 ESR1->-GATA3,3,3,3.000000,3,4.629630e-03,
CDH1->-ESR1 CDH1->-GATA3 CDH1->-PIK3CA ESR1->-GATA3 PIK3CA->-ESR1 PIK3CA->-GATA3,4,6,2.000000,2,1.736111e-03,
PIK3CA->-FLT4,2,1,10.000000,10,1.817166e-02,
PIK3CA->-FLT4 TP53->-FLT4 TP53->-PIK3CA,3,3,2.000000,2,1.145546e-01,
PIK3CA->-FLT4 PIK3CA->-TP53 TP53->-FLT4,3,3,2.000000,2,1.145546e-01,
TP53->-NOTCH4,2,1,10.000000,10,6.864075e-04,
PIK3CA->-NOTCH4 PIK3CA->-TP53 TP53->-NOTCH4,3,3,3.000000,3,2.450160e-02,
PIK3CA->-CDKN1B,2,1,10.000000,10,2.770190e-01,
PIK3CA->-MED12,2,1,10.000000,10,8.331747e-03,
PIK3CA->-MED12 TP53->-MED12 TP53->-PIK3CA,3,3,2.000000,2,1.352858e-01,
PIK3CA->-MED12 PIK3CA->-TP53 TP53->-MED12,3,3,2.000000,2,1.352858e-01,
ERBB2->-CDH1,2,1,10.000000,10,9.672328e-01,
TP53->-ARID1B,2,1,10.000000,10,3.627859e-02,
TP53->-ARID5B,2,1,10.000000,10,3.656197e-04,
TP53->-PTPRT,2,1,10.000000,10,2.395362e-03,
PIK3CA->-PTPRT TP53->-PIK3CA TP53->-PTPRT,3,3,3.000000,3,7.906653e-02,
PIK3CA->-PTPRT PIK3CA->-TP53 TP53->-PTPRT,3,3,4.000000,4,1.384216e-02,
TP53->-BARD1,2,1,10.000000,10,1.159474e-04,
TP53->-SPEN,2,1,10.000000,10,1.900948e-02,
PIK3CA->-SPEN PIK3CA->-TP53 TP53->-SPEN,3,3,3.000000,3,1.438272e-02,
PIK3CA->-KMT2A,2,1,10.000000,10,1.010243e-01,
PIK3CA->-KMT2A TP53->-KMT2A TP53->-PIK3CA,3,3,3.000000,3,2.391975e-02,
KMT2C->-GATA3,2,1,9.000000,9,2.995763e-01,
KMT2C->-GATA3 KMT2C->-PIK3CA PIK3CA->-GATA3,3,3,2.000000,2,3.222256e-01,
TP53->-EPHB1,2,1,9.000000,9,1.507041e-03,
MAP3K1->-KMT2C,2,1,9.000000,9,5.974096e-01,
MAP3K1->-KMT2C MAP3K1->-PIK3CA PIK3CA->-KMT2C,3,3,3.000000,3,4.236425e-01,
MAP3K1->-KMT2C PIK3CA->-KMT2C PIK3CA->-MAP3K1,3,3,2.000000,2,7.058121e-01,
MAP3K1->-KMT2C TP53->-KMT2C TP53->-MAP3K1,3,3,2.000000,2,8.850659e-02,
KMT2C->-PIK3CA MAP3K1->-KMT2C MAP3K1->-PIK3CA,3,3,2.000000,2,7.058121e-01,
ARID1A->-GATA3,2,1,9.000000,9,6.913904e-01,
ARID1A->-GATA3 ARID1A->-PIK3CA PIK3CA->-GATA3,3,3,2.000000,2,3.232037e-01,
AKT1->-CDH1,2,1,9.000000,9,5.000000e-01,
AKT1->-CDH1 AKT1->-TP53 CDH1->-TP53,3,3,3.000000,3,3.549383e-02,
TP53->-ROS1,2,1,9.000000,9,3.417779e-02,
TP53->-TSC2,2,1,9.000000,9,1.616459e-02,
CDH1->-MAP2K4,2,1,9.000000,9,3.111555e-02,
CDH1->-MAP2K4 CDH1->-PIK3CA MAP2K4->-PIK3CA,3,3,2.000000,2,2.249773e-01,
CDH1->-MAP2K4 CDH1->-TP53 TP53->-MAP2K4,3,3,2.000000,2,4.968784e-02,
CDH1->-CDK12 CDH1->-TP53 TP53->-CDK12,3,3,2.000000,2,6.148473e-03,
PIK3CA->-MAP2K4,2,1,9.000000,9,9.507072e-01,
CDH1->-MAP2K4 PIK3CA->-CDH1 PIK3CA->-MAP2K4,3,3,2.000000,2,2.249773e-01,
TP53->-RICTOR,2,1,9.000000,9,3.176186e-04,
PIK3CA->-RICTOR PIK3CA->-TP53 TP53->-RICTOR,3,3,2.000000,2,6.832701e-02,
PIK3CA->-BRCA1 PIK3CA->-TP53 TP53->-BRCA1,3,3,2.000000,2,5.691964e-02,
PTEN->-KMT2C,2,1,9.000000,9,5.352238e-03,
PTEN->-KMT2C TP53->-KMT2C TP53->-PTEN,3,3,3.000000,3,1.620370e-02,
PTEN->-NF1,2,1,9.000000,9,3.114984e-02,
PTEN->-NF1 TP53->-NF1 TP53->-PTEN,3,3,5.000000,5,8.950062e-03,
PTEN->-NF1 PTEN->-TP53 TP53->-NF1,3,3,3.000000,3,1.782596e-01,
PIK3CA->-CREBBP,2,1,9.000000,9,2.201918e-01,
PIK3CA->-CREBBP TP53->-CREBBP TP53->-PIK3CA,3,3,2.000000,2,1.576058e-01,
PIK3CA->-PLK2 TP53->-PIK3CA TP53->-PLK2,3,3,2.000000,2,6.485029e-02,
AKT1->-GATA3,2,1,9.000000,9,1.697242e-02,
TP53->-ZFHX3,2,1,9.000000,9,2.753747e-02,
TP53->-ERCC5,2,1,9.000000,9,4.894869e-04,
TP53->-SF3B1,2,1,9.000000,9,1.128472e-03,
PIK3CA->-SF3B1 TP53->-PIK3CA TP53->-SF3B1,3,3,2.000000,2,2.632245e-01,
PIK3CA->-SF3B1 PIK3CA->-TP53 TP53->-SF3B1,3,3,4.000000,4,8.701989e-03,
PIK3CA->-POLE,2,1,9.000000,9,4.422835e-03,
ERBB2->-PIK3CA,2,1,9.000000,9,5.180401e-01,
CDH1->-ERBB2 CDH1->-PIK3CA ERBB2->-PIK3CA,3,3,4.000000,4,7.165749e-02,
TP53->-POLE,2,1,9.000000,9,7.367755e-04,
PIK3CA->-POLE PIK3CA->-TP53 TP53->-POLE,3,3,5.000000,5,2.090213e-04,
CDH1->-PTPRD,2,1,9.000000,9,9.598564e-04,
CDH1->-PTPRD CDH1->-TP53 TP53->-PTPRD,3,3,3.000000,3,3.854983e-02,
CDH1->-PTPRD TP53->-CDH1 TP53->-PTPRD,3,3,3.000000,3,3.854983e-02,
TP53->-TET2,2,1,9.000000,9,7.884972e-04,
ATM->-PIK3CA,2,1,8.000000,8,7.404963e-01,
PIK3CA->-ERBB2,2,1,8.000000,8,6.981566e-01,
CDH1->-ERBB2 CDH1->-PIK3CA PIK3CA->-ERBB2,3,3,4.000000,4,7.165749e-02,
PIK3CA->-ZFHX3,2,1,8.000000,8,3.257430e-01,
PIK3CA->-ARID2,2,1,8.000000,8,1.441005e-01,
PIK3CA->-ARID2 PIK3CA->-TP53 TP53->-ARID2,3,3,4.000000,4,5.402569e-03,
MEN1->-PIK3CA,2,1,8.000000,8,1.166493e-01,
CDH1->-AKT1,2,1,8.000000,8,6.854706e-01,
TP53->-ANKRD11,2,1,8.000000,8,1.199608e-02,
CDH1->-BRCA2,2,1,8.000000,8,1.220878e-01,
CDH1->-BRCA2 TP53->-BRCA2 TP53->-CDH1,3,3,2.000000,2,4.320988e-02,
TBX3->-CDH1,2,1,8.000000,8,9.824429e-01,
CDH1->-PIK3CA TBX3->-CDH1 TBX3->-PIK3CA,3,3,3.000000,3,3.992099e-01,
PTEN->-CDH1,2,1,8.000000,8,6.691712e-01,
CDH1->-TP53 PTEN->-CDH1 PTEN->-TP53,3,3,2.000000,2,5.852014e-02,
PIK3CA->-PTPRD,2,1,8.000000,8,5.149608e-03,
CDH1->-PIK3CA CDH1->-PTPRD PIK3CA->-PTPRD,3,3,2.000000,2,1.204147e-01,
CDH1->-PTPRD PIK3CA->-CDH1 PIK3CA->-PTPRD,3,3,2.000000,2,1.204147e-01,
PIK3CA->-DICER1,2,1,8.000000,8,2.443382e-03,
PIK3CA->-PTCH1,2,1,8.000000,8,1.141066e-02,
NCOR1->-TP53,2,1,8.000000,8,9.815749e-01,
NCOR1->-TP53 PIK3CA->-NCOR1 PIK3CA->-TP53,3,3,2.000000,2,4.071404e-01,
CDH1->-NCOR1 CDH1->-TP53 NCOR1->-TP53,3,3,2.000000,2,3.883461e-01,
PTEN->-MAP3K1,2,1,8.000000,8,5.837146e-02,
PTEN->-MAP3K1 TP53->-MAP3K1 TP53->-PTEN,3,3,2.000000,2,1.319444e-01,
MAP3K1->-PIK3CA PTEN->-MAP3K1 PTEN->-PIK3CA,3,3,2.000000,2,2.006944e-02,
CDH1->-MAP3K1 CDH1->-NF1 NF1->-MAP3K1 PTEN->-CDH1 PTEN->-MAP3K1 PTEN->-NF1,4,6,2.000000,2,1.478909e-03,
RUNX1->-PIK3CA,2,1,8.000000,8,9.853221e-01,
CDH1->-CREBBP,2,1,8.000000,8,7.054338e-02,
CDH1->-CREBBP CDH1->-PIK3CA PIK3CA->-CREBBP,3,3,4.000000,4,1.955401e-02,
RB1->-TP53,2,1,8.000000,8,9.940250e-01,
KMT2C->-TP53,2,1,8.000000,8,9.996024e-01,
CTCF->-PIK3CA,2,1,8.000000,8,7.716809e-02,
TP53->-BAP1,2,1,8.000000,8,1.423295e-02,
RUNX1->-CDH1,2,1,8.000000,8,9.396548e-01,
CDH1->-PIK3CA RUNX1->-CDH1 RUNX1->-PIK3CA,3,3,2.000000,2,5.415330e-01,
PIK3CA->-CDH1 RUNX1->-CDH1 RUNX1->-PIK3CA,3,3,2.000000,2,5.415330e-01,
CBFB->-MAP3K1,2,1,8.000000,8,5.468750e-02,
CBFB->-MAP3K1 CBFB->-PIK3CA MAP3K1->-PIK3CA,3,3,6.000000,6,4.411723e-04,
CBFB->-GATA3 CBFB->-MAP3K1 MAP3K1->-GATA3,3,3,2.000000,2,1.319444e-01,
CDH1->-NF1,2,1,8.000000,8,2.249376e-01,
CDH1->-NF1 CDH1->-PIK3CA PIK3CA->-NF1,3,3,3.000000,3,1.208957e-01,
PIK3CA->-MGA,2,1,8.000000,8,3.493790e-01,
CDH1->-APC,2,1,8.000000,8,3.006080e-03,
TP53->-BRCA1,2,1,8.000000,8,1.487751e-02,
PIK3CA->-IGF1R,2,1,7.000000,7,2.626595e-03,
GATA3->-TP53,2,1,7.000000,7,9.785196e-01,
GATA3->-TP53 PIK3CA->-GATA3 PIK3CA->-TP53,3,3,2.000000,2,3.800982e-01,
TP53->-DNMT1,2,1,7.000000,7,2.835648e-03,
CDH1->-KMT2D,2,1,7.000000,7,1.873122e-02,
CDH1->-KMT2D CDH1->-PIK3CA PIK3CA->-KMT2D,3,3,2.000000,2,2.362403e-01,
CDH1->-KMT2D PIK3CA->-CDH1 PIK3CA->-KMT2D,3,3,2.000000,2,2.362403e-01,
FOXA1->-MAP3K1,2,1,7.000000,7,3.280648e-01,
FOXA1->-MAP3K1 PIK3CA->-FOXA1 PIK3CA->-MAP3K1,3,3,3.000000,3,1.524290e-01,
CDH1->-FOXA1 CDH1->-MAP3K1 CDH1->-PIK3CA FOXA1->-MAP3K1 PIK3CA->-FOXA1 PIK3CA->-MAP3K1,4,6,2.000000,2,5.063657e-03,
FOXA1->-MAP3K1 FOXA1->-PIK3CA PIK3CA->-MAP3K1,3,3,2.000000,2,4.204404e-01,
FOXA1->-MAP3K1 TP53->-FOXA1 TP53->-MAP3K1,3,3,3.000000,3,3.023288e-02,
CDH1->-EPHB1,2,1,7.000000,7,3.835979e-03,
CDH1->-EPHB1 CDH1->-TP53 TP53->-EPHB1,3,3,3.000000,3,2.818050e-03,
PIK3CA->-ANKRD11,2,1,7.000000,7,7.897841e-02,
PIK3CA->-ANKRD11 TP53->-ANKRD11 TP53->-PIK3CA,3,3,3.000000,3,1.237596e-02,
PIK3CA->-BRCA2,2,1,7.000000,7,1.544985e-01,
CDH1->-BRCA2 CDH1->-PIK3CA CDH1->-TBX3 PIK3CA->-BRCA2 TBX3->-BRCA2 TBX3->-PIK3CA,4,6,2.000000,2,8.602509e-04,
PIK3CA->-DNMT3A,2,1,7.000000,7,2.857839e-02,
TP53->-MDC1,2,1,7.000000,7,4.064408e-02,
MAP3K1->-ERBB3,2,1,7.000000,7,3.210375e-03,
PIK3CA->-PLK2,2,1,7.000000,7,3.741995e-03,
PIK3CA->-ROS1,2,1,7.000000,7,1.101988e-01,
MAP3K1->-ARID1A,2,1,7.000000,7,1.191478e-01,
MAP3K1->-ARID1A MAP3K1->-PIK3CA PIK3CA->-ARID1A,3,3,3.000000,3,1.181020e-01,
GATA3->-ARID1A MAP3K1->-ARID1A MAP3K1->-GATA3,3,3,3.000000,3,4.629630e-03,
GATA3->-SPEN,2,1,7.000000,7,2.716193e-01,
PIK3CA->-RAD50,2,1,7.000000,7,4.555024e-02,
CDH1->-FAT1,2,1,7.000000,7,2.865349e-02,
CDH1->-FAT1 CDH1->-PIK3CA PIK3CA->-FAT1,3,3,2.000000,2,1.250511e-01,
TP53->-PIK3CG,2,1,7.000000,7,6.439968e-03,
TP53->-DDR2,2,1,7.000000,7,1.328656e-02,
CDH1->-ERBB3,2,1,7.000000,7,5.834517e-02,
CDH1->-SPEN,2,1,7.000000,7,2.050977e-01,
CDH1->-PIK3CA CDH1->-SPEN PIK3CA->-SPEN,3,3,2.000000,2,7.407407e-02,
PIK3CA->-PIK3C2G,2,1,7.000000,7,1.153935e-02,
PIK3CA->-PTPRS,2,1,7.000000,7,2.429337e-01,
PIK3CA->-PTPRS PIK3CA->-TP53 TP53->-PTPRS,3,3,3.000000,3,1.052252e-02,
NCOR1->-GATA3,2,1,7.000000,7,2.530010e-02,
TP53->-PIK3C2G,2,1,7.000000,7,1.069444e-03,
PIK3CA->-PIK3C2G TP53->-PIK3C2G TP53->-PIK3CA,3,3,2.000000,2,1.009034e-01,
PIK3CA->-PIK3C2G PIK3CA->-TP53 TP53->-PIK3C2G,3,3,2.000000,2,1.009034e-01,
PTEN->-PIK3R1,2,1,7.000000,7,2.744144e-02,
PTEN->-PIK3R1 TP53->-PIK3R1 TP53->-PTEN,3,3,4.000000,4,4.041740e-04,
TP53->-KDM6A,2,1,7.000000,7,6.042124e-02,
MAP3K1->-TBX3,2,1,7.000000,7,1.083875e-01,
MAP3K1->-PIK3CA MAP3K1->-TBX3 PIK3CA->-TBX3,3,3,3.000000,3,4.688419e-02,
TP53->-GRIN2A,2,1,7.000000,7,3.906250e-03,
CBFB->-CDH1,2,1,7.000000,7,9.058434e-01,
CBFB->-CDH1 CBFB->-PIK3CA CDH1->-PIK3CA,3,3,2.000000,2,4.201304e-01,
TP53->-MGA,2,1,7.000000,7,1.755420e-02,
PIK3CA->-MGA TP53->-MGA TP53->-PIK3CA,3,3,4.000000,4,5.799663e-03,
APC->-ATR APC->-CARD11 APC->-MGA CARD11->-ATR MGA->-ATR MGA->-CARD11 PIK3CA->-APC PIK3CA->-ATR PIK3CA->-CARD11 PIK3CA->-MGA PIK3CA->-TP53 TP53->-APC TP53->-ATR TP53->-CARD11 TP53->-MGA,6,15,2.000000,2,3.343330e-04,
APC->-ARID2 APC->-MGA MGA->-ARID2 PIK3CA->-APC PIK3CA->-ARID2 PIK3CA->-MGA PIK3CA->-TP53 TP53->-APC TP53->-ARID2 TP53->-MGA,5,10,2.000000,2,4.321893e-04,
APC->-KMT2D APC->-MGA MGA->-KMT2D PIK3CA->-APC PIK3CA->-KMT2D PIK3CA->-MGA PIK3CA->-TP53 TP53->-APC TP53->-KMT2D TP53->-MGA,5,10,2.000000,2,3.887593e-04,
PIK3CA->-ARID5B,2,1,7.000000,7,1.965494e-02,
PIK3CA->-ARID5B TP53->-ARID5B TP53->-PIK3CA,3,3,2.000000,2,9.334950e-02,
ANKRD11->-ARID5B,2,1,2.000000,2,2.179803e-01,
PIK3CA->-ARID5B PIK3CA->-TP53 TP53->-ARID5B,3,3,2.000000,2,9.334950e-02,
PIK3CA->-MDC1,2,1,7.000000,7,1.042059e-01,
PIK3CA->-MDC1 PIK3CA->-TP53 TP53->-MDC1,3,3,3.000000,3,3.546699e-02,
TP53->-INSR,2,1,7.000000,7,1.186632e-02,
CDH1->-KMT2A,2,1,7.000000,7,3.495519e-02,
TP53->-BCOR,2,1,7.000000,7,3.283914e-03,
RB1->-PIK3CA,2,1,7.000000,7,8.646056e-01,
TP53->-NOTCH1,2,1,7.000000,7,3.054377e-02,
PIK3CA->-KDR,2,1,7.000000,7,1.831102e-02,
TP53->-PALB2,2,1,7.000000,7,1.115615e-02,
TP53->-PDGFRA,2,1,7.000000,7,1.292361e-02,
PIK3CA->-EPHA5,2,1,7.000000,7,1.951531e-02,
PIK3CA->-EPHA5 TP53->-EPHA5 TP53->-PIK3CA,3,3,3.000000,3,1.372016e-02,
CDKN1B->-PIK3CA,2,1,7.000000,7,8.070305e-01,
MAP2K4->-GATA3,2,1,7.000000,7,5.164054e-02,
MAP2K4->-GATA3 MAP2K4->-PIK3CA PIK3CA->-GATA3,3,3,2.000000,2,3.902943e-02,
PIK3CA->-BCOR,2,1,7.000000,7,1.207188e-01,
PIK3CA->-BCOR PIK3CA->-PTEN PIK3CA->-TP53 PTEN->-BCOR TP53->-BCOR TP53->-PTEN,4,6,2.000000,2,1.659714e-03,
ESR1->-ARID1A,2,1,6.000000,6,2.154391e-01,
ESR1->-ARID1A PIK3CA->-ARID1A PIK3CA->-ESR1,3,3,3.000000,3,7.367125e-03,
PIK3CA->-CARD11,2,1,6.000000,6,4.002361e-02,
NOTCH1->-PIK3CA,2,1,6.000000,6,4.428637e-01,
TP53->-DOT1L,2,1,6.000000,6,2.560200e-02,
TP53->-PIK3CB,2,1,6.000000,6,6.519274e-03,
PIK3CA->-NSD1,2,1,6.000000,6,2.201761e-01,
ARID1A->-KMT2C,2,1,6.000000,6,5.545352e-01,
ARID1A->-KMT2C ARID1A->-NCOR1 KMT2C->-NCOR1 PIK3CA->-ARID1A PIK3CA->-KMT2C PIK3CA->-NCOR1,4,6,2.000000,2,5.063657e-03,
ARID1A->-KMT2C CDH1->-ARID1A CDH1->-KMT2C,3,3,2.000000,2,5.626781e-02,
CDH1->-FOXA1 CDH1->-KMT2C FOXA1->-KMT2C,3,3,2.000000,2,7.407407e-02,
ARID1A->-KMT2C ARID1A->-PIK3CA PIK3CA->-KMT2C,3,3,2.000000,2,3.702773e-01,
PIK3CA->-EPHB1,2,1,6.000000,6,4.334473e-02,
PIK3CA->-EPHB1 TP53->-EPHB1 TP53->-PIK3CA,3,3,2.000000,2,1.258191e-01,
PIK3CA->-EPHB1 PIK3CA->-TP53 TP53->-EPHB1,3,3,2.000000,2,1.258191e-01,
ATRX->-EPHB1 PIK3CA->-ATRX PIK3CA->-EPHB1,3,3,2.000000,2,2.488002e-02,
HNF1A->-EPHB1,2,1,2.000000,2,2.411265e-01,
CDH1->-EPHB1 CDH1->-PIK3CA PIK3CA->-EPHB1,3,3,3.000000,3,7.802537e-03,
STK11->-PIK3CA,2,1,6.000000,6,1.988360e-01,
STAG2->-PIK3CA,2,1,6.000000,6,5.634317e-01,
CDH1->-RICTOR,2,1,6.000000,6,1.362377e-02,
CDH1->-PIK3CA CDH1->-RICTOR PIK3CA->-RICTOR,3,3,3.000000,3,1.389776e-02,
AKT1->-MAP3K1,2,1,6.000000,6,4.843750e-02,
KDM5C->-PIK3CA,2,1,6.000000,6,2.844401e-01,
ZFHX3->-PIK3CA,2,1,6.000000,6,7.328680e-01,
PIK3CA->-MTOR,2,1,6.000000,6,7.692125e-02,
CDH1->-PTPRS,2,1,6.000000,6,3.735755e-02,
SPEN->-PIK3CA,2,1,6.000000,6,9.158434e-01,
GATA3->-PIK3CA GATA3->-SPEN SPEN->-PIK3CA,3,3,2.000000,2,1.170034e-01,
MAP3K1->-TP53,2,1,6.000000,6,9.992674e-01,
PIK3CA->-RFWD2,2,1,6.000000,6,9.261703e-02,
TP53->-MTOR,2,1,6.000000,6,8.101912e-02,
PIK3CA->-MTOR PIK3CA->-TP53 TP53->-MTOR,3,3,2.000000,2,2.975600e-02,
KMT2C->-ARID1A,2,1,6.000000,6,5.545352e-01,
KMT2C->-ARID1A PIK3CA->-ARID1A PIK3CA->-KMT2C,3,3,2.000000,2,3.702773e-01,
KMT2C->-ARID1A KMT2C->-PIK3CA PIK3CA->-ARID1A,3,3,2.000000,2,3.702773e-01,
GATA3->-ARID1A KMT2C->-ARID1A KMT2C->-GATA3,3,3,2.000000,2,2.777778e-02,
PIK3CA->-NUP93,2,1,6.000000,6,5.412946e-02,
ATM->-GATA3,2,1,6.000000,6,9.262784e-02,
ATM->-GATA3 ATM->-PIK3CA GATA3->-PIK3CA,3,3,2.000000,2,2.262626e-02,
ATM->-SPEN,2,1,2.000000,2,8.181374e-01,
PIK3CA->-ERBB3,2,1,6.000000,6,3.847885e-01,
PIK3CA->-ERBB3 TP53->-ERBB3 TP53->-PIK3CA,3,3,2.000000,2,7.462294e-02,
MAP3K1->-ERBB3 MAP3K1->-PIK3CA PIK3CA->-ERBB3,3,3,2.000000,2,1.767814e-01,
GATA3->-KMT2C,2,1,6.000000,6,8.464257e-01,
TBX3->-TP53,2,1,6.000000,6,9.226530e-01,
TBX3->-PIK3CA TBX3->-TP53 TP53->-PIK3CA,3,3,2.000000,2,2.739890e-01,
PIK3CA->-TP53 TBX3->-PIK3CA TBX3->-TP53,3,3,2.000000,2,2.739890e-01,
TP53->-HNF1A,2,1,6.000000,6,7.012075e-02,
TP53->-JAK3,2,1,6.000000,6,2.059259e-02,
CDH1->-ATRX,2,1,6.000000,6,4.004340e-02,
TP53->-MAP3K13,2,1,6.000000,6,2.510972e-02,
TP53->-TERT,2,1,6.000000,6,7.010561e-02,
TP53->-STK11,2,1,6.000000,6,4.147910e-02,
TP53->-RECQL4,2,1,6.000000,6,6.392500e-02,
PIK3CA->-AR,2,1,6.000000,6,1.988582e-01,
TP53->-TP63,2,1,6.000000,6,1.041667e-02,
CDH1->-RFWD2,2,1,6.000000,6,4.707377e-02,
CDH1->-PIK3CA CDH1->-RFWD2 PIK3CA->-RFWD2,3,3,2.000000,2,1.591958e-01,
TP53->-IGF1R,2,1,6.000000,6,1.450000e-02,
PIK3CA->-IGF1R TP53->-IGF1R TP53->-PIK3CA,3,3,3.000000,3,1.157407e-03,
KMT2C->-NCOR1,2,1,6.000000,6,1.311080e-01,
KMT2C->-NCOR1 PIK3CA->-KMT2C PIK3CA->-NCOR1,3,3,4.000000,4,3.343621e-03,
CDH1->-KMT2C CDH1->-NCOR1 KMT2C->-NCOR1,3,3,3.000000,3,3.549383e-02,
KMT2C->-NCOR1 KMT2C->-TP53 TP53->-NCOR1,3,3,2.000000,2,1.161616e-01,
MAP3K1->-NCOR1,2,1,6.000000,6,2.783665e-01,
MAP3K1->-NCOR1 MAP3K1->-PIK3CA NCOR1->-PIK3CA,3,3,2.000000,2,2.498285e-01,
PIK3CA->-STAG2,2,1,6.000000,6,5.634317e-01,
PIK3CA->-STAG2 TP53->-PIK3CA TP53->-STAG2,3,3,2.000000,2,8.707606e-02,
CDH1->-PIK3CA CDH1->-STAG2 PIK3CA->-STAG2,3,3,2.000000,2,1.204147e-01,
PIK3CA->-NOTCH1,2,1,6.000000,6,4.428637e-01,
PIK3CA->-NOTCH1 TP53->-NOTCH1 TP53->-PIK3CA,3,3,2.000000,2,6.394676e-02,
PIK3CA->-TET2,2,1,6.000000,6,1.875769e-01,
TP53->-SOX17,2,1,6.000000,6,7.222222e-02,
CDH1->-RB1,2,1,6.000000,6,1.026562e-01,
CDH1->-RB1 CDH1->-TP53 TP53->-RB1,3,3,2.000000,2,1.319444e-01,
CDH1->-RB1 TP53->-CDH1 TP53->-RB1,3,3,2.000000,2,1.319444e-01,
PIK3CA->-CIC,2,1,6.000000,6,1.294643e-02,
PIK3CA->-MST1R,2,1,6.000000,6,6.076389e-03,
TP53->-XPO1,2,1,6.000000,6,7.905506e-03,
TP53->-DNMT3A,2,1,6.000000,6,1.244260e-01,
TP53->-KDR,2,1,6.000000,6,1.221667e-01,
PIK3CA->-KDR TP53->-KDR TP53->-PIK3CA,3,3,2.000000,2,2.219158e-01,
PIK3CA->-KDR PIK3CA->-TP53 TP53->-KDR,3,3,3.000000,3,4.614516e-02,
PIK3CA->-FGFR2,2,1,6.000000,6,4.175209e-02,
GATA3->-CDKN1B,2,1,6.000000,6,1.562500e-02,
CDKN1B->-PIK3CA GATA3->-CDKN1B GATA3->-PIK3CA,3,3,2.000000,2,1.319444e-01,
CBFB->-TP53,2,1,6.000000,6,1.445312e-01,
CBFB->-PIK3CA CBFB->-TP53 TP53->-PIK3CA,3,3,3.000000,3,3.549383e-02,
CDH1->-PTCH1,2,1,6.000000,6,6.009745e-02,
CDH1->-PIK3CA CDH1->-PTCH1 PIK3CA->-PTCH1,3,3,2.000000,2,1.250511e-01,
TP53->-RPTOR,2,1,6.000000,6,2.260101e-02,
PIK3CA->-BAP1,2,1,6.000000,6,6.250000e-02,
PIK3CA->-BAP1 PIK3CA->-TP53 TP53->-BAP1,3,3,2.000000,2,2.777778e-02,
PTEN->-ARID1A,2,1,6.000000,6,3.353490e-02,
ESR1->-CDH1,2,1,6.000000,6,9.596091e-01,
TP53->-NBN,2,1,6.000000,6,1.041667e-02,
PIK3CA->-CBFB,2,1,6.000000,6,9.999977e-01,
TP53->-RAD50,2,1,6.000000,6,3.931619e-02,
PIK3CA->-RAD50 TP53->-PIK3CA TP53->-RAD50,3,3,2.000000,2,7.069097e-02,
PIK3CA->-RAD50 PIK3CA->-TP53 TP53->-RAD50,3,3,2.000000,2,7.069097e-02,
CDH1->-SETD2,2,1,6.000000,6,5.312500e-02,
BRCA1->-SETD2 CDH1->-BRCA1 CDH1->-SETD2 TP53->-BRCA1 TP53->-CDH1 TP53->-SETD2,4,6,2.000000,2,1.736111e-03,
TP53->-NOTCH3,2,1,6.000000,6,3.101852e-02,
MAP2K4->-TP53,2,1,6.000000,6,8.534249e-01,
KMT2C->-FAT1,2,1,6.000000,6,2.042651e-01,
KMT2C->-FAT1 PIK3CA->-FAT1 PIK3CA->-KMT2C,3,3,2.000000,2,2.369144e-01,
PIK3CA->-APC,2,1,6.000000,6,2.859788e-01,
PIK3CA->-APC PIK3CA->-TP53 TP53->-APC,3,3,4.000000,4,2.019339e-03,
CDH1->-APC CDH1->-PIK3CA PIK3CA->-APC,3,3,2.000000,2,1.124847e-01,
ARID1A->-FAT1,2,1,5.000000,5,4.179338e-02,
ERBB3->-PIK3CA,2,1,5.000000,5,6.229150e-01,
ERBB3->-PIK3CA MAP3K1->-ERBB3 MAP3K1->-PIK3CA,3,3,3.000000,3,2.965478e-02,
MEN1->-KMT2C,2,1,5.000000,5,8.534526e-02,
KMT2C->-GATA3 MEN1->-GATA3 MEN1->-KMT2C,3,3,2.000000,2,2.777778e-02,
TP53->-RAF1,2,1,5.000000,5,1.211735e-02,
TP53->-PAK7,2,1,5.000000,5,3.228948e-02,
PTEN->-RUNX1,2,1,5.000000,5,3.125000e-02,
TP53->-TSC1,2,1,5.000000,5,1.977796e-01,
CDH1->-NSD1,2,1,5.000000,5,2.902422e-02,
CDH1->-NSD1 CDH1->-TP53 TP53->-NSD1,3,3,2.000000,2,2.777778e-02,
CDH1->-FOXA1 CDH1->-NSD1 CDH1->-PIK3CA NSD1->-FOXA1 PIK3CA->-FOXA1 PIK3CA->-NSD1,4,6,2.000000,2,1.736111e-03,
PIK3CA->-GLI1,2,1,5.000000,5,1.612557e-02,
CBFB->-AKT1,2,1,5.000000,5,3.404948e-01,
CBFB->-ARID1A,2,1,5.000000,5,2.708333e-02,
PIK3CA->-HIST1H1C,2,1,5.000000,5,1.697442e-01,
CHEK2->-PIK3CA,2,1,5.000000,5,1.089181e-01,
PIK3CA->-TET1,2,1,5.000000,5,2.879539e-01,
PIK3CA->-EGFR,2,1,5.000000,5,5.833333e-02,
GATA3->-EGFR,2,1,5.000000,5,3.125000e-02,
GATA3->-EGFR GATA3->-PIK3CA PIK3CA->-EGFR,3,3,2.000000,2,2.777778e-02,
PIK3CA->-ALK,2,1,5.000000,5,2.250000e-01,
TP53->-KIT,2,1,5.000000,5,8.996012e-03,
PIK3CA->-BRIP1,2,1,5.000000,5,8.214286e-02,
ZFHX3->-CDH1,2,1,5.000000,5,1.289062e-01,
CDH1->-PIK3CA ZFHX3->-CDH1 ZFHX3->-PIK3CA,3,3,4.000000,4,3.343621e-03,
TP53->-EPHA7,2,1,5.000000,5,5.547083e-02,
TP53->-BRD4,2,1,5.000000,5,3.281250e-02,
PIK3CA->-JAK3,2,1,5.000000,5,1.089604e-01,
ARID1A-/-PIK3CA,2,1,5.000000,5,5.503318e-02,
ARID1A-/-PIK3CA CDH1->-ARID1A CDH1->-PIK3CA,3,3,2.000000,2,1.884412e-02,
TP53->-TCF7L2,2,1,5.000000,5,2.421024e-02,
TP53->-HIST1H3B,2,1,5.000000,5,4.518882e-02,
TP53->-RFWD2,2,1,5.000000,5,7.457210e-02,
TP53->-PLK2,2,1,5.000000,5,2.724754e-02,
PIK3CA->-EP300,2,1,5.000000,5,4.264187e-01,
ESR1->-MAP3K1,2,1,5.000000,5,5.689603e-01,
ESR1->-MAP3K1 PIK3CA->-ESR1 PIK3CA->-MAP3K1,3,3,2.000000,2,3.302040e-01,
MEN1->-ARID1A,2,1,5.000000,5,2.380952e-02,
KMT2C->-ARID1A MEN1->-ARID1A MEN1->-KMT2C,3,3,2.000000,2,7.407407e-02,
GATA3->-FLT3,2,1,5.000000,5,2.410714e-02,
KMT2C->-CDH1,2,1,5.000000,5,9.999123e-01,
TP53->-ARAF,2,1,5.000000,5,5.230263e-02,
TP53->-MET,2,1,5.000000,5,1.510101e-02,
MAP3K1->-ESR1,2,1,5.000000,5,5.689603e-01,
ESR1->-PIK3CA MAP3K1->-ESR1 MAP3K1->-PIK3CA,3,3,2.000000,2,3.302040e-01,
PTEN->-SF3B1,2,1,5.000000,5,3.550347e-01,
PIK3CA->-SF3B1 PTEN->-PIK3CA PTEN->-SF3B1,3,3,2.000000,2,8.854167e-02,
PIK3CA->-DNMT1,2,1,5.000000,5,1.980769e-02,
CREBBP->-PIK3CA,2,1,5.000000,5,9.005949e-01,
CDH1->-AR,2,1,5.000000,5,9.220467e-02,
TP53->-FGFR4,2,1,5.000000,5,1.174242e-02,
NCOR1->-MED12,2,1,5.000000,5,2.343750e-02,
NCOR1->-MED12 TP53->-MED12 TP53->-NCOR1,3,3,3.000000,3,9.806469e-03,
NCOR1->-MED12 NCOR1->-PIK3CA PIK3CA->-MED12,3,3,2.000000,2,6.911376e-02,
NF1->-PIK3R1,2,1,5.000000,5,1.953348e-01,
NF1->-PIK3R1 TP53->-NF1 TP53->-PIK3R1,3,3,2.000000,2,1.030093e-01,
NF1->-PIK3R1 PTEN->-NF1 PTEN->-PIK3R1,3,3,2.000000,2,1.255144e-01,
TP53->-AXIN2,2,1,5.000000,5,1.214583e-02,
ARID1A->-CDH1,2,1,5.000000,5,9.942415e-01,
ARID1A->-CDH1 ARID1A->-PIK3CA CDH1->-PIK3CA,3,3,2.000000,2,6.773799e-01,
CREBBP->-KMT2C,2,1,5.000000,5,6.691562e-02,
CREBBP->-KMT2C TP53->-CREBBP TP53->-KMT2C,3,3,2.000000,2,4.354690e-02,
CREBBP->-KMT2C PIK3CA->-CREBBP PIK3CA->-KMT2C,3,3,3.000000,3,2.482257e-02,
CDH1->-CREBBP CDH1->-KMT2C CDH1->-PIK3CA CREBBP->-KMT2C PIK3CA->-CREBBP PIK3CA->-KMT2C,4,6,2.000000,2,6.376725e-03,
ARID1A->-CREBBP ARID1A->-KMT2C CREBBP->-KMT2C,3,3,2.000000,2,1.709402e-02,
MGA->-PIK3CA,2,1,5.000000,5,8.843732e-01,
KMT2C->-TBX3,2,1,5.000000,5,4.475798e-01,
CDH1->-STAG2,2,1,5.000000,5,2.724754e-02,
ERBB2->-MAP3K1,2,1,5.000000,5,1.750515e-01,
ERBB2->-MAP3K1 ERBB2->-PIK3CA PIK3CA->-MAP3K1,3,3,2.000000,2,7.407407e-02,
GATA3->-POLE,2,1,5.000000,5,7.803571e-02,
GATA3->-POLE PIK3CA->-GATA3 PIK3CA->-POLE,3,3,2.000000,2,1.527778e-02,
CDH1->-GATA3 CDH1->-POLE GATA3->-POLE,3,3,2.000000,2,1.527778e-02,
TP53->-PBRM1,2,1,5.000000,5,2.535144e-01,
TP53->-ERBB2,2,1,5.000000,5,6.072872e-01,
CDH1->-ERBB2 CDH1->-TP53 TP53->-ERBB2,3,3,2.000000,2,2.498799e-01,
CDH1->-IKZF1,2,1,5.000000,5,2.187500e-02,
PIK3CA->-BRCA1,2,1,5.000000,5,3.579765e-01,
TP53->-POLD1,2,1,5.000000,5,1.895833e-02,
CDH1->-MED12,2,1,5.000000,5,9.765617e-02,
CDH1->-MED12 PIK3CA->-CDH1 PIK3CA->-MED12,3,3,2.000000,2,1.802682e-01,
GATA3->-TBX3,2,1,5.000000,5,1.524428e-01,
GATA3->-PIK3CA GATA3->-TBX3 TBX3->-PIK3CA,3,3,2.000000,2,1.693994e-01,
GATA3->-PIK3CA GATA3->-TBX3 PIK3CA->-TBX3,3,3,2.000000,2,1.693994e-01,
GATA3->-TBX3 MAP3K1->-GATA3 MAP3K1->-TBX3,3,3,2.000000,2,9.837963e-02,
PIK3CA->-TERT,2,1,5.000000,5,3.925926e-02,
GATA3->-ESR1,2,1,5.000000,5,9.754368e-01,
PIK3R1->-TP53,2,1,5.000000,5,9.898965e-01,
ERBB2->-KMT2C,2,1,5.000000,5,2.115533e-01,
CDH1->-ERBB2 CDH1->-KMT2C ERBB2->-KMT2C,3,3,2.000000,2,1.834340e-01,
CDH1->-KMT2C ERBB2->-CDH1 ERBB2->-KMT2C,3,3,2.000000,2,1.834340e-01,
KMT2C->-PARP1 TP53->-KMT2C TP53->-PARP1,3,3,2.000000,2,2.224351e-02,
ERBB2->-KMT2C ERBB2->-PARP1 ERBB2->-PIK3CA KMT2C->-PARP1 PIK3CA->-KMT2C PIK3CA->-PARP1,4,6,2.000000,2,1.282841e-03,
PIK3CA->-GRIN2A,2,1,5.000000,5,1.875000e-01,
MAP3K1->-NOTCH4,2,1,5.000000,5,2.357456e-02,
MAP3K1->-NOTCH4 MAP3K1->-PIK3CA PIK3CA->-NOTCH4,3,3,2.000000,2,1.081155e-01,
MAP3K1->-NOTCH4 PIK3CA->-MAP3K1 PIK3CA->-NOTCH4,3,3,2.000000,2,1.081155e-01,
MAP3K1->-TRAF2 PIK3CA->-MAP3K1 PIK3CA->-TRAF2,3,3,2.000000,2,5.501089e-02,
NOTCH4->-PTPRT PIK3CA->-NOTCH4 PIK3CA->-PTPRT,3,3,2.000000,2,1.633987e-02,
MAP3K1->-NOTCH4 MAP3K1->-PTPRT NOTCH4->-PTPRT TP53->-MAP3K1 TP53->-NOTCH4 TP53->-PTPRT,4,6,2.000000,2,8.174414e-04,
PIK3CA->-ATRX,2,1,5.000000,5,4.823252e-01,
CDH1->-ATRX CDH1->-PIK3CA PIK3CA->-ATRX,3,3,3.000000,3,1.523920e-02,
CDH1->-POLE,2,1,5.000000,5,2.500000e-02,
CDH1->-POLE PIK3CA->-CDH1 PIK3CA->-POLE,3,3,2.000000,2,5.324074e-02,
PIK3CA->-SETD2,2,1,5.000000,5,5.392044e-01,
ARID1A->-PIK3CA ARID1A->-SETD2 CDH1->-ARID1A CDH1->-PIK3CA CDH1->-SETD2 PIK3CA->-SETD2,4,6,2.000000,2,5.063657e-03,
FOXA1->-GATA3,2,1,5.000000,5,5.000000e-01,
FOXA1->-GATA3 FOXA1->-PIK3CA GATA3->-PIK3CA,3,3,2.000000,2,2.632245e-01,
FOXA1->-GATA3 FOXA1->-MAP3K1 MAP3K1->-GATA3,3,3,2.000000,2,1.319444e-01,
CDH1->-RAD50,2,1,5.000000,5,2.530683e-02,
CDH1->-PIK3CA CDH1->-RAD50 PIK3CA->-RAD50,3,3,2.000000,2,6.485029e-02,
CDH1->-RAD50 TP53->-CDH1 TP53->-RAD50,3,3,2.000000,2,2.224351e-02,
TP53->-PARP1,2,1,5.000000,5,2.724754e-02,
PIK3CA->-PARP1,2,1,5.000000,5,6.411990e-02,
PIK3CA->-PARP1 PIK3CA->-TP53 TP53->-PARP1,3,3,2.000000,2,6.485029e-02,
TP53->-PTCH1,2,1,5.000000,5,1.308303e-01,
PIK3CA->-PTCH1 PIK3CA->-TP53 TP53->-PTCH1,3,3,2.000000,2,1.237578e-01,
ERBB2->-TP53,2,1,5.000000,5,6.072872e-01,
AKT1->-NOTCH2,2,1,5.000000,5,1.018849e-02,
ERBB2->-RUNX1,2,1,5.000000,5,2.265625e-01,
CDH1->-ERBB2 CDH1->-RUNX1 ERBB2->-RUNX1,3,3,2.000000,2,1.962449e-01,
TP53->-CEBPA,2,1,5.000000,5,3.125000e-02,
NCOR1->-RUNX1,2,1,5.000000,5,3.632812e-01,
NCOR1->-PIK3CA NCOR1->-RUNX1 PIK3CA->-RUNX1,3,3,2.000000,2,2.632245e-01,
NCOR1->-RUNX1 PIK3CA->-NCOR1 PIK3CA->-RUNX1,3,3,2.000000,2,2.632245e-01,
ARID2->-ARID1A,2,1,5.000000,5,2.901999e-01,
ARID2->-ARID1A TP53->-ARID1A TP53->-ARID2,3,3,2.000000,2,7.301418e-02,
EPHA5->-ARID1A,2,1,2.000000,2,4.980159e-01,
ARID2->-GATA3,2,1,5.000000,5,1.953125e-01,
TP53->-JAK1,2,1,5.000000,5,3.632812e-01,
NCOR1->-CDH1,2,1,5.000000,5,9.933122e-01,
NCOR1->-CDH1 TP53->-CDH1 TP53->-NCOR1,3,3,2.000000,2,3.883461e-01,
CDH1->-RUNX1 NCOR1->-CDH1 NCOR1->-RUNX1,3,3,2.000000,2,1.319444e-01,
KMT2D->-PIK3CA,2,1,5.000000,5,9.842368e-01,
CDH1->-KMT2D CDH1->-PIK3CA KMT2D->-PIK3CA,3,3,2.000000,2,2.362403e-01,
PTEN->-GRIN2A,2,1,5.000000,5,1.846591e-02,
PIK3CA->-GRIN2A PTEN->-GRIN2A PTEN->-PIK3CA,3,3,2.000000,2,7.407407e-02,
PIK3CA->-SMAD4,2,1,5.000000,5,2.706270e-01,
MAP2K4->-PTEN,2,1,5.000000,5,3.093750e-01,
TP53->-KDM5A,2,1,5.000000,5,5.937500e-02,
TP53->-GLI1,2,1,5.000000,5,1.054489e-02,
TP53->-CIC,2,1,5.000000,5,9.418403e-02,
PIK3CA->-CIC TP53->-CIC TP53->-PIK3CA,3,3,2.000000,2,7.407407e-02,
TP53->-IRF4,2,1,5.000000,5,2.083333e-02,
TP53->-SMARCA4,2,1,5.000000,5,2.022569e-01,
TP53->-TRAF2,2,1,5.000000,5,1.670533e-02,
PIK3CA->-KRAS,2,1,5.000000,5,3.457705e-01,
PIK3CA->-BLM,2,1,5.000000,5,9.071691e-02,
TP53->-PIK3R2,2,1,5.000000,5,1.388889e-02,
PIK3CA->-ERCC4,2,1,5.000000,5,5.448718e-02,
ARID1A->-IKZF1,2,1,5.000000,5,1.875000e-02,
ARID1A->-IKZF1 ARID1A->-PIK3CA CDH1->-ARID1A CDH1->-IKZF1 CDH1->-PIK3CA IKZF1->-PIK3CA,4,6,2.000000,2,1.736111e-03,
AKT1->-KMT2C,2,1,5.000000,5,2.489873e-01,
AKT1->-KMT2C AKT1->-TP53 TP53->-KMT2C,3,3,2.000000,2,3.935185e-02,
RUNX1->-TP53,2,1,5.000000,5,9.884491e-01,
PTPRS->-PIK3CA,2,1,5.000000,5,6.718102e-01,
PTPRS->-PIK3CA TP53->-PIK3CA TP53->-PTPRS,3,3,2.000000,2,9.786683e-02,
CDH1->-PIK3CA CDH1->-PTPRS PTPRS->-PIK3CA,3,3,2.000000,2,3.935185e-02,
TP53->-TET1,2,1,5.000000,5,8.705357e-02,
TP53->-ERBB4,2,1,5.000000,5,4.658179e-02,
CBFB->-NCOR1,2,1,5.000000,5,3.125000e-02,
CBFB->-NCOR1 CBFB->-PIK3CA NCOR1->-PIK3CA,3,3,2.000000,2,1.319444e-01,
CBFB->-NCOR1 CBFB->-TP53 TP53->-NCOR1,3,3,2.000000,2,1.319444e-01,
CDH1->-DNMT1,2,1,5.000000,5,3.125000e-02,
CDH1->-DNMT1 CDH1->-PIK3CA PIK3CA->-DNMT1,3,3,2.000000,2,2.777778e-02,
CDH1->-XPO1,2,1,5.000000,5,3.125000e-02,
ARID1B->-PIK3CA,2,1,5.000000,5,2.551567e-01,
ARID1B->-PIK3CA TP53->-ARID1B TP53->-PIK3CA,3,3,2.000000,2,1.092787e-01,
AKT1->-MAP2K4,2,1,5.000000,5,9.821429e-02,
ERBB2->-TBX3,2,1,5.000000,5,3.031851e-01,
CDH1->-TBX3 ERBB2->-CDH1 ERBB2->-TBX3,3,3,2.000000,2,1.962449e-01,
GPS2->-PIK3CA,2,1,5.000000,5,2.829650e-01,
FAT1->-RICTOR,2,1,4.000000,4,1.592691e-01,
FAT1->-PIK3CA,2,1,4.000000,4,9.996982e-01,
FAT1->-PIK3CA FAT1->-RICTOR PIK3CA->-RICTOR,3,3,2.000000,2,1.065293e-01,
TET1->-FAT1,2,1,4.000000,4,2.844831e-01,
PIK3CA->-FAT1 PIK3CA->-TET1 TET1->-FAT1,3,3,2.000000,2,1.218833e-01,
PIK3CA->-FAT1 PIK3CA->-RB1 RB1->-FAT1,3,3,2.000000,2,1.309292e-01,
NCOR1->-FAT1 NCOR1->-TET1 TET1->-FAT1,3,3,2.000000,2,2.729045e-02,
TET1->-FAT1 TP53->-FAT1 TP53->-TET1,3,3,2.000000,2,4.761905e-02,
SETD2->-PIK3CA,2,1,4.000000,4,7.697626e-01,
CDH1->-PIK3CA CDH1->-SETD2 SETD2->-PIK3CA,3,3,2.000000,2,1.673097e-01,
TET1->-ARID1A,2,1,4.000000,4,1.147487e-01,
ARID1A->-FAT1 TET1->-ARID1A TET1->-FAT1,3,3,2.000000,2,1.003735e-02,
CDH1->-SMO,2,1,4.000000,4,2.249003e-02,
TP53->-RBM10,2,1,4.000000,4,2.083333e-02,
KMT2A->-GATA3,2,1,4.000000,4,1.875000e-01,
KMT2C->-BRCA2,2,1,4.000000,4,5.600231e-01,
PIK3CA-/-TP53,2,1,4.000000,4,9.998636e-01,
CDH1->-PIK3CA CDH1->-TP53 PIK3CA-/-TP53,3,3,2.000000,2,3.089523e-02,
TP53->-MEN1,2,1,4.000000,4,1.487411e-01,
TP53->-CDK8,2,1,4.000000,4,8.877315e-02,
FOXA1->-KMT2C,2,1,4.000000,4,2.628427e-01,
FOXA1->-KMT2C PIK3CA->-FOXA1 PIK3CA->-KMT2C,3,3,3.000000,3,2.401620e-02,
FOXA1->-KMT2C TP53->-FOXA1 TP53->-KMT2C,3,3,2.000000,2,6.144781e-02,
TP53->-EZH2,2,1,4.000000,4,1.458333e-01,
PIK3CA->-EZH2,2,1,4.000000,4,1.250000e-01,
PIK3CA->-EZH2 PIK3CA->-TP53 TP53->-EZH2,3,3,2.000000,2,7.407407e-02,
NCOR1->-RB1,2,1,4.000000,4,2.879517e-01,
NCOR1->-PIK3CA NCOR1->-RB1 PIK3CA->-RB1,3,3,2.000000,2,7.326186e-02,
PIK3CA->-FOXP1,2,1,4.000000,4,4.313852e-01,
CDH1->-ALK,2,1,4.000000,4,6.250000e-02,
CDH1->-ALK CDH1->-PIK3CA PIK3CA->-ALK,3,3,2.000000,2,2.777778e-02,
CDH1->-ALK CDH1->-FOXA1 FOXA1->-ALK,3,3,2.000000,2,2.777778e-02,
TP53->-IKZF1,2,1,4.000000,4,9.114465e-02,
PIK3CA->-HIST1H3I,2,1,4.000000,4,1.865079e-01,
PIK3CA->-PDGFRA,2,1,4.000000,4,4.218750e-01,
PIK3CA->-BARD1,2,1,4.000000,4,2.206633e-01,
PIK3CA->-BARD1 TP53->-BARD1 TP53->-PIK3CA,3,3,2.000000,2,5.146920e-02,
CDH1->-MTOR,2,1,4.000000,4,4.453125e-01,
CDH1->-MTOR CDH1->-PIK3CA PIK3CA->-MTOR,3,3,2.000000,2,9.320673e-02,
ARID1A->-GRIN2A,2,1,4.000000,4,1.084091e-01,
CDH1->-KDR,2,1,4.000000,4,5.974265e-02,
SPEN->-ARID2,2,1,4.000000,4,4.464286e-02,
SPEN->-ARID2 TP53->-ARID2 TP53->-SPEN,3,3,3.000000,3,1.851852e-03,
PIK3CA->-ARID2 PIK3CA->-SPEN PIK3CA->-TP53 SPEN->-ARID2 TP53->-ARID2 TP53->-SPEN,4,6,2.000000,2,2.976190e-04,
PIK3CA->-NOTCH3,2,1,4.000000,4,4.012731e-01,
CDH1->-JAK3,2,1,4.000000,4,2.933333e-02,
CDH1->-JAK3 CDH1->-PIK3CA PIK3CA->-JAK3,3,3,2.000000,2,1.388889e-02,
MAP2K4->-JAK3,2,1,4.000000,4,2.933333e-02,
MAP2K4->-JAK3 TP53->-JAK3 TP53->-MAP2K4,3,3,2.000000,2,1.183581e-02,
CDH1->-JAK3 CDH1->-MAP2K4 MAP2K4->-JAK3,3,3,2.000000,2,9.222710e-03,
TP53->-IRS1,2,1,4.000000,4,5.187908e-02,
MAP3K1->-ATR,2,1,4.000000,4,1.357571e-01,
MAP3K1->-ATR MAP3K1->-PIK3CA PIK3CA->-ATR,3,3,2.000000,2,1.936955e-02,
EPHA7->-PIK3CA,2,1,4.000000,4,1.306736e-01,
EPHA7->-PIK3CA TP53->-EPHA7 TP53->-PIK3CA,3,3,2.000000,2,9.200538e-03,
NF1->-KMT2C,2,1,4.000000,4,3.326211e-01,
TP53->-AR,2,1,4.000000,4,1.348214e-01,
PIK3CA->-AR PIK3CA->-TP53 TP53->-AR,3,3,2.000000,2,4.629630e-02,
PIK3CA->-CDKN2A,2,1,4.000000,4,1.631944e-01,
PIK3CA->-CDKN2A TP53->-CDKN2A TP53->-PIK3CA,3,3,2.000000,2,1.092097e-01,
STAG2->-GATA3,2,1,4.000000,4,1.875000e-01,
MEN1->-SPEN,2,1,4.000000,4,6.250000e-02,
GATA3->-SPEN MEN1->-GATA3 MEN1->-SPEN,3,3,2.000000,2,7.407407e-02,
PIK3CA->-IRS1,2,1,4.000000,4,4.137886e-01,
SMARCA4->-PIK3CA,2,1,4.000000,4,6.082589e-01,
KMT2C->-ESR1,2,1,4.000000,4,9.699074e-02,
PTEN->-TBX3,2,1,4.000000,4,5.000000e-02,
PTEN->-ATRX,2,1,4.000000,4,1.616071e-01,
PTEN->-ATRX TP53->-ATRX TP53->-PTEN,3,3,2.000000,2,1.112662e-01,
TP53->-MAP2K1,2,1,4.000000,4,6.250000e-02,
TP53->-SDHB,2,1,4.000000,4,3.997721e-01,
TP53->-INPP4B,2,1,4.000000,4,1.970918e-01,
TP53->-PIM1,2,1,4.000000,4,3.611111e-02,
CDH1->-CTCF,2,1,4.000000,4,1.651786e-01,
PTEN->-GATA3,2,1,4.000000,4,5.204475e-01,
TP53->-AXIN1,2,1,4.000000,4,9.018519e-02,
TP53->-IRS2,2,1,4.000000,4,1.820497e-01,
FOXA1->-TP53,2,1,4.000000,4,9.787533e-01,
PIK3CA->-PIK3CG,2,1,4.000000,4,3.754615e-01,
PIK3CA->-HNF1A,2,1,4.000000,4,1.380976e-01,
PTEN->-ATR,2,1,4.000000,4,6.200397e-02,
PTEN->-ATR TP53->-ATR TP53->-PTEN,3,3,3.000000,3,4.523640e-03,
PIK3CA->-ATR PIK3CA->-PTEN PTEN->-ATR,3,3,2.000000,2,7.301418e-02,
MGA->-ATR MGA->-PTEN PTEN->-ATR,3,3,2.000000,2,2.714184e-02,
MGA->-PTPRT,2,1,2.000000,2,2.480159e-01,
PTEN->-MED12,2,1,4.000000,4,2.861738e-02,
PTEN->-MED12 TP53->-MED12 TP53->-PTEN,3,3,2.000000,2,1.455026e-02,
TP53->-IFNGR1,2,1,4.000000,4,3.750000e-02,
TP53->-PRDM1,2,1,4.000000,4,6.250000e-02,
MAP3K1->-NSD1,2,1,4.000000,4,4.888711e-01,
MAP3K1->-NSD1 TP53->-MAP3K1 TP53->-NSD1,3,3,2.000000,2,7.407407e-02,
CDH1->-MAP3K1 CDH1->-NSD1 MAP3K1->-NSD1,3,3,2.000000,2,1.255144e-01,
ATR->-NCOR1,2,1,4.000000,4,6.250000e-02,
ATR->-NCOR1 TP53->-ATR TP53->-NCOR1,3,3,2.000000,2,2.777778e-02,
ATR->-NCOR1 PIK3CA->-ATR PIK3CA->-NCOR1,3,3,2.000000,2,2.777778e-02,
ATR->-EP300 PIK3CA->-ATR PIK3CA->-EP300,3,3,2.000000,2,2.777778e-02,
NF1->-MED12,2,1,4.000000,4,1.785969e-01,
NF1->-MED12 TP53->-MED12 TP53->-NF1,3,3,2.000000,2,7.407407e-02,
MAP3K1->-MED12 NF1->-MAP3K1 NF1->-MED12 PTEN->-MAP3K1 PTEN->-MED12 PTEN->-NF1,4,6,2.000000,2,1.478909e-03,
NF1->-NSD1 PTEN->-NF1 PTEN->-NSD1,3,3,2.000000,2,2.469136e-02,
MAP3K1->-MED12,2,1,4.000000,4,3.504169e-02,
MAP3K1->-MED12 MAP3K1->-PIK3CA PIK3CA->-MED12,3,3,2.000000,2,9.642857e-03,
MAP3K1->-MED12 PTEN->-MAP3K1 PTEN->-MED12,3,3,3.000000,3,1.666667e-03,
NF1->-MAP3K1,2,1,4.000000,4,3.326211e-01,
NF1->-MAP3K1 TP53->-MAP3K1 TP53->-NF1,3,3,3.000000,3,1.620370e-02,
NF1->-MAP3K1 PTEN->-MAP3K1 PTEN->-NF1,3,3,3.000000,3,4.115226e-03,
TP53->-CTCF,2,1,4.000000,4,2.560503e-01,
CDH1->-RASA1,2,1,4.000000,4,1.592094e-01,
BRCA2->-KMT2C,2,1,4.000000,4,5.600231e-01,
TBX3->-KMT2C,2,1,4.000000,4,7.031742e-01,
TBX3->-KMT2C TP53->-KMT2C TP53->-TBX3,3,3,2.000000,2,6.144781e-02,
TP53->-REL,2,1,4.000000,4,3.750000e-02,
TP53->-TRAF7,2,1,4.000000,4,1.375000e-01,
TP53->-PMS1,2,1,4.000000,4,3.833333e-02,
PIK3R1->-MED12,2,1,4.000000,4,1.067743e-01,
PIK3R1->-MED12 TP53->-MED12 TP53->-PIK3R1,3,3,2.000000,2,2.423207e-02,
PIK3R1->-MED12 PTEN->-MED12 PTEN->-PIK3R1,3,3,2.000000,2,1.293357e-02,
TP53->-SMO,2,1,4.000000,4,1.487411e-01,
NF1->-TET2,2,1,4.000000,4,3.846939e-02,
NF1->-TET2 TP53->-NF1 TP53->-TET2,3,3,2.000000,2,1.825397e-02,
SPEN->-GATA3,2,1,4.000000,4,8.771131e-01,
PTEN->-ARID1B,2,1,4.000000,4,1.785969e-01,
CDH1->-RHOA,2,1,4.000000,4,3.012330e-01,
CDH1->-FGFR4,2,1,4.000000,4,1.329545e-01,
GATA3->-NSD1,2,1,4.000000,4,6.250000e-02,
ZFHX3->-KMT2C,2,1,4.000000,4,1.708333e-01,
KMT2C->-PIK3CA ZFHX3->-KMT2C ZFHX3->-PIK3CA,3,3,2.000000,2,1.160301e-01,
MAP3K1->-CDH1,2,1,4.000000,4,9.996860e-01,
MAP3K1->-CDH1 MAP3K1->-PIK3CA PIK3CA->-CDH1,3,3,2.000000,2,7.193540e-01,
GATA3->-MED12,2,1,4.000000,4,5.739796e-02,
PIK3CA->-TSHR,2,1,4.000000,4,2.777778e-02,
TP53->-GATA2,2,1,4.000000,4,1.875000e-01,
TP53->-GSK3B,2,1,4.000000,4,2.407407e-02,
ARID1A->-FLT3,2,1,4.000000,4,1.589286e-01,
FOXA1->-CDH1,2,1,4.000000,4,9.996691e-01,
MAP3K1->-FOXA1,2,1,4.000000,4,9.045632e-01,
MAP3K1->-FOXA1 MAP3K1->-PIK3CA PIK3CA->-FOXA1,3,3,3.000000,3,1.524290e-01,
PIK3CA->-PMS1,2,1,4.000000,4,6.250000e-02,
MAP3K1->-ARID2,2,1,4.000000,4,3.502747e-02,
MAP3K1->-DICER1,2,1,4.000000,4,3.961538e-02,
GATA3->-RICTOR,2,1,4.000000,4,1.180556e-01,
GATA3->-PIK3CA GATA3->-RICTOR PIK3CA->-RICTOR,3,3,2.000000,2,6.952712e-02,
GATA3->-RICTOR TP53->-GATA3 TP53->-RICTOR,3,3,2.000000,2,9.920635e-03,
NF1->-CDH1,2,1,4.000000,4,9.323165e-01,
CDH1->-PIK3CA NF1->-CDH1 NF1->-PIK3CA,3,3,2.000000,2,3.695482e-01,
ERBB2->-ERBB3,2,1,4.000000,4,3.502747e-02,
CDH1->-ERBB3 ERBB2->-CDH1 ERBB2->-ERBB3,3,3,2.000000,2,7.407407e-02,
NF1->-ERBB3,2,1,4.000000,4,6.250000e-02,
NF1->-ERBB3 NF1->-TP53 TP53->-ERBB3,3,3,2.000000,2,7.407407e-02,
ARID1B->-TP53,2,1,4.000000,4,9.329332e-01,
TP53->-DAXX,2,1,4.000000,4,3.633005e-02,
CDH1->-JAK2,2,1,4.000000,4,4.166667e-02,
PIK3CA->-INSR,2,1,4.000000,4,1.636905e-01,
PIK3CA->-INSR PIK3CA->-TP53 TP53->-INSR,3,3,2.000000,2,7.407407e-02,
ERBB2->-FOXA1,2,1,4.000000,4,3.437500e-01,
ERBB2->-FOXA1 ERBB2->-MAP3K1 FOXA1->-MAP3K1,3,3,2.000000,2,2.777778e-02,
MAP3K1->-CDKN1B,2,1,4.000000,4,4.427885e-01,
KMT2C->-CDKN1B MAP3K1->-CDKN1B MAP3K1->-KMT2C MAP3K1->-PIK3CA PIK3CA->-CDKN1B PIK3CA->-KMT2C,4,6,2.000000,2,4.647436e-04,
TP53->-DICER1,2,1,4.000000,4,1.388889e-02,
PIK3CA->-DICER1 TP53->-DICER1 TP53->-PIK3CA,3,3,2.000000,2,5.804162e-03,
TP53->-JUN,2,1,4.000000,4,6.250000e-02,
CDH1->-JUN,2,1,4.000000,4,4.660714e-02,
TP53->-FGFR2,2,1,4.000000,4,4.133598e-02,
PIK3CA->-YES1,2,1,4.000000,4,3.269704e-02,
MAP2K4->-NCOR1,2,1,4.000000,4,6.132812e-01,
GATA3->-PDGFRA,2,1,4.000000,4,1.625000e-01,
PIK3CA->-DNMT3B,2,1,4.000000,4,1.758041e-01,
CDH1->-DNMT3B,2,1,4.000000,4,6.250000e-02,
CDH1->-DNMT3B CDH1->-PIK3CA PIK3CA->-DNMT3B,3,3,2.000000,2,2.777778e-02,
ARID1A->-TP53,2,1,4.000000,4,9.979437e-01,
KMT2C->-PARP1,2,1,4.000000,4,5.061366e-02,
TP53->-JAK2,2,1,4.000000,4,1.188327e-01,
CDH1->-JAK2 TP53->-CDH1 TP53->-JAK2,3,3,2.000000,2,2.777778e-02,
KMT2C->-PTCH1,2,1,4.000000,4,2.030436e-01,
CDH1->-KMT2A CDH1->-KMT2C CDH1->-PTCH1 KMT2C->-KMT2A KMT2C->-PTCH1 PTCH1->-KMT2A,4,6,2.000000,2,1.659518e-03,
PIK3CA->-PIK3CB,2,1,4.000000,4,2.651455e-01,
PIK3CA->-PIK3CB PIK3CA->-TP53 TP53->-PIK3CB,3,3,2.000000,2,2.222222e-02,
MDC1->-PIK3CB PIK3CA->-MDC1 PIK3CA->-PIK3CB,3,3,2.000000,2,2.222222e-02,
ARID1A->-KMT2D,2,1,4.000000,4,2.957093e-01,
ARID1A->-KMT2D PIK3CA->-ARID1A PIK3CA->-KMT2D,3,3,2.000000,2,7.301418e-02,
SPOP->-PIK3CA,2,1,4.000000,4,1.875000e-01,
CDH1->-SMAD4,2,1,4.000000,4,4.263393e-01,
RUNX1->-FOXA1,2,1,4.000000,4,3.020833e-01,
PIK3CA->-FOXA1 PIK3CA->-RUNX1 RUNX1->-FOXA1,3,3,2.000000,2,5.092593e-02,
CDH1->-FOXA1 CDH1->-RUNX1 RUNX1->-FOXA1,3,3,2.000000,2,1.962449e-01,
PIK3CA->-INPP4A,2,1,4.000000,4,1.875000e-01,
CDH1->-TET2,2,1,4.000000,4,5.178571e-02,
CDH1->-NOTCH4,2,1,4.000000,4,6.204044e-02,
CDH1->-NOTCH4 CDH1->-PIK3CA PIK3CA->-NOTCH4,3,3,2.000000,2,7.407407e-02,
BRCA2->-CDH1,2,1,4.000000,4,8.819073e-01,
RB1->-KMT2C,2,1,4.000000,4,3.005492e-01,
RB1->-KMT2C TP53->-KMT2C TP53->-RB1,3,3,2.000000,2,1.059028e-01,
AKT2->-KMT2C TP53->-AKT2 TP53->-KMT2C,3,3,2.000000,2,2.777778e-02,
KMT2C->-PIK3CA RB1->-KMT2C RB1->-PIK3CA,3,3,2.000000,2,7.407407e-02,
NF1->-FOXA1,2,1,4.000000,4,6.250000e-02,
NF1->-FOXA1 NF1->-PIK3CA PIK3CA->-FOXA1,3,3,2.000000,2,7.407407e-02,
NF1->-FOXA1 TP53->-FOXA1 TP53->-NF1,3,3,2.000000,2,7.407407e-02,
PTEN->-SETD2,2,1,4.000000,4,1.409203e-01,
KMT2C->-MED12,2,1,4.000000,4,3.679378e-02,
KMT2C->-MED12 PTEN->-KMT2C PTEN->-MED12,3,3,2.000000,2,1.000000e-02,
NOTCH2->-PIK3CA,2,1,4.000000,4,2.916667e-01,
CDH1->-DNMT3A,2,1,4.000000,4,1.714901e-01,
CDH1->-DNMT3A CDH1->-PIK3CA PIK3CA->-DNMT3A,3,3,2.000000,2,6.485029e-02,
CDH1->-DNMT3A TP53->-CDH1 TP53->-DNMT3A,3,3,2.000000,2,2.224351e-02,
NCOR1->-MAP2K4,2,1,4.000000,4,6.132812e-01,
MAP2K4->-PIK3CA NCOR1->-MAP2K4 NCOR1->-PIK3CA,3,3,2.000000,2,1.124847e-01,
SOX9->-PTCH1,2,1,4.000000,4,6.250000e-02,
APC->-KMT2D,2,1,4.000000,4,1.865079e-01,
APC->-KMT2D TP53->-APC TP53->-KMT2D,3,3,3.000000,3,1.593873e-02,
GATA3->-CREBBP,2,1,4.000000,4,9.180556e-02,
CREBBP->-MAP3K1 GATA3->-CREBBP GATA3->-MAP3K1 GATA3->-PIK3CA PIK3CA->-CREBBP PIK3CA->-MAP3K1,4,6,2.000000,2,1.736111e-03,
TP53->-EPCAM,2,1,4.000000,4,1.729167e-01,
JAK1->-PIK3CA,2,1,4.000000,4,4.278846e-01,
CDH1->-ANKRD11,2,1,4.000000,4,2.932882e-01,
PIK3CA->-MSH6,2,1,4.000000,4,3.437500e-01,
PTPRS->-MAP3K1,2,1,4.000000,4,9.239170e-02,
TP53->-KLF4,2,1,4.000000,4,2.692130e-01,
TBX3->-RUNX1,2,1,4.000000,4,3.437500e-01,
CDH1->-ARID5B,2,1,4.000000,4,5.298132e-02,
CDH1->-ARID5B CDH1->-PIK3CA PIK3CA->-ARID5B,3,3,3.000000,3,1.304855e-02,
CDH1->-PARP1,2,1,4.000000,4,1.256427e-01,
CDH1->-KMT2C CDH1->-PARP1 KMT2C->-PARP1,3,3,2.000000,2,6.011620e-02,
CDH1->-PARP1 CDH1->-RAD50 RAD50->-PARP1,3,3,2.000000,2,1.977201e-02,
NF1->-ATM,2,1,4.000000,4,6.250000e-02,
NF1->-ATM NF1->-PIK3CA PIK3CA->-ATM,3,3,2.000000,2,2.777778e-02,
KMT2C->-TSC2,2,1,4.000000,4,2.878140e-01,
TP53->-AURKA,2,1,4.000000,4,2.232143e-02,
TP53->-MSH6,2,1,4.000000,4,1.329545e-01,
PIK3CA->-IKBKE,2,1,4.000000,4,1.458333e-01,
PIK3CA->-PALB2,2,1,4.000000,4,2.523105e-01,
GATA3->-CBFB,2,1,4.000000,4,9.998952e-01,
PIK3CA->-NF2,2,1,4.000000,4,8.808081e-02,
RHOA->-PIK3CA,2,1,4.000000,4,2.606027e-01,
CDH1->-PIK3CA CDH1->-RHOA RHOA->-PIK3CA,3,3,2.000000,2,6.911376e-02,
TP53->-E2F3,2,1,4.000000,4,2.000000e-02,
PIK3CA->-PAK7,2,1,4.000000,4,2.150637e-01,
TP53->-NF2,2,1,4.000000,4,3.055556e-02,
PIK3CA->-PPP2R1A,2,1,4.000000,4,3.125000e-01,
GATA3->-FOXA1,2,1,4.000000,4,7.460938e-01,
GATA3->-FOXA1 PIK3CA->-FOXA1 PIK3CA->-GATA3,3,3,2.000000,2,2.632245e-01,
MGA->-ATR,2,1,4.000000,4,6.200397e-02,
MGA->-ATR MGA->-PIK3CA PIK3CA->-ATR,3,3,2.000000,2,1.306196e-01,
TP53->-SMAD2,2,1,4.000000,4,1.541667e-01,
TP53->-BRIP1,2,1,4.000000,4,7.169312e-02,
PIK3CA->-IKZF1,2,1,4.000000,4,5.008864e-01,
PIK3CA->-KDM5C,2,1,4.000000,4,7.615885e-01,
TP53->-CDKN1A,2,1,4.000000,4,1.242725e-01,
GATA3->-SF3B1,2,1,4.000000,4,5.000000e-01,
GATA3->-SF3B1 PIK3CA->-GATA3 PIK3CA->-SF3B1,3,3,2.000000,2,7.407407e-02,
ERBB4->-GATA3,2,1,4.000000,4,8.611111e-02,
ESR1->-FAT1,2,1,3.000000,3,5.389731e-01,
SETD2->-ARID1A,2,1,3.000000,3,4.809680e-01,
ARID1A->-PIK3CA SETD2->-ARID1A SETD2->-PIK3CA,3,3,2.000000,2,1.847095e-01,
NOTCH1->-PIK3CA SETD2->-NOTCH1 SETD2->-PIK3CA,3,3,2.000000,2,6.681191e-02,
ARID2->-PIK3CA,2,1,3.000000,3,9.707583e-01,
ARID1A->-ARID2,2,1,3.000000,3,8.094886e-01,
ARID1A->-ARID2 ARID1A->-PIK3CA ARID2->-PIK3CA,3,3,2.000000,2,1.215834e-01,
PIK3CA->-RAD51C,2,1,3.000000,3,4.505934e-01,
ESR1->-RICTOR,2,1,3.000000,3,4.378133e-01,
LATS2->-PIK3CA,2,1,3.000000,3,5.885721e-01,
FAT1->-SETD2,2,1,3.000000,3,2.171053e-01,
FAT1->-SETD2 TP53->-FAT1 TP53->-SETD2,3,3,2.000000,2,6.349206e-03,
GATA3->-PTEN,2,1,3.000000,3,7.804012e-01,
AXL->-PIK3CA,2,1,3.000000,3,5.868056e-01,
NOTCH1->-ATM,2,1,3.000000,3,4.284091e-01,
ATM->-MAP3K1,2,1,3.000000,3,4.006643e-01,
ATM->-MAP3K1 ATM->-PIK3CA MAP3K1->-PIK3CA,3,3,2.000000,2,9.751157e-02,
EP300->-PIK3CA,2,1,3.000000,3,8.784920e-01,
NOTCH1->-MAP3K1,2,1,3.000000,3,4.263393e-01,
PIK3CA->-SMO,2,1,3.000000,3,6.366409e-01,
CDH1->-PIK3CA CDH1->-SMO PIK3CA->-SMO,3,3,2.000000,2,4.730401e-02,
KMT2A->-BRCA2,2,1,3.000000,3,2.562500e-01,
TP53->-ASXL1,2,1,3.000000,3,1.250000e-01,
PTEN->-FOXA1,2,1,3.000000,3,3.572615e-01,
KMT2C->-PTPRD,2,1,3.000000,3,2.884852e-01,
MTOR->-XPO1,2,1,3.000000,3,1.250000e-01,
KMT2C->-XPO1,2,1,3.000000,3,1.250000e-01,
SMO->-PIK3CA,2,1,3.000000,3,6.366409e-01,
MAP3K1->-MEN1,2,1,3.000000,3,4.188988e-01,
MAP3K1->-ARID1A MAP3K1->-MEN1 MEN1->-ARID1A,3,3,2.000000,2,5.423280e-02,
ARID1A->-FOXA1,2,1,3.000000,3,4.053571e-01,
CDH1->-DOT1L,2,1,3.000000,3,2.555623e-01,
NSD1->-MAP3K1,2,1,3.000000,3,7.650908e-01,
CDH1->-MAP3K1 CDH1->-NSD1 NSD1->-MAP3K1,3,3,2.000000,2,1.255144e-01,
CDH1->-DOT1L CDH1->-MAP3K1 DOT1L->-MAP3K1,3,3,2.000000,2,2.469136e-02,
NSD1->-KMT2C,2,1,3.000000,3,4.866453e-01,
NSD1->-KMT2C PIK3CA->-KMT2C PIK3CA->-NSD1,3,3,2.000000,2,2.777778e-02,
ARID1A->-KMT2C ARID1A->-NSD1 NSD1->-KMT2C,3,3,2.000000,2,2.777778e-02,
MAP3K1->-KMT2C NSD1->-KMT2C NSD1->-MAP3K1,3,3,2.000000,2,6.893004e-02,
ARID1A->-MAP3K1,2,1,3.000000,3,9.194446e-01,
ARID1A->-EPHB1,2,1,3.000000,3,8.267196e-02,
ARID1A->-EPHB1 TP53->-ARID1A TP53->-EPHB1,3,3,2.000000,2,2.714184e-02,
DOT1L->-MAP3K1,2,1,3.000000,3,2.076211e-01,
MAP3K1->-EPHB1,2,1,3.000000,3,4.553571e-01,
CDH1->-EPHB1 CDH1->-MAP3K1 CDH1->-PIK3CA MAP3K1->-EPHB1 PIK3CA->-EPHB1 PIK3CA->-MAP3K1,4,6,2.000000,2,7.440476e-04,
PIK3CA->-FH,2,1,3.000000,3,2.458333e-01,
CBFB->-EGFR,2,1,3.000000,3,8.333333e-02,
GATA3->-PIK3R2,2,1,3.000000,3,2.119048e-01,
STAG2->-FAT1,2,1,3.000000,3,3.114035e-01,
NCOR1->-FAT1,2,1,3.000000,3,2.169374e-01,
NCOR1->-FAT1 NCOR1->-PIK3CA PIK3CA->-FAT1,3,3,2.000000,2,7.184087e-02,
PIK3CA->-FGFR3,2,1,3.000000,3,4.051738e-01,
PIK3CA->-ASXL2,2,1,3.000000,3,6.553363e-01,
PIK3CA->-PDCD1,2,1,3.000000,3,3.114035e-01,
PIK3CA->-RBM10,2,1,3.000000,3,2.739766e-01,
ERBB2->-RICTOR,2,1,3.000000,3,1.089901e-01,
CDH1->-ERBB2 CDH1->-RICTOR ERBB2->-RICTOR,3,3,2.000000,2,2.224351e-02,
TP53->-CDK12,2,1,3.000000,3,3.958333e-01,
MAP3K1->-BRCA2,2,1,3.000000,3,9.429825e-02,
MAP3K1->-BRCA2 TP53->-BRCA2 TP53->-MAP3K1,3,3,2.000000,2,1.633987e-02,
AKT1->-RUNX1,2,1,3.000000,3,1.250000e-01,
RUNX1->-MAP3K1,2,1,3.000000,3,5.000000e-01,
IKZF1->-PIK3CA,2,1,3.000000,3,7.671659e-01,
PIK3CA->-KIT,2,1,3.000000,3,2.645525e-01,
PIK3CA->-KIT TP53->-KIT TP53->-PIK3CA,3,3,2.000000,2,4.993792e-02,
CDH1->-FLT1,2,1,3.000000,3,1.250000e-01,
BRCA2->-ZFHX3,2,1,3.000000,3,6.272727e-02,
HIST1H3I->-SMARCA4,2,1,3.000000,3,1.240079e-01,
PIK3CA->-SMARCA4,2,1,3.000000,3,8.383557e-01,
HIST1H3I->-SMARCA4 PIK3CA->-HIST1H3I PIK3CA->-SMARCA4,3,3,2.000000,2,7.301418e-02,
PIK3CA->-FBXW7,2,1,3.000000,3,5.855093e-01,
PIK3CA->-EIF4A2,2,1,3.000000,3,3.572115e-01,
CDH1->-EGFR,2,1,3.000000,3,4.250000e-01,
CDH1->-EGFR CDH1->-PIK3CA PIK3CA->-EGFR,3,3,2.000000,2,3.703704e-02,
CDH1->-EPHA7,2,1,3.000000,3,1.240809e-01,
TP53->-LATS1,2,1,3.000000,3,4.625000e-01,
TP53->-SOX2,2,1,3.000000,3,1.000000e-01,
LATS1->-TSC2,2,1,3.000000,3,7.090909e-02,
PIK3CA->-BRD4,2,1,3.000000,3,3.294925e-01,
CDH1->-GRIN2A,2,1,3.000000,3,1.250000e-01,
TP53->-GNA11,2,1,3.000000,3,9.091192e-02,
TP53->-PIK3C3,2,1,3.000000,3,7.040733e-02,
IRS1->-PIK3CA,2,1,3.000000,3,7.062444e-01,
MAP3K1->-CARD11,2,1,3.000000,3,5.815018e-02,
MDC1->-PIK3CA,2,1,3.000000,3,9.063887e-01,
PTEN->-ATM,2,1,3.000000,3,6.791209e-02,
PIK3CA->-ATM PTEN->-ATM PTEN->-PIK3CA,3,3,2.000000,2,1.125000e-02,
TP53->-RPS6KA4,2,1,3.000000,3,2.155612e-01,
TP53->-NTRK3,2,1,3.000000,3,3.125000e-01,
PIK3CA->-AMER1,2,1,3.000000,3,3.596822e-01,
FOXA1->-KMT2D,2,1,3.000000,3,4.107143e-01,
FOXA1->-ESR1,2,1,3.000000,3,3.446003e-01,
CDKN2A->-TP53,2,1,3.000000,3,9.911641e-01,
TP53->-PMS2,2,1,3.000000,3,8.391204e-02,
MAP3K1->-JAK1,2,1,3.000000,3,6.730769e-02,
MEN1->-STAG2,2,1,3.000000,3,1.089901e-01,
GATA3->-NUP93 MEN1->-GATA3 MEN1->-NUP93 MEN1->-STAG2 STAG2->-GATA3 STAG2->-NUP93,4,6,2.000000,2,1.736111e-03,
MEN1->-NUP93 MEN1->-PIK3CA PIK3CA->-NUP93,3,3,2.000000,2,2.777778e-02,
ARID1A->-EGFR,2,1,3.000000,3,1.250000e-01,
ARID1A->-EGFR GATA3->-ARID1A GATA3->-EGFR,3,3,2.000000,2,2.777778e-02,
ARID1A->-SPEN PIK3CA->-ARID1A PIK3CA->-SPEN,3,3,3.000000,3,1.620370e-02,
ARID1A->-SPEN CDH1->-ARID1A CDH1->-SPEN,3,3,2.000000,2,2.777778e-02,
ARID1A->-SPEN MEN1->-ARID1A MEN1->-SPEN,3,3,2.000000,2,2.777778e-02,
CHEK2->-ARID1A,2,1,3.000000,3,9.642857e-02,
GATA3->-NUP93,2,1,3.000000,3,1.250000e-01,
GATA3->-NUP93 PIK3CA->-GATA3 PIK3CA->-NUP93,3,3,2.000000,2,7.407407e-02,
GATA3->-ERBB3,2,1,3.000000,3,3.763393e-01,
KMT2C->-ATM,2,1,3.000000,3,5.488068e-01,
KMT2C->-ERBB3,2,1,3.000000,3,5.694940e-01,
KMT2C->-SPEN,2,1,3.000000,3,6.953125e-01,
MAP3K1->-SPEN,2,1,3.000000,3,3.125000e-01,
GATA3->-SPEN MAP3K1->-GATA3 MAP3K1->-SPEN,3,3,2.000000,2,2.777778e-02,
KMT2C->-AKT1,2,1,3.000000,3,7.786458e-01,
RECQL4->-PIK3CA,2,1,3.000000,3,6.634778e-01,
AKT1->-NF1,2,1,3.000000,3,1.071429e-01,
ATM->-KMT2C,2,1,3.000000,3,5.488068e-01,
ROS1->-TP53,2,1,3.000000,3,9.600714e-01,
PIK3CA->-ROS1 PIK3CA->-TP53 ROS1->-TP53,3,3,2.000000,2,1.310817e-01,
ROS1->-PIK3CA,2,1,3.000000,3,9.117526e-01,
TSC2->-PIK3CA,2,1,3.000000,3,7.061839e-01,
ESR1-/-PIK3CA,2,1,3.000000,3,8.230085e-01,
CDH1->-PIK3CG,2,1,3.000000,3,2.750000e-01,
TBX3->-BRCA2,2,1,3.000000,3,3.837912e-01,
CDH1->-BRCA2 CDH1->-ESR1 ESR1->-BRCA2,3,3,3.000000,3,4.629630e-03,
TBX3->-ANKRD11,2,1,3.000000,3,5.000000e-01,
CDH1->-HNF1A,2,1,3.000000,3,1.215278e-01,
GATA3->-ATR,2,1,3.000000,3,1.250000e-01,
PTEN->-FAT1,2,1,3.000000,3,5.777273e-01,
PTEN->-MAP2K4,2,1,3.000000,3,8.212500e-01,
PTEN->-MAP2K4 PTEN->-TP53 TP53->-MAP2K4,3,3,2.000000,2,8.551109e-02,
PTEN->-JAK3,2,1,3.000000,3,6.338462e-02,
PTEN->-PTPRS,2,1,3.000000,3,9.287749e-02,
TBX3->-FAT1,2,1,3.000000,3,3.424908e-02,
TP53->-FLT3,2,1,3.000000,3,8.000000e-02,
ATRX->-EPHB1,2,1,3.000000,3,9.645062e-02,
ATRX->-EPHB1 TP53->-ATRX TP53->-EPHB1,3,3,2.000000,2,5.430439e-02,
PTEN->-EPHB1,2,1,2.000000,2,1.984127e-01,
ATRX->-EPHB1 CDH1->-ATRX CDH1->-EPHB1,3,3,2.000000,2,1.690830e-02,
CDH1->-CDK12,2,1,3.000000,3,4.296296e-02,
CDK12-/-PTPRS,2,1,3.000000,3,3.076923e-02,
TBX3->-FOXA1,2,1,3.000000,3,7.295455e-01,
CDH1->-FOXA1 CDH1->-TBX3 TBX3->-FOXA1,3,3,2.000000,2,1.844542e-02,
TP53->-RHOA,2,1,3.000000,3,4.148945e-01,
ATM->-FAT1,2,1,3.000000,3,2.653175e-01,
ATM->-FAT1 PIK3CA->-ATM PIK3CA->-FAT1 PIK3CA->-TP53 TP53->-ATM TP53->-FAT1,4,6,2.000000,2,4.176312e-03,
GNA11->-FAT1 PIK3CA->-FAT1 PIK3CA->-GNA11 PIK3CA->-TP53 TP53->-FAT1 TP53->-GNA11,4,6,2.000000,2,1.273148e-03,
TP53->-WT1,2,1,3.000000,3,1.045455e-01,
TP53->-H3F3C,2,1,3.000000,3,8.055556e-02,
PIK3CA->-GNA11,2,1,3.000000,3,2.587379e-01,
PIK3CA->-CTCF,2,1,3.000000,3,9.501941e-01,
PIK3CA->-GATA2,2,1,3.000000,3,3.125000e-01,
TP53->-INPP4A,2,1,3.000000,3,8.333333e-02,
STK11->-EP300,2,1,3.000000,3,2.795956e-01,
STK11->-EP300 TP53->-EP300 TP53->-STK11,3,3,2.000000,2,1.052790e-01,
TP53->-ERCC2,2,1,3.000000,3,1.044643e-01,
PIK3CA->-SMAD2,2,1,3.000000,3,2.500000e-01,
PIK3C2G->-CREBBP,2,1,3.000000,3,2.500000e-01,
PIK3C2G->-CREBBP PIK3CA->-CREBBP PIK3CA->-PIK3C2G,3,3,2.000000,2,9.887566e-02,
PIK3C2G->-MAP3K1,2,1,3.000000,3,2.381292e-01,
PIK3C2G->-MAP3K1 PIK3CA->-MAP3K1 PIK3CA->-PIK3C2G,3,3,2.000000,2,4.761905e-02,
CREBBP->-MAP3K1 PIK3CA->-CREBBP PIK3CA->-MAP3K1,3,3,3.000000,3,1.984127e-03,
CDH1->-GPS2,2,1,3.000000,3,6.294643e-01,
ARID2->-ALK,2,1,3.000000,3,2.375000e-01,
ARID2->-ALK TP53->-ALK TP53->-ARID2,3,3,2.000000,2,3.935185e-02,
ATRX->-PIK3CA,2,1,3.000000,3,9.029886e-01,
DOT1L->-PIK3CA,2,1,3.000000,3,4.750000e-01,
NCOR1->-PTEN,2,1,3.000000,3,4.291667e-01,
TP53->-RASA1,2,1,3.000000,3,4.086034e-01,
NCOR1->-CARD11,2,1,3.000000,3,2.833333e-01,
GATA3->-CARD11,2,1,3.000000,3,8.142857e-02,
IRS2->-CARD11,2,1,3.000000,3,6.141414e-02,
IRS2->-CARD11 TP53->-CARD11 TP53->-IRS2,3,3,2.000000,2,3.033343e-02,
TP53->-CDK4,2,1,3.000000,3,1.250000e-01,
TP53->-AKT2,2,1,3.000000,3,1.250000e-01,
PTEN->-NSD1,2,1,3.000000,3,1.160969e-01,
NCOR1->-NSD1 PTEN->-NCOR1 PTEN->-NSD1 TP53->-NCOR1 TP53->-NSD1 TP53->-PTEN,4,6,2.000000,2,1.736111e-03,
MED12->-NSD1,2,1,3.000000,3,2.991453e-01,
NF1->-NCOR1,2,1,3.000000,3,4.678571e-01,
NCOR1->-MAP3K1,2,1,3.000000,3,9.122673e-01,
NCOR1->-MAP3K1 TP53->-MAP3K1 TP53->-NCOR1,3,3,2.000000,2,1.161616e-01,
MAP3K1->-PIK3CA NCOR1->-MAP3K1 NCOR1->-PIK3CA,3,3,2.000000,2,2.498285e-01,
ARID1A->-BRCA2,2,1,3.000000,3,5.355514e-01,
ARID1A->-BRCA2 ARID1A->-PIK3CA PIK3CA->-BRCA2,3,3,2.000000,2,5.626781e-02,
ARID1A->-CREBBP,2,1,3.000000,3,2.712912e-01,
ARID1A->-CREBBP CDH1->-ARID1A CDH1->-CREBBP,3,3,2.000000,2,1.096866e-01,
ARID1A->-APC CDH1->-APC CDH1->-ARID1A,3,3,2.000000,2,2.777778e-02,
ARID1A->-CREBBP ARID1A->-PIK3CA PIK3CA->-CREBBP,3,3,2.000000,2,5.626781e-02,
ARID1A->-TBX3,2,1,3.000000,3,3.763736e-01,
PIK3CA->-RASA1,2,1,3.000000,3,2.423306e-01,
PIK3CA->-RECQL4,2,1,3.000000,3,6.634778e-01,
PIK3CA->-PIK3C3,2,1,3.000000,3,1.380309e-01,
KMT2C->-PIK3R1,2,1,3.000000,3,4.866453e-01,
KMT2C->-PIK3R1 PTEN->-KMT2C PTEN->-PIK3R1,3,3,2.000000,2,6.893004e-02,
NF1->-ASXL1,2,1,3.000000,3,1.250000e-01,
NF1->-ASXL1 TP53->-ASXL1 TP53->-NF1,3,3,2.000000,2,2.777778e-02,
ATM->-TBX3,2,1,3.000000,3,1.045455e-01,
TBX3->-MAP3K1,2,1,3.000000,3,9.107089e-01,
MAP3K1->-PIK3CA TBX3->-MAP3K1 TBX3->-PIK3CA,3,3,2.000000,2,2.236874e-01,
CHEK2->-TP53,2,1,3.000000,3,3.517857e-01,
CHEK2->-PIK3CA CHEK2->-TP53 TP53->-PIK3CA,3,3,2.000000,2,2.777778e-02,
PIK3CA->-HIST1H3B,2,1,3.000000,3,2.570534e-01,
CDH1->-KDM6A,2,1,3.000000,3,4.986213e-01,
MAP3K1->-FANCA,2,1,3.000000,3,1.777193e-01,
CDH1->-FBXW7,2,1,3.000000,3,1.041667e-01,
CDH1->-FBXW7 TP53->-CDH1 TP53->-FBXW7,3,3,2.000000,2,5.092593e-02,
CDH1->-LATS1,2,1,3.000000,3,1.000000e-01,
CDH1->-PBRM1,2,1,3.000000,3,3.125000e-01,
MTOR->-CDH1,2,1,3.000000,3,7.312261e-01,
NF1->-ARID1A,2,1,3.000000,3,2.875000e-01,
NF1->-ARID1A PIK3CA->-ARID1A PIK3CA->-NF1,3,3,2.000000,2,5.787037e-02,
BRCA2->-PIK3CA,2,1,3.000000,3,9.299357e-01,
ATM->-ESR1,2,1,3.000000,3,8.750000e-02,
ATRX->-GATA3,2,1,3.000000,3,2.562500e-01,
CDH1->-SMARCB1,2,1,3.000000,3,9.523810e-02,
CDH1->-ARID1B,2,1,3.000000,3,2.910696e-01,
ESR1->-RHOA,2,1,3.000000,3,1.250000e-01,
CDH1->-ESR1 CDH1->-RHOA ESR1->-RHOA,3,3,2.000000,2,2.777778e-02,
CDH1->-ERCC5,2,1,3.000000,3,8.055556e-02,
CDH1->-ATR,2,1,3.000000,3,2.246648e-01,
CDH1->-ATR CDH1->-PIK3CA PIK3CA->-ATR,3,3,2.000000,2,6.485029e-02,
CDH1->-PAK7,2,1,3.000000,3,2.412423e-01,
CDH1->-PAK7 CDH1->-TP53 TP53->-PAK7,3,3,2.000000,2,4.038066e-02,
CDH1->-PAK7 CDH1->-PIK3CA PIK3CA->-PAK7,3,3,2.000000,2,7.021605e-02,
PIK3CA->-FGFR4,2,1,3.000000,3,7.937981e-01,
MAP2K4->-CDH1,2,1,3.000000,3,9.555947e-01,
FAT1->-KMT2C,2,1,3.000000,3,8.829571e-01,
FAT1->-KMT2C PIK3CA->-FAT1 PIK3CA->-KMT2C,3,3,2.000000,2,2.369144e-01,
PIK3CA->-RPS6KB2,2,1,3.000000,3,2.192460e-01,
TP53->-LATS2,2,1,3.000000,3,3.100446e-01,
PIK3CA->-LATS2,2,1,3.000000,3,5.885721e-01,
TP53->-DNMT3B,2,1,3.000000,3,1.130952e-01,
MAP3K1->-PTPRD,2,1,3.000000,3,2.500000e-01,
ARID1A->-JAK1,2,1,3.000000,3,1.250000e-01,
ARID1A->-JAK1 ARID1A->-PIK3CA JAK1->-PIK3CA,3,3,2.000000,2,7.407407e-02,
PIK3CA->-JAK1,2,1,3.000000,3,7.193510e-01,
AKT1->-CBFB,2,1,3.000000,3,8.417969e-01,
CBFB->-ERBB2,2,1,3.000000,3,1.250000e-01,
CBFB->-CDH1 CBFB->-ERBB2 CDH1->-ERBB2,3,3,2.000000,2,2.777778e-02,
BCL6->-CDH1,2,1,3.000000,3,5.000000e-01,
ARID1A->-POLE,2,1,3.000000,3,2.682681e-01,
ARID1A->-POLE PIK3CA->-ARID1A PIK3CA->-POLE,3,3,2.000000,2,7.301418e-02,
ARID1A->-POLE GATA3->-ARID1A GATA3->-POLE,3,3,2.000000,2,1.752137e-02,
MST1R->-KMT2C,2,1,3.000000,3,3.125000e-01,
MST1R->-KMT2C PIK3CA->-KMT2C PIK3CA->-MST1R,3,3,2.000000,2,7.407407e-02,
MST1R->-MAP3K1 PIK3CA->-MAP3K1 PIK3CA->-MST1R,3,3,3.000000,3,4.629630e-03,
PIK3CA->-FLT1,2,1,3.000000,3,4.539474e-01,
BRCA2->-ARID1A,2,1,3.000000,3,5.355514e-01,
CHEK2->-GATA3,2,1,3.000000,3,2.696429e-01,
GATA3->-ASXL1,2,1,3.000000,3,2.696429e-01,
KMT2D->-TP53,2,1,3.000000,3,9.999789e-01,
TP53->-CUL3,2,1,3.000000,3,1.250000e-01,
CDH1->-ATM,2,1,3.000000,3,4.553571e-01,
CDH1->-ATM CDH1->-PIK3CA PIK3CA->-ATM,3,3,2.000000,2,1.319444e-01,
ARID1A->-ATM,2,1,3.000000,3,4.053571e-01,
CDH1->-DAXX,2,1,3.000000,3,1.089901e-01,
CDH1->-ARID2,2,1,3.000000,3,3.125000e-01,
CDH1->-ARID2 CDH1->-PIK3CA PIK3CA->-ARID2,3,3,2.000000,2,7.407407e-02,
PTPRT->-PIK3CA,2,1,3.000000,3,9.903032e-01,
ARID1A->-NOTCH4,2,1,3.000000,3,1.250000e-01,
ARID1A->-ATR,2,1,3.000000,3,1.240079e-01,
PIK3CA->-KMT2D PIK3CA->-ROS1 ROS1->-KMT2D,3,3,2.000000,2,2.714184e-02,
ARID1A->-ATR ARID1A->-BCOR BCOR->-ATR PIK3CA->-ARID1A PIK3CA->-ATR PIK3CA->-BCOR PIK3CA->-ROS1 ROS1->-ARID1A ROS1->-ATR ROS1->-BCOR,5,10,2.000000,2,4.193047e-04,
PIK3CA->-KDM5A,2,1,3.000000,3,3.973214e-01,
BRCA1->-TET2,2,1,3.000000,3,2.421250e-01,
ESR1->-NCOR1,2,1,3.000000,3,6.562500e-01,
PTEN-/-SF3B1,2,1,3.000000,3,4.444444e-02,
KMT2C->-KMT2D,2,1,3.000000,3,7.207031e-01,
KMT2C->-KMT2D TP53->-KMT2C TP53->-KMT2D,3,3,2.000000,2,2.052507e-01,
KMT2C->-KMT2D PTPRT->-KMT2C PTPRT->-KMT2D,3,3,2.000000,2,2.777778e-02,
PTPRT->-KMT2D,2,1,3.000000,3,6.165718e-01,
KMT2D->-PIK3CA PTPRT->-KMT2D PTPRT->-PIK3CA,3,3,2.000000,2,1.683568e-01,
NF1->-KMT2D,2,1,3.000000,3,2.625000e-01,
PTPRS->-KMT2C,2,1,3.000000,3,2.991453e-01,
PTPRS->-KMT2C TP53->-KMT2C TP53->-PTPRS,3,3,2.000000,2,2.777778e-02,
PTPRT->-KMT2C,2,1,3.000000,3,1.250000e-01,
PTPRT->-KMT2C TP53->-KMT2C TP53->-PTPRT,3,3,2.000000,2,7.407407e-02,
FOXA1->-TBX3,2,1,3.000000,3,7.295455e-01,
FOXA1->-TBX3 PIK3CA->-FOXA1 PIK3CA->-TBX3,3,3,2.000000,2,7.407407e-02,
CREBBP->-TP53,2,1,3.000000,3,9.885379e-01,
ESR1->-SPEN,2,1,3.000000,3,4.437500e-01,
FGFR4->-PIK3CA,2,1,3.000000,3,7.937981e-01,
PIK3CA->-JAK2,2,1,3.000000,3,4.412037e-01,
MEN1->-FAT1,2,1,3.000000,3,1.011905e-01,
TP53->-CDKN1B,2,1,3.000000,3,2.375000e-01,
SF3B1->-GATA3,2,1,3.000000,3,7.734375e-01,
SOX9->-TP53,2,1,3.000000,3,6.562500e-01,
TP53->-NTRK1,2,1,3.000000,3,1.122222e-01,
SPEN->-TP53,2,1,3.000000,3,9.735681e-01,
SPEN->-CDH1,2,1,3.000000,3,9.503223e-01,
SDHB->-GATA3,2,1,3.000000,3,2.329412e-01,
PTEN->-MST1R,2,1,3.000000,3,8.333333e-02,
TP53->-YES1,2,1,3.000000,3,1.089901e-01,
PIK3CA->-YES1 TP53->-PIK3CA TP53->-YES1,3,3,2.000000,2,6.485029e-02,
KDM5C->-TP53,2,1,3.000000,3,6.006944e-01,
NCOR1->-ESR1,2,1,3.000000,3,6.562500e-01,
ESR1->-EGFR,2,1,3.000000,3,1.250000e-01,
ESR1->-EGFR ESR1->-GATA3 GATA3->-EGFR,3,3,2.000000,2,2.777778e-02,
MAP2K4->-ESR1,2,1,3.000000,3,7.583333e-02,
ASXL1->-PIK3CA,2,1,3.000000,3,5.937500e-01,
TP53->-BBC3,2,1,3.000000,3,6.125000e-02,
CBFB->-CDKN1B,2,1,3.000000,3,1.250000e-01,
GATA3->-NF1,2,1,3.000000,3,2.277778e-01,
TP53->-SOX9,2,1,3.000000,3,6.562500e-01,
SOX9->-PTCH1 TP53->-PTCH1 TP53->-SOX9,3,3,2.000000,2,2.777778e-02,
NF1->-APC,2,1,3.000000,3,3.804143e-01,
PIK3CA->-TP53 PIK3CA->-ZFHX3 ZFHX3->-TP53,3,3,3.000000,3,7.068452e-03,
PIK3CA->-ARID1B,2,1,3.000000,3,7.819157e-01,
PIK3CA->-PAK1,2,1,3.000000,3,5.500731e-02,
PIK3CA->-ASXL1,2,1,3.000000,3,5.937500e-01,
TP53->-PAK1,2,1,3.000000,3,1.574622e-01,
ARID1A->-APC,2,1,3.000000,3,3.110119e-01,
ERBB2->-PTCH1,2,1,3.000000,3,1.250000e-01,
CDH1->-PTCH1 ERBB2->-CDH1 ERBB2->-PTCH1,3,3,2.000000,2,7.407407e-02,
ERBB2->-PIK3CA ERBB2->-PTCH1 PIK3CA->-PTCH1,3,3,2.000000,2,2.777778e-02,
ERBB2->-KMT2C ERBB2->-PTCH1 KMT2C->-PTCH1,3,3,2.000000,2,2.777778e-02,
PIK3CA->-SOX17,2,1,3.000000,3,2.857143e-01,
IRS2->-PIK3CA,2,1,3.000000,3,2.050000e-01,
ARID1A-/-ESR1,2,1,3.000000,3,1.291433e-01,
TP53->-FLT1,2,1,3.000000,3,9.429825e-02,
CDH1->-NOTCH2,2,1,3.000000,3,8.685662e-02,
TET2->-PIK3CA,2,1,3.000000,3,8.717981e-01,
CBFB->-PTEN,2,1,3.000000,3,3.125000e-01,
NOTCH2->-SPEN,2,1,3.000000,3,5.416667e-02,
PIK3CA->-BRAF,2,1,3.000000,3,5.000000e-01,
PIK3CA->-STK11,2,1,3.000000,3,8.796030e-01,
TP53->-EIF4A2,2,1,3.000000,3,2.562500e-01,
CDH1->-CDKN2A,2,1,3.000000,3,1.250000e-01,
CDH1->-MSH2,2,1,3.000000,3,1.240809e-01,
KMT2C->-KMT2A,2,1,3.000000,3,4.299675e-01,
KMT2C->-STAT5B,2,1,3.000000,3,5.048808e-02,
TP53->-ERCC4,2,1,3.000000,3,1.964286e-01,
TP53->-ERG,2,1,3.000000,3,8.055556e-02,
PIK3CA->-SMARCD1,2,1,3.000000,3,8.333333e-02,
CTCF->-GATA3,2,1,3.000000,3,2.875000e-01,
FOXP1->-PIK3CA,2,1,3.000000,3,7.203113e-01,
TP53->-RAD54L,2,1,3.000000,3,7.666667e-02,
CTCF->-MAP3K1,2,1,3.000000,3,4.218750e-01,
KMT2A->-PIK3CA,2,1,3.000000,3,9.932878e-01,
KMT2A->-MAP3K1,2,1,3.000000,3,3.745665e-01,
TP53->-CSF1R,2,1,3.000000,3,1.250000e-01,
PTEN->-NBN,2,1,3.000000,3,7.923077e-02,
PTEN->-NBN TP53->-NBN TP53->-PTEN,3,3,2.000000,2,2.777778e-02,
PTEN->-PIK3CD,2,1,3.000000,3,7.923077e-02,
KMT2A->-SETD2,2,1,3.000000,3,7.923077e-02,
KMT2D->-PTPRT PIK3CA->-KMT2D PIK3CA->-PTPRT PIK3CA->-TP53 TP53->-KMT2D TP53->-PTPRT,4,6,3.000000,3,1.642671e-04,
TP53->-FGFR1,2,1,3.000000,3,1.041667e-01,
PIK3CA->-FGFR1,2,1,3.000000,3,2.812500e-01,
PIK3CA->-FGFR1 PIK3CA->-TP53 TP53->-FGFR1,3,3,2.000000,2,5.092593e-02,
CARD11->-ATR TP53->-ATR TP53->-CARD11,3,3,3.000000,3,1.891699e-02,
ATR->-ALK,2,1,3.000000,3,9.166667e-02,
ATR->-ALK TP53->-ALK TP53->-ATR,3,3,2.000000,2,2.777778e-02,
MAP2K4->-FOXP1,2,1,3.000000,3,7.583333e-02,
AKT1->-ESR1,2,1,3.000000,3,1.671875e-01,
ARID1A->-ARID5B,2,1,3.000000,3,1.250000e-01,
ARID1A->-ARID5B ARID1A->-TP53 TP53->-ARID5B,3,3,2.000000,2,2.777778e-02,
ESR1->-ERBB4,2,1,3.000000,3,2.562500e-01,
TP53->-MYCN,2,1,3.000000,3,6.250000e-02,
BRCA1->-GATA2,2,1,3.000000,3,1.250000e-01,
BRCA1->-GATA2 TP53->-BRCA1 TP53->-GATA2,3,3,2.000000,2,7.407407e-02,
TP53->-SYK,2,1,3.000000,3,3.125000e-01,
CDH1->-PIK3C2G,2,1,3.000000,3,2.991453e-01,
CDH1->-PIK3C2G CDH1->-PIK3CA PIK3CA->-PIK3C2G,3,3,2.000000,2,7.407407e-02,
CDH1->-NOTCH1,2,1,3.000000,3,4.750000e-01,
PBRM1->-TP53,2,1,3.000000,3,7.795717e-01,
TP53->-EGFR,2,1,3.000000,3,1.380093e-01,
TP53->-KDM5C,2,1,3.000000,3,6.006944e-01,
ARID1B->-NF1,2,1,3.000000,3,1.160969e-01,
ARID1B->-NF1 PTEN->-ARID1B PTEN->-NF1,3,3,2.000000,2,2.469136e-02,
ARID1B->-KMT2C ARID1B->-NF1 ARID1B->-TSC2 CDH1->-ARID1B CDH1->-KMT2C CDH1->-NF1 CDH1->-TSC2 KMT2C->-NF1 KMT2C->-TSC2 NF1->-TSC2,5,10,2.000000,2,3.752083e-04,
ARID1B->-PTPRS ARID1B->-TSC2 CDH1->-ARID1B CDH1->-PTPRS CDH1->-TSC2 PTPRS->-TSC2,4,6,2.000000,2,1.478909e-03,
SMAD4->-TP53,2,1,3.000000,3,5.000000e-01,
SMAD4->-NCOR1,2,1,3.000000,3,1.035714e-01,
GATA3->-FAT1,2,1,3.000000,3,5.893076e-01,
TP53->-SH2B3,2,1,3.000000,3,1.961355e-01,
FAT1->-TP53,2,1,3.000000,3,9.996578e-01,
STAG2->-TP53,2,1,3.000000,3,9.948369e-01,
GPS2->-TP53,2,1,3.000000,3,1.250000e-01,
TP53->-RET,2,1,3.000000,3,8.482143e-02,
KRAS->-KMT2C,2,1,3.000000,3,2.884852e-01,
PIK3CA->-SOX2,2,1,3.000000,3,6.730769e-02,
PIK3CA->-ARAF,2,1,3.000000,3,3.674089e-01,
PIK3CA->-ARAF PIK3CA->-TP53 TP53->-ARAF,3,3,2.000000,2,5.501089e-02,
CDKN1B->-MAP3K1,2,1,3.000000,3,7.305288e-01,
CDKN1B->-BAP1 CDKN1B->-MAP3K1 MAP3K1->-BAP1 PIK3CA->-BAP1 PIK3CA->-CDKN1B PIK3CA->-MAP3K1,4,6,2.000000,2,1.736111e-03,
PIK3CA->-KLF4,2,1,3.000000,3,5.000000e-01,
CDH1->-EPHA5,2,1,3.000000,3,1.250000e-01,
PTEN->-ARID2,2,1,3.000000,3,1.240079e-01,
PTEN->-ARID2 TP53->-ARID2 TP53->-PTEN,3,3,2.000000,2,7.301418e-02,
ATRX->-ARID2 TP53->-ARID2 TP53->-ATRX,3,3,2.000000,2,2.714184e-02,
EPHA5->-ARID2 EPHA5->-ROS1 ROS1->-ARID2,3,3,2.000000,2,2.714184e-02,
ATRX->-ARID2 EPHA5->-ARID2 EPHA5->-ATRX,3,3,2.000000,2,2.714184e-02,
MAP3K1->-ARID2 PTEN->-ARID2 PTEN->-MAP3K1,3,3,2.000000,2,2.777778e-02,
EPCAM->-ARID2 PTEN->-ARID2 PTEN->-EPCAM,3,3,2.000000,2,2.777778e-02,
EPCAM->-ARID2 TP53->-ARID2 TP53->-EPCAM,3,3,2.000000,2,2.777778e-02,
KRAS->-PIK3CA,2,1,3.000000,3,8.449623e-01,
PIK3CA->-FUBP1,2,1,3.000000,3,1.089901e-01,
CDH1->-KDM5C,2,1,3.000000,3,1.083333e-01,
CDH1->-BLM,2,1,3.000000,3,3.042279e-01,
CDH1->-BLM CDH1->-PIK3CA PIK3CA->-BLM,3,3,2.000000,2,6.855937e-02,
PIK3CA->-ABL1,2,1,3.000000,3,3.125000e-01,
APC->-PIK3CA,2,1,3.000000,3,9.148827e-01,
APC->-PIK3CA CDH1->-APC CDH1->-PIK3CA,3,3,2.000000,2,1.124847e-01,
PTEN->-ZFHX3 TP53->-PTEN TP53->-ZFHX3,3,3,3.000000,3,4.629630e-03,
KMT2D->-KMT2C,2,1,3.000000,3,7.207031e-01,
KMT2D->-TBX3,2,1,3.000000,3,1.250000e-01,
TP53->-MST1R,2,1,3.000000,3,1.498016e-01,
PTEN->-MST1R TP53->-MST1R TP53->-PTEN,3,3,2.000000,2,2.777778e-02,
ERBB3->-TBX3,2,1,3.000000,3,5.207884e-01,
CDH1->-FLT4,2,1,3.000000,3,1.000000e-01,
RUNX1->-NCOR1,2,1,3.000000,3,8.554688e-01,
PIK3CA->-NCOR1 PIK3CA->-RUNX1 RUNX1->-NCOR1,3,3,2.000000,2,2.632245e-01,
CDH1-/-PIK3CA,2,1,3.000000,3,9.440186e-01,
FAT1->-FLT4,2,1,3.000000,3,1.250000e-01,
FAT1->-FLT4 TP53->-FAT1 TP53->-FLT4,3,3,2.000000,2,2.777778e-02,
FAT1->-FLT4 PIK3CA->-FAT1 PIK3CA->-FLT4,3,3,2.000000,2,2.777778e-02,
FAT1->-NF1 PIK3CA->-FAT1 PIK3CA->-NF1,3,3,2.000000,2,7.407407e-02,
PIK3CA->-AURKA,2,1,3.000000,3,6.696429e-02,
PIK3CA->-AURKA TP53->-AURKA TP53->-PIK3CA,3,3,2.000000,2,2.777778e-02,
NF1->-KMT2A,2,1,3.000000,3,3.125000e-01,
NF1->-KMT2A TP53->-KMT2A TP53->-NF1,3,3,2.000000,2,2.777778e-02,
NF1->-KMT2A PIK3CA->-KMT2A PIK3CA->-NF1,3,3,2.000000,2,2.777778e-02,
RB1->-TET1,2,1,3.000000,3,3.114035e-01,
PIK3CA->-RB1 PIK3CA->-TET1 RB1->-TET1,3,3,2.000000,2,7.326186e-02,
RB1->-TET1 TP53->-RB1 TP53->-TET1,3,3,2.000000,2,7.407407e-02,
NCOR1->-FLT4,2,1,3.000000,3,1.250000e-01,
NCOR1->-FLT4 PIK3CA->-FLT4 PIK3CA->-NCOR1,3,3,2.000000,2,2.777778e-02,
TP53->-AKT1,2,1,3.000000,3,9.997812e-01,
ATR->-EP300,2,1,3.000000,3,8.055556e-02,
NOTCH4->-PIK3CA,2,1,3.000000,3,9.825133e-01,
TP53->-RAD21,2,1,3.000000,3,4.296296e-02,
RHOA->-GATA3,2,1,3.000000,3,1.205357e-01,
CDH1->-GATA3 CDH1->-RHOA RHOA->-GATA3,3,3,2.000000,2,2.480159e-02,
PIK3CA->-GATA3 RHOA->-GATA3 RHOA->-PIK3CA,3,3,2.000000,2,6.911376e-02,
CBFB->-ESR1,2,1,3.000000,3,2.562500e-01,
CBFB->-ESR1 CBFB->-PIK3CA PIK3CA->-ESR1,3,3,2.000000,2,1.111111e-02,
TP53->-FOXP1,2,1,3.000000,3,2.375000e-01,
PIK3CA->-NCOA3,2,1,3.000000,3,1.041667e-01,
MAP2K4->-APC,2,1,3.000000,3,5.800000e-02,
APC->-ATM,2,1,3.000000,3,7.727273e-02,
APC->-ATM APC->-PIK3CA PIK3CA->-ATM,3,3,2.000000,2,4.292929e-02,
ARID1A->-NCOR1 PIK3CA->-ARID1A PIK3CA->-NCOR1,3,3,3.000000,3,1.620370e-02,
SMAD4->-ESR1,2,1,3.000000,3,1.250000e-01,
SMAD4->-CDH1,2,1,3.000000,3,7.161830e-01,
PIK3CA->-RNF43,2,1,3.000000,3,2.082176e-01,
PIK3CA->-SDHB,2,1,3.000000,3,2.329412e-01,
PIK3CA->-SDHB TP53->-PIK3CA TP53->-SDHB,3,3,2.000000,2,7.878425e-02,
CBFB->-KMT2C,2,1,3.000000,3,4.375000e-01,
CBFB->-KMT2C CBFB->-PIK3CA KMT2C->-PIK3CA,3,3,2.000000,2,1.480195e-01,
TP53->-AXL,2,1,3.000000,3,2.291667e-01,
RAD52->-TP53,2,1,3.000000,3,2.426471e-01,
TP53->-HGF,2,1,3.000000,3,8.773148e-02,
PTEN->-BCOR,2,1,3.000000,3,1.240079e-01,
SPEN->-ATM,2,1,3.000000,3,5.245963e-01,
SPEN->-ATM SPEN->-TP53 TP53->-ATM,3,3,2.000000,2,6.481481e-02,
SPEN->-FAT1,2,1,3.000000,3,5.759070e-01,
KMT2C->-NOTCH3,2,1,3.000000,3,8.333333e-02,
AKT1->-TET2,2,1,3.000000,3,2.482143e-01,
AKT1->-TET2 AKT1->-TP53 TP53->-TET2,3,3,2.000000,2,5.820106e-02,
PIK3CA->-ERCC5,2,1,3.000000,3,3.125000e-01,
FGFR4->-KMT2D,2,1,3.000000,3,1.250000e-01,
PIK3CA->-APC PIK3CA->-SPEN SPEN->-APC,3,3,3.000000,3,8.417508e-03,
PIK3CA->-APC PIK3CA->-SPEN PIK3CA->-TP53 SPEN->-APC TP53->-APC TP53->-SPEN,4,6,2.000000,2,1.736111e-03,
TP53->-HIST3H3,2,1,3.000000,3,1.250000e-01,
BRCA1->-PIK3CA,2,1,3.000000,3,8.430073e-01,
BRCA1->-PIK3CA TP53->-BRCA1 TP53->-PIK3CA,3,3,2.000000,2,5.691964e-02,
CDH1->-PIK3CA CREBBP->-CDH1 CREBBP->-PIK3CA,3,3,2.000000,2,3.335670e-01,
CREBBP->-CDH1,2,1,3.000000,3,9.456482e-01,
CDH1->-IKBKE,2,1,3.000000,3,1.250000e-01,
JAK1->-TP53,2,1,3.000000,3,8.554688e-01,
JAK1->-PIK3CA JAK1->-TP53 TP53->-PIK3CA,3,3,2.000000,2,7.407407e-02,
BRCA2->-TP53,2,1,3.000000,3,9.882821e-01,
TP53->-ABL1,2,1,3.000000,3,3.700000e-01,
TP53->-FANCC,2,1,3.000000,3,4.646465e-02,
NCOR1->-TBX3,2,1,3.000000,3,3.533892e-01,
CDH1->-TBX3 NCOR1->-CDH1 NCOR1->-TBX3,3,3,2.000000,2,2.480159e-02,
FAT1->-SPEN,2,1,3.000000,3,5.759070e-01,
CDH1->-BRCA1 TP53->-BRCA1 TP53->-CDH1,3,3,3.000000,3,5.787037e-03,
MAP2K4->-TET2,2,1,3.000000,3,8.877551e-02,
CDH1->-TET2 MAP2K4->-CDH1 MAP2K4->-TET2,3,3,2.000000,2,1.843712e-02,
CDH1->-MTOR MAP2K4->-CDH1 MAP2K4->-MTOR,3,3,2.000000,2,1.843712e-02,
CDH1->-IRF4,2,1,3.000000,3,1.250000e-01,
ROS1->-KMT2D,2,1,3.000000,3,3.110119e-01,
ROS1->-ARID1A,2,1,3.000000,3,2.362103e-01,
ROS1->-BCOR,2,1,3.000000,3,1.221290e-01,
LATS1->-KMT2C,2,1,3.000000,3,2.579545e-01,
PIK3CA->-FGF4,2,1,3.000000,3,9.429825e-02,
PIK3CA->-TSC2,2,1,3.000000,3,7.061839e-01,
TP53->-IDH1,2,1,3.000000,3,7.440476e-02,
ASXL2->-PIK3CA,2,1,3.000000,3,6.553363e-01,
PIK3CA->-AXL,2,1,3.000000,3,5.868056e-01,
DDR2->-PIK3CA,2,1,3.000000,3,9.166667e-02,
KDM6A->-PIK3CA,2,1,3.000000,3,2.326926e-01,
PIK3CA->-TRAF2,2,1,3.000000,3,2.650811e-01,
PIK3CA->-TP53 PIK3CA->-TRAF2 TP53->-TRAF2,3,3,2.000000,2,1.596579e-02,
ARID1B->-KMT2C,2,1,3.000000,3,1.109749e-01,
ARID1B->-KMT2C ARID1B->-PIK3CA KMT2C->-PIK3CA,3,3,2.000000,2,2.446895e-02,
ARID1B->-PTCH1,2,1,2.000000,2,2.389706e-01,
PIK3CA->-CDKN1A,2,1,3.000000,3,3.985450e-01,
PIK3CA->-CDKN1A PIK3CA->-TP53 TP53->-CDKN1A,3,3,2.000000,2,7.105931e-02,
TP53->-HIST1H1C,2,1,3.000000,3,1.562500e-01,
PBRM1->-ERBB3,2,1,3.000000,3,1.104167e-01,
AKT1->-CTCF,2,1,3.000000,3,1.815625e-01,
TBX3->-PTCH1,2,1,3.000000,3,1.250000e-01,
MAP3K1->-FAT1,2,1,3.000000,3,7.005495e-02,
TP53->-NFKBIA,2,1,3.000000,3,1.041667e-01,
CBFB->-SPEN,2,1,3.000000,3,1.250000e-01,
CBFB->-SPEN GATA3->-CBFB GATA3->-SPEN,3,3,2.000000,2,7.407407e-02,
TP53->-BLM,2,1,3.000000,3,2.426471e-01,
PTPRS->-TSC2,2,1,3.000000,3,7.997784e-02,
TP53->-PDGFRB,2,1,3.000000,3,1.464077e-01,
PTEN->-ROS1,2,1,3.000000,3,3.110119e-01,
TP53->-PIK3CD,2,1,3.000000,3,1.250000e-01,
PTEN->-PIK3CD TP53->-PIK3CD TP53->-PTEN,3,3,2.000000,2,2.777778e-02,
BCOR->-PIK3CA,2,1,3.000000,3,9.188994e-01,
TP53->-PIK3R3,2,1,3.000000,3,1.250000e-01,
CDH1->-PIK3CA GPS2->-CDH1 GPS2->-PIK3CA,3,3,3.000000,3,1.231176e-02,
INPP4A->-ESR1,2,1,3.000000,3,3.125000e-01,
INPP4A->-ESR1 PIK3CA->-ESR1 PIK3CA->-INPP4A,3,3,2.000000,2,7.407407e-02,
ATRX->-RB1,2,1,3.000000,3,2.891948e-01,
ATRX->-RB1 TP53->-ATRX TP53->-RB1,3,3,2.000000,2,2.205274e-02,
TBX3->-ERBB2,2,1,3.000000,3,8.194111e-01,
CDH1->-ERBB2 TBX3->-CDH1 TBX3->-ERBB2,3,3,2.000000,2,1.962449e-01,
CDH1->-TSC2,2,1,3.000000,3,8.845476e-02,
FAT1->-PTEN,2,1,3.000000,3,5.777273e-01,
ERBB2->-ARID1A,2,1,3.000000,3,2.300824e-01,
GATA3->-ALK,2,1,3.000000,3,2.750000e-01,
PDGFRA->-PIK3CA,2,1,3.000000,3,7.125000e-01,
ERBB2->-ARID2,2,1,3.000000,3,7.005495e-02,
PIK3CA->-RAD54L,2,1,3.000000,3,2.892857e-01,
MAP3K1->-ERCC5,2,1,3.000000,3,3.937500e-01,
MAP3K1->-ERCC5 TP53->-ERCC5 TP53->-MAP3K1,3,3,2.000000,2,6.481481e-02,
ARID2->-FAT1,2,1,2.000000,2,5.849680e-01,
ARID2->-IGF1R,2,1,2.000000,2,3.667181e-01,
ARID1A->-IGF1R,2,1,2.000000,2,4.976680e-01,
FAT1->-CARD11 TET1->-CARD11 TET1->-FAT1,3,3,2.000000,2,6.681191e-02,
AMER1->-PIK3CA CASP8->-AMER1 CASP8->-PIK3CA,3,3,2.000000,2,1.610158e-02,
SETD2->-ATRX,2,1,2.000000,2,2.248097e-01,
ARID2->-CARD11 SETD2->-ARID2 SETD2->-CARD11,3,3,2.000000,2,2.288430e-02,
ARID1A->-CARD11 SETD2->-ARID1A SETD2->-CARD11,3,3,2.000000,2,2.288430e-02,
SETD2->-ESR1,2,1,2.000000,2,1.510721e-01,
SETD2->-LATS2,2,1,2.000000,2,3.932749e-01,
TET1->-ARID2,2,1,2.000000,2,2.266082e-01,
ESR1->-NOTCH1,2,1,2.000000,2,6.055068e-01,
ESR1->-DNMT3B,2,1,2.000000,2,4.766082e-01,
CCNE1->-RICTOR PIK3CA->-CCNE1 PIK3CA->-RICTOR,3,3,2.000000,2,2.342048e-02,
CCNE1->-IGF1R PIK3CA->-CCNE1 PIK3CA->-IGF1R,3,3,2.000000,2,2.342048e-02,
ESR1->-AMER1,2,1,2.000000,2,4.766082e-01,
ESR1->-LATS2,2,1,2.000000,2,2.654456e-01,
ESR1->-TET1,2,1,2.000000,2,6.699561e-01,
NOTCH1->-LATS2,2,1,2.000000,2,1.375835e-01,
NOTCH1->-IGF1R NOTCH1->-PIK3CA PIK3CA->-IGF1R,3,3,2.000000,2,7.664884e-03,
TET1->-DNMT3B,2,1,2.000000,2,2.266082e-01,
ARID1A->-DNMT3B,2,1,2.000000,2,6.699561e-01,
INHA->-PIK3CA,2,1,2.000000,2,2.266082e-01,
TET1->-PIK3CA,2,1,2.000000,2,9.473412e-01,
FAT1->-DICER1,2,1,2.000000,2,2.500000e-01,
SETD2->-BRCA2,2,1,2.000000,2,5.000000e-01,
SETD2->-FGFR4,2,1,2.000000,2,1.584615e-01,
ATM->-MSH6,2,1,2.000000,2,2.500000e-01,
MSH6->-PIK3CA,2,1,2.000000,2,8.906250e-01,
EP300->-MAP3K1,2,1,2.000000,2,2.500000e-01,
TP53->-RAB35,2,1,2.000000,2,2.500000e-01,
KDM5A->-PIK3CA,2,1,2.000000,2,7.400794e-01,
PARK2-/-PIK3CA,2,1,2.000000,2,1.360544e-01,
MEN1->-KMT2A,2,1,2.000000,2,1.904762e-01,
GATA3->-BRCA2,2,1,2.000000,2,6.446429e-01,
RECQL4->-TP53,2,1,2.000000,2,9.207250e-01,
SDHB->-TP53,2,1,2.000000,2,9.025221e-01,
TET1->-ARID1B,2,1,2.000000,2,2.500000e-01,
CDH1->-FOXA1 CDH1->-RUNX1 FOXA1->-RUNX1,3,3,2.000000,2,1.962449e-01,
ARID2->-PTPRD,2,1,2.000000,2,2.500000e-01,
PTPRD->-XPO1,2,1,2.000000,2,2.500000e-01,
ARID2->-KMT2C,2,1,2.000000,2,6.875000e-01,
MEN1-/-PIK3CA,2,1,2.000000,2,2.964405e-01,
KMT2C-/-PIK3CA,2,1,2.000000,2,7.304354e-01,
MAP3K1-/-PIK3CA,2,1,2.000000,2,9.068650e-01,
SMO->-MEN1,2,1,2.000000,2,1.755952e-01,
SMO->-KMT2C,2,1,2.000000,2,1.755952e-01,
TP53->-RYBP,2,1,2.000000,2,2.013889e-01,
KMT2C->-CDK8,2,1,2.000000,2,2.013889e-01,
ARID1A->-DOT1L ARID1A->-FOXA1 DOT1L->-FOXA1,3,3,2.000000,2,1.587302e-02,
FOXA1->-FH,2,1,2.000000,2,2.000000e-01,
CDH1->-TSC1,2,1,2.000000,2,2.500000e-01,
CDH1->-EZH2 CDH1->-TP53 TP53->-EZH2,3,3,2.000000,2,2.777778e-02,
CDH1->-DOT1L CDH1->-PIK3CA PIK3CA->-DOT1L,3,3,2.000000,2,2.777778e-02,
MAP3K1->-CBFB,2,1,2.000000,2,9.892578e-01,
SPOP->-MAP3K1,2,1,2.000000,2,6.875000e-01,
AKT1->-EGFR,2,1,2.000000,2,2.013889e-01,
MAP3K1->-EGFR,2,1,2.000000,2,2.500000e-01,
AR->-ARID1A,2,1,2.000000,2,4.450549e-01,
MTOR->-DNMT1,2,1,2.000000,2,2.500000e-01,
CDH1->-NTRK2,2,1,2.000000,2,4.333333e-01,
PIK3CA->-TGFBR1,2,1,2.000000,2,2.500000e-01,
MAP3K1->-TGFBR1,2,1,2.000000,2,2.500000e-01,
PIK3CA->-XIAP,2,1,2.000000,2,2.500000e-01,
MAP3K1->-ERBB2,2,1,2.000000,2,9.168956e-01,
PDCD1->-FAT1 PIK3CA->-FAT1 PIK3CA->-PDCD1,3,3,2.000000,2,2.729045e-02,
PDCD1->-RB1 PIK3CA->-PDCD1 PIK3CA->-RB1,3,3,2.000000,2,2.729045e-02,
HGF->-HIST1H1C,2,1,2.000000,2,1.311728e-01,
ASXL2->-RB1,2,1,2.000000,2,2.153996e-01,
RB1->-FOXP1,2,1,2.000000,2,2.485380e-01,
NCOR1->-FGFR3,2,1,2.000000,2,2.485380e-01,
STAG2->-RICTOR,2,1,2.000000,2,2.167056e-01,
PIK3CA->-RICTOR PIK3CA->-SMO SMO->-RICTOR,3,3,2.000000,2,2.185327e-02,
STAG2->-FYN,2,1,2.000000,2,2.167056e-01,
STAG2->-CHEK2,2,1,2.000000,2,4.985380e-01,
ASXL2->-FOXP1 PIK3CA->-ASXL2 PIK3CA->-FOXP1,3,3,2.000000,2,2.729045e-02,
STAG2->-TET1,2,1,2.000000,2,2.485380e-01,
PDCD1->-FOXP1,2,1,2.000000,2,2.485380e-01,
PIK3CA->-TSC1,2,1,2.000000,2,4.371345e-01,
NCOR1->-TSC1,2,1,2.000000,2,2.485380e-01,
FOXA1->-ERBB2,2,1,2.000000,2,8.906250e-01,
RUNX1->-BRCA2,2,1,2.000000,2,5.000000e-01,
NSD1->-KIT,2,1,2.000000,2,3.165476e-01,
ARID2->-NSD1,2,1,2.000000,2,5.000000e-01,
NSD1->-PIK3CA TP53->-NSD1 TP53->-PIK3CA,3,3,2.000000,2,1.203704e-01,
ARID2->-IKZF1 ARID2->-PIK3CA IKZF1->-PIK3CA,3,3,2.000000,2,2.777778e-02,
ARID2->-IKZF1 ARID2->-KIT IKZF1->-KIT,3,3,2.000000,2,2.777778e-02,
CDH1->-BCOR,2,1,2.000000,2,5.000000e-01,
CDKN2A->-KMT2C,2,1,2.000000,2,2.500000e-01,
TP53->-CHEK2,2,1,2.000000,2,7.049603e-01,
FBXW7->-SMARCA4,2,1,2.000000,2,2.500000e-01,
FBXW7->-PDGFRA,2,1,2.000000,2,2.500000e-01,
FBXW7->-EPHA7,2,1,2.000000,2,1.722222e-01,
FGFR3->-PIK3CA,2,1,2.000000,2,7.456140e-01,
PIK3CA->-RAD21,2,1,2.000000,2,3.904762e-01,
GATA3->-GRIN2A,2,1,2.000000,2,2.500000e-01,
ARID1A->-FGFR3,2,1,2.000000,2,2.500000e-01,
ARID1A->-MET,2,1,2.000000,2,2.500000e-01,
CDH1->-KDR CDH1->-TP53 KDR->-TP53,3,3,2.000000,2,6.855937e-02,
TP53->-FOXL2,2,1,2.000000,2,3.222222e-01,
CDH1->-FOXL2,2,1,2.000000,2,2.500000e-01,
AKT1->-CD276,2,1,2.000000,2,1.666667e-01,
AKT1->-EPHA7,2,1,2.000000,2,2.500000e-01,
ATM->-MDC1,2,1,2.000000,2,3.857143e-01,
TP53->-TOP1,2,1,2.000000,2,1.409091e-01,
LATS1->-ROS1,2,1,2.000000,2,4.500000e-01,
ROS1->-TSC2,2,1,2.000000,2,4.500000e-01,
ESR1->-NOTCH3 PIK3CA->-ESR1 PIK3CA->-NOTCH3,3,3,2.000000,2,1.388889e-02,
KLF4->-GRIN2A,2,1,2.000000,2,2.500000e-01,
CDH1->-IGF1R,2,1,2.000000,2,2.500000e-01,
CDH1->-KLF4,2,1,2.000000,2,2.500000e-01,
IRS1->-ATR IRS1->-PIK3CA PIK3CA->-ATR,3,3,2.000000,2,6.006037e-02,
MAP3K1->-IRS1,2,1,2.000000,2,2.075163e-01,
TCF7L2->-PIK3C3,2,1,2.000000,2,1.117396e-01,
TCF7L2->-PIK3CA,2,1,2.000000,2,2.969568e-01,
MAP3K1->-RAD51C,2,1,2.000000,2,2.075163e-01,
RAD51C->-PIK3CA,2,1,2.000000,2,7.785685e-01,
ATR-/-CARD11 TP53->-ATR TP53->-CARD11,3,3,2.000000,2,2.814887e-03,
CARD11-/-ERBB3 MAP3K1->-CARD11 MAP3K1->-ERBB3,3,3,2.000000,2,1.167134e-03,
ATR-/-RICTOR RFWD2-/-RICTOR RFWD2->-ATR,3,3,2.000000,2,1.064320e-03,
MAP3K1->-RICTOR,2,1,2.000000,2,2.075163e-01,
MAP3K1->-PIK3C3,2,1,2.000000,2,2.872764e-01,
MDC1->-HIST1H3B,2,1,2.000000,2,2.075163e-01,
EPHA7->-HIST1H3B,2,1,2.000000,2,2.075163e-01,
ERBB3->-RFWD2 TP53->-ERBB3 TP53->-RFWD2,3,3,2.000000,2,1.936955e-02,
PTEN->-AR,2,1,2.000000,2,2.142857e-01,
PTEN->-NOTCH2,2,1,2.000000,2,2.142857e-01,
TP53->-HIST1H3I,2,1,2.000000,2,2.125850e-01,
FOXA1->-H3F3B,2,1,2.000000,2,1.333333e-01,
PIK3CA->-H3F3B,2,1,2.000000,2,2.500000e-01,
TP53->-ZRSR2,2,1,2.000000,2,3.775974e-01,
TP53->-AMER1,2,1,2.000000,2,4.500000e-01,
PIK3CA->-CREBBP PIK3CA->-PLK2 PLK2->-CREBBP,3,3,2.000000,2,6.485029e-02,
NOTCH2->-CREBBP TP53->-CREBBP TP53->-NOTCH2,3,3,2.000000,2,1.388889e-02,
ESR1->-CREBBP,2,1,2.000000,2,2.500000e-01,
PIK3CA->-NOTCH2 TP53->-NOTCH2 TP53->-PIK3CA,3,3,2.000000,2,3.935185e-02,
ESR1-/-KMT2D,2,1,2.000000,2,4.285714e-02,
MET->-ESR1,2,1,2.000000,2,2.142857e-01,
MAP2K1->-ESR1,2,1,2.000000,2,2.142857e-01,
CDKN2A->-NOTCH4 PIK3CA->-CDKN2A PIK3CA->-NOTCH4,3,3,2.000000,2,1.686508e-02,
NOTCH4-/-ROS1,2,1,2.000000,2,8.209877e-02,
CDKN2A->-EP300,2,1,2.000000,2,2.013889e-01,
PIK3CA->-PMS2,2,1,2.000000,2,2.013889e-01,
MTOR->-RFWD2 TP53->-MTOR TP53->-RFWD2,3,3,2.000000,2,1.686508e-02,
PIK3CA->-RFWD2 PIK3CA->-ROS1 ROS1->-RFWD2,3,3,2.000000,2,1.686508e-02,
ESR1->-JAK1,2,1,2.000000,2,5.000000e-01,
ALK->-MAP3K1,2,1,2.000000,2,6.238889e-01,
CCNE1->-ESR1 CCNE1->-MAP3K1 ESR1->-MAP3K1,3,3,2.000000,2,2.777778e-02,
FLT3->-SPEN GATA3->-FLT3 GATA3->-SPEN STAG2->-FLT3 STAG2->-GATA3 STAG2->-SPEN,4,6,2.000000,2,1.736111e-03,
MEN1->-MAP3K1,2,1,2.000000,2,7.555390e-01,
ERBB3->-ARID1A MAP3K1->-ARID1A MAP3K1->-ERBB3,3,3,2.000000,2,7.936508e-03,
GATA3->-HIST1H3F,2,1,2.000000,2,2.500000e-01,
ATM->-NUP93,2,1,2.000000,2,2.500000e-01,
PIK3CA->-NUP93 PIK3CA->-SPEN SPEN->-NUP93,3,3,2.000000,2,2.777778e-02,
ERBB3->-NUP93,2,1,2.000000,2,2.053571e-01,
KMT2C->-MYC,2,1,2.000000,2,2.500000e-01,
MYC->-PIK3CA,2,1,2.000000,2,6.093750e-01,
ATM->-FLT3,2,1,2.000000,2,2.500000e-01,
FLT3->-EGFR,2,1,2.000000,2,2.500000e-01,
PIK3CA->-FLT3,2,1,2.000000,2,7.875000e-01,
CHEK2->-FLT3,2,1,2.000000,2,1.928571e-01,
ATM->-EGFR,2,1,2.000000,2,2.500000e-01,
ATM->-CHEK2,2,1,2.000000,2,2.500000e-01,
MAP3K1->-ATM,2,1,2.000000,2,7.425315e-01,
CDH1->-CSF1R,2,1,2.000000,2,2.500000e-01,
CDH1->-MPL,2,1,2.000000,2,2.321937e-01,
CIC->-ARID1A,2,1,2.000000,2,4.250000e-01,
ABL1->-TP53,2,1,2.000000,2,7.157576e-01,
ATR->-TP53,2,1,2.000000,2,9.995292e-01,
PIK3CA->-TP53 SMARCA4->-PIK3CA SMARCA4->-TP53,3,3,2.000000,2,1.626962e-01,
SMARCA4->-ATR,2,1,2.000000,2,2.480159e-01,
RAD54L->-KMT2C,2,1,2.000000,2,5.000000e-01,
TSC2->-TP53,2,1,2.000000,2,9.886277e-01,
ROS1->-TP53 TBX3->-ROS1 TBX3->-TP53,3,3,2.000000,2,7.407407e-02,
TBX3->-TSC2,2,1,2.000000,2,2.500000e-01,
KMT2C->-RAD50,2,1,2.000000,2,3.841155e-01,
KMT2C->-KDM5C,2,1,2.000000,2,4.333333e-01,
ANKRD11->-CDH1,2,1,2.000000,2,8.637931e-01,
ANKRD11->-BRCA2,2,1,2.000000,2,3.178571e-01,
MET->-FANCC,2,1,2.000000,2,2.090909e-01,
TBX3->-PIK3CG,2,1,2.000000,2,2.000000e-01,
TBX3->-ESR1,2,1,2.000000,2,6.050824e-01,
PIK3CG->-JAK3 PTEN->-JAK3 PTEN->-PIK3CG,3,3,2.000000,2,7.470395e-03,
CDK12->-JAK3 PTEN->-CDK12 PTEN->-JAK3,3,3,2.000000,2,7.470395e-03,
CDH1->-ACVR1 PTEN->-ACVR1 PTEN->-CDH1,3,3,2.000000,2,1.639593e-02,
PTEN->-DDR2,2,1,2.000000,2,5.700000e-01,
MAP2K4->-DDR2,2,1,2.000000,2,2.000000e-01,
FAT1->-ATRX PTEN->-ATRX PTEN->-FAT1,3,3,2.000000,2,1.844542e-02,
FAT1->-ATRX TP53->-ATRX TP53->-FAT1,3,3,2.000000,2,1.844542e-02,
TP53->-DIS3,2,1,2.000000,2,2.000000e-01,
CDH1->-FLT3 CDH1->-JAK3 FLT3->-JAK3,3,3,2.000000,2,1.844542e-02,
ABL1->-JAK3 CDH1->-ABL1 CDH1->-JAK3,3,3,2.000000,2,1.844542e-02,
CDH1->-FOXA1 CDH1->-PIK3CG PIK3CG->-FOXA1,3,3,2.000000,2,1.844542e-02,
DDR2->-PIK3CG,2,1,2.000000,2,2.000000e-01,
PIK3CG-/-PTPRS,2,1,2.000000,2,9.444444e-02,
MAP2K4->-EPHB1,2,1,2.000000,2,1.657143e-01,
CDK12->-FOXA1,2,1,2.000000,2,3.584615e-01,
CDK12->-TBX3,2,1,2.000000,2,2.000000e-01,
MAP2K4->-FOXA1,2,1,2.000000,2,4.500000e-01,
TBX3->-MAP2K4,2,1,2.000000,2,4.380952e-01,
AMER1->-JAK3,2,1,2.000000,2,1.607843e-01,
ATRX->-JAK3 TP53->-ATRX TP53->-JAK3,3,3,2.000000,2,4.611355e-03,
SDHB->-INPP4B,2,1,2.000000,2,2.389706e-01,
NF1->-HIST1H3B,2,1,2.000000,2,2.500000e-01,
MAP3K13->-PLK2,2,1,2.000000,2,2.179803e-01,
ATM->-PLK2 PIK3CA->-ATM PIK3CA->-PLK2,3,3,2.000000,2,1.125000e-02,
PIK3CA->-MAP3K13,2,1,2.000000,2,6.634852e-01,
PIK3CA->-RIT1,2,1,2.000000,2,4.084615e-01,
PIK3CA->-H3F3C,2,1,2.000000,2,5.000000e-01,
CDH1->-CTCF CDH1->-ERBB3 ERBB3->-CTCF,3,3,2.000000,2,1.785714e-02,
PLK2->-KMT2D,2,1,2.000000,2,2.500000e-01,
CDKN2A->-KMT2D TP53->-CDKN2A TP53->-KMT2D,3,3,2.000000,2,2.777778e-02,
CREBBP->-SMAD2 PIK3C2G->-CREBBP PIK3C2G->-SMAD2,3,3,2.000000,2,1.190476e-02,
PIK3CA->-CREBBP PIK3CA->-PTPRD PTPRD->-CREBBP,3,3,2.000000,2,9.532932e-03,
PIK3CA->-LATS1,2,1,2.000000,2,6.250000e-01,
DICER1->-PTCH1,2,1,2.000000,2,1.584615e-01,
DNMT3A->-TP53,2,1,2.000000,2,9.576465e-01,
BLM->-ARID1B,2,1,2.000000,2,2.172460e-01,
CIC->-ARID1B,2,1,2.000000,2,2.272727e-01,
BRCA2->-TET2,2,1,2.000000,2,2.272727e-01,
ARID1B->-DICER1,2,1,2.000000,2,3.731061e-01,
ARID1B->-ATR,2,1,2.000000,2,2.272727e-01,
CBFB->-ALK,2,1,2.000000,2,2.500000e-01,
PIK3CA->-DNMT1 PTEN->-DNMT1 PTEN->-PIK3CA,3,3,2.000000,2,1.125000e-02,
PIK3CA->-CDC73,2,1,2.000000,2,6.145833e-01,
PTEN->-CARD11 TP53->-CARD11 TP53->-PTEN,3,3,2.000000,2,1.922547e-02,
PTEN->-RASA1,2,1,2.000000,2,2.111111e-01,
TP53->-SOS1,2,1,2.000000,2,1.266667e-01,
NCOR1->-AXIN1,2,1,2.000000,2,2.111111e-01,
NCOR1->-RASA1,2,1,2.000000,2,2.111111e-01,
NCOR1->-IRS2,2,1,2.000000,2,4.111111e-01,
IRS2->-AXIN1,2,1,2.000000,2,1.667778e-01,
ESR1->-TP53 PIK3CA->-ESR1 PIK3CA->-TP53,3,3,2.000000,2,1.222003e-01,
PIK3CA->-CDK4,2,1,2.000000,2,2.500000e-01,
FOXA1->-PIK3CG PIK3CA->-FOXA1 PIK3CA->-PIK3CG,3,3,2.000000,2,3.594444e-02,
PIK3CA->-ERCC2,2,1,2.000000,2,4.750000e-01,
MAP3K1->-FGFR4 PTEN->-FGFR4 PTEN->-MAP3K1,3,3,2.000000,2,1.125000e-02,
TP53->-SPOP,2,1,2.000000,2,2.500000e-01,
ATR->-NSD1,2,1,2.000000,2,2.500000e-01,
ATR->-ERCC5 TP53->-ATR TP53->-ERCC5,3,3,2.000000,2,4.320988e-02,
ERCC5->-FGFR4 TP53->-ERCC5 TP53->-FGFR4,3,3,2.000000,2,2.777778e-02,
NF1->-ERCC5 TP53->-ERCC5 TP53->-NF1,3,3,2.000000,2,2.777778e-02,
NF1->-PRDM1,2,1,2.000000,2,2.500000e-01,
SPOP->-FGFR4,2,1,2.000000,2,2.500000e-01,
MED12->-FGFR4,2,1,2.000000,2,4.084615e-01,
SPOP->-NF1,2,1,2.000000,2,2.500000e-01,
RUNX1->-CDKN1B,2,1,2.000000,2,2.500000e-01,
TP53->-PAX5,2,1,2.000000,2,1.500000e-01,
ARID1A->-PTPRD TP53->-ARID1A TP53->-PTPRD,3,3,2.000000,2,1.414141e-02,
ARID1A-/-PIK3C2G TP53->-ARID1A TP53->-PIK3C2G,3,3,2.000000,2,4.444444e-02,
NF1->-PIK3R1 NF1->-PTEN PTEN->-PIK3R1,3,3,2.000000,2,1.255144e-01,
NF1->-CTCF,2,1,2.000000,2,2.500000e-01,
CDH1->-GLI1 CDH1->-PIK3CA PIK3CA->-GLI1,3,3,2.000000,2,1.709402e-02,
PIK3CA->-GLI1 TBX3->-GLI1 TBX3->-PIK3CA,3,3,2.000000,2,1.709402e-02,
CDH1->-RASA1 CDH1->-RECQL4 RASA1->-RECQL4,3,3,2.000000,2,1.671694e-02,
CDH1->-PIK3C3 CDH1->-PIK3CA PIK3CA->-PIK3C3,3,3,2.000000,2,9.768010e-03,
ARID1A->-GLI1,2,1,2.000000,2,3.717668e-01,
ARID1A->-RFWD2,2,1,2.000000,2,1.950549e-01,
AR-/-KMT2C,2,1,2.000000,2,1.159951e-01,
CDH1->-RASA1 CDH1->-TBX3 TBX3->-RASA1,3,3,2.000000,2,1.709402e-02,
TBX3->-CREBBP,2,1,2.000000,2,1.192002e-01,
KMT2C-/-RFWD2 PIK3CA-/-RFWD2 PIK3CA->-KMT2C,3,3,2.000000,2,1.411804e-03,
CREBBP-/-RFWD2 PIK3CA-/-RFWD2 PIK3CA->-CREBBP,3,3,2.000000,2,1.411804e-03,
PIK3CA->-STAT5A,2,1,2.000000,2,1.690476e-01,
BRAF->-PIK3CA,2,1,2.000000,2,8.125000e-01,
TP53->-ERCC3,2,1,2.000000,2,1.500000e-01,
KLF4->-PIK3CA,2,1,2.000000,2,8.125000e-01,
PTEN->-ASXL1,2,1,2.000000,2,2.500000e-01,
KMT2C->-FOXA1,2,1,2.000000,2,8.464266e-01,
ATM->-TP53,2,1,2.000000,2,9.939411e-01,
KMT2C->-WT1,2,1,2.000000,2,2.090909e-01,
RB1->-NCOR1,2,1,2.000000,2,8.606005e-01,
ATM->-NCOR1,2,1,2.000000,2,4.590909e-01,
TBX3->-NCOR1,2,1,2.000000,2,7.014349e-01,
KMT2C->-RB1,2,1,2.000000,2,8.678314e-01,
RB1->-TBX3,2,1,2.000000,2,1.254545e-01,
CDH1->-CHEK2,2,1,2.000000,2,5.000000e-01,
KMT2C->-POLE,2,1,2.000000,2,2.500000e-01,
GATA3->-MST1,2,1,2.000000,2,2.000000e-01,
TSC1->-TP53,2,1,2.000000,2,9.259868e-01,
CDH1->-AXIN1,2,1,2.000000,2,4.500000e-01,
CDH1->-SOX17 CDH1->-TP53 TP53->-SOX17,3,3,2.000000,2,2.777778e-02,
RB1->-FBXW7 TP53->-FBXW7 TP53->-RB1,3,3,2.000000,2,2.222222e-02,
RB1->-AXIN1 TP53->-AXIN1 TP53->-RB1,3,3,2.000000,2,2.777778e-02,
PBRM1->-RB1 TP53->-PBRM1 TP53->-RB1,3,3,2.000000,2,2.256944e-02,
PBRM1->-ERBB2,2,1,2.000000,2,2.500000e-01,
NF1->-PTPRD NF1->-TP53 TP53->-PTPRD,3,3,2.000000,2,2.777778e-02,
NF1->-EPHA7,2,1,2.000000,2,5.000000e-01,
RNF43->-ERBB2,2,1,2.000000,2,2.500000e-01,
CDH1->-NUP93,2,1,2.000000,2,2.053571e-01,
MTOR->-PIK3CA,2,1,2.000000,2,9.316443e-01,
ESR1-/-GATA3,2,1,2.000000,2,2.020000e-01,
CDH1->-PTEN CDH1->-RHOA PTEN->-RHOA,3,3,2.000000,2,2.777778e-02,
PTEN->-ESR1,2,1,2.000000,2,5.000000e-01,
CDH1->-ALOX12B,2,1,2.000000,2,2.500000e-01,
ESR1->-ALOX12B,2,1,2.000000,2,2.500000e-01,
ESR1->-ARID1B,2,1,2.000000,2,1.458333e-01,
TP53->-FAM175A,2,1,2.000000,2,3.159568e-01,
MAP2K4->-BRCA2 TP53->-BRCA2 TP53->-MAP2K4,3,3,2.000000,2,9.259259e-03,
MAP2K4->-PAK7,2,1,2.000000,2,1.611111e-01,
MAP2K4->-CDK12,2,1,2.000000,2,3.378889e-01,
MAP2K4->-GPS2,2,1,2.000000,2,4.238095e-01,
PIK3CA->-GPS2,2,1,2.000000,2,9.459948e-01,
MSH2->-KMT2C,2,1,2.000000,2,4.648284e-01,
ATM->-RPS6KB2,2,1,2.000000,2,2.166667e-01,
ATM->-RICTOR,2,1,2.000000,2,2.166667e-01,
FGFR4-/-PIK3CA,2,1,2.000000,2,1.220513e-01,
GATA3->-CDH1,2,1,2.000000,2,9.948392e-01,
GATA3->-MAP2K4,2,1,2.000000,2,9.646610e-01,
TBX3->-MED12,2,1,2.000000,2,2.295918e-01,
PTPRS->-SETD2,2,1,2.000000,2,1.500000e-01,
KMT2D->-RB1 TP53->-KMT2D TP53->-RB1,3,3,2.000000,2,6.121843e-02,
TP53->-CD79A,2,1,2.000000,2,1.077098e-01,
CREBBP->-RB1,2,1,2.000000,2,2.261905e-01,
CREBBP->-DNMT3B,2,1,2.000000,2,2.261905e-01,
GATA3->-TSHR,2,1,2.000000,2,1.666667e-01,
PIK3CA->-RAC1,2,1,2.000000,2,1.750000e-01,
PIK3CA->-TCF3,2,1,2.000000,2,2.083333e-01,
KLF4->-TP53,2,1,2.000000,2,8.496528e-01,
ATM-/-KMT2A,2,1,2.000000,2,1.098462e-01,
BRCA2->-PBRM1,2,1,2.000000,2,1.750000e-01,
GATA3->-JAK1,2,1,2.000000,2,2.500000e-01,
CIC->-KMT2D,2,1,2.000000,2,4.250000e-01,
PIK3R1->-KMT2C,2,1,2.000000,2,8.035969e-01,
CDH1->-TP63,2,1,2.000000,2,2.500000e-01,
ERBB2->-TP63,2,1,2.000000,2,2.500000e-01,
NOTCH4->-ARID2 TP53->-ARID2 TP53->-NOTCH4,3,3,2.000000,2,7.175926e-03,
PIK3R1->-ROS1,2,1,2.000000,2,3.944444e-01,
PIK3R1->-ARID2,2,1,2.000000,2,1.444444e-01,
PIK3R1->-MGA,2,1,2.000000,2,1.444444e-01,
MED12->-ARID2,2,1,2.000000,2,1.444444e-01,
PIK3CA->-FLT1 PIK3CA->-SPEN SPEN->-FLT1,3,3,2.000000,2,2.777778e-02,
FLT1->-MAP3K1,2,1,2.000000,2,4.385965e-01,
PIK3CA->-POLE PIK3CA->-SPEN SPEN->-POLE,3,3,2.000000,2,2.777778e-02,
FBXW7->-TP53,2,1,2.000000,2,9.961105e-01,
FBXW7->-FLT4,2,1,2.000000,2,2.500000e-01,
ASXL1->-SRC,2,1,2.000000,2,1.928571e-01,
GATA3->-PIK3C2G,2,1,2.000000,2,1.928571e-01,
CARD11->-ARID1A,2,1,2.000000,2,7.057357e-01,
KDM5C->-ARID1A,2,1,2.000000,2,6.446429e-01,
ARID1A->-ASXL1 ARID1A->-FLT3 FLT3->-ASXL1,3,3,2.000000,2,1.752137e-02,
BRCA2-/-KDM6A,2,1,2.000000,2,5.614035e-02,
FLT3->-POLE,2,1,2.000000,2,1.523571e-01,
TP53->-MSH2,2,1,2.000000,2,2.083333e-01,
KMT2D->-ARID1B,2,1,2.000000,2,1.991422e-01,
KMT2D->-INPP4B,2,1,2.000000,2,1.991422e-01,
KMT2D->-XPO1,2,1,2.000000,2,2.083333e-01,
KMT2D->-HNF1A,2,1,2.000000,2,2.066799e-01,
RUNX1->-ERBB2,2,1,2.000000,2,9.375000e-01,
STAT3->-PIK3CA,2,1,2.000000,2,2.500000e-01,
PIK3CA->-CUL3,2,1,2.000000,2,5.000000e-01,
PIK3CA->-MAP2K1,2,1,2.000000,2,5.000000e-01,
MEN1->-ESR1,2,1,2.000000,2,2.023810e-01,
CDH1->-BRAF,2,1,2.000000,2,2.500000e-01,
HIST1H3G->-PIK3CA,2,1,2.000000,2,4.250000e-01,
FOXA1->-ATM,2,1,2.000000,2,4.738007e-01,
RHOA->-CDH1,2,1,2.000000,2,8.688350e-01,
ARID1A->-RHOA,2,1,2.000000,2,1.904762e-01,
CDH1->-PIK3CA PTPRT->-CDH1 PTPRT->-PIK3CA,3,3,2.000000,2,7.407407e-02,
CDH1->-DAXX CDH1->-PIK3CA PIK3CA->-DAXX,3,3,2.000000,2,2.224351e-02,
PTPRT->-ARID2,2,1,2.000000,2,6.322988e-01,
PTPRT->-MAP3K1,2,1,2.000000,2,6.414474e-01,
ATR->-GRIN2A,2,1,2.000000,2,2.500000e-01,
ARID1A->-DICER1,2,1,2.000000,2,1.458333e-01,
ATR->-NOTCH4 PIK3CA->-ATR PIK3CA->-NOTCH4,3,3,2.000000,2,2.777778e-02,
BRCA1->-PTCH1,2,1,2.000000,2,2.055556e-01,
BRCA1->-PTPRT,2,1,2.000000,2,2.055556e-01,
PTCH1->-CDK12,2,1,2.000000,2,1.302906e-01,
HNF1A->-CDK12,2,1,2.000000,2,1.302906e-01,
PTPRT->-TET2,2,1,2.000000,2,4.555556e-01,
PTPRT->-HNF1A,2,1,2.000000,2,3.204262e-01,
GRIN2A->-PTPRD,2,1,2.000000,2,1.666667e-01,
PIK3CA->-HIST3H3,2,1,2.000000,2,6.250000e-01,
CDH1->-CBL,2,1,2.000000,2,1.500000e-01,
FLT1->-PIK3CA,2,1,2.000000,2,7.817982e-01,
CBL->-PIK3CA,2,1,2.000000,2,5.708333e-01,
AKT1->-RAD54L,2,1,2.000000,2,1.975000e-01,
BRCA1-/-GATA3 BRCA1-/-RICTOR GATA3->-RICTOR,3,3,2.000000,2,2.976190e-03,
ARID5B->-RICTOR PIK3CA->-ARID5B PIK3CA->-RICTOR,3,3,2.000000,2,1.112175e-02,
RECQL4->-GATA3,2,1,2.000000,2,4.333333e-01,
PTEN->-ERBB2,2,1,2.000000,2,4.000000e-01,
PTPRS->-KMT2D TP53->-KMT2D TP53->-PTPRS,3,3,2.000000,2,4.976852e-02,
PTPRT->-TP53,2,1,2.000000,2,9.834403e-01,
KMT2C->-ANKRD11,2,1,2.000000,2,4.679803e-01,
PTPRT->-PTPRS,2,1,2.000000,2,2.500000e-01,
NF1->-PTPRS,2,1,2.000000,2,4.821937e-01,
INHA->-CREBBP,2,1,2.000000,2,2.321429e-01,
TERT->-TP53,2,1,2.000000,2,9.287014e-01,
TP53->-HIST1H3G,2,1,2.000000,2,4.250000e-01,
TP53->-IGF1,2,1,2.000000,2,1.250000e-01,
RUNX1->-SETD2,2,1,2.000000,2,2.000000e-01,
RUNX1->-GATA3,2,1,2.000000,2,2.000000e-01,
NF1->-ERBB2,2,1,2.000000,2,5.000000e-01,
PIK3CG->-PIK3CA,2,1,2.000000,2,8.938333e-01,
IRS1->-SPEN,2,1,2.000000,2,4.045455e-01,
IRS1->-ESR1,2,1,2.000000,2,2.500000e-01,
CDK12->-TP53,2,1,2.000000,2,7.386111e-01,
KMT2C->-CBFB,2,1,2.000000,2,7.708333e-01,
FGFR4->-KMT2C,2,1,2.000000,2,2.765171e-01,
KMT2C->-ARID5B,2,1,2.000000,2,4.679803e-01,
FOXA1->-FAT1,2,1,2.000000,2,5.141270e-01,
FOXA1->-NSD1,2,1,2.000000,2,6.517857e-01,
FOXA1->-INSR,2,1,2.000000,2,1.686508e-01,
ESR1-/-FAT1,2,1,2.000000,2,1.270086e-01,
FOXA1->-PTPRD,2,1,2.000000,2,2.500000e-01,
FOXA1->-CDKN1B,2,1,2.000000,2,1.584615e-01,
FOXA1->-XPO1,2,1,2.000000,2,2.500000e-01,
CDKN1B->-PTPRD,2,1,2.000000,2,2.500000e-01,
ERBB2->-PTPRD TP53->-ERBB2 TP53->-PTPRD,3,3,2.000000,2,2.224351e-02,
ERBB2->-XPO1,2,1,2.000000,2,2.500000e-01,
MAP3K1->-XPO1 TP53->-MAP3K1 TP53->-XPO1,3,3,2.000000,2,7.936508e-03,
SOX9->-IRS1,2,1,2.000000,2,2.500000e-01,
SOX9->-PIK3CA,2,1,2.000000,2,6.875000e-01,
SPEN->-KMT2C,2,1,2.000000,2,9.046875e-01,
CDH1->-KMT2C CDH1->-RUNX1 KMT2C->-RUNX1,3,3,2.000000,2,1.319444e-01,
RUNX1->-JUN,2,1,2.000000,2,2.250000e-01,
SPEN->-RUNX1,2,1,2.000000,2,2.500000e-01,
PIK3CA->-RB1 PIK3CA->-RUNX1 RB1->-RUNX1,3,3,2.000000,2,2.777778e-02,
RB1->-RUNX1 TP53->-RB1 TP53->-RUNX1,3,3,2.000000,2,2.777778e-02,
ERBB2->-GATA3,2,1,2.000000,2,2.500000e-01,
PIK3C2G->-NCOR1,2,1,2.000000,2,5.000000e-01,
PIK3C2G->-EGFR,2,1,2.000000,2,2.500000e-01,
FYN->-ATM,2,1,2.000000,2,1.584615e-01,
MAP2K4->-ATM,2,1,2.000000,2,2.500000e-01,
CSF3R->-PIK3CA,2,1,2.000000,2,2.009804e-01,
CTCF->-MAP2K4 CTCF->-PIK3CA MAP2K4->-PIK3CA,3,3,2.000000,2,1.805556e-02,
DNMT3B->-ARID1A,2,1,2.000000,2,6.699561e-01,
GATA3->-AR,2,1,2.000000,2,5.000000e-01,
ESR1->-AR,2,1,2.000000,2,1.180556e-01,
MAP3K1->-AR,2,1,2.000000,2,5.000000e-01,
IGF1R->-GATA3 PIK3CA->-GATA3 PIK3CA->-IGF1R,3,3,2.000000,2,5.545034e-02,
GATA3->-RAD50 PIK3CA->-GATA3 PIK3CA->-RAD50,3,3,2.000000,2,2.777778e-02,
ESR1->-RAD50 PIK3CA->-ESR1 PIK3CA->-RAD50,3,3,2.000000,2,5.092593e-02,
CDH1->-NF1 CDH1->-RAD50 NF1->-RAD50,3,3,2.000000,2,2.469136e-02,
NF1->-POLE,2,1,2.000000,2,2.500000e-01,
ESR1->-POLE,2,1,2.000000,2,2.500000e-01,
CDH1->-MAP3K1 CDH1->-POLE MAP3K1->-POLE,3,3,2.000000,2,2.777778e-02,
MAP3K1->-NF1 PIK3CA->-MAP3K1 PIK3CA->-NF1,3,3,2.000000,2,7.407407e-02,
MAX->-PIK3CA,2,1,2.000000,2,5.000000e-01,
GATA3->-IGF1R,2,1,2.000000,2,7.052273e-01,
GATA3->-MGA,2,1,2.000000,2,4.500000e-01,
ERBB3->-CDH1,2,1,2.000000,2,9.699472e-01,
ERBB3->-POLE,2,1,2.000000,2,2.500000e-01,
JAK2-/-TP53,2,1,2.000000,2,5.740741e-01,
JAK2-/-PTPRT,2,1,2.000000,2,3.120988e-01,
PIK3CA->-MYC,2,1,2.000000,2,6.093750e-01,
ZFHX3->-MST1R,2,1,2.000000,2,3.958333e-01,
ESR1->-ZFHX3,2,1,2.000000,2,1.458333e-01,
BRD4-/-JAK2,2,1,2.000000,2,1.388889e-01,
ARID1B->-ZFHX3,2,1,2.000000,2,1.458333e-01,
PIK3CA->-PPM1D,2,1,2.000000,2,1.458333e-01,
PIK3CA->-DCUN1D1,2,1,2.000000,2,1.500000e-01,
NOTCH4->-YES1,2,1,2.000000,2,3.981618e-01,
FOXA1->-PTCH1 PIK3CA->-FOXA1 PIK3CA->-PTCH1,3,3,2.000000,2,1.125000e-02,
CBFB->-ARID1A TP53->-ARID1A TP53->-CBFB,3,3,2.000000,2,2.777778e-02,
RB1->-ARID1A,2,1,2.000000,2,4.980159e-01,
AKT1->-ARID1A,2,1,2.000000,2,5.416667e-01,
AKT1->-RB1,2,1,2.000000,2,2.013889e-01,
AKT1->-CREBBP,2,1,2.000000,2,2.500000e-01,
CDH1->-PIK3CB,2,1,2.000000,2,2.500000e-01,
IRS2->-PIK3CB IRS2->-POLE POLE->-PIK3CB,3,3,2.000000,2,1.864734e-02,
IRS2->-TP53,2,1,2.000000,2,7.790109e-01,
CDH1->-SMAD2,2,1,2.000000,2,5.000000e-01,
CDH1->-MDC1,2,1,2.000000,2,5.937500e-01,
MAP2K4->-CIC,2,1,2.000000,2,1.450000e-01,
ARID1A->-KMT2D MAP2K4->-ARID1A MAP2K4->-KMT2D,3,3,2.000000,2,1.111111e-02,
CBFB->-TBX3,2,1,2.000000,2,6.875000e-01,
CDH1->-FGFR2 CDH1->-KMT2C KMT2C->-FGFR2,3,3,2.000000,2,2.777778e-02,
KDM6A->-CDH1,2,1,2.000000,2,8.115809e-01,
HNF1A->-TP53,2,1,2.000000,2,9.273421e-01,
PIK3CA->-RAB35,2,1,2.000000,2,2.500000e-01,
KMT2C-/-SPEN,2,1,2.000000,2,1.000000e-01,
PAK7->-RNF43,2,1,2.000000,2,1.134259e-01,
ALK-/-PIK3CA TP53->-ALK TP53->-PIK3CA,3,3,2.000000,2,2.685185e-02,
TP53->-U2AF1,2,1,2.000000,2,3.888889e-01,
RB1->-NOTCH2 TP53->-NOTCH2 TP53->-RB1,3,3,2.000000,2,2.777778e-02,
ARID2->-BCOR TP53->-ARID2 TP53->-BCOR,3,3,2.000000,2,2.714184e-02,
ATM->-RUNX1 PIK3CA->-ATM PIK3CA->-RUNX1,3,3,2.000000,2,1.388889e-02,
TP53->-CRLF2,2,1,2.000000,2,2.500000e-01,
TP53->-CCND1,2,1,2.000000,2,1.500000e-01,
ARID1A->-AKT1,2,1,2.000000,2,5.416667e-01,
CDH1->-INPP4A CDH1->-PIK3CA PIK3CA->-INPP4A,3,3,2.000000,2,2.777778e-02,
CDH1->-ERBB2 CDH1->-NCOR1 NCOR1->-ERBB2,3,3,2.000000,2,7.407407e-02,
KDM6A->-GRIN2A TP53->-GRIN2A TP53->-KDM6A,3,3,2.000000,2,2.777778e-02,
TET2->-GRIN2A,2,1,2.000000,2,1.975000e-01,
TP53->-GNAS,2,1,2.000000,2,1.190476e-01,
CDH1->-EIF4A2,2,1,2.000000,2,2.500000e-01,
CDH1->-GNAS,2,1,2.000000,2,2.500000e-01,
CDH1->-CDKN2A CDH1->-NCOR1 CDKN2A->-NCOR1,3,3,2.000000,2,2.777778e-02,
NCOR1->-KDM6A,2,1,2.000000,2,2.500000e-01,
NCOR1->-TET2 TP53->-NCOR1 TP53->-TET2,3,3,2.000000,2,2.777778e-02,
CDH1->-SLX4,2,1,2.000000,2,2.481618e-01,
CDH1->-KMT2C CDH1->-STAT5B KMT2C->-STAT5B,3,3,2.000000,2,2.175284e-02,
CDH1->-YES1,2,1,2.000000,2,2.163775e-01,
CDH1->-FGF19,2,1,2.000000,2,2.481618e-01,
NOTCH4->-EED,2,1,2.000000,2,2.481618e-01,
NOTCH4->-NOTCH2,2,1,2.000000,2,4.731618e-01,
RASA1->-KMT2A,2,1,2.000000,2,2.444017e-01,
KDM6A->-KMT2A,2,1,2.000000,2,4.981618e-01,
CDH1->-MSH2 CDH1->-RASA1 MSH2->-RASA1,3,3,2.000000,2,2.716503e-02,
KMT2C->-RASA1,2,1,2.000000,2,4.432167e-01,
PTCH1->-NOTCH2,2,1,2.000000,2,2.481618e-01,
FAT1->-ERCC4,2,1,2.000000,2,5.000000e-01,
FAT1->-ARID2 TP53->-ARID2 TP53->-FAT1,3,3,2.000000,2,2.777778e-02,
PIK3CA->-GNAS,2,1,2.000000,2,2.500000e-01,
FLT4->-PIK3CA,2,1,2.000000,2,9.955961e-01,
SF3B1->-KMT2C,2,1,2.000000,2,5.000000e-01,
CBL->-JAK3,2,1,2.000000,2,2.009804e-01,
TP53->-CBL,2,1,2.000000,2,2.500000e-01,
PIK3CA->-POLE PIK3CA->-RB1 RB1->-POLE,3,3,2.000000,2,7.301418e-02,
PIK3CA->-ERG PIK3CA->-TP53 TP53->-ERG,3,3,2.000000,2,2.777778e-02,
CDH1->-PIK3CA CDH1->-SMARCD1 PIK3CA->-SMARCD1,3,3,2.000000,2,6.944444e-03,
ARID1B->-RUNX1,2,1,2.000000,2,2.500000e-01,
ARID1B->-PIK3R1,2,1,2.000000,2,4.821937e-01,
PIK3R1->-RUNX1,2,1,2.000000,2,2.500000e-01,
NCOR1->-ARID1A,2,1,2.000000,2,8.125000e-01,
TP53->-NEGR1,2,1,2.000000,2,2.013889e-01,
CDH1->-JAK1,2,1,2.000000,2,5.000000e-01,
BRCA2->-PTPRD,2,1,2.000000,2,2.500000e-01,
ESR1->-PTPRD TP53->-ESR1 TP53->-PTPRD,3,3,2.000000,2,2.777778e-02,
BRCA2->-BAP1,2,1,2.000000,2,2.090909e-01,
JAK1->-BRCA2,2,1,2.000000,2,2.142857e-01,
RAD54L->-NCOR1,2,1,2.000000,2,2.500000e-01,
ATRX->-KMT2D,2,1,2.000000,2,4.563492e-01,
RB1->-KMT2D,2,1,2.000000,2,6.681075e-01,
KMT2D->-GATA3,2,1,2.000000,2,6.792279e-01,
ATRX->-FLT4,2,1,2.000000,2,4.708333e-01,
RB1->-TSHR,2,1,2.000000,2,2.500000e-01,
RB1->-FLT4,2,1,2.000000,2,4.708333e-01,
CTCF->-GPS2,2,1,2.000000,2,1.750000e-01,
AKT1->-PIK3CA,2,1,2.000000,2,5.256944e-01,
PTCH1->-GATA3,2,1,2.000000,2,2.389706e-01,
TP53->-SMARCB1,2,1,2.000000,2,3.642857e-01,
TP53->-SRSF2,2,1,2.000000,2,3.385965e-01,
TP53->-ERRFI1,2,1,2.000000,2,9.000000e-02,
PIK3CA->-PIK3CD,2,1,2.000000,2,1.056410e-01,
AKT1-/-MTOR,2,1,2.000000,2,2.111111e-01,
NSD1->-MDM2,2,1,2.000000,2,1.975000e-01,
KMT2A-/-NTRK1,2,1,2.000000,2,8.400000e-02,
BRCA1->-PIK3C2G,2,1,2.000000,2,4.475000e-01,
BRCA1->-PIK3CB,2,1,2.000000,2,3.879762e-01,
FLT3->-PIK3C2G,2,1,2.000000,2,3.903571e-01,
KIT->-PIK3C2G,2,1,2.000000,2,1.975000e-01,
IRS2->-TET2,2,1,2.000000,2,1.149091e-01,
YES1->-KIT,2,1,2.000000,2,1.722044e-01,
TGFBR2->-GRIN2A,2,1,2.000000,2,1.185000e-01,
KMT2A->-RIT1,2,1,2.000000,2,1.251846e-01,
BCOR->-PIK3C2G,2,1,2.000000,2,1.975000e-01,
AKT1->-PIK3C2G,2,1,2.000000,2,1.645833e-01,
NOTCH2->-TET1,2,1,2.000000,2,1.975000e-01,
BCOR->-GRIN2A,2,1,2.000000,2,4.437121e-01,
SMARCA4->-TET1,2,1,2.000000,2,1.975000e-01,
AKT1->-AXIN1,2,1,2.000000,2,1.975000e-01,
AXIN1->-SMARCA4,2,1,2.000000,2,1.975000e-01,
PIK3CA->-PAX5,2,1,2.000000,2,1.250000e-01,
PTEN->-TGFBR2,2,1,2.000000,2,1.584615e-01,
MAP3K1->-DICER1 PTEN->-DICER1 PTEN->-MAP3K1,3,3,2.000000,2,1.125000e-02,
MAP3K1->-PIK3CD PTEN->-MAP3K1 PTEN->-PIK3CD,3,3,2.000000,2,1.125000e-02,
PTEN->-RIT1,2,1,2.000000,2,1.584615e-01,
BRD4->-FGFR4,2,1,2.000000,2,1.584615e-01,
ATM->-DNMT1 PIK3CA->-ATM PIK3CA->-DNMT1,3,3,2.000000,2,1.125000e-02,
PIK3CA->-MED12 PIK3CA->-PIK3CG PIK3CG->-MED12,3,3,2.000000,2,1.125000e-02,
MAP3K1->-SETD2,2,1,2.000000,2,1.584615e-01,
KMT2A->-FGFR4,2,1,2.000000,2,4.046737e-01,
KMT2A-/-PIK3CA MAP3K1->-KMT2A MAP3K1->-PIK3CA,3,3,2.000000,2,1.452991e-03,
MAP3K1->-MGA,2,1,2.000000,2,1.207326e-01,
PIK3CA->-CDK12,2,1,2.000000,2,4.455227e-01,
DNMT1-/-NBN,2,1,2.000000,2,8.717949e-02,
MAP3K1->-NBN,2,1,2.000000,2,1.056410e-01,
FOXA1->-MED12,2,1,2.000000,2,1.584615e-01,
MGA->-HNF1A MGA->-PTCH1 PIK3CA->-HNF1A PIK3CA->-MGA PIK3CA->-PTCH1 PTCH1->-HNF1A,4,6,2.000000,2,4.442926e-04,
FOXA1->-KMT2C FOXA1->-PLK2 PLK2->-KMT2C,3,3,2.000000,2,1.125000e-02,
PIK3CA->-KMT2C PIK3CA->-PLK2 PLK2->-KMT2C,3,3,2.000000,2,3.949926e-02,
FYN->-PLK2 PIK3CA->-FYN PIK3CA->-PLK2,3,3,2.000000,2,9.008621e-03,
DNMT1->-KMT2C,2,1,2.000000,2,1.584615e-01,
PTCH1->-KMT2C,2,1,2.000000,2,8.048316e-01,
MAP3K1->-JAK3,2,1,2.000000,2,1.584615e-01,
MAP3K1->-DNMT1,2,1,2.000000,2,1.584615e-01,
RHOA->-TP53,2,1,2.000000,2,7.548295e-01,
EPHB1->-MAP3K1,2,1,2.000000,2,7.827381e-01,
PTEN->-KMT2D TP53->-KMT2D TP53->-PTEN,3,3,2.000000,2,7.301418e-02,
PIK3CA->-PTEN PIK3CA->-PTPRT PTEN->-PTPRT,3,3,2.000000,2,7.301418e-02,
KMT2D->-MDC1 TP53->-KMT2D TP53->-MDC1,3,3,2.000000,2,2.777778e-02,
NCOR1->-ALK,2,1,2.000000,2,2.500000e-01,
ANKRD11->-KMT2D,2,1,2.000000,2,5.937500e-01,
ANKRD11->-PLK2,2,1,2.000000,2,2.179803e-01,
GATA3->-KDM5A,2,1,2.000000,2,5.000000e-01,
TP53->-YAP1,2,1,2.000000,2,5.000000e-01,
CDH1->-FOXA1 CDH1->-NCOR1 FOXA1->-NCOR1,3,3,2.000000,2,2.777778e-02,
MAP2K4->-SMAD4,2,1,2.000000,2,1.450000e-01,
BRIP1->-ESR1,2,1,2.000000,2,5.000000e-01,
CARD11->-TP53,2,1,2.000000,2,9.902147e-01,
CDKN2A->-CARD11,2,1,2.000000,2,2.500000e-01,
PIK3CA->-BRIP1 PIK3CA->-RUNX1 RUNX1->-BRIP1,3,3,2.000000,2,1.944444e-02,
PIK3CA->-JUN,2,1,2.000000,2,4.321429e-01,
TP53->-FYN,2,1,2.000000,2,2.179803e-01,
TP53->-SH2D1A,2,1,2.000000,2,9.000000e-02,
CDH1->-SOX9,2,1,2.000000,2,5.000000e-01,
PIK3CA->-SOX9,2,1,2.000000,2,6.875000e-01,
BRCA2->-STK11,2,1,2.000000,2,2.500000e-01,
ESR1->-GNAS,2,1,2.000000,2,2.500000e-01,
CDH1->-DNMT3A CDH1->-KDR DNMT3A->-KDR,3,3,2.000000,2,2.777778e-02,
MAP3K1->-DNMT3A,2,1,2.000000,2,2.500000e-01,
MAP3K1->-SPOP,2,1,2.000000,2,6.875000e-01,
TP53->-BCL6,2,1,2.000000,2,3.954545e-01,
BCL6->-NOTCH1 CDH1->-BCL6 CDH1->-NOTCH1,3,3,2.000000,2,2.777778e-02,
ATM->-CDH1 ATM->-PIK3CA CDH1->-PIK3CA,3,3,2.000000,2,1.319444e-01,
ATM->-NOTCH1,2,1,2.000000,2,7.647727e-01,
CDH1->-SF3B1,2,1,2.000000,2,6.125000e-01,
PIK3C2G->-PTPRT TP53->-PIK3C2G TP53->-PTPRT,3,3,2.000000,2,2.777778e-02,
ATM->-NOTCH4 TP53->-ATM TP53->-NOTCH4,3,3,2.000000,2,2.777778e-02,
PIK3CA->-BCL6,2,1,2.000000,2,5.000000e-01,
RB1->-NOTCH1 TP53->-NOTCH1 TP53->-RB1,3,3,2.000000,2,2.777778e-02,
RB1->-PTPRT TP53->-PTPRT TP53->-RB1,3,3,2.000000,2,7.301418e-02,
MAP3K1->-RB1 TP53->-MAP3K1 TP53->-RB1,3,3,2.000000,2,5.371423e-02,
MAP3K1->-NOTCH1 MAP3K1->-PIK3CA PIK3CA->-NOTCH1,3,3,2.000000,2,1.319444e-01,
ATM->-PIK3CA ATM->-SF3B1 PIK3CA->-SF3B1,3,3,2.000000,2,1.388889e-02,
PIK3CA->-REL,2,1,2.000000,2,2.083333e-01,
MAP3K1->-REL TP53->-MAP3K1 TP53->-REL,3,3,2.000000,2,2.777778e-02,
PIK3CA->-SYK,2,1,2.000000,2,2.500000e-01,
MAP3K1->-SF3B1,2,1,2.000000,2,4.166667e-01,
SMAD4->-KMT2C,2,1,2.000000,2,4.250000e-01,
SMAD4->-MAP3K1,2,1,2.000000,2,2.500000e-01,
KMT2C->-MDM2,2,1,2.000000,2,2.500000e-01,
PALB2->-KDM5C,2,1,2.000000,2,2.500000e-01,
DOT1L->-PDGFRA,2,1,2.000000,2,2.500000e-01,
SOX9->-PDGFRA,2,1,2.000000,2,2.500000e-01,
TP53->-TNFAIP3,2,1,2.000000,2,2.500000e-01,
APC->-RB1 TP53->-APC TP53->-RB1,3,3,2.000000,2,7.301418e-02,
APC->-EPHB1 APC->-KMT2D KMT2D->-EPHB1 TP53->-APC TP53->-EPHB1 TP53->-KMT2D,4,6,2.000000,2,1.659714e-03,
TP53->-KEAP1,2,1,2.000000,2,2.500000e-01,
APC->-KEAP1,2,1,2.000000,2,1.750000e-01,
PTEN->-PDGFRA,2,1,2.000000,2,2.500000e-01,
CIC->-RUNX1,2,1,2.000000,2,2.500000e-01,
ARID1B->-PDGFRA,2,1,2.000000,2,2.500000e-01,
EPCAM->-ARID1B,2,1,2.000000,2,2.500000e-01,
ARID1A->-IRF4,2,1,2.000000,2,2.500000e-01,
PIK3CA->-IRF4,2,1,2.000000,2,2.500000e-01,
ARID1A->-ANKRD11,2,1,2.000000,2,5.605655e-01,
JAK1->-ZFHX3,2,1,2.000000,2,2.462121e-01,
JAK1->-TBX3 TP53->-JAK1 TP53->-TBX3,3,3,2.000000,2,2.777778e-02,
TP53->-ARID5B TP53->-ZFHX3 ZFHX3->-ARID5B,3,3,2.000000,2,2.020202e-02,
TBX3->-ZFHX3,2,1,2.000000,2,7.225000e-01,
AKT1->-CIC,2,1,2.000000,2,1.342593e-01,
NCOR1->-ATRX,2,1,2.000000,2,2.500000e-01,
POLE->-ATRX TP53->-ATRX TP53->-POLE,3,3,2.000000,2,2.714184e-02,
POLE->-SMARCA4 TP53->-POLE TP53->-SMARCA4,3,3,2.000000,2,2.714184e-02,
NCOR1->-SMARCA4,2,1,2.000000,2,2.500000e-01,
NCOR1->-POLE TP53->-NCOR1 TP53->-POLE,3,3,2.000000,2,1.455026e-02,
NOTCH1->-CDH1,2,1,2.000000,2,7.958333e-01,
NOTCH1->-GATA3,2,1,2.000000,2,4.045455e-01,
CDH1->-IL7R,2,1,2.000000,2,1.857550e-01,
ANKRD11->-ERBB2,2,1,2.000000,2,1.743842e-01,
AKT1->-NCOR1,2,1,2.000000,2,2.013889e-01,
NOTCH1->-EPHA5,2,1,2.000000,2,2.596429e-01,
MAP3K1->-EPHA5 TP53->-EPHA5 TP53->-MAP3K1,3,3,2.000000,2,1.974679e-02,
GPS2->-ESR1,2,1,2.000000,2,2.166667e-01,
TP53->-NFE2L2,2,1,2.000000,2,1.696429e-01,
IKZF1-/-RET,2,1,2.000000,2,1.250000e-01,
BRCA1->-DNMT1,2,1,2.000000,2,1.904762e-01,
NOTCH3->-CDH1,2,1,2.000000,2,6.875000e-01,
CDH1->-TERT,2,1,2.000000,2,2.500000e-01,
MSH6->-TERT PIK3CA->-MSH6 PIK3CA->-TERT,3,3,2.000000,2,2.777778e-02,
NOTCH3->-PIK3CA,2,1,2.000000,2,9.038773e-01,
ANKRD11->-TBX3,2,1,2.000000,2,8.125000e-01,
ANKRD11->-PIK3CA,2,1,2.000000,2,9.724386e-01,
YAP1->-PIK3CA,2,1,2.000000,2,5.000000e-01,
MAP2K4->-NOTCH2,2,1,2.000000,2,2.500000e-01,
MAP2K4->-MED12,2,1,2.000000,2,4.880952e-01,
MED12->-PIK3CA,2,1,2.000000,2,9.935584e-01,
TP53->-SMAD3,2,1,2.000000,2,2.500000e-01,
MAP2K4->-KMT2C,2,1,2.000000,2,5.000000e-01,
JAK1->-EIF4A2,2,1,2.000000,2,1.346154e-01,
MAP3K1->-EIF4A2,2,1,2.000000,2,9.871795e-02,
PDGFRB->-PIK3CA,2,1,2.000000,2,4.801587e-01,
PIK3CA->-BCL2L11,2,1,2.000000,2,1.428571e-01,
FOXA1->-CDK8,2,1,2.000000,2,1.666667e-01,
JAK3->-GATA3 MAP2K4->-GATA3 MAP2K4->-JAK3,3,3,2.000000,2,1.782407e-02,
MEN1->-NCOR1,2,1,2.000000,2,2.500000e-01,
MEN1->-MAP2K4,2,1,2.000000,2,5.000000e-01,
CDH1->-NOTCH3,2,1,2.000000,2,6.875000e-01,
PIK3CA->-MYD88,2,1,2.000000,2,5.000000e-01,
TP53->-RAD51,2,1,2.000000,2,2.500000e-01,
TBX3->-CBFB,2,1,2.000000,2,6.875000e-01,
TBX3->-EPHA5,2,1,2.000000,2,2.500000e-01,
RET->-BCOR,2,1,2.000000,2,2.500000e-01,
HIST3H3->-PIK3CA,2,1,2.000000,2,6.250000e-01,
IDH1->-GATA3,2,1,2.000000,2,2.500000e-01,
MAP3K1->-EPCAM,2,1,2.000000,2,4.708333e-01,
TP53->-FUBP1,2,1,2.000000,2,4.679803e-01,
CDH1->-MLH1 TP53->-CDH1 TP53->-MLH1,3,3,2.000000,2,2.224351e-02,
TP53->-PPP6C,2,1,2.000000,2,1.764602e-01,
CDH1->-KRAS,2,1,2.000000,2,2.179803e-01,
CDH1->-MEN1 CDH1->-PIK3CA CDH1->-PLK2 MEN1->-PLK2 PIK3CA->-MEN1 PIK3CA->-PLK2,4,6,2.000000,2,1.282841e-03,
CDH1->-CREBBP CDH1->-MEN1 CDH1->-PIK3CA MEN1->-CREBBP PIK3CA->-CREBBP PIK3CA->-MEN1,4,6,2.000000,2,1.282841e-03,
CDH1->-ARID5B CDH1->-MEN1 CDH1->-PIK3CA MEN1->-ARID5B PIK3CA->-ARID5B PIK3CA->-MEN1,4,6,2.000000,2,1.282841e-03,
CDH1->-KMT2C CDH1->-MEN1 CDH1->-PIK3CA MEN1->-KMT2C PIK3CA->-KMT2C PIK3CA->-MEN1,4,6,2.000000,2,1.282841e-03,
MAP3K13->-CREBBP,2,1,2.000000,2,2.179803e-01,
CDH1->-CREBBP CDH1->-RAD50 RAD50->-CREBBP,3,3,2.000000,2,2.224351e-02,
CDH1->-CREBBP CDH1->-KIT KIT->-CREBBP,3,3,2.000000,2,2.224351e-02,
PIK3CA->-CREBBP PIK3CA->-RICTOR RICTOR->-CREBBP,3,3,2.000000,2,7.944110e-03,
RICTOR->-CREBBP TP53->-CREBBP TP53->-RICTOR,3,3,2.000000,2,7.944110e-03,
CREBBP->-PARP1,2,1,2.000000,2,2.179803e-01,
TP53->-PARP1 TP53->-YES1 YES1->-PARP1,3,3,2.000000,2,2.224351e-02,
PIK3CA->-PARP1 PIK3CA->-YES1 YES1->-PARP1,3,3,2.000000,2,2.224351e-02,
MAP3K13->-PIK3CA,2,1,2.000000,2,6.634852e-01,
MAP3K13->-MEN1,2,1,2.000000,2,2.179803e-01,
RAD50->-RICTOR TP53->-RAD50 TP53->-RICTOR,3,3,2.000000,2,2.224351e-02,
STAG2->-PARP1,2,1,2.000000,2,2.179803e-01,
ANKRD11->-STAG2,2,1,2.000000,2,2.179803e-01,
MLH1->-PIK3CA,2,1,2.000000,2,4.679803e-01,
ANKRD11->-PTPRD,2,1,2.000000,2,2.179803e-01,
PTEN->-RB1,2,1,2.000000,2,4.646825e-01,
CDH1->-NOTCH1 CDH1->-PTEN PTEN->-NOTCH1,3,3,2.000000,2,1.805556e-02,
CDH1->-KDM5C CDH1->-PTEN PTEN->-KDM5C,3,3,2.000000,2,1.805556e-02,
ASXL2->-KDM5C,2,1,2.000000,2,2.166667e-01,
SMARCB1->-FLT3,2,1,2.000000,2,2.500000e-01,
CDH1->-PIK3CA CDH1->-SMARCB1 SMARCB1->-PIK3CA,3,3,2.000000,2,1.587302e-02,
JAK1->-SETD2,2,1,2.000000,2,2.500000e-01,
JAK1->-CREBBP,2,1,2.000000,2,2.500000e-01,
JAK1->-ARID2,2,1,2.000000,2,2.142857e-01,
JAK1->-APC,2,1,2.000000,2,2.500000e-01,
ARID1A->-ARID2 ARID1A->-FLT3 ARID2->-FLT3,3,3,2.000000,2,2.777778e-02,
FLT3->-PIK3CA,2,1,2.000000,2,7.875000e-01,
CDH1->-SETD2 CDH1->-STK11 SETD2->-STK11,3,3,2.000000,2,7.407407e-02,
APC->-SETD2,2,1,2.000000,2,2.480159e-01,
ASXL1->-CREBBP,2,1,2.000000,2,5.000000e-01,
ASXL1->-ABL1,2,1,2.000000,2,2.500000e-01,
JAK2->-BLM JAK2->-MAP3K13 MAP3K13->-BLM,3,3,2.000000,2,1.190476e-02,
JAK2->-PIK3CA LATS2->-JAK2 LATS2->-PIK3CA,3,3,2.000000,2,2.777778e-02,
CDH1->-JAK2 CDH1->-PIK3CA JAK2->-PIK3CA,3,3,2.000000,2,8.854167e-02,
BLM->-STK11,2,1,2.000000,2,2.389706e-01,
CD274->-ABL1,2,1,2.000000,2,2.500000e-01,
PIK3CA->-CD274,2,1,2.000000,2,6.071429e-01,
PIK3CA->-SUZ12,2,1,2.000000,2,6.174428e-01,
APC->-BLM APC->-ERCC4 BLM->-ERCC4 CDH1->-APC CDH1->-BLM CDH1->-ERCC4,4,6,2.000000,2,1.736111e-03,
PIK3R3->-BLM,2,1,2.000000,2,2.500000e-01,
APC->-PIK3C2G APC->-SDHC CDH1->-APC CDH1->-PIK3C2G CDH1->-SDHC PIK3C2G->-SDHC,4,6,2.000000,2,1.478909e-03,
CDH1->-MED12 CDH1->-SDHC MED12->-SDHC,3,3,2.000000,2,2.469136e-02,
APC->-RAD50 APC->-SDHC CDH1->-APC CDH1->-RAD50 CDH1->-SDHC RAD50->-SDHC,4,6,2.000000,2,1.478909e-03,
LATS2->-ASXL1,2,1,2.000000,2,2.500000e-01,
CDKN1A->-PIK3CA,2,1,2.000000,2,7.404101e-01,
PIK3C2G->-ERCC4,2,1,2.000000,2,2.500000e-01,
ASXL1->-PIK3CA PIK3R3->-ASXL1 PIK3R3->-PIK3CA,3,3,2.000000,2,2.777778e-02,
ERCC3->-PIK3CA,2,1,2.000000,2,5.000000e-01,
RAD50->-PIK3CA,2,1,2.000000,2,9.599475e-01,
CDH1->-ERCC3,2,1,2.000000,2,5.000000e-01,
ARID1A->-ERCC4 ARID1A->-IKZF1 IKZF1->-ERCC4,3,3,2.000000,2,2.777778e-02,
ARID1A->-PIK3R3,2,1,2.000000,2,2.500000e-01,
PTEN->-ERBB3,2,1,2.000000,2,2.500000e-01,
PTEN->-BARD1 TP53->-BARD1 TP53->-PTEN,3,3,2.000000,2,1.388889e-02,
TP53->-CTNNB1,2,1,2.000000,2,2.250000e-01,
ZFHX3->-KMT2D,2,1,2.000000,2,2.500000e-01,
KMT2D->-ERBB3 TP53->-ERBB3 TP53->-KMT2D,3,3,2.000000,2,2.777778e-02,
ERBB3->-KMT2C TP53->-ERBB3 TP53->-KMT2C,3,3,2.000000,2,3.235780e-02,
TP53->-SUFU,2,1,2.000000,2,1.131313e-01,
KLF4->-NCOR1,2,1,2.000000,2,1.944444e-01,
KLF4->-MED12,2,1,2.000000,2,1.944444e-01,
NOTCH3->-FAT1,2,1,2.000000,2,2.166667e-01,
NCOR1-/-PIK3CA,2,1,2.000000,2,4.852580e-01,
ESR1->-IRF4,2,1,2.000000,2,1.904762e-01,
RUNX1->-RPTOR,2,1,2.000000,2,2.500000e-01,
CDH1->-MCL1,2,1,2.000000,2,2.500000e-01,
RUNX1->-CDKN2A,2,1,2.000000,2,2.500000e-01,
NCOR1->-KMT2C,2,1,2.000000,2,9.603693e-01,
RUNX1->-KMT2C,2,1,2.000000,2,6.875000e-01,
TP53->-MDM2,2,1,2.000000,2,2.500000e-01,
KMT2C->-KMT2A KMT2C->-TSC2 TSC2->-KMT2A,3,3,2.000000,2,2.777778e-02,
KMT2C->-TP63,2,1,2.000000,2,5.000000e-01,
TSC2->-KMT2D,2,1,2.000000,2,4.222222e-01,
MED12->-KMT2D TP53->-KMT2D TP53->-MED12,3,3,2.000000,2,2.777778e-02,
KMT2C->-MED12 KMT2C->-TSC2 TSC2->-MED12,3,3,2.000000,2,2.469136e-02,
CIC->-SF3B1 PIK3CA->-CIC PIK3CA->-SF3B1,3,3,2.000000,2,2.777778e-02,
FAT1->-MSH6 PIK3CA->-FAT1 PIK3CA->-MSH6,3,3,2.000000,2,2.777778e-02,
TP53->-TCF3,2,1,2.000000,2,2.090909e-01,
RUNX1->-AURKA TP53->-AURKA TP53->-RUNX1,3,3,2.000000,2,6.944444e-03,
PIK3CG->-SETD2,2,1,2.000000,2,3.608425e-01,
PIK3CG->-TET2,2,1,2.000000,2,2.023810e-01,
SETD2->-PTCH1 TP53->-PTCH1 TP53->-SETD2,3,3,2.000000,2,2.714184e-02,
PIK3CA->-PTCH1 PIK3CA->-SETD2 SETD2->-PTCH1,3,3,2.000000,2,4.572014e-02,
PIK3CA->-MGA PIK3CA->-SETD2 SETD2->-MGA,3,3,2.000000,2,9.634436e-02,
SETD2->-MGA TP53->-MGA TP53->-SETD2,3,3,2.000000,2,2.714184e-02,
RB1->-PIK3CG,2,1,2.000000,2,2.500000e-01,
PIK3CA->-CARD11 PIK3CA->-RUNX1 RUNX1->-CARD11,3,3,2.000000,2,2.777778e-02,
RUNX1->-CARD11 TP53->-CARD11 TP53->-RUNX1,3,3,2.000000,2,2.777778e-02,
RUNX1->-MSH6 TP53->-MSH6 TP53->-RUNX1,3,3,2.000000,2,2.777778e-02,
PIK3CA->-MSH6 PIK3CA->-RUNX1 RUNX1->-MSH6,3,3,2.000000,2,2.777778e-02,
RUNX1->-MGA TP53->-MGA TP53->-RUNX1,3,3,2.000000,2,2.777778e-02,
PIK3CA->-MGA PIK3CA->-RUNX1 RUNX1->-MGA,3,3,2.000000,2,7.407407e-02,
KMT2A->-MED12,2,1,2.000000,2,6.188462e-01,
MSH6->-KMT2A,2,1,2.000000,2,2.500000e-01,
TET1->-NF1,2,1,2.000000,2,1.964286e-01,
NCOR1->-NF1,2,1,2.000000,2,7.910714e-01,
STAT3->-NF1,2,1,2.000000,2,2.500000e-01,
MGA->-FLT4,2,1,2.000000,2,5.000000e-01,
NCOR1->-PTCH1 PIK3CA->-NCOR1 PIK3CA->-PTCH1,3,3,2.000000,2,2.777778e-02,
TP53->-IKBKE,2,1,2.000000,2,2.500000e-01,
BARD1->-AKT1 TP53->-AKT1 TP53->-BARD1,3,3,2.000000,2,1.388889e-02,
NCOR1->-BRIP1,2,1,2.000000,2,2.142857e-01,
ATR->-RUNX1 PIK3CA->-ATR PIK3CA->-RUNX1,3,3,2.000000,2,7.407407e-02,
BARD1->-PIK3CA,2,1,2.000000,2,8.185587e-01,
STK11->-MAP2K2,2,1,2.000000,2,1.991422e-01,
TP53->-ALOX12B,2,1,2.000000,2,3.184524e-01,
MAP2K4->-XPO1,2,1,2.000000,2,1.750000e-01,
APC->-XPO1,2,1,2.000000,2,1.750000e-01,
MEN1->-NOTCH3,2,1,2.000000,2,2.500000e-01,
GATA3->-NOTCH3,2,1,2.000000,2,2.500000e-01,
TRAF7->-GATA3,2,1,2.000000,2,2.500000e-01,
ZFHX3->-ATM,2,1,2.000000,2,4.357143e-01,
ZFHX3->-NF1,2,1,2.000000,2,5.000000e-01,
APC->-NF1 CDH1->-APC CDH1->-NF1,3,3,2.000000,2,5.405418e-02,
CDH1->-SPOP,2,1,2.000000,2,5.000000e-01,
PIK3CA->-PNRC1,2,1,2.000000,2,2.500000e-01,
TET1->-ESR1,2,1,2.000000,2,6.699561e-01,
RB1->-ESR1,2,1,2.000000,2,2.500000e-01,
CDH1->-PALB2,2,1,2.000000,2,5.000000e-01,
CDH1->-NFE2L2,2,1,2.000000,2,2.321937e-01,
PIK3CA->-NFE2L2,2,1,2.000000,2,2.500000e-01,
ARID1A->-NOTCH3,2,1,2.000000,2,2.500000e-01,
KMT2A->-NFE2L2 KMT2A->-SPEN NFE2L2->-SPEN,3,3,2.000000,2,2.777778e-02,
ROS1->-NFE2L2,2,1,2.000000,2,2.500000e-01,
ROS1->-SPEN,2,1,2.000000,2,2.500000e-01,
ROS1->-NF2,2,1,2.000000,2,2.500000e-01,
TP53->-MRE11A,2,1,2.000000,2,2.500000e-01,
PIK3CA->-MDM2,2,1,2.000000,2,2.500000e-01,
ESR1->-NFE2L2,2,1,2.000000,2,2.500000e-01,
ARID1A->-RUNX1 PTEN->-ARID1A PTEN->-RUNX1,3,3,2.000000,2,2.777778e-02,
ESR1->-FUBP1,2,1,2.000000,2,2.500000e-01,
KDM5C->-ESR1,2,1,2.000000,2,6.375000e-01,
ARID5B->-PALB2 TP53->-ARID5B TP53->-PALB2,3,3,2.000000,2,6.535948e-03,
PTEN->-BRCA2,2,1,2.000000,2,3.606061e-01,
SMAD4->-PIK3CA,2,1,2.000000,2,9.419988e-01,
SMAD4->-KDM5C,2,1,2.000000,2,5.000000e-01,
RHOA->-GRIN2A,2,1,2.000000,2,2.500000e-01,
ARID1A->-GRIN2A ARID1A->-IKZF1 IKZF1->-GRIN2A,3,3,2.000000,2,6.944444e-03,
GRIN2A->-PIK3CA,2,1,2.000000,2,9.218750e-01,
NOTCH3->-BRCA2,2,1,2.000000,2,2.500000e-01,
TBX3->-PTPRD,2,1,2.000000,2,2.500000e-01,
SOX9->-TBX3,2,1,2.000000,2,5.000000e-01,
ATM->-HGF,2,1,2.000000,2,2.500000e-01,
PIK3CA->-HGF,2,1,2.000000,2,3.707602e-01,
SMAD4->-FAT1,2,1,2.000000,2,2.500000e-01,
NF1->-MAP2K4,2,1,2.000000,2,5.859184e-01,
ATR->-PIK3CA,2,1,2.000000,2,9.996168e-01,
KMT2C->-PPP2R1A,2,1,2.000000,2,2.500000e-01,
PPP2R1A->-PIK3CA,2,1,2.000000,2,8.750000e-01,
SPEN->-DNMT3A,2,1,2.000000,2,4.690476e-01,
ESR1->-HIST1H3B,2,1,2.000000,2,1.500000e-01,
TP53->-FGF3,2,1,2.000000,2,2.250000e-01,
RB1->-PIK3R1,2,1,2.000000,2,2.250000e-01,
SPEN->-PIK3R1,2,1,2.000000,2,4.750000e-01,
STAG2->-AXL,2,1,2.000000,2,2.500000e-01,
CDK8->-KRAS,2,1,2.000000,2,2.500000e-01,
CDK8->-PIK3CA,2,1,2.000000,2,5.711806e-01,
PIK3CA->-RPS6KA4,2,1,2.000000,2,4.017857e-01,
PIK3CA->-RARA,2,1,2.000000,2,1.517857e-01,
NSD1->-RAD50,2,1,2.000000,2,1.934948e-01,
STAG2->-PTEN STAG2->-TP53 TP53->-PTEN,3,3,2.000000,2,3.935185e-02,
PTEN->-PIK3C2G,2,1,2.000000,2,2.321937e-01,
NOTCH1->-NCOR1,2,1,2.000000,2,2.500000e-01,
SPEN->-NCOR1,2,1,2.000000,2,5.000000e-01,
NF1->-MTOR,2,1,2.000000,2,4.571429e-01,
FOXA1->-DOT1L,2,1,2.000000,2,6.428571e-01,
GATA3->-DOT1L,2,1,2.000000,2,2.500000e-01,
NSD1->-DOT1L,2,1,2.000000,2,4.821937e-01,
CDH1->-BTK,2,1,2.000000,2,2.500000e-01,
FGFR4->-AKT1,2,1,2.000000,2,1.180556e-01,
AKT1->-XPO1 CDH1->-AKT1 CDH1->-XPO1,3,3,2.000000,2,2.777778e-02,
BRCA2->-FAT1,2,1,2.000000,2,4.272727e-01,
FAT1->-AR,2,1,2.000000,2,2.500000e-01,
PIK3R1->-AR,2,1,2.000000,2,2.500000e-01,
CDH1->-FAT1 MTOR->-CDH1 MTOR->-FAT1,3,3,2.000000,2,2.777778e-02,
CDH1->-PIK3R1,2,1,2.000000,2,4.821937e-01,
BRCA2->-MTOR BRCA2->-XPO1 MTOR->-XPO1,3,3,2.000000,2,2.777778e-02,
MTOR->-AR,2,1,2.000000,2,3.680556e-01,
KMT2C->-AR,2,1,2.000000,2,7.118056e-01,
KMT2C->-NOTCH3 KMT2C->-XPO1 NOTCH3->-XPO1,3,3,2.000000,2,2.777778e-02,
SPEN->-XPO1,2,1,2.000000,2,2.500000e-01,
NOTCH3->-PIK3R1,2,1,2.000000,2,2.500000e-01,
TP53->-HLA-A,2,1,2.000000,2,2.500000e-01,
TP53->-RPS6KB2,2,1,2.000000,2,2.500000e-01,
TP53->-NUP93,2,1,2.000000,2,5.000000e-01,
RUNX1->-INSR,2,1,2.000000,2,2.500000e-01,
APC->-RUNX1,2,1,2.000000,2,2.500000e-01,
PIK3CA->-PARP1 PIK3CA->-RUNX1 RUNX1->-PARP1,3,3,2.000000,2,2.777778e-02,
NUP93->-PARP1 PIK3CA->-NUP93 PIK3CA->-PARP1,3,3,2.000000,2,2.777778e-02,
ARID2->-KMT2D ERCC5->-ARID2 ERCC5->-KMT2D PIK3CA->-ARID2 PIK3CA->-ERCC5 PIK3CA->-KMT2D,4,6,2.000000,2,1.736111e-03,
ARID2->-KMT2D ERCC5->-ARID2 ERCC5->-KMT2D TP53->-ARID2 TP53->-ERCC5 TP53->-KMT2D,4,6,2.000000,2,1.736111e-03,
ATR->-ARID2 PIK3CA->-ARID2 PIK3CA->-ATR PIK3CA->-PTPRS PTPRS->-ARID2 PTPRS->-ATR,4,6,2.000000,2,1.736111e-03,
NOTCH4->-KMT2D TP53->-KMT2D TP53->-NOTCH4,3,3,2.000000,2,5.501089e-02,
ATR->-KMT2D PIK3CA->-ATR PIK3CA->-KMT2D,3,3,2.000000,2,7.301418e-02,
FGFR4->-MSH6 TP53->-FGFR4 TP53->-MSH6,3,3,2.000000,2,7.575758e-03,
APC->-PARP1,2,1,2.000000,2,4.071937e-01,
PTPRS->-PARP1,2,1,2.000000,2,2.321937e-01,
FLT4->-APC TP53->-APC TP53->-FLT4,3,3,2.000000,2,3.968254e-03,
TP53->-FLCN,2,1,2.000000,2,5.000000e-01,
BRCA1->-CREBBP BRCA1->-KMT2C CREBBP->-KMT2C,3,3,2.000000,2,2.777778e-02,
PIK3C2G->-KMT2C,2,1,2.000000,2,4.821937e-01,
CREBBP->-KMT2C CREBBP->-NCOR1 KMT2C->-NCOR1,3,3,2.000000,2,2.777778e-02,
CDH1->-PIK3CA FLCN->-CDH1 FLCN->-PIK3CA,3,3,2.000000,2,2.777778e-02,
KMT2D->-NCOR1 SMAD2->-KMT2D SMAD2->-NCOR1,3,3,2.000000,2,2.777778e-02,
ERCC4->-NCOR1,2,1,2.000000,2,3.846154e-01,
KMT2D->-FGFR2 TP53->-FGFR2 TP53->-KMT2D,3,3,2.000000,2,2.714184e-02,
PTPRT->-FGFR2 TP53->-FGFR2 TP53->-PTPRT,3,3,2.000000,2,2.714184e-02,
RAD51->-KMT2D,2,1,2.000000,2,2.500000e-01,
FOXP1->-PTPRT,2,1,2.000000,2,5.000000e-01,
AKT1->-TBX3,2,1,2.000000,2,2.500000e-01,
ARID2->-EPHA5 TP53->-ARID2 TP53->-EPHA5,3,3,2.000000,2,1.306196e-01,
ZFHX3->-ARID2,2,1,2.000000,2,2.500000e-01,
CBFB->-MAP2K4,2,1,2.000000,2,2.250000e-01,
CTCF->-ERBB3 MAP3K1->-CTCF MAP3K1->-ERBB3,3,3,2.000000,2,2.256944e-02,
ATM->-JUN,2,1,2.000000,2,2.500000e-01,
FBXW7->-PIK3CA,2,1,2.000000,2,8.539583e-01,
RHOA->-TBX3,2,1,2.000000,2,2.410714e-01,
FAT1->-RB1,2,1,2.000000,2,6.864035e-01,
PIK3CA->-GATA3 ROS1->-GATA3 ROS1->-PIK3CA,3,3,2.000000,2,2.777778e-02,
PIK3CA->-GATA3 STK11->-GATA3 STK11->-PIK3CA,3,3,2.000000,2,2.446895e-02,
NF2->-GATA3 PIK3CA->-GATA3 PIK3CA->-NF2,3,3,2.000000,2,9.090909e-03,
FGFR4->-ROS1,2,1,2.000000,2,2.462121e-01,
TP53->-ASXL2,2,1,2.000000,2,4.000000e-01,
KMT2A->-ASXL2,2,1,2.000000,2,1.500000e-01,
TP53->-EPHA3,2,1,2.000000,2,5.000000e-01,
TP53->-PPP2R1A,2,1,2.000000,2,1.409091e-01,
AKT2->-PTPRT,2,1,2.000000,2,2.500000e-01,
RICTOR->-ESR1,2,1,2.000000,2,7.696498e-01,
SUZ12->-PIK3CA,2,1,2.000000,2,6.174428e-01,
SMAD4->-ERCC4,2,1,2.000000,2,2.500000e-01,
BLM->-FAT1 BLM->-KDR FAT1->-KDR,3,3,2.000000,2,2.446895e-02,
DNMT3A->-FAT1,2,1,2.000000,2,4.690476e-01,
DNMT1->-SPEN,2,1,2.000000,2,2.500000e-01,
APC->-DNMT1,2,1,2.000000,2,5.000000e-01,
APC->-SPEN,2,1,2.000000,2,7.647727e-01,
FOXP1->-PTEN,2,1,2.000000,2,2.500000e-01,
TET2->-SETD2 TP53->-SETD2 TP53->-TET2,3,3,2.000000,2,9.054233e-02,
MAP2K4->-SETD2,2,1,2.000000,2,2.142857e-01,
AKT1->-SETD2,2,1,2.000000,2,2.142857e-01,
CDH1->-AXIN2,2,1,2.000000,2,2.500000e-01,
SMAD2->-RFWD2,2,1,2.000000,2,2.500000e-01,
AKT1->-DNMT1,2,1,2.000000,2,5.000000e-01,
AKT1->-RAD50,2,1,2.000000,2,2.500000e-01,
KMT2C->-NSD1,2,1,2.000000,2,8.035969e-01,
MAP2K4->-ARID2,2,1,2.000000,2,2.500000e-01,
CDH1->-RET,2,1,2.000000,2,2.500000e-01,
ARID1A->-SMAD4,2,1,2.000000,2,5.000000e-01,
SMAD4->-RFWD2,2,1,2.000000,2,2.500000e-01,
KMT2C->-EP300 KMT2D->-EP300 KMT2D->-KMT2C,3,3,2.000000,2,2.446895e-02,
LATS1->-ATR,2,1,2.000000,2,2.500000e-01,
NCOR1->-CDC73,2,1,2.000000,2,1.527778e-01,
ROS1->-MYC,2,1,2.000000,2,1.500000e-01,
ARID1A->-MYC,2,1,2.000000,2,5.239583e-01,
SMAD2->-BCOR,2,1,2.000000,2,1.833333e-01,
KMT2D->-FGF4 PIK3CA->-FGF4 PIK3CA->-KMT2D,3,3,2.000000,2,1.633987e-02,
TSC2->-KMT2C,2,1,2.000000,2,8.613620e-01,
LATS1->-ARID1A,2,1,2.000000,2,1.772727e-01,
ARID1A->-KDM5C PIK3CA->-ARID1A PIK3CA->-KDM5C,3,3,2.000000,2,7.407407e-02,
LATS1->-RFWD2,2,1,2.000000,2,2.500000e-01,
BCOR->-TSC2,2,1,2.000000,2,2.500000e-01,
NCOR1->-IKZF1,2,1,2.000000,2,4.027778e-01,
GATA3->-BRCA1,2,1,2.000000,2,7.319444e-01,
GATA3->-BCOR,2,1,2.000000,2,2.500000e-01,
PIK3CA-/-RECQL4,2,1,2.000000,2,5.798541e-01,
IRS2->-FLT4 TP53->-FLT4 TP53->-IRS2,3,3,2.000000,2,1.990741e-03,
RPS6KA4->-GATA3,2,1,2.000000,2,3.065476e-01,
CREBBP-/-PIK3CA,2,1,2.000000,2,6.502800e-01,
ASXL2->-TBX3,2,1,2.000000,2,2.500000e-01,
CDH1->-ASXL2,2,1,2.000000,2,4.666667e-01,
ASXL2->-ARID1A,2,1,2.000000,2,5.000000e-01,
FOXA1->-KMT2A FOXA1->-PIK3CA PIK3CA->-KMT2A,3,3,2.000000,2,4.652778e-02,
FOXA1->-ARID1B,2,1,2.000000,2,2.500000e-01,
KDR->-KMT2A,2,1,2.000000,2,2.500000e-01,
ARID1B->-KMT2A ARID1B->-PIK3CA PIK3CA->-KMT2A,3,3,2.000000,2,2.777778e-02,
ARID1B->-KDR,2,1,2.000000,2,2.389706e-01,
KDM6A->-KDR KDM6A->-PIK3CA PIK3CA->-KDR,3,3,2.000000,2,1.909722e-02,
AKT1->-GPS2,2,1,2.000000,2,4.250000e-01,
GPS2->-JAK2,2,1,2.000000,2,2.500000e-01,
EPHA5->-TP53,2,1,2.000000,2,9.937398e-01,
PIK3CA->-MYCN,2,1,2.000000,2,2.500000e-01,
GATA3->-NOTCH4,2,1,2.000000,2,2.000000e-01,
GATA3->-DICER1,2,1,2.000000,2,2.500000e-01,
GATA3->-HIST1H1C,2,1,2.000000,2,2.500000e-01,
PIK3CA->-SHQ1,2,1,2.000000,2,2.190476e-01,
BLM->-GATA3,2,1,2.000000,2,4.389706e-01,
FAT1->-GATA3,2,1,2.000000,2,8.566286e-01,
GATA3-/-TP53,2,1,2.000000,2,8.666267e-01,
CDH1->-PIK3CA RAD52->-CDH1 RAD52->-PIK3CA,3,3,2.000000,2,2.446895e-02,
CDH1->-PIK3CA STK11->-CDH1 STK11->-PIK3CA,3,3,2.000000,2,6.855937e-02,
ARID1B->-GATA3,2,1,2.000000,2,4.889706e-01,
STK11->-PTCH1,2,1,2.000000,2,2.389706e-01,
MAP2K2->-KMT2C,2,1,2.000000,2,2.389706e-01,
MGA->-KMT2A,2,1,2.000000,2,5.654240e-01,
MGA->-ARID1A,2,1,2.000000,2,4.384921e-01,
MGA-/-PIK3CA,2,1,2.000000,2,4.543638e-01,
TP53->-MALT1,2,1,2.000000,2,2.500000e-01,
MAP3K1->-ALK,2,1,2.000000,2,6.238889e-01,
MAP3K1->-KLF4,2,1,2.000000,2,2.500000e-01,
TBX3-/-ZFHX3,2,1,2.000000,2,1.066667e-01,
TP53->-PLCG2,2,1,2.000000,2,9.953704e-02,
TP53->-CD79B,2,1,2.000000,2,1.231481e-01,
TP53->-SMAD4,2,1,2.000000,2,8.125000e-01,
ERBB3->-CARD11 TP53->-CARD11 TP53->-ERBB3,3,3,2.000000,2,2.867031e-02,
TBX3->-NCOA3,2,1,2.000000,2,2.500000e-01,
PTCH1->-PAK7 TBX3->-PAK7 TBX3->-PTCH1,3,3,2.000000,2,2.777778e-02,
PTCH1->-PAK7 SOX9->-PAK7 SOX9->-PTCH1,3,3,2.000000,2,2.777778e-02,
TBX3->-IKZF1,2,1,2.000000,2,1.527778e-01,
AKT1->-CTCF AKT1->-PTCH1 CTCF->-PTCH1,3,3,2.000000,2,1.111111e-02,
PIK3CA->-MEF2B,2,1,2.000000,2,2.500000e-01,
KDM5C->-MAP3K1,2,1,2.000000,2,2.500000e-01,
CBFB->-MEN1,2,1,2.000000,2,2.500000e-01,
GLI1->-GATA3,2,1,2.000000,2,2.500000e-01,
NOTCH3->-BLM TP53->-BLM TP53->-NOTCH3,3,3,2.000000,2,1.190476e-02,
GATA3->-AKT1,2,1,2.000000,2,9.890563e-01,
SPEN->-PTPRD,2,1,2.000000,2,2.500000e-01,
MDC1->-TP53,2,1,2.000000,2,9.581327e-01,
KMT2A->-NOTCH1,2,1,2.000000,2,2.500000e-01,
JAK1->-MDC1,2,1,2.000000,2,2.500000e-01,
RAD52->-BRCA1,2,1,2.000000,2,1.666667e-01,
MDC1->-CREBBP,2,1,2.000000,2,5.000000e-01,
IDH1->-SETD2 TP53->-IDH1 TP53->-SETD2,3,3,2.000000,2,2.714184e-02,
CHEK2->-CREBBP,2,1,2.000000,2,1.833333e-01,
IDH1->-PIK3CA,2,1,2.000000,2,6.108135e-01,
BRCA2->-ARID2,2,1,2.000000,2,2.142857e-01,
BRCA2->-GATA3,2,1,2.000000,2,6.446429e-01,
KMT2C->-ARID2,2,1,2.000000,2,6.875000e-01,
FAT1->-TET1,2,1,2.000000,2,8.591772e-01,
MDC1->-FAT1,2,1,2.000000,2,2.190476e-01,
GATA3->-TET1,2,1,2.000000,2,2.000000e-01,
ESR1->-POLD1,2,1,2.000000,2,2.500000e-01,
CARD11->-PBRM1,2,1,2.000000,2,3.954545e-01,
CARD11->-ESR1,2,1,2.000000,2,3.667181e-01,
FOXA1->-PTEN,2,1,2.000000,2,7.050769e-01,
PTPRS->-MGA STK11->-MGA STK11->-PTPRS,3,3,2.000000,2,1.319444e-02,
PTPRS->-PIK3CA STK11->-PIK3CA STK11->-PTPRS,3,3,2.000000,2,1.319444e-02,
CDH1->-RUNX1 CDH1->-TBX3 RUNX1->-TBX3,3,3,2.000000,2,1.319444e-01,
PIK3CG->-CDC73,2,1,2.000000,2,2.023810e-01,
ARAF->-PIK3CA,2,1,2.000000,2,7.170209e-01,
KMT2D->-FLT3,2,1,2.000000,2,2.500000e-01,
ARID1A->-ERBB3 TP53->-ARID1A TP53->-ERBB3,3,3,2.000000,2,7.575758e-03,
NF1->-FLT3,2,1,2.000000,2,2.000000e-01,
NF1->-ARID2 PIK3CA->-ARID2 PIK3CA->-NF1,3,3,2.000000,2,2.777778e-02,
MAP2K4->-PTPRS,2,1,2.000000,2,4.500000e-01,
EP300->-TP53,2,1,2.000000,2,9.928545e-01,
ARID1B->-NFE2L2,2,1,2.000000,2,4.821937e-01,
NFE2L2->-GATA3,2,1,2.000000,2,2.500000e-01,
FOXA1->-RASA1,2,1,2.000000,2,2.083333e-01,
MAP2K4->-FAT1,2,1,2.000000,2,4.500000e-01,
PDGFRA->-ARID2,2,1,2.000000,2,2.500000e-01,
NF1->-EPHB1,2,1,2.000000,2,2.071429e-01,
PIK3R1->-EPHB1,2,1,2.000000,2,2.500000e-01,
PIK3R1->-NF1,2,1,2.000000,2,9.243412e-01,
FAT1->-IRS1,2,1,2.000000,2,2.500000e-01,
FAT1->-ARID1B TP53->-ARID1B TP53->-FAT1,3,3,2.000000,2,6.855937e-02,
NOTCH2->-FAT1,2,1,2.000000,2,1.547619e-01,
AR->-ARID2 AR->-IRS1 IRS1->-ARID2,3,3,2.000000,2,2.777778e-02,
ARID1B->-ARID2 ARID1B->-IRS1 IRS1->-ARID2,3,3,2.000000,2,2.777778e-02,
EPHA5->-ALK TP53->-ALK TP53->-EPHA5,3,3,2.000000,2,2.777778e-02,
SPEN->-ALK,2,1,2.000000,2,2.500000e-01,
ARID1B->-ROS1 TP53->-ARID1B TP53->-ROS1,3,3,2.000000,2,1.041667e-02,
MAP3K1->-ARID1B,2,1,2.000000,2,6.055912e-01,
MAP3K1->-PIK3R1,2,1,2.000000,2,6.741453e-01,
TET1->-SPEN TP53->-SPEN TP53->-TET1,3,3,2.000000,2,2.777778e-02,
MAP3K1->-ATRX TP53->-ATRX TP53->-MAP3K1,3,3,2.000000,2,2.256944e-02,
TP53->-STAT3,2,1,2.000000,2,4.000000e-01,
JAK3->-PIK3CA,2,1,2.000000,2,8.619984e-01,
CDH1->-ERBB3 CDH1->-TBX3 TBX3->-ERBB3,3,3,2.000000,2,2.777778e-02,
TP53->-HIST1H3J,2,1,2.000000,2,1.100000e-01,
ESR1->-MTOR,2,1,2.000000,2,4.412478e-01,
CTCF->-TP53,2,1,2.000000,2,8.400651e-01,
TP53->-HIST1H3C,2,1,2.000000,2,2.500000e-01,
NF1->-NBN,2,1,2.000000,2,2.500000e-01,
NF1->-STAG2,2,1,2.000000,2,2.142857e-01,
MAP2K4->-NF1 MAP2K4->-TET2 NF1->-TET2,3,3,2.000000,2,1.211582e-02,
RUNX1->-ARID1A,2,1,2.000000,2,7.791667e-01,
FGFR4->-GRIN2A,2,1,2.000000,2,2.462121e-01,
KMT2A->-CD79A,2,1,2.000000,2,2.462121e-01,
FGFR4->-CD79A,2,1,2.000000,2,2.462121e-01,
ROS1->-ATRX,2,1,2.000000,2,4.942280e-01,
MGA->-ATRX,2,1,2.000000,2,2.442581e-01,
MGA->-BCOR,2,1,2.000000,2,2.442581e-01,
JAK1->-ROS1,2,1,2.000000,2,2.462121e-01,
NOTCH3->-PALB2,2,1,2.000000,2,2.500000e-01,
PIK3R1->-EPHA7,2,1,2.000000,2,2.500000e-01,
NOTCH4->-EIF4A2,2,1,2.000000,2,2.500000e-01,
NOTCH4->-FLT4,2,1,2.000000,2,4.767196e-01,
TMPRSS2->-TP53,2,1,2.000000,2,1.444444e-01,
FLT4-/-PBRM1 TP53->-FLT4 TP53->-PBRM1,3,3,2.000000,2,8.249158e-04,
IL7R->-KMT2C,2,1,2.000000,2,2.051045e-01,
ATRX->-KMT2C,2,1,2.000000,2,2.208333e-01,
TP53->-UPF1,2,1,2.000000,2,3.994048e-01,
ERBB4-/-FLT4 TP53->-ERBB4 TP53->-FLT4,3,3,2.000000,2,1.064815e-03,
BRCA2-/-FLT1,2,1,2.000000,2,7.145136e-02,
PIK3CA->-BTK,2,1,2.000000,2,4.583333e-01,
GATA3->-PPP2R1A,2,1,2.000000,2,4.500000e-01,
MGA->-RB1,2,1,2.000000,2,4.980159e-01,
TBX3->-GRIN2A,2,1,2.000000,2,2.500000e-01,
AKT1->-ERBB4,2,1,2.000000,2,1.750000e-01,
KDM6A->-TP53,2,1,2.000000,2,9.704633e-01,
MAP3K1->-PTEN,2,1,2.000000,2,9.868759e-01,
MAP3K1->-DDR2,2,1,2.000000,2,1.401099e-01,
RB1->-CDH1,2,1,2.000000,2,9.492187e-01,
RB1->-SPEN,2,1,2.000000,2,3.750000e-01,
ERBB3->-PTPRD FGFR4->-ERBB3 FGFR4->-PTPRD,3,3,2.000000,2,7.575758e-03,
PIK3CA->-FAM175A,2,1,2.000000,2,3.853704e-01,
CREBBP->-NUP93,2,1,2.000000,2,4.553571e-01,
TBX3->-ARID1A,2,1,2.000000,2,7.240445e-01,
CDH1->-CIC,2,1,2.000000,2,2.071429e-01,
KRAS->-ALK,2,1,2.000000,2,2.500000e-01,
ALK->-ARID1A TP53->-ALK TP53->-ARID1A,3,3,2.000000,2,2.777778e-02,
STK11->-ARID1A,2,1,2.000000,2,5.000000e-01,
SF3B1->-ARID1A,2,1,2.000000,2,2.500000e-01,
NCOR1->-BCOR,2,1,2.000000,2,5.000000e-01,
BCOR->-RUNX1,2,1,2.000000,2,2.500000e-01,
PIK3CA->-RUNX1 PIK3CA->-SF3B1 SF3B1->-RUNX1,3,3,2.000000,2,2.777778e-02,
FANCA->-PARP1 FANCA->-PIK3R1 PIK3R1->-PARP1,3,3,2.000000,2,2.469136e-02,
KMT2C->-TSC2 PTEN->-KMT2C PTEN->-TSC2,3,3,2.000000,2,1.271979e-02,
GATA3->-FGFR2,2,1,2.000000,2,2.500000e-01,
NOTCH3->-ALK,2,1,2.000000,2,2.500000e-01,
PTEN->-MSH2,2,1,2.000000,2,2.500000e-01,
MDC1->-KMT2C PIK3CA->-KMT2C PIK3CA->-MDC1,3,3,2.000000,2,2.777778e-02,
TSC2->-MAP3K1,2,1,2.000000,2,5.476033e-01,
PPP2R1A->-ARID1A,2,1,2.000000,2,3.492424e-01,
GATA3->-KMT2D,2,1,2.000000,2,6.792279e-01,
NF1->-ATR,2,1,2.000000,2,4.250000e-01,
KLF4->-ARID1A,2,1,2.000000,2,2.083333e-01,
ARID1A->-FLT4,2,1,2.000000,2,4.000000e-01,
SETD2->-BCOR,2,1,2.000000,2,2.480159e-01,
PIK3CA->-ARID2 PIK3CA->-PTCH1 PTCH1->-ARID2,3,3,2.000000,2,2.714184e-02,
PIK3CA->-ATR PIK3CA->-PTCH1 PTCH1->-ATR,3,3,2.000000,2,2.714184e-02,
PIK3CA->-GLI1 PIK3CA->-PTCH1 PTCH1->-GLI1,3,3,2.000000,2,2.714184e-02,
HIST1H3I->-HNF1A PIK3CA->-HIST1H3I PIK3CA->-HNF1A,3,3,2.000000,2,2.714184e-02,
HIST1H3I->-HNF1A ROS1->-HIST1H3I ROS1->-HNF1A,3,3,2.000000,2,2.714184e-02,
KMT2D->-ARID1A TP53->-ARID1A TP53->-KMT2D,3,3,2.000000,2,7.301418e-02,
PTCH1->-KMT2D,2,1,2.000000,2,4.869865e-01,
KMT2D->-BCOR,2,1,2.000000,2,4.980159e-01,
PTPRT->-BCOR,2,1,2.000000,2,2.480159e-01,
PIK3CA->-BCOR PIK3CA->-PTCH1 PTCH1->-BCOR,3,3,2.000000,2,2.714184e-02,
HIST1H3I->-GATA3 PIK3CA->-GATA3 PIK3CA->-HIST1H3I,3,3,2.000000,2,2.777778e-02,
LATS2->-GATA3,2,1,2.000000,2,2.500000e-01,
ERBB2->-PIK3CA KMT2C->-ERBB2 KMT2C->-PIK3CA,3,3,2.000000,2,1.834340e-01,
PIK3CA->-HIST1H3J,2,1,2.000000,2,1.545455e-01,
PIK3CA->-ALOX12B,2,1,2.000000,2,2.500000e-01,
ARID2-/-DDR2 ARID2-/-ESR1 ESR1->-DDR2,3,3,2.000000,2,5.036630e-03,
JAK3->-RAD21 TP53->-JAK3 TP53->-RAD21,3,3,2.000000,2,6.832562e-03,
AR->-KMT2A AR->-PIK3CA PIK3CA->-KMT2A,3,3,2.000000,2,2.777778e-02,
AR->-KMT2A AR->-PDGFRA AR->-PTPRS PDGFRA->-KMT2A PDGFRA->-PTPRS PTPRS->-KMT2A,4,6,2.000000,2,1.736111e-03,
ERBB2->-PDGFRA,2,1,2.000000,2,2.500000e-01,
KMT2C->-PDGFRA,2,1,2.000000,2,2.500000e-01,
IRS1->-PTCH1,2,1,2.000000,2,2.500000e-01,
PIK3CA->-AXIN2,2,1,2.000000,2,2.500000e-01,
CDH1->-ERBB2 CDH1->-PTPRS ERBB2->-PTPRS,3,3,2.000000,2,2.777778e-02,
KMT2C->-GLI1,2,1,2.000000,2,4.450549e-01,
PIK3CA->-AXIN1,2,1,2.000000,2,1.400000e-01,
PALB2->-PIK3CA,2,1,2.000000,2,8.394228e-01,
GATA3-/-PTPRS,2,1,2.000000,2,1.272727e-01,
STAG2->-MAP3K1,2,1,2.000000,2,5.000000e-01,
RB1->-PTPRD TP53->-PTPRD TP53->-RB1,3,3,2.000000,2,2.222222e-02,
CBFB->-SF3B1,2,1,2.000000,2,2.500000e-01,
PIK3CB->-IKZF1,2,1,2.000000,2,1.338624e-01,
MDC1->-RAD54L PIK3CA->-MDC1 PIK3CA->-RAD54L,3,3,2.000000,2,2.222222e-02,
PIK3CB->-RAD54L,2,1,2.000000,2,4.165476e-01,
PIK3CA->-PIK3R3,2,1,2.000000,2,6.875000e-01,
CDH1->-MGA,2,1,2.000000,2,1.666667e-01,
PTEN->-INPPL1,2,1,2.000000,2,5.000000e-01,
KMT2B->-KMT2A,2,1,2.000000,2,2.500000e-01,
KMT2D->-FOXP1,2,1,2.000000,2,5.000000e-01,
EGFR-/-KMT2C,2,1,2.000000,2,1.555556e-01,
ARID1A->-ALK,2,1,2.000000,2,6.875000e-01,
ERBB4->-NF2 TP53->-ERBB4 TP53->-NF2,3,3,2.000000,2,4.398148e-03,
AKT1->-SPEN,2,1,2.000000,2,3.214286e-01,
MAP3K1->-RUNX1,2,1,2.000000,2,8.125000e-01,
LATS1->-TP53,2,1,2.000000,2,7.875000e-01,
RET->-PIK3CA,2,1,2.000000,2,4.027778e-01,
TP53->-EED,2,1,2.000000,2,1.500000e-01,
JAK1->-PDGFRB,2,1,2.000000,2,2.142857e-01,
MDC1->-APC NOTCH4->-APC NOTCH4->-MDC1,3,3,2.000000,2,2.777778e-02,
TP53->-PARK2,2,1,2.000000,2,8.571429e-02,
RB1->-HIST1H3G,2,1,2.000000,2,2.500000e-01,
ARID1A-/-DDR2 ARID1A->-FAT1 DDR2-/-FAT1,3,3,2.000000,2,4.796791e-03,
CDKN1B->-ESR1 CDKN1B->-PIK3CA ESR1->-PIK3CA,3,3,2.000000,2,2.777778e-02,
TP53->-EGFL7,2,1,2.000000,2,2.500000e-01,
PTPRT->-KMT2A,2,1,2.000000,2,1.785714e-01,
KMT2B->-PIK3CA,2,1,2.000000,2,5.000000e-01,
KMT2B->-PTPRS,2,1,2.000000,2,2.500000e-01,
PIK3R1->-MAP3K1,2,1,2.000000,2,6.741453e-01,
CDH1->-PIK3CA CDH1->-XPO1 PIK3CA->-XPO1,3,3,2.000000,2,2.777778e-02,
ARID1A->-XPO1,2,1,2.000000,2,2.500000e-01,
NFE2L2-/-PDGFRB,2,1,2.000000,2,1.017501e-02,
FANCA->-MED12,2,1,2.000000,2,2.321937e-01,
CDH1->-EPHA5 CDH1->-PTPRD PTPRD->-EPHA5,3,3,2.000000,2,2.777778e-02,
LATS1->-PIK3CA,2,1,2.000000,2,6.250000e-01,
ERBB3->-ARID2,2,1,2.000000,2,3.901099e-01,
TNFAIP3->-NF1,2,1,2.000000,2,1.964286e-01,
