pattern,n_nodes,n_edges,s_exp,s_theta,pval_exp,pval_theta
CDH1->-PIK3CA,2,1,101.000000,101,2.813798e-12,
TP53->-PIK3CA,2,1,85.000000,85,9.922059e-03,
PIK3CA->-TP53,2,1,69.000000,69,6.069201e-01,
MAP3K1->-PIK3CA,2,1,49.000000,49,2.563949e-02,
PIK3CA->-GATA3,2,1,38.000000,38,4.652563e-01,
TP53->-PTEN,2,1,38.000000,38,1.556156e-05,
GATA3->-PIK3CA,2,1,37.000000,37,5.548432e-01,
PIK3CA->-KMT2C,2,1,34.000000,34,1.914339e-02,
PIK3CA->-MAP3K1,2,1,33.000000,33,9.445499e-01,
CBFB->-PIK3CA,2,1,33.000000,33,1.746838e-06,
TP53->-KMT2C,2,1,29.000000,29,4.246240e-05,
PIK3CA->-KMT2C TP53->-KMT2C TP53->-PIK3CA,3,3,5.000000,5,3.562357e-02,
PIK3CA->-KMT2C PIK3CA->-TP53 TP53->-KMT2C,3,3,3.000000,3,3.151258e-01,
PIK3CA->-CDH1,2,1,29.000000,29,1.000000e+00,
PIK3CA->-FOXA1,2,1,27.000000,27,5.605559e-03,
PIK3CA->-ESR1,2,1,27.000000,27,5.839138e-02,
TP53->-NF1,2,1,27.000000,27,3.536306e-03,
CDH1->-TP53,2,1,25.000000,25,1.334690e-01,
CDH1->-PIK3CA CDH1->-TP53 TP53->-PIK3CA,3,3,2.000000,2,6.571390e-01,
CDH1->-PIK3CA CDH1->-TP53 PIK3CA->-TP53,3,3,3.000000,3,3.660780e-01,
TP53->-MAP3K1,2,1,24.000000,24,1.099110e-04,
MAP3K1->-PIK3CA TP53->-MAP3K1 TP53->-PIK3CA,3,3,3.000000,3,1.412536e-01,
PIK3CA->-MAP3K1 PIK3CA->-TP53 TP53->-MAP3K1,3,3,2.000000,2,4.005427e-01,
TP53->-KMT2D,2,1,24.000000,24,3.188464e-06,
CDH1->-KMT2C,2,1,23.000000,23,3.533571e-04,
CDH1->-KMT2C CDH1->-PIK3CA PIK3CA->-KMT2C,3,3,7.000000,7,2.328100e-03,
CDH1->-KMT2C CDH1->-TP53 TP53->-KMT2C,3,3,2.000000,2,3.351297e-01,
TP53->-RB1,2,1,21.000000,21,5.597395e-03,
CBFB->-GATA3,2,1,21.000000,21,2.657863e-04,
CBFB->-GATA3 CBFB->-PIK3CA PIK3CA->-GATA3,3,3,5.000000,5,6.081315e-02,
CBFB->-GATA3 CBFB->-PIK3CA GATA3->-PIK3CA,3,3,6.000000,6,1.631756e-02,
KMT2C->-PIK3CA,2,1,20.000000,20,9.577476e-01,
KMT2C->-PIK3CA TP53->-KMT2C TP53->-PIK3CA,3,3,3.000000,3,3.151258e-01,
CDH1->-KMT2C CDH1->-PIK3CA KMT2C->-PIK3CA,3,3,4.000000,4,1.519692e-01,
PIK3CA->-ARID1A,2,1,20.000000,20,2.481105e-01,
CDH1->-FOXA1,2,1,19.000000,19,6.874327e-04,
CDH1->-FOXA1 CDH1->-PIK3CA PIK3CA->-FOXA1,3,3,8.000000,8,3.450441e-04,
CDH1->-MAP3K1,2,1,19.000000,19,9.289267e-04,
CDH1->-MAP3K1 CDH1->-PIK3CA MAP3K1->-PIK3CA,3,3,4.000000,4,2.261191e-01,
CDH1->-MAP3K1 CDH1->-PIK3CA PIK3CA->-MAP3K1,3,3,8.000000,8,1.175986e-03,
CDH1->-MAP3K1 CDH1->-TP53 TP53->-MAP3K1,3,3,3.000000,3,1.620370e-02,
PIK3CA->-SF3B1,2,1,19.000000,19,1.700719e-05,
CDH1->-ERBB2,2,1,19.000000,19,6.999363e-02,
PIK3CA->-FAT1,2,1,19.000000,19,8.889722e-04,
AKT1->-TP53,2,1,19.000000,19,4.050530e-05,
TP53->-CDH1,2,1,19.000000,19,7.573487e-01,
CDH1->-PIK3CA TP53->-CDH1 TP53->-PIK3CA,3,3,5.000000,5,5.029338e-02,
CDH1->-KMT2C TP53->-CDH1 TP53->-KMT2C,3,3,2.000000,2,3.351297e-01,
CDH1->-TBX3,2,1,18.000000,18,2.736882e-02,
TP53->-FAT1,2,1,18.000000,18,6.253017e-05,
PIK3CA->-FAT1 TP53->-FAT1 TP53->-PIK3CA,3,3,4.000000,4,3.439264e-02,
PIK3CA->-FAT1 PIK3CA->-TP53 TP53->-FAT1,3,3,3.000000,3,1.428167e-01,
TP53->-NCOR1,2,1,18.000000,18,3.177072e-02,
PIK3CA->-RUNX1,2,1,18.000000,18,3.454364e-02,
ESR1->-PIK3CA,2,1,17.000000,17,9.224690e-01,
TP53->-ARID1A,2,1,17.000000,17,1.333656e-03,
PIK3CA->-ARID1A PIK3CA->-TP53 TP53->-ARID1A,3,3,3.000000,3,9.823124e-02,
TBX3->-PIK3CA,2,1,17.000000,17,2.509559e-01,
CDH1->-PIK3CA CDH1->-TBX3 TBX3->-PIK3CA,3,3,5.000000,5,5.544923e-02,
TP53->-GATA3,2,1,17.000000,17,2.628174e-02,
PIK3CA->-GATA3 TP53->-GATA3 TP53->-PIK3CA,3,3,2.000000,2,3.468956e-01,
PIK3CA->-GATA3 PIK3CA->-TP53 TP53->-GATA3,3,3,3.000000,3,1.101718e-01,
MAP2K4->-PIK3CA,2,1,17.000000,17,7.475574e-02,
NCOR1->-PIK3CA,2,1,16.000000,16,5.823665e-01,
NCOR1->-PIK3CA TP53->-NCOR1 TP53->-PIK3CA,3,3,3.000000,3,1.326033e-01,
PIK3CA->-NCOR1,2,1,16.000000,16,5.823665e-01,
CDH1->-RUNX1,2,1,15.000000,15,6.282048e-02,
CDH1->-PIK3CA CDH1->-RUNX1 PIK3CA->-RUNX1,3,3,4.000000,4,8.690127e-02,
CDH1->-RUNX1 PIK3CA->-CDH1 PIK3CA->-RUNX1,3,3,2.000000,2,5.500275e-01,
CDH1->-ARID1A,2,1,15.000000,15,2.648142e-02,
CDH1->-ARID1A CDH1->-PIK3CA PIK3CA->-ARID1A,3,3,5.000000,5,6.688018e-02,
CDH1->-ARID1A PIK3CA->-ARID1A PIK3CA->-CDH1,3,3,2.000000,2,6.976147e-01,
TP53->-ARID2,2,1,15.000000,15,4.164866e-06,
TP53->-ATR,2,1,15.000000,15,2.133909e-04,
TP53->-PIK3R1,2,1,15.000000,15,5.393849e-03,
CDH1->-NCOR1,2,1,15.000000,15,1.741005e-02,
CDH1->-NCOR1 TP53->-CDH1 TP53->-NCOR1,3,3,2.000000,2,3.694350e-01,
CDH1->-NCOR1 CDH1->-PIK3CA NCOR1->-PIK3CA,3,3,4.000000,4,5.845179e-02,
CDH1->-NCOR1 CDH1->-PIK3CA PIK3CA->-NCOR1,3,3,2.000000,2,4.842554e-01,
ARID1A->-PIK3CA,2,1,14.000000,14,9.057141e-01,
ARID1A->-PIK3CA CDH1->-ARID1A CDH1->-PIK3CA,3,3,5.000000,5,6.688018e-02,
PIK3CA->-KMT2D,2,1,14.000000,14,3.683213e-02,
PIK3CA->-KMT2D TP53->-KMT2D TP53->-PIK3CA,3,3,3.000000,3,2.273168e-01,
PIK3CA->-KMT2D PIK3CA->-TP53 TP53->-KMT2D,3,3,5.000000,5,1.651715e-02,
TP53->-BRCA2,2,1,14.000000,14,2.398815e-04,
TP53->-RUNX1,2,1,14.000000,14,2.594997e-02,
PIK3CA->-RUNX1 PIK3CA->-TP53 TP53->-RUNX1,3,3,2.000000,2,1.962449e-01,
CDH1->-RUNX1 CDH1->-TP53 TP53->-RUNX1,3,3,2.000000,2,7.407407e-02,
PIK3CA->-TBX3,2,1,14.000000,14,6.558001e-01,
CDH1->-PIK3CA CDH1->-TBX3 PIK3CA->-TBX3,3,3,3.000000,3,3.797488e-01,
TP53->-PTPRD,2,1,14.000000,14,4.630157e-05,
TP53->-CREBBP,2,1,13.000000,13,2.053462e-03,
PIK3CA->-ATR,2,1,13.000000,13,5.586598e-03,
PIK3CA->-ATR PIK3CA->-TP53 TP53->-ATR,3,3,3.000000,3,5.311099e-02,
CDH1->-ESR1,2,1,13.000000,13,6.653839e-02,
CDH1->-ESR1 CDH1->-PIK3CA PIK3CA->-ESR1,3,3,4.000000,4,5.486968e-03,
TP53->-STAG2,2,1,13.000000,13,2.850506e-03,
TP53->-KMT2A,2,1,13.000000,13,1.312407e-04,
PIK3CA->-PTEN,2,1,13.000000,13,4.794379e-01,
PIK3CA->-PTEN TP53->-PIK3CA TP53->-PTEN,3,3,2.000000,2,4.377338e-01,
PIK3CA->-PTEN PIK3CA->-TP53 TP53->-PTEN,3,3,6.000000,6,9.938600e-04,
MEN1->-GATA3,2,1,12.000000,12,2.441406e-04,
TP53->-FOXA1,2,1,12.000000,12,1.361886e-02,
PIK3CA->-FOXA1 TP53->-FOXA1 TP53->-PIK3CA,3,3,3.000000,3,1.114040e-01,
PIK3CA->-FOXA1 PIK3CA->-TP53 TP53->-FOXA1,3,3,2.000000,2,3.562517e-01,
CDH1->-FOXA1 CDH1->-TP53 TP53->-FOXA1,3,3,2.000000,2,1.831028e-01,
CDH1->-FOXA1 TP53->-CDH1 TP53->-FOXA1,3,3,2.000000,2,1.831028e-01,
TP53->-NSD1,2,1,12.000000,12,7.393885e-04,
TP53->-ESR1,2,1,12.000000,12,1.351967e-03,
PIK3CA->-ESR1 TP53->-ESR1 TP53->-PIK3CA,3,3,2.000000,2,1.514824e-01,
PIK3CA->-SPEN,2,1,12.000000,12,4.346933e-02,
MAP3K1->-GATA3,2,1,12.000000,12,4.232496e-01,
GATA3->-PIK3CA MAP3K1->-GATA3 MAP3K1->-PIK3CA,3,3,6.000000,6,3.176011e-02,
MAP3K1->-GATA3 PIK3CA->-GATA3 PIK3CA->-MAP3K1,3,3,2.000000,2,7.533407e-01,
TP53->-TBX3,2,1,12.000000,12,4.837455e-02,
CDH1->-CBFB,2,1,12.000000,12,1.291151e-01,
CBFB->-PIK3CA CDH1->-CBFB CDH1->-PIK3CA,3,3,5.000000,5,6.345300e-03,
PTEN->-PIK3CA,2,1,12.000000,12,6.339593e-01,
FOXA1->-PIK3CA,2,1,12.000000,12,9.905758e-01,
CDH1->-FOXA1 CDH1->-PIK3CA FOXA1->-PIK3CA,3,3,3.000000,3,3.719227e-01,
NF1->-TP53,2,1,12.000000,12,9.858845e-01,
NF1->-PIK3CA,2,1,12.000000,12,3.022310e-01,
NF1->-PIK3CA TP53->-NF1 TP53->-PIK3CA,3,3,3.000000,3,2.846777e-01,
NF1->-PIK3CA NF1->-TP53 TP53->-PIK3CA,3,3,4.000000,4,1.032514e-01,
TP53->-FLT4,2,1,12.000000,12,4.431742e-05,
TP53->-APC,2,1,12.000000,12,5.027607e-04,
PIK3CA->-RB1,2,1,11.000000,11,2.393191e-01,
PIK3CA->-RB1 TP53->-PIK3CA TP53->-RB1,3,3,2.000000,2,3.938323e-01,
PIK3CA->-RB1 PIK3CA->-TP53 TP53->-RB1,3,3,4.000000,4,3.035825e-02,
TP53->-CDKN2A,2,1,11.000000,11,1.566659e-02,
TP53->-PTPRS,2,1,11.000000,11,4.579797e-05,
TP53->-ERBB3,2,1,11.000000,11,5.690930e-05,
PTEN->-TP53,2,1,11.000000,11,9.999073e-01,
TP53->-ATM,2,1,11.000000,11,1.523476e-03,
TP53->-NOTCH4,2,1,11.000000,11,1.482322e-05,
TP53->-EP300,2,1,11.000000,11,2.332957e-03,
PIK3CA->-NOTCH4,2,1,11.000000,11,6.521766e-03,
PIK3CA->-NOTCH4 PIK3CA->-TP53 TP53->-NOTCH4,3,3,4.000000,4,1.404442e-03,
GATA3->-ARID1A,2,1,11.000000,11,3.249014e-01,
GATA3->-ARID1A PIK3CA->-ARID1A PIK3CA->-GATA3,3,3,2.000000,2,3.132266e-01,
GATA3->-ARID1A GATA3->-PIK3CA PIK3CA->-ARID1A,3,3,3.000000,3,8.810072e-02,
GATA3->-MAP3K1,2,1,11.000000,11,5.888020e-01,
GATA3->-MAP3K1 GATA3->-PIK3CA MAP3K1->-PIK3CA,3,3,3.000000,3,4.861564e-01,
GATA3->-MAP3K1 GATA3->-PIK3CA PIK3CA->-MAP3K1,3,3,4.000000,4,2.476521e-01,
PIK3CA->-ATM,2,1,11.000000,11,2.111101e-01,
PIK3CA->-ATM PIK3CA->-TP53 TP53->-ATM,3,3,3.000000,3,5.833816e-02,
TP53->-ALK,2,1,11.000000,11,8.318866e-04,
TP53->-FBXW7,2,1,11.000000,11,4.154263e-03,
TP53->-SETD2,2,1,11.000000,11,4.773447e-05,
PIK3CA->-PTPRT,2,1,11.000000,11,1.886895e-02,
PIK3CA->-NF1,2,1,10.000000,10,6.327690e-01,
PIK3CA->-NF1 TP53->-NF1 TP53->-PIK3CA,3,3,3.000000,3,2.846777e-01,
PIK3CA->-NF1 PIK3CA->-TP53 TP53->-NF1,3,3,2.000000,2,5.794766e-01,
PIK3CA->-RICTOR,2,1,10.000000,10,8.027473e-03,
CDH1->-PTEN,2,1,10.000000,10,3.035388e-01,
KMT2C->-MAP3K1,2,1,10.000000,10,3.602051e-01,
KMT2C->-MAP3K1 PIK3CA->-KMT2C PIK3CA->-MAP3K1,3,3,4.000000,4,1.598284e-01,
KMT2C->-MAP3K1 KMT2C->-PIK3CA MAP3K1->-PIK3CA,3,3,3.000000,3,3.723346e-01,
TP53->-ATRX,2,1,10.000000,10,1.591780e-03,
PIK3CA->-MAP2K4,2,1,10.000000,10,8.993250e-01,
TP53->-CARD11,2,1,10.000000,10,4.916737e-03,
TP53->-NOTCH2,2,1,10.000000,10,8.560681e-04,
TP53->-MAP2K4,2,1,10.000000,10,2.165776e-01,
ESR1->-GATA3,2,1,10.000000,10,3.139438e-01,
ESR1->-GATA3 PIK3CA->-ESR1 PIK3CA->-GATA3,3,3,3.000000,3,1.318080e-01,
CDH1->-GATA3,2,1,10.000000,10,9.952801e-03,
CDH1->-GATA3 CDH1->-PIK3CA PIK3CA->-GATA3,3,3,3.000000,3,9.545992e-02,
CDH1->-GATA3 PIK3CA->-CDH1 PIK3CA->-GATA3,3,3,2.000000,2,3.258460e-01,
CDH1->-ESR1 CDH1->-GATA3 ESR1->-GATA3,3,3,3.000000,3,4.629630e-03,
CDH1->-ESR1 CDH1->-GATA3 CDH1->-PIK3CA ESR1->-GATA3 PIK3CA->-ESR1 PIK3CA->-GATA3,4,6,2.000000,2,1.736111e-03,
PIK3CA->-FLT4,2,1,10.000000,10,1.383272e-02,
PIK3CA->-FLT4 TP53->-FLT4 TP53->-PIK3CA,3,3,2.000000,2,1.059947e-01,
PIK3CA->-FLT4 PIK3CA->-TP53 TP53->-FLT4,3,3,2.000000,2,1.059947e-01,
ERBB2->-CDH1,2,1,10.000000,10,9.675681e-01,
TP53->-ARID1B,2,1,10.000000,10,3.776524e-02,
ERBB2->-PIK3CA,2,1,10.000000,10,3.675519e-01,
CDH1->-ERBB2 CDH1->-PIK3CA ERBB2->-PIK3CA,3,3,5.000000,5,2.270187e-02,
TP53->-ARID5B,2,1,10.000000,10,1.943541e-04,
TP53->-EPHA5,2,1,10.000000,10,1.216733e-02,
TP53->-PTPRT,2,1,10.000000,10,3.631734e-03,
PIK3CA->-PTPRT TP53->-PIK3CA TP53->-PTPRT,3,3,3.000000,3,8.839007e-02,
PIK3CA->-PTPRT PIK3CA->-TP53 TP53->-PTPRT,3,3,4.000000,4,1.637066e-02,
TP53->-BARD1,2,1,10.000000,10,1.534598e-04,
TP53->-SPEN,2,1,10.000000,10,1.466956e-02,
PIK3CA->-SPEN PIK3CA->-TP53 TP53->-SPEN,3,3,3.000000,3,1.615792e-02,
PIK3CA->-KMT2A,2,1,10.000000,10,6.778349e-02,
PIK3CA->-KMT2A TP53->-KMT2A TP53->-PIK3CA,3,3,3.000000,3,2.116402e-02,
KMT2C->-GATA3,2,1,9.000000,9,2.547826e-01,
TP53->-EPHB1,2,1,9.000000,9,1.713268e-03,
MAP3K1->-KMT2C,2,1,9.000000,9,5.408903e-01,
MAP3K1->-KMT2C MAP3K1->-PIK3CA PIK3CA->-KMT2C,3,3,3.000000,3,3.723346e-01,
MAP3K1->-KMT2C PIK3CA->-KMT2C PIK3CA->-MAP3K1,3,3,2.000000,2,6.622165e-01,
MAP3K1->-KMT2C TP53->-KMT2C TP53->-MAP3K1,3,3,2.000000,2,8.850659e-02,
KMT2C->-PIK3CA MAP3K1->-KMT2C MAP3K1->-PIK3CA,3,3,2.000000,2,6.622165e-01,
ARID1A->-GATA3,2,1,9.000000,9,6.714987e-01,
ARID1A->-GATA3 ARID1A->-PIK3CA PIK3CA->-GATA3,3,3,2.000000,2,3.132266e-01,
AKT1->-CDH1,2,1,9.000000,9,4.155887e-01,
AKT1->-CDH1 AKT1->-TP53 CDH1->-TP53,3,3,2.000000,2,1.281936e-01,
PIK3CA->-ARID2,2,1,9.000000,9,4.584293e-02,
PIK3CA->-ARID2 PIK3CA->-TP53 TP53->-ARID2,3,3,4.000000,4,4.646201e-03,
TP53->-ROS1,2,1,9.000000,9,2.192721e-02,
CDH1->-MAP2K4,2,1,9.000000,9,4.199227e-02,
CDH1->-MAP2K4 CDH1->-PIK3CA MAP2K4->-PIK3CA,3,3,2.000000,2,2.580022e-01,
CDH1->-MAP2K4 PIK3CA->-CDH1 PIK3CA->-MAP2K4,3,3,2.000000,2,2.580022e-01,
CDH1->-MAP2K4 CDH1->-TP53 TP53->-MAP2K4,3,3,2.000000,2,6.295931e-02,
CDH1->-CDK12 CDH1->-TP53 TP53->-CDK12,3,3,2.000000,2,1.105019e-02,
TP53->-RICTOR,2,1,9.000000,9,6.599846e-05,
BRCA1-/-RICTOR PIK3CA->-BRCA1 PIK3CA->-RICTOR PIK3CA->-TP53 TP53->-BRCA1 TP53->-RICTOR,4,6,2.000000,2,1.574704e-05,
PTEN->-NF1,2,1,9.000000,9,2.076693e-02,
PTEN->-NF1 TP53->-NF1 TP53->-PTEN,3,3,5.000000,5,6.045177e-03,
PTEN->-NF1 PTEN->-TP53 TP53->-NF1,3,3,3.000000,3,1.476916e-01,
PIK3CA->-CREBBP,2,1,9.000000,9,1.987173e-01,
PIK3CA->-CREBBP TP53->-CREBBP TP53->-PIK3CA,3,3,2.000000,2,1.644248e-01,
MEN1->-PIK3CA,2,1,9.000000,9,4.780778e-02,
AKT1->-GATA3,2,1,9.000000,9,1.471561e-02,
TP53->-ZFHX3,2,1,9.000000,9,3.097561e-02,
PIK3CA->-PTPRD,2,1,9.000000,9,3.689830e-04,
PIK3CA->-PTPRD TP53->-PIK3CA TP53->-PTPRD,3,3,2.000000,2,3.075625e-02,
TP53->-ERCC5,2,1,9.000000,9,5.967882e-04,
TP53->-MED12,2,1,9.000000,9,5.403878e-02,
TP53->-SF3B1,2,1,9.000000,9,1.041667e-03,
PIK3CA->-SF3B1 TP53->-PIK3CA TP53->-SF3B1,3,3,2.000000,2,2.632245e-01,
PIK3CA->-SF3B1 PIK3CA->-TP53 TP53->-SF3B1,3,3,4.000000,4,8.701989e-03,
PIK3CA->-MED12,2,1,9.000000,9,4.153406e-02,
PIK3CA->-MED12 PIK3CA->-TP53 TP53->-MED12,3,3,2.000000,2,1.331845e-01,
PIK3CA->-POLE,2,1,9.000000,9,3.095743e-03,
TP53->-BRCA1,2,1,9.000000,9,2.392231e-03,
TP53->-POLE,2,1,9.000000,9,4.090540e-04,
PIK3CA->-POLE PIK3CA->-TP53 TP53->-POLE,3,3,5.000000,5,1.783080e-04,
TP53->-TET2,2,1,9.000000,9,5.464402e-04,
ATM->-PIK3CA,2,1,8.000000,8,7.136635e-01,
FOXA1->-MAP3K1,2,1,8.000000,8,1.461731e-01,
FOXA1->-MAP3K1 PIK3CA->-FOXA1 PIK3CA->-MAP3K1,3,3,3.000000,3,1.608277e-01,
CDH1->-FOXA1 CDH1->-MAP3K1 CDH1->-PIK3CA FOXA1->-MAP3K1 PIK3CA->-FOXA1 PIK3CA->-MAP3K1,4,6,2.000000,2,5.063657e-03,
FOXA1->-MAP3K1 TP53->-FOXA1 TP53->-MAP3K1,3,3,4.000000,4,1.861789e-03,
FOXA1->-MAP3K1 FOXA1->-PIK3CA PIK3CA->-MAP3K1,3,3,2.000000,2,4.324386e-01,
PIK3CA->-ZFHX3,2,1,8.000000,8,3.157113e-01,
TP53->-TSC2,2,1,8.000000,8,4.204322e-02,
PTEN->-KMT2C,2,1,8.000000,8,2.396810e-02,
PTEN->-KMT2C TP53->-KMT2C TP53->-PTEN,3,3,2.000000,2,8.854167e-02,
CDH1->-AKT1,2,1,8.000000,8,6.077804e-01,
TP53->-ANKRD11,2,1,8.000000,8,1.053337e-02,
CDH1->-BRCA2,2,1,8.000000,8,1.173420e-01,
CDH1->-BRCA2 TP53->-BRCA2 TP53->-CDH1,3,3,2.000000,2,5.092593e-02,
TBX3->-CDH1,2,1,8.000000,8,9.776744e-01,
CDH1->-PIK3CA TBX3->-CDH1 TBX3->-PIK3CA,3,3,4.000000,4,1.652339e-01,
PTEN->-CDH1,2,1,8.000000,8,6.677577e-01,
CDH1->-TP53 PTEN->-CDH1 PTEN->-TP53,3,3,2.000000,2,6.461176e-02,
PIK3CA->-PTPRS,2,1,8.000000,8,1.092915e-01,
PIK3CA->-PTPRS PIK3CA->-TP53 TP53->-PTPRS,3,3,3.000000,3,9.640239e-03,
PIK3CA->-DICER1,2,1,8.000000,8,6.036212e-03,
PIK3CA->-PTCH1,2,1,8.000000,8,1.091311e-02,
NCOR1->-TP53,2,1,8.000000,8,9.800603e-01,
NCOR1->-TP53 PIK3CA->-NCOR1 PIK3CA->-TP53,3,3,2.000000,2,3.886990e-01,
CDH1->-NCOR1 CDH1->-TP53 NCOR1->-TP53,3,3,2.000000,2,3.694350e-01,
PTEN->-MAP3K1,2,1,8.000000,8,7.786979e-02,
PTEN->-MAP3K1 TP53->-MAP3K1 TP53->-PTEN,3,3,2.000000,2,1.319444e-01,
MAP3K1->-PIK3CA PTEN->-MAP3K1 PTEN->-PIK3CA,3,3,2.000000,2,5.548433e-02,
CDH1->-MAP3K1 CDH1->-NF1 NF1->-MAP3K1 PTEN->-CDH1 PTEN->-MAP3K1 PTEN->-NF1,4,6,2.000000,2,1.478909e-03,
RUNX1->-PIK3CA,2,1,8.000000,8,9.822565e-01,
CDH1->-CREBBP,2,1,8.000000,8,4.815935e-02,
CDH1->-CREBBP CDH1->-PIK3CA PIK3CA->-CREBBP,3,3,4.000000,4,1.528240e-02,
RB1->-TP53,2,1,8.000000,8,9.916261e-01,
KMT2C->-TP53,2,1,8.000000,8,9.993034e-01,
TP53->-BAP1,2,1,8.000000,8,1.035985e-02,
RUNX1->-CDH1,2,1,8.000000,8,9.230098e-01,
CDH1->-PIK3CA RUNX1->-CDH1 RUNX1->-PIK3CA,3,3,2.000000,2,5.500275e-01,
PIK3CA->-CDH1 RUNX1->-CDH1 RUNX1->-PIK3CA,3,3,2.000000,2,5.500275e-01,
CBFB->-MAP3K1,2,1,8.000000,8,4.531250e-02,
CBFB->-MAP3K1 CBFB->-PIK3CA MAP3K1->-PIK3CA,3,3,6.000000,6,2.848865e-04,
CBFB->-GATA3 CBFB->-MAP3K1 MAP3K1->-GATA3,3,3,2.000000,2,1.319444e-01,
CDH1->-NF1,2,1,8.000000,8,2.549046e-01,
CDH1->-NF1 CDH1->-PIK3CA PIK3CA->-NF1,3,3,3.000000,3,1.489780e-01,
PIK3CA->-MGA,2,1,8.000000,8,3.636200e-01,
PIK3CA->-CDKN1B,2,1,8.000000,8,5.898264e-01,
CDH1->-APC,2,1,8.000000,8,3.006080e-03,
PIK3CA->-CARD11,2,1,7.000000,7,4.655985e-03,
PIK3CA->-CARD11 TP53->-CARD11 TP53->-PIK3CA,3,3,2.000000,2,1.064761e-01,
APC->-ARID2 APC->-MGA MGA->-ARID2 PIK3CA->-APC PIK3CA->-ARID2 PIK3CA->-MGA PIK3CA->-TP53 TP53->-APC TP53->-ARID2 TP53->-MGA,5,10,2.000000,2,1.606639e-04,
APC->-KMT2D APC->-MGA MGA->-KMT2D PIK3CA->-APC PIK3CA->-KMT2D PIK3CA->-MGA PIK3CA->-TP53 TP53->-APC TP53->-KMT2D TP53->-MGA,5,10,2.000000,2,1.659434e-04,
APC->-ATR APC->-MGA MGA->-ATR PIK3CA->-APC PIK3CA->-ATR PIK3CA->-MGA PIK3CA->-TP53 TP53->-APC TP53->-ATR TP53->-MGA,5,10,2.000000,2,1.584842e-04,
APC->-CARD11 APC->-MGA MGA->-CARD11 PIK3CA->-APC PIK3CA->-CARD11 PIK3CA->-MGA PIK3CA->-TP53 TP53->-APC TP53->-CARD11 TP53->-MGA,5,10,2.000000,2,1.765423e-04,
GATA3->-TP53,2,1,7.000000,7,9.818911e-01,
TP53->-DNMT1,2,1,7.000000,7,1.562500e-03,
CDH1->-KMT2D,2,1,7.000000,7,2.471733e-02,
CDH1->-KMT2D CDH1->-PIK3CA PIK3CA->-KMT2D,3,3,2.000000,2,2.701251e-01,
CDH1->-KMT2D PIK3CA->-CDH1 PIK3CA->-KMT2D,3,3,2.000000,2,2.701251e-01,
CDH1->-EPHB1,2,1,7.000000,7,5.723684e-03,
CDH1->-EPHB1 CDH1->-TP53 TP53->-EPHB1,3,3,3.000000,3,3.683398e-03,
PIK3CA->-ANKRD11,2,1,7.000000,7,8.354717e-02,
PIK3CA->-ANKRD11 TP53->-ANKRD11 TP53->-PIK3CA,3,3,3.000000,3,1.532627e-02,
PIK3CA->-ERBB2,2,1,7.000000,7,8.601878e-01,
CDH1->-ERBB2 CDH1->-PIK3CA PIK3CA->-ERBB2,3,3,4.000000,4,9.041329e-02,
PIK3CA->-BRCA2,2,1,7.000000,7,1.735178e-01,
CDH1->-BRCA2 CDH1->-PIK3CA CDH1->-TBX3 PIK3CA->-BRCA2 TBX3->-BRCA2 TBX3->-PIK3CA,4,6,2.000000,2,8.585165e-04,
PIK3CA->-DNMT3A,2,1,7.000000,7,2.569227e-02,
CDH1->-PTPRS,2,1,7.000000,7,6.415879e-03,
CDH1->-PTPRS CDH1->-TP53 TP53->-PTPRS,3,3,2.000000,2,2.210039e-02,
TP53->-MDC1,2,1,7.000000,7,4.473477e-02,
MAP3K1->-ERBB3,2,1,7.000000,7,3.943452e-03,
TP53->-MTOR,2,1,7.000000,7,1.737792e-02,
PIK3CA->-ROS1,2,1,7.000000,7,7.120730e-02,
GATA3->-SPEN,2,1,7.000000,7,2.422261e-01,
MAP3K1->-ARID1A,2,1,7.000000,7,1.332561e-01,
MAP3K1->-ARID1A MAP3K1->-PIK3CA PIK3CA->-ARID1A,3,3,3.000000,3,1.181020e-01,
GATA3->-ARID1A MAP3K1->-ARID1A MAP3K1->-GATA3,3,3,3.000000,3,4.629630e-03,
GATA3->-ARID1A GATA3->-PIK3CA MAP3K1->-ARID1A MAP3K1->-GATA3 MAP3K1->-PIK3CA PIK3CA->-ARID1A,4,6,2.000000,2,5.063657e-03,
TP53->-DDR2,2,1,7.000000,7,1.345831e-02,
CDH1->-FAT1,2,1,7.000000,7,2.602748e-02,
CDH1->-FAT1 CDH1->-PIK3CA PIK3CA->-FAT1,3,3,2.000000,2,9.680522e-02,
CDH1->-ERBB3,2,1,7.000000,7,4.765625e-02,
CDH1->-SPEN,2,1,7.000000,7,1.830859e-01,
CDH1->-PIK3CA CDH1->-SPEN PIK3CA->-SPEN,3,3,2.000000,2,7.407407e-02,
NCOR1->-GATA3,2,1,7.000000,7,2.455853e-02,
TP53->-PIK3C2G,2,1,7.000000,7,7.696759e-04,
MGA->-PIK3CA,2,1,7.000000,7,5.672766e-01,
TP53->-KDM6A,2,1,7.000000,7,4.823256e-02,
TP53->-SOX17,2,1,7.000000,7,1.141608e-02,
TP53->-GRIN2A,2,1,7.000000,7,3.645833e-03,
CBFB->-CDH1,2,1,7.000000,7,8.814396e-01,
CBFB->-CDH1 CBFB->-PIK3CA CDH1->-PIK3CA,3,3,2.000000,2,4.201304e-01,
TP53->-MGA,2,1,7.000000,7,1.528638e-02,
PIK3CA->-MGA TP53->-MGA TP53->-PIK3CA,3,3,4.000000,4,4.758221e-03,
CTCF->-PIK3CA,2,1,7.000000,7,1.998438e-01,
PIK3CA->-MDC1,2,1,7.000000,7,1.352941e-01,
PIK3CA->-MDC1 PIK3CA->-TP53 TP53->-MDC1,3,3,3.000000,3,4.232526e-02,
CDH1->-PTPRD,2,1,7.000000,7,4.983039e-02,
CDH1->-PTPRD CDH1->-TP53 TP53->-PTPRD,3,3,2.000000,2,1.695617e-01,
CDH1->-PTPRD TP53->-CDH1 TP53->-PTPRD,3,3,2.000000,2,1.695617e-01,
CDH1->-PIK3CA CDH1->-PTPRD PIK3CA->-PTPRD,3,3,2.000000,2,1.203989e-01,
CDH1->-PTPRD PIK3CA->-CDH1 PIK3CA->-PTPRD,3,3,2.000000,2,1.203989e-01,
TP53->-INSR,2,1,7.000000,7,1.032914e-02,
CDH1->-KMT2A,2,1,7.000000,7,3.495519e-02,
TP53->-BCOR,2,1,7.000000,7,2.526088e-03,
RB1->-PIK3CA,2,1,7.000000,7,8.804063e-01,
TP53->-NOTCH1,2,1,7.000000,7,2.037746e-02,
PIK3CA->-KDR,2,1,7.000000,7,1.930437e-02,
TP53->-PALB2,2,1,7.000000,7,7.782240e-03,
TP53->-PDGFRA,2,1,7.000000,7,9.828964e-03,
CDKN1B->-PIK3CA,2,1,7.000000,7,7.636509e-01,
MAP2K4->-GATA3,2,1,7.000000,7,6.803075e-02,
MAP2K4->-GATA3 MAP2K4->-PIK3CA PIK3CA->-GATA3,3,3,2.000000,2,3.740079e-02,
PIK3CA->-BCOR,2,1,7.000000,7,1.363500e-01,
PIK3CA->-BCOR PIK3CA->-PTEN PIK3CA->-TP53 PTEN->-BCOR TP53->-BCOR TP53->-PTEN,4,6,2.000000,2,1.659714e-03,
NOTCH1->-PIK3CA,2,1,6.000000,6,4.247724e-01,
PIK3CA->-IGF1R,2,1,6.000000,6,2.168713e-02,
ESR1->-ARID1A,2,1,6.000000,6,2.565529e-01,
ESR1->-ARID1A PIK3CA->-ARID1A PIK3CA->-ESR1,3,3,3.000000,3,1.242227e-02,
TP53->-DOT1L,2,1,6.000000,6,2.038302e-02,
TP53->-PIK3CB,2,1,6.000000,6,4.209184e-03,
PIK3CA->-EPHB1,2,1,6.000000,6,5.413478e-02,
PIK3CA->-EPHB1 TP53->-EPHB1 TP53->-PIK3CA,3,3,2.000000,2,1.306196e-01,
PIK3CA->-EPHB1 PIK3CA->-TP53 TP53->-EPHB1,3,3,2.000000,2,1.306196e-01,
ATRX->-EPHB1 PIK3CA->-ATRX PIK3CA->-EPHB1,3,3,2.000000,2,2.714184e-02,
HNF1A->-EPHB1,2,1,2.000000,2,2.480159e-01,
CDH1->-EPHB1 CDH1->-PIK3CA PIK3CA->-EPHB1,3,3,3.000000,3,1.231176e-02,
PIK3CA->-NSD1,2,1,6.000000,6,2.141741e-01,
ARID1A->-KMT2C,2,1,6.000000,6,5.666617e-01,
ARID1A->-KMT2C ARID1A->-NCOR1 KMT2C->-NCOR1 PIK3CA->-ARID1A PIK3CA->-KMT2C PIK3CA->-NCOR1,4,6,2.000000,2,5.063657e-03,
ARID1A->-KMT2C CDH1->-ARID1A CDH1->-KMT2C,3,3,2.000000,2,5.588624e-02,
CDH1->-FOXA1 CDH1->-KMT2C FOXA1->-KMT2C,3,3,2.000000,2,7.407407e-02,
ARID1A->-KMT2C ARID1A->-PIK3CA PIK3CA->-KMT2C,3,3,2.000000,2,3.697406e-01,
STK11->-PIK3CA,2,1,6.000000,6,2.126432e-01,
CDH1->-RICTOR,2,1,6.000000,6,1.358528e-02,
CDH1->-PIK3CA CDH1->-RICTOR PIK3CA->-RICTOR,3,3,3.000000,3,1.389459e-02,
AKT1->-MAP3K1,2,1,6.000000,6,4.687500e-02,
ZFHX3->-PIK3CA,2,1,6.000000,6,7.229241e-01,
PIK3CA->-MTOR,2,1,6.000000,6,5.846523e-02,
PIK3CA->-MTOR PIK3CA->-TP53 TP53->-MTOR,3,3,3.000000,3,1.746445e-03,
MAP3K1->-TP53,2,1,6.000000,6,9.990567e-01,
PIK3CA->-PLK2,2,1,6.000000,6,4.097948e-02,
PIK3CA->-EP300,2,1,6.000000,6,1.788431e-01,
PIK3CA->-EP300 PIK3CA->-TP53 TP53->-EP300,3,3,2.000000,2,4.493950e-02,
PIK3CA->-RFWD2,2,1,6.000000,6,8.184334e-02,
PIK3CA->-NUP93,2,1,6.000000,6,4.241071e-02,
PIK3CA->-ERBB3,2,1,6.000000,6,3.383338e-01,
PIK3CA->-ERBB3 TP53->-ERBB3 TP53->-PIK3CA,3,3,2.000000,2,6.413824e-02,
MAP3K1->-ERBB3 MAP3K1->-PIK3CA PIK3CA->-ERBB3,3,3,2.000000,2,1.692954e-01,
ATM->-GATA3,2,1,6.000000,6,9.132813e-02,
ATM->-GATA3 ATM->-PIK3CA GATA3->-PIK3CA,3,3,2.000000,2,2.369248e-02,
ATM->-SPEN,2,1,2.000000,2,7.865842e-01,
KMT2C->-ARID1A,2,1,6.000000,6,5.666617e-01,
KMT2C->-ARID1A PIK3CA->-ARID1A PIK3CA->-KMT2C,3,3,2.000000,2,3.697406e-01,
KMT2C->-ARID1A KMT2C->-PIK3CA PIK3CA->-ARID1A,3,3,2.000000,2,3.697406e-01,
GATA3->-ARID1A KMT2C->-ARID1A KMT2C->-GATA3,3,3,2.000000,2,2.777778e-02,
GATA3->-KMT2C,2,1,6.000000,6,8.145211e-01,
TBX3->-TP53,2,1,6.000000,6,8.888627e-01,
TBX3->-PIK3CA TBX3->-TP53 TP53->-PIK3CA,3,3,2.000000,2,2.620284e-01,
PIK3CA->-TP53 TBX3->-PIK3CA TBX3->-TP53,3,3,2.000000,2,2.620284e-01,
TP53->-HNF1A,2,1,6.000000,6,8.187557e-02,
TP53->-PIK3CG,2,1,6.000000,6,5.488372e-02,
TP53->-JAK3,2,1,6.000000,6,2.390606e-02,
TP53->-KDM5A,2,1,6.000000,6,6.698565e-03,
CDH1->-ATRX,2,1,6.000000,6,3.976974e-02,
TP53->-MAP3K13,2,1,6.000000,6,3.323051e-02,
TP53->-TERT,2,1,6.000000,6,7.428557e-02,
TP53->-STK11,2,1,6.000000,6,4.433109e-02,
TP53->-RECQL4,2,1,6.000000,6,4.732686e-02,
PIK3CA->-PIK3C2G,2,1,6.000000,6,5.118634e-02,
PIK3CA->-PIK3C2G PIK3CA->-TP53 TP53->-PIK3C2G,3,3,2.000000,2,8.571245e-02,
PTEN->-SF3B1,2,1,6.000000,6,1.873698e-01,
PIK3CA->-SF3B1 PTEN->-PIK3CA PTEN->-SF3B1,3,3,2.000000,2,1.319444e-01,
PIK3CA->-AR,2,1,6.000000,6,2.274639e-01,
TP53->-TP63,2,1,6.000000,6,9.672619e-03,
PTEN->-PIK3R1,2,1,6.000000,6,9.445162e-02,
PTEN->-PIK3R1 TP53->-PIK3R1 TP53->-PTEN,3,3,4.000000,4,3.265767e-04,
KMT2C->-NCOR1,2,1,6.000000,6,1.311080e-01,
KMT2C->-NCOR1 PIK3CA->-KMT2C PIK3CA->-NCOR1,3,3,4.000000,4,3.343621e-03,
CDH1->-KMT2C CDH1->-NCOR1 KMT2C->-NCOR1,3,3,3.000000,3,3.549383e-02,
PIK3CA->-STAG2,2,1,6.000000,6,5.517279e-01,
PIK3CA->-STAG2 TP53->-PIK3CA TP53->-STAG2,3,3,2.000000,2,7.594987e-02,
CDH1->-PIK3CA CDH1->-STAG2 PIK3CA->-STAG2,3,3,2.000000,2,1.203989e-01,
PIK3CA->-NOTCH1,2,1,6.000000,6,4.247724e-01,
PIK3CA->-NOTCH1 TP53->-NOTCH1 TP53->-PIK3CA,3,3,2.000000,2,5.743634e-02,
CDH1->-RB1,2,1,6.000000,6,5.558111e-02,
CDH1->-RB1 CDH1->-TP53 TP53->-RB1,3,3,2.000000,2,8.024691e-02,
CDH1->-RB1 TP53->-CDH1 TP53->-RB1,3,3,2.000000,2,8.024691e-02,
PIK3CA->-BRCA1,2,1,6.000000,6,1.251791e-01,
CDH1->-RFWD2,2,1,6.000000,6,4.603467e-02,
CDH1->-PIK3CA CDH1->-RFWD2 PIK3CA->-RFWD2,3,3,3.000000,3,2.467181e-02,
MAP3K1->-TBX3,2,1,6.000000,6,2.676938e-01,
MAP3K1->-PIK3CA MAP3K1->-TBX3 PIK3CA->-TBX3,3,3,2.000000,2,1.911123e-01,
GATA3->-PIK3CA GATA3->-TBX3 PIK3CA->-TBX3,3,3,2.000000,2,1.581794e-01,
PIK3CA->-CIC,2,1,6.000000,6,1.294643e-02,
GATA3->-ESR1,2,1,6.000000,6,9.234653e-01,
PIK3CA->-MST1R,2,1,6.000000,6,6.134259e-03,
TP53->-DNMT3A,2,1,6.000000,6,1.140150e-01,
TP53->-KDR,2,1,6.000000,6,1.195674e-01,
PIK3CA->-KDR TP53->-KDR TP53->-PIK3CA,3,3,2.000000,2,2.219158e-01,
PIK3CA->-KDR PIK3CA->-TP53 TP53->-KDR,3,3,3.000000,3,4.614516e-02,
PIK3CA->-FGFR2,2,1,6.000000,6,4.741567e-02,
GATA3-/-PIK3CA,2,1,6.000000,6,7.132826e-01,
GATA3->-CDKN1B,2,1,6.000000,6,1.562500e-02,
CDKN1B->-PIK3CA GATA3->-CDKN1B GATA3->-PIK3CA,3,3,2.000000,2,1.319444e-01,
PIK3CA->-RAD50,2,1,6.000000,6,1.290978e-01,
CBFB->-TP53,2,1,6.000000,6,1.041271e-01,
CBFB->-PIK3CA CBFB->-TP53 TP53->-PIK3CA,3,3,3.000000,3,2.584877e-02,
CDH1->-PTCH1,2,1,6.000000,6,6.009745e-02,
CDH1->-PIK3CA CDH1->-PTCH1 PIK3CA->-PTCH1,3,3,2.000000,2,1.250511e-01,
TP53->-RPTOR,2,1,6.000000,6,3.281250e-02,
ESR1->-CDH1,2,1,6.000000,6,9.596091e-01,
PTEN->-ARID1A,2,1,6.000000,6,4.342247e-02,
PIK3CA->-ARID5B,2,1,6.000000,6,7.833363e-02,
PIK3CA->-ARID5B TP53->-ARID5B TP53->-PIK3CA,3,3,2.000000,2,9.167216e-02,
ANKRD11->-ARID5B,2,1,2.000000,2,2.173645e-01,
PIK3CA->-ARID5B PIK3CA->-TP53 TP53->-ARID5B,3,3,2.000000,2,9.167216e-02,
TP53->-NBN,2,1,6.000000,6,7.899306e-03,
PIK3CA->-CBFB,2,1,6.000000,6,9.999959e-01,
PIK3CA->-EPHA5,2,1,6.000000,6,7.749894e-02,
PIK3CA->-EPHA5 TP53->-EPHA5 TP53->-PIK3CA,3,3,2.000000,2,1.157321e-01,
TP53->-RAD50,2,1,6.000000,6,1.947269e-02,
PIK3CA->-RAD50 TP53->-PIK3CA TP53->-RAD50,3,3,2.000000,2,5.418911e-02,
PIK3CA->-RAD50 PIK3CA->-TP53 TP53->-RAD50,3,3,2.000000,2,5.418911e-02,
CDH1->-SETD2,2,1,6.000000,6,5.000000e-02,
BRCA1->-SETD2 CDH1->-BRCA1 CDH1->-SETD2 TP53->-BRCA1 TP53->-CDH1 TP53->-SETD2,4,6,2.000000,2,1.736111e-03,
TP53->-NOTCH3,2,1,6.000000,6,3.087867e-02,
MAP2K4->-TP53,2,1,6.000000,6,8.803905e-01,
MAP2K4->-TP53 PIK3CA->-MAP2K4 PIK3CA->-TP53,3,3,2.000000,2,2.034251e-01,
KMT2C->-FAT1,2,1,6.000000,6,1.845566e-01,
KMT2C->-FAT1 PIK3CA->-FAT1 PIK3CA->-KMT2C,3,3,2.000000,2,1.861122e-01,
PIK3CA->-APC,2,1,6.000000,6,2.618656e-01,
PIK3CA->-APC PIK3CA->-TP53 TP53->-APC,3,3,4.000000,4,1.198155e-03,
CDH1->-APC CDH1->-PIK3CA PIK3CA->-APC,3,3,2.000000,2,1.124847e-01,
ESR1->-FAT1,2,1,5.000000,5,7.453329e-02,
ESR1->-FAT1 PIK3CA->-ESR1 PIK3CA->-FAT1,3,3,2.000000,2,5.193485e-02,
TET1->-ARID1A,2,1,5.000000,5,2.023287e-02,
ARID1A->-FAT1,2,1,5.000000,5,5.737198e-02,
MEN1->-KMT2C,2,1,5.000000,5,8.517528e-02,
KMT2C->-GATA3 MEN1->-GATA3 MEN1->-KMT2C,3,3,2.000000,2,2.777778e-02,
TP53->-RAF1,2,1,5.000000,5,6.073858e-03,
TP53->-TSC1,2,1,5.000000,5,1.306036e-01,
CDH1->-NSD1,2,1,5.000000,5,2.902422e-02,
CDH1->-NSD1 CDH1->-TP53 TP53->-NSD1,3,3,2.000000,2,2.777778e-02,
CDH1->-FOXA1 CDH1->-NSD1 CDH1->-PIK3CA NSD1->-FOXA1 PIK3CA->-FOXA1 PIK3CA->-NSD1,4,6,2.000000,2,1.736111e-03,
PIK3CA->-GLI1,2,1,5.000000,5,1.567133e-02,
CBFB->-AKT1,2,1,5.000000,5,3.145435e-01,
STAG2->-PIK3CA,2,1,5.000000,5,7.617223e-01,
PIK3CA->-TET1,2,1,5.000000,5,3.137623e-01,
PIK3CA->-HIST1H1C,2,1,5.000000,5,1.697442e-01,
CHEK2->-PIK3CA,2,1,5.000000,5,8.296784e-02,
PIK3CA->-EGFR,2,1,5.000000,5,6.458333e-02,
GATA3->-EGFR,2,1,5.000000,5,3.125000e-02,
GATA3->-EGFR GATA3->-PIK3CA PIK3CA->-EGFR,3,3,2.000000,2,2.777778e-02,
PIK3CA->-ALK,2,1,5.000000,5,2.199846e-01,
TP53->-KIT,2,1,5.000000,5,6.831457e-03,
KDM5C->-PIK3CA,2,1,5.000000,5,4.967188e-01,
PIK3CA->-BRIP1,2,1,5.000000,5,6.845238e-02,
ZFHX3->-CDH1,2,1,5.000000,5,1.034288e-01,
CDH1->-PIK3CA ZFHX3->-CDH1 ZFHX3->-PIK3CA,3,3,4.000000,4,2.516902e-03,
ARID1A->-GRIN2A,2,1,5.000000,5,1.661111e-02,
TP53->-EPHA7,2,1,5.000000,5,4.503482e-02,
SPEN->-PIK3CA,2,1,5.000000,5,9.546814e-01,
TP53->-BRD4,2,1,5.000000,5,5.131366e-02,
PIK3CA->-JAK3,2,1,5.000000,5,1.518061e-01,
TP53->-TCF7L2,2,1,5.000000,5,2.230392e-02,
TP53->-RFWD2,2,1,5.000000,5,6.516265e-02,
CDH1->-RAD50 CDH1->-RFWD2 RAD50->-RFWD2 TP53->-CDH1 TP53->-RAD50 TP53->-RFWD2,4,6,2.000000,2,1.282841e-03,
TP53->-AR,2,1,5.000000,5,2.455357e-02,
PIK3CA->-AR PIK3CA->-TP53 TP53->-AR,3,3,3.000000,3,4.629630e-03,
ESR1->-MAP3K1,2,1,5.000000,5,5.919471e-01,
ESR1->-MAP3K1 PIK3CA->-ESR1 PIK3CA->-MAP3K1,3,3,2.000000,2,3.302040e-01,
GATA3->-FLT3,2,1,5.000000,5,2.234977e-02,
KMT2C->-CDH1,2,1,5.000000,5,9.998373e-01,
TP53->-INPP4B,2,1,5.000000,5,4.141679e-02,
TP53->-ARAF,2,1,5.000000,5,5.866000e-02,
TP53->-MET,2,1,5.000000,5,1.452020e-02,
MAP3K1->-ESR1,2,1,5.000000,5,5.919471e-01,
ESR1->-PIK3CA MAP3K1->-ESR1 MAP3K1->-PIK3CA,3,3,2.000000,2,3.302040e-01,
CREBBP->-PIK3CA,2,1,5.000000,5,8.887127e-01,
PIK3CA->-DNMT1,2,1,5.000000,5,2.346154e-02,
PIK3CA->-PIK3CG,2,1,5.000000,5,1.651202e-01,
PIK3CA->-PIK3CG TP53->-PIK3CA TP53->-PIK3CG,3,3,2.000000,2,4.629630e-02,
CDH1->-AR,2,1,5.000000,5,9.048764e-02,
TP53->-FGFR4,2,1,5.000000,5,7.828283e-03,
NCOR1->-MED12,2,1,5.000000,5,2.176339e-02,
NCOR1->-MED12 TP53->-MED12 TP53->-NCOR1,3,3,3.000000,3,8.703684e-03,
NCOR1->-MED12 NCOR1->-PIK3CA PIK3CA->-MED12,3,3,2.000000,2,6.498016e-02,
NF1->-PIK3R1,2,1,5.000000,5,1.585581e-01,
NF1->-PIK3R1 TP53->-NF1 TP53->-PIK3R1,3,3,2.000000,2,9.608910e-02,
NF1->-PIK3R1 PTEN->-NF1 PTEN->-PIK3R1,3,3,2.000000,2,8.502979e-02,
TP53->-AXIN2,2,1,5.000000,5,6.870370e-03,
ARID1A->-CDH1,2,1,5.000000,5,9.933937e-01,
ARID1A->-CDH1 ARID1A->-PIK3CA CDH1->-PIK3CA,3,3,2.000000,2,6.976147e-01,
CREBBP->-KMT2C,2,1,5.000000,5,7.361287e-02,
CREBBP->-KMT2C TP53->-CREBBP TP53->-KMT2C,3,3,2.000000,2,4.992702e-02,
CREBBP->-KMT2C PIK3CA->-CREBBP PIK3CA->-KMT2C,3,3,3.000000,3,2.467181e-02,
CDH1->-CREBBP CDH1->-KMT2C CDH1->-PIK3CA CREBBP->-KMT2C PIK3CA->-CREBBP PIK3CA->-KMT2C,4,6,2.000000,2,6.372326e-03,
ARID1A->-CREBBP ARID1A->-KMT2C CREBBP->-KMT2C,3,3,2.000000,2,1.686508e-02,
TP53->-IGF1R,2,1,5.000000,5,4.116975e-02,
PIK3CA->-IGF1R TP53->-IGF1R TP53->-PIK3CA,3,3,2.000000,2,2.314815e-02,
CDH1->-STAG2,2,1,5.000000,5,2.717057e-02,
PIK3CA->-TET2,2,1,5.000000,5,3.948289e-01,
TP53->-ERBB2,2,1,5.000000,5,5.377748e-01,
CDH1->-ERBB2 CDH1->-TP53 TP53->-ERBB2,3,3,2.000000,2,2.498615e-01,
TP53->-PBRM1,2,1,5.000000,5,2.465382e-01,
CDH1->-IKZF1,2,1,5.000000,5,1.875000e-02,
TP53->-POLD1,2,1,5.000000,5,8.020833e-03,
CDH1->-MED12,2,1,5.000000,5,9.506306e-02,
CDH1->-MED12 PIK3CA->-CDH1 PIK3CA->-MED12,3,3,2.000000,2,1.746091e-01,
GATA3->-TBX3,2,1,5.000000,5,1.417115e-01,
GATA3->-PIK3CA GATA3->-TBX3 TBX3->-PIK3CA,3,3,2.000000,2,1.581794e-01,
GATA3->-TBX3 MAP3K1->-GATA3 MAP3K1->-TBX3,3,3,2.000000,2,9.837963e-02,
PIK3CA->-TERT,2,1,5.000000,5,2.847222e-02,
PIK3R1->-TP53,2,1,5.000000,5,9.804563e-01,
ERBB2->-KMT2C,2,1,5.000000,5,2.112646e-01,
CDH1->-ATR CDH1->-ERBB2 CDH1->-KMT2C ERBB2->-ATR ERBB2->-KMT2C KMT2C->-ATR,4,6,2.000000,2,1.282841e-03,
CDH1->-ATR CDH1->-ERBB2 CDH1->-PIK3CA ERBB2->-ATR ERBB2->-PIK3CA PIK3CA->-ATR,4,6,2.000000,2,1.282841e-03,
CDH1->-KMT2C ERBB2->-CDH1 ERBB2->-KMT2C,3,3,2.000000,2,1.834164e-01,
KMT2C->-PARP1 TP53->-KMT2C TP53->-PARP1,3,3,2.000000,2,2.223591e-02,
ERBB2->-KMT2C ERBB2->-PARP1 ERBB2->-PIK3CA KMT2C->-PARP1 PIK3CA->-KMT2C PIK3CA->-PARP1,4,6,2.000000,2,1.282841e-03,
TP53->-XPO1,2,1,5.000000,5,4.218484e-02,
PIK3CA->-GRIN2A,2,1,5.000000,5,1.527778e-01,
MAP3K1->-NOTCH4,2,1,5.000000,5,2.138158e-02,
MAP3K1->-NOTCH4 TP53->-MAP3K1 TP53->-NOTCH4,3,3,2.000000,2,1.341589e-02,
MAP3K1->-NOTCH4 MAP3K1->-PIK3CA PIK3CA->-NOTCH4,3,3,2.000000,2,1.020239e-01,
MAP3K1->-NOTCH4 PIK3CA->-MAP3K1 PIK3CA->-NOTCH4,3,3,2.000000,2,1.020239e-01,
MAP3K1->-TRAF2 PIK3CA->-MAP3K1 PIK3CA->-TRAF2,3,3,2.000000,2,5.013760e-02,
PIK3CA->-ATRX,2,1,5.000000,5,4.861225e-01,
CDH1->-ATRX CDH1->-PIK3CA PIK3CA->-ATRX,3,3,3.000000,3,1.620370e-02,
PIK3CA->-SETD2,2,1,5.000000,5,5.455406e-01,
ARID1A->-PIK3CA ARID1A->-SETD2 CDH1->-ARID1A CDH1->-PIK3CA CDH1->-SETD2 PIK3CA->-SETD2,4,6,2.000000,2,5.063657e-03,
NF1->-CDH1,2,1,5.000000,5,8.429576e-01,
CDH1->-PIK3CA NF1->-CDH1 NF1->-PIK3CA,3,3,2.000000,2,4.144155e-01,
NF1->-CDH1 NF1->-PIK3CA PIK3CA->-CDH1,3,3,2.000000,2,4.144155e-01,
FOXA1->-GATA3,2,1,5.000000,5,5.000000e-01,
FOXA1->-GATA3 FOXA1->-PIK3CA GATA3->-PIK3CA,3,3,2.000000,2,2.632245e-01,
FOXA1->-GATA3 FOXA1->-MAP3K1 MAP3K1->-GATA3,3,3,2.000000,2,1.319444e-01,
CDH1->-RAD50,2,1,5.000000,5,2.523534e-02,
CDH1->-PIK3CA CDH1->-RAD50 PIK3CA->-RAD50,3,3,2.000000,2,6.483762e-02,
ERBB2->-TP53,2,1,5.000000,5,5.377748e-01,
TP53->-PTCH1,2,1,5.000000,5,1.125496e-01,
PIK3CA->-PTCH1 PIK3CA->-TP53 TP53->-PTCH1,3,3,2.000000,2,1.237578e-01,
TP53->-JAK2,2,1,5.000000,5,3.724488e-02,
TP53->-PARP1,2,1,5.000000,5,2.354782e-02,
PIK3CA->-PARP1,2,1,5.000000,5,6.920733e-02,
PIK3CA->-PARP1 PIK3CA->-TP53 TP53->-PARP1,3,3,2.000000,2,6.483762e-02,
AKT1->-NOTCH2,2,1,5.000000,5,1.354497e-02,
TP53->-BRIP1,2,1,5.000000,5,7.289830e-03,
ERBB2->-RUNX1,2,1,5.000000,5,1.875000e-01,
CDH1->-ERBB2 CDH1->-RUNX1 ERBB2->-RUNX1,3,3,2.000000,2,1.480195e-01,
TP53->-CEBPA,2,1,5.000000,5,3.125000e-02,
NCOR1->-RUNX1,2,1,5.000000,5,3.632812e-01,
NCOR1->-PIK3CA NCOR1->-RUNX1 PIK3CA->-RUNX1,3,3,2.000000,2,2.632245e-01,
NCOR1->-RUNX1 PIK3CA->-NCOR1 PIK3CA->-RUNX1,3,3,2.000000,2,2.632245e-01,
ARID2->-GATA3,2,1,5.000000,5,1.953125e-01,
ARID2->-ARID1A,2,1,5.000000,5,3.153677e-01,
ARID2->-ARID1A TP53->-ARID1A TP53->-ARID2,3,3,2.000000,2,7.301418e-02,
EPHA5->-ARID1A,2,1,2.000000,2,4.980159e-01,
TP53->-JAK1,2,1,5.000000,5,3.450521e-01,
NCOR1->-CDH1,2,1,5.000000,5,9.928851e-01,
NCOR1->-CDH1 TP53->-CDH1 TP53->-NCOR1,3,3,2.000000,2,3.694350e-01,
CDH1->-RUNX1 NCOR1->-CDH1 NCOR1->-RUNX1,3,3,2.000000,2,1.319444e-01,
PIK3CA->-BAP1,2,1,5.000000,5,1.875000e-01,
PIK3CA->-BAP1 PIK3CA->-TP53 TP53->-BAP1,3,3,2.000000,2,2.777778e-02,
KMT2D->-PIK3CA,2,1,5.000000,5,9.899658e-01,
CDH1->-KMT2D CDH1->-PIK3CA KMT2D->-PIK3CA,3,3,2.000000,2,2.701251e-01,
PTEN->-GRIN2A,2,1,5.000000,5,2.613636e-02,
ARID1A->-GRIN2A PTEN->-ARID1A PTEN->-GRIN2A,3,3,2.000000,2,2.020202e-02,
BRCA2->-GRIN2A PTEN->-BRCA2 PTEN->-GRIN2A,3,3,2.000000,2,2.020202e-02,
PIK3CA->-GRIN2A PTEN->-GRIN2A PTEN->-PIK3CA,3,3,2.000000,2,7.407407e-02,
MAP2K4->-PTEN,2,1,5.000000,5,3.205592e-01,
TP53->-GLI1,2,1,5.000000,5,6.326936e-03,
TP53->-CIC,2,1,5.000000,5,1.072049e-01,
PIK3CA->-CIC TP53->-CIC TP53->-PIK3CA,3,3,2.000000,2,7.407407e-02,
TP53->-IRF4,2,1,5.000000,5,1.222222e-02,
TP53->-SMARCA4,2,1,5.000000,5,2.022569e-01,
TP53->-TRAF2,2,1,5.000000,5,1.515135e-02,
PIK3CA->-KRAS,2,1,5.000000,5,3.454337e-01,
PIK3CA->-BLM,2,1,5.000000,5,7.958027e-02,
TP53->-PIK3R2,2,1,5.000000,5,1.388889e-02,
PIK3CA->-ERCC4,2,1,5.000000,5,5.105311e-02,
ARID1A->-IKZF1,2,1,5.000000,5,2.291667e-02,
ARID1A->-IKZF1 ARID1A->-PIK3CA CDH1->-ARID1A CDH1->-IKZF1 CDH1->-PIK3CA IKZF1->-PIK3CA,4,6,2.000000,2,1.736111e-03,
AKT1->-KMT2C,2,1,5.000000,5,2.634549e-01,
AKT1->-KMT2C AKT1->-TP53 TP53->-KMT2C,3,3,2.000000,2,3.935185e-02,
RUNX1->-TP53,2,1,5.000000,5,9.882569e-01,
PTPRS->-PIK3CA,2,1,5.000000,5,6.862144e-01,
PTPRS->-PIK3CA TP53->-PIK3CA TP53->-PTPRS,3,3,2.000000,2,9.468236e-02,
CDH1->-PIK3CA CDH1->-PTPRS PTPRS->-PIK3CA,3,3,2.000000,2,7.407407e-02,
TP53->-TET1,2,1,5.000000,5,8.705357e-02,
TP53->-ERBB4,2,1,5.000000,5,5.589017e-02,
CBFB->-NCOR1,2,1,5.000000,5,2.916667e-02,
CBFB->-NCOR1 CBFB->-PIK3CA NCOR1->-PIK3CA,3,3,2.000000,2,1.319444e-01,
CBFB->-NCOR1 CBFB->-TP53 TP53->-NCOR1,3,3,2.000000,2,1.203704e-01,
CDH1->-DNMT1,2,1,5.000000,5,3.125000e-02,
CDH1->-DNMT1 CDH1->-PIK3CA PIK3CA->-DNMT1,3,3,2.000000,2,2.777778e-02,
CDH1->-XPO1,2,1,5.000000,5,3.125000e-02,
MAP3K1->-NCOR1,2,1,5.000000,5,5.119668e-01,
MAP3K1->-NCOR1 MAP3K1->-PIK3CA NCOR1->-PIK3CA,3,3,2.000000,2,2.470684e-01,
ARID1B->-PIK3CA,2,1,5.000000,5,2.937289e-01,
ARID1B->-PIK3CA TP53->-ARID1B TP53->-PIK3CA,3,3,2.000000,2,1.377891e-01,
AKT1->-MAP2K4,2,1,5.000000,5,9.821429e-02,
ERBB2->-TBX3,2,1,5.000000,5,3.287260e-01,
CDH1->-TBX3 ERBB2->-CDH1 ERBB2->-TBX3,3,3,2.000000,2,1.962449e-01,
GPS2->-PIK3CA,2,1,5.000000,5,3.220610e-01,
SETD2->-PIK3CA,2,1,4.000000,4,7.742097e-01,
CDH1->-PIK3CA CDH1->-SETD2 SETD2->-PIK3CA,3,3,2.000000,2,1.576646e-01,
FAT1->-RICTOR,2,1,4.000000,4,1.434309e-01,
FAT1->-PIK3CA,2,1,4.000000,4,9.994955e-01,
FAT1->-PIK3CA FAT1->-RICTOR PIK3CA->-RICTOR,3,3,2.000000,2,9.117536e-02,
TET1->-FAT1,2,1,4.000000,4,2.844831e-01,
ARID1A->-FAT1 TET1->-ARID1A TET1->-FAT1,3,3,2.000000,2,1.003735e-02,
PIK3CA->-FAT1 PIK3CA->-TET1 TET1->-FAT1,3,3,2.000000,2,1.218833e-01,
PIK3CA->-FAT1 PIK3CA->-RB1 RB1->-FAT1,3,3,2.000000,2,1.309292e-01,
NCOR1->-FAT1 NCOR1->-TET1 TET1->-FAT1,3,3,2.000000,2,2.729045e-02,
TET1->-FAT1 TP53->-FAT1 TP53->-TET1,3,3,2.000000,2,4.761905e-02,
CDH1->-SMO,2,1,4.000000,4,2.760185e-02,
TP53->-RBM10,2,1,4.000000,4,2.256944e-02,
KMT2C->-BRCA2,2,1,4.000000,4,5.479542e-01,
KMT2A->-GATA3,2,1,4.000000,4,1.875000e-01,
TP53->-CDK8,2,1,4.000000,4,8.059414e-02,
PIK3CA->-EZH2,2,1,4.000000,4,1.125000e-01,
TP53->-EZH2,2,1,4.000000,4,1.458333e-01,
PIK3CA->-EZH2 PIK3CA->-TP53 TP53->-EZH2,3,3,2.000000,2,7.407407e-02,
FOXA1->-KMT2C,2,1,4.000000,4,2.805140e-01,
FOXA1->-KMT2C PIK3CA->-FOXA1 PIK3CA->-KMT2C,3,3,3.000000,3,2.774810e-02,
FOXA1->-KMT2C TP53->-FOXA1 TP53->-KMT2C,3,3,2.000000,2,6.144781e-02,
CBFB->-ARID1A,2,1,4.000000,4,1.331019e-01,
PIK3CA->-FOXP1,2,1,4.000000,4,3.779151e-01,
NCOR1->-RB1,2,1,4.000000,4,3.172980e-01,
NCOR1->-PIK3CA NCOR1->-RB1 PIK3CA->-RB1,3,3,2.000000,2,7.326186e-02,
PIK3CA->-SMARCA4,2,1,4.000000,4,6.067122e-01,
PIK3CA->-HIST1H3I,2,1,4.000000,4,1.851398e-01,
PIK3CA->-BARD1,2,1,4.000000,4,1.686010e-01,
PIK3CA->-BARD1 TP53->-BARD1 TP53->-PIK3CA,3,3,2.000000,2,4.709940e-02,
CDH1->-MTOR,2,1,4.000000,4,4.062500e-01,
CDH1->-MTOR CDH1->-PIK3CA PIK3CA->-MTOR,3,3,2.000000,2,7.200092e-02,
CDH1->-EGFR,2,1,4.000000,4,1.500000e-01,
CDH1->-EGFR CDH1->-PIK3CA PIK3CA->-EGFR,3,3,3.000000,3,1.851852e-03,
CDH1->-KDR,2,1,4.000000,4,5.974265e-02,
PIK3CA->-BRD4,2,1,4.000000,4,1.163451e-01,
PIK3CA->-NOTCH3,2,1,4.000000,4,3.754630e-01,
CDH1->-JAK3,2,1,4.000000,4,4.421053e-02,
CDH1->-JAK3 CDH1->-PIK3CA PIK3CA->-JAK3,3,3,2.000000,2,2.777778e-02,
MAP2K4->-JAK3,2,1,4.000000,4,4.543860e-02,
MAP2K4->-JAK3 TP53->-JAK3 TP53->-MAP2K4,3,3,2.000000,2,1.547027e-02,
CDH1->-JAK3 CDH1->-MAP2K4 MAP2K4->-JAK3,3,3,2.000000,2,2.210039e-02,
TP53->-HIST1H3B,2,1,4.000000,4,1.774390e-01,
EPHA7->-PIK3CA,2,1,4.000000,4,1.373905e-01,
EPHA7->-PIK3CA TP53->-EPHA7 TP53->-PIK3CA,3,3,2.000000,2,1.129493e-02,
NF1->-KMT2C,2,1,4.000000,4,2.864138e-01,
TP53->-PLK2,2,1,4.000000,4,1.711823e-01,
FOXA1->-KMT2D,2,1,4.000000,4,1.696429e-01,
PIK3CA->-CDKN2A,2,1,4.000000,4,1.168981e-01,
PIK3CA->-CDKN2A TP53->-CDKN2A TP53->-PIK3CA,3,3,2.000000,2,6.218998e-02,
STAG2->-GATA3,2,1,4.000000,4,1.755952e-01,
GATA3->-ERBB3,2,1,4.000000,4,1.047024e-01,
GATA3->-ERBB3 PIK3CA->-ERBB3 PIK3CA->-GATA3,3,3,2.000000,2,3.604497e-02,
MEN1->-SPEN,2,1,4.000000,4,6.250000e-02,
GATA3->-SPEN MEN1->-GATA3 MEN1->-SPEN,3,3,2.000000,2,7.407407e-02,
MEN1->-ARID1A,2,1,4.000000,4,1.577381e-01,
KMT2C->-ARID1A MEN1->-ARID1A MEN1->-KMT2C,3,3,2.000000,2,7.407407e-02,
KMT2C->-ERBB3,2,1,4.000000,4,2.601190e-01,
SMARCA4->-PIK3CA,2,1,4.000000,4,6.067122e-01,
KMT2C->-ESR1,2,1,4.000000,4,8.350694e-02,
BRCA2->-PIK3CA,2,1,4.000000,4,8.162809e-01,
PTEN->-ATRX,2,1,4.000000,4,1.720917e-01,
PTEN->-ATRX TP53->-ATRX TP53->-PTEN,3,3,2.000000,2,1.188458e-01,
PTEN->-TBX3,2,1,4.000000,4,5.526316e-02,
TP53->-SDHB,2,1,4.000000,4,3.820944e-01,
TP53->-PIM1,2,1,4.000000,4,2.278072e-02,
TP53->-MAP2K1,2,1,4.000000,4,2.870370e-02,
CDH1->-CTCF,2,1,4.000000,4,1.339286e-01,
TP53->-AXIN1,2,1,4.000000,4,9.888889e-02,
TP53->-IRS2,2,1,4.000000,4,1.637846e-01,
FOXA1->-TP53,2,1,4.000000,4,9.728572e-01,
PIK3CA->-HNF1A,2,1,4.000000,4,1.554777e-01,
TP53->-PRDM1,2,1,4.000000,4,4.583333e-02,
TP53->-IFNGR1,2,1,4.000000,4,3.194444e-02,
MAP3K1->-NSD1,2,1,4.000000,4,4.680377e-01,
MAP3K1->-NSD1 TP53->-MAP3K1 TP53->-NSD1,3,3,2.000000,2,7.407407e-02,
CDH1->-MAP3K1 CDH1->-NSD1 MAP3K1->-NSD1,3,3,2.000000,2,1.255144e-01,
NF1->-MAP3K1,2,1,4.000000,4,3.326211e-01,
NF1->-MAP3K1 TP53->-MAP3K1 TP53->-NF1,3,3,3.000000,3,1.620370e-02,
NF1->-MAP3K1 PTEN->-MAP3K1 PTEN->-NF1,3,3,3.000000,3,4.115226e-03,
PTEN->-ATR,2,1,4.000000,4,5.093183e-02,
PTEN->-ATR TP53->-ATR TP53->-PTEN,3,3,3.000000,3,4.523640e-03,
PIK3CA->-ATR PIK3CA->-PTEN PTEN->-ATR,3,3,2.000000,2,5.663120e-02,
MGA->-PTPRT,2,1,2.000000,2,2.037273e-01,
MGA->-ATR MGA->-PTEN PTEN->-ATR,3,3,2.000000,2,1.744833e-02,
ATR->-NCOR1,2,1,4.000000,4,6.250000e-02,
ATR->-NCOR1 TP53->-ATR TP53->-NCOR1,3,3,2.000000,2,2.777778e-02,
ATR->-NCOR1 PIK3CA->-ATR PIK3CA->-NCOR1,3,3,2.000000,2,2.777778e-02,
ATR->-EP300 PIK3CA->-ATR PIK3CA->-EP300,3,3,2.000000,2,2.777778e-02,
NF1->-MED12,2,1,4.000000,4,1.785969e-01,
NF1->-MED12 TP53->-MED12 TP53->-NF1,3,3,2.000000,2,7.407407e-02,
TP53->-CTCF,2,1,4.000000,4,2.644792e-01,
BRCA2->-KMT2C,2,1,4.000000,4,5.479542e-01,
PIK3CA->-RECQL4,2,1,4.000000,4,3.310930e-01,
CDH1->-RASA1,2,1,4.000000,4,1.564722e-01,
TBX3->-KMT2C,2,1,4.000000,4,6.686317e-01,
TBX3->-KMT2C TP53->-KMT2C TP53->-TBX3,3,3,2.000000,2,6.144781e-02,
TP53->-TRAF7,2,1,4.000000,4,9.638889e-02,
TP53->-REL,2,1,4.000000,4,2.916667e-02,
TP53->-PMS1,2,1,4.000000,4,3.066667e-02,
KMT2C->-TBX3,2,1,4.000000,4,6.686317e-01,
FOXA1->-TBX3,2,1,4.000000,4,4.563397e-01,
FOXA1->-TBX3 PIK3CA->-FOXA1 PIK3CA->-TBX3,3,3,2.000000,2,7.407407e-02,
ERBB2->-MAP3K1,2,1,4.000000,4,3.755069e-01,
ERBB2->-MAP3K1 ERBB2->-PIK3CA PIK3CA->-MAP3K1,3,3,2.000000,2,7.407407e-02,
GATA3->-POLE,2,1,4.000000,4,2.162284e-01,
CDH1->-RHOA,2,1,4.000000,4,2.739158e-01,
PTEN->-ARID1B,2,1,4.000000,4,1.752483e-01,
TP53->-PAK7,2,1,4.000000,4,1.544300e-01,
CDH1->-ATR,2,1,4.000000,4,3.985016e-02,
CDH1->-ATR CDH1->-PIK3CA PIK3CA->-ATR,3,3,3.000000,3,3.705984e-03,
CDH1->-PAK7,2,1,4.000000,4,4.583333e-02,
CDH1->-PAK7 CDH1->-TP53 TP53->-PAK7,3,3,2.000000,2,5.092593e-02,
CDH1->-FGFR4,2,1,4.000000,4,1.166667e-01,
GATA3->-NSD1,2,1,4.000000,4,6.250000e-02,
ZFHX3->-KMT2C,2,1,4.000000,4,1.541667e-01,
KMT2C->-PIK3CA ZFHX3->-KMT2C ZFHX3->-PIK3CA,3,3,2.000000,2,1.001157e-01,
MAP3K1->-CDH1,2,1,4.000000,4,9.996670e-01,
MAP3K1->-CDH1 MAP3K1->-PIK3CA PIK3CA->-CDH1,3,3,2.000000,2,7.351857e-01,
GATA3->-MED12,2,1,4.000000,4,5.527211e-02,
PIK3CA->-TSHR,2,1,4.000000,4,2.083333e-02,
TP53->-GATA2,2,1,4.000000,4,1.837121e-01,
TP53->-GSK3B,2,1,4.000000,4,1.697531e-02,
ARID1A->-FLT3,2,1,4.000000,4,1.613095e-01,
FOXA1->-CDH1,2,1,4.000000,4,9.995741e-01,
PIK3CA->-PMS1,2,1,4.000000,4,5.000000e-02,
MAP3K1->-ARID2,2,1,4.000000,4,4.670330e-02,
MAP3K1->-FOXA1,2,1,4.000000,4,8.993267e-01,
MAP3K1->-FOXA1 MAP3K1->-PIK3CA PIK3CA->-FOXA1,3,3,3.000000,3,1.608277e-01,
MAP3K1->-DICER1,2,1,4.000000,4,4.692308e-02,
ERBB2->-ERBB3,2,1,4.000000,4,4.670330e-02,
CDH1->-ERBB3 ERBB2->-CDH1 ERBB2->-ERBB3,3,3,2.000000,2,7.407407e-02,
NF1->-ERBB3,2,1,4.000000,4,6.250000e-02,
NF1->-ERBB3 NF1->-TP53 TP53->-ERBB3,3,3,2.000000,2,7.407407e-02,
ARID1B->-TP53,2,1,4.000000,4,9.354996e-01,
TP53->-DAXX,2,1,4.000000,4,2.717057e-02,
PIK3CA->-JAK2,2,1,4.000000,4,2.026003e-01,
CDH1->-JAK2,2,1,4.000000,4,4.166667e-02,
CDH1->-JAK2 TP53->-CDH1 TP53->-JAK2,3,3,2.000000,2,2.777778e-02,
PIK3CA->-INSR,2,1,4.000000,4,1.502976e-01,
PIK3CA->-INSR PIK3CA->-TP53 TP53->-INSR,3,3,2.000000,2,5.092593e-02,
MAP3K1->-CDKN1B,2,1,4.000000,4,3.760485e-01,
ERBB2->-FOXA1,2,1,4.000000,4,3.102679e-01,
ERBB2->-FOXA1 ERBB2->-MAP3K1 FOXA1->-MAP3K1,3,3,2.000000,2,1.736111e-02,
TP53->-DICER1,2,1,4.000000,4,2.103175e-02,
PIK3CA->-DICER1 TP53->-DICER1 TP53->-PIK3CA,3,3,2.000000,2,1.195850e-02,
TP53->-JUN,2,1,4.000000,4,6.250000e-02,
CDH1->-JUN,2,1,4.000000,4,5.178571e-02,
TP53->-FGFR2,2,1,4.000000,4,6.200397e-02,
PIK3CA->-YES1,2,1,4.000000,4,2.717057e-02,
MAP2K4->-NCOR1,2,1,4.000000,4,6.132812e-01,
GATA3->-PDGFRA,2,1,4.000000,4,1.652778e-01,
PIK3CA->-DNMT3B,2,1,4.000000,4,1.638889e-01,
CDH1->-DNMT3B,2,1,4.000000,4,6.250000e-02,
CDH1->-DNMT3B CDH1->-PIK3CA PIK3CA->-DNMT3B,3,3,2.000000,2,2.777778e-02,
CDH1->-POLE,2,1,4.000000,4,1.541667e-01,
TP53->-PAK1,2,1,4.000000,4,2.014620e-02,
ARID1A->-TP53,2,1,4.000000,4,9.975521e-01,
KMT2C->-PTCH1,2,1,4.000000,4,2.093122e-01,
CDH1->-KMT2A CDH1->-KMT2C CDH1->-PTCH1 KMT2C->-KMT2A KMT2C->-PTCH1 PTCH1->-KMT2A,4,6,2.000000,2,1.659518e-03,
KMT2C->-PARP1,2,1,4.000000,4,5.047068e-02,
PIK3CA->-PIK3CB,2,1,4.000000,4,2.417659e-01,
PIK3CA->-PIK3CB PIK3CA->-TP53 TP53->-PIK3CB,3,3,2.000000,2,1.752137e-02,
MDC1->-PIK3CB PIK3CA->-MDC1 PIK3CA->-PIK3CB,3,3,2.000000,2,1.752137e-02,
ARID1A->-KMT2D,2,1,4.000000,4,2.801091e-01,
ARID1A->-KMT2D PIK3CA->-ARID1A PIK3CA->-KMT2D,3,3,2.000000,2,7.301418e-02,
SPOP->-PIK3CA,2,1,4.000000,4,1.666667e-01,
CDH1->-SMAD4,2,1,4.000000,4,3.850298e-01,
PIK3CA->-INPP4A,2,1,4.000000,4,1.875000e-01,
CDH1->-TET2,2,1,4.000000,4,5.178571e-02,
CDH1->-NOTCH4,2,1,4.000000,4,6.204044e-02,
CDH1->-NOTCH4 CDH1->-PIK3CA PIK3CA->-NOTCH4,3,3,2.000000,2,7.407407e-02,
KMT2A->-PIK3CA,2,1,4.000000,4,9.558532e-01,
NF1->-FOXA1,2,1,4.000000,4,6.250000e-02,
NF1->-FOXA1 TP53->-FOXA1 TP53->-NF1,3,3,2.000000,2,7.407407e-02,
NF1->-FOXA1 NF1->-PIK3CA PIK3CA->-FOXA1,3,3,2.000000,2,7.407407e-02,
PTEN->-SETD2,2,1,4.000000,4,1.554777e-01,
KMT2C->-MED12,2,1,4.000000,4,3.735512e-02,
PIK3CA->-SMAD4,2,1,4.000000,4,4.637092e-01,
NOTCH2->-PIK3CA,2,1,4.000000,4,2.625000e-01,
CDH1->-DNMT3A,2,1,4.000000,4,1.711823e-01,
CDH1->-DNMT3A CDH1->-PIK3CA PIK3CA->-DNMT3A,3,3,2.000000,2,6.483762e-02,
CDH1->-DNMT3A TP53->-CDH1 TP53->-DNMT3A,3,3,2.000000,2,2.223591e-02,
NCOR1->-MAP2K4,2,1,4.000000,4,6.132812e-01,
MAP2K4->-PIK3CA NCOR1->-MAP2K4 NCOR1->-PIK3CA,3,3,2.000000,2,1.124847e-01,
TP53->-EGFR,2,1,4.000000,4,1.696970e-02,
SOX9->-PTCH1,2,1,4.000000,4,6.060606e-02,
APC->-KMT2D,2,1,4.000000,4,1.865079e-01,
APC->-KMT2D TP53->-APC TP53->-KMT2D,3,3,3.000000,3,1.593873e-02,
PTEN->-RUNX1,2,1,4.000000,4,1.429398e-01,
JAK1->-PIK3CA,2,1,4.000000,4,4.192995e-01,
TP53->-EPCAM,2,1,4.000000,4,1.696470e-01,
CDH1->-ANKRD11,2,1,4.000000,4,2.827740e-01,
PIK3CA->-MSH6,2,1,4.000000,4,3.437500e-01,
TP53->-KLF4,2,1,4.000000,4,2.651042e-01,
TBX3->-RUNX1,2,1,4.000000,4,3.437500e-01,
CDH1->-ARID5B,2,1,4.000000,4,5.434113e-02,
CDH1->-ARID5B CDH1->-PIK3CA PIK3CA->-ARID5B,3,3,3.000000,3,1.389459e-02,
CDH1->-PARP1,2,1,4.000000,4,1.253971e-01,
CDH1->-KMT2C CDH1->-PARP1 KMT2C->-PARP1,3,3,2.000000,2,6.010410e-02,
CDH1->-PARP1 CDH1->-RAD50 RAD50->-PARP1,3,3,2.000000,2,1.976525e-02,
NF1->-ATM,2,1,4.000000,4,5.357143e-02,
NF1->-ATM NF1->-PIK3CA PIK3CA->-ATM,3,3,2.000000,2,2.777778e-02,
KMT2C->-TSC2,2,1,4.000000,4,2.861962e-01,
TP53->-MSH6,2,1,4.000000,4,1.329545e-01,
TP53->-AURKA,2,1,4.000000,4,2.678571e-02,
PIK3CA->-IKBKE,2,1,4.000000,4,1.458333e-01,
PIK3CA->-PALB2,2,1,4.000000,4,1.832707e-01,
GATA3->-CBFB,2,1,4.000000,4,9.998719e-01,
PIK3CA->-NF2,2,1,4.000000,4,5.005952e-02,
RHOA->-PIK3CA,2,1,4.000000,4,2.401786e-01,
CDH1->-PIK3CA CDH1->-RHOA RHOA->-PIK3CA,3,3,2.000000,2,6.498016e-02,
TP53->-E2F3,2,1,4.000000,4,1.277778e-02,
PIK3CA->-PAK7,2,1,4.000000,4,2.638889e-01,
CDH1->-PAK7 CDH1->-PIK3CA PIK3CA->-PAK7,3,3,2.000000,2,7.407407e-02,
TP53->-NF2,2,1,4.000000,4,2.503561e-02,
PIK3CA->-PPP2R1A,2,1,4.000000,4,2.305000e-01,
GATA3->-FOXA1,2,1,4.000000,4,7.460938e-01,
GATA3->-FOXA1 PIK3CA->-FOXA1 PIK3CA->-GATA3,3,3,2.000000,2,2.632245e-01,
MGA->-ATR,2,1,4.000000,4,5.093183e-02,
MGA->-ATR MGA->-PIK3CA PIK3CA->-ATR,3,3,2.000000,2,1.100462e-01,
TP53->-SMAD2,2,1,4.000000,4,1.541667e-01,
PIK3CA->-TSC2,2,1,4.000000,4,4.722222e-01,
PIK3CA->-KDM5C,2,1,4.000000,4,7.395313e-01,
TP53->-CDKN1A,2,1,4.000000,4,1.519235e-01,
GATA3->-SF3B1,2,1,4.000000,4,5.000000e-01,
GATA3->-SF3B1 PIK3CA->-GATA3 PIK3CA->-SF3B1,3,3,2.000000,2,7.407407e-02,
ERBB4->-GATA3,2,1,4.000000,4,9.687500e-02,
LATS2->-PIK3CA,2,1,3.000000,3,5.885721e-01,
SETD2->-ARID2,2,1,3.000000,3,2.210706e-01,
SETD2->-ARID2 TP53->-ARID2 TP53->-SETD2,3,3,2.000000,2,6.785460e-03,
SETD2->-ARID1A,2,1,3.000000,3,4.809680e-01,
ARID1A->-PIK3CA SETD2->-ARID1A SETD2->-PIK3CA,3,3,2.000000,2,1.847095e-01,
NOTCH1->-PIK3CA SETD2->-NOTCH1 SETD2->-PIK3CA,3,3,2.000000,2,6.681191e-02,
ARID2->-PIK3CA,2,1,3.000000,3,9.691676e-01,
ARID2->-CARD11,2,1,3.000000,3,2.477395e-01,
ARID1A->-CARD11,2,1,3.000000,3,3.946496e-01,
ARID1A->-ARID2,2,1,3.000000,3,8.254803e-01,
ARID1A->-ARID2 ARID1A->-PIK3CA ARID2->-PIK3CA,3,3,2.000000,2,1.215834e-01,
ESR1->-RICTOR,2,1,3.000000,3,4.378133e-01,
ARID1A->-CARD11 ARID2->-ARID1A ARID2->-CARD11,3,3,2.000000,2,4.883355e-02,
FAT1->-SETD2,2,1,3.000000,3,2.257554e-01,
FAT1->-SETD2 TP53->-FAT1 TP53->-SETD2,3,3,2.000000,2,8.730159e-03,
GATA3->-PTEN,2,1,3.000000,3,7.676665e-01,
EP300->-PIK3CA,2,1,3.000000,3,8.667835e-01,
AXL->-PIK3CA,2,1,3.000000,3,5.659722e-01,
ATM->-MAP3K1,2,1,3.000000,3,4.225874e-01,
ATM->-MAP3K1 ATM->-PIK3CA MAP3K1->-PIK3CA,3,3,2.000000,2,1.087073e-01,
NOTCH1->-MAP3K1,2,1,3.000000,3,3.794643e-01,
PIK3CA->-SMO,2,1,3.000000,3,6.565338e-01,
CDH1->-PIK3CA CDH1->-SMO PIK3CA->-SMO,3,3,2.000000,2,5.908153e-02,
KMT2A->-BRCA2,2,1,3.000000,3,2.281250e-01,
SDHB->-TP53,2,1,3.000000,3,6.758620e-01,
TP53->-ASXL1,2,1,3.000000,3,1.250000e-01,
PTEN->-FOXA1,2,1,3.000000,3,3.340416e-01,
MTOR->-XPO1,2,1,3.000000,3,1.250000e-01,
KMT2C->-PTPRD,2,1,3.000000,3,2.880234e-01,
KMT2C->-XPO1,2,1,3.000000,3,1.250000e-01,
SMO->-PIK3CA,2,1,3.000000,3,6.565338e-01,
PIK3CA->-FH,2,1,3.000000,3,2.166667e-01,
CDH1->-DOT1L,2,1,3.000000,3,2.294126e-01,
DOT1L->-MAP3K1,2,1,3.000000,3,2.076211e-01,
CDH1->-DOT1L CDH1->-MAP3K1 DOT1L->-MAP3K1,3,3,2.000000,2,2.469136e-02,
CDH1->-MAP3K1 CDH1->-NSD1 NSD1->-MAP3K1,3,3,2.000000,2,1.255144e-01,
NSD1->-KMT2C,2,1,3.000000,3,4.616453e-01,
NSD1->-KMT2C PIK3CA->-KMT2C PIK3CA->-NSD1,3,3,2.000000,2,2.777778e-02,
ARID1A->-KMT2C ARID1A->-NSD1 NSD1->-KMT2C,3,3,2.000000,2,2.777778e-02,
MAP3K1->-EPHB1,2,1,3.000000,3,5.000000e-01,
CDH1->-EPHB1 CDH1->-MAP3K1 CDH1->-PIK3CA MAP3K1->-EPHB1 PIK3CA->-EPHB1 PIK3CA->-MAP3K1,4,6,2.000000,2,1.736111e-03,
ARID1A->-MAP3K1,2,1,3.000000,3,9.268810e-01,
NSD1->-MAP3K1,2,1,3.000000,3,7.490948e-01,
MAP3K1->-KMT2C NSD1->-KMT2C NSD1->-MAP3K1,3,3,2.000000,2,5.344650e-02,
ARID1A->-EPHB1,2,1,3.000000,3,8.267196e-02,
ARID1A->-EPHB1 TP53->-ARID1A TP53->-EPHB1,3,3,2.000000,2,2.714184e-02,
ARID1A->-FOXA1,2,1,3.000000,3,3.535714e-01,
CBFB->-EGFR,2,1,3.000000,3,8.333333e-02,
GATA3->-PIK3R2,2,1,3.000000,3,2.150794e-01,
STAG2->-FAT1,2,1,3.000000,3,3.114035e-01,
PIK3CA->-PDCD1,2,1,3.000000,3,3.114035e-01,
PIK3CA->-FGFR3,2,1,3.000000,3,4.343444e-01,
PIK3CA->-RBM10,2,1,3.000000,3,2.739766e-01,
PIK3CA->-ASXL2,2,1,3.000000,3,6.553363e-01,
NCOR1->-FAT1,2,1,3.000000,3,2.070067e-01,
CDH1->-ALK,2,1,3.000000,3,2.500000e-01,
CDH1->-ALK CDH1->-PIK3CA PIK3CA->-ALK,3,3,2.000000,2,2.777778e-02,
CDH1->-ALK CDH1->-FOXA1 FOXA1->-ALK,3,3,2.000000,2,2.777778e-02,
ERBB2->-RICTOR,2,1,3.000000,3,1.086823e-01,
CDH1->-ERBB2 CDH1->-RICTOR ERBB2->-RICTOR,3,3,2.000000,2,2.223591e-02,
TP53->-CDK12,2,1,3.000000,3,4.282895e-01,
AKT1->-RUNX1,2,1,3.000000,3,1.250000e-01,
IKZF1->-PIK3CA,2,1,3.000000,3,7.353932e-01,
PIK3CA->-KIT,2,1,3.000000,3,2.401991e-01,
PIK3CA->-KIT TP53->-KIT TP53->-PIK3CA,3,3,2.000000,2,4.353676e-02,
TP53->-IKZF1,2,1,3.000000,3,2.975964e-01,
CDH1->-FLT1,2,1,3.000000,3,1.250000e-01,
PIK3CA->-EIF4A2,2,1,3.000000,3,3.262408e-01,
PIK3CA->-FBXW7,2,1,3.000000,3,5.215095e-01,
PIK3CA->-PDGFRA,2,1,3.000000,3,6.889671e-01,
HIST1H3I->-SMARCA4,2,1,3.000000,3,1.226452e-01,
HIST1H3I->-SMARCA4 PIK3CA->-HIST1H3I PIK3CA->-SMARCA4,3,3,2.000000,2,7.150190e-02,
TP53->-FOXL2,2,1,3.000000,3,4.574074e-02,
CDH1->-EPHA7,2,1,3.000000,3,1.240809e-01,
SPEN->-ARID2,2,1,3.000000,3,2.410714e-01,
SPEN->-ARID2 TP53->-ARID2 TP53->-SPEN,3,3,2.000000,2,3.968254e-02,
TP53->-SOX2,2,1,3.000000,3,1.000000e-01,
TP53->-LATS1,2,1,3.000000,3,4.625000e-01,
LATS1->-TSC2,2,1,3.000000,3,8.363636e-02,
CDH1->-GRIN2A,2,1,3.000000,3,1.250000e-01,
MAP2K4->-ARID1A,2,1,3.000000,3,7.500000e-02,
MAP2K4->-ARID1A PIK3CA->-ARID1A PIK3CA->-MAP2K4,3,3,2.000000,2,2.777778e-02,
TP53->-PIK3C3,2,1,3.000000,3,6.827731e-02,
TP53->-IRS1,2,1,3.000000,3,2.107843e-01,
TP53->-GNA11,2,1,3.000000,3,7.373950e-02,
MDC1->-PIK3CA,2,1,3.000000,3,9.279543e-01,
PIK3CA-/-RICTOR,2,1,3.000000,3,4.451780e-01,
PIK3CA-/-RICTOR TP53->-PIK3CA TP53->-RICTOR,3,3,2.000000,2,3.660227e-02,
IRS1->-PIK3CA,2,1,3.000000,3,6.482230e-01,
ERBB3->-PIK3CA MAP3K1->-ERBB3 MAP3K1->-PIK3CA,3,3,3.000000,3,2.740900e-02,
MAP3K1->-ATR,2,1,3.000000,3,3.446895e-01,
MAP3K1->-CARD11,2,1,3.000000,3,7.142857e-02,
ERBB3->-CARD11,2,1,3.000000,3,1.590175e-01,
ERBB3->-CARD11 TP53->-CARD11 TP53->-ERBB3,3,3,2.000000,2,2.714558e-02,
ERBB3->-CARD11 MAP3K1->-CARD11 MAP3K1->-ERBB3,3,3,2.000000,2,9.752298e-03,
TP53->-RPS6KA4,2,1,3.000000,3,1.914860e-01,
PTEN->-ATM,2,1,3.000000,3,7.373626e-02,
PIK3CA->-ATM PTEN->-ATM PTEN->-PIK3CA,3,3,2.000000,2,1.662393e-02,
TP53->-NTRK3,2,1,3.000000,3,3.125000e-01,
PIK3CA->-AMER1,2,1,3.000000,3,3.663235e-01,
FOXA1->-ESR1,2,1,3.000000,3,3.843537e-01,
TP53->-PMS2,2,1,3.000000,3,9.027778e-02,
CDKN2A->-TP53,2,1,3.000000,3,9.884579e-01,
MAP3K1->-JAK1,2,1,3.000000,3,6.043956e-02,
GATA3->-NUP93,2,1,3.000000,3,1.250000e-01,
GATA3->-NUP93 PIK3CA->-GATA3 PIK3CA->-NUP93,3,3,2.000000,2,7.407407e-02,
MAP3K1->-SPEN,2,1,3.000000,3,3.125000e-01,
GATA3->-SPEN MAP3K1->-GATA3 MAP3K1->-SPEN,3,3,2.000000,2,2.777778e-02,
CHEK2->-ARID1A,2,1,3.000000,3,9.880952e-02,
MEN1->-STAG2,2,1,3.000000,3,1.086823e-01,
MEN1->-NUP93 MEN1->-PIK3CA PIK3CA->-NUP93,3,3,2.000000,2,2.777778e-02,
GATA3->-NUP93 MEN1->-GATA3 MEN1->-NUP93 MEN1->-STAG2 STAG2->-GATA3 STAG2->-NUP93,4,6,2.000000,2,1.736111e-03,
KMT2C->-SPEN,2,1,3.000000,3,6.822917e-01,
KMT2C->-ATM,2,1,3.000000,3,5.456977e-01,
ARID1A->-SPEN PIK3CA->-ARID1A PIK3CA->-SPEN,3,3,3.000000,3,1.620370e-02,
ARID1A->-SPEN CDH1->-ARID1A CDH1->-SPEN,3,3,2.000000,2,2.777778e-02,
ARID1A->-SPEN MEN1->-ARID1A MEN1->-SPEN,3,3,2.000000,2,2.777778e-02,
ARID1A->-EGFR,2,1,3.000000,3,1.250000e-01,
ARID1A->-EGFR GATA3->-ARID1A GATA3->-EGFR,3,3,2.000000,2,2.777778e-02,
KMT2C->-AKT1,2,1,3.000000,3,7.890625e-01,
RECQL4->-PIK3CA,2,1,3.000000,3,6.208831e-01,
PIK3CA->-IRS1,2,1,3.000000,3,6.482230e-01,
AKT1->-NF1,2,1,3.000000,3,1.071429e-01,
ATM->-KMT2C,2,1,3.000000,3,5.456977e-01,
ROS1->-PIK3CA,2,1,3.000000,3,8.741697e-01,
TSC2->-PIK3CA,2,1,3.000000,3,7.526042e-01,
ROS1->-TP53,2,1,3.000000,3,9.422027e-01,
PIK3CA->-ROS1 PIK3CA->-TP53 ROS1->-TP53,3,3,2.000000,2,1.225016e-01,
TBX3->-BRCA2,2,1,3.000000,3,3.546703e-01,
CDH1->-BRCA2 CDH1->-ESR1 ESR1->-BRCA2,3,3,3.000000,3,4.629630e-03,
TBX3->-ANKRD11,2,1,3.000000,3,5.000000e-01,
CDH1->-PIK3CG,2,1,3.000000,3,2.907895e-01,
TBX3->-ESR1,2,1,3.000000,3,2.651099e-01,
CDH1->-HNF1A,2,1,3.000000,3,1.250000e-01,
TP53->-FLT3,2,1,3.000000,3,8.842105e-02,
PTEN->-JAK3,2,1,3.000000,3,8.297976e-02,
PTEN->-MAP2K4,2,1,3.000000,3,8.287500e-01,
PTEN->-MAP2K4 PTEN->-TP53 TP53->-MAP2K4,3,3,2.000000,2,9.236416e-02,
MAP2K4->-PTPRS,2,1,3.000000,3,1.105263e-01,
PTEN->-PTPRS,2,1,3.000000,3,1.026541e-01,
CDH1->-PTPRS PTEN->-CDH1 PTEN->-PTPRS,3,3,2.000000,2,1.964479e-02,
PTEN->-ACVR1,2,1,2.000000,2,2.053081e-01,
PTEN->-FAT1,2,1,3.000000,3,5.572010e-01,
ATRX->-EPHB1,2,1,3.000000,3,1.096491e-01,
ATRX->-EPHB1 TP53->-ATRX TP53->-EPHB1,3,3,2.000000,2,6.363852e-02,
PTEN->-EPHB1,2,1,2.000000,2,2.192982e-01,
ATRX->-EPHB1 CDH1->-ATRX CDH1->-EPHB1,3,3,2.000000,2,2.210039e-02,
TBX3->-FOXA1,2,1,3.000000,3,7.399522e-01,
CDH1->-FOXA1 CDH1->-TBX3 TBX3->-FOXA1,3,3,2.000000,2,2.210039e-02,
CDH1->-CDK12,2,1,3.000000,3,8.105263e-02,
TBX3->-FAT1,2,1,3.000000,3,4.588394e-02,
TP53->-RHOA,2,1,3.000000,3,3.722222e-01,
TP53->-WT1,2,1,3.000000,3,1.045455e-01,
TP53->-H3F3C,2,1,3.000000,3,8.611111e-02,
PIK3CA->-RIT1,2,1,3.000000,3,9.384615e-02,
PIK3CA->-GNA11,2,1,3.000000,3,2.288866e-01,
ATM->-FAT1 PIK3CA->-ATM PIK3CA->-FAT1 PIK3CA->-TP53 TP53->-ATM TP53->-FAT1,4,6,2.000000,2,3.479112e-03,
GNA11->-FAT1 PIK3CA->-FAT1 PIK3CA->-GNA11 PIK3CA->-TP53 TP53->-FAT1 TP53->-GNA11,4,6,2.000000,2,9.093915e-04,
ATM->-FAT1,2,1,3.000000,3,2.234524e-01,
PIK3CA->-CTCF,2,1,3.000000,3,9.482366e-01,
PIK3CA->-GATA2,2,1,3.000000,3,3.125000e-01,
TP53->-INPP4A,2,1,3.000000,3,1.250000e-01,
STK11->-EP300,2,1,3.000000,3,2.672794e-01,
STK11->-EP300 TP53->-EP300 TP53->-STK11,3,3,2.000000,2,9.680522e-02,
TP53->-ERCC2,2,1,3.000000,3,6.190476e-02,
PIK3CA->-SMAD2,2,1,3.000000,3,2.500000e-01,
CREBBP->-MAP3K1 PIK3CA->-CREBBP PIK3CA->-MAP3K1,3,3,3.000000,3,1.984127e-03,
PIK3C2G->-MAP3K1,2,1,3.000000,3,2.381292e-01,
PIK3C2G->-MAP3K1 PIK3CA->-MAP3K1 PIK3CA->-PIK3C2G,3,3,2.000000,2,4.761905e-02,
PIK3C2G->-CREBBP,2,1,3.000000,3,2.500000e-01,
PIK3C2G->-CREBBP PIK3CA->-CREBBP PIK3CA->-PIK3C2G,3,3,2.000000,2,9.887566e-02,
CDH1->-GPS2,2,1,3.000000,3,5.755952e-01,
ATRX->-PIK3CA,2,1,3.000000,3,9.045850e-01,
DOT1L->-PIK3CA,2,1,3.000000,3,4.750000e-01,
TP53->-RASA1,2,1,3.000000,3,3.466435e-01,
PTEN->-GATA3,2,1,3.000000,3,7.676665e-01,
GATA3->-CARD11,2,1,3.000000,3,8.343915e-02,
NCOR1->-PTEN,2,1,3.000000,3,4.239583e-01,
IRS2->-CARD11,2,1,3.000000,3,5.565657e-02,
IRS2->-CARD11 TP53->-CARD11 TP53->-IRS2,3,3,2.000000,2,2.810279e-02,
NCOR1->-CARD11,2,1,3.000000,3,2.833333e-01,
TP53->-CDK4,2,1,3.000000,3,1.250000e-01,
TP53->-AKT2,2,1,3.000000,3,8.750000e-02,
NCOR1->-MAP3K1,2,1,3.000000,3,9.099313e-01,
NCOR1->-MAP3K1 TP53->-MAP3K1 TP53->-NCOR1,3,3,2.000000,2,1.161616e-01,
MAP3K1->-PIK3CA NCOR1->-MAP3K1 NCOR1->-PIK3CA,3,3,2.000000,2,2.470684e-01,
PTEN->-NSD1,2,1,3.000000,3,1.160969e-01,
NCOR1->-NSD1 PTEN->-NCOR1 PTEN->-NSD1 TP53->-NCOR1 TP53->-NSD1 TP53->-PTEN,4,6,2.000000,2,1.736111e-03,
MED12->-NSD1,2,1,3.000000,3,2.991453e-01,
PTEN->-MED12,2,1,3.000000,3,2.119335e-01,
NF1->-MED12 PTEN->-MED12 PTEN->-NF1,3,3,2.000000,2,2.469136e-02,
NF1->-NSD1 PTEN->-NF1 PTEN->-NSD1,3,3,2.000000,2,2.469136e-02,
KMT2C->-MED12 PTEN->-KMT2C PTEN->-MED12,3,3,2.000000,2,1.477683e-02,
MAP3K1->-MED12 PTEN->-MAP3K1 PTEN->-MED12,3,3,2.000000,2,5.116651e-02,
NF1->-NCOR1,2,1,3.000000,3,4.410714e-01,
ARID1A->-BRCA2,2,1,3.000000,3,5.565374e-01,
ARID1A->-BRCA2 ARID1A->-PIK3CA PIK3CA->-BRCA2,3,3,2.000000,2,5.588624e-02,
PIK3CA->-PIK3C3,2,1,3.000000,3,1.470029e-01,
PIK3CA->-RASA1,2,1,3.000000,3,2.384386e-01,
ARID1A->-CREBBP,2,1,3.000000,3,2.336500e-01,
ARID1A->-CREBBP CDH1->-ARID1A CDH1->-CREBBP,3,3,2.000000,2,9.143519e-02,
ARID1A->-APC CDH1->-APC CDH1->-ARID1A,3,3,2.000000,2,2.777778e-02,
ARID1A->-CREBBP ARID1A->-PIK3CA PIK3CA->-CREBBP,3,3,2.000000,2,5.588624e-02,
NF1->-ASXL1,2,1,3.000000,3,8.750000e-02,
NF1->-ASXL1 TP53->-ASXL1 TP53->-NF1,3,3,2.000000,2,2.777778e-02,
TBX3->-MAP3K1,2,1,3.000000,3,9.056964e-01,
MAP3K1->-PIK3CA TBX3->-MAP3K1 TBX3->-PIK3CA,3,3,2.000000,2,1.911123e-01,
ATM->-TBX3,2,1,3.000000,3,1.045455e-01,
CHEK2->-TP53,2,1,3.000000,3,3.857143e-01,
CHEK2->-PIK3CA CHEK2->-TP53 TP53->-PIK3CA,3,3,2.000000,2,2.777778e-02,
PIK3CA->-HIST1H3B,2,1,3.000000,3,2.223039e-01,
CDH1->-KDM6A,2,1,3.000000,3,4.986213e-01,
MAP3K1->-FANCA,2,1,3.000000,3,2.085799e-01,
MED12-/-TP53,2,1,3.000000,3,1.986766e-01,
MTOR->-CDH1,2,1,3.000000,3,7.002551e-01,
CDH1->-LATS1,2,1,3.000000,3,9.166667e-02,
CDH1->-PBRM1,2,1,3.000000,3,3.125000e-01,
NF1->-ARID1A,2,1,3.000000,3,2.625000e-01,
NF1->-ARID1A PIK3CA->-ARID1A PIK3CA->-NF1,3,3,2.000000,2,5.092593e-02,
SPEN->-GATA3,2,1,3.000000,3,9.553286e-01,
ATM->-ESR1,2,1,3.000000,3,8.750000e-02,
ATRX->-GATA3,2,1,3.000000,3,2.375000e-01,
CDH1->-ARID1B,2,1,3.000000,3,2.910696e-01,
CDH1->-SMARCB1,2,1,3.000000,3,1.250000e-01,
ESR1->-RHOA,2,1,3.000000,3,1.250000e-01,
CDH1->-ESR1 CDH1->-RHOA ESR1->-RHOA,3,3,2.000000,2,2.777778e-02,
CDH1->-ERCC5,2,1,3.000000,3,9.166667e-02,
PIK3CA->-GPS2,2,1,3.000000,3,8.296652e-01,
MAP2K4->-CDH1,2,1,3.000000,3,9.657941e-01,
PIK3CA->-RPS6KB2,2,1,3.000000,3,2.218254e-01,
FGFR4-/-PIK3CA,2,1,3.000000,3,1.384615e-02,
MAP3K1->-MED12,2,1,3.000000,3,2.456020e-01,
MAP3K1->-MED12 MAP3K1->-PIK3CA PIK3CA->-MED12,3,3,2.000000,2,1.424908e-02,
PTPRS->-ARID2,2,1,3.000000,3,7.500000e-02,
PTPRS->-ARID2 TP53->-ARID2 TP53->-PTPRS,3,3,2.000000,2,6.944444e-03,
ATR->-ARID2 PIK3CA->-ARID2 PIK3CA->-ATR PIK3CA->-PTPRS PTPRS->-ARID2 PTPRS->-ATR,4,6,2.000000,2,1.736111e-03,
TP53->-DNMT3B,2,1,3.000000,3,8.333333e-02,
MAP3K1->-PTPRD,2,1,3.000000,3,2.142857e-01,
PIK3CA->-JAK1,2,1,3.000000,3,7.129121e-01,
ARID1A->-JAK1,2,1,3.000000,3,1.250000e-01,
ARID1A->-JAK1 ARID1A->-PIK3CA JAK1->-PIK3CA,3,3,2.000000,2,7.407407e-02,
AKT1->-CBFB,2,1,3.000000,3,8.247070e-01,
CBFB->-ERBB2,2,1,3.000000,3,1.250000e-01,
CBFB->-CDH1 CBFB->-ERBB2 CDH1->-ERBB2,3,3,2.000000,2,2.777778e-02,
BCL6->-CDH1,2,1,3.000000,3,4.635417e-01,
PIK3CA->-FLT1,2,1,3.000000,3,4.407895e-01,
MST1R->-MAP3K1 PIK3CA->-MAP3K1 PIK3CA->-MST1R,3,3,3.000000,3,4.629630e-03,
MST1R->-KMT2C,2,1,3.000000,3,3.125000e-01,
MST1R->-KMT2C PIK3CA->-KMT2C PIK3CA->-MST1R,3,3,2.000000,2,7.407407e-02,
ARID1A->-POLE,2,1,3.000000,3,2.718301e-01,
ARID1A->-POLE PIK3CA->-ARID1A PIK3CA->-POLE,3,3,2.000000,2,7.301418e-02,
ARID1A->-POLE GATA3->-ARID1A GATA3->-POLE,3,3,2.000000,2,1.782662e-02,
BRCA2->-ARID1A,2,1,3.000000,3,5.565374e-01,
CHEK2->-GATA3,2,1,3.000000,3,2.732143e-01,
GATA3->-ASXL1,2,1,3.000000,3,2.150794e-01,
KMT2D->-TP53,2,1,3.000000,3,9.999851e-01,
TP53->-CUL3,2,1,3.000000,3,8.750000e-02,
ARID1A-/-PIK3CA,2,1,3.000000,3,3.506765e-01,
ARID1A->-ATM,2,1,3.000000,3,3.535714e-01,
PTPRT->-PIK3CA,2,1,3.000000,3,9.876968e-01,
CDH1->-ARID2,2,1,3.000000,3,2.500000e-01,
CDH1->-ARID2 CDH1->-PIK3CA PIK3CA->-ARID2,3,3,2.000000,2,7.407407e-02,
CDH1->-DAXX,2,1,3.000000,3,1.086823e-01,
PIK3CA->-KDM5A,2,1,3.000000,3,3.928571e-01,
ARID1A->-NOTCH4,2,1,3.000000,3,1.250000e-01,
ARID1A->-ATR,2,1,3.000000,3,1.240079e-01,
PIK3CA->-KMT2D PIK3CA->-ROS1 ROS1->-KMT2D,3,3,2.000000,2,2.714184e-02,
ARID1A->-ATR ARID1A->-BCOR BCOR->-ATR PIK3CA->-ARID1A PIK3CA->-ATR PIK3CA->-BCOR PIK3CA->-ROS1 ROS1->-ARID1A ROS1->-ATR ROS1->-BCOR,5,10,2.000000,2,1.503550e-04,
BRCA1->-TET2,2,1,3.000000,3,2.532963e-01,
ESR1->-NCOR1,2,1,3.000000,3,6.562500e-01,
GATA3->-BRCA1,2,1,3.000000,3,3.604167e-01,
GATA3->-BRCA1 GATA3->-PIK3CA PIK3CA->-BRCA1,3,3,2.000000,2,1.131136e-01,
BRCA1-/-RICTOR,2,1,3.000000,3,7.489712e-02,
CDH1->-SF3B1,2,1,3.000000,3,2.562500e-01,
PTPRT->-KMT2D,2,1,3.000000,3,6.055895e-01,
KMT2D->-PIK3CA PTPRT->-KMT2D PTPRT->-PIK3CA,3,3,2.000000,2,1.616038e-01,
KMT2C->-KMT2D,2,1,3.000000,3,7.180957e-01,
KMT2C->-KMT2D TP53->-KMT2C TP53->-KMT2D,3,3,2.000000,2,2.009916e-01,
KMT2C->-KMT2D PTPRT->-KMT2C PTPRT->-KMT2D,3,3,2.000000,2,2.777778e-02,
NF1->-KMT2D,2,1,3.000000,3,2.875000e-01,
PTPRS->-KMT2C,2,1,3.000000,3,2.991453e-01,
PTPRS->-KMT2C TP53->-KMT2C TP53->-PTPRS,3,3,2.000000,2,2.777778e-02,
PTPRT->-KMT2C,2,1,3.000000,3,1.250000e-01,
PTPRT->-KMT2C TP53->-KMT2C TP53->-PTPRT,3,3,2.000000,2,7.407407e-02,
CREBBP->-TP53,2,1,3.000000,3,9.916381e-01,
ESR1->-SPEN,2,1,3.000000,3,4.437500e-01,
FGFR4->-PIK3CA,2,1,3.000000,3,7.876202e-01,
MEN1->-FAT1,2,1,3.000000,3,1.071429e-01,
TP53->-CDKN1B,2,1,3.000000,3,2.258929e-01,
SF3B1->-GATA3,2,1,3.000000,3,7.734375e-01,
SOX9->-TP53,2,1,3.000000,3,5.545034e-01,
TP53->-NTRK1,2,1,3.000000,3,9.805556e-02,
SPEN->-TP53,2,1,3.000000,3,9.677142e-01,
SPEN->-CDH1,2,1,3.000000,3,9.439648e-01,
SDHB->-GATA3,2,1,3.000000,3,2.367565e-01,
PTEN->-MST1R,2,1,3.000000,3,1.250000e-01,
TP53->-YES1,2,1,3.000000,3,1.086823e-01,
PIK3CA->-YES1 TP53->-PIK3CA TP53->-YES1,3,3,2.000000,2,6.483762e-02,
KDM5C->-TP53,2,1,3.000000,3,5.940646e-01,
MAP2K4->-ESR1,2,1,3.000000,3,6.500000e-02,
NCOR1->-ESR1,2,1,3.000000,3,6.562500e-01,
ESR1->-EGFR,2,1,3.000000,3,1.250000e-01,
ESR1->-EGFR ESR1->-GATA3 GATA3->-EGFR,3,3,2.000000,2,2.777778e-02,
ASXL1->-PIK3CA,2,1,3.000000,3,5.208333e-01,
TP53->-BBC3,2,1,3.000000,3,5.250000e-02,
CBFB->-CDKN1B,2,1,3.000000,3,1.250000e-01,
GATA3->-NF1,2,1,3.000000,3,2.055556e-01,
TP53->-SOX9,2,1,3.000000,3,5.545034e-01,
SOX9->-PTCH1 TP53->-PTCH1 TP53->-SOX9,3,3,2.000000,2,2.537879e-02,
GATA3-/-IGF1R,2,1,3.000000,3,4.266667e-02,
GATA3-/-IGF1R GATA3-/-PIK3CA PIK3CA->-IGF1R,3,3,2.000000,2,1.039646e-02,
NF1->-APC,2,1,3.000000,3,3.804143e-01,
PIK3CA->-TP53 PIK3CA->-ZFHX3 ZFHX3->-TP53,3,3,3.000000,3,1.024083e-02,
PIK3CA->-ARID1B,2,1,3.000000,3,8.107756e-01,
PIK3CA->-PAK1,2,1,3.000000,3,7.554825e-02,
PIK3CA->-PAK1 PIK3CA->-TP53 TP53->-PAK1,3,3,2.000000,2,1.090041e-02,
ESR1->-MTOR,2,1,3.000000,3,1.795552e-01,
ARID1A->-MYC,2,1,3.000000,3,2.425694e-01,
PIK3CA->-ASXL1,2,1,3.000000,3,5.208333e-01,
ARID1A->-APC,2,1,3.000000,3,3.110119e-01,
ERBB2->-PTCH1,2,1,3.000000,3,1.250000e-01,
CDH1->-PTCH1 ERBB2->-CDH1 ERBB2->-PTCH1,3,3,2.000000,2,7.407407e-02,
ERBB2->-PIK3CA ERBB2->-PTCH1 PIK3CA->-PTCH1,3,3,2.000000,2,2.777778e-02,
ERBB2->-KMT2C ERBB2->-PTCH1 KMT2C->-PTCH1,3,3,2.000000,2,2.777778e-02,
PIK3CA->-SOX17,2,1,3.000000,3,2.678571e-01,
CDH1->-MDC1,2,1,3.000000,3,2.187500e-01,
TP53->-FLT1,2,1,3.000000,3,8.552632e-02,
CDH1->-NOTCH2,2,1,3.000000,3,7.444853e-02,
TET2->-PIK3CA,2,1,3.000000,3,8.626066e-01,
CBFB->-PTEN,2,1,3.000000,3,2.790179e-01,
NOTCH2->-SPEN,2,1,3.000000,3,5.714286e-02,
TP53->-U2AF1,2,1,3.000000,3,5.277778e-02,
TP53->-SMO,2,1,3.000000,3,3.293224e-01,
PIK3CA->-BRAF,2,1,3.000000,3,5.000000e-01,
PIK3CA->-STK11,2,1,3.000000,3,8.876708e-01,
TP53->-EIF4A2,2,1,3.000000,3,2.375000e-01,
CDH1->-CDKN2A,2,1,3.000000,3,1.250000e-01,
CDH1->-MSH2,2,1,3.000000,3,1.240809e-01,
KMT2C->-STAT5B,2,1,3.000000,3,4.315325e-02,
KMT2C->-KMT2A,2,1,3.000000,3,4.251212e-01,
BRCA2->-CDH1,2,1,3.000000,3,9.636970e-01,
TP53->-ERCC4,2,1,3.000000,3,1.547619e-01,
TP53->-ERG,2,1,3.000000,3,8.611111e-02,
PIK3CA->-SMARCD1,2,1,3.000000,3,6.666667e-02,
CTCF->-GATA3,2,1,3.000000,3,2.458333e-01,
FOXP1->-PIK3CA,2,1,3.000000,3,6.741473e-01,
RB1->-KMT2C,2,1,3.000000,3,5.625322e-01,
KMT2C->-PIK3CA RB1->-KMT2C RB1->-PIK3CA,3,3,2.000000,2,7.407407e-02,
TP53->-RAD54L,2,1,3.000000,3,7.714286e-02,
ATRX->-FLT4,2,1,3.000000,3,1.104167e-01,
CTCF->-MAP3K1,2,1,3.000000,3,4.781250e-01,
AKT1->-GPS2,2,1,3.000000,3,8.333333e-02,
KMT2A->-MAP3K1,2,1,3.000000,3,4.086264e-01,
TP53->-CSF1R,2,1,3.000000,3,1.250000e-01,
YES1->-PARP1,2,1,3.000000,3,9.274220e-02,
PIK3CA->-PARP1 PIK3CA->-YES1 YES1->-PARP1,3,3,2.000000,2,2.223591e-02,
TP53->-PARP1 TP53->-YES1 YES1->-PARP1,3,3,2.000000,2,2.223591e-02,
TP53->-ATR TP53->-YES1 YES1->-ATR,3,3,2.000000,2,2.223591e-02,
PIK3CA->-ATR PIK3CA->-YES1 YES1->-ATR,3,3,2.000000,2,2.223591e-02,
PTEN->-PIK3CD,2,1,3.000000,3,8.903353e-02,
PTEN->-NBN,2,1,3.000000,3,9.384615e-02,
PTEN->-NBN TP53->-NBN TP53->-PTEN,3,3,2.000000,2,2.777778e-02,
KMT2A->-SETD2,2,1,3.000000,3,9.384615e-02,
PIK3CA->-CDK12,2,1,3.000000,3,1.769738e-01,
PIK3CA->-FGFR1,2,1,3.000000,3,2.500000e-01,
ATR->-ALK,2,1,3.000000,3,9.166667e-02,
ATR->-ALK TP53->-ALK TP53->-ATR,3,3,2.000000,2,2.777778e-02,
MAP2K4->-FOXP1,2,1,3.000000,3,6.000000e-02,
AKT1->-ESR1,2,1,3.000000,3,1.859375e-01,
ARID1A->-ARID5B,2,1,3.000000,3,1.250000e-01,
ARID1A->-ARID5B ARID1A->-TP53 TP53->-ARID5B,3,3,2.000000,2,2.777778e-02,
ESR1->-ERBB4,2,1,3.000000,3,2.562500e-01,
TP53->-MYCN,2,1,3.000000,3,6.250000e-02,
BRCA1->-GATA2,2,1,3.000000,3,1.212121e-01,
BRCA1->-GATA2 TP53->-BRCA1 TP53->-GATA2,3,3,2.000000,2,7.007576e-02,
CDH1->-PIK3C2G,2,1,3.000000,3,2.991453e-01,
CDH1->-PIK3C2G CDH1->-PIK3CA PIK3CA->-PIK3C2G,3,3,2.000000,2,7.407407e-02,
CDH1->-NOTCH1,2,1,3.000000,3,4.375000e-01,
TP53->-SYK,2,1,3.000000,3,3.125000e-01,
PBRM1->-TP53,2,1,3.000000,3,7.742908e-01,
TP53->-KDM5C,2,1,3.000000,3,5.940646e-01,
GATA3->-CREBBP,2,1,3.000000,3,3.368056e-01,
CREBBP->-MAP3K1 GATA3->-CREBBP GATA3->-MAP3K1 GATA3->-PIK3CA PIK3CA->-CREBBP PIK3CA->-MAP3K1,4,6,2.000000,2,1.736111e-03,
ARID1B->-NF1,2,1,3.000000,3,1.128720e-01,
ARID1B->-NF1 PTEN->-ARID1B PTEN->-NF1,3,3,2.000000,2,2.263374e-02,
ARID1B->-KMT2C ARID1B->-NF1 ARID1B->-TSC2 CDH1->-ARID1B CDH1->-KMT2C CDH1->-NF1 CDH1->-TSC2 KMT2C->-NF1 KMT2C->-TSC2 NF1->-TSC2,5,10,2.000000,2,1.472953e-04,
ARID1B->-PTPRS ARID1B->-TSC2 CDH1->-ARID1B CDH1->-PTPRS CDH1->-TSC2 PTPRS->-TSC2,4,6,2.000000,2,1.478909e-03,
SMAD4->-TP53,2,1,3.000000,3,4.437500e-01,
SMAD4->-NCOR1,2,1,3.000000,3,1.035714e-01,
GATA3->-FAT1,2,1,3.000000,3,6.118260e-01,
TP53->-SH2B3,2,1,3.000000,3,2.497685e-01,
STAG2->-TP53,2,1,3.000000,3,9.934391e-01,
FAT1->-TP53,2,1,3.000000,3,9.991414e-01,
TP53->-RET,2,1,3.000000,3,8.928571e-02,
KRAS->-KMT2C,2,1,3.000000,3,2.880234e-01,
PIK3CA->-SOX2,2,1,3.000000,3,6.043956e-02,
PIK3CA->-ARAF,2,1,3.000000,3,3.439488e-01,
PIK3CA->-ARAF PIK3CA->-TP53 TP53->-ARAF,3,3,2.000000,2,5.013760e-02,
RUNX1->-FOXA1,2,1,3.000000,3,5.375000e-01,
CDH1->-FOXA1 CDH1->-RUNX1 RUNX1->-FOXA1,3,3,2.000000,2,1.480195e-01,
CDKN1B->-MAP3K1,2,1,3.000000,3,6.720742e-01,
CDKN1B->-BAP1 CDKN1B->-MAP3K1 MAP3K1->-BAP1 PIK3CA->-BAP1 PIK3CA->-CDKN1B PIK3CA->-MAP3K1,4,6,2.000000,2,1.736111e-03,
PIK3CA->-KLF4,2,1,3.000000,3,5.000000e-01,
CDH1->-EPHA5,2,1,3.000000,3,1.250000e-01,
PTEN->-ARID2,2,1,3.000000,3,1.240079e-01,
PTEN->-ARID2 TP53->-ARID2 TP53->-PTEN,3,3,2.000000,2,7.301418e-02,
EPHA5->-ARID2 EPHA5->-ROS1 ROS1->-ARID2,3,3,2.000000,2,2.714184e-02,
ATRX->-ARID2 EPHA5->-ARID2 EPHA5->-ATRX,3,3,2.000000,2,2.714184e-02,
ATRX->-ARID2 TP53->-ARID2 TP53->-ATRX,3,3,2.000000,2,2.714184e-02,
MAP3K1->-ARID2 PTEN->-ARID2 PTEN->-MAP3K1,3,3,2.000000,2,2.777778e-02,
EPCAM->-ARID2 TP53->-ARID2 TP53->-EPCAM,3,3,2.000000,2,2.777778e-02,
EPCAM->-ARID2 PTEN->-ARID2 PTEN->-EPCAM,3,3,2.000000,2,2.777778e-02,
TP53->-MEN1,2,1,3.000000,3,4.018824e-01,
KRAS->-PIK3CA,2,1,3.000000,3,8.447602e-01,
PIK3CA->-FUBP1,2,1,3.000000,3,1.086823e-01,
CDH1->-KDM5C,2,1,3.000000,3,8.333333e-02,
CDH1->-BLM,2,1,3.000000,3,2.734375e-01,
CDH1->-BLM CDH1->-PIK3CA PIK3CA->-BLM,3,3,2.000000,2,5.438745e-02,
PIK3CA->-ABL1,2,1,3.000000,3,2.635417e-01,
APC->-PIK3CA,2,1,3.000000,3,9.037326e-01,
APC->-PIK3CA CDH1->-APC CDH1->-PIK3CA,3,3,2.000000,2,1.124847e-01,
TP53->-MST1R,2,1,3.000000,3,2.048115e-01,
PTEN->-MST1R TP53->-MST1R TP53->-PTEN,3,3,2.000000,2,2.777778e-02,
KMT2D->-TBX3,2,1,3.000000,3,1.250000e-01,
KMT2D->-KMT2C,2,1,3.000000,3,7.180957e-01,
ERBB3->-TBX3,2,1,3.000000,3,5.405465e-01,
PTEN->-ZFHX3 TP53->-PTEN TP53->-ZFHX3,3,3,3.000000,3,4.014504e-03,
CDH1->-FLT4,2,1,3.000000,3,1.000000e-01,
RUNX1->-NCOR1,2,1,3.000000,3,8.554688e-01,
PIK3CA->-NCOR1 PIK3CA->-RUNX1 RUNX1->-NCOR1,3,3,2.000000,2,2.632245e-01,
NCOR1->-FLT4,2,1,3.000000,3,1.250000e-01,
NCOR1->-FLT4 PIK3CA->-FLT4 PIK3CA->-NCOR1,3,3,2.000000,2,2.777778e-02,
FAT1->-FLT4,2,1,3.000000,3,8.333333e-02,
FAT1->-FLT4 TP53->-FAT1 TP53->-FLT4,3,3,2.000000,2,6.944444e-03,
FAT1->-FLT4 PIK3CA->-FAT1 PIK3CA->-FLT4,3,3,2.000000,2,2.777778e-02,
FAT1->-NF1 PIK3CA->-FAT1 PIK3CA->-NF1,3,3,2.000000,2,7.407407e-02,
RB1->-TET1,2,1,3.000000,3,3.114035e-01,
PIK3CA->-RB1 PIK3CA->-TET1 RB1->-TET1,3,3,2.000000,2,7.326186e-02,
RB1->-TET1 TP53->-RB1 TP53->-TET1,3,3,2.000000,2,7.407407e-02,
NF1->-KMT2A,2,1,3.000000,3,3.125000e-01,
NF1->-KMT2A TP53->-KMT2A TP53->-NF1,3,3,2.000000,2,2.777778e-02,
NF1->-KMT2A PIK3CA->-KMT2A PIK3CA->-NF1,3,3,2.000000,2,2.777778e-02,
NF1->-TET2,2,1,3.000000,3,2.107483e-01,
NF1->-TET2 TP53->-NF1 TP53->-TET2,3,3,2.000000,2,1.825397e-02,
PIK3CA->-AURKA,2,1,3.000000,3,8.035714e-02,
PIK3CA->-AURKA TP53->-AURKA TP53->-PIK3CA,3,3,2.000000,2,4.513889e-02,
TP53->-AKT1,2,1,3.000000,3,9.995821e-01,
ATR->-EP300,2,1,3.000000,3,8.611111e-02,
NOTCH4->-PIK3CA,2,1,3.000000,3,9.782625e-01,
TP53->-RAD21,2,1,3.000000,3,5.113512e-02,
CBFB->-ESR1,2,1,3.000000,3,2.562500e-01,
CBFB->-ESR1 CBFB->-PIK3CA PIK3CA->-ESR1,3,3,2.000000,2,1.111111e-02,
RHOA->-GATA3,2,1,3.000000,3,1.160714e-01,
CDH1->-GATA3 CDH1->-RHOA RHOA->-GATA3,3,3,2.000000,2,2.232143e-02,
PIK3CA->-GATA3 RHOA->-GATA3 RHOA->-PIK3CA,3,3,2.000000,2,6.498016e-02,
TP53->-FOXP1,2,1,3.000000,3,2.125000e-01,
PIK3CA->-NCOA3,2,1,3.000000,3,1.041667e-01,
MAP2K4->-APC,2,1,3.000000,3,7.457143e-02,
APC->-PARP1,2,1,3.000000,3,1.044872e-01,
APC->-ATM,2,1,3.000000,3,7.500000e-02,
APC->-ATM APC->-PIK3CA PIK3CA->-ATM,3,3,2.000000,2,4.433221e-02,
ARID1A->-NCOR1 PIK3CA->-ARID1A PIK3CA->-NCOR1,3,3,3.000000,3,1.620370e-02,
SMAD4->-ESR1,2,1,3.000000,3,1.250000e-01,
SMAD4->-CDH1,2,1,3.000000,3,6.806324e-01,
PIK3CA->-RNF43,2,1,3.000000,3,1.700000e-01,
PIK3CA->-SDHB,2,1,3.000000,3,2.367565e-01,
PIK3CA->-SDHB TP53->-PIK3CA TP53->-SDHB,3,3,2.000000,2,8.171790e-02,
CBFB->-KMT2C,2,1,3.000000,3,3.875000e-01,
CBFB->-KMT2C CBFB->-PIK3CA KMT2C->-PIK3CA,3,3,2.000000,2,1.182806e-01,
TP53->-AXL,2,1,3.000000,3,1.964031e-01,
RAD52->-TP53,2,1,3.000000,3,2.529105e-01,
TP53->-HGF,2,1,3.000000,3,9.728009e-02,
PTEN->-BCOR,2,1,3.000000,3,1.240079e-01,
SPEN->-ATM,2,1,3.000000,3,4.781735e-01,
SPEN->-ATM SPEN->-TP53 TP53->-ATM,3,3,2.000000,2,4.345136e-02,
KMT2C->-AR,2,1,3.000000,3,3.765453e-01,
SPEN->-FAT1,2,1,3.000000,3,5.816327e-01,
AKT1->-TET2,2,1,3.000000,3,2.595238e-01,
AKT1->-TET2 AKT1->-TP53 TP53->-TET2,3,3,2.000000,2,5.820106e-02,
FGFR4->-KMT2D,2,1,3.000000,3,1.250000e-01,
PIK3CA->-ERCC5,2,1,3.000000,3,3.125000e-01,
PIK3CA->-APC PIK3CA->-SPEN SPEN->-APC,3,3,3.000000,3,8.768238e-03,
PIK3CA->-APC PIK3CA->-SPEN PIK3CA->-TP53 SPEN->-APC TP53->-APC TP53->-SPEN,4,6,2.000000,2,1.736111e-03,
TP53->-HIST3H3,2,1,3.000000,3,1.250000e-01,
BRCA1->-CREBBP,2,1,3.000000,3,2.604167e-01,
BRCA1->-CREBBP TP53->-BRCA1 TP53->-CREBBP,3,3,2.000000,2,4.927249e-02,
BRCA1->-PIK3CA,2,1,3.000000,3,8.219563e-01,
BRCA1->-PIK3CA TP53->-BRCA1 TP53->-PIK3CA,3,3,2.000000,2,5.573123e-02,
CDH1->-PIK3CA CREBBP->-CDH1 CREBBP->-PIK3CA,3,3,2.000000,2,3.070465e-01,
CREBBP->-CDH1,2,1,3.000000,3,9.255706e-01,
JAK1->-TP53,2,1,3.000000,3,8.445312e-01,
JAK1->-PIK3CA JAK1->-TP53 TP53->-PIK3CA,3,3,2.000000,2,7.407407e-02,
BRCA2->-TP53,2,1,3.000000,3,9.872579e-01,
TP53->-ABL1,2,1,3.000000,3,3.808929e-01,
NCOR1->-TBX3,2,1,3.000000,3,3.368687e-01,
CDH1->-TBX3 NCOR1->-CDH1 NCOR1->-TBX3,3,3,2.000000,2,2.232143e-02,
FAT1->-SPEN,2,1,3.000000,3,5.816327e-01,
MAP2K4->-TET2,2,1,3.000000,3,8.877551e-02,
CDH1->-TET2 MAP2K4->-CDH1 MAP2K4->-TET2,3,3,2.000000,2,1.843712e-02,
CDH1->-MTOR MAP2K4->-CDH1 MAP2K4->-MTOR,3,3,2.000000,2,1.843712e-02,
CDH1->-IRF4,2,1,3.000000,3,1.250000e-01,
ROS1->-KMT2D,2,1,3.000000,3,2.549107e-01,
ROS1->-BCOR,2,1,3.000000,3,1.052189e-01,
ROS1->-ARID1A,2,1,3.000000,3,2.125142e-01,
PIK3CA->-FGF4,2,1,3.000000,3,8.552632e-02,
PIK3CA->-IKZF1,2,1,3.000000,3,7.353932e-01,
LATS1->-KMT2C,2,1,3.000000,3,2.818182e-01,
GATA3->-RICTOR,2,1,3.000000,3,3.604167e-01,
GATA3->-RICTOR TP53->-GATA3 TP53->-RICTOR,3,3,2.000000,2,1.289683e-02,
TP53->-IDH1,2,1,3.000000,3,6.338183e-02,
ASXL2->-PIK3CA,2,1,3.000000,3,6.553363e-01,
PIK3CA->-AXL,2,1,3.000000,3,5.659722e-01,
KDM6A->-PIK3CA,2,1,3.000000,3,2.357456e-01,
DDR2->-PIK3CA,2,1,3.000000,3,9.166667e-02,
PIK3CA->-TRAF2,2,1,3.000000,3,2.519580e-01,
PIK3CA->-TP53 PIK3CA->-TRAF2 TP53->-TRAF2,3,3,2.000000,2,1.310875e-02,
ARID1B->-KMT2C,2,1,3.000000,3,1.109749e-01,
ARID1B->-KMT2C ARID1B->-PIK3CA KMT2C->-PIK3CA,3,3,2.000000,2,2.446895e-02,
ARID1B->-PTCH1,2,1,2.000000,2,2.389706e-01,
PIK3CA->-CDKN1A,2,1,3.000000,3,4.464286e-01,
PIK3CA->-CDKN1A PIK3CA->-TP53 TP53->-CDKN1A,3,3,2.000000,2,9.975954e-02,
TP53->-HIST1H1C,2,1,3.000000,3,1.830357e-01,
PBRM1->-ERBB3,2,1,3.000000,3,1.104167e-01,
TBX3->-PTCH1,2,1,3.000000,3,1.250000e-01,
AKT1->-CTCF,2,1,3.000000,3,2.375000e-01,
MAP3K1->-FAT1,2,1,3.000000,3,9.340659e-02,
TP53->-NFKBIA,2,1,3.000000,3,1.185897e-01,
CBFB->-SPEN,2,1,3.000000,3,1.250000e-01,
CBFB->-SPEN GATA3->-CBFB GATA3->-SPEN,3,3,2.000000,2,7.407407e-02,
TP53->-BLM,2,1,3.000000,3,2.109545e-01,
PTPRS->-TSC2,2,1,3.000000,3,9.545742e-02,
TP53->-PDGFRB,2,1,3.000000,3,1.372180e-01,
TP53->-PIK3CD,2,1,3.000000,3,1.185897e-01,
PTEN->-PIK3CD TP53->-PIK3CD TP53->-PTEN,3,3,2.000000,2,2.408702e-02,
PTEN->-ROS1,2,1,3.000000,3,3.110119e-01,
TP53->-PIK3R3,2,1,3.000000,3,5.833333e-02,
CDH1->-PIK3CA GPS2->-CDH1 GPS2->-PIK3CA,3,3,3.000000,3,1.231176e-02,
INPP4A->-ESR1,2,1,3.000000,3,3.125000e-01,
INPP4A->-ESR1 PIK3CA->-ESR1 PIK3CA->-INPP4A,3,3,2.000000,2,7.407407e-02,
TBX3->-ERBB2,2,1,3.000000,3,8.347356e-01,
CDH1->-ERBB2 TBX3->-CDH1 TBX3->-ERBB2,3,3,2.000000,2,1.962449e-01,
MAP3K1->-PTEN,2,1,3.000000,3,9.512398e-01,
CDH1->-TSC2,2,1,3.000000,3,1.160969e-01,
CDH1->-PIK3CA CDH1->-TSC2 PIK3CA->-TSC2,3,3,2.000000,2,2.777778e-02,
FAT1->-PTEN,2,1,3.000000,3,5.572010e-01,
ERBB2->-ARID1A,2,1,3.000000,3,2.651099e-01,
GATA3->-ALK,2,1,3.000000,3,2.625000e-01,
PDGFRA->-PIK3CA,2,1,3.000000,3,6.889671e-01,
ERBB2->-ARID2,2,1,3.000000,3,9.340659e-02,
PIK3CA->-RAD54L,2,1,3.000000,3,2.696429e-01,
PTPRS->-MAP3K1,2,1,3.000000,3,3.280710e-01,
MAP3K1->-ERCC5,2,1,3.000000,3,4.062500e-01,
MAP3K1->-ERCC5 TP53->-ERCC5 TP53->-MAP3K1,3,3,2.000000,2,7.407407e-02,
SETD2->-LATS2,2,1,2.000000,2,4.766082e-01,
SETD2->-ESR1,2,1,2.000000,2,2.266082e-01,
ESR1->-LATS2,2,1,2.000000,2,3.724415e-01,
NOTCH1->-LATS2,2,1,2.000000,2,8.093150e-02,
PIK3CA->-RAD51C,2,1,2.000000,2,7.196750e-01,
SETD2->-ATRX,2,1,2.000000,2,2.248097e-01,
ARID1A->-CARD11 SETD2->-ARID1A SETD2->-CARD11,3,3,2.000000,2,2.288430e-02,
ARID2->-CARD11 SETD2->-ARID2 SETD2->-CARD11,3,3,2.000000,2,2.288430e-02,
AMER1->-PIK3CA CASP8->-AMER1 CASP8->-PIK3CA,3,3,2.000000,2,1.951707e-02,
ESR1->-AMER1,2,1,2.000000,2,4.766082e-01,
CCNE1->-RICTOR PIK3CA->-CCNE1 PIK3CA->-RICTOR,3,3,2.000000,2,2.342048e-02,
CCNE1->-IGF1R PIK3CA->-CCNE1 PIK3CA->-IGF1R,3,3,2.000000,2,2.342048e-02,
ESR1->-DNMT3B,2,1,2.000000,2,4.766082e-01,
ESR1->-ARID2,2,1,2.000000,2,3.483313e-01,
TET1->-ARID2,2,1,2.000000,2,2.266082e-01,
ARID2->-FAT1,2,1,2.000000,2,5.518658e-01,
ARID2->-IGF1R,2,1,2.000000,2,4.134214e-01,
ARID1A->-IGF1R,2,1,2.000000,2,5.380213e-01,
INHA->-PIK3CA,2,1,2.000000,2,2.266082e-01,
TET1->-PIK3CA,2,1,2.000000,2,9.543035e-01,
ATRX-/-IGF1R,2,1,2.000000,2,4.990253e-02,
ESR1->-NOTCH1,2,1,2.000000,2,6.055068e-01,
ESR1->-TET1,2,1,2.000000,2,6.699561e-01,
NOTCH1->-IGF1R NOTCH1->-PIK3CA PIK3CA->-IGF1R,3,3,2.000000,2,8.374596e-03,
TET1->-DNMT3B,2,1,2.000000,2,2.266082e-01,
FAT1->-CARD11 TET1->-CARD11 TET1->-FAT1,3,3,2.000000,2,6.681191e-02,
ARID1A->-DNMT3B,2,1,2.000000,2,6.699561e-01,
ERBB3-/-PIK3CA,2,1,2.000000,2,4.055222e-01,
SETD2->-BRCA2,2,1,2.000000,2,5.000000e-01,
FAT1->-DICER1,2,1,2.000000,2,2.500000e-01,
SETD2->-FGFR4,2,1,2.000000,2,1.876923e-01,
MSH6->-PIK3CA,2,1,2.000000,2,8.906250e-01,
ATM->-MSH6,2,1,2.000000,2,2.500000e-01,
EP300->-MAP3K1,2,1,2.000000,2,2.500000e-01,
NOTCH1->-ATM,2,1,2.000000,2,7.410714e-01,
TP53->-RAB35,2,1,2.000000,2,2.500000e-01,
PIK3CA->-PARK2,2,1,2.000000,2,5.705782e-01,
KDM5A->-PIK3CA,2,1,2.000000,2,7.361111e-01,
CDH1->-KDM5A,2,1,2.000000,2,1.684211e-01,
GATA3->-BRCA2,2,1,2.000000,2,6.482143e-01,
MEN1->-KMT2A,2,1,2.000000,2,1.904762e-01,
RECQL4->-TP53,2,1,2.000000,2,8.960470e-01,
PAK7-/-TP53,2,1,2.000000,2,4.263704e-01,
TET1->-ARID1B,2,1,2.000000,2,2.500000e-01,
FOXA1-/-RUNX1,2,1,2.000000,2,1.333333e-01,
ARID2->-PTPRD,2,1,2.000000,2,2.500000e-01,
PTPRD->-XPO1,2,1,2.000000,2,1.964286e-01,
ARID2->-KMT2C,2,1,2.000000,2,6.875000e-01,
TP53->-RYBP,2,1,2.000000,2,2.013889e-01,
CDK8->-PIK3CA,2,1,2.000000,2,5.534336e-01,
SMO->-MEN1,2,1,2.000000,2,1.750992e-01,
SMO->-KMT2C,2,1,2.000000,2,1.750992e-01,
KMT2C->-CDK8,2,1,2.000000,2,2.013889e-01,
CDH1->-DOT1L CDH1->-PIK3CA PIK3CA->-DOT1L,3,3,2.000000,2,2.777778e-02,
CDH1->-EZH2 CDH1->-TP53 TP53->-EZH2,3,3,2.000000,2,2.777778e-02,
CDH1->-TSC1,2,1,2.000000,2,2.333333e-01,
ARID1A->-DOT1L ARID1A->-FOXA1 DOT1L->-FOXA1,3,3,2.000000,2,8.730159e-03,
FOXA1->-FH,2,1,2.000000,2,2.000000e-01,
MAP3K1->-CBFB,2,1,2.000000,2,9.869141e-01,
MAP3K1->-EGFR,2,1,2.000000,2,2.500000e-01,
SPOP->-MAP3K1,2,1,2.000000,2,6.875000e-01,
AKT1->-EGFR,2,1,2.000000,2,2.500000e-01,
MTOR->-DNMT1,2,1,2.000000,2,2.500000e-01,
AR->-ARID1A,2,1,2.000000,2,4.395604e-01,
CDH1->-NTRK2,2,1,2.000000,2,4.666667e-01,
PIK3CA->-XIAP,2,1,2.000000,2,2.472527e-01,
PIK3CA->-TGFBR1,2,1,2.000000,2,2.500000e-01,
MAP3K1->-TGFBR1,2,1,2.000000,2,2.500000e-01,
MAP3K1->-ERBB2,2,1,2.000000,2,8.931433e-01,
RB1->-FOXP1,2,1,2.000000,2,2.485380e-01,
PDCD1->-FOXP1,2,1,2.000000,2,2.485380e-01,
ASXL2->-FOXP1 PIK3CA->-ASXL2 PIK3CA->-FOXP1,3,3,2.000000,2,2.729045e-02,
PDCD1->-RB1 PIK3CA->-PDCD1 PIK3CA->-RB1,3,3,2.000000,2,2.729045e-02,
PDCD1->-FAT1 PIK3CA->-FAT1 PIK3CA->-PDCD1,3,3,2.000000,2,2.729045e-02,
ASXL2->-RB1,2,1,2.000000,2,1.656920e-01,
STAG2->-RICTOR,2,1,2.000000,2,2.160934e-01,
PIK3CA->-RICTOR PIK3CA->-SMO SMO->-RICTOR,3,3,2.000000,2,2.184580e-02,
STAG2->-TET1,2,1,2.000000,2,2.485380e-01,
STAG2->-CHEK2,2,1,2.000000,2,4.985380e-01,
NCOR1->-FGFR3,2,1,2.000000,2,2.485380e-01,
PIK3CA->-TSC1,2,1,2.000000,2,4.195906e-01,
NCOR1->-TSC1,2,1,2.000000,2,2.319688e-01,
FOXA1->-ERBB2,2,1,2.000000,2,8.738839e-01,
MAP3K1->-BRCA2,2,1,2.000000,2,4.210526e-01,
RUNX1->-BRCA2,2,1,2.000000,2,5.000000e-01,
CDK12->-MAP3K1,2,1,2.000000,2,3.085714e-01,
RUNX1->-MAP3K1,2,1,2.000000,2,7.708333e-01,
NSD1->-PIK3CA TP53->-NSD1 TP53->-PIK3CA,3,3,2.000000,2,1.105769e-01,
ARID2->-IKZF1 ARID2->-PIK3CA IKZF1->-PIK3CA,3,3,2.000000,2,2.777778e-02,
ARID2->-IKZF1 ARID2->-KIT IKZF1->-KIT,3,3,2.000000,2,2.777778e-02,
NSD1->-IKZF1,2,1,2.000000,2,4.428571e-01,
ARID2->-NSD1,2,1,2.000000,2,5.000000e-01,
NSD1->-KIT,2,1,2.000000,2,3.204762e-01,
CDH1->-BCOR,2,1,2.000000,2,5.000000e-01,
CDKN2A->-KMT2C,2,1,2.000000,2,2.500000e-01,
TP53->-CHEK2,2,1,2.000000,2,7.323413e-01,
BRCA2->-ZFHX3,2,1,2.000000,2,3.257576e-01,
PIK3CA->-RAD21,2,1,2.000000,2,3.934008e-01,
FGFR3->-PIK3CA,2,1,2.000000,2,7.683739e-01,
FBXW7->-EPHA7,2,1,2.000000,2,2.032967e-01,
FBXW7->-SMARCA4,2,1,2.000000,2,2.472527e-01,
FBXW7->-PDGFRA,2,1,2.000000,2,2.403846e-01,
GATA3->-GRIN2A,2,1,2.000000,2,2.166667e-01,
ARID1A->-FGFR3,2,1,2.000000,2,2.166667e-01,
ARID1A->-MET,2,1,2.000000,2,2.166667e-01,
CDH1->-FOXL2,2,1,2.000000,2,2.500000e-01,
AKT1->-EPHA7,2,1,2.000000,2,2.500000e-01,
AKT1->-CD276,2,1,2.000000,2,2.500000e-01,
ATM->-MDC1,2,1,2.000000,2,4.428571e-01,
TP53->-TOP1,2,1,2.000000,2,1.409091e-01,
LATS1->-ROS1,2,1,2.000000,2,4.500000e-01,
CDH1->-KLF4,2,1,2.000000,2,2.500000e-01,
CDH1->-IGF1R,2,1,2.000000,2,2.500000e-01,
KLF4->-GRIN2A,2,1,2.000000,2,2.500000e-01,
RAD51C->-PIK3CA,2,1,2.000000,2,7.196750e-01,
MAP3K1->-RAD51C,2,1,2.000000,2,1.274510e-01,
EPHA7->-HIST1H3B,2,1,2.000000,2,1.911765e-01,
MDC1->-HIST1H3B,2,1,2.000000,2,1.911765e-01,
MDC1->-CARD11 MDC1->-PIK3CA PIK3CA->-CARD11,3,3,2.000000,2,1.613562e-02,
MAP3K1->-RICTOR,2,1,2.000000,2,1.911765e-01,
ATR->-RICTOR,2,1,2.000000,2,4.085410e-01,
TCF7L2->-PIK3CA,2,1,2.000000,2,2.890889e-01,
PIK3CA-/-RFWD2,2,1,2.000000,2,2.130726e-01,
PIK3C3-/-RFWD2,2,1,2.000000,2,5.688429e-02,
MAP3K1->-PIK3C3,2,1,2.000000,2,3.120556e-01,
TCF7L2->-PIK3C3,2,1,2.000000,2,9.243697e-02,
MAP3K1->-IRS1,2,1,2.000000,2,1.911765e-01,
ATR-/-CARD11 TP53->-ATR TP53->-CARD11,3,3,2.000000,2,2.298655e-03,
RFWD2->-ATR TP53->-ATR TP53->-RFWD2,3,3,2.000000,2,1.291645e-02,
TP53->-HIST1H3I,2,1,2.000000,2,1.948696e-01,
PTEN->-NOTCH2,2,1,2.000000,2,1.964286e-01,
PTEN->-AR,2,1,2.000000,2,1.964286e-01,
ATM-/-NOTCH2 TP53->-ATM TP53->-NOTCH2,3,3,2.000000,2,1.250000e-02,
FOXA1->-H3F3B,2,1,2.000000,2,1.333333e-01,
PIK3CA->-H3F3B,2,1,2.000000,2,2.500000e-01,
TP53->-ZRSR2,2,1,2.000000,2,3.639610e-01,
TP53->-AMER1,2,1,2.000000,2,4.710526e-01,
NOTCH2->-CREBBP TP53->-CREBBP TP53->-NOTCH2,3,3,2.000000,2,1.805556e-02,
ESR1->-CREBBP,2,1,2.000000,2,2.500000e-01,
PIK3CA->-CREBBP PIK3CA->-PLK2 PLK2->-CREBBP,3,3,2.000000,2,6.483762e-02,
ESR1-/-KMT2D,2,1,2.000000,2,5.714286e-02,
MET->-ESR1,2,1,2.000000,2,2.142857e-01,
MAP2K1->-ESR1,2,1,2.000000,2,2.142857e-01,
PIK3CA->-PMS2,2,1,2.000000,2,1.805556e-01,
NOTCH4-/-ROS1 TP53->-NOTCH4 TP53->-ROS1,3,3,2.000000,2,1.058201e-02,
CDKN2A->-NOTCH4 PIK3CA->-CDKN2A PIK3CA->-NOTCH4,3,3,2.000000,2,1.289683e-02,
CDKN2A->-EP300,2,1,2.000000,2,1.805556e-01,
ESR1->-JAK1,2,1,2.000000,2,5.000000e-01,
ALK->-MAP3K1,2,1,2.000000,2,6.375000e-01,
CCNE1->-ESR1 CCNE1->-MAP3K1 ESR1->-MAP3K1,3,3,2.000000,2,2.777778e-02,
PIK3CA->-FLT3,2,1,2.000000,2,7.875000e-01,
MYC->-PIK3CA,2,1,2.000000,2,6.656250e-01,
GATA3->-HIST1H3F,2,1,2.000000,2,2.500000e-01,
MEN1->-MAP3K1,2,1,2.000000,2,7.555390e-01,
MAP3K1->-ATM,2,1,2.000000,2,7.583427e-01,
ATM->-CHEK2,2,1,2.000000,2,2.500000e-01,
CHEK2->-FLT3,2,1,2.000000,2,1.976190e-01,
KMT2C->-STAG2,2,1,2.000000,2,3.602217e-01,
KMT2C->-MYC,2,1,2.000000,2,2.500000e-01,
FLT3->-SPEN GATA3->-FLT3 GATA3->-SPEN STAG2->-FLT3 STAG2->-GATA3 STAG2->-SPEN,4,6,2.000000,2,9.424603e-04,
PIK3CA->-NUP93 PIK3CA->-SPEN SPEN->-NUP93,3,3,2.000000,2,2.777778e-02,
ATM->-NUP93,2,1,2.000000,2,2.500000e-01,
ATM->-FLT3,2,1,2.000000,2,2.500000e-01,
ATM->-EGFR,2,1,2.000000,2,2.500000e-01,
FLT3->-EGFR,2,1,2.000000,2,2.500000e-01,
ERBB3->-NUP93,2,1,2.000000,2,1.428571e-01,
ERBB3->-ARID1A MAP3K1->-ARID1A MAP3K1->-ERBB3,3,3,2.000000,2,1.678877e-02,
CDH1->-CSF1R,2,1,2.000000,2,2.500000e-01,
CDH1->-MPL,2,1,2.000000,2,2.321937e-01,
CIC->-ARID1A,2,1,2.000000,2,4.000000e-01,
ATR->-TP53,2,1,2.000000,2,9.993881e-01,
ABL1->-TP53,2,1,2.000000,2,7.229551e-01,
PIK3CA->-TP53 SMARCA4->-PIK3CA SMARCA4->-TP53,3,3,2.000000,2,1.626962e-01,
SMARCA4->-ATR,2,1,2.000000,2,2.480159e-01,
RAD54L->-KMT2C,2,1,2.000000,2,5.000000e-01,
TSC2->-TP53,2,1,2.000000,2,9.819171e-01,
ROS1->-TP53 TBX3->-ROS1 TBX3->-TP53,3,3,2.000000,2,4.761905e-02,
TBX3->-TSC2,2,1,2.000000,2,2.500000e-01,
ESR1-/-PIK3CA,2,1,2.000000,2,9.103541e-01,
KMT2C->-KDM5C,2,1,2.000000,2,4.000000e-01,
KMT2C->-RAD50,2,1,2.000000,2,3.504880e-01,
ANKRD11->-BRCA2,2,1,2.000000,2,3.226190e-01,
ANKRD11->-CDH1,2,1,2.000000,2,8.579613e-01,
TBX3->-PIK3CG,2,1,2.000000,2,2.210526e-01,
TP53->-DIS3,2,1,2.000000,2,2.210526e-01,
PIK3CG->-JAK3 PTEN->-JAK3 PTEN->-PIK3CG,3,3,2.000000,2,1.322623e-02,
CDK12->-JAK3 PTEN->-CDK12 PTEN->-JAK3,3,3,2.000000,2,1.322623e-02,
PIK3CG->-PTPRS TP53->-PIK3CG TP53->-PTPRS,3,3,2.000000,2,9.997795e-03,
CDH1->-FOXA1 CDH1->-PIK3CG PIK3CG->-FOXA1,3,3,2.000000,2,2.210039e-02,
DDR2->-PIK3CG,2,1,2.000000,2,2.210526e-01,
AMER1->-JAK3,2,1,2.000000,2,1.979360e-01,
CDH1->-FLT3 CDH1->-JAK3 FLT3->-JAK3,3,3,2.000000,2,2.210039e-02,
ABL1->-JAK3 CDH1->-ABL1 CDH1->-JAK3,3,3,2.000000,2,2.210039e-02,
MAP2K4->-EPHB1,2,1,2.000000,2,1.831579e-01,
MAP2K4->-FOXA1,2,1,2.000000,2,4.710526e-01,
TBX3->-MAP2K4,2,1,2.000000,2,4.591479e-01,
MAP2K4->-DDR2,2,1,2.000000,2,2.210526e-01,
PTEN->-DDR2,2,1,2.000000,2,6.138596e-01,
CDK12->-AMER1,2,1,2.000000,2,1.068826e-01,
FAT1->-ATRX PTEN->-ATRX PTEN->-FAT1,3,3,2.000000,2,2.210039e-02,
FAT1->-ATRX TP53->-ATRX TP53->-FAT1,3,3,2.000000,2,2.210039e-02,
FLT3->-PTPRS,2,1,2.000000,2,2.210526e-01,
TBX3->-PTPRS,2,1,2.000000,2,2.210526e-01,
EPHB1->-KDM5A TP53->-EPHB1 TP53->-KDM5A,3,3,2.000000,2,2.210039e-02,
TBX3->-KDM5A,2,1,2.000000,2,1.473684e-01,
CDK12->-FOXA1,2,1,2.000000,2,4.087449e-01,
CDK12->-TBX3,2,1,2.000000,2,2.210526e-01,
SDHB->-INPP4B,2,1,2.000000,2,2.057802e-01,
NF1->-HIST1H3B,2,1,2.000000,2,2.152778e-01,
PIK3CA->-MAP3K13,2,1,2.000000,2,6.630234e-01,
PIK3CA->-H3F3C,2,1,2.000000,2,5.000000e-01,
ATM->-PLK2 PIK3CA->-ATM PIK3CA->-PLK2,3,3,2.000000,2,1.662393e-02,
CDH1->-CTCF CDH1->-ERBB3 ERBB3->-CTCF,3,3,2.000000,2,6.944444e-03,
BRCA2->-TERT TP53->-BRCA2 TP53->-TERT,3,3,2.000000,2,2.777778e-02,
PLK2->-KMT2D,2,1,2.000000,2,2.500000e-01,
CDKN2A->-KMT2D TP53->-CDKN2A TP53->-KMT2D,3,3,2.000000,2,2.777778e-02,
KMT2C-/-PIK3CA,2,1,2.000000,2,9.583561e-01,
PIK3CA->-LATS1,2,1,2.000000,2,6.250000e-01,
MAP3K1-/-PTPRS PIK3CA->-MAP3K1 PIK3CA->-PTPRS,3,3,2.000000,2,2.049538e-03,
PIK3CA->-CREBBP PIK3CA->-PTPRD PTPRD->-CREBBP,3,3,2.000000,2,9.529674e-03,
LATS1->-GLI1,2,1,2.000000,2,1.666667e-01,
DICER1->-PTCH1,2,1,2.000000,2,1.876923e-01,
DNMT3A->-TP53,2,1,2.000000,2,9.533897e-01,
BRCA2->-ATR,2,1,2.000000,2,1.633333e-01,
BRCA2->-TET2,2,1,2.000000,2,2.227273e-01,
ARID1B->-DICER1,2,1,2.000000,2,4.435606e-01,
CIC->-ARID1B,2,1,2.000000,2,2.165404e-01,
BLM->-ARID1B,2,1,2.000000,2,2.129011e-01,
ARID2->-ALK,2,1,2.000000,2,5.416667e-01,
PIK3CA->-CDC73,2,1,2.000000,2,6.041667e-01,
PTEN->-CREBBP,2,1,2.000000,2,1.805556e-01,
PIK3CA->-DNMT1 PTEN->-DNMT1 PTEN->-PIK3CA,3,3,2.000000,2,1.662393e-02,
TP53->-SOS1,2,1,2.000000,2,1.266667e-01,
IRS2->-AXIN1,2,1,2.000000,2,1.801481e-01,
NCOR1->-AXIN1,2,1,2.000000,2,2.111111e-01,
PTEN->-CARD11 TP53->-CARD11 TP53->-PTEN,3,3,2.000000,2,1.922547e-02,
PTEN->-RASA1,2,1,2.000000,2,2.111111e-01,
NCOR1->-IRS2,2,1,2.000000,2,4.111111e-01,
NCOR1->-RASA1,2,1,2.000000,2,2.111111e-01,
PIK3CA->-CDK4,2,1,2.000000,2,2.500000e-01,
ESR1->-TP53 PIK3CA->-ESR1 PIK3CA->-TP53,3,3,2.000000,2,1.514824e-01,
PIK3CA->-ERCC2,2,1,2.000000,2,3.416667e-01,
TP53->-SPOP,2,1,2.000000,2,2.500000e-01,
MAP3K1->-FGFR4 PTEN->-FGFR4 PTEN->-MAP3K1,3,3,2.000000,2,1.662393e-02,
ATR->-NSD1,2,1,2.000000,2,2.500000e-01,
ATR->-ERCC5 TP53->-ATR TP53->-ERCC5,3,3,2.000000,2,5.092593e-02,
ERCC5->-FGFR4 TP53->-ERCC5 TP53->-FGFR4,3,3,2.000000,2,2.777778e-02,
NF1->-ERCC5 TP53->-ERCC5 TP53->-NF1,3,3,2.000000,2,2.777778e-02,
NF1->-PRDM1,2,1,2.000000,2,1.833333e-01,
MED12->-FGFR4,2,1,2.000000,2,4.376923e-01,
SPOP->-NF1,2,1,2.000000,2,2.500000e-01,
CDKN1B-/-PIK3CA,2,1,2.000000,2,2.811396e-01,
RUNX1->-CDKN1B,2,1,2.000000,2,1.666667e-01,
TP53->-PAX5,2,1,2.000000,2,1.750000e-01,
ARID1A-/-PIK3C2G TP53->-ARID1A TP53->-PIK3C2G,3,3,2.000000,2,3.333333e-02,
NF1->-CTCF,2,1,2.000000,2,2.500000e-01,
NF1->-PTEN,2,1,2.000000,2,9.905986e-01,
PIK3CA->-STAT5A,2,1,2.000000,2,1.390110e-01,
CDH1->-PIK3C3 CDH1->-PIK3CA PIK3CA->-PIK3C3,3,3,2.000000,2,1.686508e-02,
CDH1->-RASA1 CDH1->-RECQL4 RASA1->-RECQL4,3,3,2.000000,2,1.649306e-02,
CDH1->-GLI1 CDH1->-PIK3CA PIK3CA->-GLI1,3,3,2.000000,2,1.686508e-02,
PIK3CA->-GLI1 TBX3->-GLI1 TBX3->-PIK3CA,3,3,2.000000,2,1.686508e-02,
TBX3->-CREBBP,2,1,2.000000,2,1.053114e-01,
ARID1A->-TBX3,2,1,2.000000,2,7.023231e-01,
CDH1->-RASA1 CDH1->-TBX3 TBX3->-RASA1,3,3,2.000000,2,1.686508e-02,
ARID1A->-GLI1,2,1,2.000000,2,3.662848e-01,
ARID1A->-RFWD2,2,1,2.000000,2,1.895604e-01,
BRAF->-PIK3CA,2,1,2.000000,2,8.125000e-01,
TP53->-ERCC3,2,1,2.000000,2,1.166667e-01,
KLF4->-PIK3CA,2,1,2.000000,2,8.125000e-01,
PTEN->-ASXL1,2,1,2.000000,2,1.750000e-01,
ATM->-TP53,2,1,2.000000,2,9.907969e-01,
RB1->-TBX3,2,1,2.000000,2,9.757576e-02,
RB1->-FOXA1 RB1->-TP53 TP53->-FOXA1,3,3,2.000000,2,2.020202e-02,
MAP3K1-/-NCOR1,2,1,2.000000,2,1.867333e-01,
KMT2C->-WT1,2,1,2.000000,2,2.090909e-01,
KMT2C->-FOXA1,2,1,2.000000,2,8.564580e-01,
ATM-/-NCOR1,2,1,2.000000,2,2.337662e-02,
CDH1->-CHEK2,2,1,2.000000,2,5.000000e-01,
GATA3->-MST1,2,1,2.000000,2,1.333333e-01,
TSC1->-TP53,2,1,2.000000,2,8.844241e-01,
MED12-/-ROS1,2,1,2.000000,2,1.058201e-01,
MED12-/-PIK3R1,2,1,2.000000,2,2.562369e-01,
CDH1->-AXIN1,2,1,2.000000,2,5.000000e-01,
CDH1->-SOX17 CDH1->-TP53 TP53->-SOX17,3,3,2.000000,2,2.777778e-02,
CDH1->-FBXW7,2,1,2.000000,2,4.166667e-01,
RB1->-AXIN1 TP53->-AXIN1 TP53->-RB1,3,3,2.000000,2,2.777778e-02,
RB1->-FBXW7 TP53->-FBXW7 TP53->-RB1,3,3,2.000000,2,2.222222e-02,
PBRM1->-ERBB2,2,1,2.000000,2,2.500000e-01,
NF1->-PTPRD NF1->-TP53 TP53->-PTPRD,3,3,2.000000,2,1.388889e-02,
NF1->-EPHA7,2,1,2.000000,2,4.205128e-01,
CREBBP-/-PIK3CA,2,1,2.000000,2,7.320362e-01,
CDH1->-NUP93,2,1,2.000000,2,1.428571e-01,
PIK3CB->-PIK3CA,2,1,2.000000,2,8.332837e-01,
ESR1-/-GATA3,2,1,2.000000,2,2.751111e-01,
CDH1->-ALOX12B,2,1,2.000000,2,2.500000e-01,
ESR1->-ARID1B,2,1,2.000000,2,2.208333e-01,
CDH1->-PTEN CDH1->-RHOA PTEN->-RHOA,3,3,2.000000,2,2.777778e-02,
PTEN->-ESR1,2,1,2.000000,2,5.000000e-01,
ESR1->-ALOX12B,2,1,2.000000,2,2.500000e-01,
MAP2K4->-FAM175A TP53->-FAM175A TP53->-MAP2K4,3,3,2.000000,2,9.722222e-03,
MAP2K4->-BRCA2 TP53->-BRCA2 TP53->-MAP2K4,3,3,2.000000,2,1.388889e-02,
MAP2K4->-ERCC5 TP53->-ERCC5 TP53->-MAP2K4,3,3,2.000000,2,1.388889e-02,
PIK3CA->-FGFR4,2,1,2.000000,2,9.406757e-01,
MAP2K4->-GPS2,2,1,2.000000,2,4.238095e-01,
FAT1->-KMT2C,2,1,2.000000,2,9.679708e-01,
PIK3CA->-KMT2C PIK3CA->-RICTOR RICTOR->-KMT2C,3,3,2.000000,2,1.000616e-02,
ATM->-BRD4,2,1,2.000000,2,1.376410e-01,
ATM->-RPS6KB2,2,1,2.000000,2,1.833333e-01,
ATM->-RICTOR,2,1,2.000000,2,1.833333e-01,
TP53->-LATS2,2,1,2.000000,2,6.026786e-01,
GATA3->-CDH1,2,1,2.000000,2,9.940641e-01,
GATA3->-MAP2K4,2,1,2.000000,2,9.731812e-01,
TBX3->-MED12,2,1,2.000000,2,2.210884e-01,
PTPRS->-SETD2,2,1,2.000000,2,1.500000e-01,
TP53->-CD79A,2,1,2.000000,2,1.071429e-01,
KMT2D->-RB1 TP53->-KMT2D TP53->-RB1,3,3,2.000000,2,7.301418e-02,
CREBBP->-RB1,2,1,2.000000,2,2.013889e-01,
CREBBP->-DNMT3B,2,1,2.000000,2,2.500000e-01,
PIK3CA->-RAC1,2,1,2.000000,2,2.500000e-01,
KLF4->-TP53,2,1,2.000000,2,8.471354e-01,
BRCA2->-PBRM1,2,1,2.000000,2,1.750000e-01,
ATM-/-KMT2A,2,1,2.000000,2,7.476923e-02,
ARID1A-/-CDH1,2,1,2.000000,2,6.258734e-01,
GATA3->-JAK1,2,1,2.000000,2,2.333333e-01,
CIC->-ESR1,2,1,2.000000,2,1.500000e-01,
CIC->-KMT2D,2,1,2.000000,2,4.000000e-01,
PIK3R1->-KMT2C,2,1,2.000000,2,7.647614e-01,
CDH1->-TP63,2,1,2.000000,2,2.500000e-01,
ERBB2->-TP63,2,1,2.000000,2,2.500000e-01,
PIK3R1->-ROS1,2,1,2.000000,2,3.293651e-01,
PIK3R1->-ARID2,2,1,2.000000,2,1.388889e-01,
MGA->-NOTCH4 TP53->-MGA TP53->-NOTCH4,3,3,2.000000,2,6.481481e-03,
MED12->-MGA TP53->-MED12 TP53->-MGA,3,3,2.000000,2,6.481481e-03,
PIK3R1->-MGA,2,1,2.000000,2,1.388889e-01,
PIK3R1->-MED12,2,1,2.000000,2,6.657175e-01,
FLT1->-MAP3K1,2,1,2.000000,2,4.210526e-01,
ARID1A->-FLT1 KMT2C->-ARID1A KMT2C->-FLT1,3,3,2.000000,2,2.020202e-02,
PIK3CA->-FLT1 PIK3CA->-SPEN SPEN->-FLT1,3,3,2.000000,2,2.777778e-02,
PIK3CA->-POLE PIK3CA->-SPEN SPEN->-POLE,3,3,2.000000,2,2.777778e-02,
FBXW7->-TP53,2,1,2.000000,2,9.957061e-01,
FBXW7->-FLT4,2,1,2.000000,2,2.500000e-01,
BRCA2->-PIK3CB,2,1,2.000000,2,1.976190e-01,
GATA3->-PIK3C2G,2,1,2.000000,2,1.976190e-01,
FLT3->-POLE,2,1,2.000000,2,1.686349e-01,
PIK3C2G-/-PIK3CB,2,1,2.000000,2,3.073016e-02,
ARID1A->-ASXL1 ARID1A->-FLT3 FLT3->-ASXL1,3,3,2.000000,2,1.782662e-02,
KDM5C->-ARID1A,2,1,2.000000,2,6.482143e-01,
CARD11->-ARID1A,2,1,2.000000,2,7.357418e-01,
TP53->-MSH2,2,1,2.000000,2,2.083333e-01,
KMT2D->-ARID1B,2,1,2.000000,2,1.991422e-01,
KMT2D->-INPP4B,2,1,2.000000,2,1.991422e-01,
KMT2D->-XPO1,2,1,2.000000,2,2.083333e-01,
KMT2D->-HNF1A,2,1,2.000000,2,2.066799e-01,
ATRX->-HNF1A TP53->-ATRX TP53->-HNF1A,3,3,2.000000,2,5.499290e-02,
STAT3->-PIK3CA,2,1,2.000000,2,2.500000e-01,
RUNX1->-ERBB2,2,1,2.000000,2,9.218750e-01,
PIK3CA->-CUL3,2,1,2.000000,2,5.000000e-01,
PIK3CA->-MAP2K1,2,1,2.000000,2,4.500000e-01,
MEN1->-ESR1,2,1,2.000000,2,2.142857e-01,
CDH1->-BRAF,2,1,2.000000,2,2.500000e-01,
ARID1A->-BRAF,2,1,2.000000,2,1.868132e-01,
PIK3CA-/-TP53,2,1,2.000000,2,9.999999e-01,
HIST1H3G->-PIK3CA,2,1,2.000000,2,4.250000e-01,
RHOA->-CDH1,2,1,2.000000,2,8.540072e-01,
ARID1A->-RHOA,2,1,2.000000,2,1.547619e-01,
ATM-/-FOXA1,2,1,2.000000,2,3.447118e-01,
CDH1->-DAXX CDH1->-PIK3CA PIK3CA->-DAXX,3,3,2.000000,2,2.223591e-02,
CDH1->-PIK3CA PTPRT->-CDH1 PTPRT->-PIK3CA,3,3,2.000000,2,7.407407e-02,
PTPRT->-MAP3K1,2,1,2.000000,2,6.282895e-01,
PTPRT->-ARID2,2,1,2.000000,2,6.143944e-01,
ATR->-NOTCH4 PIK3CA->-ATR PIK3CA->-NOTCH4,3,3,2.000000,2,2.777778e-02,
ATR->-GRIN2A,2,1,2.000000,2,2.500000e-01,
ARID1A->-DICER1,2,1,2.000000,2,2.208333e-01,
BRCA1->-PTPRT,2,1,2.000000,2,2.055556e-01,
BRCA1->-PTCH1,2,1,2.000000,2,1.993266e-01,
PTPRT->-TET2,2,1,2.000000,2,4.555556e-01,
PTPRT->-HNF1A,2,1,2.000000,2,3.759034e-01,
PTPRT->-JAK2,2,1,2.000000,2,3.012613e-01,
PIK3CA->-HIST3H3,2,1,2.000000,2,6.250000e-01,
CBL->-PIK3CA,2,1,2.000000,2,6.096814e-01,
FLT1->-PIK3CA,2,1,2.000000,2,7.730263e-01,
AKT1->-RAD54L,2,1,2.000000,2,2.133333e-01,
RECQL4->-GATA3,2,1,2.000000,2,3.833333e-01,
ERBB2-/-PTEN,2,1,2.000000,2,2.444444e-01,
PTPRT->-TP53,2,1,2.000000,2,9.869715e-01,
PTPRS->-KMT2D TP53->-KMT2D TP53->-PTPRS,3,3,2.000000,2,6.018519e-02,
KMT2C->-ANKRD11,2,1,2.000000,2,4.673645e-01,
PTPRT->-PTPRS,2,1,2.000000,2,2.500000e-01,
NF1->-PTPRS,2,1,2.000000,2,4.821937e-01,
TERT->-TP53,2,1,2.000000,2,9.315656e-01,
INHA->-CREBBP,2,1,2.000000,2,2.321429e-01,
TP53->-HIST1H3G,2,1,2.000000,2,4.250000e-01,
TP53->-IGF1,2,1,2.000000,2,1.250000e-01,
RUNX1->-GATA3,2,1,2.000000,2,1.833333e-01,
RUNX1->-SETD2,2,1,2.000000,2,1.833333e-01,
PIK3CA->-POLE PIK3CA->-SETD2 POLE->-SETD2,3,3,2.000000,2,1.085674e-02,
NF1->-ERBB2,2,1,2.000000,2,5.000000e-01,
PIK3CG->-PIK3CA,2,1,2.000000,2,9.094183e-01,
ERBB2->-ESR1,2,1,2.000000,2,1.868132e-01,
IRS1->-ESR1,2,1,2.000000,2,2.500000e-01,
IRS1->-SPEN,2,1,2.000000,2,4.000000e-01,
CDK12->-TP53,2,1,2.000000,2,7.627632e-01,
KMT2C->-CBFB,2,1,2.000000,2,7.319444e-01,
KMT2C->-ARID5B,2,1,2.000000,2,4.673645e-01,
FGFR4->-KMT2C,2,1,2.000000,2,3.335256e-01,
FOXA1->-FAT1,2,1,2.000000,2,5.434085e-01,
FAT1-/-NSD1,2,1,2.000000,2,3.265306e-02,
FOXA1->-NSD1,2,1,2.000000,2,6.607143e-01,
CDKN1B->-PTPRD,2,1,2.000000,2,1.964286e-01,
FOXA1->-CDKN1B,2,1,2.000000,2,1.474725e-01,
ERBB2->-PTPRD TP53->-ERBB2 TP53->-PTPRD,3,3,2.000000,2,1.389744e-02,
FOXA1->-PTPRD,2,1,2.000000,2,1.964286e-01,
ERBB2->-XPO1,2,1,2.000000,2,1.964286e-01,
FOXA1->-XPO1,2,1,2.000000,2,1.964286e-01,
SOX9->-PIK3CA,2,1,2.000000,2,6.250000e-01,
SOX9->-IRS1,2,1,2.000000,2,1.666667e-01,
SPEN->-KMT2C,2,1,2.000000,2,8.989583e-01,
CDH1->-KMT2C CDH1->-RUNX1 KMT2C->-RUNX1,3,3,2.000000,2,1.319444e-01,
RUNX1->-JUN,2,1,2.000000,2,2.500000e-01,
SPEN->-RUNX1,2,1,2.000000,2,2.500000e-01,
PIK3CA->-RB1 PIK3CA->-RUNX1 RB1->-RUNX1,3,3,2.000000,2,2.777778e-02,
RB1->-RUNX1 TP53->-RB1 TP53->-RUNX1,3,3,2.000000,2,2.777778e-02,
ERBB2->-GATA3,2,1,2.000000,2,1.666667e-01,
MAP2K4->-ATM,2,1,2.000000,2,2.500000e-01,
FYN->-ATM,2,1,2.000000,2,1.876923e-01,
PIK3C2G->-NCOR1,2,1,2.000000,2,5.000000e-01,
PIK3C2G->-EGFR,2,1,2.000000,2,2.500000e-01,
NCOR1->-EGFR,2,1,2.000000,2,2.500000e-01,
CSF3R->-PIK3CA,2,1,2.000000,2,2.238562e-01,
CTCF->-MAP2K4 CTCF->-PIK3CA MAP2K4->-PIK3CA,3,3,2.000000,2,1.527778e-02,
GATA3->-RAD50 PIK3CA->-GATA3 PIK3CA->-RAD50,3,3,2.000000,2,2.777778e-02,
ESR1->-RAD50 PIK3CA->-ESR1 PIK3CA->-RAD50,3,3,2.000000,2,3.935185e-02,
GATA3->-AR,2,1,2.000000,2,5.000000e-01,
CDH1->-MAP3K1 CDH1->-POLE MAP3K1->-POLE,3,3,2.000000,2,2.777778e-02,
MAP3K1->-NF1 PIK3CA->-MAP3K1 PIK3CA->-NF1,3,3,2.000000,2,7.407407e-02,
MAP3K1->-AR,2,1,2.000000,2,5.000000e-01,
ESR1->-POLE,2,1,2.000000,2,2.500000e-01,
IGF1R->-ESR1,2,1,2.000000,2,4.134214e-01,
ESR1->-AR,2,1,2.000000,2,1.458333e-01,
DNMT3B->-ARID1A,2,1,2.000000,2,6.699561e-01,
NF1->-POLE,2,1,2.000000,2,2.500000e-01,
CDH1->-NF1 CDH1->-RAD50 NF1->-RAD50,3,3,2.000000,2,2.469136e-02,
MAX->-PIK3CA,2,1,2.000000,2,3.839286e-01,
IGF1R-/-TP53,2,1,2.000000,2,7.639506e-01,
GATA3->-MGA,2,1,2.000000,2,3.833333e-01,
ERBB3->-CDH1,2,1,2.000000,2,9.647626e-01,
ERBB3->-POLE,2,1,2.000000,2,2.333333e-01,
PIK3CA->-PPM1D,2,1,2.000000,2,2.208333e-01,
ARID1A->-MYC PIK3CA->-ARID1A PIK3CA->-MYC,3,3,2.000000,2,6.539352e-02,
ZFHX3->-MST1R,2,1,2.000000,2,4.708333e-01,
ARID1B->-ZFHX3,2,1,2.000000,2,2.208333e-01,
ZFHX3->-MTOR,2,1,2.000000,2,1.619444e-01,
ARID1A->-MTOR,2,1,2.000000,2,4.041667e-01,
ESR1->-ZFHX3,2,1,2.000000,2,2.208333e-01,
ARID1A->-PAK1,2,1,2.000000,2,2.208333e-01,
ARID1A->-JAK2,2,1,2.000000,2,2.208333e-01,
PIK3CA->-DCUN1D1,2,1,2.000000,2,1.250000e-01,
SMARCA4->-PARP1,2,1,2.000000,2,2.133333e-01,
FOXA1->-PTCH1 PIK3CA->-FOXA1 PIK3CA->-PTCH1,3,3,2.000000,2,1.662393e-02,
TP53->-CBFB,2,1,2.000000,2,9.487587e-01,
AKT1->-RB1,2,1,2.000000,2,2.013889e-01,
AKT1->-CREBBP,2,1,2.000000,2,2.013889e-01,
AKT1->-ARID1A,2,1,2.000000,2,5.267747e-01,
IRS2->-PIK3CA,2,1,2.000000,2,5.522222e-01,
IRS2->-TP53,2,1,2.000000,2,7.622926e-01,
CDH1->-PIK3CB,2,1,2.000000,2,2.500000e-01,
CDH1->-SMAD2,2,1,2.000000,2,5.000000e-01,
IRS2->-PIK3CB IRS2->-POLE POLE->-PIK3CB,3,3,2.000000,2,2.140097e-02,
ARID1A->-KMT2D MAP2K4->-ARID1A MAP2K4->-KMT2D,3,3,2.000000,2,5.555556e-03,
ARID1A-/-ESR1,2,1,2.000000,2,2.699985e-01,
MAP2K4->-CIC,2,1,2.000000,2,1.242857e-01,
CBFB->-TBX3,2,1,2.000000,2,6.375000e-01,
CDH1->-FGFR2 CDH1->-KMT2C KMT2C->-FGFR2,3,3,2.000000,2,1.388889e-02,
KDM6A->-CDH1,2,1,2.000000,2,8.115809e-01,
TP53->-DNAJB1,2,1,2.000000,2,8.611111e-02,
HNF1A->-TP53,2,1,2.000000,2,9.344597e-01,
BRIP1->-SOX17 TP53->-BRIP1 TP53->-SOX17,3,3,2.000000,2,6.031746e-03,
PIK3CA->-RAB35,2,1,2.000000,2,2.500000e-01,
NOTCH2->-KMT2C,2,1,2.000000,2,3.649265e-01,
KMT2C-/-SPEN,2,1,2.000000,2,1.333333e-01,
ALK-/-PIK3CA,2,1,2.000000,2,3.046914e-01,
RB1->-NOTCH2 TP53->-NOTCH2 TP53->-RB1,3,3,2.000000,2,2.777778e-02,
ARID2->-BCOR TP53->-ARID2 TP53->-BCOR,3,3,2.000000,2,2.714184e-02,
ATM->-RUNX1 PIK3CA->-ATM PIK3CA->-RUNX1,3,3,2.000000,2,6.944444e-03,
ARID1A-/-TERT,2,1,2.000000,2,1.142857e-01,
FOXA1->-ARID1A,2,1,2.000000,2,7.053571e-01,
TP53->-CRLF2,2,1,2.000000,2,2.500000e-01,
TP53->-CCND1,2,1,2.000000,2,1.750000e-01,
ARID1A->-AKT1,2,1,2.000000,2,5.267747e-01,
CDH1->-INPP4A CDH1->-PIK3CA PIK3CA->-INPP4A,3,3,2.000000,2,2.777778e-02,
ERBB2->-BRAF,2,1,2.000000,2,1.868132e-01,
CDH1->-ERBB2 CDH1->-NCOR1 NCOR1->-ERBB2,3,3,2.000000,2,7.407407e-02,
TP53->-GNAS,2,1,2.000000,2,1.071429e-01,
CDH1->-EIF4A2,2,1,2.000000,2,2.500000e-01,
CDH1->-GNAS,2,1,2.000000,2,2.500000e-01,
NCOR1->-TET2 TP53->-NCOR1 TP53->-TET2,3,3,2.000000,2,2.777778e-02,
TET2->-GRIN2A,2,1,2.000000,2,2.133333e-01,
NCOR1->-KDM6A,2,1,2.000000,2,2.500000e-01,
KDM6A->-GRIN2A TP53->-GRIN2A TP53->-KDM6A,3,3,2.000000,2,2.777778e-02,
CDH1->-CDKN2A CDH1->-NCOR1 CDKN2A->-NCOR1,3,3,2.000000,2,2.777778e-02,
CDH1->-SLX4,2,1,2.000000,2,2.481618e-01,
CDH1->-YES1,2,1,2.000000,2,2.157663e-01,
CDH1->-KMT2C CDH1->-STAT5B KMT2C->-STAT5B,3,3,2.000000,2,2.174541e-02,
CDH1->-FGF19,2,1,2.000000,2,2.481618e-01,
NOTCH4->-NOTCH2,2,1,2.000000,2,3.731618e-01,
NOTCH4->-EED,2,1,2.000000,2,2.481618e-01,
KDM6A->-RECQL4,2,1,2.000000,2,2.222102e-01,
PTCH1->-NOTCH2,2,1,2.000000,2,2.481618e-01,
NOTCH2->-KMT2A,2,1,2.000000,2,2.117647e-01,
KMT2C->-RASA1,2,1,2.000000,2,4.377222e-01,
CDH1->-MSH2 CDH1->-RASA1 MSH2->-RASA1,3,3,2.000000,2,2.716503e-02,
KDM6A->-KMT2A,2,1,2.000000,2,4.981618e-01,
RASA1->-KMT2A,2,1,2.000000,2,2.105615e-01,
FAT1->-ERCC4,2,1,2.000000,2,4.166667e-01,
PIK3CA->-GNAS,2,1,2.000000,2,2.500000e-01,
FLT4->-PIK3CA,2,1,2.000000,2,9.944469e-01,
SF3B1->-KMT2C,2,1,2.000000,2,5.000000e-01,
TP53->-CBL,2,1,2.000000,2,2.500000e-01,
PIK3CA->-POLE PIK3CA->-RB1 RB1->-POLE,3,3,2.000000,2,7.301418e-02,
PIK3CA->-ERG PIK3CA->-TP53 TP53->-ERG,3,3,2.000000,2,2.777778e-02,
CBL->-JAK3,2,1,2.000000,2,2.238562e-01,
CDH1->-PIK3CA CDH1->-SMARCD1 PIK3CA->-SMARCD1,3,3,2.000000,2,6.944444e-03,
ARID1B->-RUNX1,2,1,2.000000,2,2.430556e-01,
ARID1B->-PIK3R1,2,1,2.000000,2,4.821937e-01,
TCF7L2->-SOX2,2,1,2.000000,2,1.208791e-01,
PIK3R1->-RUNX1,2,1,2.000000,2,2.500000e-01,
NCOR1->-ARID1A,2,1,2.000000,2,8.125000e-01,
JAK1->-BRCA2,2,1,2.000000,2,2.500000e-01,
BRCA2->-PTPRD,2,1,2.000000,2,2.500000e-01,
BRCA2->-BAP1,2,1,2.000000,2,2.090909e-01,
TP53->-NEGR1,2,1,2.000000,2,2.500000e-01,
CDH1->-JAK1,2,1,2.000000,2,5.000000e-01,
ESR1->-PTPRD TP53->-ESR1 TP53->-PTPRD,3,3,2.000000,2,2.777778e-02,
RAD54L->-NCOR1,2,1,2.000000,2,2.500000e-01,
GATA3-/-PTEN,2,1,2.000000,2,2.312757e-01,
RB1->-KMT2D,2,1,2.000000,2,6.860119e-01,
ATRX->-KMT2D,2,1,2.000000,2,4.563492e-01,
KMT2D->-GATA3,2,1,2.000000,2,6.792279e-01,
RB1->-TSHR,2,1,2.000000,2,2.500000e-01,
RB1->-FLT4,2,1,2.000000,2,4.708333e-01,
AKT1->-PIK3CA,2,1,2.000000,2,5.185185e-01,
CTCF->-GPS2,2,1,2.000000,2,2.500000e-01,
PTCH1->-GATA3,2,1,2.000000,2,2.162115e-01,
TP53->-SRSF2,2,1,2.000000,2,3.098684e-01,
TP53->-ERRFI1,2,1,2.000000,2,8.555556e-02,
TP53->-SMARCB1,2,1,2.000000,2,3.738095e-01,
EP300->-SRSF2,2,1,2.000000,2,1.833333e-01,
PIK3CA->-PIK3CD,2,1,2.000000,2,1.876923e-01,
MTOR->-AKT1,2,1,2.000000,2,3.291667e-01,
PTEN->-AKT1,2,1,2.000000,2,1.344444e-01,
AXIN1->-SMARCA4,2,1,2.000000,2,2.133333e-01,
AKT1->-AXIN1,2,1,2.000000,2,2.133333e-01,
BRCA1->-PIK3CB,2,1,2.000000,2,4.038095e-01,
SMARCA4->-TET1,2,1,2.000000,2,2.133333e-01,
KIT->-PARP1 YES1->-KIT YES1->-PARP1,3,3,2.000000,2,1.713132e-02,
BCOR->-GRIN2A,2,1,2.000000,2,4.254545e-01,
GRIN2A->-KMT2A,2,1,2.000000,2,3.439731e-01,
GRIN2A->-PARP1,2,1,2.000000,2,2.133333e-01,
BCOR->-KMT2A,2,1,2.000000,2,4.254545e-01,
FLT3->-KMT2A,2,1,2.000000,2,2.133333e-01,
BCOR->-PARP1,2,1,2.000000,2,1.910240e-01,
TET1->-KMT2A,2,1,2.000000,2,2.133333e-01,
KMT2A-/-RIT1,2,1,2.000000,2,3.655385e-02,
NSD1->-MDM2,2,1,2.000000,2,1.848889e-01,
NSD1->-PARP1,2,1,2.000000,2,1.981387e-01,
MDM2->-PARP1,2,1,2.000000,2,2.133333e-01,
IRS2->-TET2,2,1,2.000000,2,1.124848e-01,
PIK3C2G-/-POLE,2,1,2.000000,2,2.010187e-01,
NOTCH2->-TET1,2,1,2.000000,2,2.133333e-01,
PIK3CA->-PAX5,2,1,2.000000,2,1.666667e-01,
PIK3CA->-MED12 PIK3CA->-PIK3CG PIK3CG->-MED12,3,3,2.000000,2,1.662393e-02,
MAP3K1->-JAK3,2,1,2.000000,2,1.876923e-01,
JAK3->-RIT1 PIK3CA->-JAK3 PIK3CA->-RIT1,3,3,2.000000,2,1.662393e-02,
PTEN->-TGFBR2,2,1,2.000000,2,1.564103e-01,
MAP3K1->-DICER1 PTEN->-DICER1 PTEN->-MAP3K1,3,3,2.000000,2,1.662393e-02,
MAP3K1->-PIK3CD PTEN->-MAP3K1 PTEN->-PIK3CD,3,3,2.000000,2,1.662393e-02,
PTEN->-RIT1,2,1,2.000000,2,1.876923e-01,
MAP3K1->-SETD2,2,1,2.000000,2,1.876923e-01,
MGA->-HNF1A MGA->-PTCH1 PIK3CA->-HNF1A PIK3CA->-MGA PIK3CA->-PTCH1 PTCH1->-HNF1A,4,6,2.000000,2,8.130932e-04,
PTCH1->-KMT2C,2,1,2.000000,2,8.110602e-01,
ATM->-DNMT1 PIK3CA->-ATM PIK3CA->-DNMT1,3,3,2.000000,2,1.662393e-02,
FOXA1->-NBN PIK3CA->-FOXA1 PIK3CA->-NBN,3,3,2.000000,2,1.662393e-02,
MAP3K1->-NBN,2,1,2.000000,2,1.355556e-01,
MAP3K1->-KMT2A,2,1,2.000000,2,7.478755e-01,
MAP3K1->-MGA,2,1,2.000000,2,1.430037e-01,
KMT2A->-FGFR4,2,1,2.000000,2,3.998135e-01,
FOXA1->-MED12,2,1,2.000000,2,1.876923e-01,
MAP3K1->-DNMT1,2,1,2.000000,2,1.876923e-01,
DNMT1->-KMT2C,2,1,2.000000,2,1.876923e-01,
PIK3CA->-KMT2C PIK3CA->-PLK2 PLK2->-KMT2C,3,3,2.000000,2,4.773139e-02,
FOXA1->-KMT2C FOXA1->-PLK2 PLK2->-KMT2C,3,3,2.000000,2,1.662393e-02,
RHOA->-TP53,2,1,2.000000,2,7.202854e-01,
EPHB1->-MAP3K1,2,1,2.000000,2,8.125000e-01,
KMT2D->-MDC1 TP53->-KMT2D TP53->-MDC1,3,3,2.000000,2,2.777778e-02,
KMT2D->-PTPRT PIK3CA->-KMT2D PIK3CA->-PTPRT PIK3CA->-TP53 TP53->-KMT2D TP53->-PTPRT,4,6,2.000000,2,6.586512e-03,
PTEN->-KMT2D TP53->-KMT2D TP53->-PTEN,3,3,2.000000,2,7.301418e-02,
TP53->-FGFR1,2,1,2.000000,2,4.166667e-01,
CARD11->-ATR TP53->-ATR TP53->-CARD11,3,3,2.000000,2,1.356454e-01,
NCOR1->-ALK,2,1,2.000000,2,2.500000e-01,
KMT2D-/-PRKAR1A,2,1,2.000000,2,1.142857e-01,
ANKRD11->-KMT2D,2,1,2.000000,2,5.937500e-01,
ANKRD11->-PLK2,2,1,2.000000,2,2.173645e-01,
GATA3->-KDM5A,2,1,2.000000,2,5.000000e-01,
TP53->-YAP1,2,1,2.000000,2,5.000000e-01,
CDH1->-FOXA1 CDH1->-NCOR1 FOXA1->-NCOR1,3,3,2.000000,2,2.777778e-02,
PIK3CA->-EP300 PIK3CA->-SMAD4 SMAD4->-EP300,3,3,2.000000,2,5.555556e-03,
BRIP1->-ESR1,2,1,2.000000,2,5.000000e-01,
CARD11->-TP53,2,1,2.000000,2,9.897122e-01,
CDKN2A->-CARD11,2,1,2.000000,2,2.500000e-01,
PIK3CA->-JUN,2,1,2.000000,2,4.571429e-01,
PIK3CA->-BRIP1 PIK3CA->-RUNX1 RUNX1->-BRIP1,3,3,2.000000,2,2.777778e-02,
TP53->-SH2D1A,2,1,2.000000,2,1.283333e-01,
PIK3CA->-SOX9,2,1,2.000000,2,6.250000e-01,
CDH1->-SOX9,2,1,2.000000,2,4.333333e-01,
BRCA2->-STK11,2,1,2.000000,2,2.500000e-01,
ESR1->-GNAS,2,1,2.000000,2,2.500000e-01,
PIK3CA->-REL,2,1,2.000000,2,2.083333e-01,
PIK3CA->-SYK,2,1,2.000000,2,2.500000e-01,
PIK3CA->-BCL6,2,1,2.000000,2,5.000000e-01,
RB1->-PTPRT TP53->-PTPRT TP53->-RB1,3,3,2.000000,2,7.301418e-02,
RB1->-NOTCH1 TP53->-NOTCH1 TP53->-RB1,3,3,2.000000,2,2.777778e-02,
ATM->-CDH1 ATM->-PIK3CA CDH1->-PIK3CA,3,3,2.000000,2,1.319444e-01,
ATM->-NOTCH1,2,1,2.000000,2,7.410714e-01,
BCL6->-NOTCH1 CDH1->-BCL6 CDH1->-NOTCH1,3,3,2.000000,2,2.777778e-02,
TP53->-BCL6,2,1,2.000000,2,3.332071e-01,
ATM->-NOTCH4 TP53->-ATM TP53->-NOTCH4,3,3,2.000000,2,2.777778e-02,
MAP3K1->-REL TP53->-MAP3K1 TP53->-REL,3,3,2.000000,2,2.777778e-02,
MAP3K1->-DNMT3A,2,1,2.000000,2,2.500000e-01,
MAP3K1->-SPOP,2,1,2.000000,2,6.875000e-01,
MAP3K1->-SF3B1,2,1,2.000000,2,5.000000e-01,
MAP3K1->-NOTCH1 MAP3K1->-PIK3CA PIK3CA->-NOTCH1,3,3,2.000000,2,1.319444e-01,
PIK3C2G->-PTPRT TP53->-PIK3C2G TP53->-PTPRT,3,3,2.000000,2,2.777778e-02,
CDH1->-DNMT3A CDH1->-KDR DNMT3A->-KDR,3,3,2.000000,2,2.777778e-02,
ATM->-PIK3CA ATM->-SF3B1 PIK3CA->-SF3B1,3,3,2.000000,2,1.388889e-02,
SMAD4->-MAP3K1,2,1,2.000000,2,2.166667e-01,
KMT2C->-MDM2,2,1,2.000000,2,1.857143e-01,
SMAD4->-KMT2C,2,1,2.000000,2,3.666667e-01,
PALB2->-KDM5C,2,1,2.000000,2,2.424242e-01,
DOT1L->-PDGFRA,2,1,2.000000,2,2.424242e-01,
SOX9->-PDGFRA,2,1,2.000000,2,2.424242e-01,
TP53->-KEAP1,2,1,2.000000,2,1.785714e-01,
APC->-KEAP1,2,1,2.000000,2,2.250000e-01,
APC->-RB1 TP53->-APC TP53->-RB1,3,3,2.000000,2,7.301418e-02,
APC->-EPHB1 APC->-KMT2D KMT2D->-EPHB1 TP53->-APC TP53->-EPHB1 TP53->-KMT2D,4,6,2.000000,2,1.659714e-03,
TP53->-TNFAIP3,2,1,2.000000,2,2.083333e-01,
EPCAM->-ARID1B,2,1,2.000000,2,2.430556e-01,
ARID1B->-PDGFRA,2,1,2.000000,2,2.430556e-01,
CIC->-RUNX1,2,1,2.000000,2,2.430556e-01,
PTEN->-PDGFRA,2,1,2.000000,2,2.430556e-01,
PDGFRA-/-RUNX1 TP53->-PDGFRA TP53->-RUNX1,3,3,2.000000,2,4.629630e-03,
JAK1->-TBX3 TP53->-JAK1 TP53->-TBX3,3,3,2.000000,2,2.777778e-02,
JAK1->-ZFHX3,2,1,2.000000,2,2.121212e-01,
ARID1A->-ANKRD11,2,1,2.000000,2,6.248115e-01,
PIK3CA->-IRF4,2,1,2.000000,2,2.500000e-01,
ARID1A->-IRF4,2,1,2.000000,2,2.500000e-01,
TBX3->-ZFHX3,2,1,2.000000,2,7.036111e-01,
TP53->-ARID5B TP53->-ZFHX3 ZFHX3->-ARID5B,3,3,2.000000,2,2.020202e-02,
AKT1->-CIC,2,1,2.000000,2,2.500000e-01,
NCOR1->-ATRX,2,1,2.000000,2,2.500000e-01,
POLE->-ATRX TP53->-ATRX TP53->-POLE,3,3,2.000000,2,2.714184e-02,
POLE->-SMARCA4 TP53->-POLE TP53->-SMARCA4,3,3,2.000000,2,2.714184e-02,
NCOR1->-SMARCA4,2,1,2.000000,2,2.500000e-01,
NCOR1->-POLE TP53->-NCOR1 TP53->-POLE,3,3,2.000000,2,1.355820e-02,
NOTCH1->-CDH1,2,1,2.000000,2,7.708333e-01,
NOTCH1->-GATA3,2,1,2.000000,2,4.000000e-01,
CDH1->-IL7R,2,1,2.000000,2,1.702754e-01,
AKT1->-NCOR1,2,1,2.000000,2,2.500000e-01,
FOXA1->-EGFR,2,1,2.000000,2,5.000000e-01,
SH2B3->-EGFR,2,1,2.000000,2,2.500000e-01,
LATS2-/-TP53,2,1,2.000000,2,4.333333e-01,
NOTCH1->-EPHA5,2,1,2.000000,2,2.311905e-01,
GPS2->-TP53,2,1,2.000000,2,4.166667e-01,
GPS2->-ESR1,2,1,2.000000,2,2.166667e-01,
TP53->-NFE2L2,2,1,2.000000,2,1.785714e-01,
ERCC4->-PIK3C3,2,1,2.000000,2,8.634223e-02,
BRCA1->-DNMT1,2,1,2.000000,2,1.904762e-01,
ANKRD11->-PIK3CA,2,1,2.000000,2,9.744057e-01,
YAP1->-PIK3CA,2,1,2.000000,2,5.000000e-01,
NOTCH3->-PIK3CA,2,1,2.000000,2,8.935185e-01,
ANKRD11->-TBX3,2,1,2.000000,2,8.125000e-01,
MSH6->-TERT PIK3CA->-MSH6 PIK3CA->-TERT,3,3,2.000000,2,2.777778e-02,
CDH1->-TERT,2,1,2.000000,2,2.500000e-01,
NOTCH3->-CDH1,2,1,2.000000,2,6.875000e-01,
MED12->-PIK3CA,2,1,2.000000,2,9.939474e-01,
MAP2K4->-NOTCH2,2,1,2.000000,2,2.500000e-01,
MAP2K4->-MED12,2,1,2.000000,2,4.880952e-01,
TP53->-SMAD3,2,1,2.000000,2,2.500000e-01,
MAP2K4->-KMT2C,2,1,2.000000,2,5.000000e-01,
MAP3K1->-ARAF PIK3CA->-ARAF PIK3CA->-MAP3K1,3,3,2.000000,2,2.801120e-03,
NCOR1->-SOX2 PIK3CA->-NCOR1 PIK3CA->-SOX2,3,3,2.000000,2,5.799756e-03,
PDGFRB->-PIK3CA,2,1,2.000000,2,4.642857e-01,
FOXA1->-CDK8,2,1,2.000000,2,1.666667e-01,
JAK3->-GATA3 MAP2K4->-GATA3 MAP2K4->-JAK3,3,3,2.000000,2,1.944444e-02,
MEN1->-MAP2K4,2,1,2.000000,2,5.000000e-01,
MEN1->-NCOR1,2,1,2.000000,2,2.500000e-01,
PIK3CA->-MYD88,2,1,2.000000,2,5.000000e-01,
CDH1->-NOTCH3,2,1,2.000000,2,6.875000e-01,
TP53->-RAD51,2,1,2.000000,2,2.500000e-01,
TBX3->-CBFB,2,1,2.000000,2,6.375000e-01,
TBX3->-EPHA5,2,1,2.000000,2,2.500000e-01,
RET->-BCOR,2,1,2.000000,2,2.166667e-01,
HIST3H3->-PIK3CA,2,1,2.000000,2,6.250000e-01,
IDH1->-GATA3,2,1,2.000000,2,2.500000e-01,
MAP3K1->-EPCAM,2,1,2.000000,2,4.708333e-01,
CDH1->-MLH1 TP53->-CDH1 TP53->-MLH1,3,3,2.000000,2,1.778872e-02,
TP53->-FUBP1,2,1,2.000000,2,4.673645e-01,
CDH1->-ARID5B CDH1->-MEN1 CDH1->-PIK3CA MEN1->-ARID5B PIK3CA->-ARID5B PIK3CA->-MEN1,4,6,2.000000,2,1.282841e-03,
CDH1->-CREBBP CDH1->-MEN1 CDH1->-PIK3CA MEN1->-CREBBP PIK3CA->-CREBBP PIK3CA->-MEN1,4,6,2.000000,2,1.282841e-03,
CDH1->-KMT2C CDH1->-MEN1 CDH1->-PIK3CA MEN1->-KMT2C PIK3CA->-KMT2C PIK3CA->-MEN1,4,6,2.000000,2,1.282841e-03,
CDH1->-KRAS,2,1,2.000000,2,2.173645e-01,
MAP3K13->-MEN1,2,1,2.000000,2,2.173645e-01,
CDH1->-CREBBP CDH1->-KIT KIT->-CREBBP,3,3,2.000000,2,2.223591e-02,
CDH1->-CREBBP CDH1->-RAD50 RAD50->-CREBBP,3,3,2.000000,2,2.223591e-02,
MAP3K13->-CREBBP,2,1,2.000000,2,2.173645e-01,
MLH1->-PIK3CA,2,1,2.000000,2,4.673645e-01,
STAG2->-PARP1,2,1,2.000000,2,2.173645e-01,
ANKRD11->-STAG2,2,1,2.000000,2,2.173645e-01,
CREBBP->-PARP1,2,1,2.000000,2,2.173645e-01,
MAP3K13->-PIK3CA,2,1,2.000000,2,6.630234e-01,
CDH1->-KMT2C CDH1->-PIK3CA CDH1->-RFWD2 KMT2C->-RFWD2 PIK3CA->-KMT2C PIK3CA->-RFWD2,4,6,2.000000,2,2.722865e-03,
CDH1->-ERBB2 CDH1->-RFWD2 ERBB2->-RFWD2,3,3,2.000000,2,2.223591e-02,
ANKRD11->-PTPRD,2,1,2.000000,2,2.173645e-01,
MAP3K1->-MEN1,2,1,2.000000,2,7.555390e-01,
CDH1->-NOTCH1 CDH1->-PTEN PTEN->-NOTCH1,3,3,2.000000,2,8.333333e-03,
ASXL2->-KDM5C,2,1,2.000000,2,1.666667e-01,
JAK2->-PIK3CA LATS2->-JAK2 LATS2->-PIK3CA,3,3,2.000000,2,2.777778e-02,
CDH1->-JAK2 CDH1->-PIK3CA JAK2->-PIK3CA,3,3,2.000000,2,8.854167e-02,
LATS2->-ASXL1,2,1,2.000000,2,2.500000e-01,
APC->-BLM APC->-ERCC4 BLM->-ERCC4 CDH1->-APC CDH1->-BLM CDH1->-ERCC4,4,6,2.000000,2,1.736111e-03,
ARID1A->-ERCC4 ARID1A->-IKZF1 IKZF1->-ERCC4,3,3,2.000000,2,2.777778e-02,
PIK3C2G->-ERCC4,2,1,2.000000,2,2.500000e-01,
PIK3R3->-BLM,2,1,2.000000,2,2.500000e-01,
ASXL1->-PIK3CA PIK3R3->-ASXL1 PIK3R3->-PIK3CA,3,3,2.000000,2,2.777778e-02,
ARID1A->-PIK3R3,2,1,2.000000,2,2.500000e-01,
CDH1->-SETD2 CDH1->-STK11 SETD2->-STK11,3,3,2.000000,2,7.407407e-02,
BLM->-STK11,2,1,2.000000,2,2.389706e-01,
JAK1->-SETD2,2,1,2.000000,2,2.500000e-01,
JAK1->-CREBBP,2,1,2.000000,2,2.500000e-01,
APC->-SETD2,2,1,2.000000,2,2.480159e-01,
JAK2->-BLM JAK2->-MAP3K13 MAP3K13->-BLM,3,3,2.000000,2,1.851852e-02,
JAK2->-ABL1 JAK2->-MAP3K13 MAP3K13->-ABL1,3,3,2.000000,2,1.851852e-02,
ERCC3->-PIK3CA,2,1,2.000000,2,5.000000e-01,
CDH1->-ERCC3,2,1,2.000000,2,5.000000e-01,
ARID1A->-ARID2 ARID1A->-FLT3 ARID2->-FLT3,3,3,2.000000,2,2.777778e-02,
JAK1->-ARID2,2,1,2.000000,2,2.500000e-01,
CDKN1A->-CREBBP,2,1,2.000000,2,1.805556e-01,
CDH1->-CREBBP CDH1->-IKZF1 IKZF1->-CREBBP,3,3,2.000000,2,5.555556e-03,
ASXL1->-CREBBP,2,1,2.000000,2,5.000000e-01,
ASXL1->-ABL1,2,1,2.000000,2,2.500000e-01,
CDH1->-MED12 CDH1->-SDHC MED12->-SDHC,3,3,2.000000,2,2.469136e-02,
APC->-RAD50 APC->-SDHC CDH1->-APC CDH1->-RAD50 CDH1->-SDHC RAD50->-SDHC,4,6,2.000000,2,1.478909e-03,
APC->-PIK3C2G APC->-SDHC CDH1->-APC CDH1->-PIK3C2G CDH1->-SDHC PIK3C2G->-SDHC,4,6,2.000000,2,1.478909e-03,
RAD50->-PIK3CA,2,1,2.000000,2,9.508202e-01,
CDH1->-PIK3CA CDH1->-SMARCB1 SMARCB1->-PIK3CA,3,3,2.000000,2,2.777778e-02,
SMARCB1->-FLT3,2,1,2.000000,2,2.500000e-01,
PIK3CA->-CD274,2,1,2.000000,2,5.857143e-01,
FLT3->-PIK3CA,2,1,2.000000,2,7.875000e-01,
PIK3CA->-SUZ12,2,1,2.000000,2,6.032135e-01,
CDKN1A->-PIK3CA,2,1,2.000000,2,7.766479e-01,
CD274->-ABL1,2,1,2.000000,2,2.250000e-01,
JAK1->-APC,2,1,2.000000,2,2.500000e-01,
TP53->-CTNNB1,2,1,2.000000,2,1.250000e-01,
ZFHX3->-KMT2D,2,1,2.000000,2,2.500000e-01,
KMT2D->-ERBB3 TP53->-ERBB3 TP53->-KMT2D,3,3,2.000000,2,2.777778e-02,
ERBB3->-KMT2C TP53->-ERBB3 TP53->-KMT2C,3,3,2.000000,2,3.480489e-02,
PTEN->-ERBB3,2,1,2.000000,2,2.500000e-01,
PTEN->-BARD1 TP53->-BARD1 TP53->-PTEN,3,3,2.000000,2,1.388889e-02,
TP53->-SUFU,2,1,2.000000,2,9.886364e-02,
KLF4->-NCOR1,2,1,2.000000,2,1.875000e-01,
KLF4->-MED12,2,1,2.000000,2,1.875000e-01,
PIK3R1->-POLE,2,1,2.000000,2,1.875000e-01,
NCOR1-/-PIK3CA,2,1,2.000000,2,5.795009e-01,
NOTCH3->-FAT1,2,1,2.000000,2,2.166667e-01,
ESR1->-IRF4,2,1,2.000000,2,1.904762e-01,
RUNX1->-RPTOR,2,1,2.000000,2,2.500000e-01,
CDH1->-MCL1,2,1,2.000000,2,2.083333e-01,
NCOR1->-KMT2C,2,1,2.000000,2,9.603693e-01,
RUNX1->-KMT2C,2,1,2.000000,2,6.875000e-01,
RUNX1->-CDKN2A,2,1,2.000000,2,2.500000e-01,
TP53->-MDM2,2,1,2.000000,2,2.142857e-01,
TSC2->-KMT2D,2,1,2.000000,2,4.198413e-01,
MED12->-KMT2D TP53->-KMT2D TP53->-MED12,3,3,2.000000,2,1.884921e-02,
KMT2C->-KMT2A KMT2C->-TSC2 TSC2->-KMT2A,3,3,2.000000,2,1.884921e-02,
KMT2C->-TP63,2,1,2.000000,2,4.642857e-01,
KMT2C->-MED12 KMT2C->-TSC2 TSC2->-MED12,3,3,2.000000,2,1.675485e-02,
CIC->-SF3B1 PIK3CA->-CIC PIK3CA->-SF3B1,3,3,2.000000,2,2.777778e-02,
TP53->-TCF3,2,1,2.000000,2,2.090909e-01,
PIK3CG->-SETD2,2,1,2.000000,2,3.424542e-01,
PIK3CG->-TET2,2,1,2.000000,2,1.547619e-01,
RB1->-PIK3CG,2,1,2.000000,2,2.500000e-01,
SETD2->-PTCH1 TP53->-PTCH1 TP53->-SETD2,3,3,2.000000,2,2.714184e-02,
PIK3CA->-PTCH1 PIK3CA->-SETD2 SETD2->-PTCH1,3,3,2.000000,2,5.459467e-02,
PIK3CA->-MGA PIK3CA->-SETD2 SETD2->-MGA,3,3,2.000000,2,1.074888e-01,
SETD2->-MGA TP53->-MGA TP53->-SETD2,3,3,2.000000,2,2.714184e-02,
NCOR1->-PTCH1 PIK3CA->-NCOR1 PIK3CA->-PTCH1,3,3,2.000000,2,2.777778e-02,
TERT->-FLT4 TP53->-FLT4 TP53->-TERT,3,3,2.000000,2,2.256944e-02,
MGA->-FLT4,2,1,2.000000,2,4.553571e-01,
RUNX1->-MSH6 TP53->-MSH6 TP53->-RUNX1,3,3,2.000000,2,2.777778e-02,
PIK3CA->-MSH6 PIK3CA->-RUNX1 RUNX1->-MSH6,3,3,2.000000,2,2.777778e-02,
RUNX1->-MGA TP53->-MGA TP53->-RUNX1,3,3,2.000000,2,2.777778e-02,
PIK3CA->-MGA PIK3CA->-RUNX1 RUNX1->-MGA,3,3,2.000000,2,7.407407e-02,
PIK3CA->-CARD11 PIK3CA->-RUNX1 RUNX1->-CARD11,3,3,2.000000,2,2.777778e-02,
RUNX1->-CARD11 TP53->-CARD11 TP53->-RUNX1,3,3,2.000000,2,2.777778e-02,
MSH6->-KMT2A,2,1,2.000000,2,2.500000e-01,
FAT1->-MSH6 PIK3CA->-FAT1 PIK3CA->-MSH6,3,3,2.000000,2,2.777778e-02,
KMT2A->-MED12,2,1,2.000000,2,6.117582e-01,
STAT3->-NF1,2,1,2.000000,2,2.371795e-01,
NCOR1->-NF1,2,1,2.000000,2,7.716837e-01,
TP53->-IKBKE,2,1,2.000000,2,2.500000e-01,
BARD1->-AKT1 TP53->-AKT1 TP53->-BARD1,3,3,2.000000,2,1.388889e-02,
ATR->-RUNX1 PIK3CA->-ATR PIK3CA->-RUNX1,3,3,2.000000,2,7.407407e-02,
NCOR1->-BRIP1,2,1,2.000000,2,1.904762e-01,
BARD1->-PIK3CA,2,1,2.000000,2,7.689504e-01,
STK11->-MAP2K2,2,1,2.000000,2,1.991422e-01,
TP53->-ALOX12B,2,1,2.000000,2,2.698413e-01,
MAP2K4->-XPO1,2,1,2.000000,2,2.250000e-01,
APC->-XPO1,2,1,2.000000,2,2.250000e-01,
TRAF7->-GATA3,2,1,2.000000,2,2.500000e-01,
GATA3->-NOTCH3,2,1,2.000000,2,2.500000e-01,
MEN1->-NOTCH3,2,1,2.000000,2,2.500000e-01,
CDH1->-ATM CDH1->-PIK3CA PIK3CA->-ATM,3,3,2.000000,2,1.319444e-01,
ZFHX3->-ATM,2,1,2.000000,2,3.761905e-01,
ZFHX3->-NF1,2,1,2.000000,2,4.871795e-01,
APC->-NF1 CDH1->-APC CDH1->-NF1,3,3,2.000000,2,5.405418e-02,
PIK3CA->-PNRC1,2,1,2.000000,2,2.083333e-01,
CDH1->-SPOP,2,1,2.000000,2,4.583333e-01,
RB1->-ESR1,2,1,2.000000,2,2.500000e-01,
TET1->-ESR1,2,1,2.000000,2,6.699561e-01,
CDH1->-PALB2,2,1,2.000000,2,4.333333e-01,
CDH1->-NFE2L2,2,1,2.000000,2,1.702754e-01,
ARID1A->-NOTCH3,2,1,2.000000,2,2.500000e-01,
ROS1->-NFE2L2,2,1,2.000000,2,9.375000e-02,
ROS1->-NF2,2,1,2.000000,2,1.339286e-01,
KMT2A->-NFE2L2,2,1,2.000000,2,1.339286e-01,
KMT2A-/-SPEN PIK3CA->-KMT2A PIK3CA->-SPEN,3,3,2.000000,2,1.541950e-02,
TP53->-MRE11A,2,1,2.000000,2,2.500000e-01,
PIK3CA->-MDM2,2,1,2.000000,2,2.500000e-01,
ESR1->-NFE2L2,2,1,2.000000,2,2.500000e-01,
ARID1A->-RUNX1 PTEN->-ARID1A PTEN->-RUNX1,3,3,2.000000,2,2.777778e-02,
ESR1->-FUBP1,2,1,2.000000,2,2.500000e-01,
KDM5C->-ESR1,2,1,2.000000,2,6.125000e-01,
SMAD4->-PIK3CA,2,1,2.000000,2,9.196447e-01,
GRIN2A->-PIK3CA,2,1,2.000000,2,9.027778e-01,
RHOA->-GRIN2A,2,1,2.000000,2,2.500000e-01,
SMAD4->-KDM5C,2,1,2.000000,2,5.000000e-01,
CDH1-/-PTPRD,2,1,2.000000,2,1.777579e-01,
SOX9->-TBX3,2,1,2.000000,2,4.333333e-01,
PIK3CA->-HGF,2,1,2.000000,2,3.540936e-01,
ATM->-HGF,2,1,2.000000,2,2.500000e-01,
SMAD4->-FAT1,2,1,2.000000,2,2.500000e-01,
NF1->-MAP2K4,2,1,2.000000,2,5.859184e-01,
ATR->-PIK3CA,2,1,2.000000,2,9.994745e-01,
GATA3->-ATR,2,1,2.000000,2,4.166667e-01,
PPP2R1A->-PIK3CA,2,1,2.000000,2,8.214167e-01,
KMT2C->-PPP2R1A,2,1,2.000000,2,1.833333e-01,
SPEN->-DNMT3A,2,1,2.000000,2,4.428571e-01,
DDR2-/-GLI1 TP53->-DDR2 TP53->-GLI1,3,3,2.000000,2,1.179138e-02,
NSD1->-DDR2 TP53->-DDR2 TP53->-NSD1,3,3,2.000000,2,2.380952e-03,
FOXP1->-ESR1,2,1,2.000000,2,3.666667e-01,
TP53->-FGF3,2,1,2.000000,2,1.166667e-01,
STAG2->-AXL,2,1,2.000000,2,2.500000e-01,
CDK8->-KRAS,2,1,2.000000,2,2.500000e-01,
PIK3CA->-RARA,2,1,2.000000,2,1.339286e-01,
PIK3CA->-RPS6KA4,2,1,2.000000,2,3.839286e-01,
GATA3-/-RPS6KA4,2,1,2.000000,2,1.105442e-01,
NSD1->-RAD50,2,1,2.000000,2,2.321937e-01,
STAG2->-PTEN STAG2->-TP53 TP53->-PTEN,3,3,2.000000,2,3.935185e-02,
PTEN->-PIK3C2G,2,1,2.000000,2,2.321937e-01,
NF1->-MTOR,2,1,2.000000,2,4.214286e-01,
SPEN->-NCOR1,2,1,2.000000,2,4.642857e-01,
NOTCH1->-NCOR1,2,1,2.000000,2,2.142857e-01,
GATA3->-DOT1L,2,1,2.000000,2,2.500000e-01,
FOXA1->-DOT1L,2,1,2.000000,2,6.160714e-01,
NSD1->-DOT1L,2,1,2.000000,2,4.821937e-01,
CDH1->-BTK,2,1,2.000000,2,2.500000e-01,
AKT1->-XPO1 CDH1->-AKT1 CDH1->-XPO1,3,3,2.000000,2,2.777778e-02,
FGFR4->-AKT1,2,1,2.000000,2,1.458333e-01,
BRCA2->-MTOR BRCA2->-XPO1 MTOR->-XPO1,3,3,2.000000,2,2.777778e-02,
BRCA2->-FAT1,2,1,2.000000,2,4.590909e-01,
CDH1->-PIK3R1,2,1,2.000000,2,4.821937e-01,
KMT2C->-PIK3R1,2,1,2.000000,2,7.647614e-01,
KMT2C->-MTOR,2,1,2.000000,2,3.958333e-01,
CDH1->-FAT1 MTOR->-CDH1 MTOR->-FAT1,3,3,2.000000,2,2.777778e-02,
SPEN->-XPO1,2,1,2.000000,2,2.500000e-01,
KMT2C->-NOTCH3 KMT2C->-XPO1 NOTCH3->-XPO1,3,3,2.000000,2,2.777778e-02,
FAT1->-AR,2,1,2.000000,2,2.500000e-01,
PIK3R1->-AR,2,1,2.000000,2,2.500000e-01,
NOTCH3->-PIK3R1,2,1,2.000000,2,2.500000e-01,
TP53->-HLA-A,2,1,2.000000,2,2.500000e-01,
TP53->-NUP93,2,1,2.000000,2,5.000000e-01,
TP53->-RPS6KB2,2,1,2.000000,2,2.500000e-01,
NOTCH4->-KMT2D TP53->-KMT2D TP53->-NOTCH4,3,3,2.000000,2,5.013760e-02,
FLT4->-ATM TP53->-ATM TP53->-FLT4,3,3,2.000000,2,5.324074e-03,
ARID2->-KMT2D ERCC5->-ARID2 ERCC5->-KMT2D PIK3CA->-ARID2 PIK3CA->-ERCC5 PIK3CA->-KMT2D,4,6,2.000000,2,1.736111e-03,
ARID2->-KMT2D ERCC5->-ARID2 ERCC5->-KMT2D TP53->-ARID2 TP53->-ERCC5 TP53->-KMT2D,4,6,2.000000,2,1.736111e-03,
ATR->-KMT2D PIK3CA->-ATR PIK3CA->-KMT2D,3,3,2.000000,2,7.301418e-02,
SPEN->-KMT2D TP53->-KMT2D TP53->-SPEN,3,3,2.000000,2,2.777778e-02,
PIK3CA->-KMT2D PIK3CA->-SPEN SPEN->-KMT2D,3,3,2.000000,2,2.777778e-02,
CARD11->-KMT2D PIK3CA->-CARD11 PIK3CA->-KMT2D,3,3,2.000000,2,5.695886e-02,
FGFR4->-MSH6 TP53->-FGFR4 TP53->-MSH6,3,3,2.000000,2,7.575758e-03,
RUNX1->-INSR,2,1,2.000000,2,2.500000e-01,
PIK3CA->-PARP1 PIK3CA->-RUNX1 RUNX1->-PARP1,3,3,2.000000,2,2.777778e-02,
NUP93->-PARP1 PIK3CA->-NUP93 PIK3CA->-PARP1,3,3,2.000000,2,2.777778e-02,
APC->-RUNX1,2,1,2.000000,2,2.500000e-01,
PTPRS->-PARP1,2,1,2.000000,2,2.321937e-01,
PIK3CA->-PTPRS PIK3CA->-SPEN SPEN->-PTPRS,3,3,2.000000,2,9.932660e-03,
APC->-PTPRS,2,1,2.000000,2,3.821937e-01,
TP53->-FLCN,2,1,2.000000,2,4.166667e-01,
ERCC4->-NCOR1,2,1,2.000000,2,3.708791e-01,
KMT2D->-NCOR1 SMAD2->-KMT2D SMAD2->-NCOR1,3,3,2.000000,2,2.777778e-02,
RAD51->-KMT2D,2,1,2.000000,2,1.750000e-01,
NTRK2->-KMT2D,2,1,2.000000,2,2.166667e-01,
KMT2D->-FGFR2 TP53->-FGFR2 TP53->-KMT2D,3,3,2.000000,2,2.714184e-02,
PTPRT->-FGFR2 TP53->-FGFR2 TP53->-PTPRT,3,3,2.000000,2,2.714184e-02,
BRCA1->-CREBBP BRCA1->-KMT2C CREBBP->-KMT2C,3,3,2.000000,2,2.777778e-02,
PIK3C2G->-KMT2C,2,1,2.000000,2,4.821937e-01,
CREBBP->-KMT2C CREBBP->-NCOR1 KMT2C->-NCOR1,3,3,2.000000,2,2.777778e-02,
CDH1->-IKBKE,2,1,2.000000,2,4.166667e-01,
CDH1->-PIK3CA FLCN->-CDH1 FLCN->-PIK3CA,3,3,2.000000,2,2.777778e-02,
AKT1->-TBX3,2,1,2.000000,2,2.500000e-01,
ARID2->-EPHA5 TP53->-ARID2 TP53->-EPHA5,3,3,2.000000,2,1.306196e-01,
ZFHX3->-ARID2,2,1,2.000000,2,2.500000e-01,
CBFB->-MAP2K4,2,1,2.000000,2,2.500000e-01,
CTCF->-ERBB3 MAP3K1->-CTCF MAP3K1->-ERBB3,3,3,2.000000,2,2.256944e-02,
ATM->-JUN,2,1,2.000000,2,2.500000e-01,
FBXW7->-PIK3CA,2,1,2.000000,2,8.157041e-01,
CDH1->-GATA3 CDH1->-TP53 GATA3-/-TP53,3,3,2.000000,2,2.100840e-03,
RHOA->-TBX3,2,1,2.000000,2,2.321429e-01,
FAT1->-RB1,2,1,2.000000,2,6.864035e-01,
PIK3CA->-GATA3 ROS1->-GATA3 ROS1->-PIK3CA,3,3,2.000000,2,2.777778e-02,
FGFR4->-ROS1,2,1,2.000000,2,2.121212e-01,
STK11->-GATA3,2,1,2.000000,2,2.389706e-01,
TP53->-ASXL2,2,1,2.000000,2,4.250000e-01,
TP53->-EPHA3,2,1,2.000000,2,5.000000e-01,
TP53->-PPP2R1A,2,1,2.000000,2,1.409091e-01,
AKT2->-PTPRT,2,1,2.000000,2,2.500000e-01,
RICTOR->-ESR1,2,1,2.000000,2,7.696498e-01,
SUZ12->-PIK3CA,2,1,2.000000,2,6.032135e-01,
SMAD4->-ERCC4,2,1,2.000000,2,2.500000e-01,
BLM->-FAT1 BLM->-KDR FAT1->-KDR,3,3,2.000000,2,2.446895e-02,
DNMT1->-SPEN,2,1,2.000000,2,2.500000e-01,
APC->-SPEN,2,1,2.000000,2,7.625000e-01,
APC->-DNMT1,2,1,2.000000,2,5.000000e-01,
DNMT3A->-FAT1,2,1,2.000000,2,4.428571e-01,
FOXP1->-PTEN,2,1,2.000000,2,2.053571e-01,
MAP2K4->-SETD2,2,1,2.000000,2,2.142857e-01,
AKT1->-SETD2,2,1,2.000000,2,2.142857e-01,
TET2->-SETD2 TP53->-SETD2 TP53->-TET2,3,3,2.000000,2,7.514172e-02,
AKT1->-RAD50,2,1,2.000000,2,2.500000e-01,
AKT1->-DNMT1,2,1,2.000000,2,5.000000e-01,
SMAD2->-RFWD2,2,1,2.000000,2,2.500000e-01,
CDH1->-AXIN2,2,1,2.000000,2,2.500000e-01,
KMT2C->-NSD1,2,1,2.000000,2,7.863367e-01,
MAP2K4->-ARID2,2,1,2.000000,2,2.500000e-01,
CDH1->-RET,2,1,2.000000,2,2.500000e-01,
ROS1->-MYC,2,1,2.000000,2,1.833333e-01,
ROS1->-IKZF1,2,1,2.000000,2,1.833333e-01,
BCOR->-TSC2,2,1,2.000000,2,2.500000e-01,
TSC2->-KMT2C,2,1,2.000000,2,8.589707e-01,
KMT2C->-EP300 KMT2D->-EP300 KMT2D->-KMT2C,3,3,2.000000,2,2.446895e-02,
KMT2D->-FGF4 PIK3CA->-FGF4 PIK3CA->-KMT2D,3,3,2.000000,2,1.341589e-02,
ARID1A->-KDM5C PIK3CA->-ARID1A PIK3CA->-KDM5C,3,3,2.000000,2,7.407407e-02,
SMAD2->-BCOR,2,1,2.000000,2,1.833333e-01,
LATS1->-ATR,2,1,2.000000,2,2.500000e-01,
LATS1->-ARID1A,2,1,2.000000,2,2.090909e-01,
LATS1->-RFWD2,2,1,2.000000,2,2.500000e-01,
SMAD4->-RFWD2,2,1,2.000000,2,2.500000e-01,
AKT1-/-PIK3CA,2,1,2.000000,2,1.851852e-01,
NCOR1->-IKZF1,2,1,2.000000,2,3.888889e-01,
GATA3->-BCOR,2,1,2.000000,2,2.500000e-01,
IRS2-/-PIK3CA,2,1,2.000000,2,9.777778e-02,
IRS2->-FLT4 TP53->-FLT4 TP53->-IRS2,3,3,2.000000,2,1.097082e-03,
ASXL2->-TBX3,2,1,2.000000,2,2.500000e-01,
CDH1->-ASXL2,2,1,2.000000,2,4.166667e-01,
ASXL2->-ARID1A,2,1,2.000000,2,4.333333e-01,
ARID1B->-KDR,2,1,2.000000,2,2.389706e-01,
ARID1B->-KMT2A ARID1B->-PIK3CA PIK3CA->-KMT2A,3,3,2.000000,2,2.777778e-02,
FOXA1->-ARID1B,2,1,2.000000,2,2.500000e-01,
KDM6A->-KDR KDM6A->-PIK3CA PIK3CA->-KDR,3,3,2.000000,2,2.314815e-02,
KDR->-KMT2A,2,1,2.000000,2,2.500000e-01,
FOXA1->-KMT2A FOXA1->-PIK3CA PIK3CA->-KMT2A,3,3,2.000000,2,5.548433e-02,
GPS2->-JAK2,2,1,2.000000,2,2.500000e-01,
EPHA5->-TP53,2,1,2.000000,2,9.935994e-01,
PIK3CA->-MYCN,2,1,2.000000,2,2.500000e-01,
PIK3CA->-SHQ1,2,1,2.000000,2,1.928571e-01,
GATA3->-HIST1H1C,2,1,2.000000,2,2.500000e-01,
GATA3->-NOTCH4 GATA3->-PIK3CA PIK3CA->-NOTCH4,3,3,2.000000,2,1.111111e-02,
GATA3->-DICER1,2,1,2.000000,2,2.500000e-01,
CDH1->-PIK3CA RAD52->-CDH1 RAD52->-PIK3CA,3,3,2.000000,2,2.446895e-02,
CDH1->-PIK3CA STK11->-CDH1 STK11->-PIK3CA,3,3,2.000000,2,6.855937e-02,
ARID1B->-GATA3,2,1,2.000000,2,4.889706e-01,
KDR->-GATA3,2,1,2.000000,2,2.389706e-01,
BLM->-GATA3,2,1,2.000000,2,4.389706e-01,
FAT1->-GATA3,2,1,2.000000,2,8.680847e-01,
MAP2K2->-KMT2C,2,1,2.000000,2,2.389706e-01,
STK11->-PTCH1,2,1,2.000000,2,2.389706e-01,
MGA->-KMT2A,2,1,2.000000,2,5.599556e-01,
TP53->-MALT1,2,1,2.000000,2,2.500000e-01,
MAP3K1->-ALK,2,1,2.000000,2,6.375000e-01,
MAP3K1->-KLF4,2,1,2.000000,2,2.500000e-01,
TBX3-/-ZFHX3,2,1,2.000000,2,1.422222e-01,
TP53->-CD79B,2,1,2.000000,2,1.736111e-01,
TP53->-PLCG2,2,1,2.000000,2,1.187865e-01,
TP53->-SMAD4,2,1,2.000000,2,7.750000e-01,
TBX3->-NCOA3,2,1,2.000000,2,1.750000e-01,
TBX3->-IKZF1,2,1,2.000000,2,1.388889e-01,
PTCH1->-PAK7 SOX9->-PAK7 SOX9->-PTCH1,3,3,2.000000,2,2.777778e-02,
PTCH1->-PAK7 TBX3->-PAK7 TBX3->-PTCH1,3,3,2.000000,2,2.777778e-02,
AKT1->-PTCH1,2,1,2.000000,2,1.500000e-01,
PIK3CA->-MEF2B,2,1,2.000000,2,2.500000e-01,
KDM5C->-MAP3K1,2,1,2.000000,2,2.500000e-01,
CBFB->-MEN1,2,1,2.000000,2,2.500000e-01,
GLI1->-GATA3,2,1,2.000000,2,2.500000e-01,
TP53->-FANCC,2,1,2.000000,2,4.104798e-01,
NOTCH3->-BLM TP53->-BLM TP53->-NOTCH3,3,3,2.000000,2,1.851852e-02,
GATA3->-AKT1,2,1,2.000000,2,9.873248e-01,
SPEN->-PTPRD,2,1,2.000000,2,2.500000e-01,
JAK1->-MDC1,2,1,2.000000,2,2.500000e-01,
MDC1->-TP53,2,1,2.000000,2,9.618501e-01,
RAD52->-BRCA1,2,1,2.000000,2,1.805556e-01,
RAD52->-CREBBP,2,1,2.000000,2,1.805556e-01,
MDC1->-CREBBP,2,1,2.000000,2,5.000000e-01,
KMT2A->-NOTCH1,2,1,2.000000,2,2.500000e-01,
CHEK2->-CREBBP,2,1,2.000000,2,2.166667e-01,
IDH1->-PIK3CA,2,1,2.000000,2,5.941027e-01,
IDH1->-SETD2 TP53->-IDH1 TP53->-SETD2,3,3,2.000000,2,2.714184e-02,
BRCA2->-GATA3,2,1,2.000000,2,6.482143e-01,
BRCA2->-ARID2,2,1,2.000000,2,2.500000e-01,
KMT2C->-TNFAIP3,2,1,2.000000,2,1.458333e-01,
KMT2C->-ARID2,2,1,2.000000,2,6.875000e-01,
MDC1->-FAT1,2,1,2.000000,2,1.928571e-01,
GATA3->-TET1,2,1,2.000000,2,1.833333e-01,
CARD11->-ESR1 CARD11->-FAT1 ESR1->-FAT1,3,3,2.000000,2,4.964607e-02,
FAT1->-TET1,2,1,2.000000,2,8.591772e-01,
FOXA1->-PTEN,2,1,2.000000,2,6.821884e-01,
PTPRS->-MGA STK11->-MGA STK11->-PTPRS,3,3,2.000000,2,1.944444e-02,
PTPRS->-PIK3CA STK11->-PIK3CA STK11->-PTPRS,3,3,2.000000,2,1.944444e-02,
CDH1->-RUNX1 CDH1->-TBX3 RUNX1->-TBX3,3,3,2.000000,2,1.319444e-01,
ARAF->-PIK3CA,2,1,2.000000,2,6.982721e-01,
PIK3CG->-CDC73,2,1,2.000000,2,1.547619e-01,
KMT2D->-FLT3,2,1,2.000000,2,2.500000e-01,
NF1->-ARID2 PIK3CA->-ARID2 PIK3CA->-NF1,3,3,2.000000,2,2.777778e-02,
NF1->-FLT3,2,1,2.000000,2,2.000000e-01,
ARID1A->-ERBB3 TP53->-ARID1A TP53->-ERBB3,3,3,2.000000,2,7.575758e-03,
PIK3CA->-LATS2,2,1,2.000000,2,8.558114e-01,
EP300->-TP53,2,1,2.000000,2,9.929256e-01,
NFE2L2->-GATA3,2,1,2.000000,2,2.500000e-01,
ARID1B->-NFE2L2,2,1,2.000000,2,4.821937e-01,
MAP2K4->-FAT1,2,1,2.000000,2,4.710526e-01,
PDGFRA->-ARID2,2,1,2.000000,2,2.500000e-01,
NF1->-EPHB1,2,1,2.000000,2,2.071429e-01,
PIK3R1->-EPHB1,2,1,2.000000,2,2.500000e-01,
PIK3R1->-NF1,2,1,2.000000,2,9.042733e-01,
ARID1B->-ROS1 TP53->-ARID1B TP53->-ROS1,3,3,2.000000,2,1.041667e-02,
EPHA5->-ALK TP53->-ALK TP53->-EPHA5,3,3,2.000000,2,2.777778e-02,
SPEN->-ALK,2,1,2.000000,2,2.500000e-01,
ARID1B->-ARID2 ARID1B->-IRS1 IRS1->-ARID2,3,3,2.000000,2,2.777778e-02,
AR->-ARID2 AR->-IRS1 IRS1->-ARID2,3,3,2.000000,2,2.777778e-02,
MAP3K1->-ATRX TP53->-ATRX TP53->-MAP3K1,3,3,2.000000,2,2.256944e-02,
MAP3K1->-ARID1B,2,1,2.000000,2,6.055912e-01,
MAP3K1->-PIK3R1,2,1,2.000000,2,6.741453e-01,
FAT1->-ARID1B TP53->-ARID1B TP53->-FAT1,3,3,2.000000,2,6.855937e-02,
FAT1->-IRS1,2,1,2.000000,2,2.500000e-01,
TET1->-SPEN TP53->-SPEN TP53->-TET1,3,3,2.000000,2,2.777778e-02,
NOTCH2->-FAT1,2,1,2.000000,2,1.904762e-01,
TP53->-STAT3,2,1,2.000000,2,3.538462e-01,
JAK3->-PIK3CA,2,1,2.000000,2,8.989167e-01,
BCOR->-PIK3CA,2,1,2.000000,2,9.850759e-01,
CDH1->-ERBB3 CDH1->-TBX3 TBX3->-ERBB3,3,3,2.000000,2,2.777778e-02,
TP53->-HIST1H3J,2,1,2.000000,2,1.344444e-01,
TP53->-HIST1H3C,2,1,2.000000,2,1.785714e-01,
NF1->-NBN,2,1,2.000000,2,2.500000e-01,
KMT2C-/-RB1 TP53->-KMT2C TP53->-RB1,3,3,2.000000,2,2.772727e-03,
CARD11->-PIK3CG,2,1,2.000000,2,4.222222e-01,
PIK3CA-/-SMAD4,2,1,2.000000,2,3.471534e-01,
NF1->-STAG2,2,1,2.000000,2,1.571429e-01,
MAP2K4->-NF1 MAP2K4->-TET2 NF1->-TET2,3,3,2.000000,2,1.211582e-02,
KMT2C->-FLT4,2,1,2.000000,2,2.208333e-01,
RUNX1->-ARID1A,2,1,2.000000,2,7.625000e-01,
CREBBP-/-GATA3,2,1,2.000000,2,2.022222e-01,
JAK1->-ROS1,2,1,2.000000,2,2.121212e-01,
MGA->-BCOR,2,1,2.000000,2,2.104377e-01,
KMT2A->-CD79A,2,1,2.000000,2,2.121212e-01,
FGFR4->-CD79A,2,1,2.000000,2,2.121212e-01,
FGFR4->-GRIN2A,2,1,2.000000,2,2.121212e-01,
NOTCH3->-PALB2,2,1,2.000000,2,2.500000e-01,
PIK3R1->-EPHA7,2,1,2.000000,2,2.371795e-01,
NOTCH4->-EIF4A2,2,1,2.000000,2,2.500000e-01,
TMPRSS2->-TP53,2,1,2.000000,2,1.666667e-01,
PBRM1->-FLT4 TP53->-FLT4 TP53->-PBRM1,3,3,2.000000,2,4.650673e-03,
TP53->-UPF1,2,1,2.000000,2,3.188492e-01,
ATRX->-KMT2C,2,1,2.000000,2,2.208333e-01,
IL7R->-KMT2C,2,1,2.000000,2,2.051045e-01,
KMT2D->-FLT1,2,1,2.000000,2,1.710526e-01,
PIK3CA->-BTK,2,1,2.000000,2,4.583333e-01,
ATM-/-HIST1H3J,2,1,2.000000,2,1.066667e-01,
GATA3->-PPP2R1A,2,1,2.000000,2,4.500000e-01,
MGA->-RB1,2,1,2.000000,2,4.980159e-01,
TBX3->-GRIN2A,2,1,2.000000,2,2.500000e-01,
KMT2C->-GRIN2A,2,1,2.000000,2,2.090909e-01,
AKT1->-ERBB4,2,1,2.000000,2,1.750000e-01,
KDM6A->-TP53,2,1,2.000000,2,9.633654e-01,
MAP3K1->-DDR2,2,1,2.000000,2,1.868132e-01,
BRCA2->-TBX3,2,1,2.000000,2,7.075549e-01,
RB1->-CDH1,2,1,2.000000,2,9.129818e-01,
RB1->-SPEN,2,1,2.000000,2,2.916667e-01,
FGFR4->-PTPRD,2,1,2.000000,2,1.409091e-01,
FGFR4->-ERBB3,2,1,2.000000,2,1.409091e-01,
PIK3CA->-FAM175A,2,1,2.000000,2,3.747634e-01,
CREBBP->-NUP93,2,1,2.000000,2,3.928571e-01,
TBX3->-ARID1A,2,1,2.000000,2,7.023231e-01,
CDH1->-CIC,2,1,2.000000,2,2.071429e-01,
ALK->-ARID1A TP53->-ALK TP53->-ARID1A,3,3,2.000000,2,2.777778e-02,
KRAS->-ALK,2,1,2.000000,2,2.500000e-01,
STK11->-ARID1A,2,1,2.000000,2,5.000000e-01,
IKZF1-/-TP53,2,1,2.000000,2,2.869841e-01,
ARID1A->-ESR1,2,1,2.000000,2,9.771625e-01,
NCOR1->-BCOR,2,1,2.000000,2,5.000000e-01,
BCOR->-RUNX1,2,1,2.000000,2,2.500000e-01,
SF3B1->-ARID1A,2,1,2.000000,2,2.500000e-01,
PIK3CA->-RUNX1 PIK3CA->-SF3B1 SF3B1->-RUNX1,3,3,2.000000,2,2.777778e-02,
FANCA->-PIK3R1,2,1,2.000000,2,2.012346e-01,
FANCA->-PARP1,2,1,2.000000,2,2.012346e-01,
KMT2C->-TSC2 PTEN->-KMT2C PTEN->-TSC2,3,3,2.000000,2,1.795735e-02,
TSC2->-GRIN2A,2,1,2.000000,2,2.090909e-01,
GATA3->-FGFR2,2,1,2.000000,2,2.500000e-01,
NOTCH3->-ALK,2,1,2.000000,2,2.500000e-01,
PTEN->-MSH2,2,1,2.000000,2,2.500000e-01,
MDC1->-KMT2C PIK3CA->-KMT2C PIK3CA->-MDC1,3,3,2.000000,2,2.777778e-02,
TSC2->-MAP3K1,2,1,2.000000,2,5.507479e-01,
GATA3->-KMT2D,2,1,2.000000,2,6.792279e-01,
PPP2R1A->-ARID1A,2,1,2.000000,2,3.492424e-01,
NF1->-ATR,2,1,2.000000,2,4.500000e-01,
KLF4->-ARID1A,2,1,2.000000,2,2.083333e-01,
ARID1A->-FLT4,2,1,2.000000,2,3.333333e-01,
HIST1H3I->-HNF1A ROS1->-HIST1H3I ROS1->-HNF1A,3,3,2.000000,2,2.714184e-02,
HIST1H3I->-HNF1A PIK3CA->-HIST1H3I PIK3CA->-HNF1A,3,3,2.000000,2,2.714184e-02,
SETD2->-BCOR,2,1,2.000000,2,2.480159e-01,
PTCH1->-KMT2D,2,1,2.000000,2,4.869865e-01,
PIK3CA->-ARID2 PIK3CA->-PTCH1 PTCH1->-ARID2,3,3,2.000000,2,2.714184e-02,
PIK3CA->-GLI1 PIK3CA->-PTCH1 PTCH1->-GLI1,3,3,2.000000,2,2.714184e-02,
PIK3CA->-ATR PIK3CA->-PTCH1 PTCH1->-ATR,3,3,2.000000,2,2.714184e-02,
PIK3CA->-BCOR PIK3CA->-PTCH1 PTCH1->-BCOR,3,3,2.000000,2,2.714184e-02,
KMT2D->-BCOR,2,1,2.000000,2,4.980159e-01,
PTPRT->-BCOR,2,1,2.000000,2,2.480159e-01,
KMT2D->-ARID1A TP53->-ARID1A TP53->-KMT2D,3,3,2.000000,2,7.301418e-02,
ATRX->-RB1,2,1,2.000000,2,6.640790e-01,
HIST1H3I->-GATA3 PIK3CA->-GATA3 PIK3CA->-HIST1H3I,3,3,2.000000,2,2.777778e-02,
LATS2->-GATA3,2,1,2.000000,2,2.500000e-01,
ERBB2->-PIK3CA KMT2C->-ERBB2 KMT2C->-PIK3CA,3,3,2.000000,2,1.834164e-01,
PIK3CA->-CSF1R,2,1,2.000000,2,4.333333e-01,
PIK3CA->-ALOX12B,2,1,2.000000,2,2.500000e-01,
IRS1->-PTCH1,2,1,2.000000,2,2.500000e-01,
AR->-KMT2A AR->-PIK3CA PIK3CA->-KMT2A,3,3,2.000000,2,2.777778e-02,
AR->-KMT2A AR->-PDGFRA AR->-PTPRS PDGFRA->-KMT2A PDGFRA->-PTPRS PTPRS->-KMT2A,4,6,2.000000,2,1.736111e-03,
KMT2C->-PDGFRA,2,1,2.000000,2,2.500000e-01,
ERBB2->-PDGFRA,2,1,2.000000,2,2.500000e-01,
PIK3CA->-AXIN2,2,1,2.000000,2,2.500000e-01,
CDH1->-ERBB2 CDH1->-PTPRS ERBB2->-PTPRS,3,3,2.000000,2,2.777778e-02,
IRS1->-PTPRS,2,1,2.000000,2,1.500000e-01,
KMT2C->-GLI1,2,1,2.000000,2,4.395604e-01,
ARID2->-PIK3CG,2,1,2.000000,2,2.500000e-01,
PIK3CA->-AXIN1,2,1,2.000000,2,2.500000e-01,
PALB2->-PIK3CA,2,1,2.000000,2,7.777976e-01,
GATA3-/-SPEN,2,1,2.000000,2,4.184429e-01,
STAG2->-MAP3K1,2,1,2.000000,2,5.000000e-01,
RB1->-PTPRD TP53->-PTPRD TP53->-RB1,3,3,2.000000,2,2.222222e-02,
CBFB->-SF3B1,2,1,2.000000,2,2.500000e-01,
IKZF1-/-PIK3CA,2,1,2.000000,2,3.730511e-01,
IKZF1-/-PIK3CB,2,1,2.000000,2,1.015873e-01,
NSD1-/-TP53,2,1,2.000000,2,7.470476e-01,
MDC1->-RAD54L PIK3CA->-MDC1 PIK3CA->-RAD54L,3,3,2.000000,2,1.752137e-02,
PIK3CB->-RAD54L,2,1,2.000000,2,4.061905e-01,
SF3B1->-PTEN,2,1,2.000000,2,9.694010e-01,
CDH1->-MGA CDH1->-PIK3CA MGA->-PIK3CA,3,3,2.000000,2,2.777778e-02,
PTEN->-INPPL1,2,1,2.000000,2,5.000000e-01,
KMT2B->-KMT2A,2,1,2.000000,2,2.500000e-01,
KMT2D->-FOXP1,2,1,2.000000,2,5.000000e-01,
EGFR-/-KMT2C,2,1,2.000000,2,2.000000e-01,
ARID1A->-ALK,2,1,2.000000,2,6.875000e-01,
PTPRS->-GATA3,2,1,2.000000,2,6.125000e-01,
FLT4-/-NOTCH4 TP53->-FLT4 TP53->-NOTCH4,3,3,2.000000,2,1.650794e-02,
AKT1->-SPEN,2,1,2.000000,2,3.571429e-01,
MAP3K1->-RUNX1,2,1,2.000000,2,7.708333e-01,
LATS1->-TP53,2,1,2.000000,2,7.875000e-01,
JAK1->-PDGFRB,2,1,2.000000,2,2.500000e-01,
TP53->-EED,2,1,2.000000,2,1.750000e-01,
MDC1->-APC NOTCH4->-APC NOTCH4->-MDC1,3,3,2.000000,2,2.777778e-02,
TP53->-PARK2,2,1,2.000000,2,6.428571e-02,
RB1->-HIST1H3G,2,1,2.000000,2,2.500000e-01,
ARID1A-/-DDR2 ARID1A->-FAT1 DDR2-/-FAT1,3,3,2.000000,2,2.398395e-03,
CDKN1B->-ESR1 CDKN1B->-PIK3CA ESR1->-PIK3CA,3,3,2.000000,2,2.777778e-02,
TP53->-EGFL7,2,1,2.000000,2,1.666667e-01,
PTPRT->-KMT2A,2,1,2.000000,2,1.547619e-01,
KMT2B->-PIK3CA,2,1,2.000000,2,5.000000e-01,
KMT2B->-PTPRS,2,1,2.000000,2,2.500000e-01,
PIK3R1->-MAP3K1,2,1,2.000000,2,6.741453e-01,
CDH1->-PIK3CA CDH1->-XPO1 PIK3CA->-XPO1,3,3,2.000000,2,2.777778e-02,
ARID1A->-XPO1,2,1,2.000000,2,2.500000e-01,
FANCA->-MED12,2,1,2.000000,2,2.321937e-01,
CDH1->-EPHA5 CDH1->-PTPRD PTPRD->-EPHA5,3,3,2.000000,2,2.777778e-02,
LATS1->-PIK3CA,2,1,2.000000,2,6.250000e-01,
ERBB3->-ARID2,2,1,2.000000,2,4.368132e-01,
