pattern,n_nodes,n_edges,s_exp,s_theta,pval_exp,pval_theta
CDH1->-PIK3CA,2,1,100.500000,100,1.844250e-12,
TP53->-PIK3CA,2,1,84.000000,83,1.052123e-02,
PIK3CA->-TP53,2,1,68.000000,67,6.347839e-01,
MAP3K1->-PIK3CA,2,1,48.000000,47,3.030669e-02,
PIK3CA->-GATA3,2,1,39.500000,38,3.106297e-01,
TP53->-PTEN,2,1,38.000000,38,1.051794e-05,
GATA3->-PIK3CA,2,1,35.500000,34,6.624181e-01,
PIK3CA->-KMT2C,2,1,33.500000,33,2.780015e-02,
PIK3CA->-MAP3K1,2,1,33.000000,32,9.312507e-01,
CBFB->-PIK3CA,2,1,32.500000,32,2.134973e-06,
TP53->-KMT2C,2,1,29.000000,29,1.886952e-05,
PIK3CA->-KMT2C TP53->-KMT2C TP53->-PIK3CA,3,3,4.500000,4,5.020006e-02,
PIK3CA->-KMT2C PIK3CA->-TP53 TP53->-KMT2C,3,3,3.000000,3,2.866308e-01,
PIK3CA->-CDH1,2,1,28.500000,28,1.000000e+00,
PIK3CA->-FOXA1,2,1,27.000000,27,3.567848e-03,
PIK3CA->-ESR1,2,1,27.000000,27,3.737935e-02,
TP53->-NF1,2,1,27.000000,27,2.295692e-03,
CDH1->-TP53,2,1,25.500000,25,9.587172e-02,
CDH1->-PIK3CA CDH1->-TP53 TP53->-PIK3CA,3,3,2.000000,2,6.149090e-01,
CDH1->-PIK3CA CDH1->-TP53 PIK3CA->-TP53,3,3,2.500000,2,3.651211e-01,
TP53->-MAP3K1,2,1,24.000000,24,4.763439e-05,
MAP3K1->-PIK3CA TP53->-MAP3K1 TP53->-PIK3CA,3,3,2.500000,2,1.498227e-01,
PIK3CA->-MAP3K1 PIK3CA->-TP53 TP53->-MAP3K1,3,3,2.000000,2,3.264566e-01,
TP53->-KMT2D,2,1,24.000000,24,8.241241e-07,
CDH1->-KMT2C,2,1,23.500000,23,1.030067e-04,
CDH1->-KMT2C CDH1->-PIK3CA PIK3CA->-KMT2C,3,3,7.000000,7,2.079354e-03,
CDH1->-KMT2C CDH1->-TP53 TP53->-KMT2C,3,3,2.000000,2,3.319096e-01,
TP53->-RB1,2,1,21.000000,21,4.344014e-03,
CBFB->-GATA3,2,1,21.000000,21,1.184444e-04,
CBFB->-GATA3 CBFB->-PIK3CA PIK3CA->-GATA3,3,3,5.000000,5,4.108986e-02,
CBFB->-GATA3 CBFB->-PIK3CA GATA3->-PIK3CA,3,3,5.500000,5,1.499546e-02,
KMT2C->-PIK3CA,2,1,20.000000,18,9.636624e-01,
KMT2C->-PIK3CA TP53->-KMT2C TP53->-PIK3CA,3,3,2.500000,1,3.786568e-01,
CDH1->-KMT2C CDH1->-PIK3CA KMT2C->-PIK3CA,3,3,4.500000,4,6.754340e-02,
PIK3CA->-ARID1A,2,1,19.500000,18,2.574970e-01,
CDH1->-FOXA1,2,1,19.000000,19,5.413102e-04,
CDH1->-FOXA1 CDH1->-PIK3CA PIK3CA->-FOXA1,3,3,8.000000,8,3.053590e-04,
CDH1->-MAP3K1,2,1,19.000000,19,6.062528e-04,
CDH1->-MAP3K1 CDH1->-PIK3CA MAP3K1->-PIK3CA,3,3,4.000000,4,2.104146e-01,
CDH1->-MAP3K1 CDH1->-PIK3CA PIK3CA->-MAP3K1,3,3,8.000000,8,9.490482e-04,
CDH1->-MAP3K1 CDH1->-TP53 TP53->-MAP3K1,3,3,3.000000,3,1.620370e-02,
PIK3CA->-SF3B1,2,1,19.000000,19,5.628336e-06,
PIK3CA->-FAT1,2,1,19.000000,19,7.571059e-04,
AKT1->-TP53,2,1,19.000000,19,1.145815e-05,
TP53->-CDH1,2,1,19.000000,19,7.522764e-01,
CDH1->-PIK3CA TP53->-CDH1 TP53->-PIK3CA,3,3,5.000000,5,3.732400e-02,
CDH1->-KMT2C TP53->-CDH1 TP53->-KMT2C,3,3,2.500000,2,1.225101e-01,
CDH1->-ERBB2,2,1,18.500000,18,6.624957e-02,
TP53->-FAT1,2,1,18.000000,18,3.258957e-05,
PIK3CA->-FAT1 TP53->-FAT1 TP53->-PIK3CA,3,3,4.000000,4,3.399581e-02,
PIK3CA->-FAT1 PIK3CA->-TP53 TP53->-FAT1,3,3,3.000000,3,1.417525e-01,
TP53->-NCOR1,2,1,18.000000,18,2.722783e-02,
PIK3CA->-RUNX1,2,1,18.000000,18,3.029727e-02,
CDH1->-TBX3,2,1,17.500000,17,2.929135e-02,
MAP2K4->-PIK3CA,2,1,17.500000,17,3.634246e-02,
ESR1->-PIK3CA,2,1,17.000000,17,8.968691e-01,
TP53->-ARID1A,2,1,17.000000,16,8.492327e-04,
PIK3CA->-ARID1A PIK3CA->-TP53 TP53->-ARID1A,3,3,2.500000,2,1.034295e-01,
TBX3->-PIK3CA,2,1,17.000000,17,2.412524e-01,
CDH1->-PIK3CA CDH1->-TBX3 TBX3->-PIK3CA,3,3,5.000000,5,4.385512e-02,
TP53->-GATA3,2,1,17.000000,17,1.595349e-02,
PIK3CA->-GATA3 TP53->-GATA3 TP53->-PIK3CA,3,3,2.500000,2,1.248394e-01,
PIK3CA->-GATA3 PIK3CA->-TP53 TP53->-GATA3,3,3,3.000000,3,8.137618e-02,
PIK3CA->-NCOR1,2,1,17.000000,16,4.167714e-01,
NCOR1->-PIK3CA,2,1,16.000000,16,5.546902e-01,
NCOR1->-PIK3CA TP53->-NCOR1 TP53->-PIK3CA,3,3,3.000000,3,1.209379e-01,
CDH1->-ARID1A,2,1,15.500000,15,1.106999e-02,
CDH1->-ARID1A CDH1->-PIK3CA PIK3CA->-ARID1A,3,3,4.500000,4,7.743776e-02,
CDH1->-ARID1A PIK3CA->-ARID1A PIK3CA->-CDH1,3,3,2.000000,2,6.664148e-01,
CDH1->-RUNX1,2,1,15.000000,15,5.490075e-02,
CDH1->-PIK3CA CDH1->-RUNX1 PIK3CA->-RUNX1,3,3,4.000000,4,7.220383e-02,
CDH1->-RUNX1 PIK3CA->-CDH1 PIK3CA->-RUNX1,3,3,2.000000,2,5.184559e-01,
TP53->-ARID2,2,1,15.000000,15,1.610643e-06,
TP53->-PIK3R1,2,1,15.000000,15,3.901116e-03,
CDH1->-NCOR1,2,1,15.000000,15,1.626481e-02,
CDH1->-NCOR1 TP53->-CDH1 TP53->-NCOR1,3,3,2.000000,2,3.585782e-01,
CDH1->-NCOR1 CDH1->-PIK3CA PIK3CA->-NCOR1,3,3,2.500000,2,2.080605e-01,
CDH1->-NCOR1 CDH1->-PIK3CA NCOR1->-PIK3CA,3,3,4.000000,4,5.471391e-02,
ARID1A->-PIK3CA,2,1,14.500000,14,8.483629e-01,
ARID1A->-PIK3CA CDH1->-ARID1A CDH1->-PIK3CA,3,3,5.500000,5,2.212586e-02,
TP53->-ATR,2,1,14.500000,14,2.384490e-04,
PIK3CA->-TBX3,2,1,14.500000,14,5.716750e-01,
CDH1->-PIK3CA CDH1->-TBX3 PIK3CA->-TBX3,3,3,3.000000,3,3.437256e-01,
TP53->-PTPRD,2,1,14.500000,14,3.081454e-06,
PIK3CA->-KMT2D,2,1,14.000000,14,1.990445e-02,
PIK3CA->-KMT2D TP53->-KMT2D TP53->-PIK3CA,3,3,3.000000,3,1.918126e-01,
PIK3CA->-KMT2D PIK3CA->-TP53 TP53->-KMT2D,3,3,5.000000,5,1.148432e-02,
TP53->-RUNX1,2,1,13.500000,13,2.389603e-02,
PIK3CA->-RUNX1 PIK3CA->-TP53 TP53->-RUNX1,3,3,2.000000,2,1.956019e-01,
CDH1->-RUNX1 CDH1->-TP53 TP53->-RUNX1,3,3,2.000000,2,7.407407e-02,
TP53->-BRCA2,2,1,13.500000,13,2.259598e-04,
TP53->-NSD1,2,1,13.000000,12,4.627323e-05,
TP53->-CREBBP,2,1,13.000000,13,7.543781e-04,
PIK3CA->-ATR,2,1,13.000000,13,4.707402e-03,
PIK3CA->-ATR PIK3CA->-TP53 TP53->-ATR,3,3,2.500000,2,5.632283e-02,
CDH1->-ESR1,2,1,13.000000,13,5.931330e-02,
CDH1->-ESR1 CDH1->-PIK3CA PIK3CA->-ESR1,3,3,4.000000,4,5.486968e-03,
TP53->-KMT2A,2,1,13.000000,13,4.616472e-05,
PIK3CA->-PTEN,2,1,13.000000,13,3.906552e-01,
PIK3CA->-PTEN TP53->-PIK3CA TP53->-PTEN,3,3,2.000000,2,4.126870e-01,
PIK3CA->-PTEN PIK3CA->-TP53 TP53->-PTEN,3,3,6.000000,6,6.455951e-04,
TP53->-STAG2,2,1,12.500000,12,3.256457e-03,
MEN1->-GATA3,2,1,12.000000,12,2.441406e-04,
TP53->-FOXA1,2,1,12.000000,12,1.031951e-02,
PIK3CA->-FOXA1 TP53->-FOXA1 TP53->-PIK3CA,3,3,3.000000,3,1.114040e-01,
PIK3CA->-FOXA1 PIK3CA->-TP53 TP53->-FOXA1,3,3,2.000000,2,3.562517e-01,
CDH1->-FOXA1 CDH1->-TP53 TP53->-FOXA1,3,3,2.000000,2,1.805646e-01,
CDH1->-FOXA1 TP53->-CDH1 TP53->-FOXA1,3,3,2.000000,2,1.805646e-01,
PIK3CA->-SPEN,2,1,12.000000,12,3.699465e-02,
TP53->-TBX3,2,1,12.000000,12,4.107955e-02,
NF1->-TP53,2,1,12.000000,12,9.828263e-01,
NF1->-PIK3CA,2,1,12.000000,12,2.653522e-01,
NF1->-PIK3CA TP53->-NF1 TP53->-PIK3CA,3,3,3.000000,3,2.464586e-01,
NF1->-PIK3CA NF1->-TP53 TP53->-PIK3CA,3,3,4.000000,4,8.210333e-02,
TP53->-FLT4,2,1,12.000000,12,1.907902e-05,
TP53->-APC,2,1,12.000000,12,1.746290e-04,
PTEN->-TP53,2,1,11.500000,11,9.998224e-01,
TP53->-ESR1,2,1,11.500000,11,1.223402e-03,
PIK3CA->-ESR1 TP53->-ESR1 TP53->-PIK3CA,3,3,2.000000,2,1.068102e-01,
MAP3K1->-GATA3,2,1,11.500000,11,4.239068e-01,
GATA3->-PIK3CA MAP3K1->-GATA3 MAP3K1->-PIK3CA,3,3,5.000000,4,7.906714e-02,
MAP3K1->-GATA3 PIK3CA->-GATA3 PIK3CA->-MAP3K1,3,3,2.000000,2,7.193249e-01,
CDH1->-CBFB,2,1,11.500000,11,1.496262e-01,
CBFB->-PIK3CA CDH1->-CBFB CDH1->-PIK3CA,3,3,5.000000,5,6.345300e-03,
PTEN->-PIK3CA,2,1,11.500000,11,6.221504e-01,
TP53->-ALK,2,1,11.500000,11,5.632716e-05,
FOXA1->-PIK3CA,2,1,11.500000,11,9.915085e-01,
CDH1->-FOXA1 CDH1->-PIK3CA FOXA1->-PIK3CA,3,3,3.000000,3,3.615523e-01,
PIK3CA->-PTPRT,2,1,11.500000,11,5.829385e-03,
PIK3CA->-RB1,2,1,11.000000,11,2.091841e-01,
PIK3CA->-RB1 TP53->-PIK3CA TP53->-RB1,3,3,2.000000,2,3.885455e-01,
PIK3CA->-RB1 PIK3CA->-TP53 TP53->-RB1,3,3,4.000000,4,2.930994e-02,
TP53->-CDKN2A,2,1,11.000000,11,1.126682e-02,
TP53->-PTPRS,2,1,11.000000,11,1.927915e-05,
TP53->-ERBB3,2,1,11.000000,11,3.443261e-05,
TP53->-ATM,2,1,11.000000,11,7.697482e-04,
TP53->-NOTCH4,2,1,11.000000,11,7.504473e-06,
PIK3CA->-NOTCH4,2,1,11.000000,11,5.430691e-03,
PIK3CA->-NOTCH4 PIK3CA->-TP53 TP53->-NOTCH4,3,3,4.000000,4,1.343612e-03,
PIK3CA->-ATM,2,1,11.000000,11,2.058441e-01,
PIK3CA->-ATM PIK3CA->-TP53 TP53->-ATM,3,3,3.000000,3,5.666971e-02,
TP53->-FBXW7,2,1,11.000000,11,2.311061e-03,
PIK3CA->-RICTOR,2,1,10.500000,10,1.633453e-03,
TP53->-EP300,2,1,10.500000,10,3.820330e-03,
GATA3->-ARID1A,2,1,10.500000,10,3.458749e-01,
GATA3->-ARID1A PIK3CA->-ARID1A PIK3CA->-GATA3,3,3,2.000000,2,2.724807e-01,
GATA3->-ARID1A GATA3->-PIK3CA PIK3CA->-ARID1A,3,3,2.500000,2,1.097714e-01,
GATA3->-MAP3K1,2,1,10.500000,10,5.907563e-01,
GATA3->-MAP3K1 GATA3->-PIK3CA MAP3K1->-PIK3CA,3,3,3.000000,3,4.413672e-01,
GATA3->-MAP3K1 GATA3->-PIK3CA PIK3CA->-MAP3K1,3,3,4.000000,4,2.112031e-01,
TP53->-SETD2,2,1,10.500000,10,5.146671e-05,
PIK3CA->-NF1,2,1,10.000000,10,5.939839e-01,
PIK3CA->-NF1 TP53->-NF1 TP53->-PIK3CA,3,3,3.000000,3,2.464586e-01,
PIK3CA->-NF1 PIK3CA->-TP53 TP53->-NF1,3,3,2.000000,2,5.380696e-01,
CDH1->-PTEN,2,1,10.000000,10,2.533900e-01,
TP53->-ATRX,2,1,10.000000,10,6.097147e-04,
TP53->-CARD11,2,1,10.000000,10,4.009187e-03,
TP53->-NOTCH2,2,1,10.000000,10,3.590064e-04,
TP53->-MAP2K4,2,1,10.000000,10,1.813112e-01,
ESR1->-GATA3,2,1,10.000000,10,2.924250e-01,
ESR1->-GATA3 PIK3CA->-ESR1 PIK3CA->-GATA3,3,3,3.000000,3,1.202494e-01,
CDH1->-GATA3,2,1,10.000000,10,7.850796e-03,
CDH1->-GATA3 CDH1->-PIK3CA PIK3CA->-GATA3,3,3,3.000000,3,8.600911e-02,
CDH1->-GATA3 PIK3CA->-CDH1 PIK3CA->-GATA3,3,3,2.000000,2,3.077823e-01,
CDH1->-ESR1 CDH1->-GATA3 ESR1->-GATA3,3,3,3.000000,3,4.629630e-03,
CDH1->-ESR1 CDH1->-GATA3 CDH1->-PIK3CA ESR1->-GATA3 PIK3CA->-ESR1 PIK3CA->-GATA3,4,6,2.000000,2,1.736111e-03,
PIK3CA->-FLT4,2,1,10.000000,10,9.918351e-03,
PIK3CA->-FLT4 TP53->-FLT4 TP53->-PIK3CA,3,3,2.000000,2,9.773017e-02,
PIK3CA->-FLT4 PIK3CA->-TP53 TP53->-FLT4,3,3,2.000000,2,9.773017e-02,
ERBB2->-CDH1,2,1,10.000000,10,9.547729e-01,
TP53->-ARID1B,2,1,10.000000,10,2.769309e-02,
TP53->-EPHA5,2,1,10.000000,10,6.547332e-03,
TP53->-PTPRT,2,1,10.000000,10,2.154576e-03,
PIK3CA->-PTPRT TP53->-PIK3CA TP53->-PTPRT,3,3,3.000000,3,7.958182e-02,
PIK3CA->-PTPRT PIK3CA->-TP53 TP53->-PTPRT,3,3,4.000000,4,1.393893e-02,
TP53->-BARD1,2,1,10.000000,10,4.262773e-05,
PIK3CA->-KMT2A,2,1,10.000000,10,6.169525e-02,
PIK3CA->-KMT2A TP53->-KMT2A TP53->-PIK3CA,3,3,3.000000,3,1.970899e-02,
KMT2C->-MAP3K1,2,1,9.500000,9,3.888676e-01,
KMT2C->-MAP3K1 PIK3CA->-KMT2C PIK3CA->-MAP3K1,3,3,4.000000,4,1.388237e-01,
KMT2C->-MAP3K1 KMT2C->-PIK3CA MAP3K1->-PIK3CA,3,3,2.500000,2,4.278844e-01,
PIK3CA->-MAP2K4,2,1,9.500000,9,9.094993e-01,
TP53->-MED12,2,1,9.500000,9,1.625230e-02,
ERBB2->-PIK3CA,2,1,9.500000,9,3.502938e-01,
CDH1->-ERBB2 CDH1->-PIK3CA ERBB2->-PIK3CA,3,3,4.500000,4,2.084057e-02,
TP53->-ARID5B,2,1,9.500000,9,2.376001e-04,
TP53->-SPEN,2,1,9.500000,9,1.948158e-02,
PIK3CA->-SPEN PIK3CA->-TP53 TP53->-SPEN,3,3,3.000000,3,1.016603e-02,
KMT2C->-GATA3,2,1,9.000000,9,2.411594e-01,
TP53->-EPHB1,2,1,9.000000,9,1.627208e-03,
MAP3K1->-KMT2C,2,1,9.000000,9,4.943900e-01,
MAP3K1->-KMT2C MAP3K1->-PIK3CA PIK3CA->-KMT2C,3,3,3.000000,3,3.412635e-01,
MAP3K1->-KMT2C PIK3CA->-KMT2C PIK3CA->-MAP3K1,3,3,2.000000,2,6.341411e-01,
MAP3K1->-KMT2C TP53->-KMT2C TP53->-MAP3K1,3,3,2.000000,2,5.872865e-02,
KMT2C->-PIK3CA MAP3K1->-KMT2C MAP3K1->-PIK3CA,3,3,2.000000,2,6.341411e-01,
ARID1A->-GATA3,2,1,9.000000,9,6.353629e-01,
ARID1A->-GATA3 ARID1A->-PIK3CA PIK3CA->-GATA3,3,3,2.000000,2,2.724807e-01,
AKT1->-CDH1,2,1,9.000000,9,3.882851e-01,
AKT1->-CDH1 AKT1->-TP53 CDH1->-TP53,3,3,2.500000,2,2.504501e-02,
CDH1->-MAP2K4,2,1,9.000000,9,3.262696e-02,
CDH1->-MAP2K4 CDH1->-PIK3CA MAP2K4->-PIK3CA,3,3,2.000000,2,2.146503e-01,
CDH1->-MAP2K4 CDH1->-TP53 TP53->-MAP2K4,3,3,2.000000,2,5.129804e-02,
CDH1->-CDK12 CDH1->-TP53 TP53->-CDK12,3,3,2.000000,2,1.015188e-02,
CDH1->-MAP2K4 PIK3CA->-CDH1 PIK3CA->-MAP2K4,3,3,2.000000,2,2.146503e-01,
TP53->-RICTOR,2,1,9.000000,9,4.148317e-05,
BRCA1-/-RICTOR PIK3CA->-BRCA1 PIK3CA->-RICTOR PIK3CA->-TP53 TP53->-BRCA1 TP53->-RICTOR,4,6,2.000000,2,6.298816e-06,
PTEN->-NF1,2,1,9.000000,9,1.981093e-02,
PTEN->-NF1 TP53->-NF1 TP53->-PTEN,3,3,5.000000,5,6.016732e-03,
PTEN->-NF1 PTEN->-TP53 TP53->-NF1,3,3,3.000000,3,1.475329e-01,
PIK3CA->-CREBBP,2,1,9.000000,9,1.744604e-01,
PIK3CA->-CREBBP TP53->-CREBBP TP53->-PIK3CA,3,3,2.000000,2,1.308189e-01,
AKT1->-GATA3,2,1,9.000000,9,8.019115e-03,
TP53->-ZFHX3,2,1,9.000000,9,2.350966e-02,
PIK3CA->-PTPRD,2,1,9.000000,9,2.404139e-04,
PIK3CA->-PTPRD TP53->-PIK3CA TP53->-PTPRD,3,3,2.000000,2,2.948004e-02,
TP53->-ERCC5,2,1,9.000000,9,4.976497e-04,
PIK3CA->-CDKN1B,2,1,9.000000,8,3.786184e-01,
TP53->-SF3B1,2,1,9.000000,9,7.275132e-04,
PIK3CA->-SF3B1 TP53->-PIK3CA TP53->-SF3B1,3,3,2.000000,2,2.496244e-01,
PIK3CA->-SF3B1 PIK3CA->-TP53 TP53->-SF3B1,3,3,4.000000,4,7.622150e-03,
PIK3CA->-POLE,2,1,9.000000,9,2.197831e-03,
TP53->-POLE,2,1,9.000000,9,2.422879e-04,
PIK3CA->-POLE PIK3CA->-TP53 TP53->-POLE,3,3,5.000000,5,1.568407e-04,
TP53->-TET2,2,1,9.000000,9,3.968254e-04,
PIK3CA->-ARID2,2,1,8.500000,8,4.818036e-02,
PIK3CA->-ARID2 PIK3CA->-TP53 TP53->-ARID2,3,3,4.000000,4,3.007248e-03,
TP53->-ROS1,2,1,8.500000,8,3.015071e-02,
PTEN->-KMT2C,2,1,8.500000,8,4.599371e-03,
PTEN->-KMT2C TP53->-KMT2C TP53->-PTEN,3,3,2.500000,2,1.041667e-02,
MEN1->-PIK3CA,2,1,8.500000,8,4.570378e-02,
TBX3->-CDH1,2,1,8.500000,8,9.539943e-01,
CDH1->-PIK3CA TBX3->-CDH1 TBX3->-PIK3CA,3,3,4.000000,4,1.405182e-01,
PIK3CA->-MED12,2,1,8.500000,8,4.997967e-02,
PIK3CA->-MED12 PIK3CA->-TP53 TP53->-MED12,3,3,2.000000,2,1.221788e-01,
TP53->-BRCA1,2,1,8.500000,8,2.597666e-03,
ATM->-PIK3CA,2,1,8.000000,8,7.120249e-01,
FOXA1->-MAP3K1,2,1,8.000000,8,1.193872e-01,
FOXA1->-MAP3K1 PIK3CA->-FOXA1 PIK3CA->-MAP3K1,3,3,3.000000,3,1.361007e-01,
CDH1->-FOXA1 CDH1->-MAP3K1 CDH1->-PIK3CA FOXA1->-MAP3K1 PIK3CA->-FOXA1 PIK3CA->-MAP3K1,4,6,2.000000,2,5.063657e-03,
FOXA1->-MAP3K1 TP53->-FOXA1 TP53->-MAP3K1,3,3,4.000000,4,1.450935e-03,
FOXA1->-MAP3K1 FOXA1->-PIK3CA PIK3CA->-MAP3K1,3,3,2.000000,2,3.949463e-01,
PIK3CA->-ZFHX3,2,1,8.000000,8,3.010719e-01,
TP53->-TSC2,2,1,8.000000,8,2.119976e-02,
CDH1->-AKT1,2,1,8.000000,8,5.820975e-01,
TP53->-ANKRD11,2,1,8.000000,8,4.609843e-03,
CDH1->-BRCA2,2,1,8.000000,8,9.566395e-02,
CDH1->-BRCA2 TP53->-BRCA2 TP53->-CDH1,3,3,2.000000,2,5.015432e-02,
PTEN->-CDH1,2,1,8.000000,8,6.166390e-01,
CDH1->-TP53 PTEN->-CDH1 PTEN->-TP53,3,3,2.000000,2,6.278428e-02,
PIK3CA->-PTPRS,2,1,8.000000,8,8.226698e-02,
PIK3CA->-PTPRS PIK3CA->-TP53 TP53->-PTPRS,3,3,3.000000,3,6.686190e-03,
PIK3CA->-DICER1,2,1,8.000000,8,3.778655e-03,
PIK3CA->-PTCH1,2,1,8.000000,8,1.065732e-02,
NCOR1->-TP53,2,1,8.000000,8,9.786612e-01,
NCOR1->-TP53 PIK3CA->-NCOR1 PIK3CA->-TP53,3,3,2.000000,2,3.693774e-01,
CDH1->-NCOR1 CDH1->-TP53 NCOR1->-TP53,3,3,2.000000,2,3.585782e-01,
PTEN->-MAP3K1,2,1,8.000000,8,6.284846e-02,
PTEN->-MAP3K1 TP53->-MAP3K1 TP53->-PTEN,3,3,2.000000,2,1.302910e-01,
MAP3K1->-PIK3CA PTEN->-MAP3K1 PTEN->-PIK3CA,3,3,2.000000,2,2.659054e-02,
CDH1->-MAP3K1 CDH1->-NF1 NF1->-MAP3K1 PTEN->-CDH1 PTEN->-MAP3K1 PTEN->-NF1,4,6,2.000000,2,1.251385e-03,
RUNX1->-PIK3CA,2,1,8.000000,8,9.811677e-01,
CDH1->-CREBBP,2,1,8.000000,8,4.185205e-02,
CDH1->-CREBBP CDH1->-PIK3CA PIK3CA->-CREBBP,3,3,4.000000,4,1.334656e-02,
RB1->-TP53,2,1,8.000000,8,9.905671e-01,
KMT2C->-TP53,2,1,8.000000,8,9.991658e-01,
TP53->-BAP1,2,1,8.000000,8,7.392914e-03,
RUNX1->-CDH1,2,1,8.000000,8,9.171101e-01,
CDH1->-PIK3CA RUNX1->-CDH1 RUNX1->-PIK3CA,3,3,2.000000,2,5.184559e-01,
PIK3CA->-CDH1 RUNX1->-CDH1 RUNX1->-PIK3CA,3,3,2.000000,2,5.184559e-01,
CBFB->-MAP3K1,2,1,8.000000,8,3.934152e-02,
CBFB->-MAP3K1 CBFB->-PIK3CA MAP3K1->-PIK3CA,3,3,6.000000,6,2.095345e-04,
CBFB->-GATA3 CBFB->-MAP3K1 MAP3K1->-GATA3,3,3,2.000000,2,1.102431e-01,
CDH1->-NF1,2,1,8.000000,8,2.210955e-01,
CDH1->-NF1 CDH1->-PIK3CA PIK3CA->-NF1,3,3,3.000000,3,1.216181e-01,
CDH1->-APC,2,1,8.000000,8,2.742790e-03,
PIK3CA->-ERBB2,2,1,7.500000,7,7.158323e-01,
CDH1->-ERBB2 CDH1->-PIK3CA PIK3CA->-ERBB2,3,3,4.000000,4,5.936360e-02,
PIK3CA->-MGA,2,1,7.500000,7,3.530919e-01,
CDH1->-PTPRD,2,1,7.500000,7,1.051702e-02,
CDH1->-PTPRD CDH1->-TP53 TP53->-PTPRD,3,3,2.500000,2,3.859144e-02,
CDH1->-PTPRD TP53->-CDH1 TP53->-PTPRD,3,3,2.000000,2,1.674336e-01,
CDH1->-PIK3CA CDH1->-PTPRD PIK3CA->-PTPRD,3,3,2.000000,2,1.200029e-01,
CDH1->-PTPRD PIK3CA->-CDH1 PIK3CA->-PTPRD,3,3,2.000000,2,1.200029e-01,
PIK3CA->-CARD11,2,1,7.000000,7,3.814077e-03,
PIK3CA->-CARD11 TP53->-CARD11 TP53->-PIK3CA,3,3,2.000000,2,1.047127e-01,
APC->-ARID2 APC->-MGA MGA->-ARID2 PIK3CA->-APC PIK3CA->-ARID2 PIK3CA->-MGA PIK3CA->-TP53 TP53->-APC TP53->-ARID2 TP53->-MGA,5,10,2.000000,2,1.605739e-04,
APC->-KMT2D APC->-MGA MGA->-KMT2D PIK3CA->-APC PIK3CA->-KMT2D PIK3CA->-MGA PIK3CA->-TP53 TP53->-APC TP53->-KMT2D TP53->-MGA,5,10,2.000000,2,1.596240e-04,
APC->-ATR APC->-MGA MGA->-ATR PIK3CA->-APC PIK3CA->-ATR PIK3CA->-MGA PIK3CA->-TP53 TP53->-APC TP53->-ATR TP53->-MGA,5,10,2.000000,2,1.583842e-04,
APC->-CARD11 APC->-MGA MGA->-CARD11 PIK3CA->-APC PIK3CA->-CARD11 PIK3CA->-MGA PIK3CA->-TP53 TP53->-APC TP53->-CARD11 TP53->-MGA,5,10,2.000000,2,1.390261e-04,
TP53->-DNMT1,2,1,7.000000,7,9.043040e-04,
CDH1->-KMT2D,2,1,7.000000,7,1.757063e-02,
CDH1->-KMT2D CDH1->-PIK3CA PIK3CA->-KMT2D,3,3,2.000000,2,2.323693e-01,
CDH1->-KMT2D PIK3CA->-CDH1 PIK3CA->-KMT2D,3,3,2.000000,2,2.323693e-01,
CDH1->-EPHB1,2,1,7.000000,7,4.116193e-03,
CDH1->-EPHB1 CDH1->-TP53 TP53->-EPHB1,3,3,3.000000,3,3.208929e-03,
PIK3CA->-BRCA2,2,1,7.000000,7,1.402035e-01,
CDH1->-BRCA2 CDH1->-PIK3CA CDH1->-TBX3 PIK3CA->-BRCA2 TBX3->-BRCA2 TBX3->-PIK3CA,4,6,2.000000,2,7.804695e-04,
PIK3CA->-DNMT3A,2,1,7.000000,7,2.260037e-02,
CDH1->-PTPRS,2,1,7.000000,7,3.877507e-03,
CDH1->-PTPRS CDH1->-TP53 TP53->-PTPRS,3,3,2.000000,2,2.100390e-02,
TP53->-MDC1,2,1,7.000000,7,2.998873e-02,
MAP3K1->-ERBB3,2,1,7.000000,7,3.400679e-03,
PIK3CA->-ROS1,2,1,7.000000,7,6.770684e-02,
GATA3->-SPEN,2,1,7.000000,7,2.153638e-01,
MAP3K1->-ARID1A,2,1,7.000000,7,1.197344e-01,
MAP3K1->-ARID1A MAP3K1->-PIK3CA PIK3CA->-ARID1A,3,3,3.500000,3,2.544689e-02,
GATA3->-ARID1A MAP3K1->-ARID1A MAP3K1->-GATA3,3,3,3.000000,3,4.629630e-03,
GATA3->-ARID1A GATA3->-PIK3CA MAP3K1->-ARID1A MAP3K1->-GATA3 MAP3K1->-PIK3CA PIK3CA->-ARID1A,4,6,2.000000,2,5.063657e-03,
TP53->-DDR2,2,1,7.000000,7,8.737420e-03,
CDH1->-ERBB3,2,1,7.000000,7,4.177912e-02,
CDH1->-SPEN,2,1,7.000000,7,1.538585e-01,
CDH1->-PIK3CA CDH1->-SPEN PIK3CA->-SPEN,3,3,2.000000,2,7.357085e-02,
NCOR1->-GATA3,2,1,7.000000,7,1.393202e-02,
TP53->-PIK3C2G,2,1,7.000000,7,5.187747e-04,
TP53->-KDM6A,2,1,7.000000,7,4.139291e-02,
TP53->-SOX17,2,1,7.000000,7,7.845875e-03,
TP53->-GRIN2A,2,1,7.000000,7,2.170139e-03,
CBFB->-CDH1,2,1,7.000000,7,8.727743e-01,
CBFB->-CDH1 CBFB->-PIK3CA CDH1->-PIK3CA,3,3,2.000000,2,4.201304e-01,
CTCF->-PIK3CA,2,1,7.000000,7,1.674682e-01,
PIK3CA->-MDC1,2,1,7.000000,7,9.708167e-02,
PIK3CA->-MDC1 PIK3CA->-TP53 TP53->-MDC1,3,3,3.000000,3,2.978736e-02,
TP53->-INSR,2,1,7.000000,7,7.203490e-03,
CDH1->-KMT2A,2,1,7.000000,7,3.459955e-02,
TP53->-BCOR,2,1,7.000000,7,1.827356e-03,
RB1->-PIK3CA,2,1,7.000000,7,8.608668e-01,
TP53->-NOTCH1,2,1,7.000000,7,1.475269e-02,
PIK3CA->-KDR,2,1,7.000000,7,1.227313e-02,
TP53->-PALB2,2,1,7.000000,7,5.029108e-03,
TP53->-PDGFRA,2,1,7.000000,7,7.423128e-03,
MAP2K4->-GATA3,2,1,7.000000,7,4.382459e-02,
MAP2K4->-GATA3 MAP2K4->-PIK3CA PIK3CA->-GATA3,3,3,2.000000,2,3.546214e-02,
PIK3CA->-BCOR,2,1,7.000000,7,1.130832e-01,
PIK3CA->-BCOR PIK3CA->-PTEN PIK3CA->-TP53 PTEN->-BCOR TP53->-BCOR TP53->-PTEN,4,6,2.000000,2,1.610874e-03,
ESR1->-ARID1A,2,1,6.500000,6,1.233606e-01,
ESR1->-ARID1A PIK3CA->-ARID1A PIK3CA->-ESR1,3,3,3.000000,3,1.057171e-02,
GATA3->-TP53,2,1,6.500000,6,9.850692e-01,
PIK3CA->-NSD1,2,1,6.500000,6,7.571785e-02,
PIK3CA->-ANKRD11,2,1,6.500000,6,9.023648e-02,
PIK3CA->-ANKRD11 TP53->-ANKRD11 TP53->-PIK3CA,3,3,3.000000,3,7.834282e-03,
TP53->-MTOR,2,1,6.500000,6,2.155563e-02,
PIK3CA->-RAD50,2,1,6.500000,6,4.697481e-02,
TP53->-PIK3CG,2,1,6.500000,6,1.087289e-02,
CDH1->-FAT1,2,1,6.500000,6,2.764081e-02,
CDH1->-FAT1 CDH1->-PIK3CA PIK3CA->-FAT1,3,3,2.000000,2,8.379062e-02,
PIK3CA->-PIK3C2G,2,1,6.500000,6,1.127339e-02,
PIK3CA->-PIK3C2G PIK3CA->-TP53 TP53->-PIK3C2G,3,3,2.000000,2,8.424900e-02,
PTEN->-PIK3R1,2,1,6.500000,6,2.273378e-02,
PTEN->-PIK3R1 TP53->-PIK3R1 TP53->-PTEN,3,3,4.000000,4,3.265767e-04,
GATA3->-ESR1,2,1,6.500000,6,8.552605e-01,
MAP3K1->-TBX3,2,1,6.500000,6,1.191840e-01,
MAP3K1->-PIK3CA MAP3K1->-TBX3 PIK3CA->-TBX3,3,3,2.500000,2,4.917297e-02,
TP53->-MGA,2,1,6.500000,6,1.580599e-02,
PIK3CA->-MGA TP53->-MGA TP53->-PIK3CA,3,3,3.500000,3,4.053438e-03,
CDH1->-SETD2,2,1,6.500000,6,6.805556e-03,
BRCA1->-SETD2 CDH1->-BRCA1 CDH1->-SETD2 TP53->-BRCA1 TP53->-CDH1 TP53->-SETD2,4,6,2.000000,2,1.636905e-03,
PIK3CA->-EPHA5,2,1,6.500000,6,1.808128e-02,
PIK3CA->-EPHA5 TP53->-EPHA5 TP53->-PIK3CA,3,3,2.500000,2,1.687076e-02,
CDKN1B->-PIK3CA,2,1,6.500000,6,8.059119e-01,
NOTCH1->-PIK3CA,2,1,6.000000,6,3.879778e-01,
PIK3CA->-IGF1R,2,1,6.000000,6,1.472207e-02,
TP53->-DOT1L,2,1,6.000000,6,1.601328e-02,
TP53->-PIK3CB,2,1,6.000000,6,3.401361e-03,
PIK3CA->-EPHB1,2,1,6.000000,6,4.304430e-02,
PIK3CA->-EPHB1 TP53->-EPHB1 TP53->-PIK3CA,3,3,2.000000,2,1.249823e-01,
PIK3CA->-EPHB1 PIK3CA->-TP53 TP53->-EPHB1,3,3,2.000000,2,1.249823e-01,
ATRX->-EPHB1 PIK3CA->-ATRX PIK3CA->-EPHB1,3,3,2.000000,2,2.449916e-02,
HNF1A->-EPHB1,2,1,2.000000,2,2.398405e-01,
CDH1->-EPHB1 CDH1->-PIK3CA PIK3CA->-EPHB1,3,3,3.000000,3,7.806131e-03,
ARID1A->-KMT2C,2,1,6.000000,6,5.484963e-01,
ARID1A->-KMT2C ARID1A->-NCOR1 KMT2C->-NCOR1 PIK3CA->-ARID1A PIK3CA->-KMT2C PIK3CA->-NCOR1,4,6,2.000000,2,4.991319e-03,
ARID1A->-KMT2C CDH1->-ARID1A CDH1->-KMT2C,3,3,2.000000,2,5.420128e-02,
CDH1->-FOXA1 CDH1->-KMT2C FOXA1->-KMT2C,3,3,2.000000,2,7.357085e-02,
ARID1A->-KMT2C ARID1A->-PIK3CA PIK3CA->-KMT2C,3,3,2.000000,2,3.672486e-01,
STK11->-PIK3CA,2,1,6.000000,6,1.984682e-01,
CDH1->-RICTOR,2,1,6.000000,6,1.264368e-02,
CDH1->-PIK3CA CDH1->-RICTOR PIK3CA->-RICTOR,3,3,3.000000,3,1.178824e-02,
AKT1->-MAP3K1,2,1,6.000000,6,2.460069e-02,
ZFHX3->-PIK3CA,2,1,6.000000,6,7.109069e-01,
PIK3CA->-MTOR,2,1,6.000000,6,5.140349e-02,
PIK3CA->-MTOR PIK3CA->-TP53 TP53->-MTOR,3,3,2.500000,2,2.395125e-03,
MAP3K1->-TP53,2,1,6.000000,6,9.986634e-01,
PIK3CA->-NUP93,2,1,6.000000,6,3.729911e-02,
PIK3CA->-ERBB3,2,1,6.000000,6,3.174949e-01,
PIK3CA->-ERBB3 TP53->-ERBB3 TP53->-PIK3CA,3,3,2.000000,2,6.376017e-02,
MAP3K1->-ERBB3 MAP3K1->-PIK3CA PIK3CA->-ERBB3,3,3,2.000000,2,1.687438e-01,
ATM->-GATA3,2,1,6.000000,6,7.636932e-02,
ATM->-GATA3 ATM->-PIK3CA GATA3->-PIK3CA,3,3,2.000000,2,2.003086e-02,
ATM->-SPEN,2,1,2.000000,2,7.853003e-01,
KMT2C->-ARID1A,2,1,6.000000,6,5.484963e-01,
KMT2C->-ARID1A PIK3CA->-ARID1A PIK3CA->-KMT2C,3,3,2.000000,2,3.672486e-01,
KMT2C->-ARID1A KMT2C->-PIK3CA PIK3CA->-ARID1A,3,3,2.000000,2,3.672486e-01,
GATA3->-ARID1A KMT2C->-ARID1A KMT2C->-GATA3,3,3,2.000000,2,2.777778e-02,
GATA3->-KMT2C,2,1,6.000000,6,8.051333e-01,
TP53->-HNF1A,2,1,6.000000,6,6.673409e-02,
TP53->-JAK3,2,1,6.000000,6,1.876095e-02,
TP53->-KDM5A,2,1,6.000000,6,6.578947e-03,
CDH1->-ATRX,2,1,6.000000,6,3.427506e-02,
TP53->-STK11,2,1,6.000000,6,3.379332e-02,
TP53->-RECQL4,2,1,6.000000,6,3.268936e-02,
PIK3CA->-AR,2,1,6.000000,6,1.955375e-01,
TP53->-TP63,2,1,6.000000,6,7.093254e-03,
MGA->-PIK3CA,2,1,6.000000,5,6.818783e-01,
KMT2C->-NCOR1,2,1,6.000000,6,1.186900e-01,
KMT2C->-NCOR1 PIK3CA->-KMT2C PIK3CA->-NCOR1,3,3,4.000000,4,3.285465e-03,
CDH1->-KMT2C CDH1->-NCOR1 KMT2C->-NCOR1,3,3,3.000000,3,3.505740e-02,
PIK3CA->-STAG2,2,1,6.000000,6,5.401730e-01,
PIK3CA->-STAG2 TP53->-PIK3CA TP53->-STAG2,3,3,2.000000,2,7.009019e-02,
CDH1->-PIK3CA CDH1->-STAG2 PIK3CA->-STAG2,3,3,2.000000,2,1.200029e-01,
PIK3CA->-NOTCH1,2,1,6.000000,6,3.879778e-01,
PIK3CA->-NOTCH1 TP53->-NOTCH1 TP53->-PIK3CA,3,3,2.000000,2,4.647402e-02,
CDH1->-RB1,2,1,6.000000,6,5.457046e-02,
CDH1->-RB1 CDH1->-TP53 TP53->-RB1,3,3,2.000000,2,8.179012e-02,
CDH1->-RB1 TP53->-CDH1 TP53->-RB1,3,3,2.000000,2,8.179012e-02,
PIK3CA->-CIC,2,1,6.000000,6,1.015684e-02,
PIK3CA->-MST1R,2,1,6.000000,6,3.892299e-03,
TP53->-DNMT3A,2,1,6.000000,6,1.012090e-01,
TP53->-KDR,2,1,6.000000,6,9.857968e-02,
PIK3CA->-KDR TP53->-KDR TP53->-PIK3CA,3,3,2.000000,2,1.764707e-01,
PIK3CA->-KDR PIK3CA->-TP53 TP53->-KDR,3,3,3.000000,3,3.067820e-02,
PIK3CA->-FGFR2,2,1,6.000000,6,2.869683e-02,
GATA3-/-PIK3CA,2,1,6.000000,3,7.039035e-01,
GATA3->-CDKN1B,2,1,6.000000,6,1.227679e-02,
CBFB->-TP53,2,1,6.000000,6,8.851440e-02,
CBFB->-PIK3CA CBFB->-TP53 TP53->-PIK3CA,3,3,3.000000,3,1.770833e-02,
CDH1->-PTCH1,2,1,6.000000,6,5.925119e-02,
CDH1->-PIK3CA CDH1->-PTCH1 PIK3CA->-PTCH1,3,3,2.000000,2,1.223202e-01,
TP53->-RPTOR,2,1,6.000000,6,1.529444e-02,
ESR1->-CDH1,2,1,6.000000,6,9.551298e-01,
PTEN->-ARID1A,2,1,6.000000,6,3.066799e-02,
PIK3CA->-ARID5B,2,1,6.000000,6,6.746377e-02,
PIK3CA->-ARID5B TP53->-ARID5B TP53->-PIK3CA,3,3,2.000000,2,8.698347e-02,
ANKRD11->-ARID5B,2,1,2.000000,2,2.167488e-01,
PIK3CA->-ARID5B PIK3CA->-TP53 TP53->-ARID5B,3,3,2.000000,2,8.698347e-02,
TP53->-NBN,2,1,6.000000,6,6.684028e-03,
PIK3CA->-CBFB,2,1,6.000000,6,9.999952e-01,
TP53->-RAD50,2,1,6.000000,6,1.613613e-02,
PIK3CA->-RAD50 TP53->-PIK3CA TP53->-RAD50,3,3,2.000000,2,3.491927e-02,
PIK3CA->-RAD50 PIK3CA->-TP53 TP53->-RAD50,3,3,2.000000,2,3.491927e-02,
TP53->-NOTCH3,2,1,6.000000,6,2.292109e-02,
MAP2K4->-TP53,2,1,6.000000,6,8.580874e-01,
KMT2C->-FAT1,2,1,6.000000,6,1.563209e-01,
KMT2C->-FAT1 PIK3CA->-FAT1 PIK3CA->-KMT2C,3,3,2.000000,2,1.640407e-01,
PIK3CA->-APC,2,1,6.000000,6,2.355801e-01,
PIK3CA->-APC PIK3CA->-TP53 TP53->-APC,3,3,4.000000,4,6.194794e-04,
CDH1->-APC CDH1->-PIK3CA PIK3CA->-APC,3,3,2.000000,2,1.114184e-01,
STAG2->-PIK3CA,2,1,5.500000,5,5.751117e-01,
PIK3CA->-ALK,2,1,5.500000,5,8.650163e-02,
PIK3CA->-PLK2,2,1,5.500000,5,4.223215e-02,
PIK3CA->-EP300,2,1,5.500000,5,2.077131e-01,
PIK3CA->-RFWD2,2,1,5.500000,5,9.161518e-02,
TBX3->-TP53,2,1,5.500000,5,9.154494e-01,
TBX3->-PIK3CA TBX3->-TP53 TP53->-PIK3CA,3,3,2.000000,2,2.471958e-01,
TP53->-MAP3K13,2,1,5.500000,5,3.264312e-02,
TP53->-TERT,2,1,5.500000,5,7.101206e-02,
PTEN->-SF3B1,2,1,5.500000,5,1.850803e-01,
PIK3CA->-SF3B1 PTEN->-PIK3CA PTEN->-SF3B1,3,3,2.000000,2,8.854167e-02,
TP53->-IGF1R,2,1,5.500000,5,9.619753e-03,
PIK3CA->-IGF1R TP53->-IGF1R TP53->-PIK3CA,3,3,2.000000,2,1.241898e-02,
CDH1->-RFWD2,2,1,5.500000,5,4.632868e-02,
CDH1->-PIK3CA CDH1->-RFWD2 PIK3CA->-RFWD2,3,3,2.500000,2,2.490044e-02,
PIK3CA->-PARP1,2,1,5.500000,5,1.219537e-02,
ARID2->-GATA3,2,1,5.500000,5,5.510417e-02,
PIK3CA->-BAP1,2,1,5.500000,5,5.468750e-02,
PIK3CA->-BAP1 PIK3CA->-TP53 TP53->-BAP1,3,3,2.000000,2,2.777778e-02,
ARID1A->-FAT1,2,1,5.000000,5,4.876136e-02,
MEN1->-KMT2C,2,1,5.000000,5,7.284843e-02,
KMT2C->-GATA3 MEN1->-GATA3 MEN1->-KMT2C,3,3,2.000000,2,2.777778e-02,
TP53->-RAF1,2,1,5.000000,5,4.111243e-03,
TP53->-TSC1,2,1,5.000000,5,1.124678e-01,
CDH1->-NSD1,2,1,5.000000,5,2.688746e-02,
CDH1->-NSD1 CDH1->-TP53 TP53->-NSD1,3,3,2.000000,2,2.777778e-02,
CDH1->-FOXA1 CDH1->-NSD1 CDH1->-PIK3CA NSD1->-FOXA1 PIK3CA->-FOXA1 PIK3CA->-NSD1,4,6,2.000000,2,1.736111e-03,
PIK3CA->-GLI1,2,1,5.000000,5,1.466843e-02,
CBFB->-AKT1,2,1,5.000000,5,2.763250e-01,
PIK3CA->-TET1,2,1,5.000000,5,2.723804e-01,
PIK3CA->-HIST1H1C,2,1,5.000000,5,1.583984e-01,
CHEK2->-PIK3CA,2,1,5.000000,5,8.244048e-02,
PIK3CA->-EGFR,2,1,5.000000,4,5.416667e-02,
GATA3->-EGFR,2,1,5.000000,5,3.125000e-02,
GATA3->-EGFR GATA3->-PIK3CA PIK3CA->-EGFR,3,3,2.000000,2,2.777778e-02,
TP53->-KIT,2,1,5.000000,5,4.613489e-03,
KDM5C->-PIK3CA,2,1,5.000000,5,4.700488e-01,
PIK3CA->-BRIP1,2,1,5.000000,5,4.787037e-02,
TP53->-EPHA7,2,1,5.000000,5,4.075928e-02,
SPEN->-PIK3CA,2,1,5.000000,4,9.506065e-01,
TP53->-BRD4,2,1,5.000000,5,4.115439e-02,
PIK3CA->-JAK3,2,1,5.000000,5,1.262857e-01,
TP53->-TCF7L2,2,1,5.000000,5,2.192266e-02,
TP53->-RFWD2,2,1,5.000000,5,6.439335e-02,
CDH1->-RAD50 CDH1->-RFWD2 RAD50->-RFWD2 TP53->-CDH1 TP53->-RAD50 TP53->-RFWD2,4,6,2.000000,2,1.260912e-03,
ESR1->-MAP3K1,2,1,5.000000,5,5.499156e-01,
ESR1->-MAP3K1 PIK3CA->-ESR1 PIK3CA->-MAP3K1,3,3,2.000000,2,2.745871e-01,
KMT2C->-CDH1,2,1,5.000000,5,9.998197e-01,
TP53->-INPP4B,2,1,5.000000,5,2.648504e-02,
TP53->-ARAF,2,1,5.000000,5,3.202059e-02,
TP53->-MET,2,1,5.000000,5,8.060606e-03,
CREBBP->-PIK3CA,2,1,5.000000,5,8.753377e-01,
PIK3CA->-DNMT1,2,1,5.000000,5,2.326923e-02,
CDH1->-AR,2,1,5.000000,5,8.939147e-02,
TP53->-FGFR4,2,1,5.000000,5,4.066486e-03,
NCOR1->-MED12,2,1,5.000000,5,1.906888e-02,
NCOR1->-MED12 TP53->-MED12 TP53->-NCOR1,3,3,3.000000,3,7.253311e-03,
NCOR1->-MED12 NCOR1->-PIK3CA PIK3CA->-MED12,3,3,2.000000,2,5.753968e-02,
NF1->-PIK3R1,2,1,5.000000,5,1.441519e-01,
NF1->-PIK3R1 TP53->-NF1 TP53->-PIK3R1,3,3,2.000000,2,8.523267e-02,
NF1->-PIK3R1 PTEN->-NF1 PTEN->-PIK3R1,3,3,2.000000,2,8.026813e-02,
TP53->-AXIN2,2,1,5.000000,5,4.520833e-03,
ARID1A->-CDH1,2,1,5.000000,5,9.924962e-01,
ARID1A->-CDH1 ARID1A->-PIK3CA CDH1->-PIK3CA,3,3,2.000000,2,6.664148e-01,
CREBBP->-KMT2C,2,1,5.000000,5,6.435373e-02,
CREBBP->-KMT2C TP53->-CREBBP TP53->-KMT2C,3,3,2.000000,2,4.291897e-02,
CREBBP->-KMT2C PIK3CA->-CREBBP PIK3CA->-KMT2C,3,3,3.000000,3,2.375122e-02,
CDH1->-CREBBP CDH1->-KMT2C CDH1->-PIK3CA CREBBP->-KMT2C PIK3CA->-CREBBP PIK3CA->-KMT2C,4,6,2.000000,2,5.964342e-03,
ARID1A->-CREBBP ARID1A->-KMT2C CREBBP->-KMT2C,3,3,2.000000,2,1.592693e-02,
CDH1->-STAG2,2,1,5.000000,5,2.709360e-02,
PIK3CA->-TET2,2,1,5.000000,5,3.657428e-01,
TP53->-ERBB2,2,1,5.000000,5,5.399653e-01,
CDH1->-ERBB2 CDH1->-TP53 TP53->-ERBB2,3,3,2.000000,2,2.494033e-01,
TP53->-PBRM1,2,1,5.000000,5,1.968134e-01,
CDH1->-IKZF1,2,1,5.000000,5,1.562500e-02,
PIK3CA->-BRCA1,2,1,5.000000,4,2.472934e-01,
TP53->-POLD1,2,1,5.000000,5,3.972222e-03,
CDH1->-MED12,2,1,5.000000,5,8.288341e-02,
CDH1->-MED12 PIK3CA->-CDH1 PIK3CA->-MED12,3,3,2.000000,2,1.646442e-01,
GATA3->-TBX3,2,1,5.000000,5,1.268979e-01,
GATA3->-PIK3CA GATA3->-TBX3 TBX3->-PIK3CA,3,3,2.000000,2,1.457511e-01,
GATA3->-PIK3CA GATA3->-TBX3 PIK3CA->-TBX3,3,3,2.000000,2,1.457511e-01,
GATA3->-TBX3 MAP3K1->-GATA3 MAP3K1->-TBX3,3,3,2.000000,2,9.562390e-02,
PIK3CA->-TERT,2,1,5.000000,5,1.855967e-02,
PIK3R1->-TP53,2,1,5.000000,5,9.777972e-01,
ERBB2->-KMT2C,2,1,5.000000,5,1.771236e-01,
CDH1->-ATR CDH1->-ERBB2 CDH1->-KMT2C ERBB2->-ATR ERBB2->-KMT2C KMT2C->-ATR,4,6,2.000000,2,1.233501e-03,
CDH1->-ATR CDH1->-ERBB2 CDH1->-PIK3CA ERBB2->-ATR ERBB2->-PIK3CA PIK3CA->-ATR,4,6,2.000000,2,1.233501e-03,
CDH1->-KMT2C ERBB2->-CDH1 ERBB2->-KMT2C,3,3,2.000000,2,1.822935e-01,
KMT2C->-PARP1 TP53->-KMT2C TP53->-PARP1,3,3,2.000000,2,2.204586e-02,
ERBB2->-KMT2C ERBB2->-PARP1 ERBB2->-PIK3CA KMT2C->-PARP1 PIK3CA->-KMT2C PIK3CA->-PARP1,4,6,2.000000,2,1.260912e-03,
TP53->-XPO1,2,1,5.000000,5,3.821659e-02,
PIK3CA->-GRIN2A,2,1,5.000000,5,1.373595e-01,
MAP3K1->-NOTCH4,2,1,5.000000,5,2.101608e-02,
MAP3K1->-NOTCH4 TP53->-MAP3K1 TP53->-NOTCH4,3,3,2.000000,2,1.327256e-02,
MAP3K1->-NOTCH4 MAP3K1->-PIK3CA PIK3CA->-NOTCH4,3,3,2.000000,2,1.017252e-01,
MAP3K1->-NOTCH4 PIK3CA->-MAP3K1 PIK3CA->-NOTCH4,3,3,2.000000,2,1.017252e-01,
MAP3K1->-TRAF2 PIK3CA->-MAP3K1 PIK3CA->-TRAF2,3,3,2.000000,2,4.989871e-02,
PIK3CA->-ATRX,2,1,5.000000,5,4.808458e-01,
CDH1->-ATRX CDH1->-PIK3CA PIK3CA->-ATRX,3,3,3.000000,3,1.523920e-02,
PIK3CA->-SETD2,2,1,5.000000,5,5.351765e-01,
ARID1A->-PIK3CA ARID1A->-SETD2 CDH1->-ARID1A CDH1->-PIK3CA CDH1->-SETD2 PIK3CA->-SETD2,4,6,2.000000,2,5.063657e-03,
FOXA1->-GATA3,2,1,5.000000,5,4.512370e-01,
FOXA1->-GATA3 FOXA1->-MAP3K1 MAP3K1->-GATA3,3,3,2.000000,2,9.722222e-02,
CDH1->-RAD50,2,1,5.000000,5,2.331130e-02,
CDH1->-PIK3CA CDH1->-RAD50 PIK3CA->-RAD50,3,3,2.000000,2,6.452087e-02,
ERBB2->-TP53,2,1,5.000000,5,5.399653e-01,
TP53->-JAK2,2,1,5.000000,5,2.640303e-02,
TP53->-PARP1,2,1,5.000000,5,1.560190e-02,
PIK3CA->-PARP1 PIK3CA->-TP53 TP53->-PARP1,3,3,2.000000,2,6.409675e-02,
AKT1->-NOTCH2,2,1,5.000000,5,7.589286e-03,
TP53->-BRIP1,2,1,5.000000,5,6.114051e-03,
ERBB2->-RUNX1,2,1,5.000000,5,1.875000e-01,
CDH1->-ERBB2 CDH1->-RUNX1 ERBB2->-RUNX1,3,3,2.000000,2,1.480195e-01,
TP53->-CEBPA,2,1,5.000000,5,2.083333e-02,
NCOR1->-RUNX1,2,1,5.000000,5,3.632812e-01,
NCOR1->-RUNX1 PIK3CA->-NCOR1 PIK3CA->-RUNX1,3,3,2.000000,2,2.632245e-01,
NCOR1->-PIK3CA NCOR1->-RUNX1 PIK3CA->-RUNX1,3,3,2.000000,2,2.632245e-01,
ARID2->-ARID1A,2,1,5.000000,5,3.140552e-01,
ARID2->-ARID1A TP53->-ARID1A TP53->-ARID2,3,3,2.000000,2,7.232171e-02,
EPHA5->-ARID1A,2,1,2.000000,2,4.966931e-01,
TP53->-JAK1,2,1,5.000000,5,2.937679e-01,
NCOR1->-CDH1,2,1,5.000000,5,9.924410e-01,
NCOR1->-CDH1 TP53->-CDH1 TP53->-NCOR1,3,3,2.000000,2,3.585782e-01,
CDH1->-RUNX1 NCOR1->-CDH1 NCOR1->-RUNX1,3,3,2.000000,2,1.319444e-01,
KMT2D->-PIK3CA,2,1,5.000000,5,9.831739e-01,
CDH1->-KMT2D CDH1->-PIK3CA KMT2D->-PIK3CA,3,3,2.000000,2,2.323693e-01,
PTEN->-GRIN2A,2,1,5.000000,5,1.713564e-02,
PIK3CA->-GRIN2A PTEN->-GRIN2A PTEN->-PIK3CA,3,3,2.000000,2,6.746032e-02,
MAP2K4->-PTEN,2,1,5.000000,5,3.136885e-01,
TP53->-GLI1,2,1,5.000000,5,5.314251e-03,
TP53->-CIC,2,1,5.000000,5,8.943383e-02,
PIK3CA->-CIC TP53->-CIC TP53->-PIK3CA,3,3,2.000000,2,6.746032e-02,
TP53->-IRF4,2,1,5.000000,5,7.291667e-03,
TP53->-SMARCA4,2,1,5.000000,5,1.762191e-01,
TP53->-TRAF2,2,1,5.000000,5,1.172690e-02,
PIK3CA->-KRAS,2,1,5.000000,5,2.695025e-01,
PIK3CA->-BLM,2,1,5.000000,5,7.002655e-02,
TP53->-PIK3R2,2,1,5.000000,5,1.388889e-02,
PIK3CA->-ERCC4,2,1,5.000000,5,3.986390e-02,
ARID1A->-IKZF1,2,1,5.000000,5,1.666667e-02,
ARID1A->-IKZF1 ARID1A->-PIK3CA CDH1->-ARID1A CDH1->-IKZF1 CDH1->-PIK3CA IKZF1->-PIK3CA,4,6,2.000000,2,1.736111e-03,
AKT1->-KMT2C,2,1,5.000000,5,1.986220e-01,
AKT1->-KMT2C AKT1->-TP53 TP53->-KMT2C,3,3,2.000000,2,2.777778e-02,
RUNX1->-TP53,2,1,5.000000,5,9.820325e-01,
PTPRS->-PIK3CA,2,1,5.000000,5,6.387225e-01,
PTPRS->-PIK3CA TP53->-PIK3CA TP53->-PTPRS,3,3,2.000000,2,7.628960e-02,
CDH1->-PIK3CA CDH1->-PTPRS PTPRS->-PIK3CA,3,3,2.000000,2,3.907508e-02,
TP53->-TET1,2,1,5.000000,5,8.426339e-02,
TP53->-ERBB4,2,1,5.000000,5,3.650737e-02,
CBFB->-NCOR1,2,1,5.000000,5,2.722222e-02,
CBFB->-NCOR1 CBFB->-PIK3CA NCOR1->-PIK3CA,3,3,2.000000,2,1.203704e-01,
CBFB->-NCOR1 CBFB->-TP53 TP53->-NCOR1,3,3,2.000000,2,1.098765e-01,
CDH1->-DNMT1,2,1,5.000000,5,3.125000e-02,
CDH1->-DNMT1 CDH1->-PIK3CA PIK3CA->-DNMT1,3,3,2.000000,2,2.777778e-02,
CDH1->-XPO1,2,1,5.000000,5,3.113678e-02,
MAP3K1->-NCOR1,2,1,5.000000,5,4.797877e-01,
MAP3K1->-NCOR1 MAP3K1->-PIK3CA NCOR1->-PIK3CA,3,3,2.000000,2,2.419376e-01,
ARID1B->-PIK3CA,2,1,5.000000,5,2.727155e-01,
ARID1B->-PIK3CA TP53->-ARID1B TP53->-PIK3CA,3,3,2.000000,2,1.224329e-01,
AKT1->-MAP2K4,2,1,5.000000,5,9.077381e-02,
ERBB2->-TBX3,2,1,5.000000,5,2.665626e-01,
CDH1->-TBX3 ERBB2->-CDH1 ERBB2->-TBX3,3,3,2.000000,2,1.241109e-01,
GPS2->-PIK3CA,2,1,5.000000,5,2.400648e-01,
ESR1->-FAT1,2,1,4.500000,4,8.281778e-02,
TET1->-ARID1A,2,1,4.500000,4,2.296453e-02,
TP53->-PAK7,2,1,4.500000,4,4.468857e-02,
CBFB->-ARID1A,2,1,4.500000,4,2.251157e-02,
ZFHX3->-CDH1,2,1,4.500000,4,1.318535e-01,
CDH1->-PIK3CA ZFHX3->-CDH1 ZFHX3->-PIK3CA,3,3,4.000000,4,2.496134e-03,
ARID1A->-GRIN2A,2,1,4.500000,4,1.831313e-02,
TP53->-HIST1H3B,2,1,4.500000,4,4.575630e-02,
TP53->-AR,2,1,4.500000,4,2.656250e-02,
PIK3CA->-AR PIK3CA->-TP53 TP53->-AR,3,3,2.500000,2,4.629630e-03,
GATA3->-FLT3,2,1,4.500000,4,2.617063e-02,
MAP3K1->-ESR1,2,1,4.500000,4,6.073968e-01,
ESR1->-PIK3CA MAP3K1->-ESR1 MAP3K1->-PIK3CA,3,3,2.000000,2,2.745871e-01,
PIK3CA->-PIK3CG,2,1,4.500000,4,1.836742e-01,
KMT2C->-TBX3,2,1,4.500000,4,4.430508e-01,
NF1->-CDH1,2,1,4.500000,4,8.470041e-01,
CDH1->-PIK3CA NF1->-CDH1 NF1->-PIK3CA,3,3,2.000000,2,3.709084e-01,
TP53->-PTCH1,2,1,4.500000,4,1.430707e-01,
PIK3CA->-PTCH1 PIK3CA->-TP53 TP53->-PTCH1,3,3,2.000000,2,1.208076e-01,
PIK3CA->-SMAD4,2,1,4.500000,4,2.784269e-01,
RHOA->-PIK3CA,2,1,4.500000,4,6.573661e-02,
SETD2->-PIK3CA,2,1,4.000000,4,7.668159e-01,
CDH1->-PIK3CA CDH1->-SETD2 SETD2->-PIK3CA,3,3,2.000000,2,1.497189e-01,
FAT1->-RICTOR,2,1,4.000000,4,1.323919e-01,
FAT1->-PIK3CA,2,1,4.000000,4,9.995072e-01,
FAT1->-PIK3CA FAT1->-RICTOR PIK3CA->-RICTOR,3,3,2.000000,2,8.304951e-02,
TET1->-FAT1,2,1,4.000000,4,2.783561e-01,
PIK3CA->-FAT1 PIK3CA->-TET1 TET1->-FAT1,3,3,2.000000,2,1.209356e-01,
PIK3CA->-FAT1 PIK3CA->-RB1 RB1->-FAT1,3,3,2.000000,2,1.309292e-01,
NCOR1->-FAT1 NCOR1->-TET1 TET1->-FAT1,3,3,2.000000,2,2.729045e-02,
TET1->-FAT1 TP53->-FAT1 TP53->-TET1,3,3,2.000000,2,4.596561e-02,
ARID1A->-FAT1 TET1->-ARID1A TET1->-FAT1,3,3,2.000000,2,9.020714e-03,
CDH1->-SMO,2,1,4.000000,4,2.064274e-02,
TP53->-RBM10,2,1,4.000000,4,1.909722e-02,
KMT2C->-BRCA2,2,1,4.000000,4,5.214464e-01,
KMT2A->-GATA3,2,1,4.000000,4,1.875000e-01,
TP53->-CDK8,2,1,4.000000,4,5.090299e-02,
PIK3CA-/-TP53,2,1,4.000000,2,9.999997e-01,
PIK3CA->-EZH2,2,1,4.000000,4,1.125000e-01,
TP53->-EZH2,2,1,4.000000,4,1.250000e-01,
PIK3CA->-EZH2 PIK3CA->-TP53 TP53->-EZH2,3,3,2.000000,2,7.407407e-02,
FOXA1->-KMT2C,2,1,4.000000,4,2.582196e-01,
FOXA1->-KMT2C PIK3CA->-FOXA1 PIK3CA->-KMT2C,3,3,3.000000,3,2.753896e-02,
FOXA1->-KMT2C TP53->-FOXA1 TP53->-KMT2C,3,3,2.000000,2,5.134680e-02,
PIK3CA->-FOXP1,2,1,4.000000,4,3.646115e-01,
NCOR1->-RB1,2,1,4.000000,4,2.680054e-01,
NCOR1->-PIK3CA NCOR1->-RB1 PIK3CA->-RB1,3,3,2.000000,2,7.326186e-02,
PIK3CA->-HIST1H3I,2,1,4.000000,4,1.695020e-01,
PIK3CA->-BARD1,2,1,4.000000,4,1.550894e-01,
PIK3CA->-BARD1 TP53->-BARD1 TP53->-PIK3CA,3,3,2.000000,2,4.439090e-02,
CDH1->-MTOR,2,1,4.000000,4,3.896152e-01,
CDH1->-MTOR CDH1->-PIK3CA PIK3CA->-MTOR,3,3,2.000000,2,6.515610e-02,
CDH1->-KDR,2,1,4.000000,4,5.882353e-02,
PIK3CA->-BRD4,2,1,4.000000,4,9.840068e-02,
PIK3CA->-NOTCH3,2,1,4.000000,4,3.375048e-01,
CDH1->-JAK3,2,1,4.000000,4,2.786184e-02,
CDH1->-JAK3 CDH1->-PIK3CA PIK3CA->-JAK3,3,3,2.000000,2,1.388889e-02,
MAP2K4->-JAK3,2,1,4.000000,4,3.184211e-02,
MAP2K4->-JAK3 TP53->-JAK3 TP53->-MAP2K4,3,3,2.000000,2,1.347750e-02,
CDH1->-JAK3 CDH1->-MAP2K4 MAP2K4->-JAK3,3,3,2.000000,2,1.050195e-02,
EPHA7->-PIK3CA,2,1,4.000000,4,1.114699e-01,
EPHA7->-PIK3CA TP53->-EPHA7 TP53->-PIK3CA,3,3,2.000000,2,7.551232e-03,
NF1->-KMT2C,2,1,4.000000,4,2.763718e-01,
TP53->-PLK2,2,1,4.000000,4,1.542158e-01,
PIK3CA->-CDKN2A,2,1,4.000000,4,1.172261e-01,
PIK3CA->-CDKN2A TP53->-CDKN2A TP53->-PIK3CA,3,3,2.000000,2,6.225150e-02,
STAG2->-GATA3,2,1,4.000000,4,1.755952e-01,
GATA3->-ERBB3,2,1,4.000000,4,9.308532e-02,
GATA3->-ERBB3 PIK3CA->-ERBB3 PIK3CA->-GATA3,3,3,2.000000,2,3.604497e-02,
MEN1->-SPEN,2,1,4.000000,4,6.227355e-02,
GATA3->-SPEN MEN1->-GATA3 MEN1->-SPEN,3,3,2.000000,2,7.407407e-02,
MEN1->-ARID1A,2,1,4.000000,4,1.336266e-01,
KMT2C->-ARID1A MEN1->-ARID1A MEN1->-KMT2C,3,3,2.000000,2,7.357085e-02,
KMT2C->-ERBB3,2,1,4.000000,4,2.247148e-01,
SMARCA4->-PIK3CA,2,1,4.000000,4,5.770645e-01,
KMT2C->-ESR1,2,1,4.000000,4,7.034557e-02,
PTEN->-ATRX,2,1,4.000000,4,1.695132e-01,
PTEN->-ATRX TP53->-ATRX TP53->-PTEN,3,3,2.000000,2,1.157575e-01,
PTEN->-TBX3,2,1,4.000000,4,5.427632e-02,
TP53->-SDHB,2,1,4.000000,4,3.370814e-01,
TP53->-PIM1,2,1,4.000000,4,1.269841e-02,
TP53->-MAP2K1,2,1,4.000000,4,1.909722e-02,
CDH1->-CTCF,2,1,4.000000,4,1.205357e-01,
TP53->-AXIN1,2,1,4.000000,4,8.494444e-02,
TP53->-IRS2,2,1,4.000000,4,1.427872e-01,
FOXA1->-TP53,2,1,4.000000,4,9.688337e-01,
PIK3CA->-HNF1A,2,1,4.000000,4,1.512082e-01,
TP53->-PRDM1,2,1,4.000000,4,4.539683e-02,
TP53->-IFNGR1,2,1,4.000000,4,3.026455e-02,
MAP3K1->-NSD1,2,1,4.000000,4,4.460203e-01,
MAP3K1->-NSD1 TP53->-MAP3K1 TP53->-NSD1,3,3,2.000000,2,7.275132e-02,
CDH1->-MAP3K1 CDH1->-NSD1 MAP3K1->-NSD1,3,3,2.000000,2,1.195790e-01,
NF1->-MAP3K1,2,1,4.000000,4,3.205756e-01,
NF1->-MAP3K1 TP53->-MAP3K1 TP53->-NF1,3,3,3.000000,3,1.587302e-02,
NF1->-MAP3K1 PTEN->-MAP3K1 PTEN->-NF1,3,3,3.000000,3,3.536381e-03,
PTEN->-ATR,2,1,4.000000,4,5.017772e-02,
PTEN->-ATR TP53->-ATR TP53->-PTEN,3,3,3.000000,3,4.327125e-03,
PIK3CA->-ATR PIK3CA->-PTEN PTEN->-ATR,3,3,2.000000,2,5.604134e-02,
MGA->-PTPRT,2,1,2.000000,2,2.026408e-01,
MGA->-ATR MGA->-PTEN PTEN->-ATR,3,3,2.000000,2,1.718123e-02,
ATR->-NCOR1,2,1,4.000000,4,6.190476e-02,
ATR->-NCOR1 TP53->-ATR TP53->-NCOR1,3,3,2.000000,2,2.698413e-02,
ATR->-NCOR1 PIK3CA->-ATR PIK3CA->-NCOR1,3,3,2.000000,2,2.777778e-02,
ATR->-EP300 PIK3CA->-ATR PIK3CA->-EP300,3,3,2.000000,2,2.777778e-02,
NF1->-MED12,2,1,4.000000,4,1.689849e-01,
NF1->-MED12 TP53->-MED12 TP53->-NF1,3,3,2.000000,2,7.275132e-02,
TP53->-CTCF,2,1,4.000000,4,2.178125e-01,
BRCA2->-KMT2C,2,1,4.000000,4,5.214464e-01,
PIK3CA->-RECQL4,2,1,4.000000,4,3.000367e-01,
CDH1->-RASA1,2,1,4.000000,4,1.551087e-01,
TBX3->-KMT2C,2,1,4.000000,4,6.524649e-01,
TBX3->-KMT2C TP53->-KMT2C TP53->-TBX3,3,3,2.000000,2,5.134680e-02,
TP53->-TRAF7,2,1,4.000000,4,8.375000e-02,
TP53->-REL,2,1,4.000000,4,2.500000e-02,
TP53->-PMS1,2,1,4.000000,4,2.111111e-02,
FOXA1->-TBX3,2,1,4.000000,4,4.313846e-01,
FOXA1->-TBX3 PIK3CA->-FOXA1 PIK3CA->-TBX3,3,3,2.000000,2,7.407407e-02,
ERBB2->-MAP3K1,2,1,4.000000,3,3.119878e-01,
GATA3->-POLE,2,1,4.000000,4,1.792574e-01,
CDH1->-RHOA,2,1,4.000000,4,2.528699e-01,
CDH1->-PIK3CA CDH1->-RHOA RHOA->-PIK3CA,3,3,2.000000,2,5.753968e-02,
PTEN->-ARID1B,2,1,4.000000,4,1.668818e-01,
CDH1->-ATR,2,1,4.000000,4,3.839350e-02,
CDH1->-ATR CDH1->-PIK3CA PIK3CA->-ATR,3,3,3.000000,3,3.634371e-03,
CDH1->-FGFR4,2,1,4.000000,4,1.127841e-01,
GATA3->-NSD1,2,1,4.000000,4,5.833333e-02,
MAP3K1->-CDH1,2,1,4.000000,4,9.995551e-01,
MAP3K1->-CDH1 MAP3K1->-PIK3CA PIK3CA->-CDH1,3,3,2.000000,2,7.197673e-01,
GATA3->-MED12,2,1,4.000000,4,4.563492e-02,
PIK3CA->-TSHR,2,1,4.000000,4,2.083333e-02,
TP53->-GATA2,2,1,4.000000,4,1.805552e-01,
TP53->-GSK3B,2,1,4.000000,4,1.111111e-02,
ARID1A->-FLT3,2,1,4.000000,4,1.394643e-01,
FOXA1->-CDH1,2,1,4.000000,4,9.995133e-01,
PIK3CA->-PMS1,2,1,4.000000,4,4.583333e-02,
MAP3K1->-ARID2,2,1,4.000000,4,4.670330e-02,
MAP3K1->-FOXA1,2,1,4.000000,4,8.793307e-01,
MAP3K1->-FOXA1 MAP3K1->-PIK3CA PIK3CA->-FOXA1,3,3,3.000000,3,1.361007e-01,
MAP3K1->-DICER1,2,1,4.000000,4,4.653846e-02,
ERBB2->-ERBB3,2,1,4.000000,4,4.670330e-02,
CDH1->-ERBB3 ERBB2->-CDH1 ERBB2->-ERBB3,3,3,2.000000,2,7.407407e-02,
NF1->-ERBB3,2,1,4.000000,4,6.250000e-02,
NF1->-ERBB3 NF1->-TP53 TP53->-ERBB3,3,3,2.000000,2,7.407407e-02,
ARID1B->-TP53,2,1,4.000000,4,9.234705e-01,
TP53->-DAXX,2,1,4.000000,4,2.257800e-02,
CDH1->-JAK2,2,1,4.000000,4,3.125000e-02,
CDH1->-JAK2 TP53->-CDH1 TP53->-JAK2,3,3,2.000000,2,2.777778e-02,
PIK3CA->-INSR,2,1,4.000000,4,1.398454e-01,
PIK3CA->-INSR PIK3CA->-TP53 TP53->-INSR,3,3,2.000000,2,5.060185e-02,
MAP3K1->-CDKN1B,2,1,4.000000,4,3.542843e-01,
ERBB2->-FOXA1,2,1,4.000000,4,3.007440e-01,
ERBB2->-FOXA1 ERBB2->-MAP3K1 FOXA1->-MAP3K1,3,3,2.000000,2,1.736111e-02,
TP53->-DICER1,2,1,4.000000,4,1.691468e-02,
PIK3CA->-DICER1 TP53->-DICER1 TP53->-PIK3CA,3,3,2.000000,2,9.128874e-03,
TP53->-JUN,2,1,4.000000,4,6.190476e-02,
CDH1->-JUN,2,1,4.000000,4,4.563265e-02,
TP53->-FGFR2,2,1,4.000000,4,4.095301e-02,
PIK3CA->-YES1,2,1,4.000000,4,2.160263e-02,
MAP2K4->-NCOR1,2,1,4.000000,4,6.036210e-01,
GATA3->-PDGFRA,2,1,4.000000,4,1.513889e-01,
PIK3CA->-DNMT3B,2,1,4.000000,4,1.628459e-01,
CDH1->-POLE,2,1,4.000000,4,1.458333e-01,
TP53->-PAK1,2,1,4.000000,4,1.520163e-02,
ARID1A->-TP53,2,1,4.000000,4,9.974565e-01,
KMT2C->-PTCH1,2,1,4.000000,4,2.070520e-01,
CDH1->-KMT2A CDH1->-KMT2C CDH1->-PTCH1 KMT2C->-KMT2A KMT2C->-PTCH1 PTCH1->-KMT2A,4,6,2.000000,2,1.623441e-03,
KMT2C->-PARP1,2,1,4.000000,4,4.662260e-02,
PIK3CA->-PIK3CB,2,1,4.000000,4,2.225479e-01,
PIK3CA->-PIK3CB PIK3CA->-TP53 TP53->-PIK3CB,3,3,2.000000,2,1.746032e-02,
MDC1->-PIK3CB PIK3CA->-MDC1 PIK3CA->-PIK3CB,3,3,2.000000,2,1.746032e-02,
ARID1A->-KMT2D,2,1,4.000000,4,2.639137e-01,
ARID1A->-KMT2D PIK3CA->-ARID1A PIK3CA->-KMT2D,3,3,2.000000,2,7.232171e-02,
SPOP->-PIK3CA,2,1,4.000000,4,1.562500e-01,
CDH1->-SMAD4,2,1,4.000000,4,3.650918e-01,
PIK3CA->-INPP4A,2,1,4.000000,4,1.875000e-01,
CDH1->-TET2,2,1,4.000000,4,5.119048e-02,
CDH1->-NOTCH4,2,1,4.000000,4,6.181566e-02,
CDH1->-NOTCH4 CDH1->-PIK3CA PIK3CA->-NOTCH4,3,3,2.000000,2,7.357085e-02,
NF1->-FOXA1,2,1,4.000000,4,6.250000e-02,
NF1->-FOXA1 TP53->-FOXA1 TP53->-NF1,3,3,2.000000,2,7.407407e-02,
NF1->-FOXA1 NF1->-PIK3CA PIK3CA->-FOXA1,3,3,2.000000,2,7.407407e-02,
PTEN->-SETD2,2,1,4.000000,4,1.188326e-01,
KMT2C->-MED12,2,1,4.000000,4,3.003123e-02,
CDH1->-DNMT3A,2,1,4.000000,4,1.708744e-01,
CDH1->-DNMT3A CDH1->-PIK3CA PIK3CA->-DNMT3A,3,3,2.000000,2,6.452087e-02,
CDH1->-DNMT3A TP53->-CDH1 TP53->-DNMT3A,3,3,2.000000,2,2.204586e-02,
NCOR1->-MAP2K4,2,1,4.000000,4,6.036210e-01,
MAP2K4->-PIK3CA NCOR1->-MAP2K4 NCOR1->-PIK3CA,3,3,2.000000,2,1.017162e-01,
SOX9->-PTCH1,2,1,4.000000,4,6.038647e-02,
APC->-KMT2D,2,1,4.000000,4,1.691468e-01,
APC->-KMT2D TP53->-APC TP53->-KMT2D,3,3,3.000000,3,1.325046e-02,
PTEN->-RUNX1,2,1,4.000000,4,1.226852e-01,
JAK1->-PIK3CA,2,1,4.000000,4,4.111231e-01,
TP53->-EPCAM,2,1,4.000000,4,1.563947e-01,
CDH1->-ANKRD11,2,1,4.000000,4,2.621511e-01,
PIK3CA->-MSH6,2,1,4.000000,4,3.432292e-01,
TP53->-KLF4,2,1,4.000000,4,2.553241e-01,
TBX3->-RUNX1,2,1,4.000000,4,3.437500e-01,
CDH1->-ARID5B,2,1,4.000000,4,5.249112e-02,
CDH1->-ARID5B CDH1->-PIK3CA PIK3CA->-ARID5B,3,3,3.000000,3,1.286759e-02,
CDH1->-PARP1,2,1,4.000000,4,1.192663e-01,
CDH1->-KMT2C CDH1->-PARP1 KMT2C->-PARP1,3,3,2.000000,2,5.544827e-02,
CDH1->-PARP1 CDH1->-RAD50 RAD50->-PARP1,3,3,2.000000,2,1.733520e-02,
NF1->-ATM,2,1,4.000000,4,5.357143e-02,
NF1->-ATM NF1->-PIK3CA PIK3CA->-ATM,3,3,2.000000,2,2.777778e-02,
KMT2C->-TSC2,2,1,4.000000,4,2.419019e-01,
TP53->-MSH6,2,1,4.000000,4,1.281023e-01,
TP53->-AURKA,2,1,4.000000,4,1.581101e-02,
PIK3CA->-IKBKE,2,1,4.000000,4,1.125933e-01,
PIK3CA->-PALB2,2,1,4.000000,4,1.738511e-01,
GATA3->-CBFB,2,1,4.000000,4,9.997833e-01,
PIK3CA->-NF2,2,1,4.000000,4,4.448999e-02,
PIK3CA->-PAK7,2,1,4.000000,4,2.128365e-01,
TP53->-NF2,2,1,4.000000,4,2.371795e-02,
GATA3->-FOXA1,2,1,4.000000,4,7.068099e-01,
GATA3->-FOXA1 PIK3CA->-FOXA1 PIK3CA->-GATA3,3,3,2.000000,2,2.230367e-01,
MGA->-ATR,2,1,4.000000,4,5.049133e-02,
MGA->-ATR MGA->-PIK3CA PIK3CA->-ATR,3,3,2.000000,2,1.087249e-01,
TP53->-SMAD2,2,1,4.000000,4,1.288702e-01,
PIK3CA->-KDM5C,2,1,4.000000,4,7.183952e-01,
TP53->-CDKN1A,2,1,4.000000,4,1.186747e-01,
GATA3->-SF3B1,2,1,4.000000,4,4.665179e-01,
GATA3->-SF3B1 PIK3CA->-GATA3 PIK3CA->-SF3B1,3,3,2.000000,2,5.671296e-02,
ERBB4->-GATA3,2,1,4.000000,4,6.163194e-02,
SMO->-PIK3CA,2,1,3.500000,3,4.089145e-01,
GATA3->-PIK3R2,2,1,3.500000,3,5.297619e-02,
PIK3CA->-SMARCA4,2,1,3.500000,3,6.192253e-01,
CDH1->-EGFR,2,1,3.500000,3,1.750000e-01,
CDH1->-EGFR CDH1->-PIK3CA PIK3CA->-EGFR,3,3,2.500000,2,3.240741e-03,
MAP3K1->-ATR,2,1,3.500000,3,1.161012e-01,
FOXA1->-KMT2D,2,1,3.500000,3,1.696429e-01,
PIK3CA->-IRS1,2,1,3.500000,3,3.848646e-01,
BRCA2->-PIK3CA,2,1,3.500000,3,8.231006e-01,
TP53->-RASA1,2,1,3.500000,3,1.391782e-01,
PTEN->-GATA3,2,1,3.500000,3,5.788514e-01,
MAP3K1->-MED12,2,1,3.500000,3,4.694726e-02,
MAP3K1->-MED12 MAP3K1->-PIK3CA PIK3CA->-MED12,3,3,2.000000,2,1.420330e-02,
TP53->-SMO,2,1,3.500000,3,1.145690e-01,
CDH1->-PAK7,2,1,3.500000,3,5.414129e-02,
CDH1->-PAK7 CDH1->-TP53 TP53->-PAK7,3,3,2.000000,2,4.680201e-02,
CDH1->-PAK7 CDH1->-PIK3CA PIK3CA->-PAK7,3,3,2.000000,2,6.922095e-02,
ZFHX3->-KMT2C,2,1,3.500000,3,1.711051e-01,
KMT2C->-PIK3CA ZFHX3->-KMT2C ZFHX3->-PIK3CA,3,3,2.000000,2,9.191674e-02,
PIK3CA->-JAK2,2,1,3.500000,3,2.232186e-01,
CDH1->-DNMT3B,2,1,3.500000,3,6.257548e-02,
CDH1->-DNMT3B CDH1->-PIK3CA PIK3CA->-DNMT3B,3,3,2.000000,2,2.747585e-02,
APC->-PIK3CA,2,1,3.500000,3,7.655742e-01,
APC->-PIK3CA CDH1->-APC CDH1->-PIK3CA,3,3,2.000000,2,1.114184e-01,
RUNX1->-FOXA1,2,1,3.500000,3,2.791667e-01,
CDH1->-FOXA1 CDH1->-RUNX1 RUNX1->-FOXA1,3,3,2.000000,2,1.319444e-01,
BRCA2->-CDH1,2,1,3.500000,3,8.907033e-01,
RB1->-KMT2C,2,1,3.500000,3,2.933229e-01,
KMT2C->-PIK3CA RB1->-KMT2C RB1->-PIK3CA,3,3,2.000000,2,7.407407e-02,
KMT2A->-PIK3CA,2,1,3.500000,3,9.671256e-01,
NOTCH2->-PIK3CA,2,1,3.500000,3,2.584821e-01,
TP53->-EGFR,2,1,3.500000,3,1.686483e-02,
GATA3->-CREBBP,2,1,3.500000,3,1.171759e-01,
CREBBP->-MAP3K1 GATA3->-CREBBP GATA3->-MAP3K1 GATA3->-PIK3CA PIK3CA->-CREBBP PIK3CA->-MAP3K1,4,6,2.000000,2,1.736111e-03,
TP53->-E2F3,2,1,3.500000,3,1.382716e-02,
PIK3CA->-PPP2R1A,2,1,3.500000,3,2.672326e-01,
PIK3CA->-TSC2,2,1,3.500000,3,4.701093e-01,
PIK3CA->-IKZF1,2,1,3.500000,3,4.986587e-01,
LATS2->-PIK3CA,2,1,3.000000,3,5.561908e-01,
SETD2->-ARID2,2,1,3.000000,3,2.073664e-01,
SETD2->-ARID2 TP53->-ARID2 TP53->-SETD2,3,3,2.000000,2,5.345272e-03,
SETD2->-ARID1A,2,1,3.000000,3,4.788882e-01,
ARID1A->-PIK3CA SETD2->-ARID1A SETD2->-PIK3CA,3,3,2.000000,2,1.827123e-01,
NOTCH1->-PIK3CA SETD2->-NOTCH1 SETD2->-PIK3CA,3,3,2.000000,2,6.482519e-02,
ARID2->-PIK3CA,2,1,3.000000,3,9.607827e-01,
ARID2->-CARD11,2,1,3.000000,3,2.455245e-01,
ARID1A->-CARD11,2,1,3.000000,3,3.938871e-01,
ARID1A->-ARID2,2,1,3.000000,3,8.245932e-01,
ARID1A->-ARID2 ARID1A->-PIK3CA ARID2->-PIK3CA,3,3,2.000000,2,1.198024e-01,
ESR1->-RICTOR,2,1,3.000000,3,4.368734e-01,
ARID1A->-CARD11 ARID2->-ARID1A ARID2->-CARD11,3,3,2.000000,2,4.771729e-02,
FAT1->-SETD2,2,1,3.000000,3,2.163395e-01,
FAT1->-SETD2 TP53->-FAT1 TP53->-SETD2,3,3,2.000000,2,7.936508e-03,
GATA3->-PTEN,2,1,3.000000,3,7.453934e-01,
EP300->-PIK3CA,2,1,3.000000,3,8.609488e-01,
AXL->-PIK3CA,2,1,3.000000,3,5.327381e-01,
ATM->-MAP3K1,2,1,3.000000,3,3.950839e-01,
ATM->-MAP3K1 ATM->-PIK3CA MAP3K1->-PIK3CA,3,3,2.000000,2,1.085960e-01,
NOTCH1->-MAP3K1,2,1,3.000000,3,3.667889e-01,
PIK3CA->-SMO,2,1,3.000000,3,6.193886e-01,
CDH1->-PIK3CA CDH1->-SMO PIK3CA->-SMO,3,3,2.000000,2,4.743547e-02,
KMT2A->-BRCA2,2,1,3.000000,3,1.947917e-01,
TP53->-ASXL1,2,1,3.000000,3,8.333333e-02,
MTOR->-XPO1,2,1,3.000000,3,1.250000e-01,
KMT2C->-PTPRD,2,1,3.000000,3,2.875616e-01,
KMT2C->-XPO1,2,1,3.000000,3,1.245471e-01,
PIK3CA->-FH,2,1,3.000000,3,1.760417e-01,
CDH1->-DOT1L,2,1,3.000000,3,2.107669e-01,
DOT1L->-MAP3K1,2,1,3.000000,3,1.976792e-01,
CDH1->-DOT1L CDH1->-MAP3K1 DOT1L->-MAP3K1,3,3,2.000000,2,2.184236e-02,
CDH1->-MAP3K1 CDH1->-NSD1 NSD1->-MAP3K1,3,3,2.000000,2,1.195790e-01,
NSD1->-KMT2C,2,1,3.000000,3,4.367699e-01,
NSD1->-KMT2C PIK3CA->-KMT2C PIK3CA->-NSD1,3,3,2.000000,2,2.777778e-02,
ARID1A->-KMT2C ARID1A->-NSD1 NSD1->-KMT2C,3,3,2.000000,2,2.777778e-02,
MAP3K1->-EPHB1,2,1,3.000000,3,4.553571e-01,
CDH1->-EPHB1 CDH1->-MAP3K1 CDH1->-PIK3CA MAP3K1->-EPHB1 PIK3CA->-EPHB1 PIK3CA->-MAP3K1,4,6,2.000000,2,7.440476e-04,
ARID1A->-MAP3K1,2,1,3.000000,3,9.200312e-01,
NSD1->-MAP3K1,2,1,3.000000,3,7.318849e-01,
MAP3K1->-KMT2C NSD1->-KMT2C NSD1->-MAP3K1,3,3,2.000000,2,4.517664e-02,
ARID1A->-EPHB1,2,1,3.000000,3,8.223104e-02,
ARID1A->-EPHB1 TP53->-ARID1A TP53->-EPHB1,3,3,2.000000,2,2.672636e-02,
ARID1A->-FOXA1,2,1,3.000000,3,3.377171e-01,
CBFB->-EGFR,2,1,3.000000,3,8.333333e-02,
STAG2->-FAT1,2,1,3.000000,3,3.114035e-01,
PIK3CA->-PDCD1,2,1,3.000000,3,3.106667e-01,
PIK3CA->-FGFR3,2,1,3.000000,3,3.596417e-01,
PIK3CA->-RBM10,2,1,3.000000,3,2.553363e-01,
PIK3CA->-ASXL2,2,1,3.000000,3,5.840630e-01,
NCOR1->-FAT1,2,1,3.000000,3,1.990118e-01,
CDH1->-ALK,2,1,3.000000,3,2.093297e-01,
CDH1->-ALK CDH1->-PIK3CA PIK3CA->-ALK,3,3,2.000000,2,2.198068e-02,
CDH1->-ALK CDH1->-FOXA1 FOXA1->-ALK,3,3,2.000000,2,2.198068e-02,
TP53->-CDK12,2,1,3.000000,3,3.762149e-01,
AKT1->-RUNX1,2,1,3.000000,3,6.111111e-02,
IKZF1->-PIK3CA,2,1,3.000000,3,7.052615e-01,
TP53->-IKZF1,2,1,3.000000,3,2.558642e-01,
CDH1->-FLT1,2,1,3.000000,3,1.250000e-01,
PIK3CA->-EIF4A2,2,1,3.000000,3,2.856343e-01,
PIK3CA->-FBXW7,2,1,3.000000,3,4.828195e-01,
PIK3CA->-PDGFRA,2,1,3.000000,3,6.695143e-01,
HIST1H3I->-SMARCA4,2,1,3.000000,3,1.070811e-01,
HIST1H3I->-SMARCA4 PIK3CA->-HIST1H3I PIK3CA->-SMARCA4,3,3,2.000000,2,6.256998e-02,
CDH1->-EPHA7,2,1,3.000000,3,1.240809e-01,
SPEN->-ARID2,2,1,3.000000,3,2.316667e-01,
SPEN->-ARID2 TP53->-ARID2 TP53->-SPEN,3,3,2.000000,2,3.674074e-02,
TP53->-SOX2,2,1,3.000000,3,7.291667e-02,
TP53->-LATS1,2,1,3.000000,3,4.437500e-01,
LATS1->-TSC2,2,1,3.000000,3,6.045455e-02,
CDH1->-GRIN2A,2,1,3.000000,3,1.250000e-01,
ARID1A-/-PIK3CA,2,1,3.000000,1,3.411415e-01,
TP53->-PIK3C3,2,1,3.000000,3,6.375467e-02,
TP53->-IRS1,2,1,3.000000,3,1.818491e-01,
TP53->-GNA11,2,1,3.000000,3,7.158419e-02,
MDC1->-PIK3CA,2,1,3.000000,3,9.033801e-01,
IRS1->-PIK3CA,2,1,3.000000,3,6.173845e-01,
ERBB3->-PIK3CA MAP3K1->-ERBB3 MAP3K1->-PIK3CA,3,3,3.000000,3,2.724352e-02,
MAP3K1->-CARD11,2,1,3.000000,3,7.020757e-02,
ERBB3->-CARD11,2,1,3.000000,3,1.376525e-01,
ERBB3->-CARD11 TP53->-CARD11 TP53->-ERBB3,3,3,2.000000,2,2.040684e-02,
ERBB3->-CARD11 MAP3K1->-CARD11 MAP3K1->-ERBB3,3,3,2.000000,2,9.608277e-03,
TP53->-RPS6KA4,2,1,3.000000,3,1.861448e-01,
PTEN->-ATM,2,1,3.000000,3,6.648352e-02,
PIK3CA->-ATM PTEN->-ATM PTEN->-PIK3CA,3,3,2.000000,2,1.420330e-02,
TP53->-NTRK3,2,1,3.000000,3,3.125000e-01,
PIK3CA->-AMER1,2,1,3.000000,3,3.321894e-01,
FOXA1->-ESR1,2,1,3.000000,3,3.220752e-01,
CDKN2A->-TP53,2,1,3.000000,3,9.857719e-01,
GATA3->-NUP93,2,1,3.000000,3,1.250000e-01,
GATA3->-NUP93 PIK3CA->-GATA3 PIK3CA->-NUP93,3,3,2.000000,2,7.407407e-02,
MAP3K1->-SPEN,2,1,3.000000,3,2.723214e-01,
GATA3->-SPEN MAP3K1->-GATA3 MAP3K1->-SPEN,3,3,2.000000,2,1.736111e-02,
CHEK2->-ARID1A,2,1,3.000000,3,9.880952e-02,
MEN1->-STAG2,2,1,3.000000,3,1.083744e-01,
MEN1->-NUP93 MEN1->-PIK3CA PIK3CA->-NUP93,3,3,2.000000,2,2.777778e-02,
GATA3->-NUP93 MEN1->-GATA3 MEN1->-NUP93 MEN1->-STAG2 STAG2->-GATA3 STAG2->-NUP93,4,6,2.000000,2,1.736111e-03,
KMT2C->-SPEN,2,1,3.000000,3,6.610658e-01,
KMT2C->-ATM,2,1,3.000000,3,5.097920e-01,
ARID1A->-SPEN PIK3CA->-ARID1A PIK3CA->-SPEN,3,3,3.000000,3,1.607790e-02,
ARID1A->-SPEN CDH1->-ARID1A CDH1->-SPEN,3,3,2.000000,2,2.747585e-02,
ARID1A->-SPEN MEN1->-ARID1A MEN1->-SPEN,3,3,2.000000,2,2.747585e-02,
ARID1A->-EGFR,2,1,3.000000,3,1.250000e-01,
ARID1A->-EGFR GATA3->-ARID1A GATA3->-EGFR,3,3,2.000000,2,2.777778e-02,
RECQL4->-PIK3CA,2,1,3.000000,3,5.908580e-01,
AKT1->-NF1,2,1,3.000000,3,9.523810e-02,
ATM->-KMT2C,2,1,3.000000,3,5.097920e-01,
ROS1->-PIK3CA,2,1,3.000000,3,8.724283e-01,
TSC2->-PIK3CA,2,1,3.000000,3,7.083663e-01,
ROS1->-TP53,2,1,3.000000,3,9.378810e-01,
PIK3CA->-ROS1 PIK3CA->-TP53 ROS1->-TP53,3,3,2.000000,2,1.181930e-01,
TBX3->-BRCA2,2,1,3.000000,3,3.405220e-01,
CDH1->-BRCA2 CDH1->-ESR1 ESR1->-BRCA2,3,3,3.000000,3,4.629630e-03,
TBX3->-ANKRD11,2,1,3.000000,3,5.000000e-01,
CDH1->-PIK3CG,2,1,3.000000,3,2.878289e-01,
TBX3->-ESR1,2,1,3.000000,3,2.651099e-01,
CDH1->-HNF1A,2,1,3.000000,3,1.215278e-01,
TP53->-FLT3,2,1,3.000000,3,7.598684e-02,
PTEN->-JAK3,2,1,3.000000,3,8.082996e-02,
PTEN->-MAP2K4,2,1,3.000000,3,8.243871e-01,
PTEN->-MAP2K4 PTEN->-TP53 TP53->-MAP2K4,3,3,2.000000,2,9.050791e-02,
MAP2K4->-PTPRS,2,1,3.000000,3,1.033835e-01,
PTEN->-PTPRS,2,1,3.000000,3,8.895101e-02,
CDH1->-PTPRS PTEN->-CDH1 PTEN->-PTPRS,3,3,2.000000,2,1.651589e-02,
PTEN->-ACVR1,2,1,2.000000,2,1.867971e-01,
PTEN->-FAT1,2,1,3.000000,3,5.049043e-01,
ATRX->-EPHB1,2,1,3.000000,3,1.041413e-01,
ATRX->-EPHB1 TP53->-ATRX TP53->-EPHB1,3,3,2.000000,2,5.781729e-02,
PTEN->-EPHB1,2,1,2.000000,2,2.142335e-01,
ATRX->-EPHB1 CDH1->-ATRX CDH1->-EPHB1,3,3,2.000000,2,1.925357e-02,
TBX3->-FOXA1,2,1,3.000000,3,7.204471e-01,
CDH1->-FOXA1 CDH1->-TBX3 TBX3->-FOXA1,3,3,2.000000,2,2.100390e-02,
CDH1->-CDK12,2,1,3.000000,3,5.146199e-02,
TBX3->-FAT1,2,1,3.000000,3,4.055813e-02,
TP53->-RHOA,2,1,3.000000,3,3.308802e-01,
TP53->-WT1,2,1,3.000000,3,8.636364e-02,
TP53->-H3F3C,2,1,3.000000,3,7.234432e-02,
PIK3CA->-RIT1,2,1,3.000000,3,9.307692e-02,
PIK3CA->-GNA11,2,1,3.000000,3,2.256925e-01,
ATM->-FAT1 PIK3CA->-ATM PIK3CA->-FAT1 PIK3CA->-TP53 TP53->-ATM TP53->-FAT1,4,6,2.000000,2,3.479112e-03,
GNA11->-FAT1 PIK3CA->-FAT1 PIK3CA->-GNA11 PIK3CA->-TP53 TP53->-FAT1 TP53->-GNA11,4,6,2.000000,2,9.093915e-04,
ATM->-FAT1,2,1,3.000000,3,2.082011e-01,
PIK3CA->-CTCF,2,1,3.000000,3,9.372588e-01,
PIK3CA->-GATA2,2,1,3.000000,3,3.076197e-01,
TP53->-INPP4A,2,1,3.000000,3,8.333333e-02,
STK11->-EP300,2,1,3.000000,3,2.647672e-01,
STK11->-EP300 TP53->-EP300 TP53->-STK11,3,3,2.000000,2,9.493294e-02,
TP53->-ERCC2,2,1,3.000000,3,4.464286e-02,
PIK3CA->-SMAD2,2,1,3.000000,3,2.442358e-01,
CREBBP->-MAP3K1 PIK3CA->-CREBBP PIK3CA->-MAP3K1,3,3,3.000000,3,1.929012e-03,
PIK3C2G->-MAP3K1,2,1,3.000000,3,2.226328e-01,
PIK3C2G->-MAP3K1 PIK3CA->-MAP3K1 PIK3CA->-PIK3C2G,3,3,2.000000,2,4.706790e-02,
PIK3C2G->-CREBBP,2,1,3.000000,3,2.442358e-01,
PIK3C2G->-CREBBP PIK3CA->-CREBBP PIK3CA->-PIK3C2G,3,3,2.000000,2,9.762850e-02,
CDH1->-GPS2,2,1,3.000000,3,5.754960e-01,
ATRX->-PIK3CA,2,1,3.000000,3,9.023817e-01,
DOT1L->-PIK3CA,2,1,3.000000,3,4.750000e-01,
GATA3->-CARD11,2,1,3.000000,3,8.343915e-02,
NCOR1->-PTEN,2,1,3.000000,3,4.228961e-01,
IRS2->-CARD11,2,1,3.000000,3,5.373737e-02,
IRS2->-CARD11 TP53->-CARD11 TP53->-IRS2,3,3,2.000000,2,2.763982e-02,
NCOR1->-CARD11,2,1,3.000000,3,2.833333e-01,
TP53->-CDK4,2,1,3.000000,3,1.250000e-01,
TP53->-AKT2,2,1,3.000000,3,8.750000e-02,
NCOR1->-MAP3K1,2,1,3.000000,3,8.978247e-01,
NCOR1->-MAP3K1 TP53->-MAP3K1 TP53->-NCOR1,3,3,2.000000,2,1.021405e-01,
MAP3K1->-PIK3CA NCOR1->-MAP3K1 NCOR1->-PIK3CA,3,3,2.000000,2,2.419376e-01,
PTEN->-NSD1,2,1,3.000000,3,1.065256e-01,
NCOR1->-NSD1 PTEN->-NCOR1 PTEN->-NSD1 TP53->-NCOR1 TP53->-NSD1 TP53->-PTEN,4,6,2.000000,2,1.636905e-03,
MED12->-NSD1,2,1,3.000000,3,2.731904e-01,
PTEN->-MED12,2,1,3.000000,3,1.997202e-01,
NF1->-MED12 PTEN->-MED12 PTEN->-NF1,3,3,2.000000,2,2.121829e-02,
NF1->-NSD1 PTEN->-NF1 PTEN->-NSD1,3,3,2.000000,2,2.121829e-02,
KMT2C->-MED12 PTEN->-KMT2C PTEN->-MED12,3,3,2.000000,2,1.302980e-02,
MAP3K1->-MED12 PTEN->-MAP3K1 PTEN->-MED12,3,3,2.500000,2,2.829396e-03,
NF1->-NCOR1,2,1,3.000000,3,4.391723e-01,
ARID1A->-BRCA2,2,1,3.000000,3,5.319160e-01,
ARID1A->-BRCA2 ARID1A->-PIK3CA PIK3CA->-BRCA2,3,3,2.000000,2,5.461437e-02,
PIK3CA->-PIK3C3,2,1,3.000000,3,1.139270e-01,
PIK3CA->-RASA1,2,1,3.000000,3,2.367216e-01,
ARID1A->-CREBBP,2,1,3.000000,3,2.314961e-01,
ARID1A->-CREBBP CDH1->-ARID1A CDH1->-CREBBP,3,3,2.000000,2,8.962229e-02,
ARID1A->-APC CDH1->-APC CDH1->-ARID1A,3,3,2.000000,2,2.747585e-02,
ARID1A->-CREBBP ARID1A->-PIK3CA PIK3CA->-CREBBP,3,3,2.000000,2,5.420128e-02,
TBX3->-MAP3K1,2,1,3.000000,3,8.859927e-01,
MAP3K1->-PIK3CA TBX3->-MAP3K1 TBX3->-PIK3CA,3,3,2.000000,2,1.889154e-01,
ATM->-TBX3,2,1,3.000000,3,8.636364e-02,
CHEK2->-TP53,2,1,3.000000,3,2.912623e-01,
CHEK2->-PIK3CA CHEK2->-TP53 TP53->-PIK3CA,3,3,2.000000,2,2.698413e-02,
PIK3CA->-HIST1H3B,2,1,3.000000,3,2.208333e-01,
CDH1->-KDM6A,2,1,3.000000,3,4.986213e-01,
MTOR->-CDH1,2,1,3.000000,3,6.872608e-01,
CDH1->-LATS1,2,1,3.000000,3,7.500000e-02,
CDH1->-PBRM1,2,1,3.000000,3,3.125000e-01,
NF1->-ARID1A,2,1,3.000000,3,2.500000e-01,
NF1->-ARID1A PIK3CA->-ARID1A PIK3CA->-NF1,3,3,2.000000,2,4.398148e-02,
SPEN->-GATA3,2,1,3.000000,3,9.499245e-01,
ATM->-ESR1,2,1,3.000000,3,8.750000e-02,
ATRX->-GATA3,2,1,3.000000,3,1.991071e-01,
CDH1->-ARID1B,2,1,3.000000,3,2.752774e-01,
CDH1->-SMARCB1,2,1,3.000000,3,9.523810e-02,
ESR1->-RHOA,2,1,3.000000,3,1.250000e-01,
CDH1->-ESR1 CDH1->-RHOA ESR1->-RHOA,3,3,2.000000,2,2.777778e-02,
CDH1->-ERCC5,2,1,3.000000,3,8.888889e-02,
MAP2K4->-CDH1,2,1,3.000000,3,9.588857e-01,
PIK3CA->-RPS6KB2,2,1,3.000000,3,1.779828e-01,
PTPRS->-ARID2,2,1,3.000000,3,6.620370e-02,
PTPRS->-ARID2 TP53->-ARID2 TP53->-PTPRS,3,3,2.000000,2,5.500000e-03,
ATR->-ARID2 PIK3CA->-ARID2 PIK3CA->-ATR PIK3CA->-PTPRS PTPRS->-ARID2 PTPRS->-ATR,4,6,2.000000,2,1.664402e-03,
TP53->-DNMT3B,2,1,3.000000,3,5.952381e-02,
MAP3K1->-PTPRD,2,1,3.000000,3,2.107515e-01,
PIK3CA->-JAK1,2,1,3.000000,3,7.066163e-01,
ARID1A->-JAK1,2,1,3.000000,3,1.250000e-01,
ARID1A->-JAK1 ARID1A->-PIK3CA JAK1->-PIK3CA,3,3,2.000000,2,7.407407e-02,
CBFB->-ERBB2,2,1,3.000000,3,1.041667e-01,
AKT1->-CBFB,2,1,3.000000,3,7.985147e-01,
BCL6->-CDH1,2,1,3.000000,3,4.635417e-01,
PIK3CA->-FLT1,2,1,3.000000,3,4.385965e-01,
MST1R->-MAP3K1 PIK3CA->-MAP3K1 PIK3CA->-MST1R,3,3,3.000000,3,4.133598e-03,
MST1R->-KMT2C,2,1,3.000000,3,3.058036e-01,
MST1R->-KMT2C PIK3CA->-KMT2C PIK3CA->-MST1R,3,3,2.000000,2,6.911376e-02,
ARID1A->-POLE,2,1,3.000000,3,2.709499e-01,
ARID1A->-POLE PIK3CA->-ARID1A PIK3CA->-POLE,3,3,2.000000,2,7.232171e-02,
ARID1A->-POLE GATA3->-ARID1A GATA3->-POLE,3,3,2.000000,2,1.782662e-02,
BRCA2->-ARID1A,2,1,3.000000,3,5.319160e-01,
CHEK2->-GATA3,2,1,3.000000,3,2.732143e-01,
GATA3->-ASXL1,2,1,3.000000,3,2.168651e-01,
KMT2D->-TP53,2,1,3.000000,3,9.999736e-01,
TP53->-CUL3,2,1,3.000000,3,3.472222e-02,
ARID1A->-ATM,2,1,3.000000,3,3.099603e-01,
PTPRT->-PIK3CA,2,1,3.000000,3,9.868695e-01,
CDH1->-ARID2,2,1,3.000000,3,2.183348e-01,
CDH1->-ARID2 CDH1->-PIK3CA PIK3CA->-ARID2,3,3,2.000000,2,7.357085e-02,
CDH1->-DAXX,2,1,3.000000,3,1.083744e-01,
PIK3CA->-KDM5A,2,1,3.000000,3,3.608631e-01,
ARID1A->-NOTCH4,2,1,3.000000,3,1.245471e-01,
ARID1A->-ATR,2,1,3.000000,3,1.233466e-01,
PIK3CA->-KMT2D PIK3CA->-ROS1 ROS1->-KMT2D,3,3,2.000000,2,2.672636e-02,
ARID1A->-ATR ARID1A->-BCOR BCOR->-ATR PIK3CA->-ARID1A PIK3CA->-ATR PIK3CA->-BCOR PIK3CA->-ROS1 ROS1->-ARID1A ROS1->-ATR ROS1->-BCOR,5,10,2.000000,2,1.775822e-04,
BRCA1->-TET2,2,1,3.000000,3,2.258519e-01,
ESR1->-NCOR1,2,1,3.000000,3,6.562500e-01,
BRCA1-/-RICTOR,2,1,3.000000,3,4.543210e-02,
PTPRT->-KMT2D,2,1,3.000000,3,6.022596e-01,
KMT2D->-PIK3CA PTPRT->-KMT2D PTPRT->-PIK3CA,3,3,2.000000,2,1.596518e-01,
KMT2C->-KMT2D,2,1,3.000000,3,6.795435e-01,
KMT2C->-KMT2D TP53->-KMT2C TP53->-KMT2D,3,3,2.000000,2,1.659035e-01,
KMT2C->-KMT2D PTPRT->-KMT2C PTPRT->-KMT2D,3,3,2.000000,2,2.744840e-02,
NF1->-KMT2D,2,1,3.000000,3,2.625000e-01,
PTPRS->-KMT2C,2,1,3.000000,3,2.776665e-01,
PTPRS->-KMT2C TP53->-KMT2C TP53->-PTPRS,3,3,2.000000,2,2.380952e-02,
PTPRT->-KMT2C,2,1,3.000000,3,1.245059e-01,
PTPRT->-KMT2C TP53->-KMT2C TP53->-PTPRT,3,3,2.000000,2,7.352511e-02,
CREBBP->-TP53,2,1,3.000000,3,9.867951e-01,
ESR1->-SPEN,2,1,3.000000,3,4.437500e-01,
FGFR4->-PIK3CA,2,1,3.000000,3,7.760744e-01,
MEN1->-FAT1,2,1,3.000000,3,9.523810e-02,
TP53->-CDKN1B,2,1,3.000000,3,1.928571e-01,
SF3B1->-GATA3,2,1,3.000000,3,7.483259e-01,
SOX9->-TP53,2,1,3.000000,3,5.367424e-01,
TP53->-NTRK1,2,1,3.000000,3,7.626543e-02,
SPEN->-TP53,2,1,3.000000,3,9.646597e-01,
SPEN->-CDH1,2,1,3.000000,3,9.323150e-01,
SDHB->-GATA3,2,1,3.000000,3,2.139522e-01,
PTEN->-MST1R,2,1,3.000000,3,8.333333e-02,
TP53->-YES1,2,1,3.000000,3,1.080131e-01,
PIK3CA->-YES1 TP53->-PIK3CA TP53->-YES1,3,3,2.000000,2,6.409675e-02,
KDM5C->-TP53,2,1,3.000000,3,5.920163e-01,
MAP2K4->-ESR1,2,1,3.000000,3,4.583333e-02,
NCOR1->-ESR1,2,1,3.000000,3,6.562500e-01,
ESR1->-EGFR,2,1,3.000000,3,1.250000e-01,
ESR1->-EGFR ESR1->-GATA3 GATA3->-EGFR,3,3,2.000000,2,2.777778e-02,
ASXL1->-PIK3CA,2,1,3.000000,3,5.104167e-01,
TP53->-BBC3,2,1,3.000000,3,3.125000e-02,
CBFB->-CDKN1B,2,1,3.000000,3,9.821429e-02,
GATA3->-NF1,2,1,3.000000,3,1.958333e-01,
TP53->-SOX9,2,1,3.000000,3,5.367424e-01,
SOX9->-PTCH1 TP53->-PTCH1 TP53->-SOX9,3,3,2.000000,2,2.537879e-02,
NF1->-APC,2,1,3.000000,3,3.568163e-01,
PIK3CA->-TP53 PIK3CA->-ZFHX3 ZFHX3->-TP53,3,3,3.000000,3,8.778623e-03,
PIK3CA->-ARID1B,2,1,3.000000,3,7.956613e-01,
PIK3CA->-PAK1,2,1,3.000000,3,6.514985e-02,
PIK3CA->-PAK1 PIK3CA->-TP53 TP53->-PAK1,3,3,2.000000,2,8.627164e-03,
ARID1A->-MYC,2,1,3.000000,3,1.922917e-01,
PIK3CA->-ASXL1,2,1,3.000000,3,5.104167e-01,
ARID1A->-APC,2,1,3.000000,3,3.093471e-01,
ERBB2->-PTCH1,2,1,3.000000,3,1.245471e-01,
CDH1->-PTCH1 ERBB2->-CDH1 ERBB2->-PTCH1,3,3,2.000000,2,7.357085e-02,
ERBB2->-PIK3CA ERBB2->-PTCH1 PIK3CA->-PTCH1,3,3,2.000000,2,2.747585e-02,
ERBB2->-KMT2C ERBB2->-PTCH1 KMT2C->-PTCH1,3,3,2.000000,2,2.747585e-02,
PIK3CA->-SOX17,2,1,3.000000,3,2.440476e-01,
TP53->-FLT1,2,1,3.000000,3,8.406433e-02,
CDH1->-NOTCH2,2,1,3.000000,3,7.444853e-02,
TET2->-PIK3CA,2,1,3.000000,3,8.484338e-01,
CBFB->-PTEN,2,1,3.000000,3,2.790179e-01,
NOTCH2->-SPEN,2,1,3.000000,3,4.285714e-02,
TP53->-U2AF1,2,1,3.000000,3,5.000000e-02,
PIK3CA->-BRAF,2,1,3.000000,3,5.000000e-01,
PIK3CA->-STK11,2,1,3.000000,3,8.797161e-01,
TP53->-EIF4A2,2,1,3.000000,3,2.006181e-01,
CDH1->-CDKN2A,2,1,3.000000,3,1.250000e-01,
CDH1->-MSH2,2,1,3.000000,3,1.240809e-01,
KMT2C->-STAT5B,2,1,3.000000,3,4.303101e-02,
KMT2C->-KMT2A,2,1,3.000000,3,4.043882e-01,
TP53->-ERCC4,2,1,3.000000,3,1.103676e-01,
TP53->-ERG,2,1,3.000000,3,8.148148e-02,
PIK3CA->-SMARCD1,2,1,3.000000,3,5.833333e-02,
CTCF->-GATA3,2,1,3.000000,3,2.465278e-01,
FOXP1->-PIK3CA,2,1,3.000000,3,6.634252e-01,
TP53->-RAD54L,2,1,3.000000,3,6.666667e-02,
CTCF->-MAP3K1,2,1,3.000000,3,4.006641e-01,
KMT2A->-MAP3K1,2,1,3.000000,3,3.628486e-01,
TP53->-CSF1R,2,1,3.000000,3,1.083333e-01,
YES1->-PARP1,2,1,3.000000,3,9.181117e-02,
PIK3CA->-PARP1 PIK3CA->-YES1 YES1->-PARP1,3,3,2.000000,2,2.182540e-02,
TP53->-PARP1 TP53->-YES1 YES1->-PARP1,3,3,2.000000,2,2.182540e-02,
TP53->-ATR TP53->-YES1 YES1->-ATR,3,3,2.000000,2,2.182540e-02,
PIK3CA->-ATR PIK3CA->-YES1 YES1->-ATR,3,3,2.000000,2,2.182540e-02,
PTEN->-PIK3CD,2,1,3.000000,3,8.830375e-02,
PTEN->-NBN,2,1,3.000000,3,9.307692e-02,
PTEN->-NBN TP53->-NBN TP53->-PTEN,3,3,2.000000,2,2.777778e-02,
KMT2A->-SETD2,2,1,3.000000,3,9.219048e-02,
PIK3CA->-FGFR1,2,1,3.000000,3,2.123016e-01,
ATR->-ALK,2,1,3.000000,3,6.666667e-02,
ATR->-ALK TP53->-ALK TP53->-ATR,3,3,2.000000,2,2.777778e-02,
MAP2K4->-FOXP1,2,1,3.000000,3,5.000000e-02,
AKT1->-ESR1,2,1,3.000000,3,1.427083e-01,
ARID1A->-ARID5B,2,1,3.000000,3,1.245471e-01,
ARID1A->-ARID5B ARID1A->-TP53 TP53->-ARID5B,3,3,2.000000,2,2.777778e-02,
TP53->-MYCN,2,1,3.000000,3,5.000000e-02,
BRCA1->-GATA2,2,1,3.000000,3,1.207330e-01,
BRCA1->-GATA2 TP53->-BRCA1 TP53->-GATA2,3,3,2.000000,2,6.955524e-02,
CDH1->-PIK3C2G,2,1,3.000000,3,2.856534e-01,
CDH1->-PIK3C2G CDH1->-PIK3CA PIK3CA->-PIK3C2G,3,3,2.000000,2,7.352511e-02,
CDH1->-NOTCH1,2,1,3.000000,3,4.358333e-01,
TP53->-SYK,2,1,3.000000,3,2.877747e-01,
PBRM1->-TP53,2,1,3.000000,3,7.276891e-01,
TP53->-KDM5C,2,1,3.000000,3,5.920163e-01,
ARID1B->-NF1,2,1,3.000000,3,1.041835e-01,
ARID1B->-NF1 PTEN->-ARID1B PTEN->-NF1,3,3,2.000000,2,2.002216e-02,
ARID1B->-KMT2C ARID1B->-NF1 ARID1B->-TSC2 CDH1->-ARID1B CDH1->-KMT2C CDH1->-NF1 CDH1->-TSC2 KMT2C->-NF1 KMT2C->-TSC2 NF1->-TSC2,5,10,2.000000,2,1.531047e-04,
ARID1B->-PTPRS ARID1B->-TSC2 CDH1->-ARID1B CDH1->-PTPRS CDH1->-TSC2 PTPRS->-TSC2,4,6,2.000000,2,1.224181e-03,
SMAD4->-TP53,2,1,3.000000,3,4.183036e-01,
GATA3->-FAT1,2,1,3.000000,3,5.796350e-01,
TP53->-SH2B3,2,1,3.000000,3,1.743763e-01,
STAG2->-TP53,2,1,3.000000,3,9.918143e-01,
FAT1->-TP53,2,1,3.000000,3,9.991293e-01,
TP53->-RET,2,1,3.000000,3,8.482143e-02,
KRAS->-KMT2C,2,1,3.000000,3,2.333978e-01,
PIK3CA->-SOX2,2,1,3.000000,3,4.562165e-02,
PIK3CA->-ARAF,2,1,3.000000,3,3.220352e-01,
PIK3CA->-ARAF PIK3CA->-TP53 TP53->-ARAF,3,3,2.000000,2,4.989871e-02,
CDKN1B->-MAP3K1,2,1,3.000000,3,6.531414e-01,
CDKN1B->-BAP1 CDKN1B->-MAP3K1 MAP3K1->-BAP1 PIK3CA->-BAP1 PIK3CA->-CDKN1B PIK3CA->-MAP3K1,4,6,2.000000,2,1.736111e-03,
PIK3CA->-KLF4,2,1,3.000000,3,4.598214e-01,
CDH1->-EPHA5,2,1,3.000000,3,8.333333e-02,
PTEN->-ARID2,2,1,3.000000,3,1.233466e-01,
PTEN->-ARID2 TP53->-ARID2 TP53->-PTEN,3,3,2.000000,2,7.232171e-02,
EPHA5->-ARID2 EPHA5->-ROS1 ROS1->-ARID2,3,3,2.000000,2,2.672636e-02,
ATRX->-ARID2 EPHA5->-ARID2 EPHA5->-ATRX,3,3,2.000000,2,2.672636e-02,
ATRX->-ARID2 TP53->-ARID2 TP53->-ATRX,3,3,2.000000,2,2.672636e-02,
MAP3K1->-ARID2 PTEN->-ARID2 PTEN->-MAP3K1,3,3,2.000000,2,2.777778e-02,
EPCAM->-ARID2 TP53->-ARID2 TP53->-EPCAM,3,3,2.000000,2,2.777778e-02,
EPCAM->-ARID2 PTEN->-ARID2 PTEN->-EPCAM,3,3,2.000000,2,2.777778e-02,
TP53->-MEN1,2,1,3.000000,3,3.555630e-01,
KRAS->-PIK3CA,2,1,3.000000,3,7.976167e-01,
CDH1->-KDM5C,2,1,3.000000,3,6.845238e-02,
CDH1->-BLM,2,1,3.000000,3,2.709865e-01,
CDH1->-BLM CDH1->-PIK3CA PIK3CA->-BLM,3,3,2.000000,2,5.295893e-02,
PIK3CA->-ABL1,2,1,3.000000,3,2.645833e-01,
TP53->-MST1R,2,1,3.000000,3,1.722470e-01,
PTEN->-MST1R TP53->-MST1R TP53->-PTEN,3,3,2.000000,2,2.777778e-02,
KMT2D->-TBX3,2,1,3.000000,3,1.250000e-01,
KMT2D->-KMT2C,2,1,3.000000,3,6.795435e-01,
ERBB3->-TBX3,2,1,3.000000,3,5.409512e-01,
PTEN->-ZFHX3 TP53->-PTEN TP53->-ZFHX3,3,3,3.000000,3,4.014504e-03,
CDH1->-FLT4,2,1,3.000000,3,8.750000e-02,
RUNX1->-NCOR1,2,1,3.000000,3,8.554688e-01,
PIK3CA->-NCOR1 PIK3CA->-RUNX1 RUNX1->-NCOR1,3,3,2.000000,2,2.632245e-01,
RB1->-TET1,2,1,3.000000,3,3.114035e-01,
PIK3CA->-RB1 PIK3CA->-TET1 RB1->-TET1,3,3,2.000000,2,7.326186e-02,
RB1->-TET1 TP53->-RB1 TP53->-TET1,3,3,2.000000,2,7.407407e-02,
NF1->-KMT2A,2,1,3.000000,3,3.118207e-01,
NF1->-KMT2A TP53->-KMT2A TP53->-NF1,3,3,2.000000,2,2.777778e-02,
NF1->-KMT2A PIK3CA->-KMT2A PIK3CA->-NF1,3,3,2.000000,2,2.747585e-02,
NF1->-TET2,2,1,3.000000,3,1.847543e-01,
NF1->-TET2 TP53->-NF1 TP53->-TET2,3,3,2.000000,2,1.587302e-02,
PIK3CA->-AURKA,2,1,3.000000,3,6.324405e-02,
PIK3CA->-AURKA TP53->-AURKA TP53->-PIK3CA,3,3,2.000000,2,2.777778e-02,
TP53->-AKT1,2,1,3.000000,3,9.994437e-01,
ATR->-EP300,2,1,3.000000,3,8.333333e-02,
NOTCH4->-PIK3CA,2,1,3.000000,3,9.765534e-01,
TP53->-RAD21,2,1,3.000000,3,4.074074e-02,
CBFB->-ESR1,2,1,3.000000,3,2.562500e-01,
CBFB->-ESR1 CBFB->-PIK3CA PIK3CA->-ESR1,3,3,2.000000,2,1.111111e-02,
RHOA->-GATA3,2,1,3.000000,3,1.026786e-01,
PIK3CA->-GATA3 RHOA->-GATA3 RHOA->-PIK3CA,3,3,2.000000,2,5.753968e-02,
CDH1->-GATA3 CDH1->-RHOA RHOA->-GATA3,3,3,2.000000,2,1.785714e-02,
TP53->-FOXP1,2,1,3.000000,3,1.995059e-01,
PIK3CA->-NCOA3,2,1,3.000000,3,1.037893e-01,
MAP2K4->-APC,2,1,3.000000,3,5.733333e-02,
APC->-ATM,2,1,3.000000,3,6.568939e-02,
APC->-ATM APC->-PIK3CA PIK3CA->-ATM,3,3,2.000000,2,3.896970e-02,
ARID1A->-NCOR1 PIK3CA->-ARID1A PIK3CA->-NCOR1,3,3,3.000000,3,1.607790e-02,
SMAD4->-ESR1,2,1,3.000000,3,1.041667e-01,
SMAD4->-CDH1,2,1,3.000000,3,6.630762e-01,
PIK3CA->-RNF43,2,1,3.000000,3,1.596296e-01,
PIK3CA->-SDHB,2,1,3.000000,3,2.139522e-01,
PIK3CA->-SDHB TP53->-PIK3CA TP53->-SDHB,3,3,2.000000,2,6.703808e-02,
CBFB->-KMT2C,2,1,3.000000,3,3.958333e-01,
CBFB->-KMT2C CBFB->-PIK3CA KMT2C->-PIK3CA,3,3,2.000000,2,1.218975e-01,
TP53->-AXL,2,1,3.000000,3,1.925926e-01,
RAD52->-TP53,2,1,3.000000,3,2.288272e-01,
TP53->-HGF,2,1,3.000000,3,9.247685e-02,
PTEN->-BCOR,2,1,3.000000,3,1.233466e-01,
SPEN->-ATM,2,1,3.000000,3,4.731599e-01,
SPEN->-ATM SPEN->-TP53 TP53->-ATM,3,3,2.000000,2,4.334803e-02,
SPEN->-FAT1,2,1,3.000000,3,5.516582e-01,
AKT1->-TET2,2,1,3.000000,3,2.424206e-01,
AKT1->-TET2 AKT1->-TP53 TP53->-TET2,3,3,2.000000,2,5.423280e-02,
FGFR4->-KMT2D,2,1,3.000000,3,1.245833e-01,
PIK3CA->-ERCC5,2,1,3.000000,3,3.118750e-01,
PIK3CA->-APC PIK3CA->-SPEN SPEN->-APC,3,3,3.000000,3,7.377686e-03,
PIK3CA->-APC PIK3CA->-SPEN PIK3CA->-TP53 SPEN->-APC TP53->-APC TP53->-SPEN,4,6,2.000000,2,1.701389e-03,
TP53->-HIST3H3,2,1,3.000000,3,8.300395e-02,
BRCA1->-PIK3CA,2,1,3.000000,3,7.683390e-01,
BRCA1->-PIK3CA TP53->-BRCA1 TP53->-PIK3CA,3,3,2.000000,2,4.582256e-02,
CDH1->-PIK3CA CREBBP->-CDH1 CREBBP->-PIK3CA,3,3,2.000000,2,2.936316e-01,
CREBBP->-CDH1,2,1,3.000000,3,9.210534e-01,
JAK1->-TP53,2,1,3.000000,3,8.112384e-01,
JAK1->-PIK3CA JAK1->-TP53 TP53->-PIK3CA,3,3,2.000000,2,7.275132e-02,
BRCA2->-TP53,2,1,3.000000,3,9.824506e-01,
TP53->-ABL1,2,1,3.000000,3,3.327372e-01,
NCOR1->-TBX3,2,1,3.000000,3,2.787249e-01,
CDH1->-TBX3 NCOR1->-CDH1 NCOR1->-TBX3,3,3,2.000000,2,1.785714e-02,
FAT1->-SPEN,2,1,3.000000,3,5.516582e-01,
MAP2K4->-TET2,2,1,3.000000,3,7.800454e-02,
CDH1->-TET2 MAP2K4->-CDH1 MAP2K4->-TET2,3,3,2.000000,2,1.819292e-02,
CDH1->-MTOR MAP2K4->-CDH1 MAP2K4->-MTOR,3,3,2.000000,2,1.819292e-02,
CDH1->-IRF4,2,1,3.000000,3,1.026786e-01,
ROS1->-KMT2D,2,1,3.000000,3,2.345216e-01,
ROS1->-ARID1A,2,1,3.000000,3,1.769896e-01,
PIK3CA->-FGF4,2,1,3.000000,3,8.406433e-02,
LATS1->-KMT2C,2,1,3.000000,3,2.545455e-01,
GATA3->-RICTOR,2,1,3.000000,3,3.177083e-01,
GATA3->-RICTOR TP53->-GATA3 TP53->-RICTOR,3,3,2.000000,2,8.267196e-03,
TP53->-IDH1,2,1,3.000000,3,5.972845e-02,
ASXL2->-PIK3CA,2,1,3.000000,3,5.840630e-01,
PIK3CA->-AXL,2,1,3.000000,3,5.327381e-01,
KDM6A->-PIK3CA,2,1,3.000000,3,2.325565e-01,
DDR2->-PIK3CA,2,1,3.000000,3,6.190476e-02,
PIK3CA->-TRAF2,2,1,3.000000,3,2.488987e-01,
PIK3CA->-TP53 PIK3CA->-TRAF2 TP53->-TRAF2,3,3,2.000000,2,1.277018e-02,
ARID1B->-KMT2C,2,1,3.000000,3,1.008566e-01,
ARID1B->-KMT2C ARID1B->-PIK3CA KMT2C->-PIK3CA,3,3,2.000000,2,2.319285e-02,
ARID1B->-PTCH1,2,1,2.000000,2,2.344416e-01,
PIK3CA->-CDKN1A,2,1,3.000000,3,3.905074e-01,
PIK3CA->-CDKN1A PIK3CA->-TP53 TP53->-CDKN1A,3,3,2.000000,2,6.816896e-02,
TP53->-HIST1H1C,2,1,3.000000,3,1.531820e-01,
PBRM1->-ERBB3,2,1,3.000000,3,9.687500e-02,
TBX3->-PTCH1,2,1,3.000000,3,1.245471e-01,
AKT1->-CTCF,2,1,3.000000,3,1.589583e-01,
MAP3K1->-FAT1,2,1,3.000000,3,9.340659e-02,
TP53->-NFKBIA,2,1,3.000000,3,9.882479e-02,
CBFB->-SPEN,2,1,3.000000,3,9.821429e-02,
CBFB->-SPEN GATA3->-CBFB GATA3->-SPEN,3,3,2.000000,2,5.671296e-02,
TP53->-BLM,2,1,3.000000,3,1.623051e-01,
PTPRS->-TSC2,2,1,3.000000,3,7.382146e-02,
TP53->-PDGFRB,2,1,3.000000,3,1.187507e-01,
TP53->-PIK3CD,2,1,3.000000,3,1.185897e-01,
PTEN->-PIK3CD TP53->-PIK3CD TP53->-PTEN,3,3,2.000000,2,2.408702e-02,
PTEN->-ROS1,2,1,3.000000,3,3.100198e-01,
TP53->-PIK3R3,2,1,3.000000,3,5.833333e-02,
CDH1->-PIK3CA GPS2->-CDH1 GPS2->-PIK3CA,3,3,3.000000,3,1.221001e-02,
INPP4A->-ESR1,2,1,3.000000,3,3.125000e-01,
INPP4A->-ESR1 PIK3CA->-ESR1 PIK3CA->-INPP4A,3,3,2.000000,2,7.407407e-02,
TBX3->-ERBB2,2,1,3.000000,3,7.913946e-01,
CDH1->-ERBB2 TBX3->-CDH1 TBX3->-ERBB2,3,3,2.000000,2,1.241109e-01,
CDH1->-TSC2,2,1,3.000000,3,8.164585e-02,
ERBB2->-ARID1A,2,1,3.000000,3,2.651099e-01,
GATA3->-ALK,2,1,3.000000,3,2.500000e-01,
PDGFRA->-PIK3CA,2,1,3.000000,3,6.695143e-01,
ERBB2->-ARID2,2,1,3.000000,3,9.306816e-02,
PIK3CA->-RAD54L,2,1,3.000000,3,2.617062e-01,
PTPRS->-MAP3K1,2,1,3.000000,3,3.065620e-01,
MAP3K1->-ERCC5,2,1,3.000000,3,3.933995e-01,
MAP3K1->-ERCC5 TP53->-ERCC5 TP53->-MAP3K1,3,3,2.000000,2,6.412919e-02,
NOTCH1->-ATM,2,1,2.500000,2,4.285467e-01,
SDHB->-TP53,2,1,2.500000,2,7.015581e-01,
PTEN->-FOXA1,2,1,2.500000,2,3.834466e-01,
PIK3CA->-MEN1,2,1,2.500000,2,9.708648e-01,
CDH1->-ARID5B CDH1->-MEN1 CDH1->-PIK3CA MEN1->-ARID5B PIK3CA->-ARID5B PIK3CA->-MEN1,4,6,2.000000,2,1.233501e-03,
CDH1->-CREBBP CDH1->-MEN1 CDH1->-PIK3CA MEN1->-CREBBP PIK3CA->-CREBBP PIK3CA->-MEN1,4,6,2.000000,2,1.233501e-03,
CDH1->-KMT2C CDH1->-MEN1 CDH1->-PIK3CA MEN1->-KMT2C PIK3CA->-KMT2C PIK3CA->-MEN1,4,6,2.000000,2,1.233501e-03,
CDH1->-KRAS,2,1,2.000000,2,2.159634e-01,
KMT2C-/-PIK3CA,2,1,2.500000,0,8.231869e-01,
ERBB2->-RICTOR,2,1,2.500000,2,1.086617e-01,
RUNX1->-MAP3K1,2,1,2.500000,2,4.916667e-01,
PIK3CA->-KIT,2,1,2.500000,2,2.600384e-01,
TP53->-FOXL2,2,1,2.500000,2,5.148148e-02,
MAP2K4->-ARID1A,2,1,2.500000,2,9.000000e-02,
PIK3CA-/-RICTOR,2,1,2.500000,2,5.153683e-01,
PIK3CA-/-RFWD2,2,1,2.500000,2,5.505622e-02,
TP53->-PMS2,2,1,2.500000,2,9.297840e-02,
MAP3K1->-JAK1,2,1,2.500000,2,7.005495e-02,
KMT2C->-AKT1,2,1,2.500000,2,7.863137e-01,
NF1->-ASXL1,2,1,2.500000,2,9.583333e-02,
MAP3K1->-FANCA,2,1,2.500000,2,2.172860e-01,
MED12-/-TP53,2,1,2.500000,2,2.558172e-01,
CDH1->-FBXW7,2,1,2.500000,2,1.041667e-01,
PIK3CA->-FGFR4,2,1,2.500000,2,8.232648e-01,
PIK3CA->-GPS2,2,1,2.500000,2,8.311674e-01,
PIK3CA->-LATS2,2,1,2.500000,2,6.214698e-01,
FGFR4-/-PIK3CA,2,1,2.500000,2,5.213675e-03,
TP53->-LATS2,2,1,2.500000,2,3.080543e-01,
MAP2K4->-MED12,2,1,2.500000,2,1.250000e-01,
POLE->-PIK3CB,2,1,2.500000,2,1.006706e-01,
GATA3->-BRCA1,2,1,2.500000,2,3.766319e-01,
CDH1->-SF3B1,2,1,2.500000,2,2.750000e-01,
SPEN->-KMT2C,2,1,2.500000,2,6.950865e-01,
GATA3-/-IGF1R,2,1,2.500000,2,5.963636e-02,
CDH1->-MDC1,2,1,2.500000,2,2.389683e-01,
ATRX->-FLT4,2,1,2.500000,2,1.114583e-01,
AKT1->-GPS2,2,1,2.500000,2,9.791667e-02,
PIK3CA->-CDK12,2,1,2.500000,2,1.915075e-01,
ESR1->-ERBB4,2,1,2.500000,2,2.937500e-01,
SMAD4->-NCOR1,2,1,2.500000,2,1.125850e-01,
MED12->-PIK3CA,2,1,2.500000,2,9.755078e-01,
PIK3CA->-FUBP1,2,1,2.500000,2,1.109743e-01,
NCOR1->-FLT4,2,1,2.500000,2,1.250000e-01,
FAT1->-FLT4,2,1,2.500000,2,1.041667e-01,
FAT1->-FLT4 PIK3CA->-FAT1 PIK3CA->-FLT4,3,3,2.000000,2,2.777778e-02,
FAT1->-NF1 PIK3CA->-FAT1 PIK3CA->-NF1,3,3,2.000000,2,7.407407e-02,
APC->-PARP1,2,1,2.500000,2,1.031855e-01,
KMT2C->-NOTCH3,2,1,2.500000,2,1.042421e-01,
KMT2C->-AR,2,1,2.500000,2,3.790147e-01,
BRCA1->-CREBBP,2,1,2.500000,2,2.725987e-01,
CDH1->-IKBKE,2,1,2.500000,2,1.044137e-01,
GATA3-/-TP53,2,1,2.500000,2,7.295517e-01,
CDH1->-GATA3 CDH1->-TP53 GATA3-/-TP53,3,3,2.000000,2,8.403361e-04,
CDH1->-BRCA1 TP53->-BRCA1 TP53->-CDH1,3,3,2.500000,2,7.058856e-03,
ROS1->-BCOR,2,1,2.500000,2,1.053642e-01,
MAP3K1->-PTEN,2,1,2.500000,2,9.606253e-01,
FAT1->-PTEN,2,1,2.500000,2,5.589010e-01,
NOTCH4->-APC,2,1,2.500000,2,2.304576e-01,
SETD2->-LATS2,2,1,2.000000,2,3.923002e-01,
SETD2->-ESR1,2,1,2.000000,2,1.500975e-01,
ESR1->-LATS2,2,1,2.000000,2,2.744071e-01,
NOTCH1->-LATS2,2,1,2.000000,2,7.236842e-02,
PIK3CA->-RAD51C,2,1,2.000000,1,7.050713e-01,
SETD2->-ATRX,2,1,2.000000,2,2.221681e-01,
ARID1A->-CARD11 SETD2->-ARID1A SETD2->-CARD11,3,3,2.000000,2,2.209269e-02,
ARID2->-CARD11 SETD2->-ARID2 SETD2->-CARD11,3,3,2.000000,2,2.209269e-02,
AMER1->-PIK3CA CASP8->-AMER1 CASP8->-PIK3CA,3,3,2.000000,2,1.871275e-02,
ESR1->-AMER1,2,1,2.000000,2,4.396408e-01,
CCNE1->-RICTOR PIK3CA->-CCNE1 PIK3CA->-RICTOR,3,3,2.000000,2,2.296182e-02,
CCNE1->-IGF1R PIK3CA->-CCNE1 PIK3CA->-IGF1R,3,3,2.000000,2,2.296182e-02,
ESR1->-DNMT3B,2,1,2.000000,2,4.751462e-01,
TET1->-ARID2,2,1,2.000000,2,2.251462e-01,
ARID2->-FAT1,2,1,2.000000,2,5.215710e-01,
ARID2->-IGF1R,2,1,2.000000,2,4.121361e-01,
ARID1A->-IGF1R,2,1,2.000000,2,5.274093e-01,
INHA->-PIK3CA,2,1,2.000000,2,2.242563e-01,
TET1->-PIK3CA,2,1,2.000000,2,9.435357e-01,
ATRX-/-IGF1R,2,1,2.000000,2,3.742690e-02,
ESR1->-NOTCH1,2,1,2.000000,2,5.676126e-01,
ESR1->-TET1,2,1,2.000000,2,6.688596e-01,
NOTCH1->-IGF1R NOTCH1->-PIK3CA PIK3CA->-IGF1R,3,3,2.000000,2,5.705663e-03,
TET1->-DNMT3B,2,1,2.000000,2,2.251462e-01,
FAT1->-CARD11 TET1->-CARD11 TET1->-FAT1,3,3,2.000000,2,6.604747e-02,
ARID1A->-DNMT3B,2,1,2.000000,2,6.681684e-01,
ERBB3-/-PIK3CA,2,1,2.000000,2,2.962952e-01,
SETD2->-BRCA2,2,1,2.000000,2,5.000000e-01,
FAT1->-DICER1,2,1,2.000000,2,2.500000e-01,
SETD2->-FGFR4,2,1,2.000000,2,1.861538e-01,
MSH6->-PIK3CA,2,1,2.000000,2,8.903646e-01,
ATM->-MSH6,2,1,2.000000,2,2.491667e-01,
EP300->-MAP3K1,2,1,2.000000,2,2.500000e-01,
TP53->-RAB35,2,1,2.000000,2,1.666667e-01,
KDM5A->-PIK3CA,2,1,2.000000,2,7.120536e-01,
CDH1->-KDM5A,2,1,2.000000,2,1.240602e-01,
GATA3->-BRCA2,2,1,2.000000,2,6.482143e-01,
MEN1->-KMT2A,2,1,2.000000,2,1.428571e-01,
RECQL4->-TP53,2,1,2.000000,2,8.787148e-01,
TET1->-ARID1B,2,1,2.000000,2,2.500000e-01,
ARID2->-PTPRD,2,1,2.000000,2,2.500000e-01,
PTPRD->-XPO1,2,1,2.000000,2,1.964286e-01,
ARID2->-KMT2C,2,1,2.000000,2,6.868207e-01,
TP53->-RYBP,2,1,2.000000,2,1.597222e-01,
SMO->-MEN1,2,1,2.000000,2,1.384784e-01,
SMO->-KMT2C,2,1,2.000000,2,1.384784e-01,
KMT2C->-CDK8,2,1,2.000000,2,1.591435e-01,
MAP3K1-/-PIK3CA,2,1,2.000000,0,9.683153e-01,
CDH1->-DOT1L CDH1->-PIK3CA PIK3CA->-DOT1L,3,3,2.000000,2,2.777778e-02,
CDH1->-EZH2 CDH1->-TP53 TP53->-EZH2,3,3,2.000000,2,2.777778e-02,
CDH1->-TSC1,2,1,2.000000,2,2.333333e-01,
ARID1A->-DOT1L ARID1A->-FOXA1 DOT1L->-FOXA1,3,3,2.000000,2,7.936508e-03,
FOXA1->-FH,2,1,2.000000,2,1.750000e-01,
MAP3K1->-CBFB,2,1,2.000000,2,9.850865e-01,
MAP3K1->-EGFR,2,1,2.000000,2,2.500000e-01,
SPOP->-MAP3K1,2,1,2.000000,2,6.238095e-01,
AKT1->-EGFR,2,1,2.000000,2,2.013889e-01,
MTOR->-DNMT1,2,1,2.000000,2,2.500000e-01,
AR->-ARID1A,2,1,2.000000,2,4.368132e-01,
CDH1->-NTRK2,2,1,2.000000,2,4.324769e-01,
PIK3CA->-XIAP,2,1,2.000000,2,2.170330e-01,
PIK3CA->-TGFBR1,2,1,2.000000,2,2.500000e-01,
MAP3K1->-TGFBR1,2,1,2.000000,2,2.500000e-01,
MAP3K1->-ERBB2,2,1,2.000000,2,8.656034e-01,
RB1->-FOXP1,2,1,2.000000,2,2.485380e-01,
PDCD1->-FOXP1,2,1,2.000000,2,2.475556e-01,
ASXL2->-FOXP1 PIK3CA->-ASXL2 PIK3CA->-FOXP1,3,3,2.000000,2,2.729045e-02,
PDCD1->-RB1 PIK3CA->-PDCD1 PIK3CA->-RB1,3,3,2.000000,2,2.729045e-02,
PDCD1->-FAT1 PIK3CA->-FAT1 PIK3CA->-PDCD1,3,3,2.000000,2,2.729045e-02,
ASXL2->-RB1,2,1,2.000000,2,1.656920e-01,
STAG2->-RICTOR,2,1,2.000000,2,2.154812e-01,
PIK3CA->-RICTOR PIK3CA->-SMO SMO->-RICTOR,3,3,2.000000,2,2.165909e-02,
STAG2->-TET1,2,1,2.000000,2,2.485380e-01,
STAG2->-CHEK2,2,1,2.000000,2,4.985380e-01,
NCOR1->-FGFR3,2,1,2.000000,2,2.476375e-01,
PIK3CA->-TSC1,2,1,2.000000,2,4.166838e-01,
NCOR1->-TSC1,2,1,2.000000,2,2.319688e-01,
FOXA1->-ERBB2,2,1,2.000000,2,8.684524e-01,
CDK12->-MAP3K1,2,1,2.000000,2,2.436613e-01,
NSD1->-PIK3CA TP53->-NSD1 TP53->-PIK3CA,3,3,2.000000,2,8.806471e-02,
ARID2->-IKZF1 ARID2->-PIK3CA IKZF1->-PIK3CA,3,3,2.000000,2,1.587302e-02,
ARID2->-NSD1,2,1,2.000000,2,4.404762e-01,
CDH1->-BCOR,2,1,2.000000,2,5.000000e-01,
CDKN2A->-KMT2C,2,1,2.000000,2,2.500000e-01,
TP53->-CHEK2,2,1,2.000000,2,6.493367e-01,
BRCA2->-ZFHX3,2,1,2.000000,2,2.768182e-01,
PIK3CA->-RAD21,2,1,2.000000,2,3.163600e-01,
FGFR3->-PIK3CA,2,1,2.000000,2,7.102147e-01,
FBXW7->-EPHA7,2,1,2.000000,2,1.495116e-01,
FBXW7->-SMARCA4,2,1,2.000000,2,2.170330e-01,
FBXW7->-PDGFRA,2,1,2.000000,2,2.110043e-01,
GATA3->-GRIN2A,2,1,2.000000,2,1.833333e-01,
ARID1A->-FGFR3,2,1,2.000000,2,1.826691e-01,
ARID1A->-MET,2,1,2.000000,2,1.833333e-01,
CDH1->-FOXL2,2,1,2.000000,2,2.500000e-01,
AKT1->-EPHA7,2,1,2.000000,2,2.500000e-01,
AKT1->-CD276,2,1,2.000000,2,1.666667e-01,
ATM->-MDC1,2,1,2.000000,2,3.608617e-01,
TP53->-TOP1,2,1,2.000000,2,1.318182e-01,
LATS1->-ROS1,2,1,2.000000,2,4.250000e-01,
CDH1->-KLF4,2,1,2.000000,2,2.500000e-01,
CDH1->-IGF1R,2,1,2.000000,2,2.500000e-01,
KLF4->-GRIN2A,2,1,2.000000,2,2.500000e-01,
RAD51C->-PIK3CA,2,1,2.000000,2,7.050713e-01,
MAP3K1->-RAD51C,2,1,2.000000,2,1.252723e-01,
EPHA7->-HIST1H3B,2,1,2.000000,2,1.879085e-01,
MDC1->-HIST1H3B,2,1,2.000000,2,1.879085e-01,
MDC1->-CARD11 MDC1->-PIK3CA PIK3CA->-CARD11,3,3,2.000000,2,1.589733e-02,
MAP3K1->-RICTOR,2,1,2.000000,2,1.879085e-01,
TCF7L2->-PIK3CA,2,1,2.000000,2,2.753305e-01,
MAP3K1->-PIK3C3,2,1,2.000000,2,2.515147e-01,
TCF7L2->-PIK3C3,2,1,2.000000,2,8.259714e-02,
PIK3C3-/-RFWD2,2,1,2.000000,2,3.792286e-02,
MAP3K1->-IRS1,2,1,2.000000,2,1.879085e-01,
ATR-/-CARD11 TP53->-ATR TP53->-CARD11,3,3,2.000000,2,8.140174e-04,
RFWD2->-ATR TP53->-ATR TP53->-RFWD2,3,3,2.000000,2,1.261693e-02,
TP53->-HIST1H3I,2,1,2.000000,2,1.850198e-01,
PTEN->-NOTCH2,2,1,2.000000,2,1.875000e-01,
PTEN->-AR,2,1,2.000000,2,1.875000e-01,
ATM-/-NOTCH2 TP53->-ATM TP53->-NOTCH2,3,3,2.000000,2,6.250000e-03,
PIK3CA->-H3F3B,2,1,2.000000,2,1.666667e-01,
TP53->-ZRSR2,2,1,2.000000,2,3.508117e-01,
TP53->-AMER1,2,1,2.000000,2,4.317669e-01,
NOTCH2->-CREBBP TP53->-CREBBP TP53->-NOTCH2,3,3,2.000000,2,9.424603e-03,
ESR1->-CREBBP,2,1,2.000000,2,2.142857e-01,
PIK3CA->-CREBBP PIK3CA->-PLK2 PLK2->-CREBBP,3,3,2.000000,2,5.051409e-02,
MAP2K1->-ESR1,2,1,2.000000,2,1.875000e-01,
PIK3CA->-PMS2,2,1,2.000000,2,1.805556e-01,
NOTCH4-/-ROS1,2,1,2.000000,1,6.691087e-02,
CDKN2A->-NOTCH4 PIK3CA->-CDKN2A PIK3CA->-NOTCH4,3,3,2.000000,2,1.276786e-02,
CDKN2A->-EP300,2,1,2.000000,2,1.805556e-01,
ESR1->-JAK1,2,1,2.000000,2,5.000000e-01,
ALK->-MAP3K1,2,1,2.000000,2,5.877778e-01,
CCNE1->-ESR1 CCNE1->-MAP3K1 ESR1->-MAP3K1,3,3,2.000000,2,2.777778e-02,
PIK3CA->-FLT3,2,1,2.000000,2,7.750000e-01,
MYC->-PIK3CA,2,1,2.000000,2,6.453125e-01,
GATA3->-HIST1H3F,2,1,2.000000,2,2.500000e-01,
MEN1->-MAP3K1,2,1,2.000000,2,7.084573e-01,
MAP3K1->-ATM,2,1,2.000000,2,7.379301e-01,
ATM->-CHEK2,2,1,2.000000,2,2.476190e-01,
CHEK2->-FLT3,2,1,2.000000,2,1.976190e-01,
KMT2C->-MYC,2,1,2.000000,2,2.500000e-01,
FLT3->-SPEN GATA3->-FLT3 GATA3->-SPEN STAG2->-FLT3 STAG2->-GATA3 STAG2->-SPEN,4,6,2.000000,2,9.424603e-04,
PIK3CA->-NUP93 PIK3CA->-SPEN SPEN->-NUP93,3,3,2.000000,2,2.750000e-02,
ATM->-NUP93,2,1,2.000000,2,2.491667e-01,
ATM->-EGFR,2,1,2.000000,2,2.500000e-01,
FLT3->-EGFR,2,1,2.000000,2,2.500000e-01,
ERBB3->-NUP93,2,1,2.000000,2,1.160714e-01,
ERBB3->-ARID1A MAP3K1->-ARID1A MAP3K1->-ERBB3,3,3,2.000000,2,1.678877e-02,
CDH1->-CSF1R,2,1,2.000000,2,2.500000e-01,
CDH1->-MPL,2,1,2.000000,2,2.150997e-01,
CIC->-ARID1A,2,1,2.000000,2,3.750000e-01,
ATR->-TP53,2,1,2.000000,2,9.992368e-01,
ABL1->-TP53,2,1,2.000000,2,6.833903e-01,
PIK3CA->-TP53 SMARCA4->-PIK3CA SMARCA4->-TP53,3,3,2.000000,2,1.490571e-01,
SMARCA4->-ATR,2,1,2.000000,2,2.466931e-01,
RAD54L->-KMT2C,2,1,2.000000,2,4.902303e-01,
TSC2->-TP53,2,1,2.000000,2,9.707209e-01,
ROS1->-TP53 TBX3->-ROS1 TBX3->-TP53,3,3,2.000000,2,4.380511e-02,
TBX3->-TSC2,2,1,2.000000,2,2.490942e-01,
ESR1-/-PIK3CA,2,1,2.000000,2,9.643377e-01,
KMT2C->-KDM5C,2,1,2.000000,2,3.833333e-01,
KMT2C->-RAD50,2,1,2.000000,2,3.194888e-01,
ANKRD11->-BRCA2,2,1,2.000000,2,2.997619e-01,
ANKRD11->-CDH1,2,1,2.000000,2,8.465107e-01,
TBX3->-PIK3CG,2,1,2.000000,2,2.171053e-01,
TP53->-DIS3,2,1,2.000000,2,2.171053e-01,
PIK3CG->-JAK3 PTEN->-JAK3 PTEN->-PIK3CG,3,3,2.000000,2,1.252963e-02,
CDK12->-JAK3 PTEN->-CDK12 PTEN->-JAK3,3,3,2.000000,2,1.252963e-02,
PIK3CG->-PTPRS TP53->-PIK3CG TP53->-PTPRS,3,3,2.000000,2,8.251532e-03,
CDH1->-FOXA1 CDH1->-PIK3CG PIK3CG->-FOXA1,3,3,2.000000,2,2.100390e-02,
DDR2->-PIK3CG,2,1,2.000000,2,2.015977e-01,
AMER1->-JAK3,2,1,2.000000,2,1.929825e-01,
CDH1->-FLT3 CDH1->-JAK3 FLT3->-JAK3,3,3,2.000000,2,2.100390e-02,
ABL1->-JAK3 CDH1->-ABL1 CDH1->-JAK3,3,3,2.000000,2,2.100390e-02,
MAP2K4->-EPHB1,2,1,2.000000,2,1.778195e-01,
MAP2K4->-FOXA1,2,1,2.000000,2,4.671053e-01,
TBX3->-MAP2K4,2,1,2.000000,2,4.553258e-01,
MAP2K4->-DDR2,2,1,2.000000,2,2.171053e-01,
PTEN->-DDR2,2,1,2.000000,2,5.721930e-01,
CDK12->-AMER1,2,1,2.000000,2,9.543088e-02,
FAT1->-ATRX PTEN->-ATRX PTEN->-FAT1,3,3,2.000000,2,2.100390e-02,
FAT1->-ATRX TP53->-ATRX TP53->-FAT1,3,3,2.000000,2,2.100390e-02,
FLT3->-PTPRS,2,1,2.000000,2,2.171053e-01,
TBX3->-PTPRS,2,1,2.000000,2,2.163186e-01,
EPHB1->-KDM5A TP53->-EPHB1 TP53->-KDM5A,3,3,2.000000,2,2.100390e-02,
TBX3->-KDM5A,2,1,2.000000,2,1.447368e-01,
CDK12->-FOXA1,2,1,2.000000,2,4.034372e-01,
CDK12->-TBX3,2,1,2.000000,2,2.171053e-01,
SDHB->-INPP4B,2,1,2.000000,2,1.764706e-01,
NF1->-HIST1H3B,2,1,2.000000,2,1.875000e-01,
PIK3CA->-MAP3K13,2,1,2.000000,2,6.625616e-01,
PIK3CA->-H3F3C,2,1,2.000000,2,5.000000e-01,
ATM->-PLK2 PIK3CA->-ATM PIK3CA->-PLK2,3,3,2.000000,2,1.657051e-02,
CDH1->-CTCF CDH1->-ERBB3 ERBB3->-CTCF,3,3,2.000000,2,3.472222e-03,
PLK2->-KMT2D,2,1,2.000000,2,2.500000e-01,
CDKN2A->-KMT2D TP53->-CDKN2A TP53->-KMT2D,3,3,2.000000,2,2.750000e-02,
PIK3CA->-LATS1,2,1,2.000000,2,6.197917e-01,
PIK3CA->-CREBBP PIK3CA->-PTPRD PTPRD->-CREBBP,3,3,2.000000,2,9.185773e-03,
LATS1->-GLI1,2,1,2.000000,2,1.597222e-01,
DICER1->-PTCH1,2,1,2.000000,2,1.861538e-01,
DNMT3A->-TP53,2,1,2.000000,2,9.473530e-01,
BRCA2->-ATR,2,1,2.000000,2,1.551515e-01,
BRCA2->-TET2,2,1,2.000000,2,2.181818e-01,
ARID1B->-DICER1,2,1,2.000000,2,4.121970e-01,
CIC->-ARID1B,2,1,2.000000,2,2.121212e-01,
BLM->-ARID1B,2,1,2.000000,2,2.053476e-01,
ARID2->-ALK,2,1,2.000000,2,4.944444e-01,
PIK3CA->-CDC73,2,1,2.000000,2,5.801091e-01,
PIK3CA->-DNMT1 PTEN->-DNMT1 PTEN->-PIK3CA,3,3,2.000000,2,1.657051e-02,
TP53->-SOS1,2,1,2.000000,2,1.125926e-01,
IRS2->-AXIN1,2,1,2.000000,2,1.794444e-01,
NCOR1->-AXIN1,2,1,2.000000,2,2.111111e-01,
PTEN->-CARD11 TP53->-CARD11 TP53->-PTEN,3,3,2.000000,2,1.893117e-02,
PTEN->-RASA1,2,1,2.000000,2,2.111111e-01,
NCOR1->-RASA1,2,1,2.000000,2,2.111111e-01,
PIK3CA->-CDK4,2,1,2.000000,2,2.500000e-01,
ESR1->-TP53 PIK3CA->-ESR1 PIK3CA->-TP53,3,3,2.000000,2,1.068102e-01,
PIK3CA->-ERCC2,2,1,2.000000,2,3.458333e-01,
TP53->-SPOP,2,1,2.000000,2,2.476190e-01,
MAP3K1->-FGFR4 PTEN->-FGFR4 PTEN->-MAP3K1,3,3,2.000000,2,1.609707e-02,
ATR->-NSD1,2,1,2.000000,2,2.476190e-01,
ATR->-ERCC5 TP53->-ATR TP53->-ERCC5,3,3,2.000000,2,4.883190e-02,
ERCC5->-FGFR4 TP53->-ERCC5 TP53->-FGFR4,3,3,2.000000,2,2.671429e-02,
NF1->-ERCC5 TP53->-ERCC5 TP53->-NF1,3,3,2.000000,2,2.698413e-02,
NF1->-PRDM1,2,1,2.000000,2,1.815873e-01,
MED12->-FGFR4,2,1,2.000000,2,4.339341e-01,
SPOP->-NF1,2,1,2.000000,2,2.476190e-01,
RUNX1->-CDKN1B,2,1,2.000000,2,1.666667e-01,
TP53->-PAX5,2,1,2.000000,2,1.250000e-01,
ARID1A->-PIK3C2G,2,1,2.000000,1,4.959127e-01,
NF1->-CTCF,2,1,2.000000,2,2.500000e-01,
NF1->-PTEN,2,1,2.000000,2,9.903892e-01,
PIK3CA->-STAT5A,2,1,2.000000,2,1.369963e-01,
CDH1->-PIK3C3 CDH1->-PIK3CA PIK3CA->-PIK3C3,3,3,2.000000,2,9.201116e-03,
CDH1->-RASA1 CDH1->-RECQL4 RASA1->-RECQL4,3,3,2.000000,2,1.574676e-02,
CDH1->-GLI1 CDH1->-PIK3CA PIK3CA->-GLI1,3,3,2.000000,2,1.592693e-02,
PIK3CA->-GLI1 TBX3->-GLI1 TBX3->-PIK3CA,3,3,2.000000,2,1.592693e-02,
TBX3->-CREBBP,2,1,2.000000,2,9.340659e-02,
ARID1A->-TBX3,2,1,2.000000,2,6.977965e-01,
CDH1->-RASA1 CDH1->-TBX3 TBX3->-RASA1,3,3,2.000000,2,1.610195e-02,
ARID1A->-GLI1,2,1,2.000000,2,3.540491e-01,
ARID1A->-RFWD2,2,1,2.000000,2,1.868132e-01,
BRAF->-PIK3CA,2,1,2.000000,2,8.125000e-01,
TP53->-ERCC3,2,1,2.000000,2,1.000000e-01,
PTEN->-ASXL1,2,1,2.000000,2,1.750000e-01,
ATM->-TP53,2,1,2.000000,2,9.884443e-01,
RB1->-TBX3,2,1,2.000000,2,6.909091e-02,
RB1->-FOXA1 RB1->-TP53 TP53->-FOXA1,3,3,2.000000,2,9.427609e-03,
MAP3K1-/-NCOR1,2,1,2.000000,2,1.728938e-01,
KMT2C->-WT1,2,1,2.000000,2,1.727273e-01,
KMT2C->-FOXA1,2,1,2.000000,2,8.431613e-01,
CDH1->-CHEK2,2,1,2.000000,2,4.976190e-01,
GATA3->-MST1,2,1,2.000000,2,8.750000e-02,
TSC1->-TP53,2,1,2.000000,2,8.722332e-01,
MED12-/-ROS1,2,1,2.000000,2,6.772487e-02,
MED12-/-PIK3R1,2,1,2.000000,2,1.958236e-01,
CDH1->-AXIN1,2,1,2.000000,2,4.500000e-01,
CDH1->-SOX17 CDH1->-TP53 TP53->-SOX17,3,3,2.000000,2,2.777778e-02,
RB1->-AXIN1 TP53->-AXIN1 TP53->-RB1,3,3,2.000000,2,2.777778e-02,
RB1->-FBXW7 TP53->-FBXW7 TP53->-RB1,3,3,2.000000,2,2.222222e-02,
PBRM1->-ERBB2,2,1,2.000000,2,2.500000e-01,
NF1->-PTPRD NF1->-TP53 TP53->-PTPRD,3,3,2.000000,2,1.388889e-02,
NF1->-EPHA7,2,1,2.000000,2,4.217949e-01,
CREBBP-/-PIK3CA,2,1,2.000000,2,6.561507e-01,
CDH1->-NUP93,2,1,2.000000,2,1.160714e-01,
PIK3CB->-PIK3CA,2,1,2.000000,2,8.199917e-01,
BRCA1-/-GATA3,2,1,2.000000,1,1.000000e-01,
CDH1->-ALOX12B,2,1,2.000000,2,2.500000e-01,
ESR1->-ARID1B,2,1,2.000000,2,1.937500e-01,
CDH1->-PTEN CDH1->-RHOA PTEN->-RHOA,3,3,2.000000,2,2.777778e-02,
PTEN->-ESR1,2,1,2.000000,2,5.000000e-01,
ESR1->-ALOX12B,2,1,2.000000,2,2.500000e-01,
MAP2K4->-FAM175A TP53->-FAM175A TP53->-MAP2K4,3,3,2.000000,2,8.614969e-03,
MAP2K4->-BRCA2 TP53->-BRCA2 TP53->-MAP2K4,3,3,2.000000,2,1.342593e-02,
MAP2K4->-ERCC5 TP53->-ERCC5 TP53->-MAP2K4,3,3,2.000000,2,1.342593e-02,
MAP2K4->-GPS2,2,1,2.000000,2,3.896825e-01,
FAT1->-KMT2C,2,1,2.000000,2,9.617202e-01,
PIK3CA->-KMT2C PIK3CA->-RICTOR RICTOR->-KMT2C,3,3,2.000000,2,6.981188e-03,
ATM->-BRD4,2,1,2.000000,2,1.199658e-01,
ATM->-RPS6KB2,2,1,2.000000,2,1.605741e-01,
ATM->-RICTOR,2,1,2.000000,2,1.611111e-01,
GATA3->-CDH1,2,1,2.000000,2,9.932210e-01,
GATA3->-MAP2K4,2,1,2.000000,2,9.609581e-01,
TBX3->-MED12,2,1,2.000000,2,1.955782e-01,
PTPRS->-SETD2,2,1,2.000000,2,1.333333e-01,
TP53->-CD79A,2,1,2.000000,2,9.070295e-02,
KMT2D->-RB1 TP53->-KMT2D TP53->-RB1,3,3,2.000000,2,6.582283e-02,
CREBBP->-RB1,2,1,2.000000,2,1.917989e-01,
CREBBP->-DNMT3B,2,1,2.000000,2,2.372326e-01,
PIK3CA->-RAC1,2,1,2.000000,2,1.166667e-01,
KLF4->-TP53,2,1,2.000000,2,8.412616e-01,
ATM-/-KMT2A,2,1,2.000000,2,5.630769e-02,
GATA3->-JAK1,2,1,2.000000,2,2.333333e-01,
CIC->-KMT2D,2,1,2.000000,2,3.750000e-01,
PIK3R1->-KMT2C,2,1,2.000000,2,7.556001e-01,
CDH1->-TP63,2,1,2.000000,2,2.490942e-01,
ERBB2->-TP63,2,1,2.000000,2,2.490942e-01,
PIK3R1->-ROS1,2,1,2.000000,2,3.244709e-01,
PIK3R1->-ARID2,2,1,2.000000,2,1.333333e-01,
MGA->-NOTCH4 TP53->-MGA TP53->-NOTCH4,3,3,2.000000,2,5.958333e-03,
MED12->-MGA TP53->-MED12 TP53->-MGA,3,3,2.000000,2,6.018519e-03,
PIK3R1->-MGA,2,1,2.000000,2,1.333333e-01,
PIK3R1->-MED12,2,1,2.000000,2,6.520321e-01,
FLT1->-MAP3K1,2,1,2.000000,2,4.181287e-01,
ARID1A->-FLT1 KMT2C->-ARID1A KMT2C->-FLT1,3,3,2.000000,2,1.414141e-02,
PIK3CA->-FLT1 PIK3CA->-SPEN SPEN->-FLT1,3,3,2.000000,2,2.777778e-02,
PIK3CA->-POLE PIK3CA->-SPEN SPEN->-POLE,3,3,2.000000,2,2.777778e-02,
FBXW7->-TP53,2,1,2.000000,2,9.942501e-01,
FBXW7->-FLT4,2,1,2.000000,2,2.083333e-01,
BRCA2->-PIK3CB,2,1,2.000000,2,1.976190e-01,
GATA3->-PIK3C2G,2,1,2.000000,2,1.976190e-01,
FLT3->-POLE,2,1,2.000000,2,1.679762e-01,
ARID1A->-ASXL1 ARID1A->-FLT3 FLT3->-ASXL1,3,3,2.000000,2,1.782662e-02,
KDM5C->-ARID1A,2,1,2.000000,2,6.143070e-01,
CARD11->-ARID1A,2,1,2.000000,2,7.353971e-01,
TP53->-MSH2,2,1,2.000000,2,1.944444e-01,
KMT2D->-ARID1B,2,1,2.000000,2,1.830065e-01,
KMT2D->-INPP4B,2,1,2.000000,2,1.830065e-01,
KMT2D->-XPO1,2,1,2.000000,2,1.944444e-01,
KMT2D->-HNF1A,2,1,2.000000,2,1.918724e-01,
STAT3->-PIK3CA,2,1,2.000000,2,2.500000e-01,
RUNX1->-ERBB2,2,1,2.000000,2,9.218750e-01,
PIK3CA->-CUL3,2,1,2.000000,2,4.583333e-01,
PIK3CA->-MAP2K1,2,1,2.000000,2,3.930556e-01,
MEN1->-ESR1,2,1,2.000000,2,1.904762e-01,
CDH1->-BRAF,2,1,2.000000,2,2.500000e-01,
ARID1A->-BRAF,2,1,2.000000,2,1.868132e-01,
RHOA->-CDH1,2,1,2.000000,2,8.411990e-01,
ARID1A->-RHOA,2,1,2.000000,2,1.428571e-01,
CDH1->-DAXX CDH1->-PIK3CA PIK3CA->-DAXX,3,3,2.000000,2,2.204586e-02,
CDH1->-PIK3CA PTPRT->-CDH1 PTPRT->-PIK3CA,3,3,2.000000,2,7.352511e-02,
PTPRT->-MAP3K1,2,1,2.000000,2,6.260965e-01,
PTPRT->-ARID2,2,1,2.000000,2,6.044501e-01,
ATR->-NOTCH4 PIK3CA->-ATR PIK3CA->-NOTCH4,3,3,2.000000,2,2.750000e-02,
ATR->-GRIN2A,2,1,2.000000,2,2.500000e-01,
ARID1A->-DICER1,2,1,2.000000,2,1.937500e-01,
BRCA1->-PTPRT,2,1,2.000000,2,1.660079e-01,
BRCA1->-PTCH1,2,1,2.000000,2,1.616162e-01,
PTPRT->-HNF1A,2,1,2.000000,2,3.113835e-01,
PTPRT->-JAK2,2,1,2.000000,2,2.348930e-01,
CBL->-PIK3CA,2,1,2.000000,2,5.674256e-01,
FLT1->-PIK3CA,2,1,2.000000,2,7.715643e-01,
AKT1->-RAD54L,2,1,2.000000,2,2.125000e-01,
RECQL4->-GATA3,2,1,2.000000,2,3.500000e-01,
PTEN-/-SF3B1,2,1,2.000000,1,1.111111e-01,
PTPRT->-TP53,2,1,2.000000,2,9.835039e-01,
PTPRS->-KMT2D TP53->-KMT2D TP53->-PTPRS,3,3,2.000000,2,4.942361e-02,
KMT2C->-ANKRD11,2,1,2.000000,2,4.667488e-01,
PTPRT->-PTPRS,2,1,2.000000,2,2.500000e-01,
NF1->-PTPRS,2,1,2.000000,2,4.642584e-01,
TERT->-TP53,2,1,2.000000,2,8.957553e-01,
INHA->-CREBBP,2,1,2.000000,2,2.223320e-01,
TP53->-HIST1H3G,2,1,2.000000,2,4.000000e-01,
TP53->-IGF1,2,1,2.000000,2,1.250000e-01,
RUNX1->-GATA3,2,1,2.000000,2,1.666667e-01,
RUNX1->-SETD2,2,1,2.000000,2,1.666667e-01,
NF1->-ERBB2,2,1,2.000000,2,4.990942e-01,
PIK3CG->-PIK3CA,2,1,2.000000,2,8.879989e-01,
ERBB2->-ESR1,2,1,2.000000,2,1.868132e-01,
IRS1->-ESR1,2,1,2.000000,2,2.500000e-01,
IRS1->-SPEN,2,1,2.000000,2,3.818182e-01,
CDK12->-TP53,2,1,2.000000,2,7.220863e-01,
KMT2C->-CBFB,2,1,2.000000,2,7.402778e-01,
KMT2C->-ARID5B,2,1,2.000000,2,4.658452e-01,
FGFR4->-KMT2C,2,1,2.000000,2,3.118590e-01,
FOXA1->-FAT1,2,1,2.000000,2,4.967794e-01,
FOXA1->-NSD1,2,1,2.000000,2,6.305556e-01,
CDKN1B->-PTPRD,2,1,2.000000,2,1.964286e-01,
FOXA1->-CDKN1B,2,1,2.000000,2,1.462637e-01,
ERBB2->-PTPRD TP53->-ERBB2 TP53->-PTPRD,3,3,2.000000,2,1.377866e-02,
FOXA1->-PTPRD,2,1,2.000000,2,1.964286e-01,
ERBB2->-XPO1,2,1,2.000000,2,1.964286e-01,
FOXA1->-XPO1,2,1,2.000000,2,1.957169e-01,
SOX9->-PIK3CA,2,1,2.000000,2,5.932594e-01,
SOX9->-IRS1,2,1,2.000000,2,1.245471e-01,
CDH1->-KMT2C CDH1->-RUNX1 KMT2C->-RUNX1,3,3,2.000000,2,1.319444e-01,
RUNX1->-JUN,2,1,2.000000,2,2.250000e-01,
SPEN->-RUNX1,2,1,2.000000,2,2.491667e-01,
PIK3CA->-RB1 PIK3CA->-RUNX1 RB1->-RUNX1,3,3,2.000000,2,2.777778e-02,
RB1->-RUNX1 TP53->-RB1 TP53->-RUNX1,3,3,2.000000,2,2.777778e-02,
ERBB2->-GATA3,2,1,2.000000,2,1.666667e-01,
MAP2K4->-ATM,2,1,2.000000,2,2.380952e-01,
FYN->-ATM,2,1,2.000000,2,1.861538e-01,
PIK3C2G->-NCOR1,2,1,2.000000,2,4.990119e-01,
PIK3C2G->-EGFR,2,1,2.000000,2,2.500000e-01,
CSF3R->-PIK3CA,2,1,2.000000,2,2.222222e-01,
CTCF->-MAP2K4 CTCF->-PIK3CA MAP2K4->-PIK3CA,3,3,2.000000,2,1.527778e-02,
GATA3->-RAD50 PIK3CA->-GATA3 PIK3CA->-RAD50,3,3,2.000000,2,2.777778e-02,
ESR1->-RAD50 PIK3CA->-ESR1 PIK3CA->-RAD50,3,3,2.000000,2,3.703704e-02,
GATA3->-AR,2,1,2.000000,2,5.000000e-01,
CDH1->-MAP3K1 CDH1->-POLE MAP3K1->-POLE,3,3,2.000000,2,2.777778e-02,
MAP3K1->-NF1 PIK3CA->-MAP3K1 PIK3CA->-NF1,3,3,2.000000,2,7.407407e-02,
MAP3K1->-AR,2,1,2.000000,2,5.000000e-01,
ESR1->-POLE,2,1,2.000000,2,2.500000e-01,
IGF1R->-ESR1,2,1,2.000000,2,4.121361e-01,
ESR1->-AR,2,1,2.000000,2,1.250000e-01,
DNMT3B->-ARID1A,2,1,2.000000,2,6.681684e-01,
NF1->-POLE,2,1,2.000000,2,2.500000e-01,
CDH1->-NF1 CDH1->-RAD50 NF1->-RAD50,3,3,2.000000,2,2.184236e-02,
MAX->-PIK3CA,2,1,2.000000,2,3.839286e-01,
ERBB3->-CDH1,2,1,2.000000,2,9.619039e-01,
ERBB3->-POLE,2,1,2.000000,2,2.333333e-01,
PIK3CA->-PPM1D,2,1,2.000000,2,1.937500e-01,
ARID1A->-MYC PIK3CA->-ARID1A PIK3CA->-MYC,3,3,2.000000,2,5.787037e-02,
ZFHX3->-MST1R,2,1,2.000000,2,4.437500e-01,
ARID1B->-ZFHX3,2,1,2.000000,2,1.930480e-01,
ESR1->-MTOR,2,1,2.000000,1,4.572222e-01,
ESR1->-ZFHX3,2,1,2.000000,2,1.937500e-01,
ARID1A->-PAK1,2,1,2.000000,2,1.937500e-01,
ARID1A->-JAK2,2,1,2.000000,2,1.937500e-01,
PIK3CA->-DCUN1D1,2,1,2.000000,2,1.000000e-01,
SMARCA4->-PARP1,2,1,2.000000,2,2.125000e-01,
FOXA1->-PTCH1 PIK3CA->-FOXA1 PIK3CA->-PTCH1,3,3,2.000000,2,1.657051e-02,
TP53->-CBFB,2,1,2.000000,2,9.431240e-01,
AKT1->-RB1,2,1,2.000000,2,1.622299e-01,
AKT1->-CREBBP,2,1,2.000000,2,2.013889e-01,
AKT1->-ARID1A,2,1,2.000000,2,5.070216e-01,
IRS2->-PIK3CA,2,1,2.000000,2,5.337037e-01,
IRS2->-TP53,2,1,2.000000,2,7.395662e-01,
CDH1->-PIK3CB,2,1,2.000000,2,2.500000e-01,
CDH1->-SMAD2,2,1,2.000000,2,4.990119e-01,
IRS2->-PIK3CB IRS2->-POLE POLE->-PIK3CB,3,3,2.000000,2,2.138889e-02,
ARID1A->-KMT2D MAP2K4->-ARID1A MAP2K4->-KMT2D,3,3,2.000000,2,2.777778e-03,
MAP2K4->-CIC,2,1,2.000000,2,1.023810e-01,
CBFB->-TBX3,2,1,2.000000,2,6.375000e-01,
CDH1->-FGFR2,2,1,2.000000,2,1.743083e-01,
KDM6A->-CDH1,2,1,2.000000,2,8.115809e-01,
TP53->-DNAJB1,2,1,2.000000,2,5.777778e-02,
HNF1A->-TP53,2,1,2.000000,2,9.242765e-01,
BRIP1->-SOX17 TP53->-BRIP1 TP53->-SOX17,3,3,2.000000,2,3.915344e-03,
PIK3CA->-RAB35,2,1,2.000000,2,2.500000e-01,
NOTCH2->-KMT2C,2,1,2.000000,2,3.334865e-01,
RB1->-NOTCH2 TP53->-NOTCH2 TP53->-RB1,3,3,2.000000,2,2.777778e-02,
ARID2->-BCOR TP53->-ARID2 TP53->-BCOR,3,3,2.000000,2,2.672636e-02,
ATM->-RUNX1 PIK3CA->-ATM PIK3CA->-RUNX1,3,3,2.000000,2,5.500000e-03,
TP53->-CRLF2,2,1,2.000000,2,2.500000e-01,
TP53->-CCND1,2,1,2.000000,2,1.250000e-01,
ARID1A->-AKT1,2,1,2.000000,2,5.070216e-01,
CDH1->-INPP4A CDH1->-PIK3CA PIK3CA->-INPP4A,3,3,2.000000,2,2.777778e-02,
ERBB2->-BRAF,2,1,2.000000,2,1.868132e-01,
CDH1->-ERBB2 CDH1->-NCOR1 NCOR1->-ERBB2,3,3,2.000000,2,7.407407e-02,
TP53->-GNAS,2,1,2.000000,2,9.523810e-02,
CDH1->-EIF4A2,2,1,2.000000,2,2.500000e-01,
CDH1->-GNAS,2,1,2.000000,2,2.500000e-01,
NCOR1->-TET2 TP53->-NCOR1 TP53->-TET2,3,3,2.000000,2,2.777778e-02,
TET2->-GRIN2A,2,1,2.000000,2,2.125000e-01,
NCOR1->-KDM6A,2,1,2.000000,2,2.500000e-01,
KDM6A->-GRIN2A TP53->-GRIN2A TP53->-KDM6A,3,3,2.000000,2,2.777778e-02,
CDH1->-CDKN2A CDH1->-NCOR1 CDKN2A->-NCOR1,3,3,2.000000,2,2.777778e-02,
CDH1->-SLX4,2,1,2.000000,2,2.481618e-01,
CDH1->-YES1,2,1,2.000000,2,2.151550e-01,
CDH1->-KMT2C CDH1->-STAT5B KMT2C->-STAT5B,3,3,2.000000,2,2.155955e-02,
CDH1->-FGF19,2,1,2.000000,2,2.481618e-01,
NOTCH4->-NOTCH2,2,1,2.000000,2,3.483456e-01,
NOTCH4->-EED,2,1,2.000000,2,2.154371e-01,
KDM6A->-RECQL4,2,1,2.000000,2,2.205882e-01,
PTCH1->-NOTCH2,2,1,2.000000,2,2.481618e-01,
NOTCH2->-KMT2A,2,1,2.000000,2,2.109375e-01,
KMT2C->-RASA1,2,1,2.000000,2,4.349952e-01,
CDH1->-MSH2 CDH1->-RASA1 MSH2->-RASA1,3,3,2.000000,2,2.716503e-02,
KDM6A->-KMT2A,2,1,2.000000,2,4.981618e-01,
RASA1->-KMT2A,2,1,2.000000,2,1.767213e-01,
PIK3CA->-GNAS,2,1,2.000000,2,2.500000e-01,
FLT4->-PIK3CA,2,1,2.000000,2,9.929414e-01,
SF3B1->-KMT2C,2,1,2.000000,2,4.880952e-01,
TP53->-CBL,2,1,2.000000,2,2.444444e-01,
PIK3CA->-POLE PIK3CA->-RB1 RB1->-POLE,3,3,2.000000,2,6.929578e-02,
PIK3CA->-ERG PIK3CA->-TP53 TP53->-ERG,3,3,2.000000,2,2.592593e-02,
CBL->-JAK3,2,1,2.000000,2,2.172840e-01,
CDH1->-PIK3CA CDH1->-SMARCD1 PIK3CA->-SMARCD1,3,3,2.000000,2,6.944444e-03,
ARID1B->-RUNX1,2,1,2.000000,2,2.430556e-01,
ARID1B->-PIK3R1,2,1,2.000000,2,4.650997e-01,
TCF7L2->-SOX2,2,1,2.000000,2,1.098901e-01,
PIK3R1->-RUNX1,2,1,2.000000,2,1.666667e-01,
NCOR1->-ARID1A,2,1,2.000000,2,8.120471e-01,
JAK1->-BRCA2,2,1,2.000000,2,2.142857e-01,
BRCA2->-PTPRD,2,1,2.000000,2,2.500000e-01,
BRCA2->-BAP1,2,1,2.000000,2,1.727273e-01,
TP53->-NEGR1,2,1,2.000000,2,2.013889e-01,
CDH1->-JAK1,2,1,2.000000,2,4.976190e-01,
ESR1->-PTPRD TP53->-ESR1 TP53->-PTPRD,3,3,2.000000,2,1.388889e-02,
RAD54L->-NCOR1,2,1,2.000000,2,2.490942e-01,
RB1->-KMT2D,2,1,2.000000,2,6.760991e-01,
ATRX->-KMT2D,2,1,2.000000,2,4.412478e-01,
KMT2D->-GATA3,2,1,2.000000,2,6.764706e-01,
RB1->-TSHR,2,1,2.000000,2,2.500000e-01,
RB1->-FLT4,2,1,2.000000,2,4.437500e-01,
AKT1->-PIK3CA,2,1,2.000000,2,4.104745e-01,
CTCF->-GPS2,2,1,2.000000,2,1.750000e-01,
PTCH1->-GATA3,2,1,2.000000,2,2.128852e-01,
TP53->-SRSF2,2,1,2.000000,2,2.655702e-01,
TP53->-ERRFI1,2,1,2.000000,2,5.333333e-02,
TP53->-SMARCB1,2,1,2.000000,2,3.269841e-01,
PIK3CA->-PIK3CD,2,1,2.000000,2,1.241026e-01,
AXIN1->-SMARCA4,2,1,2.000000,2,2.125000e-01,
AKT1->-AXIN1,2,1,2.000000,2,2.125000e-01,
BRCA1->-PIK3CB,2,1,2.000000,2,3.361786e-01,
SMARCA4->-TET1,2,1,2.000000,2,2.125000e-01,
KIT->-PARP1 YES1->-KIT YES1->-PARP1,3,3,2.000000,2,1.697531e-02,
BCOR->-GRIN2A,2,1,2.000000,2,3.918371e-01,
GRIN2A->-KMT2A,2,1,2.000000,2,3.187710e-01,
GRIN2A->-PARP1,2,1,2.000000,2,2.125000e-01,
BCOR->-KMT2A,2,1,2.000000,2,3.918371e-01,
FLT3->-KMT2A,2,1,2.000000,2,2.125000e-01,
BCOR->-PARP1,2,1,2.000000,2,1.888889e-01,
TET1->-KMT2A,2,1,2.000000,2,2.125000e-01,
NSD1->-MDM2,2,1,2.000000,2,1.700000e-01,
NSD1->-PARP1,2,1,2.000000,2,1.828348e-01,
IRS2->-TET2,2,1,2.000000,2,1.081818e-01,
PIK3C2G-/-POLE,2,1,2.000000,2,1.090942e-01,
NOTCH2->-TET1,2,1,2.000000,2,2.125000e-01,
PIK3CA->-PAX5,2,1,2.000000,2,1.250000e-01,
PIK3CA->-MED12 PIK3CA->-PIK3CG PIK3CG->-MED12,3,3,2.000000,2,1.657051e-02,
MAP3K1->-JAK3,2,1,2.000000,2,1.861538e-01,
JAK3->-RIT1 PIK3CA->-JAK3 PIK3CA->-RIT1,3,3,2.000000,2,1.657051e-02,
PTEN->-TGFBR2,2,1,2.000000,2,1.551282e-01,
MAP3K1->-DICER1 PTEN->-DICER1 PTEN->-MAP3K1,3,3,2.000000,2,1.657051e-02,
MAP3K1->-PIK3CD PTEN->-MAP3K1 PTEN->-PIK3CD,3,3,2.000000,2,1.657051e-02,
PTEN->-RIT1,2,1,2.000000,2,1.861538e-01,
MAP3K1->-SETD2,2,1,2.000000,2,1.861538e-01,
MGA->-HNF1A MGA->-PTCH1 PIK3CA->-HNF1A PIK3CA->-MGA PIK3CA->-PTCH1 PTCH1->-HNF1A,4,6,2.000000,2,7.887355e-04,
PTCH1->-KMT2C,2,1,2.000000,2,8.091783e-01,
ATM->-DNMT1 PIK3CA->-ATM PIK3CA->-DNMT1,3,3,2.000000,2,1.657051e-02,
FOXA1->-NBN PIK3CA->-FOXA1 PIK3CA->-NBN,3,3,2.000000,2,1.657051e-02,
MAP3K1->-NBN,2,1,2.000000,2,1.137607e-01,
MAP3K1->-KMT2A,2,1,2.000000,2,7.124902e-01,
MAP3K1->-MGA,2,1,2.000000,2,1.063736e-01,
KMT2A->-FGFR4,2,1,2.000000,2,3.653380e-01,
FOXA1->-MED12,2,1,2.000000,2,1.737436e-01,
MAP3K1->-DNMT1,2,1,2.000000,2,1.861538e-01,
DNMT1->-KMT2C,2,1,2.000000,2,1.861538e-01,
PIK3CA->-KMT2C PIK3CA->-PLK2 PLK2->-KMT2C,3,3,2.000000,2,4.702220e-02,
FOXA1->-KMT2C FOXA1->-PLK2 PLK2->-KMT2C,3,3,2.000000,2,1.639040e-02,
EPHB1->-MAP3K1,2,1,2.000000,2,7.827381e-01,
KMT2D->-MDC1 TP53->-KMT2D TP53->-MDC1,3,3,2.000000,2,2.182540e-02,
KMT2D->-PTPRT PIK3CA->-KMT2D PIK3CA->-PTPRT PIK3CA->-TP53 TP53->-KMT2D TP53->-PTPRT,4,6,2.000000,2,6.385352e-03,
PTEN->-KMT2D TP53->-KMT2D TP53->-PTEN,3,3,2.000000,2,7.232171e-02,
TP53->-FGFR1,2,1,2.000000,2,3.650794e-01,
CARD11->-ATR TP53->-ATR TP53->-CARD11,3,3,2.000000,2,1.336422e-01,
NCOR1->-ALK,2,1,2.000000,2,2.490942e-01,
ANKRD11->-KMT2D,2,1,2.000000,2,5.750000e-01,
ANKRD11->-PLK2,2,1,2.000000,2,2.167488e-01,
GATA3->-KDM5A,2,1,2.000000,2,5.000000e-01,
TP53->-YAP1,2,1,2.000000,2,5.000000e-01,
CDH1->-FOXA1 CDH1->-NCOR1 FOXA1->-NCOR1,3,3,2.000000,2,2.747585e-02,
CARD11->-TP53,2,1,2.000000,2,9.891127e-01,
CDKN2A->-CARD11,2,1,2.000000,2,2.491667e-01,
PIK3CA->-JUN,2,1,2.000000,2,4.290023e-01,
PIK3CA->-BRIP1 PIK3CA->-RUNX1 RUNX1->-BRIP1,3,3,2.000000,2,1.944444e-02,
TP53->-SH2D1A,2,1,2.000000,2,6.666667e-02,
PIK3CA->-SOX9,2,1,2.000000,2,5.932594e-01,
CDH1->-SOX9,2,1,2.000000,2,4.326691e-01,
BRCA2->-STK11,2,1,2.000000,2,2.500000e-01,
ESR1->-GNAS,2,1,2.000000,2,2.500000e-01,
PIK3CA->-REL,2,1,2.000000,2,2.083333e-01,
PIK3CA->-SYK,2,1,2.000000,2,2.500000e-01,
PIK3CA->-BCL6,2,1,2.000000,2,5.000000e-01,
RB1->-PTPRT TP53->-PTPRT TP53->-RB1,3,3,2.000000,2,7.232171e-02,
RB1->-NOTCH1 TP53->-NOTCH1 TP53->-RB1,3,3,2.000000,2,2.777778e-02,
ATM->-CDH1 ATM->-PIK3CA CDH1->-PIK3CA,3,3,2.000000,2,1.302910e-01,
ATM->-NOTCH1,2,1,2.000000,2,7.314301e-01,
BCL6->-NOTCH1 CDH1->-BCL6 CDH1->-NOTCH1,3,3,2.000000,2,2.777778e-02,
TP53->-BCL6,2,1,2.000000,2,3.295455e-01,
ATM->-NOTCH4 TP53->-ATM TP53->-NOTCH4,3,3,2.000000,2,2.750000e-02,
MAP3K1->-REL TP53->-MAP3K1 TP53->-REL,3,3,2.000000,2,2.777778e-02,
MAP3K1->-DNMT3A,2,1,2.000000,2,1.666667e-01,
MAP3K1->-SPOP,2,1,2.000000,2,6.238095e-01,
MAP3K1->-SF3B1,2,1,2.000000,2,3.720238e-01,
MAP3K1->-NOTCH1 MAP3K1->-PIK3CA PIK3CA->-NOTCH1,3,3,2.000000,2,1.257440e-01,
PIK3C2G->-PTPRT TP53->-PIK3C2G TP53->-PTPRT,3,3,2.000000,2,2.744840e-02,
CDH1->-DNMT3A CDH1->-KDR DNMT3A->-KDR,3,3,2.000000,2,2.777778e-02,
ATM->-PIK3CA ATM->-SF3B1 PIK3CA->-SF3B1,3,3,2.000000,2,1.388889e-02,
SMAD4->-MAP3K1,2,1,2.000000,2,2.000000e-01,
KMT2C->-MDM2,2,1,2.000000,2,1.500000e-01,
SMAD4->-KMT2C,2,1,2.000000,2,3.508333e-01,
PALB2->-KDM5C,2,1,2.000000,2,2.424242e-01,
DOT1L->-PDGFRA,2,1,2.000000,2,2.424242e-01,
SOX9->-PDGFRA,2,1,2.000000,2,2.415459e-01,
TP53->-KEAP1,2,1,2.000000,2,1.696429e-01,
APC->-KEAP1,2,1,2.000000,2,1.750000e-01,
APC->-RB1 TP53->-APC TP53->-RB1,3,3,2.000000,2,7.232171e-02,
APC->-EPHB1 APC->-KMT2D KMT2D->-EPHB1 TP53->-APC TP53->-EPHB1 TP53->-KMT2D,4,6,2.000000,2,1.610874e-03,
TP53->-TNFAIP3,2,1,2.000000,2,1.666667e-01,
EPCAM->-ARID1B,2,1,2.000000,2,2.430556e-01,
ARID1B->-PDGFRA,2,1,2.000000,2,2.421749e-01,
CIC->-RUNX1,2,1,2.000000,2,2.025463e-01,
PTEN->-PDGFRA,2,1,2.000000,2,2.430556e-01,
JAK1->-ZFHX3,2,1,2.000000,2,1.780303e-01,
ARID1A->-ANKRD11,2,1,2.000000,2,6.043304e-01,
PIK3CA->-IRF4,2,1,2.000000,2,2.053571e-01,
TBX3->-ZFHX3,2,1,2.000000,2,6.867014e-01,
AKT1->-CIC,2,1,2.000000,2,1.342593e-01,
NCOR1->-ATRX,2,1,2.000000,2,1.428571e-01,
NCOR1->-SMARCA4,2,1,2.000000,2,2.142857e-01,
POLE->-SMARCA4 TP53->-POLE TP53->-SMARCA4,3,3,2.000000,2,1.756304e-02,
NCOR1->-POLE TP53->-NCOR1 TP53->-POLE,3,3,2.000000,2,8.909675e-03,
NOTCH1->-CDH1,2,1,2.000000,2,7.695635e-01,
NOTCH1->-GATA3,2,1,2.000000,2,3.659091e-01,
CDH1->-IL7R,2,1,2.000000,2,1.290598e-01,
AKT1->-NCOR1,2,1,2.000000,2,2.013889e-01,
GPS2->-TP53,2,1,2.000000,2,4.166667e-01,
GPS2->-ESR1,2,1,2.000000,2,1.833333e-01,
TP53->-NFE2L2,2,1,2.000000,2,1.696429e-01,
ERCC4->-PIK3C3,2,1,2.000000,2,7.456829e-02,
BRCA1->-DNMT1,2,1,2.000000,2,1.428571e-01,
ANKRD11->-PIK3CA,2,1,2.000000,2,9.673222e-01,
YAP1->-PIK3CA,2,1,2.000000,2,5.000000e-01,
NOTCH3->-PIK3CA,2,1,2.000000,2,8.800772e-01,
ANKRD11->-TBX3,2,1,2.000000,2,8.125000e-01,
MSH6->-TERT PIK3CA->-MSH6 PIK3CA->-TERT,3,3,2.000000,2,2.777778e-02,
CDH1->-TERT,2,1,2.000000,2,2.500000e-01,
NOTCH3->-CDH1,2,1,2.000000,2,6.868207e-01,
MAP2K4->-NOTCH2,2,1,2.000000,2,2.500000e-01,
TP53->-SMAD3,2,1,2.000000,2,2.500000e-01,
MAP2K4->-KMT2C,2,1,2.000000,2,5.000000e-01,
MAP3K1->-ARAF PIK3CA->-ARAF PIK3CA->-MAP3K1,3,3,2.000000,2,2.406563e-03,
NCOR1->-SOX2 PIK3CA->-NCOR1 PIK3CA->-SOX2,3,3,2.000000,2,4.981884e-03,
PDGFRB->-PIK3CA,2,1,2.000000,2,4.561984e-01,
FOXA1->-CDK8,2,1,2.000000,2,1.245471e-01,
JAK3->-GATA3 MAP2K4->-GATA3 MAP2K4->-JAK3,3,3,2.000000,2,1.782407e-02,
MEN1->-MAP2K4,2,1,2.000000,2,5.000000e-01,
MEN1->-NCOR1,2,1,2.000000,2,2.490942e-01,
PIK3CA->-MYD88,2,1,2.000000,2,5.000000e-01,
CDH1->-NOTCH3,2,1,2.000000,2,6.868207e-01,
TP53->-RAD51,2,1,2.000000,2,2.490119e-01,
TBX3->-CBFB,2,1,2.000000,2,6.375000e-01,
TBX3->-EPHA5,2,1,2.000000,2,2.500000e-01,
RET->-BCOR,2,1,2.000000,2,1.833333e-01,
IDH1->-GATA3,2,1,2.000000,2,1.750000e-01,
MAP3K1->-EPCAM,2,1,2.000000,2,4.437500e-01,
CDH1->-MLH1 TP53->-CDH1 TP53->-MLH1,3,3,2.000000,2,1.763668e-02,
TP53->-FUBP1,2,1,2.000000,2,4.501232e-01,
MAP3K13->-MEN1,2,1,2.000000,2,2.167488e-01,
CDH1->-CREBBP CDH1->-KIT KIT->-CREBBP,3,3,2.000000,2,2.204586e-02,
CDH1->-CREBBP CDH1->-RAD50 RAD50->-CREBBP,3,3,2.000000,2,2.204586e-02,
MAP3K13->-CREBBP,2,1,2.000000,2,2.167488e-01,
MLH1->-PIK3CA,2,1,2.000000,2,4.667488e-01,
STAG2->-PARP1,2,1,2.000000,2,2.167488e-01,
ANKRD11->-STAG2,2,1,2.000000,2,2.167488e-01,
CREBBP->-PARP1,2,1,2.000000,2,2.167488e-01,
MAP3K13->-PIK3CA,2,1,2.000000,2,6.625616e-01,
CDH1->-KMT2C CDH1->-PIK3CA CDH1->-RFWD2 KMT2C->-RFWD2 PIK3CA->-KMT2C PIK3CA->-RFWD2,4,6,2.000000,2,2.561070e-03,
ANKRD11->-PTPRD,2,1,2.000000,2,2.167488e-01,
MAP3K1->-MEN1,2,1,2.000000,2,7.084573e-01,
CDH1->-NOTCH1 CDH1->-PTEN PTEN->-NOTCH1,3,3,2.000000,2,8.333333e-03,
ASXL2->-KDM5C,2,1,2.000000,2,1.369048e-01,
JAK2->-PIK3CA LATS2->-JAK2 LATS2->-PIK3CA,3,3,2.000000,2,2.777778e-02,
CDH1->-JAK2 CDH1->-PIK3CA JAK2->-PIK3CA,3,3,2.000000,2,7.407407e-02,
LATS2->-ASXL1,2,1,2.000000,2,2.500000e-01,
APC->-BLM APC->-ERCC4 BLM->-ERCC4 CDH1->-APC CDH1->-BLM CDH1->-ERCC4,4,6,2.000000,2,1.736111e-03,
ARID1A->-ERCC4 ARID1A->-IKZF1 IKZF1->-ERCC4,3,3,2.000000,2,2.777778e-02,
PIK3C2G->-ERCC4,2,1,2.000000,2,2.490119e-01,
PIK3R3->-BLM,2,1,2.000000,2,2.500000e-01,
ASXL1->-PIK3CA PIK3R3->-ASXL1 PIK3R3->-PIK3CA,3,3,2.000000,2,2.777778e-02,
ARID1A->-PIK3R3,2,1,2.000000,2,2.500000e-01,
CDH1->-SETD2 CDH1->-STK11 SETD2->-STK11,3,3,2.000000,2,7.407407e-02,
BLM->-STK11,2,1,2.000000,2,2.352941e-01,
JAK1->-SETD2,2,1,2.000000,2,2.476190e-01,
JAK1->-CREBBP,2,1,2.000000,2,2.476190e-01,
APC->-SETD2,2,1,2.000000,2,2.466931e-01,
JAK2->-BLM JAK2->-MAP3K13 MAP3K13->-BLM,3,3,2.000000,2,1.190476e-02,
ERCC3->-PIK3CA,2,1,2.000000,2,5.000000e-01,
CDH1->-ERCC3,2,1,2.000000,2,5.000000e-01,
ARID1A->-ARID2 ARID1A->-FLT3 ARID2->-FLT3,3,3,2.000000,2,2.777778e-02,
JAK1->-ARID2,2,1,2.000000,2,2.142857e-01,
ASXL1->-CREBBP,2,1,2.000000,2,5.000000e-01,
ASXL1->-ABL1,2,1,2.000000,2,2.500000e-01,
CDH1->-MED12 CDH1->-SDHC MED12->-SDHC,3,3,2.000000,2,2.184236e-02,
APC->-RAD50 APC->-SDHC CDH1->-APC CDH1->-RAD50 CDH1->-SDHC RAD50->-SDHC,4,6,2.000000,2,1.251385e-03,
APC->-PIK3C2G APC->-SDHC CDH1->-APC CDH1->-PIK3C2G CDH1->-SDHC PIK3C2G->-SDHC,4,6,2.000000,2,1.251385e-03,
RAD50->-PIK3CA,2,1,2.000000,2,9.463967e-01,
CDH1->-PIK3CA CDH1->-SMARCB1 SMARCB1->-PIK3CA,3,3,2.000000,2,1.587302e-02,
SMARCB1->-FLT3,2,1,2.000000,2,2.000000e-01,
PIK3CA->-CD274,2,1,2.000000,2,5.776786e-01,
FLT3->-PIK3CA,2,1,2.000000,2,7.750000e-01,
PIK3CA->-SUZ12,2,1,2.000000,2,5.699891e-01,
CDKN1A->-PIK3CA,2,1,2.000000,2,7.352936e-01,
CD274->-ABL1,2,1,2.000000,2,2.250000e-01,
JAK1->-APC,2,1,2.000000,2,2.170330e-01,
TP53->-CTNNB1,2,1,2.000000,2,1.000000e-01,
ZFHX3->-KMT2D,2,1,2.000000,2,2.500000e-01,
KMT2D->-ERBB3 TP53->-ERBB3 TP53->-KMT2D,3,3,2.000000,2,2.777778e-02,
ERBB3->-KMT2C TP53->-ERBB3 TP53->-KMT2C,3,3,2.000000,2,2.275794e-02,
PTEN->-ERBB3,2,1,2.000000,2,2.500000e-01,
PTEN->-BARD1 TP53->-BARD1 TP53->-PTEN,3,3,2.000000,2,9.722222e-03,
TP53->-SUFU,2,1,2.000000,2,9.545455e-02,
KLF4->-NCOR1,2,1,2.000000,2,1.875000e-01,
KLF4->-MED12,2,1,2.000000,2,1.875000e-01,
PIK3R1->-POLE,2,1,2.000000,2,1.875000e-01,
NOTCH3->-FAT1,2,1,2.000000,2,2.166667e-01,
ESR1->-IRF4,2,1,2.000000,2,1.904762e-01,
CDH1->-MCL1,2,1,2.000000,2,2.083333e-01,
NCOR1->-KMT2C,2,1,2.000000,2,9.561919e-01,
RUNX1->-KMT2C,2,1,2.000000,2,6.875000e-01,
RUNX1->-CDKN2A,2,1,2.000000,2,2.491667e-01,
TP53->-MDM2,2,1,2.000000,2,1.868750e-01,
TSC2->-KMT2D,2,1,2.000000,2,3.621032e-01,
MED12->-KMT2D TP53->-KMT2D TP53->-MED12,3,3,2.000000,2,1.289683e-02,
KMT2C->-KMT2A KMT2C->-TSC2 TSC2->-KMT2A,3,3,2.000000,2,1.275664e-02,
KMT2C->-TP63,2,1,2.000000,2,4.367236e-01,
KMT2C->-MED12 KMT2C->-TSC2 TSC2->-MED12,3,3,2.000000,2,1.014109e-02,
TP53->-TCF3,2,1,2.000000,2,1.727273e-01,
PIK3CG->-SETD2,2,1,2.000000,2,3.183150e-01,
PIK3CG->-TET2,2,1,2.000000,2,1.309524e-01,
RB1->-PIK3CG,2,1,2.000000,2,2.321429e-01,
SETD2->-PTCH1 TP53->-PTCH1 TP53->-SETD2,3,3,2.000000,2,2.672636e-02,
PIK3CA->-PTCH1 PIK3CA->-SETD2 SETD2->-PTCH1,3,3,2.000000,2,5.393507e-02,
PIK3CA->-MGA PIK3CA->-SETD2 SETD2->-MGA,3,3,2.000000,2,1.065978e-01,
SETD2->-MGA TP53->-MGA TP53->-SETD2,3,3,2.000000,2,2.672636e-02,
NCOR1->-PTCH1 PIK3CA->-NCOR1 PIK3CA->-PTCH1,3,3,2.000000,2,2.777778e-02,
MGA->-FLT4,2,1,2.000000,2,4.545536e-01,
RUNX1->-MSH6 TP53->-MSH6 TP53->-RUNX1,3,3,2.000000,2,2.750000e-02,
PIK3CA->-MSH6 PIK3CA->-RUNX1 RUNX1->-MSH6,3,3,2.000000,2,2.750000e-02,
RUNX1->-MGA TP53->-MGA TP53->-RUNX1,3,3,2.000000,2,2.750000e-02,
PIK3CA->-MGA PIK3CA->-RUNX1 RUNX1->-MGA,3,3,2.000000,2,7.361111e-02,
PIK3CA->-CARD11 PIK3CA->-RUNX1 RUNX1->-CARD11,3,3,2.000000,2,2.750000e-02,
RUNX1->-CARD11 TP53->-CARD11 TP53->-RUNX1,3,3,2.000000,2,2.750000e-02,
MSH6->-KMT2A,2,1,2.000000,2,2.500000e-01,
FAT1->-MSH6 PIK3CA->-FAT1 PIK3CA->-MSH6,3,3,2.000000,2,2.777778e-02,
KMT2A->-MED12,2,1,2.000000,2,5.899588e-01,
STAT3->-NF1,2,1,2.000000,2,2.371795e-01,
NCOR1->-NF1,2,1,2.000000,2,7.707208e-01,
TP53->-IKBKE,2,1,2.000000,2,2.490119e-01,
BARD1->-AKT1 TP53->-AKT1 TP53->-BARD1,3,3,2.000000,2,9.722222e-03,
ATR->-RUNX1 PIK3CA->-ATR PIK3CA->-RUNX1,3,3,2.000000,2,7.361111e-02,
NCOR1->-BRIP1,2,1,2.000000,2,1.904762e-01,
BARD1->-PIK3CA,2,1,2.000000,2,7.556032e-01,
STK11->-MAP2K2,2,1,2.000000,2,1.960784e-01,
TP53->-ALOX12B,2,1,2.000000,2,2.349950e-01,
MAP2K4->-XPO1,2,1,2.000000,2,1.750000e-01,
APC->-XPO1,2,1,2.000000,2,1.743659e-01,
TRAF7->-GATA3,2,1,2.000000,2,2.500000e-01,
GATA3->-NOTCH3,2,1,2.000000,2,2.000000e-01,
MEN1->-NOTCH3,2,1,2.000000,2,2.490942e-01,
CDH1->-ATM CDH1->-PIK3CA PIK3CA->-ATM,3,3,2.000000,2,1.302910e-01,
ZFHX3->-ATM,2,1,2.000000,2,3.550265e-01,
ZFHX3->-NF1,2,1,2.000000,2,4.863201e-01,
APC->-NF1 CDH1->-APC CDH1->-NF1,3,3,2.000000,2,4.965188e-02,
PIK3CA->-PNRC1,2,1,2.000000,2,2.083333e-01,
CDH1->-SPOP,2,1,2.000000,2,4.583333e-01,
RB1->-ESR1,2,1,2.000000,2,2.000000e-01,
TET1->-ESR1,2,1,2.000000,2,6.688596e-01,
CDH1->-PALB2,2,1,2.000000,2,4.333333e-01,
CDH1->-NFE2L2,2,1,2.000000,2,1.577398e-01,
ARID1A->-NOTCH3,2,1,2.000000,2,1.992754e-01,
ROS1->-NFE2L2,2,1,2.000000,2,9.375000e-02,
ROS1->-NF2,2,1,2.000000,2,1.339286e-01,
KMT2A->-NFE2L2,2,1,2.000000,2,1.339286e-01,
TP53->-MRE11A,2,1,2.000000,2,1.666667e-01,
PIK3CA->-MDM2,2,1,2.000000,2,2.491667e-01,
ESR1->-NFE2L2,2,1,2.000000,2,2.500000e-01,
ARID1A->-RUNX1 PTEN->-ARID1A PTEN->-RUNX1,3,3,2.000000,2,2.777778e-02,
ESR1->-FUBP1,2,1,2.000000,2,1.666667e-01,
KDM5C->-ESR1,2,1,2.000000,2,6.000000e-01,
PTEN->-BRCA2,2,1,2.000000,2,3.407576e-01,
SMAD4->-PIK3CA,2,1,2.000000,2,9.214323e-01,
GRIN2A->-PIK3CA,2,1,2.000000,2,8.965360e-01,
RHOA->-GRIN2A,2,1,2.000000,2,2.500000e-01,
SMAD4->-KDM5C,2,1,2.000000,2,5.000000e-01,
SOX9->-TBX3,2,1,2.000000,2,4.326691e-01,
PIK3CA->-HGF,2,1,2.000000,2,3.485867e-01,
ATM->-HGF,2,1,2.000000,2,2.500000e-01,
SMAD4->-FAT1,2,1,2.000000,2,2.083333e-01,
NF1->-MAP2K4,2,1,2.000000,2,5.697052e-01,
ATR->-PIK3CA,2,1,2.000000,2,9.994114e-01,
GATA3->-ATR,2,1,2.000000,2,3.750000e-01,
PPP2R1A->-PIK3CA,2,1,2.000000,2,7.823700e-01,
KMT2C->-PPP2R1A,2,1,2.000000,2,1.833333e-01,
SPEN->-DNMT3A,2,1,2.000000,2,4.404762e-01,
FOXP1->-ESR1,2,1,2.000000,2,3.500000e-01,
TP53->-FGF3,2,1,2.000000,2,8.750000e-02,
STAG2->-AXL,2,1,2.000000,2,2.500000e-01,
CDK8->-KRAS,2,1,2.000000,2,2.241848e-01,
PIK3CA->-RPS6KA4,2,1,2.000000,2,3.839286e-01,
PIK3CA->-RARA,2,1,2.000000,2,1.339286e-01,
NSD1->-RAD50,2,1,2.000000,2,1.792498e-01,
STAG2->-PTEN STAG2->-TP53 TP53->-PTEN,3,3,2.000000,2,2.777778e-02,
PTEN->-PIK3C2G,2,1,2.000000,2,2.150997e-01,
NF1->-MTOR,2,1,2.000000,2,4.207483e-01,
SPEN->-NCOR1,2,1,2.000000,2,4.635093e-01,
NOTCH1->-NCOR1,2,1,2.000000,2,2.142857e-01,
GATA3->-DOT1L,2,1,2.000000,2,2.333333e-01,
FOXA1->-DOT1L,2,1,2.000000,2,5.948413e-01,
CDH1->-BTK,2,1,2.000000,2,2.500000e-01,
AKT1->-XPO1 CDH1->-AKT1 CDH1->-XPO1,3,3,2.000000,2,2.777778e-02,
FGFR4->-AKT1,2,1,2.000000,2,1.250000e-01,
BRCA2->-MTOR BRCA2->-XPO1 MTOR->-XPO1,3,3,2.000000,2,2.777778e-02,
BRCA2->-FAT1,2,1,2.000000,2,4.227273e-01,
CDH1->-PIK3R1,2,1,2.000000,2,4.650997e-01,
KMT2C->-PIK3R1,2,1,2.000000,2,7.556001e-01,
KMT2C->-MTOR,2,1,2.000000,2,3.750000e-01,
CDH1->-FAT1 MTOR->-CDH1 MTOR->-FAT1,3,3,2.000000,2,2.777778e-02,
SPEN->-XPO1,2,1,2.000000,2,2.490942e-01,
KMT2C->-NOTCH3 KMT2C->-XPO1 NOTCH3->-XPO1,3,3,2.000000,2,2.747585e-02,
FAT1->-AR,2,1,2.000000,2,2.500000e-01,
PIK3R1->-AR,2,1,2.000000,2,2.500000e-01,
NOTCH3->-PIK3R1,2,1,2.000000,2,2.500000e-01,
TP53->-HLA-A,2,1,2.000000,2,2.491667e-01,
TP53->-NUP93,2,1,2.000000,2,4.991667e-01,
TP53->-RPS6KB2,2,1,2.000000,2,2.491667e-01,
NOTCH4->-KMT2D TP53->-KMT2D TP53->-NOTCH4,3,3,2.000000,2,4.175440e-02,
FLT4->-ATM TP53->-ATM TP53->-FLT4,3,3,2.000000,2,4.583333e-03,
ARID2->-KMT2D ERCC5->-ARID2 ERCC5->-KMT2D PIK3CA->-ARID2 PIK3CA->-ERCC5 PIK3CA->-KMT2D,4,6,2.000000,2,1.701389e-03,
ARID2->-KMT2D ERCC5->-ARID2 ERCC5->-KMT2D TP53->-ARID2 TP53->-ERCC5 TP53->-KMT2D,4,6,2.000000,2,1.701389e-03,
ATR->-KMT2D PIK3CA->-ATR PIK3CA->-KMT2D,3,3,2.000000,2,7.186782e-02,
FGFR4->-MSH6 TP53->-FGFR4 TP53->-MSH6,3,3,2.000000,2,6.666667e-03,
RUNX1->-INSR,2,1,2.000000,2,2.491667e-01,
ATM->-PTPRS PIK3CA->-ATM PIK3CA->-PTPRS,3,3,2.000000,1,3.455203e-02,
PIK3CA->-PARP1 PIK3CA->-RUNX1 RUNX1->-PARP1,3,3,2.000000,2,2.750000e-02,
NUP93->-PARP1 PIK3CA->-NUP93 PIK3CA->-PARP1,3,3,2.000000,2,2.750000e-02,
APC->-RUNX1,2,1,2.000000,2,2.491667e-01,
PTPRS->-PARP1,2,1,2.000000,2,2.143827e-01,
APC->-PTPRS,2,1,2.000000,2,3.470427e-01,
TP53->-FLCN,2,1,2.000000,2,3.741765e-01,
ERCC4->-NCOR1,2,1,2.000000,2,3.590214e-01,
KMT2D->-NCOR1 SMAD2->-KMT2D SMAD2->-NCOR1,3,3,2.000000,2,2.744840e-02,
RAD51->-KMT2D,2,1,2.000000,2,1.743083e-01,
KMT2D->-FGFR2 TP53->-FGFR2 TP53->-KMT2D,3,3,2.000000,2,2.640945e-02,
PTPRT->-FGFR2 TP53->-FGFR2 TP53->-PTPRT,3,3,2.000000,2,2.640945e-02,
BRCA1->-CREBBP BRCA1->-KMT2C CREBBP->-KMT2C,3,3,2.000000,2,2.744840e-02,
PIK3C2G->-KMT2C,2,1,2.000000,2,4.641820e-01,
CREBBP->-KMT2C CREBBP->-NCOR1 KMT2C->-NCOR1,3,3,2.000000,2,2.715004e-02,
CDH1->-PIK3CA FLCN->-CDH1 FLCN->-PIK3CA,3,3,2.000000,2,2.744840e-02,
AKT1->-TBX3,2,1,2.000000,2,2.500000e-01,
ARID2->-EPHA5 TP53->-ARID2 TP53->-EPHA5,3,3,2.000000,2,1.297540e-01,
ZFHX3->-ARID2,2,1,2.000000,2,2.490942e-01,
CBFB->-MAP2K4,2,1,2.000000,2,1.633333e-01,
CTCF->-ERBB3 MAP3K1->-CTCF MAP3K1->-ERBB3,3,3,2.000000,2,1.805556e-02,
ATM->-JUN,2,1,2.000000,2,2.476190e-01,
FBXW7->-PIK3CA,2,1,2.000000,2,7.904996e-01,
RHOA->-TBX3,2,1,2.000000,2,2.053571e-01,
FAT1->-RB1,2,1,2.000000,2,6.864035e-01,
PIK3CA->-GATA3 ROS1->-GATA3 ROS1->-PIK3CA,3,3,2.000000,2,2.777778e-02,
FGFR4->-ROS1,2,1,2.000000,2,1.780303e-01,
STK11->-GATA3,2,1,2.000000,2,2.352941e-01,
TP53->-ASXL2,2,1,2.000000,2,3.750000e-01,
TP53->-EPHA3,2,1,2.000000,2,5.000000e-01,
TP53->-PPP2R1A,2,1,2.000000,2,1.318182e-01,
AKT2->-PTPRT,2,1,2.000000,2,2.500000e-01,
RICTOR->-ESR1,2,1,2.000000,2,7.689884e-01,
SUZ12->-PIK3CA,2,1,2.000000,2,5.699891e-01,
SMAD4->-ERCC4,2,1,2.000000,2,2.500000e-01,
BLM->-FAT1 BLM->-KDR FAT1->-KDR,3,3,2.000000,2,2.344771e-02,
DNMT1->-SPEN,2,1,2.000000,2,2.500000e-01,
APC->-SPEN,2,1,2.000000,2,7.524566e-01,
APC->-DNMT1,2,1,2.000000,2,4.670330e-01,
DNMT3A->-FAT1,2,1,2.000000,2,4.404762e-01,
FOXP1->-PTEN,2,1,2.000000,2,2.053571e-01,
TET2->-SETD2 TP53->-SETD2 TP53->-TET2,3,3,2.000000,2,6.343537e-02,
AKT1->-SETD2,2,1,2.000000,2,1.904762e-01,
AKT1->-RAD50,2,1,2.000000,2,2.500000e-01,
AKT1->-DNMT1,2,1,2.000000,2,4.670330e-01,
SMAD2->-RFWD2,2,1,2.000000,2,2.500000e-01,
CDH1->-AXIN2,2,1,2.000000,2,2.490942e-01,
KMT2C->-NSD1,2,1,2.000000,2,7.687500e-01,
MAP2K4->-ARID2,2,1,2.000000,2,2.500000e-01,
CDH1->-RET,2,1,2.000000,2,2.500000e-01,
ROS1->-MYC,2,1,2.000000,2,1.333333e-01,
BCOR->-TSC2,2,1,2.000000,2,2.500000e-01,
TSC2->-KMT2C,2,1,2.000000,2,8.313236e-01,
KMT2C->-EP300 KMT2D->-EP300 KMT2D->-KMT2C,3,3,2.000000,2,2.344771e-02,
KMT2D->-FGF4 PIK3CA->-FGF4 PIK3CA->-KMT2D,3,3,2.000000,2,1.327256e-02,
ARID1A->-KDM5C PIK3CA->-ARID1A PIK3CA->-KDM5C,3,3,2.000000,2,5.753968e-02,
SMAD2->-BCOR,2,1,2.000000,2,1.333333e-01,
LATS1->-ATR,2,1,2.000000,2,2.500000e-01,
LATS1->-ARID1A,2,1,2.000000,2,1.727273e-01,
LATS1->-RFWD2,2,1,2.000000,2,2.500000e-01,
SMAD4->-RFWD2,2,1,2.000000,2,2.500000e-01,
NCOR1->-IKZF1,2,1,2.000000,2,3.750000e-01,
GATA3->-BCOR,2,1,2.000000,2,2.500000e-01,
IRS2-/-PIK3CA,2,1,2.000000,2,8.888889e-02,
IRS2->-FLT4 TP53->-FLT4 TP53->-IRS2,3,3,2.000000,2,8.978676e-04,
ASXL2->-TBX3,2,1,2.000000,2,2.500000e-01,
CDH1->-ASXL2,2,1,2.000000,2,3.735119e-01,
ASXL2->-ARID1A,2,1,2.000000,2,3.735119e-01,
ARID1B->-KDR,2,1,2.000000,2,2.352941e-01,
ARID1B->-KMT2A ARID1B->-PIK3CA PIK3CA->-KMT2A,3,3,2.000000,2,2.747585e-02,
FOXA1->-ARID1B,2,1,2.000000,2,2.500000e-01,
KDM6A->-KDR KDM6A->-PIK3CA PIK3CA->-KDR,3,3,2.000000,2,2.263753e-02,
KDR->-KMT2A,2,1,2.000000,2,2.500000e-01,
FOXA1->-KMT2A FOXA1->-PIK3CA PIK3CA->-KMT2A,3,3,2.000000,2,5.539530e-02,
GPS2->-JAK2,2,1,2.000000,2,2.500000e-01,
EPHA5->-TP53,2,1,2.000000,2,9.905723e-01,
PIK3CA->-MYCN,2,1,2.000000,2,2.500000e-01,
PIK3CA->-SHQ1,2,1,2.000000,2,1.904762e-01,
GATA3->-HIST1H1C,2,1,2.000000,2,2.500000e-01,
GATA3->-NOTCH4 GATA3->-PIK3CA PIK3CA->-NOTCH4,3,3,2.000000,2,8.333333e-03,
GATA3->-DICER1,2,1,2.000000,2,2.500000e-01,
CDH1->-PIK3CA RAD52->-CDH1 RAD52->-PIK3CA,3,3,2.000000,2,2.277778e-02,
CDH1->-PIK3CA STK11->-CDH1 STK11->-PIK3CA,3,3,2.000000,2,6.685730e-02,
ARID1B->-GATA3,2,1,2.000000,2,4.852941e-01,
KDR->-GATA3,2,1,2.000000,2,2.352941e-01,
BLM->-GATA3,2,1,2.000000,2,4.022059e-01,
FAT1->-GATA3,2,1,2.000000,2,8.515844e-01,
MAP2K2->-KMT2C,2,1,2.000000,2,2.344416e-01,
STK11->-PTCH1,2,1,2.000000,2,2.352941e-01,
MGA->-KMT2A,2,1,2.000000,2,4.950558e-01,
TP53->-MALT1,2,1,2.000000,2,1.666667e-01,
MAP3K1->-ALK,2,1,2.000000,2,5.877778e-01,
MAP3K1->-KLF4,2,1,2.000000,2,1.964286e-01,
TBX3-/-ZFHX3,2,1,2.000000,2,5.333333e-02,
TP53->-CD79B,2,1,2.000000,2,1.555556e-01,
TP53->-PLCG2,2,1,2.000000,2,1.120858e-01,
TP53->-SMAD4,2,1,2.000000,2,7.558036e-01,
TBX3->-NCOA3,2,1,2.000000,2,1.743659e-01,
TBX3->-IKZF1,2,1,2.000000,2,1.250000e-01,
PTCH1->-PAK7 SOX9->-PAK7 SOX9->-PTCH1,3,3,2.000000,2,2.747585e-02,
PTCH1->-PAK7 TBX3->-PAK7 TBX3->-PTCH1,3,3,2.000000,2,2.747585e-02,
AKT1->-PTCH1,2,1,2.000000,2,1.250000e-01,
PIK3CA->-MEF2B,2,1,2.000000,2,2.500000e-01,
KDM5C->-MAP3K1,2,1,2.000000,2,2.500000e-01,
CBFB->-MEN1,2,1,2.000000,2,2.500000e-01,
GLI1->-GATA3,2,1,2.000000,2,2.500000e-01,
TP53->-FANCC,2,1,2.000000,2,2.750842e-01,
NOTCH3->-BLM TP53->-BLM TP53->-NOTCH3,3,3,2.000000,2,1.190476e-02,
GATA3->-AKT1,2,1,2.000000,2,9.828238e-01,
SPEN->-PTPRD,2,1,2.000000,2,1.666667e-01,
JAK1->-MDC1,2,1,2.000000,2,2.149660e-01,
MDC1->-TP53,2,1,2.000000,2,9.498521e-01,
RAD52->-BRCA1,2,1,2.000000,2,1.513228e-01,
MDC1->-CREBBP,2,1,2.000000,2,4.967305e-01,
KMT2A->-NOTCH1,2,1,2.000000,2,2.476190e-01,
CHEK2->-CREBBP,2,1,2.000000,2,1.815873e-01,
IDH1->-SETD2 TP53->-IDH1 TP53->-SETD2,3,3,2.000000,2,2.596275e-02,
BRCA2->-GATA3,2,1,2.000000,2,6.482143e-01,
BRCA2->-ARID2,2,1,2.000000,2,2.142857e-01,
KMT2C->-TNFAIP3,2,1,2.000000,2,1.250000e-01,
KMT2C->-ARID2,2,1,2.000000,2,6.868207e-01,
MDC1->-FAT1,2,1,2.000000,2,1.904762e-01,
GATA3->-TET1,2,1,2.000000,2,1.666667e-01,
CARD11->-ESR1 CARD11->-FAT1 ESR1->-FAT1,3,3,2.000000,2,4.903032e-02,
FAT1->-TET1,2,1,2.000000,2,8.558768e-01,
FOXA1->-PTEN,2,1,2.000000,2,6.450879e-01,
PTPRS->-PIK3CA STK11->-PIK3CA STK11->-PTPRS,3,3,2.000000,2,1.319444e-02,
PTPRS->-MGA STK11->-MGA STK11->-PTPRS,3,3,2.000000,2,1.319444e-02,
CDH1->-RUNX1 CDH1->-TBX3 RUNX1->-TBX3,3,3,2.000000,2,1.319444e-01,
ARAF->-PIK3CA,2,1,2.000000,2,6.784758e-01,
PIK3CG->-CDC73,2,1,2.000000,2,1.215986e-01,
KMT2D->-FLT3,2,1,2.000000,2,2.500000e-01,
NF1->-ARID2 PIK3CA->-ARID2 PIK3CA->-NF1,3,3,2.000000,2,2.747585e-02,
NF1->-FLT3,2,1,2.000000,2,1.750000e-01,
ARID1A->-ERBB3 TP53->-ARID1A TP53->-ERBB3,3,3,2.000000,2,6.734007e-03,
EP300->-TP53,2,1,2.000000,2,9.931005e-01,
NFE2L2->-GATA3,2,1,2.000000,2,2.500000e-01,
ARID1B->-NFE2L2,2,1,2.000000,2,4.650997e-01,
MAP2K4->-FAT1,2,1,2.000000,2,4.671053e-01,
PDGFRA->-ARID2,2,1,2.000000,2,2.241848e-01,
NF1->-EPHB1,2,1,2.000000,2,2.047619e-01,
PIK3R1->-EPHB1,2,1,2.000000,2,2.500000e-01,
PIK3R1->-NF1,2,1,2.000000,2,8.960897e-01,
ARID1B->-ROS1 TP53->-ARID1B TP53->-ROS1,3,3,2.000000,2,9.920635e-03,
EPHA5->-ALK TP53->-ALK TP53->-EPHA5,3,3,2.000000,2,2.777778e-02,
SPEN->-ALK,2,1,2.000000,2,2.490942e-01,
ARID1B->-ARID2 ARID1B->-IRS1 IRS1->-ARID2,3,3,2.000000,2,2.747585e-02,
AR->-ARID2 AR->-IRS1 IRS1->-ARID2,3,3,2.000000,2,2.747585e-02,
MAP3K1->-ATRX TP53->-ATRX TP53->-MAP3K1,3,3,2.000000,2,1.805556e-02,
MAP3K1->-ARID1B,2,1,2.000000,2,5.861442e-01,
MAP3K1->-PIK3R1,2,1,2.000000,2,6.613248e-01,
FAT1->-ARID1B TP53->-ARID1B TP53->-FAT1,3,3,2.000000,2,6.685730e-02,
FAT1->-IRS1,2,1,2.000000,2,2.500000e-01,
TET1->-SPEN TP53->-SPEN TP53->-TET1,3,3,2.000000,2,2.777778e-02,
NOTCH2->-FAT1,2,1,2.000000,2,1.428571e-01,
TP53->-STAT3,2,1,2.000000,2,3.384615e-01,
JAK3->-PIK3CA,2,1,2.000000,2,8.809437e-01,
BCOR->-PIK3CA,2,1,2.000000,2,9.811657e-01,
CDH1->-ERBB3 CDH1->-TBX3 TBX3->-ERBB3,3,3,2.000000,2,2.777778e-02,
TP53->-HIST1H3J,2,1,2.000000,2,7.111111e-02,
TP53->-HIST1H3C,2,1,2.000000,2,1.696429e-01,
NF1->-NBN,2,1,2.000000,2,2.500000e-01,
NF1->-STAG2,2,1,2.000000,2,1.269841e-01,
MAP2K4->-NF1 MAP2K4->-TET2 NF1->-TET2,3,3,2.000000,2,1.039595e-02,
RUNX1->-ARID1A,2,1,2.000000,2,7.541667e-01,
KMT2A->-CD79A,2,1,2.000000,2,1.780303e-01,
FGFR4->-CD79A,2,1,2.000000,2,1.780303e-01,
FGFR4->-GRIN2A,2,1,2.000000,2,1.780303e-01,
NOTCH3->-PALB2,2,1,2.000000,2,2.500000e-01,
PIK3R1->-EPHA7,2,1,2.000000,2,2.371795e-01,
NOTCH4->-EIF4A2,2,1,2.000000,2,2.170330e-01,
TMPRSS2->-TP53,2,1,2.000000,2,1.083333e-01,
TP53->-UPF1,2,1,2.000000,2,2.968874e-01,
ATRX->-KMT2C,2,1,2.000000,2,1.937500e-01,
IL7R->-KMT2C,2,1,2.000000,2,1.667023e-01,
KMT2D->-FLT1,2,1,2.000000,2,1.681287e-01,
PIK3CA->-BTK,2,1,2.000000,2,4.583333e-01,
ATM-/-HIST1H3J,2,1,2.000000,2,5.090909e-02,
MGA->-RB1,2,1,2.000000,2,4.966931e-01,
TBX3->-GRIN2A,2,1,2.000000,2,2.500000e-01,
AKT1->-ERBB4,2,1,2.000000,2,1.250000e-01,
KDM6A->-TP53,2,1,2.000000,2,9.596913e-01,
MAP3K1->-DDR2,2,1,2.000000,2,1.868132e-01,
BRCA2->-TBX3,2,1,2.000000,2,6.968407e-01,
RB1->-CDH1,2,1,2.000000,2,9.161220e-01,
RB1->-SPEN,2,1,2.000000,2,2.800000e-01,
FGFR4->-PTPRD,2,1,2.000000,2,1.318182e-01,
FGFR4->-ERBB3,2,1,2.000000,2,1.318182e-01,
PIK3CA->-FAM175A,2,1,2.000000,2,3.306790e-01,
CREBBP->-NUP93,2,1,2.000000,2,3.660714e-01,
TBX3->-ARID1A,2,1,2.000000,2,6.977965e-01,
CDH1->-CIC,2,1,2.000000,2,1.365079e-01,
ALK->-ARID1A TP53->-ALK TP53->-ARID1A,3,3,2.000000,2,2.777778e-02,
KRAS->-ALK,2,1,2.000000,2,2.490942e-01,
STK11->-ARID1A,2,1,2.000000,2,5.000000e-01,
IKZF1-/-TP53,2,1,2.000000,2,1.805737e-01,
ARID1A->-ESR1,2,1,2.000000,2,9.756313e-01,
NCOR1->-BCOR,2,1,2.000000,2,5.000000e-01,
BCOR->-RUNX1,2,1,2.000000,2,2.500000e-01,
SF3B1->-ARID1A,2,1,2.000000,2,2.500000e-01,
FANCA->-PIK3R1,2,1,2.000000,2,1.864198e-01,
FANCA->-PARP1,2,1,2.000000,2,1.864198e-01,
KMT2C->-TSC2 PTEN->-KMT2C PTEN->-TSC2,3,3,2.000000,2,1.111974e-02,
GATA3->-FGFR2,2,1,2.000000,2,2.500000e-01,
NOTCH3->-ALK,2,1,2.000000,2,2.490942e-01,
PTEN->-MSH2,2,1,2.000000,2,2.500000e-01,
MDC1->-KMT2C PIK3CA->-KMT2C PIK3CA->-MDC1,3,3,2.000000,2,2.747585e-02,
TSC2->-MAP3K1,2,1,2.000000,2,4.787990e-01,
GATA3->-KMT2D,2,1,2.000000,2,6.764706e-01,
PPP2R1A->-ARID1A,2,1,2.000000,2,3.412879e-01,
NF1->-ATR,2,1,2.000000,2,4.220549e-01,
KLF4->-ARID1A,2,1,2.000000,2,2.083333e-01,
ARID1A->-FLT4,2,1,2.000000,2,3.022222e-01,
HIST1H3I->-HNF1A ROS1->-HIST1H3I ROS1->-HNF1A,3,3,2.000000,2,2.672636e-02,
HIST1H3I->-HNF1A PIK3CA->-HIST1H3I PIK3CA->-HNF1A,3,3,2.000000,2,2.672636e-02,
SETD2->-BCOR,2,1,2.000000,2,2.466931e-01,
PTCH1->-KMT2D,2,1,2.000000,2,4.820018e-01,
PIK3CA->-ARID2 PIK3CA->-PTCH1 PTCH1->-ARID2,3,3,2.000000,2,2.643586e-02,
PIK3CA->-GLI1 PIK3CA->-PTCH1 PTCH1->-GLI1,3,3,2.000000,2,2.643586e-02,
PIK3CA->-ATR PIK3CA->-PTCH1 PTCH1->-ATR,3,3,2.000000,2,2.643586e-02,
PIK3CA->-BCOR PIK3CA->-PTCH1 PTCH1->-BCOR,3,3,2.000000,2,2.672636e-02,
KMT2D->-BCOR,2,1,2.000000,2,4.966931e-01,
PTPRT->-BCOR,2,1,2.000000,2,2.466931e-01,
KMT2D->-ARID1A TP53->-ARID1A TP53->-KMT2D,3,3,2.000000,2,7.232171e-02,
ATRX->-RB1,2,1,2.000000,2,6.427621e-01,
HIST1H3I->-GATA3 PIK3CA->-GATA3 PIK3CA->-HIST1H3I,3,3,2.000000,2,2.777778e-02,
LATS2->-GATA3,2,1,2.000000,2,2.500000e-01,
ERBB2->-PIK3CA KMT2C->-ERBB2 KMT2C->-PIK3CA,3,3,2.000000,2,1.447179e-01,
PIK3CA->-ALOX12B,2,1,2.000000,2,2.500000e-01,
IRS1->-PTCH1,2,1,2.000000,2,2.490942e-01,
AR->-KMT2A AR->-PIK3CA PIK3CA->-KMT2A,3,3,2.000000,2,2.747585e-02,
AR->-KMT2A AR->-PDGFRA AR->-PTPRS PDGFRA->-KMT2A PDGFRA->-PTPRS PTPRS->-KMT2A,4,6,2.000000,2,1.698370e-03,
KMT2C->-PDGFRA,2,1,2.000000,2,2.490942e-01,
ERBB2->-PDGFRA,2,1,2.000000,2,2.490942e-01,
CDH1->-ERBB2 CDH1->-PTPRS ERBB2->-PTPRS,3,3,2.000000,2,2.747585e-02,
KMT2C->-GLI1,2,1,2.000000,2,4.359273e-01,
PIK3CA->-AXIN1,2,1,2.000000,2,1.400000e-01,
PALB2->-PIK3CA,2,1,2.000000,2,7.713251e-01,
GATA3-/-SPEN,2,1,2.000000,2,2.588803e-01,
STAG2->-MAP3K1,2,1,2.000000,2,5.000000e-01,
RB1->-PTPRD TP53->-PTPRD TP53->-RB1,3,3,2.000000,2,1.111111e-02,
CBFB->-SF3B1,2,1,2.000000,2,1.964286e-01,
MDC1->-RAD54L PIK3CA->-MDC1 PIK3CA->-RAD54L,3,3,2.000000,2,1.727053e-02,
PIK3CB->-RAD54L,2,1,2.000000,2,4.041627e-01,
CDH1->-MGA,2,1,2.000000,2,1.666667e-01,
PTEN->-INPPL1,2,1,2.000000,2,5.000000e-01,
KMT2B->-KMT2A,2,1,2.000000,2,2.500000e-01,
KMT2D->-FOXP1,2,1,2.000000,2,4.990119e-01,
ARID1A->-ALK,2,1,2.000000,2,6.868207e-01,
FLT4-/-NOTCH4 TP53->-FLT4 TP53->-NOTCH4,3,3,2.000000,2,1.142857e-02,
AKT1->-SPEN,2,1,2.000000,2,2.728175e-01,
MAP3K1->-RUNX1,2,1,2.000000,2,7.402778e-01,
LATS1->-TP53,2,1,2.000000,2,7.750000e-01,
JAK1->-PDGFRB,2,1,2.000000,2,1.860283e-01,
TP53->-EED,2,1,2.000000,2,1.085165e-01,
MDC1->-APC NOTCH4->-APC NOTCH4->-MDC1,3,3,2.000000,2,2.158816e-02,
TP53->-PARK2,2,1,2.000000,2,5.059524e-02,
RB1->-HIST1H3G,2,1,2.000000,2,2.500000e-01,
CDKN1B->-ESR1 CDKN1B->-PIK3CA ESR1->-PIK3CA,3,3,2.000000,2,2.777778e-02,
TP53->-EGFL7,2,1,2.000000,2,1.250000e-01,
KMT2B->-PIK3CA,2,1,2.000000,2,5.000000e-01,
KMT2B->-PTPRS,2,1,2.000000,2,2.500000e-01,
PIK3R1->-MAP3K1,2,1,2.000000,2,6.613248e-01,
CDH1->-PIK3CA CDH1->-XPO1 PIK3CA->-XPO1,3,3,2.000000,2,2.747585e-02,
ARID1A->-XPO1,2,1,2.000000,2,2.490942e-01,
FANCA->-MED12,2,1,2.000000,2,2.150997e-01,
LATS1->-PIK3CA,2,1,2.000000,2,6.197917e-01,
ERBB3->-ARID2,2,1,2.000000,2,4.368132e-01,
