pattern,n_nodes,n_edges,s_exp,s_theta,pval_exp,pval_theta
CDH1->-PIK3CA,2,1,100.500000,100,,1.016412e-12
TP53->-PIK3CA,2,1,84.000000,83,,4.865993e-03
PIK3CA->-TP53,2,1,68.000000,67,,5.143091e-01
MAP3K1->-PIK3CA,2,1,48.000000,47,,3.274559e-02
PIK3CA->-GATA3,2,1,39.500000,38,,3.475049e-01
TP53->-PTEN,2,1,38.000000,38,,6.920426e-06
GATA3->-PIK3CA,2,1,35.500000,34,,6.972012e-01
PIK3CA->-KMT2C,2,1,33.500000,33,,2.439048e-02
PIK3CA->-MAP3K1,2,1,33.000000,32,,9.331220e-01
CBFB->-PIK3CA,2,1,32.500000,32,,4.937239e-06
TP53->-KMT2C,2,1,29.000000,29,,1.077329e-05
PIK3CA->-KMT2C TP53->-KMT2C TP53->-PIK3CA,3,3,4.500000,4,,9.409542e-02
PIK3CA->-KMT2C PIK3CA->-TP53 TP53->-KMT2C,3,3,3.000000,3,,2.686882e-01
PIK3CA->-CDH1,2,1,28.500000,28,,1.000000e+00
PIK3CA->-FOXA1,2,1,27.000000,27,,2.914726e-03
PIK3CA->-ESR1,2,1,27.000000,27,,2.502887e-02
TP53->-NF1,2,1,27.000000,27,,1.737013e-03
CDH1->-TP53,2,1,25.500000,25,,1.079597e-01
CDH1->-PIK3CA CDH1->-TP53 TP53->-PIK3CA,3,3,2.000000,2,,6.119169e-01
CDH1->-PIK3CA CDH1->-TP53 PIK3CA->-TP53,3,3,2.500000,2,,6.119169e-01
TP53->-MAP3K1,2,1,24.000000,24,,3.336845e-05
MAP3K1->-PIK3CA TP53->-MAP3K1 TP53->-PIK3CA,3,3,2.500000,2,,3.177515e-01
PIK3CA->-MAP3K1 PIK3CA->-TP53 TP53->-MAP3K1,3,3,2.000000,2,,3.177515e-01
TP53->-KMT2D,2,1,24.000000,24,,6.641483e-07
CDH1->-KMT2C,2,1,23.500000,23,,2.375894e-04
CDH1->-KMT2C CDH1->-PIK3CA PIK3CA->-KMT2C,3,3,7.000000,7,,1.961511e-03
CDH1->-KMT2C CDH1->-TP53 TP53->-KMT2C,3,3,2.000000,2,,3.314475e-01
TP53->-RB1,2,1,21.000000,21,,3.719918e-03
CBFB->-GATA3,2,1,21.000000,21,,1.091260e-04
CBFB->-GATA3 CBFB->-PIK3CA PIK3CA->-GATA3,3,3,5.000000,5,,3.954581e-02
CBFB->-GATA3 CBFB->-PIK3CA GATA3->-PIK3CA,3,3,5.500000,5,,3.954581e-02
KMT2C->-PIK3CA,2,1,20.000000,18,,9.835075e-01
CDH1->-KMT2C CDH1->-PIK3CA KMT2C->-PIK3CA,3,3,4.500000,4,,1.419170e-01
PIK3CA->-ARID1A,2,1,19.500000,18,,3.950619e-01
CDH1->-FOXA1,2,1,19.000000,19,,5.254219e-04
CDH1->-FOXA1 CDH1->-PIK3CA PIK3CA->-FOXA1,3,3,8.000000,8,,3.052904e-04
CDH1->-MAP3K1,2,1,19.000000,19,,5.688474e-04
CDH1->-MAP3K1 CDH1->-PIK3CA MAP3K1->-PIK3CA,3,3,4.000000,4,,2.100509e-01
CDH1->-MAP3K1 CDH1->-PIK3CA PIK3CA->-MAP3K1,3,3,8.000000,8,,9.455568e-04
CDH1->-MAP3K1 CDH1->-TP53 TP53->-MAP3K1,3,3,3.000000,3,,1.620370e-02
PIK3CA->-SF3B1,2,1,19.000000,19,,5.274430e-06
PIK3CA->-FAT1,2,1,19.000000,19,,6.594040e-04
AKT1->-TP53,2,1,19.000000,19,,7.467833e-06
TP53->-CDH1,2,1,19.000000,19,,7.183695e-01
CDH1->-PIK3CA TP53->-CDH1 TP53->-PIK3CA,3,3,5.000000,5,,3.665494e-02
CDH1->-KMT2C TP53->-CDH1 TP53->-KMT2C,3,3,2.500000,2,,3.314475e-01
CDH1->-ERBB2,2,1,18.500000,18,,8.336743e-02
TP53->-FAT1,2,1,18.000000,18,,2.464556e-05
PIK3CA->-FAT1 TP53->-FAT1 TP53->-PIK3CA,3,3,4.000000,4,,3.383447e-02
PIK3CA->-FAT1 PIK3CA->-TP53 TP53->-FAT1,3,3,3.000000,3,,1.412509e-01
TP53->-NCOR1,2,1,18.000000,18,,2.336760e-02
PIK3CA->-RUNX1,2,1,18.000000,18,,2.632392e-02
CDH1->-TBX3,2,1,17.500000,17,,3.675263e-02
MAP2K4->-PIK3CA,2,1,17.500000,17,,5.547426e-02
ESR1->-PIK3CA,2,1,17.000000,17,,8.562118e-01
TP53->-ARID1A,2,1,17.000000,16,,2.609255e-03
PIK3CA->-ARID1A PIK3CA->-TP53 TP53->-ARID1A,3,3,2.500000,2,,2.506707e-01
TBX3->-PIK3CA,2,1,17.000000,17,,2.133673e-01
CDH1->-PIK3CA CDH1->-TBX3 TBX3->-PIK3CA,3,3,5.000000,5,,4.109866e-02
TP53->-GATA3,2,1,17.000000,17,,1.131484e-02
PIK3CA->-GATA3 TP53->-GATA3 TP53->-PIK3CA,3,3,2.500000,2,,2.833369e-01
PIK3CA->-GATA3 PIK3CA->-TP53 TP53->-GATA3,3,3,3.000000,3,,7.645462e-02
PIK3CA->-NCOR1,2,1,17.000000,16,,5.350613e-01
NCOR1->-PIK3CA,2,1,16.000000,16,,5.350613e-01
NCOR1->-PIK3CA TP53->-NCOR1 TP53->-PIK3CA,3,3,3.000000,3,,1.183851e-01
CDH1->-ARID1A,2,1,15.500000,15,,1.782259e-02
CDH1->-ARID1A CDH1->-PIK3CA PIK3CA->-ARID1A,3,3,4.500000,4,,1.580351e-01
CDH1->-ARID1A PIK3CA->-ARID1A PIK3CA->-CDH1,3,3,2.000000,2,,6.598828e-01
CDH1->-RUNX1,2,1,15.000000,15,,4.961601e-02
CDH1->-PIK3CA CDH1->-RUNX1 PIK3CA->-RUNX1,3,3,4.000000,4,,7.059610e-02
CDH1->-RUNX1 PIK3CA->-CDH1 PIK3CA->-RUNX1,3,3,2.000000,2,,5.145788e-01
TP53->-ARID2,2,1,15.000000,15,,1.610643e-06
TP53->-PIK3R1,2,1,15.000000,15,,3.368059e-03
CDH1->-NCOR1,2,1,15.000000,15,,1.619204e-02
CDH1->-NCOR1 TP53->-CDH1 TP53->-NCOR1,3,3,2.000000,2,,3.581267e-01
CDH1->-NCOR1 CDH1->-PIK3CA PIK3CA->-NCOR1,3,3,2.500000,2,,4.727969e-01
CDH1->-NCOR1 CDH1->-PIK3CA NCOR1->-PIK3CA,3,3,4.000000,4,,5.459719e-02
ARID1A->-PIK3CA,2,1,14.500000,14,,8.591536e-01
ARID1A->-PIK3CA CDH1->-ARID1A CDH1->-PIK3CA,3,3,5.500000,5,,5.191546e-02
TP53->-ATR,2,1,14.500000,14,,8.543084e-04
PIK3CA->-TBX3,2,1,14.500000,14,,6.110003e-01
CDH1->-PIK3CA CDH1->-TBX3 PIK3CA->-TBX3,3,3,3.000000,3,,3.333317e-01
TP53->-PTPRD,2,1,14.500000,14,,2.468999e-05
PIK3CA->-KMT2D,2,1,14.000000,14,,1.750074e-02
PIK3CA->-KMT2D TP53->-KMT2D TP53->-PIK3CA,3,3,3.000000,3,,1.904085e-01
PIK3CA->-KMT2D PIK3CA->-TP53 TP53->-KMT2D,3,3,5.000000,5,,1.133374e-02
TP53->-RUNX1,2,1,13.500000,13,,4.070058e-02
PIK3CA->-RUNX1 PIK3CA->-TP53 TP53->-RUNX1,3,3,2.000000,2,,1.956019e-01
CDH1->-RUNX1 CDH1->-TP53 TP53->-RUNX1,3,3,2.000000,2,,7.407407e-02
TP53->-BRCA2,2,1,13.500000,13,,4.921514e-04
TP53->-NSD1,2,1,13.000000,12,,4.883993e-04
TP53->-CREBBP,2,1,13.000000,13,,5.893898e-04
PIK3CA->-ATR,2,1,13.000000,13,,4.676788e-03
PIK3CA->-ATR PIK3CA->-TP53 TP53->-ATR,3,3,2.500000,2,,2.178868e-01
CDH1->-ESR1,2,1,13.000000,13,,5.859936e-02
CDH1->-ESR1 CDH1->-PIK3CA PIK3CA->-ESR1,3,3,4.000000,4,,5.486968e-03
TP53->-KMT2A,2,1,13.000000,13,,4.152636e-05
PIK3CA->-PTEN,2,1,13.000000,13,,3.413507e-01
PIK3CA->-PTEN TP53->-PIK3CA TP53->-PTEN,3,3,2.000000,2,,4.113510e-01
PIK3CA->-PTEN PIK3CA->-TP53 TP53->-PTEN,3,3,6.000000,6,,6.317646e-04
TP53->-STAG2,2,1,12.500000,12,,8.063974e-03
MEN1->-GATA3,2,1,12.000000,12,,2.441406e-04
TP53->-FOXA1,2,1,12.000000,12,,9.277948e-03
PIK3CA->-FOXA1 TP53->-FOXA1 TP53->-PIK3CA,3,3,3.000000,3,,1.114040e-01
PIK3CA->-FOXA1 PIK3CA->-TP53 TP53->-FOXA1,3,3,2.000000,2,,3.562517e-01
CDH1->-FOXA1 CDH1->-TP53 TP53->-FOXA1,3,3,2.000000,2,,1.805646e-01
CDH1->-FOXA1 TP53->-CDH1 TP53->-FOXA1,3,3,2.000000,2,,1.805646e-01
PIK3CA->-SPEN,2,1,12.000000,12,,3.273075e-02
TP53->-TBX3,2,1,12.000000,12,,3.588552e-02
NF1->-TP53,2,1,12.000000,12,,9.767184e-01
NF1->-PIK3CA,2,1,12.000000,12,,2.530287e-01
NF1->-PIK3CA TP53->-NF1 TP53->-PIK3CA,3,3,3.000000,3,,2.407948e-01
NF1->-PIK3CA NF1->-TP53 TP53->-PIK3CA,3,3,4.000000,4,,7.921105e-02
TP53->-FLT4,2,1,12.000000,12,,1.717320e-05
TP53->-APC,2,1,12.000000,12,,1.584476e-04
PTEN->-TP53,2,1,11.500000,11,,9.998445e-01
TP53->-ESR1,2,1,11.500000,11,,3.470940e-03
PIK3CA->-ESR1 TP53->-ESR1 TP53->-PIK3CA,3,3,2.000000,2,,1.045743e-01
MAP3K1->-GATA3,2,1,11.500000,11,,5.124955e-01
GATA3->-PIK3CA MAP3K1->-GATA3 MAP3K1->-PIK3CA,3,3,5.000000,4,,2.087699e-01
MAP3K1->-GATA3 PIK3CA->-GATA3 PIK3CA->-MAP3K1,3,3,2.000000,2,,7.166769e-01
CDH1->-CBFB,2,1,11.500000,11,,2.268278e-01
CBFB->-PIK3CA CDH1->-CBFB CDH1->-PIK3CA,3,3,5.000000,5,,6.345300e-03
PTEN->-PIK3CA,2,1,11.500000,11,,6.517048e-01
TP53->-ALK,2,1,11.500000,11,,4.655350e-04
FOXA1->-PIK3CA,2,1,11.500000,11,,9.937154e-01
CDH1->-FOXA1 CDH1->-PIK3CA FOXA1->-PIK3CA,3,3,3.000000,3,,3.615165e-01
PIK3CA->-PTPRT,2,1,11.500000,11,,1.601947e-02
PIK3CA->-RB1,2,1,11.000000,11,,2.077885e-01
PIK3CA->-RB1 TP53->-PIK3CA TP53->-RB1,3,3,2.000000,2,,3.885123e-01
PIK3CA->-RB1 PIK3CA->-TP53 TP53->-RB1,3,3,4.000000,4,,2.930552e-02
TP53->-CDKN2A,2,1,11.000000,11,,1.058250e-02
TP53->-PTPRS,2,1,11.000000,11,,1.927915e-05
TP53->-ERBB3,2,1,11.000000,11,,3.443261e-05
TP53->-ATM,2,1,11.000000,11,,6.909207e-04
TP53->-NOTCH4,2,1,11.000000,11,,7.504473e-06
PIK3CA->-NOTCH4,2,1,11.000000,11,,5.279867e-03
PIK3CA->-NOTCH4 PIK3CA->-TP53 TP53->-NOTCH4,3,3,4.000000,4,,1.339213e-03
PIK3CA->-ATM,2,1,11.000000,11,,1.889754e-01
PIK3CA->-ATM PIK3CA->-TP53 TP53->-ATM,3,3,3.000000,3,,5.653264e-02
TP53->-FBXW7,2,1,11.000000,11,,2.128809e-03
PIK3CA->-RICTOR,2,1,10.500000,10,,5.261523e-03
TP53->-EP300,2,1,10.500000,10,,1.018667e-02
GATA3->-ARID1A,2,1,10.500000,10,,4.401023e-01
GATA3->-ARID1A PIK3CA->-ARID1A PIK3CA->-GATA3,3,3,2.000000,2,,2.665083e-01
GATA3->-ARID1A GATA3->-PIK3CA PIK3CA->-ARID1A,3,3,2.500000,2,,2.665083e-01
GATA3->-MAP3K1,2,1,10.500000,10,,6.754059e-01
GATA3->-MAP3K1 GATA3->-PIK3CA MAP3K1->-PIK3CA,3,3,3.000000,3,,4.381280e-01
GATA3->-MAP3K1 GATA3->-PIK3CA PIK3CA->-MAP3K1,3,3,4.000000,4,,2.087699e-01
TP53->-SETD2,2,1,10.500000,10,,4.815244e-04
PIK3CA->-NF1,2,1,10.000000,10,,5.779408e-01
PIK3CA->-NF1 TP53->-NF1 TP53->-PIK3CA,3,3,3.000000,3,,2.407948e-01
PIK3CA->-NF1 PIK3CA->-TP53 TP53->-NF1,3,3,2.000000,2,,5.314936e-01
CDH1->-PTEN,2,1,10.000000,10,,2.387862e-01
TP53->-ATRX,2,1,10.000000,10,,5.569064e-04
TP53->-CARD11,2,1,10.000000,10,,3.876146e-03
TP53->-NOTCH2,2,1,10.000000,10,,3.425223e-04
TP53->-MAP2K4,2,1,10.000000,10,,1.707849e-01
ESR1->-GATA3,2,1,10.000000,10,,2.791955e-01
ESR1->-GATA3 PIK3CA->-ESR1 PIK3CA->-GATA3,3,3,3.000000,3,,1.195656e-01
CDH1->-GATA3,2,1,10.000000,10,,7.610238e-03
CDH1->-GATA3 CDH1->-PIK3CA PIK3CA->-GATA3,3,3,3.000000,3,,8.526099e-02
CDH1->-GATA3 PIK3CA->-CDH1 PIK3CA->-GATA3,3,3,2.000000,2,,3.061225e-01
CDH1->-ESR1 CDH1->-GATA3 ESR1->-GATA3,3,3,3.000000,3,,4.629630e-03
CDH1->-ESR1 CDH1->-GATA3 CDH1->-PIK3CA ESR1->-GATA3 PIK3CA->-ESR1 PIK3CA->-GATA3,4,6,2.000000,2,,1.736111e-03
PIK3CA->-FLT4,2,1,10.000000,10,,9.398791e-03
PIK3CA->-FLT4 TP53->-FLT4 TP53->-PIK3CA,3,3,2.000000,2,,9.660268e-02
PIK3CA->-FLT4 PIK3CA->-TP53 TP53->-FLT4,3,3,2.000000,2,,9.660268e-02
ERBB2->-CDH1,2,1,10.000000,10,,9.444879e-01
TP53->-ARID1B,2,1,10.000000,10,,2.580762e-02
TP53->-EPHA5,2,1,10.000000,10,,5.843950e-03
TP53->-PTPRT,2,1,10.000000,10,,2.024284e-03
PIK3CA->-PTPRT TP53->-PIK3CA TP53->-PTPRT,3,3,3.000000,3,,7.924580e-02
PIK3CA->-PTPRT PIK3CA->-TP53 TP53->-PTPRT,3,3,4.000000,4,,1.385724e-02
TP53->-BARD1,2,1,10.000000,10,,4.262773e-05
PIK3CA->-KMT2A,2,1,10.000000,10,,5.837845e-02
PIK3CA->-KMT2A TP53->-KMT2A TP53->-PIK3CA,3,3,3.000000,3,,1.968695e-02
KMT2C->-MAP3K1,2,1,9.500000,9,,4.567373e-01
KMT2C->-MAP3K1 PIK3CA->-KMT2C PIK3CA->-MAP3K1,3,3,4.000000,4,,1.289757e-01
KMT2C->-MAP3K1 KMT2C->-PIK3CA MAP3K1->-PIK3CA,3,3,2.500000,2,,6.184999e-01
PIK3CA->-MAP2K4,2,1,9.500000,9,,9.379885e-01
TP53->-MED12,2,1,9.500000,9,,4.491374e-02
ERBB2->-PIK3CA,2,1,9.500000,9,,4.339917e-01
CDH1->-ERBB2 CDH1->-PIK3CA ERBB2->-PIK3CA,3,3,4.500000,4,,5.746990e-02
TP53->-ARID5B,2,1,9.500000,9,,2.483437e-03
TP53->-SPEN,2,1,9.500000,9,,4.124754e-02
PIK3CA->-SPEN PIK3CA->-TP53 TP53->-SPEN,3,3,3.000000,3,,9.876257e-03
KMT2C->-GATA3,2,1,9.000000,9,,2.387615e-01
TP53->-EPHB1,2,1,9.000000,9,,1.627208e-03
MAP3K1->-KMT2C,2,1,9.000000,9,,4.567373e-01
MAP3K1->-KMT2C MAP3K1->-PIK3CA PIK3CA->-KMT2C,3,3,3.000000,3,,3.253299e-01
MAP3K1->-KMT2C PIK3CA->-KMT2C PIK3CA->-MAP3K1,3,3,2.000000,2,,6.184999e-01
MAP3K1->-KMT2C TP53->-KMT2C TP53->-MAP3K1,3,3,2.000000,2,,5.788510e-02
KMT2C->-PIK3CA MAP3K1->-KMT2C MAP3K1->-PIK3CA,3,3,2.000000,2,,6.184999e-01
ARID1A->-GATA3,2,1,9.000000,9,,6.183328e-01
ARID1A->-GATA3 ARID1A->-PIK3CA PIK3CA->-GATA3,3,3,2.000000,2,,2.665083e-01
AKT1->-CDH1,2,1,9.000000,9,,3.675928e-01
AKT1->-CDH1 AKT1->-TP53 CDH1->-TP53,3,3,2.500000,2,,1.281936e-01
CDH1->-MAP2K4,2,1,9.000000,9,,3.155587e-02
CDH1->-MAP2K4 CDH1->-PIK3CA MAP2K4->-PIK3CA,3,3,2.000000,2,,2.111661e-01
CDH1->-MAP2K4 CDH1->-TP53 TP53->-MAP2K4,3,3,2.000000,2,,5.083635e-02
CDH1->-CDK12 CDH1->-TP53 TP53->-CDK12,3,3,2.000000,2,,1.015188e-02
CDH1->-MAP2K4 PIK3CA->-CDH1 PIK3CA->-MAP2K4,3,3,2.000000,2,,2.111661e-01
TP53->-RICTOR,2,1,9.000000,9,,4.148317e-05
BRCA1-/-RICTOR PIK3CA->-BRCA1 PIK3CA->-RICTOR PIK3CA->-TP53 TP53->-BRCA1 TP53->-RICTOR,4,6,2.000000,2,,6.298816e-06
PTEN->-NF1,2,1,9.000000,9,,1.958569e-02
PTEN->-NF1 TP53->-NF1 TP53->-PTEN,3,3,5.000000,5,,5.955071e-03
PTEN->-NF1 PTEN->-TP53 TP53->-NF1,3,3,3.000000,3,,1.465443e-01
PIK3CA->-CREBBP,2,1,9.000000,9,,1.611949e-01
PIK3CA->-CREBBP TP53->-CREBBP TP53->-PIK3CA,3,3,2.000000,2,,1.285838e-01
AKT1->-GATA3,2,1,9.000000,9,,7.161458e-03
TP53->-ZFHX3,2,1,9.000000,9,,2.210584e-02
PIK3CA->-PTPRD,2,1,9.000000,9,,2.404139e-04
PIK3CA->-PTPRD TP53->-PIK3CA TP53->-PTPRD,3,3,2.000000,2,,2.947898e-02
TP53->-ERCC5,2,1,9.000000,9,,4.976497e-04
PIK3CA->-CDKN1B,2,1,9.000000,8,,5.488670e-01
TP53->-SF3B1,2,1,9.000000,9,,7.275132e-04
PIK3CA->-SF3B1 TP53->-PIK3CA TP53->-SF3B1,3,3,2.000000,2,,2.492161e-01
PIK3CA->-SF3B1 PIK3CA->-TP53 TP53->-SF3B1,3,3,4.000000,4,,7.605820e-03
PIK3CA->-POLE,2,1,9.000000,9,,2.144801e-03
TP53->-POLE,2,1,9.000000,9,,2.422879e-04
PIK3CA->-POLE PIK3CA->-TP53 TP53->-POLE,3,3,5.000000,5,,1.566490e-04
TP53->-TET2,2,1,9.000000,9,,3.968254e-04
PIK3CA->-ARID2,2,1,8.500000,8,,1.051166e-01
PIK3CA->-ARID2 PIK3CA->-TP53 TP53->-ARID2,3,3,4.000000,4,,2.965989e-03
TP53->-ROS1,2,1,8.500000,8,,6.300600e-02
PTEN->-KMT2C,2,1,8.500000,8,,1.693093e-02
PTEN->-KMT2C TP53->-KMT2C TP53->-PTEN,3,3,2.500000,2,,7.407407e-02
MEN1->-PIK3CA,2,1,8.500000,8,,9.251986e-02
TBX3->-CDH1,2,1,8.500000,8,,9.619493e-01
CDH1->-PIK3CA TBX3->-CDH1 TBX3->-PIK3CA,3,3,4.000000,4,,1.340151e-01
PIK3CA->-MED12,2,1,8.500000,8,,9.850959e-02
PIK3CA->-MED12 PIK3CA->-TP53 TP53->-MED12,3,3,2.000000,2,,1.221271e-01
TP53->-BRCA1,2,1,8.500000,8,,1.000426e-02
ATM->-PIK3CA,2,1,8.000000,8,,6.882402e-01
FOXA1->-MAP3K1,2,1,8.000000,8,,1.165468e-01
FOXA1->-MAP3K1 PIK3CA->-FOXA1 PIK3CA->-MAP3K1,3,3,3.000000,3,,1.357475e-01
CDH1->-FOXA1 CDH1->-MAP3K1 CDH1->-PIK3CA FOXA1->-MAP3K1 PIK3CA->-FOXA1 PIK3CA->-MAP3K1,4,6,2.000000,2,,5.063657e-03
FOXA1->-MAP3K1 TP53->-FOXA1 TP53->-MAP3K1,3,3,4.000000,4,,1.447928e-03
FOXA1->-MAP3K1 FOXA1->-PIK3CA PIK3CA->-MAP3K1,3,3,2.000000,2,,3.943578e-01
PIK3CA->-ZFHX3,2,1,8.000000,8,,2.950213e-01
TP53->-TSC2,2,1,8.000000,8,,1.837389e-02
CDH1->-AKT1,2,1,8.000000,8,,5.596228e-01
TP53->-ANKRD11,2,1,8.000000,8,,3.980022e-03
CDH1->-BRCA2,2,1,8.000000,8,,9.230140e-02
CDH1->-BRCA2 TP53->-BRCA2 TP53->-CDH1,3,3,2.000000,2,,5.015432e-02
PTEN->-CDH1,2,1,8.000000,8,,5.978269e-01
CDH1->-TP53 PTEN->-CDH1 PTEN->-TP53,3,3,2.000000,2,,6.278428e-02
PIK3CA->-PTPRS,2,1,8.000000,8,,7.280089e-02
PIK3CA->-PTPRS PIK3CA->-TP53 TP53->-PTPRS,3,3,3.000000,3,,6.542171e-03
PIK3CA->-DICER1,2,1,8.000000,8,,3.576676e-03
PIK3CA->-PTCH1,2,1,8.000000,8,,1.062720e-02
NCOR1->-TP53,2,1,8.000000,8,,9.731451e-01
NCOR1->-TP53 PIK3CA->-NCOR1 PIK3CA->-TP53,3,3,2.000000,2,,3.645043e-01
CDH1->-NCOR1 CDH1->-TP53 NCOR1->-TP53,3,3,2.000000,2,,3.581267e-01
PTEN->-MAP3K1,2,1,8.000000,8,,6.006803e-02
PTEN->-MAP3K1 TP53->-MAP3K1 TP53->-PTEN,3,3,2.000000,2,,1.302910e-01
MAP3K1->-PIK3CA PTEN->-MAP3K1 PTEN->-PIK3CA,3,3,2.000000,2,,2.627671e-02
CDH1->-MAP3K1 CDH1->-NF1 NF1->-MAP3K1 PTEN->-CDH1 PTEN->-MAP3K1 PTEN->-NF1,4,6,2.000000,2,,1.251385e-03
RUNX1->-PIK3CA,2,1,8.000000,8,,9.772924e-01
CDH1->-CREBBP,2,1,8.000000,8,,3.986713e-02
CDH1->-CREBBP CDH1->-PIK3CA PIK3CA->-CREBBP,3,3,4.000000,4,,1.329045e-02
RB1->-TP53,2,1,8.000000,8,,9.881832e-01
KMT2C->-TP53,2,1,8.000000,8,,9.984538e-01
TP53->-BAP1,2,1,8.000000,8,,7.127525e-03
RUNX1->-CDH1,2,1,8.000000,8,,9.079802e-01
CDH1->-PIK3CA RUNX1->-CDH1 RUNX1->-PIK3CA,3,3,2.000000,2,,5.145788e-01
PIK3CA->-CDH1 RUNX1->-CDH1 RUNX1->-PIK3CA,3,3,2.000000,2,,5.145788e-01
CBFB->-MAP3K1,2,1,8.000000,8,,3.889509e-02
CBFB->-MAP3K1 CBFB->-PIK3CA MAP3K1->-PIK3CA,3,3,6.000000,6,,2.061855e-04
CBFB->-GATA3 CBFB->-MAP3K1 MAP3K1->-GATA3,3,3,2.000000,2,,1.102431e-01
CDH1->-NF1,2,1,8.000000,8,,2.179593e-01
CDH1->-NF1 CDH1->-PIK3CA PIK3CA->-NF1,3,3,3.000000,3,,1.201594e-01
CDH1->-APC,2,1,8.000000,8,,2.742790e-03
PIK3CA->-ERBB2,2,1,7.500000,7,,7.856157e-01
CDH1->-ERBB2 CDH1->-PIK3CA PIK3CA->-ERBB2,3,3,4.000000,4,,5.746990e-02
PIK3CA->-MGA,2,1,7.500000,7,,4.429832e-01
CDH1->-PTPRD,2,1,7.500000,7,,3.725565e-02
CDH1->-PTPRD CDH1->-TP53 TP53->-PTPRD,3,3,2.500000,2,,1.671746e-01
CDH1->-PTPRD TP53->-CDH1 TP53->-PTPRD,3,3,2.000000,2,,1.671746e-01
CDH1->-PIK3CA CDH1->-PTPRD PIK3CA->-PTPRD,3,3,2.000000,2,,1.200029e-01
CDH1->-PTPRD PIK3CA->-CDH1 PIK3CA->-PTPRD,3,3,2.000000,2,,1.200029e-01
PIK3CA->-CARD11,2,1,7.000000,7,,3.814077e-03
PIK3CA->-CARD11 TP53->-CARD11 TP53->-PIK3CA,3,3,2.000000,2,,1.046667e-01
APC->-ARID2 APC->-MGA MGA->-ARID2 PIK3CA->-APC PIK3CA->-ARID2 PIK3CA->-MGA PIK3CA->-TP53 TP53->-APC TP53->-ARID2 TP53->-MGA,5,10,2.000000,2,,1.592341e-04
APC->-KMT2D APC->-MGA MGA->-KMT2D PIK3CA->-APC PIK3CA->-KMT2D PIK3CA->-MGA PIK3CA->-TP53 TP53->-APC TP53->-KMT2D TP53->-MGA,5,10,2.000000,2,,1.605739e-04
APC->-ATR APC->-MGA MGA->-ATR PIK3CA->-APC PIK3CA->-ATR PIK3CA->-MGA PIK3CA->-TP53 TP53->-APC TP53->-ATR TP53->-MGA,5,10,2.000000,2,,1.596240e-04
APC->-CARD11 APC->-MGA MGA->-CARD11 PIK3CA->-APC PIK3CA->-CARD11 PIK3CA->-MGA PIK3CA->-TP53 TP53->-APC TP53->-CARD11 TP53->-MGA,5,10,2.000000,2,,1.583842e-04
TP53->-DNMT1,2,1,7.000000,7,,9.043040e-04
CDH1->-KMT2D,2,1,7.000000,7,,1.743255e-02
CDH1->-KMT2D CDH1->-PIK3CA PIK3CA->-KMT2D,3,3,2.000000,2,,2.311385e-01
CDH1->-KMT2D PIK3CA->-CDH1 PIK3CA->-KMT2D,3,3,2.000000,2,,2.311385e-01
CDH1->-EPHB1,2,1,7.000000,7,,4.116193e-03
CDH1->-EPHB1 CDH1->-TP53 TP53->-EPHB1,3,3,3.000000,3,,3.208929e-03
PIK3CA->-BRCA2,2,1,7.000000,7,,1.373277e-01
CDH1->-BRCA2 CDH1->-PIK3CA CDH1->-TBX3 PIK3CA->-BRCA2 TBX3->-BRCA2 TBX3->-PIK3CA,4,6,2.000000,2,,7.804695e-04
PIK3CA->-DNMT3A,2,1,7.000000,7,,2.251861e-02
CDH1->-PTPRS,2,1,7.000000,7,,3.877507e-03
CDH1->-PTPRS CDH1->-TP53 TP53->-PTPRS,3,3,2.000000,2,,2.100390e-02
TP53->-MDC1,2,1,7.000000,7,,2.822346e-02
MAP3K1->-ERBB3,2,1,7.000000,7,,3.400679e-03
PIK3CA->-ROS1,2,1,7.000000,7,,6.487553e-02
GATA3->-SPEN,2,1,7.000000,7,,1.981713e-01
MAP3K1->-ARID1A,2,1,7.000000,7,,1.189475e-01
MAP3K1->-ARID1A MAP3K1->-PIK3CA PIK3CA->-ARID1A,3,3,3.500000,3,,1.069387e-01
GATA3->-ARID1A MAP3K1->-ARID1A MAP3K1->-GATA3,3,3,3.000000,3,,4.629630e-03
GATA3->-ARID1A GATA3->-PIK3CA MAP3K1->-ARID1A MAP3K1->-GATA3 MAP3K1->-PIK3CA PIK3CA->-ARID1A,4,6,2.000000,2,,5.063657e-03
TP53->-DDR2,2,1,7.000000,7,,8.477061e-03
CDH1->-ERBB3,2,1,7.000000,7,,4.161932e-02
CDH1->-SPEN,2,1,7.000000,7,,1.497398e-01
CDH1->-PIK3CA CDH1->-SPEN PIK3CA->-SPEN,3,3,2.000000,2,,7.357085e-02
NCOR1->-GATA3,2,1,7.000000,7,,1.347065e-02
TP53->-PIK3C2G,2,1,7.000000,7,,5.187747e-04
TP53->-KDM6A,2,1,7.000000,7,,4.112984e-02
TP53->-SOX17,2,1,7.000000,7,,7.177151e-03
TP53->-GRIN2A,2,1,7.000000,7,,2.170139e-03
CBFB->-CDH1,2,1,7.000000,7,,8.662915e-01
CBFB->-CDH1 CBFB->-PIK3CA CDH1->-PIK3CA,3,3,2.000000,2,,4.201304e-01
CTCF->-PIK3CA,2,1,7.000000,7,,1.618752e-01
PIK3CA->-MDC1,2,1,7.000000,7,,9.206277e-02
PIK3CA->-MDC1 PIK3CA->-TP53 TP53->-MDC1,3,3,3.000000,3,,2.914519e-02
TP53->-INSR,2,1,7.000000,7,,6.967689e-03
CDH1->-KMT2A,2,1,7.000000,7,,3.459826e-02
TP53->-BCOR,2,1,7.000000,7,,1.827356e-03
RB1->-PIK3CA,2,1,7.000000,7,,8.594277e-01
TP53->-NOTCH1,2,1,7.000000,7,,1.385736e-02
PIK3CA->-KDR,2,1,7.000000,7,,1.204044e-02
TP53->-PALB2,2,1,7.000000,7,,4.856741e-03
TP53->-PDGFRA,2,1,7.000000,7,,7.178556e-03
MAP2K4->-GATA3,2,1,7.000000,7,,4.214683e-02
MAP2K4->-GATA3 MAP2K4->-PIK3CA PIK3CA->-GATA3,3,3,2.000000,2,,3.537533e-02
PIK3CA->-BCOR,2,1,7.000000,7,,1.123315e-01
PIK3CA->-BCOR PIK3CA->-PTEN PIK3CA->-TP53 PTEN->-BCOR TP53->-BCOR TP53->-PTEN,4,6,2.000000,2,,1.610874e-03
ESR1->-ARID1A,2,1,6.500000,6,,2.333409e-01
ESR1->-ARID1A PIK3CA->-ARID1A PIK3CA->-ESR1,3,3,3.000000,3,,1.056752e-02
GATA3->-TP53,2,1,6.500000,6,,9.872153e-01
PIK3CA->-NSD1,2,1,6.500000,6,,1.805370e-01
PIK3CA->-ANKRD11,2,1,6.500000,6,,1.872480e-01
PIK3CA->-ANKRD11 TP53->-ANKRD11 TP53->-PIK3CA,3,3,3.000000,3,,7.473698e-03
TP53->-MTOR,2,1,6.500000,6,,6.635417e-02
PIK3CA->-RAD50,2,1,6.500000,6,,1.085510e-01
TP53->-PIK3CG,2,1,6.500000,6,,3.303660e-02
CDH1->-FAT1,2,1,6.500000,6,,9.572892e-02
CDH1->-FAT1 CDH1->-PIK3CA PIK3CA->-FAT1,3,3,2.000000,2,,8.367715e-02
PIK3CA->-PIK3C2G,2,1,6.500000,6,,4.862604e-02
PIK3CA->-PIK3C2G PIK3CA->-TP53 TP53->-PIK3C2G,3,3,2.000000,2,,8.416360e-02
PTEN->-PIK3R1,2,1,6.500000,6,,9.025739e-02
PTEN->-PIK3R1 TP53->-PIK3R1 TP53->-PTEN,3,3,4.000000,4,,3.265767e-04
GATA3->-ESR1,2,1,6.500000,6,,9.104641e-01
MAP3K1->-TBX3,2,1,6.500000,6,,2.107943e-01
MAP3K1->-PIK3CA MAP3K1->-TBX3 PIK3CA->-TBX3,3,3,2.500000,2,,1.878628e-01
TP53->-MGA,2,1,6.500000,6,,5.259488e-02
PIK3CA->-MGA TP53->-MGA TP53->-PIK3CA,3,3,3.500000,3,,2.093300e-02
CDH1->-SETD2,2,1,6.500000,6,,4.652778e-02
BRCA1->-SETD2 CDH1->-BRCA1 CDH1->-SETD2 TP53->-BRCA1 TP53->-CDH1 TP53->-SETD2,4,6,2.000000,2,,1.636905e-03
PIK3CA->-EPHA5,2,1,6.500000,6,,6.868063e-02
PIK3CA->-EPHA5 TP53->-EPHA5 TP53->-PIK3CA,3,3,2.500000,2,,9.973763e-02
CDKN1B->-PIK3CA,2,1,6.500000,6,,8.674982e-01
NOTCH1->-PIK3CA,2,1,6.000000,6,,3.754897e-01
PIK3CA->-IGF1R,2,1,6.000000,6,,1.426026e-02
TP53->-DOT1L,2,1,6.000000,6,,1.554367e-02
TP53->-PIK3CB,2,1,6.000000,6,,3.401361e-03
PIK3CA->-EPHB1,2,1,6.000000,6,,4.279984e-02
PIK3CA->-EPHB1 TP53->-EPHB1 TP53->-PIK3CA,3,3,2.000000,2,,1.249680e-01
PIK3CA->-EPHB1 PIK3CA->-TP53 TP53->-EPHB1,3,3,2.000000,2,,1.249680e-01
ATRX->-EPHB1 PIK3CA->-ATRX PIK3CA->-EPHB1,3,3,2.000000,2,,2.449916e-02
HNF1A->-EPHB1,2,1,2.000000,2,,2.398405e-01
CDH1->-EPHB1 CDH1->-PIK3CA PIK3CA->-EPHB1,3,3,3.000000,3,,7.731312e-03
ARID1A->-KMT2C,2,1,6.000000,6,,5.481939e-01
ARID1A->-KMT2C ARID1A->-NCOR1 KMT2C->-NCOR1 PIK3CA->-ARID1A PIK3CA->-KMT2C PIK3CA->-NCOR1,4,6,2.000000,2,,4.991319e-03
ARID1A->-KMT2C CDH1->-ARID1A CDH1->-KMT2C,3,3,2.000000,2,,5.419575e-02
CDH1->-FOXA1 CDH1->-KMT2C FOXA1->-KMT2C,3,3,2.000000,2,,7.357085e-02
ARID1A->-KMT2C ARID1A->-PIK3CA PIK3CA->-KMT2C,3,3,2.000000,2,,3.672353e-01
STK11->-PIK3CA,2,1,6.000000,6,,1.974256e-01
CDH1->-RICTOR,2,1,6.000000,6,,1.264368e-02
CDH1->-PIK3CA CDH1->-RICTOR PIK3CA->-RICTOR,3,3,3.000000,3,,1.178718e-02
AKT1->-MAP3K1,2,1,6.000000,6,,2.322917e-02
ZFHX3->-PIK3CA,2,1,6.000000,6,,7.039746e-01
PIK3CA->-MTOR,2,1,6.000000,6,,4.826341e-02
PIK3CA->-MTOR PIK3CA->-TP53 TP53->-MTOR,3,3,2.500000,2,,3.654101e-02
MAP3K1->-TP53,2,1,6.000000,6,,9.978890e-01
PIK3CA->-NUP93,2,1,6.000000,6,,3.728795e-02
PIK3CA->-ERBB3,2,1,6.000000,6,,3.123618e-01
PIK3CA->-ERBB3 TP53->-ERBB3 TP53->-PIK3CA,3,3,2.000000,2,,6.372336e-02
MAP3K1->-ERBB3 MAP3K1->-PIK3CA PIK3CA->-ERBB3,3,3,2.000000,2,,1.687438e-01
ATM->-GATA3,2,1,6.000000,6,,7.504545e-02
ATM->-GATA3 ATM->-PIK3CA GATA3->-PIK3CA,3,3,2.000000,2,,1.985410e-02
ATM->-SPEN,2,1,2.000000,2,,7.768133e-01
KMT2C->-ARID1A,2,1,6.000000,6,,5.481939e-01
KMT2C->-ARID1A PIK3CA->-ARID1A PIK3CA->-KMT2C,3,3,2.000000,2,,3.672353e-01
KMT2C->-ARID1A KMT2C->-PIK3CA PIK3CA->-ARID1A,3,3,2.000000,2,,3.672353e-01
GATA3->-ARID1A KMT2C->-ARID1A KMT2C->-GATA3,3,3,2.000000,2,,2.777778e-02
GATA3->-KMT2C,2,1,6.000000,6,,8.026539e-01
TP53->-HNF1A,2,1,6.000000,6,,6.516792e-02
TP53->-JAK3,2,1,6.000000,6,,1.805637e-02
TP53->-KDM5A,2,1,6.000000,6,,6.578947e-03
CDH1->-ATRX,2,1,6.000000,6,,3.416827e-02
TP53->-STK11,2,1,6.000000,6,,3.352669e-02
TP53->-RECQL4,2,1,6.000000,6,,2.962872e-02
PIK3CA->-AR,2,1,6.000000,6,,1.951835e-01
TP53->-TP63,2,1,6.000000,6,,7.093254e-03
MGA->-PIK3CA,2,1,6.000000,5,,8.240262e-01
KMT2C->-NCOR1,2,1,6.000000,6,,1.186375e-01
KMT2C->-NCOR1 PIK3CA->-KMT2C PIK3CA->-NCOR1,3,3,4.000000,4,,3.285399e-03
CDH1->-KMT2C CDH1->-NCOR1 KMT2C->-NCOR1,3,3,3.000000,3,,3.505641e-02
PIK3CA->-STAG2,2,1,6.000000,6,,5.400190e-01
PIK3CA->-STAG2 TP53->-PIK3CA TP53->-STAG2,3,3,2.000000,2,,7.006908e-02
CDH1->-PIK3CA CDH1->-STAG2 PIK3CA->-STAG2,3,3,2.000000,2,,1.200029e-01
PIK3CA->-NOTCH1,2,1,6.000000,6,,3.754897e-01
PIK3CA->-NOTCH1 TP53->-NOTCH1 TP53->-PIK3CA,3,3,2.000000,2,,4.605500e-02
CDH1->-RB1,2,1,6.000000,6,,5.197917e-02
CDH1->-RB1 CDH1->-TP53 TP53->-RB1,3,3,2.000000,2,,8.024691e-02
CDH1->-RB1 TP53->-CDH1 TP53->-RB1,3,3,2.000000,2,,8.024691e-02
PIK3CA->-CIC,2,1,6.000000,6,,1.015684e-02
PIK3CA->-MST1R,2,1,6.000000,6,,3.892299e-03
TP53->-DNMT3A,2,1,6.000000,6,,1.003681e-01
TP53->-KDR,2,1,6.000000,6,,9.729024e-02
PIK3CA->-KDR TP53->-KDR TP53->-PIK3CA,3,3,2.000000,2,,1.740515e-01
PIK3CA->-KDR PIK3CA->-TP53 TP53->-KDR,3,3,3.000000,3,,2.999964e-02
PIK3CA->-FGFR2,2,1,6.000000,6,,2.790522e-02
GATA3-/-PIK3CA,2,1,6.000000,3,,8.512115e-01
GATA3->-CDKN1B,2,1,6.000000,6,,1.227679e-02
CBFB->-TP53,2,1,6.000000,6,,8.574383e-02
CBFB->-PIK3CA CBFB->-TP53 TP53->-PIK3CA,3,3,3.000000,3,,1.743827e-02
CDH1->-PTCH1,2,1,6.000000,6,,5.924913e-02
CDH1->-PIK3CA CDH1->-PTCH1 PIK3CA->-PTCH1,3,3,2.000000,2,,1.223141e-01
TP53->-RPTOR,2,1,6.000000,6,,1.461841e-02
ESR1->-CDH1,2,1,6.000000,6,,9.542701e-01
PTEN->-ARID1A,2,1,6.000000,6,,3.031475e-02
PIK3CA->-ARID5B,2,1,6.000000,6,,6.722937e-02
PIK3CA->-ARID5B TP53->-ARID5B TP53->-PIK3CA,3,3,2.000000,2,,8.697338e-02
ANKRD11->-ARID5B,2,1,2.000000,2,,2.167488e-01
PIK3CA->-ARID5B PIK3CA->-TP53 TP53->-ARID5B,3,3,2.000000,2,,8.697338e-02
TP53->-NBN,2,1,6.000000,6,,6.684028e-03
PIK3CA->-CBFB,2,1,6.000000,6,,9.999931e-01
TP53->-RAD50,2,1,6.000000,6,,1.576690e-02
PIK3CA->-RAD50 TP53->-PIK3CA TP53->-RAD50,3,3,2.000000,2,,3.375115e-02
PIK3CA->-RAD50 PIK3CA->-TP53 TP53->-RAD50,3,3,2.000000,2,,3.375115e-02
TP53->-NOTCH3,2,1,6.000000,6,,2.201968e-02
MAP2K4->-TP53,2,1,6.000000,6,,8.462886e-01
KMT2C->-FAT1,2,1,6.000000,6,,1.523500e-01
KMT2C->-FAT1 PIK3CA->-FAT1 PIK3CA->-KMT2C,3,3,2.000000,2,,1.622674e-01
PIK3CA->-APC,2,1,6.000000,6,,2.299228e-01
PIK3CA->-APC PIK3CA->-TP53 TP53->-APC,3,3,4.000000,4,,5.986001e-04
CDH1->-APC CDH1->-PIK3CA PIK3CA->-APC,3,3,2.000000,2,,1.113904e-01
STAG2->-PIK3CA,2,1,5.500000,5,,7.531403e-01
PIK3CA->-ALK,2,1,5.500000,5,,1.994772e-01
PIK3CA->-PLK2,2,1,5.500000,5,,1.419715e-01
PIK3CA->-EP300,2,1,5.500000,5,,3.857805e-01
PIK3CA->-RFWD2,2,1,5.500000,5,,2.227169e-01
TBX3->-TP53,2,1,5.500000,5,,9.447109e-01
TBX3->-PIK3CA TBX3->-TP53 TP53->-PIK3CA,3,3,2.000000,2,,2.468509e-01
TP53->-MAP3K13,2,1,5.500000,5,,1.031465e-01
TP53->-TERT,2,1,5.500000,5,,1.435627e-01
PTEN->-SF3B1,2,1,5.500000,5,,3.193359e-01
PIK3CA->-SF3B1 PTEN->-PIK3CA PTEN->-SF3B1,3,3,2.000000,2,,8.854167e-02
TP53->-IGF1R,2,1,5.500000,5,,2.568889e-02
PIK3CA->-IGF1R TP53->-IGF1R TP53->-PIK3CA,3,3,2.000000,2,,1.185185e-02
CDH1->-RFWD2,2,1,5.500000,5,,1.622990e-01
CDH1->-PIK3CA CDH1->-RFWD2 PIK3CA->-RFWD2,3,3,2.500000,2,,1.295858e-01
PIK3CA->-PARP1,2,1,5.500000,5,,6.851639e-02
ARID2->-GATA3,2,1,5.500000,5,,1.619792e-01
PIK3CA->-BAP1,2,1,5.500000,5,,1.875000e-01
PIK3CA->-BAP1 PIK3CA->-TP53 TP53->-BAP1,3,3,2.000000,2,,2.777778e-02
ARID1A->-FAT1,2,1,5.000000,5,,4.801300e-02
MEN1->-KMT2C,2,1,5.000000,5,,7.282171e-02
KMT2C->-GATA3 MEN1->-GATA3 MEN1->-KMT2C,3,3,2.000000,2,,2.777778e-02
TP53->-RAF1,2,1,5.000000,5,,4.111243e-03
TP53->-TSC1,2,1,5.000000,5,,1.111761e-01
CDH1->-NSD1,2,1,5.000000,5,,2.688746e-02
CDH1->-NSD1 CDH1->-TP53 TP53->-NSD1,3,3,2.000000,2,,2.777778e-02
CDH1->-FOXA1 CDH1->-NSD1 CDH1->-PIK3CA NSD1->-FOXA1 PIK3CA->-FOXA1 PIK3CA->-NSD1,4,6,2.000000,2,,1.736111e-03
PIK3CA->-GLI1,2,1,5.000000,5,,1.466843e-02
CBFB->-AKT1,2,1,5.000000,5,,2.715326e-01
PIK3CA->-TET1,2,1,5.000000,5,,2.700285e-01
PIK3CA->-HIST1H1C,2,1,5.000000,5,,1.571592e-01
CHEK2->-PIK3CA,2,1,5.000000,5,,8.237492e-02
PIK3CA->-EGFR,2,1,5.000000,4,,2.187500e-01
GATA3->-EGFR,2,1,5.000000,5,,3.125000e-02
GATA3->-EGFR GATA3->-PIK3CA PIK3CA->-EGFR,3,3,2.000000,2,,2.777778e-02
TP53->-KIT,2,1,5.000000,5,,4.613489e-03
KDM5C->-PIK3CA,2,1,5.000000,5,,4.640755e-01
PIK3CA->-BRIP1,2,1,5.000000,5,,4.689153e-02
TP53->-EPHA7,2,1,5.000000,5,,3.902423e-02
SPEN->-PIK3CA,2,1,5.000000,4,,9.821633e-01
TP53->-BRD4,2,1,5.000000,5,,4.039931e-02
PIK3CA->-JAK3,2,1,5.000000,5,,1.234098e-01
TP53->-TCF7L2,2,1,5.000000,5,,2.192266e-02
TP53->-RFWD2,2,1,5.000000,5,,6.424986e-02
CDH1->-RAD50 CDH1->-RFWD2 RAD50->-RFWD2 TP53->-CDH1 TP53->-RAD50 TP53->-RFWD2,4,6,2.000000,2,,1.260912e-03
ESR1->-MAP3K1,2,1,5.000000,5,,5.451401e-01
ESR1->-MAP3K1 PIK3CA->-ESR1 PIK3CA->-MAP3K1,3,3,2.000000,2,,2.727930e-01
KMT2C->-CDH1,2,1,5.000000,5,,9.997705e-01
TP53->-INPP4B,2,1,5.000000,5,,2.581793e-02
TP53->-ARAF,2,1,5.000000,5,,3.057992e-02
TP53->-MET,2,1,5.000000,5,,8.060606e-03
CREBBP->-PIK3CA,2,1,5.000000,5,,8.626768e-01
PIK3CA->-DNMT1,2,1,5.000000,5,,2.326923e-02
CDH1->-AR,2,1,5.000000,5,,8.938899e-02
TP53->-FGFR4,2,1,5.000000,5,,4.066486e-03
NCOR1->-MED12,2,1,5.000000,5,,1.906888e-02
NCOR1->-MED12 TP53->-MED12 TP53->-NCOR1,3,3,3.000000,3,,7.244538e-03
NCOR1->-MED12 NCOR1->-PIK3CA PIK3CA->-MED12,3,3,2.000000,2,,5.753968e-02
NF1->-PIK3R1,2,1,5.000000,5,,1.423026e-01
NF1->-PIK3R1 TP53->-NF1 TP53->-PIK3R1,3,3,2.000000,2,,8.482258e-02
NF1->-PIK3R1 PTEN->-NF1 PTEN->-PIK3R1,3,3,2.000000,2,,8.002112e-02
TP53->-AXIN2,2,1,5.000000,5,,4.520833e-03
ARID1A->-CDH1,2,1,5.000000,5,,9.902971e-01
ARID1A->-CDH1 ARID1A->-PIK3CA CDH1->-PIK3CA,3,3,2.000000,2,,6.598828e-01
CREBBP->-KMT2C,2,1,5.000000,5,,6.428550e-02
CREBBP->-KMT2C TP53->-CREBBP TP53->-KMT2C,3,3,2.000000,2,,4.290083e-02
CREBBP->-KMT2C PIK3CA->-CREBBP PIK3CA->-KMT2C,3,3,3.000000,3,,2.374524e-02
CDH1->-CREBBP CDH1->-KMT2C CDH1->-PIK3CA CREBBP->-KMT2C PIK3CA->-CREBBP PIK3CA->-KMT2C,4,6,2.000000,2,,5.962931e-03
ARID1A->-CREBBP ARID1A->-KMT2C CREBBP->-KMT2C,3,3,2.000000,2,,1.592693e-02
CDH1->-STAG2,2,1,5.000000,5,,2.709360e-02
PIK3CA->-TET2,2,1,5.000000,5,,3.619172e-01
TP53->-ERBB2,2,1,5.000000,5,,5.374557e-01
CDH1->-ERBB2 CDH1->-TP53 TP53->-ERBB2,3,3,2.000000,2,,2.494033e-01
TP53->-PBRM1,2,1,5.000000,5,,1.933417e-01
CDH1->-IKZF1,2,1,5.000000,5,,1.562500e-02
PIK3CA->-BRCA1,2,1,5.000000,4,,4.859413e-01
TP53->-POLD1,2,1,5.000000,5,,3.972222e-03
CDH1->-MED12,2,1,5.000000,5,,8.265772e-02
CDH1->-MED12 PIK3CA->-CDH1 PIK3CA->-MED12,3,3,2.000000,2,,1.644227e-01
GATA3->-TBX3,2,1,5.000000,5,,1.262668e-01
GATA3->-PIK3CA GATA3->-TBX3 TBX3->-PIK3CA,3,3,2.000000,2,,1.452855e-01
GATA3->-PIK3CA GATA3->-TBX3 PIK3CA->-TBX3,3,3,2.000000,2,,1.452855e-01
GATA3->-TBX3 MAP3K1->-GATA3 MAP3K1->-TBX3,3,3,2.000000,2,,9.556878e-02
PIK3CA->-TERT,2,1,5.000000,5,,1.759259e-02
PIK3R1->-TP53,2,1,5.000000,5,,9.730290e-01
ERBB2->-KMT2C,2,1,5.000000,5,,1.770162e-01
CDH1->-ATR CDH1->-ERBB2 CDH1->-KMT2C ERBB2->-ATR ERBB2->-KMT2C KMT2C->-ATR,4,6,2.000000,2,,1.233501e-03
CDH1->-ATR CDH1->-ERBB2 CDH1->-PIK3CA ERBB2->-ATR ERBB2->-PIK3CA PIK3CA->-ATR,4,6,2.000000,2,,1.233501e-03
CDH1->-KMT2C ERBB2->-CDH1 ERBB2->-KMT2C,3,3,2.000000,2,,1.822920e-01
KMT2C->-PARP1 TP53->-KMT2C TP53->-PARP1,3,3,2.000000,2,,2.204586e-02
ERBB2->-KMT2C ERBB2->-PARP1 ERBB2->-PIK3CA KMT2C->-PARP1 PIK3CA->-KMT2C PIK3CA->-PARP1,4,6,2.000000,2,,1.260912e-03
TP53->-XPO1,2,1,5.000000,5,,3.787114e-02
PIK3CA->-GRIN2A,2,1,5.000000,5,,1.314484e-01
MAP3K1->-NOTCH4,2,1,5.000000,5,,2.101608e-02
MAP3K1->-NOTCH4 TP53->-MAP3K1 TP53->-NOTCH4,3,3,2.000000,2,,1.327256e-02
MAP3K1->-NOTCH4 MAP3K1->-PIK3CA PIK3CA->-NOTCH4,3,3,2.000000,2,,1.017252e-01
MAP3K1->-NOTCH4 PIK3CA->-MAP3K1 PIK3CA->-NOTCH4,3,3,2.000000,2,,1.017252e-01
MAP3K1->-TRAF2 PIK3CA->-MAP3K1 PIK3CA->-TRAF2,3,3,2.000000,2,,4.989871e-02
PIK3CA->-ATRX,2,1,5.000000,5,,4.808026e-01
CDH1->-ATRX CDH1->-PIK3CA PIK3CA->-ATRX,3,3,3.000000,3,,1.523920e-02
PIK3CA->-SETD2,2,1,5.000000,5,,5.335578e-01
ARID1A->-PIK3CA ARID1A->-SETD2 CDH1->-ARID1A CDH1->-PIK3CA CDH1->-SETD2 PIK3CA->-SETD2,4,6,2.000000,2,,5.063657e-03
FOXA1->-GATA3,2,1,5.000000,5,,4.498698e-01
FOXA1->-GATA3 FOXA1->-MAP3K1 MAP3K1->-GATA3,3,3,2.000000,2,,9.722222e-02
CDH1->-RAD50,2,1,5.000000,5,,2.331130e-02
CDH1->-PIK3CA CDH1->-RAD50 PIK3CA->-RAD50,3,3,2.000000,2,,6.452087e-02
ERBB2->-TP53,2,1,5.000000,5,,5.374557e-01
TP53->-JAK2,2,1,5.000000,5,,2.579365e-02
TP53->-PARP1,2,1,5.000000,5,,1.560190e-02
PIK3CA->-PARP1 PIK3CA->-TP53 TP53->-PARP1,3,3,2.000000,2,,6.409612e-02
AKT1->-NOTCH2,2,1,5.000000,5,,7.589286e-03
TP53->-BRIP1,2,1,5.000000,5,,6.114051e-03
ERBB2->-RUNX1,2,1,5.000000,5,,1.875000e-01
CDH1->-ERBB2 CDH1->-RUNX1 ERBB2->-RUNX1,3,3,2.000000,2,,1.480195e-01
TP53->-CEBPA,2,1,5.000000,5,,2.083333e-02
NCOR1->-RUNX1,2,1,5.000000,5,,3.632812e-01
NCOR1->-RUNX1 PIK3CA->-NCOR1 PIK3CA->-RUNX1,3,3,2.000000,2,,2.632245e-01
NCOR1->-PIK3CA NCOR1->-RUNX1 PIK3CA->-RUNX1,3,3,2.000000,2,,2.632245e-01
ARID2->-ARID1A,2,1,5.000000,5,,3.139138e-01
ARID2->-ARID1A TP53->-ARID1A TP53->-ARID2,3,3,2.000000,2,,7.232171e-02
EPHA5->-ARID1A,2,1,2.000000,2,,4.966931e-01
TP53->-JAK1,2,1,5.000000,5,,2.873765e-01
NCOR1->-CDH1,2,1,5.000000,5,,9.923574e-01
NCOR1->-CDH1 TP53->-CDH1 TP53->-NCOR1,3,3,2.000000,2,,3.581267e-01
CDH1->-RUNX1 NCOR1->-CDH1 NCOR1->-RUNX1,3,3,2.000000,2,,1.319444e-01
KMT2D->-PIK3CA,2,1,5.000000,5,,9.796731e-01
CDH1->-KMT2D CDH1->-PIK3CA KMT2D->-PIK3CA,3,3,2.000000,2,,2.311385e-01
PTEN->-GRIN2A,2,1,5.000000,5,,1.713564e-02
PIK3CA->-GRIN2A PTEN->-GRIN2A PTEN->-PIK3CA,3,3,2.000000,2,,6.746032e-02
MAP2K4->-PTEN,2,1,5.000000,5,,3.122846e-01
TP53->-GLI1,2,1,5.000000,5,,5.314251e-03
TP53->-CIC,2,1,5.000000,5,,8.903885e-02
PIK3CA->-CIC TP53->-CIC TP53->-PIK3CA,3,3,2.000000,2,,6.746032e-02
TP53->-IRF4,2,1,5.000000,5,,7.291667e-03
TP53->-SMARCA4,2,1,5.000000,5,,1.750224e-01
TP53->-TRAF2,2,1,5.000000,5,,1.172690e-02
PIK3CA->-KRAS,2,1,5.000000,5,,2.501187e-01
PIK3CA->-BLM,2,1,5.000000,5,,6.964869e-02
TP53->-PIK3R2,2,1,5.000000,5,,1.388889e-02
PIK3CA->-ERCC4,2,1,5.000000,5,,3.953384e-02
ARID1A->-IKZF1,2,1,5.000000,5,,1.666667e-02
ARID1A->-IKZF1 ARID1A->-PIK3CA CDH1->-ARID1A CDH1->-IKZF1 CDH1->-PIK3CA IKZF1->-PIK3CA,4,6,2.000000,2,,1.736111e-03
AKT1->-KMT2C,2,1,5.000000,5,,1.940104e-01
AKT1->-KMT2C AKT1->-TP53 TP53->-KMT2C,3,3,2.000000,2,,2.777778e-02
RUNX1->-TP53,2,1,5.000000,5,,9.789317e-01
PTPRS->-PIK3CA,2,1,5.000000,5,,6.065112e-01
PTPRS->-PIK3CA TP53->-PIK3CA TP53->-PTPRS,3,3,2.000000,2,,7.484211e-02
CDH1->-PIK3CA CDH1->-PTPRS PTPRS->-PIK3CA,3,3,2.000000,2,,3.899960e-02
TP53->-TET1,2,1,5.000000,5,,8.426339e-02
TP53->-ERBB4,2,1,5.000000,5,,3.580929e-02
CBFB->-NCOR1,2,1,5.000000,5,,2.722222e-02
CBFB->-NCOR1 CBFB->-PIK3CA NCOR1->-PIK3CA,3,3,2.000000,2,,1.203704e-01
CBFB->-NCOR1 CBFB->-TP53 TP53->-NCOR1,3,3,2.000000,2,,1.092593e-01
CDH1->-DNMT1,2,1,5.000000,5,,3.125000e-02
CDH1->-DNMT1 CDH1->-PIK3CA PIK3CA->-DNMT1,3,3,2.000000,2,,2.777778e-02
CDH1->-XPO1,2,1,5.000000,5,,3.113678e-02
MAP3K1->-NCOR1,2,1,5.000000,5,,4.770699e-01
MAP3K1->-NCOR1 MAP3K1->-PIK3CA NCOR1->-PIK3CA,3,3,2.000000,2,,2.418793e-01
ARID1B->-PIK3CA,2,1,5.000000,5,,2.701761e-01
ARID1B->-PIK3CA TP53->-ARID1B TP53->-PIK3CA,3,3,2.000000,2,,1.213430e-01
AKT1->-MAP2K4,2,1,5.000000,5,,9.077381e-02
ERBB2->-TBX3,2,1,5.000000,5,,2.596471e-01
CDH1->-TBX3 ERBB2->-CDH1 ERBB2->-TBX3,3,3,2.000000,2,,1.206583e-01
GPS2->-PIK3CA,2,1,5.000000,5,,2.292993e-01
ESR1->-FAT1,2,1,4.500000,4,,2.326837e-01
TET1->-ARID1A,2,1,4.500000,4,,1.105724e-01
TP53->-PAK7,2,1,4.500000,4,,1.225092e-01
CBFB->-ARID1A,2,1,4.500000,4,,1.255787e-01
ZFHX3->-CDH1,2,1,4.500000,4,,2.878306e-01
CDH1->-PIK3CA ZFHX3->-CDH1 ZFHX3->-PIK3CA,3,3,4.000000,4,,2.495235e-03
ARID1A->-GRIN2A,2,1,4.500000,4,,7.914141e-02
TP53->-HIST1H3B,2,1,4.500000,4,,1.222181e-01
TP53->-AR,2,1,4.500000,4,,1.234375e-01
PIK3CA->-AR PIK3CA->-TP53 TP53->-AR,3,3,2.500000,2,,4.629630e-02
GATA3->-FLT3,2,1,4.500000,4,,1.294615e-01
MAP3K1->-ESR1,2,1,4.500000,4,,7.742424e-01
ESR1->-PIK3CA MAP3K1->-ESR1 MAP3K1->-PIK3CA,3,3,2.000000,2,,2.727930e-01
PIK3CA->-PIK3CG,2,1,4.500000,4,,3.513594e-01
KMT2C->-TBX3,2,1,4.500000,4,,6.489349e-01
NF1->-CDH1,2,1,4.500000,4,,9.293712e-01
CDH1->-PIK3CA NF1->-CDH1 NF1->-PIK3CA,3,3,2.000000,2,,3.682654e-01
TP53->-PTCH1,2,1,4.500000,4,,3.131941e-01
PIK3CA->-PTCH1 PIK3CA->-TP53 TP53->-PTCH1,3,3,2.000000,2,,1.208013e-01
PIK3CA->-SMAD4,2,1,4.500000,4,,4.475240e-01
RHOA->-PIK3CA,2,1,4.500000,4,,2.254464e-01
SETD2->-PIK3CA,2,1,4.000000,4,,7.654523e-01
CDH1->-PIK3CA CDH1->-SETD2 SETD2->-PIK3CA,3,3,2.000000,2,,1.495260e-01
FAT1->-RICTOR,2,1,4.000000,4,,1.322732e-01
FAT1->-PIK3CA,2,1,4.000000,4,,9.993669e-01
FAT1->-PIK3CA FAT1->-RICTOR PIK3CA->-RICTOR,3,3,2.000000,2,,8.291077e-02
TET1->-FAT1,2,1,4.000000,4,,2.781608e-01
PIK3CA->-FAT1 PIK3CA->-TET1 TET1->-FAT1,3,3,2.000000,2,,1.209311e-01
PIK3CA->-FAT1 PIK3CA->-RB1 RB1->-FAT1,3,3,2.000000,2,,1.309292e-01
NCOR1->-FAT1 NCOR1->-TET1 TET1->-FAT1,3,3,2.000000,2,,2.729045e-02
TET1->-FAT1 TP53->-FAT1 TP53->-TET1,3,3,2.000000,2,,4.596561e-02
ARID1A->-FAT1 TET1->-ARID1A TET1->-FAT1,3,3,2.000000,2,,9.020714e-03
CDH1->-SMO,2,1,4.000000,4,,2.064274e-02
TP53->-RBM10,2,1,4.000000,4,,1.909722e-02
KMT2C->-BRCA2,2,1,4.000000,4,,5.164629e-01
KMT2A->-GATA3,2,1,4.000000,4,,1.875000e-01
TP53->-CDK8,2,1,4.000000,4,,4.876415e-02
PIK3CA-/-TP53,2,1,4.000000,2,,9.999324e-01
PIK3CA->-EZH2,2,1,4.000000,4,,1.125000e-01
TP53->-EZH2,2,1,4.000000,4,,1.250000e-01
PIK3CA->-EZH2 PIK3CA->-TP53 TP53->-EZH2,3,3,2.000000,2,,7.407407e-02
FOXA1->-KMT2C,2,1,4.000000,4,,2.575242e-01
FOXA1->-KMT2C PIK3CA->-FOXA1 PIK3CA->-KMT2C,3,3,3.000000,3,,2.753517e-02
FOXA1->-KMT2C TP53->-FOXA1 TP53->-KMT2C,3,3,2.000000,2,,5.134680e-02
PIK3CA->-FOXP1,2,1,4.000000,4,,3.618195e-01
NCOR1->-RB1,2,1,4.000000,4,,2.661400e-01
NCOR1->-PIK3CA NCOR1->-RB1 PIK3CA->-RB1,3,3,2.000000,2,,7.326186e-02
PIK3CA->-HIST1H3I,2,1,4.000000,4,,1.694721e-01
PIK3CA->-BARD1,2,1,4.000000,4,,1.502700e-01
PIK3CA->-BARD1 TP53->-BARD1 TP53->-PIK3CA,3,3,2.000000,2,,4.433579e-02
CDH1->-MTOR,2,1,4.000000,4,,3.880208e-01
CDH1->-MTOR CDH1->-PIK3CA PIK3CA->-MTOR,3,3,2.000000,2,,6.483389e-02
CDH1->-KDR,2,1,4.000000,4,,5.882353e-02
PIK3CA->-BRD4,2,1,4.000000,4,,9.727404e-02
PIK3CA->-NOTCH3,2,1,4.000000,4,,3.234356e-01
CDH1->-JAK3,2,1,4.000000,4,,2.786184e-02
CDH1->-JAK3 CDH1->-PIK3CA PIK3CA->-JAK3,3,3,2.000000,2,,1.388889e-02
MAP2K4->-JAK3,2,1,4.000000,4,,3.184211e-02
MAP2K4->-JAK3 TP53->-JAK3 TP53->-MAP2K4,3,3,2.000000,2,,1.347750e-02
CDH1->-JAK3 CDH1->-MAP2K4 MAP2K4->-JAK3,3,3,2.000000,2,,1.050195e-02
EPHA7->-PIK3CA,2,1,4.000000,4,,1.105223e-01
EPHA7->-PIK3CA TP53->-EPHA7 TP53->-PIK3CA,3,3,2.000000,2,,7.551232e-03
NF1->-KMT2C,2,1,4.000000,4,,2.758595e-01
TP53->-PLK2,2,1,4.000000,4,,1.542048e-01
PIK3CA->-CDKN2A,2,1,4.000000,4,,1.166088e-01
PIK3CA->-CDKN2A TP53->-CDKN2A TP53->-PIK3CA,3,3,2.000000,2,,6.178799e-02
STAG2->-GATA3,2,1,4.000000,4,,1.755952e-01
GATA3->-ERBB3,2,1,4.000000,4,,9.246032e-02
GATA3->-ERBB3 PIK3CA->-ERBB3 PIK3CA->-GATA3,3,3,2.000000,2,,3.604497e-02
MEN1->-SPEN,2,1,4.000000,4,,6.227355e-02
GATA3->-SPEN MEN1->-GATA3 MEN1->-SPEN,3,3,2.000000,2,,7.407407e-02
MEN1->-ARID1A,2,1,4.000000,4,,1.335727e-01
KMT2C->-ARID1A MEN1->-ARID1A MEN1->-KMT2C,3,3,2.000000,2,,7.357085e-02
KMT2C->-ERBB3,2,1,4.000000,4,,2.233259e-01
SMARCA4->-PIK3CA,2,1,4.000000,4,,5.749918e-01
KMT2C->-ESR1,2,1,4.000000,4,,6.846478e-02
PTEN->-ATRX,2,1,4.000000,4,,1.695080e-01
PTEN->-ATRX TP53->-ATRX TP53->-PTEN,3,3,2.000000,2,,1.157486e-01
PTEN->-TBX3,2,1,4.000000,4,,5.427632e-02
TP53->-SDHB,2,1,4.000000,4,,3.296949e-01
TP53->-PIM1,2,1,4.000000,4,,1.269841e-02
TP53->-MAP2K1,2,1,4.000000,4,,1.909722e-02
CDH1->-CTCF,2,1,4.000000,4,,1.205357e-01
TP53->-AXIN1,2,1,4.000000,4,,8.333333e-02
TP53->-IRS2,2,1,4.000000,4,,1.406158e-01
FOXA1->-TP53,2,1,4.000000,4,,9.642283e-01
PIK3CA->-HNF1A,2,1,4.000000,4,,1.511287e-01
TP53->-PRDM1,2,1,4.000000,4,,4.539683e-02
TP53->-IFNGR1,2,1,4.000000,4,,3.026455e-02
MAP3K1->-NSD1,2,1,4.000000,4,,4.454575e-01
MAP3K1->-NSD1 TP53->-MAP3K1 TP53->-NSD1,3,3,2.000000,2,,7.275132e-02
CDH1->-MAP3K1 CDH1->-NSD1 MAP3K1->-NSD1,3,3,2.000000,2,,1.195790e-01
NF1->-MAP3K1,2,1,4.000000,4,,3.204908e-01
NF1->-MAP3K1 TP53->-MAP3K1 TP53->-NF1,3,3,3.000000,3,,1.587302e-02
NF1->-MAP3K1 PTEN->-MAP3K1 PTEN->-NF1,3,3,3.000000,3,,3.536381e-03
PTEN->-ATR,2,1,4.000000,4,,5.017772e-02
PTEN->-ATR TP53->-ATR TP53->-PTEN,3,3,3.000000,3,,4.327125e-03
PIK3CA->-ATR PIK3CA->-PTEN PTEN->-ATR,3,3,2.000000,2,,5.603766e-02
MGA->-PTPRT,2,1,2.000000,2,,2.026408e-01
MGA->-ATR MGA->-PTEN PTEN->-ATR,3,3,2.000000,2,,1.718123e-02
ATR->-NCOR1,2,1,4.000000,4,,6.190476e-02
ATR->-NCOR1 TP53->-ATR TP53->-NCOR1,3,3,2.000000,2,,2.698413e-02
ATR->-NCOR1 PIK3CA->-ATR PIK3CA->-NCOR1,3,3,2.000000,2,,2.777778e-02
ATR->-EP300 PIK3CA->-ATR PIK3CA->-EP300,3,3,2.000000,2,,2.777778e-02
NF1->-MED12,2,1,4.000000,4,,1.689425e-01
NF1->-MED12 TP53->-MED12 TP53->-NF1,3,3,2.000000,2,,7.275132e-02
TP53->-CTCF,2,1,4.000000,4,,2.123047e-01
BRCA2->-KMT2C,2,1,4.000000,4,,5.164629e-01
PIK3CA->-RECQL4,2,1,4.000000,4,,2.918474e-01
CDH1->-RASA1,2,1,4.000000,4,,1.551036e-01
TBX3->-KMT2C,2,1,4.000000,4,,6.489349e-01
TBX3->-KMT2C TP53->-KMT2C TP53->-TBX3,3,3,2.000000,2,,5.134680e-02
TP53->-TRAF7,2,1,4.000000,4,,8.333333e-02
TP53->-REL,2,1,4.000000,4,,2.500000e-02
TP53->-PMS1,2,1,4.000000,4,,2.111111e-02
FOXA1->-TBX3,2,1,4.000000,4,,4.311453e-01
FOXA1->-TBX3 PIK3CA->-FOXA1 PIK3CA->-TBX3,3,3,2.000000,2,,7.407407e-02
ERBB2->-MAP3K1,2,1,4.000000,3,,5.761005e-01
GATA3->-POLE,2,1,4.000000,4,,1.691515e-01
CDH1->-RHOA,2,1,4.000000,4,,2.512755e-01
CDH1->-PIK3CA CDH1->-RHOA RHOA->-PIK3CA,3,3,2.000000,2,,5.753968e-02
PTEN->-ARID1B,2,1,4.000000,4,,1.668200e-01
CDH1->-ATR,2,1,4.000000,4,,3.839350e-02
CDH1->-ATR CDH1->-PIK3CA PIK3CA->-ATR,3,3,3.000000,3,,3.634371e-03
CDH1->-FGFR4,2,1,4.000000,4,,1.125000e-01
GATA3->-NSD1,2,1,4.000000,4,,5.833333e-02
MAP3K1->-CDH1,2,1,4.000000,4,,9.994877e-01
MAP3K1->-CDH1 MAP3K1->-PIK3CA PIK3CA->-CDH1,3,3,2.000000,2,,7.193540e-01
GATA3->-MED12,2,1,4.000000,4,,4.563492e-02
PIK3CA->-TSHR,2,1,4.000000,4,,2.083333e-02
TP53->-GATA2,2,1,4.000000,4,,1.804953e-01
TP53->-GSK3B,2,1,4.000000,4,,1.111111e-02
ARID1A->-FLT3,2,1,4.000000,4,,1.389286e-01
FOXA1->-CDH1,2,1,4.000000,4,,9.994885e-01
PIK3CA->-PMS1,2,1,4.000000,4,,4.583333e-02
MAP3K1->-ARID2,2,1,4.000000,4,,4.670330e-02
MAP3K1->-FOXA1,2,1,4.000000,4,,8.752199e-01
MAP3K1->-FOXA1 MAP3K1->-PIK3CA PIK3CA->-FOXA1,3,3,3.000000,3,,1.357475e-01
MAP3K1->-DICER1,2,1,4.000000,4,,4.653846e-02
ERBB2->-ERBB3,2,1,4.000000,4,,4.670330e-02
CDH1->-ERBB3 ERBB2->-CDH1 ERBB2->-ERBB3,3,3,2.000000,2,,7.407407e-02
NF1->-ERBB3,2,1,4.000000,4,,6.250000e-02
NF1->-ERBB3 NF1->-TP53 TP53->-ERBB3,3,3,2.000000,2,,7.407407e-02
ARID1B->-TP53,2,1,4.000000,4,,9.170272e-01
TP53->-DAXX,2,1,4.000000,4,,2.257800e-02
CDH1->-JAK2,2,1,4.000000,4,,3.125000e-02
CDH1->-JAK2 TP53->-CDH1 TP53->-JAK2,3,3,2.000000,2,,2.777778e-02
PIK3CA->-INSR,2,1,4.000000,4,,1.390526e-01
PIK3CA->-INSR PIK3CA->-TP53 TP53->-INSR,3,3,2.000000,2,,5.055556e-02
MAP3K1->-CDKN1B,2,1,4.000000,4,,3.430334e-01
ERBB2->-FOXA1,2,1,4.000000,4,,3.002976e-01
ERBB2->-FOXA1 ERBB2->-MAP3K1 FOXA1->-MAP3K1,3,3,2.000000,2,,1.736111e-02
TP53->-DICER1,2,1,4.000000,4,,1.691468e-02
PIK3CA->-DICER1 TP53->-DICER1 TP53->-PIK3CA,3,3,2.000000,2,,8.541667e-03
TP53->-JUN,2,1,4.000000,4,,6.190476e-02
CDH1->-JUN,2,1,4.000000,4,,4.563265e-02
TP53->-FGFR2,2,1,4.000000,4,,4.095301e-02
PIK3CA->-YES1,2,1,4.000000,4,,2.160263e-02
MAP2K4->-NCOR1,2,1,4.000000,4,,6.026290e-01
GATA3->-PDGFRA,2,1,4.000000,4,,1.512500e-01
PIK3CA->-DNMT3B,2,1,4.000000,4,,1.627867e-01
CDH1->-POLE,2,1,4.000000,4,,1.458333e-01
TP53->-PAK1,2,1,4.000000,4,,1.520163e-02
ARID1A->-TP53,2,1,4.000000,4,,9.956775e-01
KMT2C->-PTCH1,2,1,4.000000,4,,2.062142e-01
CDH1->-KMT2A CDH1->-KMT2C CDH1->-PTCH1 KMT2C->-KMT2A KMT2C->-PTCH1 PTCH1->-KMT2A,4,6,2.000000,2,,1.623441e-03
KMT2C->-PARP1,2,1,4.000000,4,,4.662260e-02
PIK3CA->-PIK3CB,2,1,4.000000,4,,2.191964e-01
PIK3CA->-PIK3CB PIK3CA->-TP53 TP53->-PIK3CB,3,3,2.000000,2,,1.746032e-02
MDC1->-PIK3CB PIK3CA->-MDC1 PIK3CA->-PIK3CB,3,3,2.000000,2,,1.746032e-02
ARID1A->-KMT2D,2,1,4.000000,4,,2.637649e-01
ARID1A->-KMT2D PIK3CA->-ARID1A PIK3CA->-KMT2D,3,3,2.000000,2,,7.232171e-02
SPOP->-PIK3CA,2,1,4.000000,4,,1.552083e-01
CDH1->-SMAD4,2,1,4.000000,4,,3.584011e-01
PIK3CA->-INPP4A,2,1,4.000000,4,,1.875000e-01
CDH1->-TET2,2,1,4.000000,4,,5.119048e-02
CDH1->-NOTCH4,2,1,4.000000,4,,6.181566e-02
CDH1->-NOTCH4 CDH1->-PIK3CA PIK3CA->-NOTCH4,3,3,2.000000,2,,7.357085e-02
NF1->-FOXA1,2,1,4.000000,4,,6.250000e-02
NF1->-FOXA1 TP53->-FOXA1 TP53->-NF1,3,3,2.000000,2,,7.407407e-02
NF1->-FOXA1 NF1->-PIK3CA PIK3CA->-FOXA1,3,3,2.000000,2,,7.407407e-02
PTEN->-SETD2,2,1,4.000000,4,,1.180640e-01
KMT2C->-MED12,2,1,4.000000,4,,3.003123e-02
CDH1->-DNMT3A,2,1,4.000000,4,,1.708744e-01
CDH1->-DNMT3A CDH1->-PIK3CA PIK3CA->-DNMT3A,3,3,2.000000,2,,6.452087e-02
CDH1->-DNMT3A TP53->-CDH1 TP53->-DNMT3A,3,3,2.000000,2,,2.204586e-02
NCOR1->-MAP2K4,2,1,4.000000,4,,6.026290e-01
MAP2K4->-PIK3CA NCOR1->-MAP2K4 NCOR1->-PIK3CA,3,3,2.000000,2,,1.012007e-01
SOX9->-PTCH1,2,1,4.000000,4,,6.038647e-02
APC->-KMT2D,2,1,4.000000,4,,1.690856e-01
APC->-KMT2D TP53->-APC TP53->-KMT2D,3,3,3.000000,3,,1.324336e-02
PTEN->-RUNX1,2,1,4.000000,4,,1.223958e-01
JAK1->-PIK3CA,2,1,4.000000,4,,4.109432e-01
TP53->-EPCAM,2,1,4.000000,4,,1.562934e-01
CDH1->-ANKRD11,2,1,4.000000,4,,2.621305e-01
PIK3CA->-MSH6,2,1,4.000000,4,,3.432292e-01
TP53->-KLF4,2,1,4.000000,4,,2.552083e-01
TBX3->-RUNX1,2,1,4.000000,4,,3.437500e-01
CDH1->-ARID5B,2,1,4.000000,4,,5.249112e-02
CDH1->-ARID5B CDH1->-PIK3CA PIK3CA->-ARID5B,3,3,3.000000,3,,1.286594e-02
CDH1->-PARP1,2,1,4.000000,4,,1.185973e-01
CDH1->-KMT2C CDH1->-PARP1 KMT2C->-PARP1,3,3,2.000000,2,,5.544501e-02
CDH1->-PARP1 CDH1->-RAD50 RAD50->-PARP1,3,3,2.000000,2,,1.733520e-02
NF1->-ATM,2,1,4.000000,4,,5.357143e-02
NF1->-ATM NF1->-PIK3CA PIK3CA->-ATM,3,3,2.000000,2,,2.777778e-02
KMT2C->-TSC2,2,1,4.000000,4,,2.392997e-01
TP53->-MSH6,2,1,4.000000,4,,1.280909e-01
TP53->-AURKA,2,1,4.000000,4,,1.581101e-02
PIK3CA->-IKBKE,2,1,4.000000,4,,1.107817e-01
PIK3CA->-PALB2,2,1,4.000000,4,,1.695707e-01
GATA3->-CBFB,2,1,4.000000,4,,9.997436e-01
PIK3CA->-NF2,2,1,4.000000,4,,4.422890e-02
PIK3CA->-PAK7,2,1,4.000000,4,,2.108950e-01
TP53->-NF2,2,1,4.000000,4,,2.371795e-02
GATA3->-FOXA1,2,1,4.000000,4,,7.054427e-01
GATA3->-FOXA1 PIK3CA->-FOXA1 PIK3CA->-GATA3,3,3,2.000000,2,,2.230367e-01
MGA->-ATR,2,1,4.000000,4,,5.049133e-02
MGA->-ATR MGA->-PIK3CA PIK3CA->-ATR,3,3,2.000000,2,,1.087104e-01
TP53->-SMAD2,2,1,4.000000,4,,1.287879e-01
PIK3CA->-KDM5C,2,1,4.000000,4,,7.131120e-01
TP53->-CDKN1A,2,1,4.000000,4,,1.175834e-01
GATA3->-SF3B1,2,1,4.000000,4,,4.665179e-01
GATA3->-SF3B1 PIK3CA->-GATA3 PIK3CA->-SF3B1,3,3,2.000000,2,,5.671296e-02
ERBB4->-GATA3,2,1,4.000000,4,,5.729167e-02
SMO->-PIK3CA,2,1,3.500000,3,,6.041521e-01
GATA3->-PIK3R2,2,1,3.500000,3,,2.150794e-01
PIK3CA->-SMARCA4,2,1,3.500000,3,,8.173633e-01
CDH1->-EGFR,2,1,3.500000,3,,4.062500e-01
CDH1->-EGFR CDH1->-PIK3CA PIK3CA->-EGFR,3,3,2.500000,2,,3.240741e-02
MAP3K1->-ATR,2,1,3.500000,3,,2.742995e-01
FOXA1->-KMT2D,2,1,3.500000,3,,3.906250e-01
PIK3CA->-IRS1,2,1,3.500000,3,,6.115502e-01
BRCA2->-PIK3CA,2,1,3.500000,3,,9.219093e-01
TP53->-RASA1,2,1,3.500000,3,,3.466435e-01
PTEN->-GATA3,2,1,3.500000,3,,7.161051e-01
MAP3K1->-MED12,2,1,3.500000,3,,2.315286e-01
MAP3K1->-MED12 MAP3K1->-PIK3CA PIK3CA->-MED12,3,3,2.000000,2,,1.420330e-02
TP53->-SMO,2,1,3.500000,3,,2.700223e-01
CDH1->-PAK7,2,1,3.500000,3,,2.523610e-01
CDH1->-PAK7 CDH1->-TP53 TP53->-PAK7,3,3,2.000000,2,,4.668113e-02
CDH1->-PAK7 CDH1->-PIK3CA PIK3CA->-PAK7,3,3,2.000000,2,,6.920142e-02
ZFHX3->-KMT2C,2,1,3.500000,3,,4.326540e-01
KMT2C->-PIK3CA ZFHX3->-KMT2C ZFHX3->-PIK3CA,3,3,2.000000,2,,9.185663e-02
PIK3CA->-JAK2,2,1,3.500000,3,,4.420139e-01
CDH1->-DNMT3B,2,1,3.500000,3,,2.493961e-01
CDH1->-DNMT3B CDH1->-PIK3CA PIK3CA->-DNMT3B,3,3,2.000000,2,,2.747585e-02
APC->-PIK3CA,2,1,3.500000,3,,8.879926e-01
APC->-PIK3CA CDH1->-APC CDH1->-PIK3CA,3,3,2.000000,2,,1.113904e-01
RUNX1->-FOXA1,2,1,3.500000,3,,4.979167e-01
CDH1->-FOXA1 CDH1->-RUNX1 RUNX1->-FOXA1,3,3,2.000000,2,,1.319444e-01
BRCA2->-CDH1,2,1,3.500000,3,,9.534112e-01
RB1->-KMT2C,2,1,3.500000,3,,5.193949e-01
KMT2C->-PIK3CA RB1->-KMT2C RB1->-PIK3CA,3,3,2.000000,2,,7.407407e-02
KMT2A->-PIK3CA,2,1,3.500000,3,,9.872322e-01
NOTCH2->-PIK3CA,2,1,3.500000,3,,5.071429e-01
TP53->-EGFR,2,1,3.500000,3,,9.394290e-02
GATA3->-CREBBP,2,1,3.500000,3,,2.748843e-01
CREBBP->-MAP3K1 GATA3->-CREBBP GATA3->-MAP3K1 GATA3->-PIK3CA PIK3CA->-CREBBP PIK3CA->-MAP3K1,4,6,2.000000,2,,1.736111e-03
TP53->-E2F3,2,1,3.500000,3,,8.209877e-02
PIK3CA->-PPP2R1A,2,1,3.500000,3,,4.381333e-01
PIK3CA->-TSC2,2,1,3.500000,3,,7.056836e-01
PIK3CA->-IKZF1,2,1,3.500000,3,,6.946145e-01
LATS2->-PIK3CA,2,1,3.000000,3,,5.527795e-01
SETD2->-ARID2,2,1,3.000000,3,,2.072854e-01
SETD2->-ARID2 TP53->-ARID2 TP53->-SETD2,3,3,2.000000,2,,5.345272e-03
SETD2->-ARID1A,2,1,3.000000,3,,4.788795e-01
ARID1A->-PIK3CA SETD2->-ARID1A SETD2->-PIK3CA,3,3,2.000000,2,,1.827052e-01
NOTCH1->-PIK3CA SETD2->-NOTCH1 SETD2->-PIK3CA,3,3,2.000000,2,,6.481645e-02
ARID2->-PIK3CA,2,1,3.000000,3,,9.587098e-01
ARID2->-CARD11,2,1,3.000000,3,,2.453288e-01
ARID1A->-CARD11,2,1,3.000000,3,,3.926145e-01
ARID1A->-ARID2,2,1,3.000000,3,,8.244469e-01
ARID1A->-ARID2 ARID1A->-PIK3CA ARID2->-PIK3CA,3,3,2.000000,2,,1.197967e-01
ESR1->-RICTOR,2,1,3.000000,3,,4.367168e-01
ARID1A->-CARD11 ARID2->-ARID1A ARID2->-CARD11,3,3,2.000000,2,,4.767310e-02
FAT1->-SETD2,2,1,3.000000,3,,2.161654e-01
FAT1->-SETD2 TP53->-FAT1 TP53->-SETD2,3,3,2.000000,2,,7.936508e-03
GATA3->-PTEN,2,1,3.000000,3,,7.161051e-01
EP300->-PIK3CA,2,1,3.000000,3,,8.592920e-01
AXL->-PIK3CA,2,1,3.000000,3,,5.312500e-01
ATM->-MAP3K1,2,1,3.000000,3,,3.941608e-01
ATM->-MAP3K1 ATM->-PIK3CA MAP3K1->-PIK3CA,3,3,2.000000,2,,1.085960e-01
NOTCH1->-MAP3K1,2,1,3.000000,3,,3.660714e-01
PIK3CA->-SMO,2,1,3.000000,3,,6.041521e-01
CDH1->-PIK3CA CDH1->-SMO PIK3CA->-SMO,3,3,2.000000,2,,4.572940e-02
KMT2A->-BRCA2,2,1,3.000000,3,,1.927083e-01
TP53->-ASXL1,2,1,3.000000,3,,8.333333e-02
MTOR->-XPO1,2,1,3.000000,3,,1.250000e-01
KMT2C->-PTPRD,2,1,3.000000,3,,2.875616e-01
KMT2C->-XPO1,2,1,3.000000,3,,1.245471e-01
PIK3CA->-FH,2,1,3.000000,3,,1.718750e-01
CDH1->-DOT1L,2,1,3.000000,3,,2.097070e-01
DOT1L->-MAP3K1,2,1,3.000000,3,,1.969373e-01
CDH1->-DOT1L CDH1->-MAP3K1 DOT1L->-MAP3K1,3,3,2.000000,2,,2.184236e-02
CDH1->-MAP3K1 CDH1->-NSD1 NSD1->-MAP3K1,3,3,2.000000,2,,1.195790e-01
NSD1->-KMT2C,2,1,3.000000,3,,4.363248e-01
NSD1->-KMT2C PIK3CA->-KMT2C PIK3CA->-NSD1,3,3,2.000000,2,,2.777778e-02
ARID1A->-KMT2C ARID1A->-NSD1 NSD1->-KMT2C,3,3,2.000000,2,,2.777778e-02
MAP3K1->-EPHB1,2,1,3.000000,3,,4.553571e-01
CDH1->-EPHB1 CDH1->-MAP3K1 CDH1->-PIK3CA MAP3K1->-EPHB1 PIK3CA->-EPHB1 PIK3CA->-MAP3K1,4,6,2.000000,2,,7.440476e-04
ARID1A->-MAP3K1,2,1,3.000000,3,,9.192443e-01
NSD1->-MAP3K1,2,1,3.000000,3,,7.313095e-01
MAP3K1->-KMT2C NSD1->-KMT2C NSD1->-MAP3K1,3,3,2.000000,2,,4.512900e-02
ARID1A->-EPHB1,2,1,3.000000,3,,8.223104e-02
ARID1A->-EPHB1 TP53->-ARID1A TP53->-EPHB1,3,3,2.000000,2,,2.672636e-02
ARID1A->-FOXA1,2,1,3.000000,3,,3.315088e-01
CBFB->-EGFR,2,1,3.000000,3,,8.333333e-02
STAG2->-FAT1,2,1,3.000000,3,,3.114035e-01
PIK3CA->-PDCD1,2,1,3.000000,3,,3.106638e-01
PIK3CA->-FGFR3,2,1,3.000000,3,,3.495334e-01
PIK3CA->-RBM10,2,1,3.000000,3,,2.552632e-01
PIK3CA->-ASXL2,2,1,3.000000,3,,5.788077e-01
NCOR1->-FAT1,2,1,3.000000,3,,1.970760e-01
CDH1->-ALK,2,1,3.000000,3,,2.077899e-01
CDH1->-ALK CDH1->-PIK3CA PIK3CA->-ALK,3,3,2.000000,2,,2.198068e-02
CDH1->-ALK CDH1->-FOXA1 FOXA1->-ALK,3,3,2.000000,2,,2.198068e-02
TP53->-CDK12,2,1,3.000000,3,,3.717958e-01
AKT1->-RUNX1,2,1,3.000000,3,,6.111111e-02
IKZF1->-PIK3CA,2,1,3.000000,3,,6.946145e-01
TP53->-IKZF1,2,1,3.000000,3,,2.469509e-01
CDH1->-FLT1,2,1,3.000000,3,,1.250000e-01
PIK3CA->-EIF4A2,2,1,3.000000,3,,2.787518e-01
PIK3CA->-FBXW7,2,1,3.000000,3,,4.772263e-01
PIK3CA->-PDGFRA,2,1,3.000000,3,,6.680082e-01
HIST1H3I->-SMARCA4,2,1,3.000000,3,,1.070811e-01
HIST1H3I->-SMARCA4 PIK3CA->-HIST1H3I PIK3CA->-SMARCA4,3,3,2.000000,2,,6.255128e-02
CDH1->-EPHA7,2,1,3.000000,3,,1.240809e-01
SPEN->-ARID2,2,1,3.000000,3,,2.316071e-01
SPEN->-ARID2 TP53->-ARID2 TP53->-SPEN,3,3,2.000000,2,,3.672222e-02
TP53->-SOX2,2,1,3.000000,3,,7.291667e-02
TP53->-LATS1,2,1,3.000000,3,,4.437500e-01
LATS1->-TSC2,2,1,3.000000,3,,6.045455e-02
CDH1->-GRIN2A,2,1,3.000000,3,,1.250000e-01
TP53->-PIK3C3,2,1,3.000000,3,,6.375467e-02
TP53->-IRS1,2,1,3.000000,3,,1.799428e-01
TP53->-GNA11,2,1,3.000000,3,,7.158419e-02
MDC1->-PIK3CA,2,1,3.000000,3,,8.953482e-01
IRS1->-PIK3CA,2,1,3.000000,3,,6.115502e-01
ERBB3->-PIK3CA MAP3K1->-ERBB3 MAP3K1->-PIK3CA,3,3,3.000000,3,,2.724352e-02
MAP3K1->-CARD11,2,1,3.000000,3,,7.020757e-02
ERBB3->-CARD11,2,1,3.000000,3,,1.354606e-01
ERBB3->-CARD11 TP53->-CARD11 TP53->-ERBB3,3,3,2.000000,2,,2.028316e-02
ERBB3->-CARD11 MAP3K1->-CARD11 MAP3K1->-ERBB3,3,3,2.000000,2,,9.608277e-03
TP53->-RPS6KA4,2,1,3.000000,3,,1.858259e-01
PTEN->-ATM,2,1,3.000000,3,,6.648352e-02
PIK3CA->-ATM PTEN->-ATM PTEN->-PIK3CA,3,3,2.000000,2,,1.420330e-02
TP53->-NTRK3,2,1,3.000000,3,,3.125000e-01
PIK3CA->-AMER1,2,1,3.000000,3,,3.301972e-01
FOXA1->-ESR1,2,1,3.000000,3,,3.165923e-01
CDKN2A->-TP53,2,1,3.000000,3,,9.842847e-01
GATA3->-NUP93,2,1,3.000000,3,,1.250000e-01
GATA3->-NUP93 PIK3CA->-GATA3 PIK3CA->-NUP93,3,3,2.000000,2,,7.407407e-02
MAP3K1->-SPEN,2,1,3.000000,3,,2.723214e-01
GATA3->-SPEN MAP3K1->-GATA3 MAP3K1->-SPEN,3,3,2.000000,2,,1.736111e-02
CHEK2->-ARID1A,2,1,3.000000,3,,9.880952e-02
MEN1->-STAG2,2,1,3.000000,3,,1.083744e-01
MEN1->-NUP93 MEN1->-PIK3CA PIK3CA->-NUP93,3,3,2.000000,2,,2.777778e-02
GATA3->-NUP93 MEN1->-GATA3 MEN1->-NUP93 MEN1->-STAG2 STAG2->-GATA3 STAG2->-NUP93,4,6,2.000000,2,,1.736111e-03
KMT2C->-SPEN,2,1,3.000000,3,,6.596099e-01
KMT2C->-ATM,2,1,3.000000,3,,5.046335e-01
ARID1A->-SPEN PIK3CA->-ARID1A PIK3CA->-SPEN,3,3,3.000000,3,,1.607790e-02
ARID1A->-SPEN CDH1->-ARID1A CDH1->-SPEN,3,3,2.000000,2,,2.747585e-02
ARID1A->-SPEN MEN1->-ARID1A MEN1->-SPEN,3,3,2.000000,2,,2.747585e-02
ARID1A->-EGFR,2,1,3.000000,3,,1.250000e-01
ARID1A->-EGFR GATA3->-ARID1A GATA3->-EGFR,3,3,2.000000,2,,2.777778e-02
RECQL4->-PIK3CA,2,1,3.000000,3,,5.810269e-01
AKT1->-NF1,2,1,3.000000,3,,9.523810e-02
ATM->-KMT2C,2,1,3.000000,3,,5.046335e-01
ROS1->-PIK3CA,2,1,3.000000,3,,8.658966e-01
TSC2->-PIK3CA,2,1,3.000000,3,,7.056836e-01
ROS1->-TP53,2,1,3.000000,3,,9.295775e-01
PIK3CA->-ROS1 PIK3CA->-TP53 ROS1->-TP53,3,3,2.000000,2,,1.169664e-01
TBX3->-BRCA2,2,1,3.000000,3,,3.401099e-01
CDH1->-BRCA2 CDH1->-ESR1 ESR1->-BRCA2,3,3,3.000000,3,,4.629630e-03
TBX3->-ANKRD11,2,1,3.000000,3,,5.000000e-01
CDH1->-PIK3CG,2,1,3.000000,3,,2.878289e-01
TBX3->-ESR1,2,1,3.000000,3,,2.651099e-01
CDH1->-HNF1A,2,1,3.000000,3,,1.215278e-01
TP53->-FLT3,2,1,3.000000,3,,7.598684e-02
PTEN->-JAK3,2,1,3.000000,3,,8.082996e-02
PTEN->-MAP2K4,2,1,3.000000,3,,8.228775e-01
PTEN->-MAP2K4 PTEN->-TP53 TP53->-MAP2K4,3,3,2.000000,2,,9.030824e-02
MAP2K4->-PTPRS,2,1,3.000000,3,,1.033835e-01
PTEN->-PTPRS,2,1,3.000000,3,,8.895101e-02
CDH1->-PTPRS PTEN->-CDH1 PTEN->-PTPRS,3,3,2.000000,2,,1.651589e-02
PTEN->-ACVR1,2,1,2.000000,2,,1.867971e-01
PTEN->-FAT1,2,1,3.000000,3,,5.017494e-01
ATRX->-EPHB1,2,1,3.000000,3,,1.041413e-01
ATRX->-EPHB1 TP53->-ATRX TP53->-EPHB1,3,3,2.000000,2,,5.778668e-02
PTEN->-EPHB1,2,1,2.000000,2,,2.142335e-01
ATRX->-EPHB1 CDH1->-ATRX CDH1->-EPHB1,3,3,2.000000,2,,1.925357e-02
TBX3->-FOXA1,2,1,3.000000,3,,7.202078e-01
CDH1->-FOXA1 CDH1->-TBX3 TBX3->-FOXA1,3,3,2.000000,2,,2.100390e-02
CDH1->-CDK12,2,1,3.000000,3,,5.146199e-02
TBX3->-FAT1,2,1,3.000000,3,,4.055813e-02
TP53->-RHOA,2,1,3.000000,3,,3.289671e-01
TP53->-WT1,2,1,3.000000,3,,8.636364e-02
TP53->-H3F3C,2,1,3.000000,3,,7.234432e-02
PIK3CA->-RIT1,2,1,3.000000,3,,9.307692e-02
PIK3CA->-GNA11,2,1,3.000000,3,,2.249844e-01
ATM->-FAT1 PIK3CA->-ATM PIK3CA->-FAT1 PIK3CA->-TP53 TP53->-ATM TP53->-FAT1,4,6,2.000000,2,,3.479112e-03
GNA11->-FAT1 PIK3CA->-FAT1 PIK3CA->-GNA11 PIK3CA->-TP53 TP53->-FAT1 TP53->-GNA11,4,6,2.000000,2,,9.093915e-04
ATM->-FAT1,2,1,3.000000,3,,2.064815e-01
PIK3CA->-CTCF,2,1,3.000000,3,,9.335228e-01
PIK3CA->-GATA2,2,1,3.000000,3,,3.075977e-01
TP53->-INPP4A,2,1,3.000000,3,,8.333333e-02
STK11->-EP300,2,1,3.000000,3,,2.647059e-01
STK11->-EP300 TP53->-EP300 TP53->-STK11,3,3,2.000000,2,,9.489039e-02
TP53->-ERCC2,2,1,3.000000,3,,4.464286e-02
PIK3CA->-SMAD2,2,1,3.000000,3,,2.441398e-01
CREBBP->-MAP3K1 PIK3CA->-CREBBP PIK3CA->-MAP3K1,3,3,3.000000,3,,1.929012e-03
PIK3C2G->-MAP3K1,2,1,3.000000,3,,2.217672e-01
PIK3C2G->-MAP3K1 PIK3CA->-MAP3K1 PIK3CA->-PIK3C2G,3,3,2.000000,2,,4.706790e-02
PIK3C2G->-CREBBP,2,1,3.000000,3,,2.441398e-01
PIK3C2G->-CREBBP PIK3CA->-CREBBP PIK3CA->-PIK3C2G,3,3,2.000000,2,,9.758058e-02
CDH1->-GPS2,2,1,3.000000,3,,5.740079e-01
ATRX->-PIK3CA,2,1,3.000000,3,,9.023552e-01
DOT1L->-PIK3CA,2,1,3.000000,3,,4.750000e-01
GATA3->-CARD11,2,1,3.000000,3,,8.343915e-02
NCOR1->-PTEN,2,1,3.000000,3,,4.221958e-01
IRS2->-CARD11,2,1,3.000000,3,,5.373737e-02
IRS2->-CARD11 TP53->-CARD11 TP53->-IRS2,3,3,2.000000,2,,2.760709e-02
NCOR1->-CARD11,2,1,3.000000,3,,2.833333e-01
TP53->-CDK4,2,1,3.000000,3,,1.250000e-01
TP53->-AKT2,2,1,3.000000,3,,8.750000e-02
NCOR1->-MAP3K1,2,1,3.000000,3,,8.965187e-01
NCOR1->-MAP3K1 TP53->-MAP3K1 TP53->-NCOR1,3,3,2.000000,2,,1.020443e-01
MAP3K1->-PIK3CA NCOR1->-MAP3K1 NCOR1->-PIK3CA,3,3,2.000000,2,,2.418793e-01
PTEN->-NSD1,2,1,3.000000,3,,1.065256e-01
NCOR1->-NSD1 PTEN->-NCOR1 PTEN->-NSD1 TP53->-NCOR1 TP53->-NSD1 TP53->-PTEN,4,6,2.000000,2,,1.636905e-03
MED12->-NSD1,2,1,3.000000,3,,2.727491e-01
PTEN->-MED12,2,1,3.000000,3,,1.991844e-01
NF1->-MED12 PTEN->-MED12 PTEN->-NF1,3,3,2.000000,2,,2.121829e-02
NF1->-NSD1 PTEN->-NF1 PTEN->-NSD1,3,3,2.000000,2,,2.121829e-02
KMT2C->-MED12 PTEN->-KMT2C PTEN->-MED12,3,3,2.000000,2,,1.302980e-02
MAP3K1->-MED12 PTEN->-MAP3K1 PTEN->-MED12,3,3,2.500000,2,,4.612599e-02
NF1->-NCOR1,2,1,3.000000,3,,4.375154e-01
ARID1A->-BRCA2,2,1,3.000000,3,,5.301162e-01
ARID1A->-BRCA2 ARID1A->-PIK3CA PIK3CA->-BRCA2,3,3,2.000000,2,,5.461437e-02
PIK3CA->-PIK3C3,2,1,3.000000,3,,1.118306e-01
PIK3CA->-RASA1,2,1,3.000000,3,,2.364927e-01
ARID1A->-CREBBP,2,1,3.000000,3,,2.311562e-01
ARID1A->-CREBBP CDH1->-ARID1A CDH1->-CREBBP,3,3,2.000000,2,,8.942769e-02
ARID1A->-APC CDH1->-APC CDH1->-ARID1A,3,3,2.000000,2,,2.747585e-02
ARID1A->-CREBBP ARID1A->-PIK3CA PIK3CA->-CREBBP,3,3,2.000000,2,,5.419575e-02
TBX3->-MAP3K1,2,1,3.000000,3,,8.740960e-01
MAP3K1->-PIK3CA TBX3->-MAP3K1 TBX3->-PIK3CA,3,3,2.000000,2,,1.878628e-01
ATM->-TBX3,2,1,3.000000,3,,8.636364e-02
CHEK2->-TP53,2,1,3.000000,3,,2.820030e-01
CHEK2->-PIK3CA CHEK2->-TP53 TP53->-PIK3CA,3,3,2.000000,2,,2.698413e-02
PIK3CA->-HIST1H3B,2,1,3.000000,3,,2.200708e-01
CDH1->-KDM6A,2,1,3.000000,3,,4.986213e-01
MTOR->-CDH1,2,1,3.000000,3,,6.856665e-01
CDH1->-LATS1,2,1,3.000000,3,,7.500000e-02
CDH1->-PBRM1,2,1,3.000000,3,,3.125000e-01
NF1->-ARID1A,2,1,3.000000,3,,2.500000e-01
NF1->-ARID1A PIK3CA->-ARID1A PIK3CA->-NF1,3,3,2.000000,2,,4.398148e-02
SPEN->-GATA3,2,1,3.000000,3,,9.416634e-01
ATM->-ESR1,2,1,3.000000,3,,8.750000e-02
ATRX->-GATA3,2,1,3.000000,3,,1.964286e-01
CDH1->-ARID1B,2,1,3.000000,3,,2.751761e-01
CDH1->-SMARCB1,2,1,3.000000,3,,9.523810e-02
ESR1->-RHOA,2,1,3.000000,3,,1.250000e-01
CDH1->-ESR1 CDH1->-RHOA ESR1->-RHOA,3,3,2.000000,2,,2.777778e-02
CDH1->-ERCC5,2,1,3.000000,3,,8.888889e-02
MAP2K4->-CDH1,2,1,3.000000,3,,9.563577e-01
PIK3CA->-RPS6KB2,2,1,3.000000,3,,1.745701e-01
PTPRS->-ARID2,2,1,3.000000,3,,6.620370e-02
PTPRS->-ARID2 TP53->-ARID2 TP53->-PTPRS,3,3,2.000000,2,,5.500000e-03
ATR->-ARID2 PIK3CA->-ARID2 PIK3CA->-ATR PIK3CA->-PTPRS PTPRS->-ARID2 PTPRS->-ATR,4,6,2.000000,2,,1.664402e-03
TP53->-DNMT3B,2,1,3.000000,3,,5.952381e-02
MAP3K1->-PTPRD,2,1,3.000000,3,,2.094494e-01
PIK3CA->-JAK1,2,1,3.000000,3,,7.064364e-01
ARID1A->-JAK1,2,1,3.000000,3,,1.250000e-01
ARID1A->-JAK1 ARID1A->-PIK3CA JAK1->-PIK3CA,3,3,2.000000,2,,7.407407e-02
CBFB->-ERBB2,2,1,3.000000,3,,1.041667e-01
AKT1->-CBFB,2,1,3.000000,3,,7.930893e-01
BCL6->-CDH1,2,1,3.000000,3,,4.635417e-01
PIK3CA->-FLT1,2,1,3.000000,3,,4.385965e-01
MST1R->-MAP3K1 PIK3CA->-MAP3K1 PIK3CA->-MST1R,3,3,3.000000,3,,4.133598e-03
MST1R->-KMT2C,2,1,3.000000,3,,3.058036e-01
MST1R->-KMT2C PIK3CA->-KMT2C PIK3CA->-MST1R,3,3,2.000000,2,,6.911376e-02
ARID1A->-POLE,2,1,3.000000,3,,2.709073e-01
ARID1A->-POLE PIK3CA->-ARID1A PIK3CA->-POLE,3,3,2.000000,2,,7.232171e-02
ARID1A->-POLE GATA3->-ARID1A GATA3->-POLE,3,3,2.000000,2,,1.782662e-02
BRCA2->-ARID1A,2,1,3.000000,3,,5.301162e-01
CHEK2->-GATA3,2,1,3.000000,3,,2.732143e-01
GATA3->-ASXL1,2,1,3.000000,3,,2.150794e-01
KMT2D->-TP53,2,1,3.000000,3,,9.999568e-01
TP53->-CUL3,2,1,3.000000,3,,3.472222e-02
ARID1A->-ATM,2,1,3.000000,3,,2.971429e-01
PTPRT->-PIK3CA,2,1,3.000000,3,,9.859747e-01
CDH1->-ARID2,2,1,3.000000,3,,2.181839e-01
CDH1->-ARID2 CDH1->-PIK3CA PIK3CA->-ARID2,3,3,2.000000,2,,7.357085e-02
CDH1->-DAXX,2,1,3.000000,3,,1.083744e-01
PIK3CA->-KDM5A,2,1,3.000000,3,,3.571429e-01
ARID1A->-NOTCH4,2,1,3.000000,3,,1.245471e-01
ARID1A->-ATR,2,1,3.000000,3,,1.233466e-01
PIK3CA->-KMT2D PIK3CA->-ROS1 ROS1->-KMT2D,3,3,2.000000,2,,2.672636e-02
ARID1A->-ATR ARID1A->-BCOR BCOR->-ATR PIK3CA->-ARID1A PIK3CA->-ATR PIK3CA->-BCOR PIK3CA->-ROS1 ROS1->-ARID1A ROS1->-ATR ROS1->-BCOR,5,10,2.000000,2,,1.508049e-04
BRCA1->-TET2,2,1,3.000000,3,,2.250000e-01
ESR1->-NCOR1,2,1,3.000000,3,,6.562500e-01
BRCA1-/-RICTOR,2,1,3.000000,3,,4.543210e-02
PTPRT->-KMT2D,2,1,3.000000,3,,6.022191e-01
KMT2D->-PIK3CA PTPRT->-KMT2D PTPRT->-PIK3CA,3,3,2.000000,2,,1.596427e-01
KMT2C->-KMT2D,2,1,3.000000,3,,6.758319e-01
KMT2C->-KMT2D TP53->-KMT2C TP53->-KMT2D,3,3,2.000000,2,,1.645571e-01
KMT2C->-KMT2D PTPRT->-KMT2C PTPRT->-KMT2D,3,3,2.000000,2,,2.744840e-02
NF1->-KMT2D,2,1,3.000000,3,,2.625000e-01
PTPRS->-KMT2C,2,1,3.000000,3,,2.771762e-01
PTPRS->-KMT2C TP53->-KMT2C TP53->-PTPRS,3,3,2.000000,2,,2.380952e-02
PTPRT->-KMT2C,2,1,3.000000,3,,1.245059e-01
PTPRT->-KMT2C TP53->-KMT2C TP53->-PTPRT,3,3,2.000000,2,,7.352511e-02
CREBBP->-TP53,2,1,3.000000,3,,9.804133e-01
ESR1->-SPEN,2,1,3.000000,3,,4.437500e-01
FGFR4->-PIK3CA,2,1,3.000000,3,,7.704494e-01
MEN1->-FAT1,2,1,3.000000,3,,9.523810e-02
TP53->-CDKN1B,2,1,3.000000,3,,1.910714e-01
SF3B1->-GATA3,2,1,3.000000,3,,7.483259e-01
SOX9->-TP53,2,1,3.000000,3,,5.269571e-01
TP53->-NTRK1,2,1,3.000000,3,,6.898148e-02
SPEN->-TP53,2,1,3.000000,3,,9.588270e-01
SPEN->-CDH1,2,1,3.000000,3,,9.297650e-01
SDHB->-GATA3,2,1,3.000000,3,,2.135294e-01
PTEN->-MST1R,2,1,3.000000,3,,8.333333e-02
TP53->-YES1,2,1,3.000000,3,,1.080131e-01
PIK3CA->-YES1 TP53->-PIK3CA TP53->-YES1,3,3,2.000000,2,,6.409612e-02
KDM5C->-TP53,2,1,3.000000,3,,5.905368e-01
MAP2K4->-ESR1,2,1,3.000000,3,,4.583333e-02
NCOR1->-ESR1,2,1,3.000000,3,,6.562500e-01
ESR1->-EGFR,2,1,3.000000,3,,1.250000e-01
ESR1->-EGFR ESR1->-GATA3 GATA3->-EGFR,3,3,2.000000,2,,2.777778e-02
ASXL1->-PIK3CA,2,1,3.000000,3,,5.041667e-01
TP53->-BBC3,2,1,3.000000,3,,3.125000e-02
CBFB->-CDKN1B,2,1,3.000000,3,,9.821429e-02
GATA3->-NF1,2,1,3.000000,3,,1.944444e-01
TP53->-SOX9,2,1,3.000000,3,,5.269571e-01
SOX9->-PTCH1 TP53->-PTCH1 TP53->-SOX9,3,3,2.000000,2,,2.537879e-02
NF1->-APC,2,1,3.000000,3,,3.481377e-01
PIK3CA->-TP53 PIK3CA->-ZFHX3 ZFHX3->-TP53,3,3,3.000000,3,,8.756614e-03
PIK3CA->-ARID1B,2,1,3.000000,3,,7.928053e-01
PIK3CA->-PAK1,2,1,3.000000,3,,6.514985e-02
PIK3CA->-PAK1 PIK3CA->-TP53 TP53->-PAK1,3,3,2.000000,2,,8.627164e-03
ARID1A->-MYC,2,1,3.000000,3,,1.893750e-01
PIK3CA->-ASXL1,2,1,3.000000,3,,5.041667e-01
ARID1A->-APC,2,1,3.000000,3,,3.093435e-01
ERBB2->-PTCH1,2,1,3.000000,3,,1.245471e-01
CDH1->-PTCH1 ERBB2->-CDH1 ERBB2->-PTCH1,3,3,2.000000,2,,7.357085e-02
ERBB2->-PIK3CA ERBB2->-PTCH1 PIK3CA->-PTCH1,3,3,2.000000,2,,2.747585e-02
ERBB2->-KMT2C ERBB2->-PTCH1 KMT2C->-PTCH1,3,3,2.000000,2,,2.747585e-02
PIK3CA->-SOX17,2,1,3.000000,3,,2.431973e-01
TP53->-FLT1,2,1,3.000000,3,,8.406433e-02
CDH1->-NOTCH2,2,1,3.000000,3,,7.444853e-02
TET2->-PIK3CA,2,1,3.000000,3,,8.457713e-01
CBFB->-PTEN,2,1,3.000000,3,,2.790179e-01
NOTCH2->-SPEN,2,1,3.000000,3,,4.285714e-02
TP53->-U2AF1,2,1,3.000000,3,,5.000000e-02
PIK3CA->-BRAF,2,1,3.000000,3,,5.000000e-01
PIK3CA->-STK11,2,1,3.000000,3,,8.786007e-01
TP53->-EIF4A2,2,1,3.000000,3,,1.981456e-01
CDH1->-CDKN2A,2,1,3.000000,3,,1.250000e-01
CDH1->-MSH2,2,1,3.000000,3,,1.240809e-01
KMT2C->-STAT5B,2,1,3.000000,3,,4.303101e-02
KMT2C->-KMT2A,2,1,3.000000,3,,4.032270e-01
TP53->-ERCC4,2,1,3.000000,3,,1.051357e-01
TP53->-ERG,2,1,3.000000,3,,8.148148e-02
PIK3CA->-SMARCD1,2,1,3.000000,3,,5.833333e-02
CTCF->-GATA3,2,1,3.000000,3,,2.458333e-01
FOXP1->-PIK3CA,2,1,3.000000,3,,6.603662e-01
TP53->-RAD54L,2,1,3.000000,3,,6.666667e-02
CTCF->-MAP3K1,2,1,3.000000,3,,3.950167e-01
KMT2A->-MAP3K1,2,1,3.000000,3,,3.597143e-01
TP53->-CSF1R,2,1,3.000000,3,,1.083333e-01
YES1->-PARP1,2,1,3.000000,3,,9.181117e-02
PIK3CA->-PARP1 PIK3CA->-YES1 YES1->-PARP1,3,3,2.000000,2,,2.182540e-02
TP53->-PARP1 TP53->-YES1 YES1->-PARP1,3,3,2.000000,2,,2.182540e-02
TP53->-ATR TP53->-YES1 YES1->-ATR,3,3,2.000000,2,,2.182540e-02
PIK3CA->-ATR PIK3CA->-YES1 YES1->-ATR,3,3,2.000000,2,,2.182540e-02
PTEN->-PIK3CD,2,1,3.000000,3,,8.830375e-02
PTEN->-NBN,2,1,3.000000,3,,9.307692e-02
PTEN->-NBN TP53->-NBN TP53->-PTEN,3,3,2.000000,2,,2.777778e-02
KMT2A->-SETD2,2,1,3.000000,3,,9.219048e-02
PIK3CA->-FGFR1,2,1,3.000000,3,,2.113095e-01
ATR->-ALK,2,1,3.000000,3,,6.666667e-02
ATR->-ALK TP53->-ALK TP53->-ATR,3,3,2.000000,2,,2.777778e-02
MAP2K4->-FOXP1,2,1,3.000000,3,,5.000000e-02
AKT1->-ESR1,2,1,3.000000,3,,1.406250e-01
ARID1A->-ARID5B,2,1,3.000000,3,,1.245471e-01
ARID1A->-ARID5B ARID1A->-TP53 TP53->-ARID5B,3,3,2.000000,2,,2.777778e-02
TP53->-MYCN,2,1,3.000000,3,,5.000000e-02
BRCA1->-GATA2,2,1,3.000000,3,,1.207330e-01
BRCA1->-GATA2 TP53->-BRCA1 TP53->-GATA2,3,3,2.000000,2,,6.954575e-02
CDH1->-PIK3C2G,2,1,3.000000,3,,2.856182e-01
CDH1->-PIK3C2G CDH1->-PIK3CA PIK3CA->-PIK3C2G,3,3,2.000000,2,,7.352511e-02
CDH1->-NOTCH1,2,1,3.000000,3,,4.357143e-01
TP53->-SYK,2,1,3.000000,3,,2.877747e-01
PBRM1->-TP53,2,1,3.000000,3,,7.222482e-01
TP53->-KDM5C,2,1,3.000000,3,,5.905368e-01
ARID1B->-NF1,2,1,3.000000,3,,1.041835e-01
ARID1B->-NF1 PTEN->-ARID1B PTEN->-NF1,3,3,2.000000,2,,2.002216e-02
ARID1B->-KMT2C ARID1B->-NF1 ARID1B->-TSC2 CDH1->-ARID1B CDH1->-KMT2C CDH1->-NF1 CDH1->-TSC2 KMT2C->-NF1 KMT2C->-TSC2 NF1->-TSC2,5,10,2.000000,2,,1.461854e-04
ARID1B->-PTPRS ARID1B->-TSC2 CDH1->-ARID1B CDH1->-PTPRS CDH1->-TSC2 PTPRS->-TSC2,4,6,2.000000,2,,1.224181e-03
SMAD4->-TP53,2,1,3.000000,3,,4.169643e-01
GATA3->-FAT1,2,1,3.000000,3,,5.793067e-01
TP53->-SH2B3,2,1,3.000000,3,,1.707819e-01
STAG2->-TP53,2,1,3.000000,3,,9.908941e-01
FAT1->-TP53,2,1,3.000000,3,,9.986250e-01
TP53->-RET,2,1,3.000000,3,,8.482143e-02
KRAS->-KMT2C,2,1,3.000000,3,,2.332332e-01
PIK3CA->-SOX2,2,1,3.000000,3,,4.562165e-02
PIK3CA->-ARAF,2,1,3.000000,3,,3.209406e-01
PIK3CA->-ARAF PIK3CA->-TP53 TP53->-ARAF,3,3,2.000000,2,,4.989871e-02
CDKN1B->-MAP3K1,2,1,3.000000,3,,6.398370e-01
CDKN1B->-BAP1 CDKN1B->-MAP3K1 MAP3K1->-BAP1 PIK3CA->-BAP1 PIK3CA->-CDKN1B PIK3CA->-MAP3K1,4,6,2.000000,2,,1.736111e-03
PIK3CA->-KLF4,2,1,3.000000,3,,4.598214e-01
CDH1->-EPHA5,2,1,3.000000,3,,8.333333e-02
PTEN->-ARID2,2,1,3.000000,3,,1.233466e-01
PTEN->-ARID2 TP53->-ARID2 TP53->-PTEN,3,3,2.000000,2,,7.232171e-02
EPHA5->-ARID2 EPHA5->-ROS1 ROS1->-ARID2,3,3,2.000000,2,,2.672636e-02
ATRX->-ARID2 EPHA5->-ARID2 EPHA5->-ATRX,3,3,2.000000,2,,2.672636e-02
ATRX->-ARID2 TP53->-ARID2 TP53->-ATRX,3,3,2.000000,2,,2.672636e-02
MAP3K1->-ARID2 PTEN->-ARID2 PTEN->-MAP3K1,3,3,2.000000,2,,2.777778e-02
EPCAM->-ARID2 TP53->-ARID2 TP53->-EPCAM,3,3,2.000000,2,,2.777778e-02
EPCAM->-ARID2 PTEN->-ARID2 PTEN->-EPCAM,3,3,2.000000,2,,2.777778e-02
TP53->-MEN1,2,1,3.000000,3,,3.520038e-01
KRAS->-PIK3CA,2,1,3.000000,3,,7.747125e-01
CDH1->-KDM5C,2,1,3.000000,3,,6.845238e-02
CDH1->-BLM,2,1,3.000000,3,,2.708333e-01
CDH1->-BLM CDH1->-PIK3CA PIK3CA->-BLM,3,3,2.000000,2,,5.290422e-02
PIK3CA->-ABL1,2,1,3.000000,3,,2.635417e-01
TP53->-MST1R,2,1,3.000000,3,,1.712054e-01
PTEN->-MST1R TP53->-MST1R TP53->-PTEN,3,3,2.000000,2,,2.777778e-02
KMT2D->-TBX3,2,1,3.000000,3,,1.250000e-01
KMT2D->-KMT2C,2,1,3.000000,3,,6.758319e-01
ERBB3->-TBX3,2,1,3.000000,3,,5.405465e-01
PTEN->-ZFHX3 TP53->-PTEN TP53->-ZFHX3,3,3,3.000000,3,,4.014504e-03
CDH1->-FLT4,2,1,3.000000,3,,8.750000e-02
RUNX1->-NCOR1,2,1,3.000000,3,,8.554688e-01
PIK3CA->-NCOR1 PIK3CA->-RUNX1 RUNX1->-NCOR1,3,3,2.000000,2,,2.632245e-01
RB1->-TET1,2,1,3.000000,3,,3.114035e-01
PIK3CA->-RB1 PIK3CA->-TET1 RB1->-TET1,3,3,2.000000,2,,7.326186e-02
RB1->-TET1 TP53->-RB1 TP53->-TET1,3,3,2.000000,2,,7.407407e-02
NF1->-KMT2A,2,1,3.000000,3,,3.118207e-01
NF1->-KMT2A TP53->-KMT2A TP53->-NF1,3,3,2.000000,2,,2.777778e-02
NF1->-KMT2A PIK3CA->-KMT2A PIK3CA->-NF1,3,3,2.000000,2,,2.747585e-02
NF1->-TET2,2,1,3.000000,3,,1.837491e-01
NF1->-TET2 TP53->-NF1 TP53->-TET2,3,3,2.000000,2,,1.587302e-02
PIK3CA->-AURKA,2,1,3.000000,3,,6.324405e-02
PIK3CA->-AURKA TP53->-AURKA TP53->-PIK3CA,3,3,2.000000,2,,2.711640e-02
TP53->-AKT1,2,1,3.000000,3,,9.986888e-01
ATR->-EP300,2,1,3.000000,3,,8.333333e-02
NOTCH4->-PIK3CA,2,1,3.000000,3,,9.757188e-01
TP53->-RAD21,2,1,3.000000,3,,4.074074e-02
CBFB->-ESR1,2,1,3.000000,3,,2.562500e-01
CBFB->-ESR1 CBFB->-PIK3CA PIK3CA->-ESR1,3,3,2.000000,2,,1.111111e-02
RHOA->-GATA3,2,1,3.000000,3,,1.026786e-01
PIK3CA->-GATA3 RHOA->-GATA3 RHOA->-PIK3CA,3,3,2.000000,2,,5.753968e-02
CDH1->-GATA3 CDH1->-RHOA RHOA->-GATA3,3,3,2.000000,2,,1.785714e-02
TP53->-FOXP1,2,1,3.000000,3,,1.994071e-01
PIK3CA->-NCOA3,2,1,3.000000,3,,1.037893e-01
MAP2K4->-APC,2,1,3.000000,3,,5.733333e-02
APC->-ATM,2,1,3.000000,3,,6.568939e-02
APC->-ATM APC->-PIK3CA PIK3CA->-ATM,3,3,2.000000,2,,3.895791e-02
ARID1A->-NCOR1 PIK3CA->-ARID1A PIK3CA->-NCOR1,3,3,3.000000,3,,1.607790e-02
SMAD4->-ESR1,2,1,3.000000,3,,1.041667e-01
SMAD4->-CDH1,2,1,3.000000,3,,6.551794e-01
PIK3CA->-RNF43,2,1,3.000000,3,,1.590664e-01
PIK3CA->-SDHB,2,1,3.000000,3,,2.135294e-01
PIK3CA->-SDHB TP53->-PIK3CA TP53->-SDHB,3,3,2.000000,2,,6.676147e-02
CBFB->-KMT2C,2,1,3.000000,3,,3.875000e-01
CBFB->-KMT2C CBFB->-PIK3CA KMT2C->-PIK3CA,3,3,2.000000,2,,1.182806e-01
TP53->-AXL,2,1,3.000000,3,,1.923077e-01
RAD52->-TP53,2,1,3.000000,3,,2.284781e-01
TP53->-HGF,2,1,3.000000,3,,9.166667e-02
PTEN->-BCOR,2,1,3.000000,3,,1.233466e-01
SPEN->-ATM,2,1,3.000000,3,,4.633699e-01
SPEN->-ATM SPEN->-TP53 TP53->-ATM,3,3,2.000000,2,,4.304467e-02
SPEN->-FAT1,2,1,3.000000,3,,5.488946e-01
AKT1->-TET2,2,1,3.000000,3,,2.419643e-01
AKT1->-TET2 AKT1->-TP53 TP53->-TET2,3,3,2.000000,2,,5.423280e-02
FGFR4->-KMT2D,2,1,3.000000,3,,1.245833e-01
PIK3CA->-ERCC5,2,1,3.000000,3,,3.118750e-01
PIK3CA->-APC PIK3CA->-SPEN SPEN->-APC,3,3,3.000000,3,,7.373547e-03
PIK3CA->-APC PIK3CA->-SPEN PIK3CA->-TP53 SPEN->-APC TP53->-APC TP53->-SPEN,4,6,2.000000,2,,1.701389e-03
TP53->-HIST3H3,2,1,3.000000,3,,8.300395e-02
BRCA1->-PIK3CA,2,1,3.000000,3,,7.516907e-01
BRCA1->-PIK3CA TP53->-BRCA1 TP53->-PIK3CA,3,3,2.000000,2,,4.553529e-02
CDH1->-PIK3CA CREBBP->-CDH1 CREBBP->-PIK3CA,3,3,2.000000,2,,2.930759e-01
CREBBP->-CDH1,2,1,3.000000,3,,9.162475e-01
JAK1->-TP53,2,1,3.000000,3,,8.038954e-01
JAK1->-PIK3CA JAK1->-TP53 TP53->-PIK3CA,3,3,2.000000,2,,7.275132e-02
BRCA2->-TP53,2,1,3.000000,3,,9.741623e-01
TP53->-ABL1,2,1,3.000000,3,,3.264254e-01
NCOR1->-TBX3,2,1,3.000000,3,,2.715219e-01
CDH1->-TBX3 NCOR1->-CDH1 NCOR1->-TBX3,3,3,2.000000,2,,1.785714e-02
FAT1->-SPEN,2,1,3.000000,3,,5.488946e-01
MAP2K4->-TET2,2,1,3.000000,3,,7.800454e-02
CDH1->-TET2 MAP2K4->-CDH1 MAP2K4->-TET2,3,3,2.000000,2,,1.819292e-02
CDH1->-MTOR MAP2K4->-CDH1 MAP2K4->-MTOR,3,3,2.000000,2,,1.819292e-02
CDH1->-IRF4,2,1,3.000000,3,,1.026786e-01
ROS1->-KMT2D,2,1,3.000000,3,,2.319068e-01
ROS1->-ARID1A,2,1,3.000000,3,,1.724025e-01
PIK3CA->-FGF4,2,1,3.000000,3,,8.406433e-02
LATS1->-KMT2C,2,1,3.000000,3,,2.545455e-01
GATA3->-RICTOR,2,1,3.000000,3,,3.145833e-01
GATA3->-RICTOR TP53->-GATA3 TP53->-RICTOR,3,3,2.000000,2,,8.267196e-03
TP53->-IDH1,2,1,3.000000,3,,5.972845e-02
ASXL2->-PIK3CA,2,1,3.000000,3,,5.788077e-01
PIK3CA->-AXL,2,1,3.000000,3,,5.312500e-01
KDM6A->-PIK3CA,2,1,3.000000,3,,2.325374e-01
DDR2->-PIK3CA,2,1,3.000000,3,,6.190476e-02
PIK3CA->-TRAF2,2,1,3.000000,3,,2.488871e-01
PIK3CA->-TP53 PIK3CA->-TRAF2 TP53->-TRAF2,3,3,2.000000,2,,1.277018e-02
ARID1B->-KMT2C,2,1,3.000000,3,,1.008566e-01
ARID1B->-KMT2C ARID1B->-PIK3CA KMT2C->-PIK3CA,3,3,2.000000,2,,2.319285e-02
ARID1B->-PTCH1,2,1,2.000000,2,,2.344416e-01
PIK3CA->-CDKN1A,2,1,3.000000,3,,3.871675e-01
PIK3CA->-CDKN1A PIK3CA->-TP53 TP53->-CDKN1A,3,3,2.000000,2,,6.731144e-02
TP53->-HIST1H1C,2,1,3.000000,3,,1.521164e-01
PBRM1->-ERBB3,2,1,3.000000,3,,9.687500e-02
TBX3->-PTCH1,2,1,3.000000,3,,1.245471e-01
AKT1->-CTCF,2,1,3.000000,3,,1.505208e-01
MAP3K1->-FAT1,2,1,3.000000,3,,9.340659e-02
TP53->-NFKBIA,2,1,3.000000,3,,9.882479e-02
CBFB->-SPEN,2,1,3.000000,3,,9.821429e-02
CBFB->-SPEN GATA3->-CBFB GATA3->-SPEN,3,3,2.000000,2,,5.671296e-02
TP53->-BLM,2,1,3.000000,3,,1.593137e-01
PTPRS->-TSC2,2,1,3.000000,3,,7.382146e-02
TP53->-PDGFRB,2,1,3.000000,3,,1.159031e-01
TP53->-PIK3CD,2,1,3.000000,3,,1.185897e-01
PTEN->-PIK3CD TP53->-PIK3CD TP53->-PTEN,3,3,2.000000,2,,2.408702e-02
PTEN->-ROS1,2,1,3.000000,3,,3.100198e-01
TP53->-PIK3R3,2,1,3.000000,3,,5.833333e-02
CDH1->-PIK3CA GPS2->-CDH1 GPS2->-PIK3CA,3,3,3.000000,3,,1.221001e-02
INPP4A->-ESR1,2,1,3.000000,3,,3.125000e-01
INPP4A->-ESR1 PIK3CA->-ESR1 PIK3CA->-INPP4A,3,3,2.000000,2,,7.407407e-02
TBX3->-ERBB2,2,1,3.000000,3,,7.834375e-01
CDH1->-ERBB2 TBX3->-CDH1 TBX3->-ERBB2,3,3,2.000000,2,,1.206583e-01
CDH1->-TSC2,2,1,3.000000,3,,8.164585e-02
ERBB2->-ARID1A,2,1,3.000000,3,,2.651099e-01
GATA3->-ALK,2,1,3.000000,3,,2.500000e-01
PDGFRA->-PIK3CA,2,1,3.000000,3,,6.680082e-01
ERBB2->-ARID2,2,1,3.000000,3,,9.306816e-02
PIK3CA->-RAD54L,2,1,3.000000,3,,2.610768e-01
PTPRS->-MAP3K1,2,1,3.000000,3,,3.027998e-01
MAP3K1->-ERCC5,2,1,3.000000,3,,3.919841e-01
MAP3K1->-ERCC5 TP53->-ERCC5 TP53->-MAP3K1,3,3,2.000000,2,,6.359788e-02
NOTCH1->-ATM,2,1,2.500000,2,,7.297743e-01
SDHB->-TP53,2,1,2.500000,2,,8.693070e-01
PTEN->-FOXA1,2,1,2.500000,2,,6.336212e-01
PIK3CA->-MEN1,2,1,2.500000,2,,9.904270e-01
CDH1->-ARID5B CDH1->-MEN1 CDH1->-PIK3CA MEN1->-ARID5B PIK3CA->-ARID5B PIK3CA->-MEN1,4,6,2.000000,2,,1.233501e-03
CDH1->-CREBBP CDH1->-MEN1 CDH1->-PIK3CA MEN1->-CREBBP PIK3CA->-CREBBP PIK3CA->-MEN1,4,6,2.000000,2,,1.233501e-03
CDH1->-KMT2C CDH1->-MEN1 CDH1->-PIK3CA MEN1->-KMT2C PIK3CA->-KMT2C PIK3CA->-MEN1,4,6,2.000000,2,,1.233501e-03
CDH1->-KRAS,2,1,2.000000,2,,2.159634e-01
ERBB2->-RICTOR,2,1,2.500000,2,,4.500821e-01
RUNX1->-MAP3K1,2,1,2.500000,2,,7.319444e-01
PIK3CA->-KIT,2,1,2.500000,2,,5.602823e-01
TP53->-FOXL2,2,1,2.500000,2,,2.833333e-01
MAP2K4->-ARID1A,2,1,2.500000,2,,3.083333e-01
PIK3CA-/-RICTOR,2,1,2.500000,2,,6.189604e-01
PIK3CA-/-RFWD2,2,1,2.500000,2,,1.407411e-01
TP53->-PMS2,2,1,2.500000,2,,3.094136e-01
MAP3K1->-JAK1,2,1,2.500000,2,,3.598901e-01
KMT2C->-AKT1,2,1,2.500000,2,,9.160156e-01
NF1->-ASXL1,2,1,2.500000,2,,3.416667e-01
MAP3K1->-FANCA,2,1,2.500000,2,,4.389976e-01
MED12-/-TP53,2,1,2.500000,2,,4.452830e-01
CDH1->-FBXW7,2,1,2.500000,2,,3.750000e-01
PIK3CA->-FGFR4,2,1,2.500000,2,,9.342677e-01
PIK3CA->-GPS2,2,1,2.500000,2,,9.274238e-01
PIK3CA->-LATS2,2,1,2.500000,2,,8.363704e-01
FGFR4-/-PIK3CA,2,1,2.500000,2,,3.128205e-02
TP53->-LATS2,2,1,2.500000,2,,5.446429e-01
MAP2K4->-MED12,2,1,2.500000,2,,4.880952e-01
POLE->-PIK3CB,2,1,2.500000,2,,4.101190e-01
GATA3->-BRCA1,2,1,2.500000,2,,6.556250e-01
CDH1->-SF3B1,2,1,2.500000,2,,5.937500e-01
SPEN->-KMT2C,2,1,2.500000,2,,8.887794e-01
GATA3-/-IGF1R,2,1,2.500000,2,,1.621818e-01
CDH1->-MDC1,2,1,2.500000,2,,5.720411e-01
ATRX->-FLT4,2,1,2.500000,2,,4.437500e-01
AKT1->-GPS2,2,1,2.500000,2,,3.416667e-01
PIK3CA->-CDK12,2,1,2.500000,2,,4.490730e-01
ESR1->-ERBB4,2,1,2.500000,2,,5.937500e-01
SMAD4->-NCOR1,2,1,2.500000,2,,4.190476e-01
MED12->-PIK3CA,2,1,2.500000,2,,9.913782e-01
PIK3CA->-FUBP1,2,1,2.500000,2,,3.674877e-01
NCOR1->-FLT4,2,1,2.500000,2,,4.166667e-01
FAT1->-FLT4,2,1,2.500000,2,,3.750000e-01
FAT1->-FLT4 PIK3CA->-FAT1 PIK3CA->-FLT4,3,3,2.000000,2,,2.777778e-02
FAT1->-NF1 PIK3CA->-FAT1 PIK3CA->-NF1,3,3,2.000000,2,,7.407407e-02
APC->-PARP1,2,1,2.500000,2,,3.893013e-01
KMT2C->-NOTCH3,2,1,2.500000,2,,3.740942e-01
KMT2C->-AR,2,1,2.500000,2,,7.098849e-01
BRCA1->-CREBBP,2,1,2.500000,2,,6.117275e-01
CDH1->-IKBKE,2,1,2.500000,2,,4.156785e-01
GATA3-/-TP53,2,1,2.500000,2,,5.657900e-01
CDH1->-GATA3 CDH1->-TP53 GATA3-/-TP53,3,3,2.000000,2,,8.403361e-04
CDH1->-BRCA1 TP53->-BRCA1 TP53->-CDH1,3,3,2.500000,2,,7.220863e-02
ROS1->-BCOR,2,1,2.500000,2,,4.247234e-01
MAP3K1->-PTEN,2,1,2.500000,2,,9.870502e-01
FAT1->-PTEN,2,1,2.500000,2,,8.045828e-01
NOTCH4->-APC,2,1,2.500000,2,,5.493449e-01
SETD2->-LATS2,2,1,2.000000,2,,3.918129e-01
SETD2->-ESR1,2,1,2.000000,2,,1.500975e-01
ESR1->-LATS2,2,1,2.000000,2,,2.709552e-01
NOTCH1->-LATS2,2,1,2.000000,2,,7.236842e-02
SETD2->-ATRX,2,1,2.000000,2,,2.221681e-01
ARID1A->-CARD11 SETD2->-ARID1A SETD2->-CARD11,3,3,2.000000,2,,2.209269e-02
ARID2->-CARD11 SETD2->-ARID2 SETD2->-CARD11,3,3,2.000000,2,,2.209269e-02
AMER1->-PIK3CA CASP8->-AMER1 CASP8->-PIK3CA,3,3,2.000000,2,,1.871275e-02
ESR1->-AMER1,2,1,2.000000,2,,4.394319e-01
CCNE1->-RICTOR PIK3CA->-CCNE1 PIK3CA->-RICTOR,3,3,2.000000,2,,2.296182e-02
CCNE1->-IGF1R PIK3CA->-CCNE1 PIK3CA->-IGF1R,3,3,2.000000,2,,2.296182e-02
ESR1->-DNMT3B,2,1,2.000000,2,,4.751462e-01
TET1->-ARID2,2,1,2.000000,2,,2.251462e-01
ARID2->-FAT1,2,1,2.000000,2,,5.159292e-01
ARID2->-IGF1R,2,1,2.000000,2,,4.119594e-01
ARID1A->-IGF1R,2,1,2.000000,2,,5.228606e-01
INHA->-PIK3CA,2,1,2.000000,2,,2.242563e-01
TET1->-PIK3CA,2,1,2.000000,2,,9.424643e-01
ATRX-/-IGF1R,2,1,2.000000,2,,3.742690e-02
ESR1->-NOTCH1,2,1,2.000000,2,,5.640795e-01
ESR1->-TET1,2,1,2.000000,2,,6.688596e-01
NOTCH1->-IGF1R NOTCH1->-PIK3CA PIK3CA->-IGF1R,3,3,2.000000,2,,5.705663e-03
TET1->-DNMT3B,2,1,2.000000,2,,2.251462e-01
FAT1->-CARD11 TET1->-CARD11 TET1->-FAT1,3,3,2.000000,2,,6.604747e-02
ARID1A->-DNMT3B,2,1,2.000000,2,,6.681578e-01
ERBB3-/-PIK3CA,2,1,2.000000,2,,2.582733e-01
SETD2->-BRCA2,2,1,2.000000,2,,5.000000e-01
FAT1->-DICER1,2,1,2.000000,2,,2.500000e-01
SETD2->-FGFR4,2,1,2.000000,2,,1.861538e-01
MSH6->-PIK3CA,2,1,2.000000,2,,8.903646e-01
ATM->-MSH6,2,1,2.000000,2,,2.491667e-01
EP300->-MAP3K1,2,1,2.000000,2,,2.500000e-01
TP53->-RAB35,2,1,2.000000,2,,1.666667e-01
KDM5A->-PIK3CA,2,1,2.000000,2,,7.083333e-01
CDH1->-KDM5A,2,1,2.000000,2,,1.240602e-01
GATA3->-BRCA2,2,1,2.000000,2,,6.482143e-01
MEN1->-KMT2A,2,1,2.000000,2,,1.428571e-01
RECQL4->-TP53,2,1,2.000000,2,,8.608528e-01
TET1->-ARID1B,2,1,2.000000,2,,2.500000e-01
ARID2->-PTPRD,2,1,2.000000,2,,2.500000e-01
PTPRD->-XPO1,2,1,2.000000,2,,1.964286e-01
ARID2->-KMT2C,2,1,2.000000,2,,6.868207e-01
TP53->-RYBP,2,1,2.000000,2,,1.597222e-01
SMO->-MEN1,2,1,2.000000,2,,1.384784e-01
SMO->-KMT2C,2,1,2.000000,2,,1.384784e-01
KMT2C->-CDK8,2,1,2.000000,2,,1.591435e-01
CDH1->-DOT1L CDH1->-PIK3CA PIK3CA->-DOT1L,3,3,2.000000,2,,2.777778e-02
CDH1->-EZH2 CDH1->-TP53 TP53->-EZH2,3,3,2.000000,2,,2.777778e-02
CDH1->-TSC1,2,1,2.000000,2,,2.333333e-01
ARID1A->-DOT1L ARID1A->-FOXA1 DOT1L->-FOXA1,3,3,2.000000,2,,7.936508e-03
FOXA1->-FH,2,1,2.000000,2,,1.750000e-01
MAP3K1->-CBFB,2,1,2.000000,2,,9.846401e-01
MAP3K1->-EGFR,2,1,2.000000,2,,2.500000e-01
SPOP->-MAP3K1,2,1,2.000000,2,,6.230159e-01
AKT1->-EGFR,2,1,2.000000,2,,2.013889e-01
MTOR->-DNMT1,2,1,2.000000,2,,2.500000e-01
AR->-ARID1A,2,1,2.000000,2,,4.368132e-01
CDH1->-NTRK2,2,1,2.000000,2,,4.323452e-01
PIK3CA->-XIAP,2,1,2.000000,2,,2.170330e-01
PIK3CA->-TGFBR1,2,1,2.000000,2,,2.500000e-01
MAP3K1->-TGFBR1,2,1,2.000000,2,,2.500000e-01
MAP3K1->-ERBB2,2,1,2.000000,2,,8.411913e-01
RB1->-FOXP1,2,1,2.000000,2,,2.485380e-01
PDCD1->-FOXP1,2,1,2.000000,2,,2.475556e-01
ASXL2->-FOXP1 PIK3CA->-ASXL2 PIK3CA->-FOXP1,3,3,2.000000,2,,2.729045e-02
PDCD1->-RB1 PIK3CA->-PDCD1 PIK3CA->-RB1,3,3,2.000000,2,,2.729045e-02
PDCD1->-FAT1 PIK3CA->-FAT1 PIK3CA->-PDCD1,3,3,2.000000,2,,2.729045e-02
ASXL2->-RB1,2,1,2.000000,2,,1.656920e-01
STAG2->-RICTOR,2,1,2.000000,2,,2.154812e-01
PIK3CA->-RICTOR PIK3CA->-SMO SMO->-RICTOR,3,3,2.000000,2,,2.165909e-02
STAG2->-TET1,2,1,2.000000,2,,2.485380e-01
STAG2->-CHEK2,2,1,2.000000,2,,4.985380e-01
NCOR1->-FGFR3,2,1,2.000000,2,,2.476375e-01
PIK3CA->-TSC1,2,1,2.000000,2,,4.166667e-01
NCOR1->-TSC1,2,1,2.000000,2,,2.319688e-01
FOXA1->-ERBB2,2,1,2.000000,2,,8.680060e-01
CDK12->-MAP3K1,2,1,2.000000,2,,2.389191e-01
NSD1->-PIK3CA TP53->-NSD1 TP53->-PIK3CA,3,3,2.000000,2,,8.749055e-02
ARID2->-IKZF1 ARID2->-PIK3CA IKZF1->-PIK3CA,3,3,2.000000,2,,1.587302e-02
ARID2->-NSD1,2,1,2.000000,2,,4.404762e-01
CDH1->-BCOR,2,1,2.000000,2,,5.000000e-01
CDKN2A->-KMT2C,2,1,2.000000,2,,2.500000e-01
TP53->-CHEK2,2,1,2.000000,2,,6.372298e-01
BRCA2->-ZFHX3,2,1,2.000000,2,,2.727273e-01
PIK3CA->-RAD21,2,1,2.000000,2,,3.127159e-01
FGFR3->-PIK3CA,2,1,2.000000,2,,6.985953e-01
FBXW7->-EPHA7,2,1,2.000000,2,,1.495116e-01
FBXW7->-SMARCA4,2,1,2.000000,2,,2.170330e-01
FBXW7->-PDGFRA,2,1,2.000000,2,,2.110043e-01
GATA3->-GRIN2A,2,1,2.000000,2,,1.833333e-01
ARID1A->-FGFR3,2,1,2.000000,2,,1.826691e-01
ARID1A->-MET,2,1,2.000000,2,,1.833333e-01
CDH1->-FOXL2,2,1,2.000000,2,,2.500000e-01
AKT1->-EPHA7,2,1,2.000000,2,,2.500000e-01
AKT1->-CD276,2,1,2.000000,2,,1.666667e-01
ATM->-MDC1,2,1,2.000000,2,,3.549509e-01
TP53->-TOP1,2,1,2.000000,2,,1.318182e-01
LATS1->-ROS1,2,1,2.000000,2,,4.250000e-01
CDH1->-KLF4,2,1,2.000000,2,,2.500000e-01
CDH1->-IGF1R,2,1,2.000000,2,,2.500000e-01
KLF4->-GRIN2A,2,1,2.000000,2,,2.500000e-01
RAD51C->-PIK3CA,2,1,2.000000,2,,6.965428e-01
MAP3K1->-RAD51C,2,1,2.000000,2,,1.252723e-01
EPHA7->-HIST1H3B,2,1,2.000000,2,,1.879085e-01
MDC1->-HIST1H3B,2,1,2.000000,2,,1.879085e-01
MDC1->-CARD11 MDC1->-PIK3CA PIK3CA->-CARD11,3,3,2.000000,2,,1.589733e-02
MAP3K1->-RICTOR,2,1,2.000000,2,,1.879085e-01
TCF7L2->-PIK3CA,2,1,2.000000,2,,2.738873e-01
MAP3K1->-PIK3C3,2,1,2.000000,2,,2.465602e-01
TCF7L2->-PIK3C3,2,1,2.000000,2,,8.259714e-02
PIK3C3-/-RFWD2,2,1,2.000000,2,,3.792286e-02
MAP3K1->-IRS1,2,1,2.000000,2,,1.879085e-01
ATR-/-CARD11 TP53->-ATR TP53->-CARD11,3,3,2.000000,2,,8.049231e-04
RFWD2->-ATR TP53->-ATR TP53->-RFWD2,3,3,2.000000,2,,1.261693e-02
TP53->-HIST1H3I,2,1,2.000000,2,,1.850198e-01
PTEN->-NOTCH2,2,1,2.000000,2,,1.875000e-01
PTEN->-AR,2,1,2.000000,2,,1.875000e-01
ATM-/-NOTCH2 TP53->-ATM TP53->-NOTCH2,3,3,2.000000,2,,6.250000e-03
PIK3CA->-H3F3B,2,1,2.000000,2,,1.666667e-01
TP53->-ZRSR2,2,1,2.000000,2,,3.504870e-01
TP53->-AMER1,2,1,2.000000,2,,4.313910e-01
NOTCH2->-CREBBP TP53->-CREBBP TP53->-NOTCH2,3,3,2.000000,2,,9.424603e-03
ESR1->-CREBBP,2,1,2.000000,2,,2.142857e-01
PIK3CA->-CREBBP PIK3CA->-PLK2 PLK2->-CREBBP,3,3,2.000000,2,,5.047788e-02
MAP2K1->-ESR1,2,1,2.000000,2,,1.875000e-01
PIK3CA->-PMS2,2,1,2.000000,2,,1.805556e-01
CDKN2A->-NOTCH4 PIK3CA->-CDKN2A PIK3CA->-NOTCH4,3,3,2.000000,2,,1.276786e-02
CDKN2A->-EP300,2,1,2.000000,2,,1.805556e-01
ESR1->-JAK1,2,1,2.000000,2,,5.000000e-01
ALK->-MAP3K1,2,1,2.000000,2,,5.855556e-01
CCNE1->-ESR1 CCNE1->-MAP3K1 ESR1->-MAP3K1,3,3,2.000000,2,,2.777778e-02
PIK3CA->-FLT3,2,1,2.000000,2,,7.750000e-01
MYC->-PIK3CA,2,1,2.000000,2,,6.453125e-01
GATA3->-HIST1H3F,2,1,2.000000,2,,2.500000e-01
MEN1->-MAP3K1,2,1,2.000000,2,,7.041171e-01
MAP3K1->-ATM,2,1,2.000000,2,,7.370070e-01
ATM->-CHEK2,2,1,2.000000,2,,2.476190e-01
CHEK2->-FLT3,2,1,2.000000,2,,1.976190e-01
KMT2C->-MYC,2,1,2.000000,2,,2.500000e-01
FLT3->-SPEN GATA3->-FLT3 GATA3->-SPEN STAG2->-FLT3 STAG2->-GATA3 STAG2->-SPEN,4,6,2.000000,2,,9.424603e-04
PIK3CA->-NUP93 PIK3CA->-SPEN SPEN->-NUP93,3,3,2.000000,2,,2.750000e-02
ATM->-NUP93,2,1,2.000000,2,,2.491667e-01
ATM->-EGFR,2,1,2.000000,2,,2.500000e-01
FLT3->-EGFR,2,1,2.000000,2,,2.500000e-01
ERBB3->-NUP93,2,1,2.000000,2,,1.160714e-01
ERBB3->-ARID1A MAP3K1->-ARID1A MAP3K1->-ERBB3,3,3,2.000000,2,,1.678877e-02
CDH1->-CSF1R,2,1,2.000000,2,,2.500000e-01
CDH1->-MPL,2,1,2.000000,2,,2.150997e-01
CIC->-ARID1A,2,1,2.000000,2,,3.750000e-01
ATR->-TP53,2,1,2.000000,2,,9.991138e-01
ABL1->-TP53,2,1,2.000000,2,,6.752725e-01
PIK3CA->-TP53 SMARCA4->-PIK3CA SMARCA4->-TP53,3,3,2.000000,2,,1.489711e-01
SMARCA4->-ATR,2,1,2.000000,2,,2.466931e-01
RAD54L->-KMT2C,2,1,2.000000,2,,4.901656e-01
TSC2->-TP53,2,1,2.000000,2,,9.633884e-01
ROS1->-TP53 TBX3->-ROS1 TBX3->-TP53,3,3,2.000000,2,,4.362875e-02
TBX3->-TSC2,2,1,2.000000,2,,2.490942e-01
ESR1-/-PIK3CA,2,1,2.000000,2,,7.567040e-01
KMT2C->-KDM5C,2,1,2.000000,2,,3.833333e-01
KMT2C->-RAD50,2,1,2.000000,2,,3.173480e-01
ANKRD11->-BRCA2,2,1,2.000000,2,,2.976190e-01
ANKRD11->-CDH1,2,1,2.000000,2,,8.464901e-01
TBX3->-PIK3CG,2,1,2.000000,2,,2.171053e-01
TP53->-DIS3,2,1,2.000000,2,,2.171053e-01
PIK3CG->-JAK3 PTEN->-JAK3 PTEN->-PIK3CG,3,3,2.000000,2,,1.252963e-02
CDK12->-JAK3 PTEN->-CDK12 PTEN->-JAK3,3,3,2.000000,2,,1.252963e-02
PIK3CG->-PTPRS TP53->-PIK3CG TP53->-PTPRS,3,3,2.000000,2,,8.251532e-03
CDH1->-FOXA1 CDH1->-PIK3CG PIK3CG->-FOXA1,3,3,2.000000,2,,2.100390e-02
DDR2->-PIK3CG,2,1,2.000000,2,,2.015977e-01
AMER1->-JAK3,2,1,2.000000,2,,1.929825e-01
CDH1->-FLT3 CDH1->-JAK3 FLT3->-JAK3,3,3,2.000000,2,,2.100390e-02
ABL1->-JAK3 CDH1->-ABL1 CDH1->-JAK3,3,3,2.000000,2,,2.100390e-02
MAP2K4->-EPHB1,2,1,2.000000,2,,1.778195e-01
MAP2K4->-FOXA1,2,1,2.000000,2,,4.671053e-01
TBX3->-MAP2K4,2,1,2.000000,2,,4.552005e-01
MAP2K4->-DDR2,2,1,2.000000,2,,2.171053e-01
PTEN->-DDR2,2,1,2.000000,2,,5.714912e-01
CDK12->-AMER1,2,1,2.000000,2,,9.543088e-02
FAT1->-ATRX PTEN->-ATRX PTEN->-FAT1,3,3,2.000000,2,,2.100390e-02
FAT1->-ATRX TP53->-ATRX TP53->-FAT1,3,3,2.000000,2,,2.100390e-02
FLT3->-PTPRS,2,1,2.000000,2,,2.171053e-01
TBX3->-PTPRS,2,1,2.000000,2,,2.163186e-01
EPHB1->-KDM5A TP53->-EPHB1 TP53->-KDM5A,3,3,2.000000,2,,2.100390e-02
TBX3->-KDM5A,2,1,2.000000,2,,1.447368e-01
CDK12->-FOXA1,2,1,2.000000,2,,4.032591e-01
CDK12->-TBX3,2,1,2.000000,2,,2.171053e-01
SDHB->-INPP4B,2,1,2.000000,2,,1.764706e-01
NF1->-HIST1H3B,2,1,2.000000,2,,1.875000e-01
PIK3CA->-MAP3K13,2,1,2.000000,2,,6.625616e-01
PIK3CA->-H3F3C,2,1,2.000000,2,,5.000000e-01
ATM->-PLK2 PIK3CA->-ATM PIK3CA->-PLK2,3,3,2.000000,2,,1.657051e-02
CDH1->-CTCF CDH1->-ERBB3 ERBB3->-CTCF,3,3,2.000000,2,,3.472222e-03
PLK2->-KMT2D,2,1,2.000000,2,,2.500000e-01
CDKN2A->-KMT2D TP53->-CDKN2A TP53->-KMT2D,3,3,2.000000,2,,2.750000e-02
PIK3CA->-LATS1,2,1,2.000000,2,,6.197917e-01
PIK3CA->-CREBBP PIK3CA->-PTPRD PTPRD->-CREBBP,3,3,2.000000,2,,9.185773e-03
LATS1->-GLI1,2,1,2.000000,2,,1.597222e-01
DICER1->-PTCH1,2,1,2.000000,2,,1.861538e-01
DNMT3A->-TP53,2,1,2.000000,2,,9.461866e-01
BRCA2->-ATR,2,1,2.000000,2,,1.551515e-01
BRCA2->-TET2,2,1,2.000000,2,,2.181818e-01
ARID1B->-DICER1,2,1,2.000000,2,,4.119318e-01
CIC->-ARID1B,2,1,2.000000,2,,2.121212e-01
BLM->-ARID1B,2,1,2.000000,2,,2.053476e-01
ARID2->-ALK,2,1,2.000000,2,,4.916667e-01
PIK3CA->-CDC73,2,1,2.000000,2,,5.781250e-01
PIK3CA->-DNMT1 PTEN->-DNMT1 PTEN->-PIK3CA,3,3,2.000000,2,,1.657051e-02
TP53->-SOS1,2,1,2.000000,2,,1.125926e-01
IRS2->-AXIN1,2,1,2.000000,2,,1.794444e-01
NCOR1->-AXIN1,2,1,2.000000,2,,2.111111e-01
PTEN->-CARD11 TP53->-CARD11 TP53->-PTEN,3,3,2.000000,2,,1.893117e-02
PTEN->-RASA1,2,1,2.000000,2,,2.111111e-01
NCOR1->-RASA1,2,1,2.000000,2,,2.111111e-01
PIK3CA->-CDK4,2,1,2.000000,2,,2.500000e-01
ESR1->-TP53 PIK3CA->-ESR1 PIK3CA->-TP53,3,3,2.000000,2,,1.045743e-01
PIK3CA->-ERCC2,2,1,2.000000,2,,3.416667e-01
TP53->-SPOP,2,1,2.000000,2,,2.476190e-01
MAP3K1->-FGFR4 PTEN->-FGFR4 PTEN->-MAP3K1,3,3,2.000000,2,,1.609707e-02
ATR->-NSD1,2,1,2.000000,2,,2.476190e-01
ATR->-ERCC5 TP53->-ATR TP53->-ERCC5,3,3,2.000000,2,,4.874431e-02
ERCC5->-FGFR4 TP53->-ERCC5 TP53->-FGFR4,3,3,2.000000,2,,2.671429e-02
NF1->-ERCC5 TP53->-ERCC5 TP53->-NF1,3,3,2.000000,2,,2.698413e-02
NF1->-PRDM1,2,1,2.000000,2,,1.815873e-01
MED12->-FGFR4,2,1,2.000000,2,,4.337729e-01
SPOP->-NF1,2,1,2.000000,2,,2.476190e-01
RUNX1->-CDKN1B,2,1,2.000000,2,,1.666667e-01
TP53->-PAX5,2,1,2.000000,2,,1.250000e-01
NF1->-CTCF,2,1,2.000000,2,,2.500000e-01
NF1->-PTEN,2,1,2.000000,2,,9.900237e-01
PIK3CA->-STAT5A,2,1,2.000000,2,,1.369963e-01
CDH1->-PIK3C3 CDH1->-PIK3CA PIK3CA->-PIK3C3,3,3,2.000000,2,,9.201116e-03
CDH1->-RASA1 CDH1->-RECQL4 RASA1->-RECQL4,3,3,2.000000,2,,1.574676e-02
CDH1->-GLI1 CDH1->-PIK3CA PIK3CA->-GLI1,3,3,2.000000,2,,1.592693e-02
PIK3CA->-GLI1 TBX3->-GLI1 TBX3->-PIK3CA,3,3,2.000000,2,,1.592693e-02
TBX3->-CREBBP,2,1,2.000000,2,,9.340659e-02
ARID1A->-TBX3,2,1,2.000000,2,,6.949870e-01
CDH1->-RASA1 CDH1->-TBX3 TBX3->-RASA1,3,3,2.000000,2,,1.610195e-02
ARID1A->-GLI1,2,1,2.000000,2,,3.534178e-01
ARID1A->-RFWD2,2,1,2.000000,2,,1.868132e-01
BRAF->-PIK3CA,2,1,2.000000,2,,8.125000e-01
TP53->-ERCC3,2,1,2.000000,2,,1.000000e-01
PTEN->-ASXL1,2,1,2.000000,2,,1.750000e-01
ATM->-TP53,2,1,2.000000,2,,9.857095e-01
RB1->-TBX3,2,1,2.000000,2,,6.909091e-02
RB1->-FOXA1 RB1->-TP53 TP53->-FOXA1,3,3,2.000000,2,,9.427609e-03
MAP3K1-/-NCOR1,2,1,2.000000,2,,1.637962e-01
KMT2C->-WT1,2,1,2.000000,2,,1.727273e-01
KMT2C->-FOXA1,2,1,2.000000,2,,8.424418e-01
CDH1->-CHEK2,2,1,2.000000,2,,4.976190e-01
GATA3->-MST1,2,1,2.000000,2,,8.750000e-02
TSC1->-TP53,2,1,2.000000,2,,8.699471e-01
MED12-/-ROS1,2,1,2.000000,2,,6.772487e-02
MED12-/-PIK3R1,2,1,2.000000,2,,1.887276e-01
CDH1->-AXIN1,2,1,2.000000,2,,4.500000e-01
CDH1->-SOX17 CDH1->-TP53 TP53->-SOX17,3,3,2.000000,2,,2.777778e-02
RB1->-AXIN1 TP53->-AXIN1 TP53->-RB1,3,3,2.000000,2,,2.777778e-02
RB1->-FBXW7 TP53->-FBXW7 TP53->-RB1,3,3,2.000000,2,,2.222222e-02
PBRM1->-ERBB2,2,1,2.000000,2,,2.500000e-01
NF1->-PTPRD NF1->-TP53 TP53->-PTPRD,3,3,2.000000,2,,1.388889e-02
NF1->-EPHA7,2,1,2.000000,2,,4.205128e-01
CREBBP-/-PIK3CA,2,1,2.000000,2,,5.374840e-01
CDH1->-NUP93,2,1,2.000000,2,,1.160714e-01
PIK3CB->-PIK3CA,2,1,2.000000,2,,8.159226e-01
CDH1->-ALOX12B,2,1,2.000000,2,,2.500000e-01
ESR1->-ARID1B,2,1,2.000000,2,,1.937500e-01
CDH1->-PTEN CDH1->-RHOA PTEN->-RHOA,3,3,2.000000,2,,2.777778e-02
PTEN->-ESR1,2,1,2.000000,2,,5.000000e-01
ESR1->-ALOX12B,2,1,2.000000,2,,2.500000e-01
MAP2K4->-FAM175A TP53->-FAM175A TP53->-MAP2K4,3,3,2.000000,2,,8.614969e-03
MAP2K4->-BRCA2 TP53->-BRCA2 TP53->-MAP2K4,3,3,2.000000,2,,1.342593e-02
MAP2K4->-ERCC5 TP53->-ERCC5 TP53->-MAP2K4,3,3,2.000000,2,,1.342593e-02
MAP2K4->-GPS2,2,1,2.000000,2,,3.880952e-01
FAT1->-KMT2C,2,1,2.000000,2,,9.597802e-01
PIK3CA->-KMT2C PIK3CA->-RICTOR RICTOR->-KMT2C,3,3,2.000000,2,,6.981188e-03
ATM->-BRD4,2,1,2.000000,2,,1.199658e-01
ATM->-RPS6KB2,2,1,2.000000,2,,1.605741e-01
ATM->-RICTOR,2,1,2.000000,2,,1.611111e-01
GATA3->-CDH1,2,1,2.000000,2,,9.927687e-01
GATA3->-MAP2K4,2,1,2.000000,2,,9.577083e-01
TBX3->-MED12,2,1,2.000000,2,,1.955782e-01
PTPRS->-SETD2,2,1,2.000000,2,,1.333333e-01
TP53->-CD79A,2,1,2.000000,2,,9.070295e-02
KMT2D->-RB1 TP53->-KMT2D TP53->-RB1,3,3,2.000000,2,,6.580809e-02
CREBBP->-RB1,2,1,2.000000,2,,1.917989e-01
CREBBP->-DNMT3B,2,1,2.000000,2,,2.372326e-01
PIK3CA->-RAC1,2,1,2.000000,2,,1.166667e-01
KLF4->-TP53,2,1,2.000000,2,,8.411458e-01
ATM-/-KMT2A,2,1,2.000000,2,,5.630769e-02
GATA3->-JAK1,2,1,2.000000,2,,2.333333e-01
CIC->-KMT2D,2,1,2.000000,2,,3.750000e-01
PIK3R1->-KMT2C,2,1,2.000000,2,,7.549323e-01
CDH1->-TP63,2,1,2.000000,2,,2.490942e-01
ERBB2->-TP63,2,1,2.000000,2,,2.490942e-01
PIK3R1->-ROS1,2,1,2.000000,2,,3.238095e-01
PIK3R1->-ARID2,2,1,2.000000,2,,1.333333e-01
MGA->-NOTCH4 TP53->-MGA TP53->-NOTCH4,3,3,2.000000,2,,5.958333e-03
MED12->-MGA TP53->-MED12 TP53->-MGA,3,3,2.000000,2,,6.018519e-03
PIK3R1->-MGA,2,1,2.000000,2,,1.333333e-01
PIK3R1->-MED12,2,1,2.000000,2,,6.496603e-01
FLT1->-MAP3K1,2,1,2.000000,2,,4.181287e-01
ARID1A->-FLT1 KMT2C->-ARID1A KMT2C->-FLT1,3,3,2.000000,2,,1.414141e-02
PIK3CA->-FLT1 PIK3CA->-SPEN SPEN->-FLT1,3,3,2.000000,2,,2.777778e-02
PIK3CA->-POLE PIK3CA->-SPEN SPEN->-POLE,3,3,2.000000,2,,2.777778e-02
FBXW7->-TP53,2,1,2.000000,2,,9.932402e-01
FBXW7->-FLT4,2,1,2.000000,2,,2.083333e-01
BRCA2->-PIK3CB,2,1,2.000000,2,,1.976190e-01
GATA3->-PIK3C2G,2,1,2.000000,2,,1.976190e-01
FLT3->-POLE,2,1,2.000000,2,,1.679762e-01
ARID1A->-ASXL1 ARID1A->-FLT3 FLT3->-ASXL1,3,3,2.000000,2,,1.782662e-02
KDM5C->-ARID1A,2,1,2.000000,2,,6.123937e-01
CARD11->-ARID1A,2,1,2.000000,2,,7.339937e-01
TP53->-MSH2,2,1,2.000000,2,,1.944444e-01
KMT2D->-ARID1B,2,1,2.000000,2,,1.830065e-01
KMT2D->-INPP4B,2,1,2.000000,2,,1.830065e-01
KMT2D->-XPO1,2,1,2.000000,2,,1.944444e-01
KMT2D->-HNF1A,2,1,2.000000,2,,1.918724e-01
STAT3->-PIK3CA,2,1,2.000000,2,,2.500000e-01
RUNX1->-ERBB2,2,1,2.000000,2,,9.218750e-01
PIK3CA->-CUL3,2,1,2.000000,2,,4.583333e-01
PIK3CA->-MAP2K1,2,1,2.000000,2,,3.916667e-01
MEN1->-ESR1,2,1,2.000000,2,,1.904762e-01
CDH1->-BRAF,2,1,2.000000,2,,2.500000e-01
ARID1A->-BRAF,2,1,2.000000,2,,1.868132e-01
RHOA->-CDH1,2,1,2.000000,2,,8.396046e-01
ARID1A->-RHOA,2,1,2.000000,2,,1.428571e-01
CDH1->-DAXX CDH1->-PIK3CA PIK3CA->-DAXX,3,3,2.000000,2,,2.204586e-02
CDH1->-PIK3CA PTPRT->-CDH1 PTPRT->-PIK3CA,3,3,2.000000,2,,7.352511e-02
PTPRT->-MAP3K1,2,1,2.000000,2,,6.260965e-01
PTPRT->-ARID2,2,1,2.000000,2,,6.043084e-01
ATR->-NOTCH4 PIK3CA->-ATR PIK3CA->-NOTCH4,3,3,2.000000,2,,2.750000e-02
ATR->-GRIN2A,2,1,2.000000,2,,2.500000e-01
ARID1A->-DICER1,2,1,2.000000,2,,1.937500e-01
BRCA1->-PTPRT,2,1,2.000000,2,,1.660079e-01
BRCA1->-PTCH1,2,1,2.000000,2,,1.616162e-01
PTPRT->-HNF1A,2,1,2.000000,2,,3.082696e-01
PTPRT->-JAK2,2,1,2.000000,2,,2.319444e-01
CBL->-PIK3CA,2,1,2.000000,2,,5.645062e-01
FLT1->-PIK3CA,2,1,2.000000,2,,7.715643e-01
AKT1->-RAD54L,2,1,2.000000,2,,2.125000e-01
RECQL4->-GATA3,2,1,2.000000,2,,3.500000e-01
PTPRT->-TP53,2,1,2.000000,2,,9.817530e-01
PTPRS->-KMT2D TP53->-KMT2D TP53->-PTPRS,3,3,2.000000,2,,4.940278e-02
KMT2C->-ANKRD11,2,1,2.000000,2,,4.667488e-01
PTPRT->-PTPRS,2,1,2.000000,2,,2.500000e-01
NF1->-PTPRS,2,1,2.000000,2,,4.641939e-01
TERT->-TP53,2,1,2.000000,2,,8.792256e-01
INHA->-CREBBP,2,1,2.000000,2,,2.223320e-01
TP53->-HIST1H3G,2,1,2.000000,2,,4.000000e-01
TP53->-IGF1,2,1,2.000000,2,,1.250000e-01
RUNX1->-GATA3,2,1,2.000000,2,,1.666667e-01
RUNX1->-SETD2,2,1,2.000000,2,,1.666667e-01
NF1->-ERBB2,2,1,2.000000,2,,4.990942e-01
PIK3CG->-PIK3CA,2,1,2.000000,2,,8.816387e-01
ERBB2->-ESR1,2,1,2.000000,2,,1.868132e-01
IRS1->-ESR1,2,1,2.000000,2,,2.500000e-01
IRS1->-SPEN,2,1,2.000000,2,,3.818182e-01
CDK12->-TP53,2,1,2.000000,2,,7.172247e-01
KMT2C->-CBFB,2,1,2.000000,2,,7.319444e-01
KMT2C->-ARID5B,2,1,2.000000,2,,4.658430e-01
FGFR4->-KMT2C,2,1,2.000000,2,,3.111538e-01
FOXA1->-FAT1,2,1,2.000000,2,,4.910401e-01
FOXA1->-NSD1,2,1,2.000000,2,,6.293651e-01
CDKN1B->-PTPRD,2,1,2.000000,2,,1.964286e-01
FOXA1->-CDKN1B,2,1,2.000000,2,,1.462637e-01
ERBB2->-PTPRD TP53->-ERBB2 TP53->-PTPRD,3,3,2.000000,2,,1.377866e-02
FOXA1->-PTPRD,2,1,2.000000,2,,1.964286e-01
ERBB2->-XPO1,2,1,2.000000,2,,1.964286e-01
FOXA1->-XPO1,2,1,2.000000,2,,1.957169e-01
SOX9->-PIK3CA,2,1,2.000000,2,,5.929574e-01
SOX9->-IRS1,2,1,2.000000,2,,1.245471e-01
CDH1->-KMT2C CDH1->-RUNX1 KMT2C->-RUNX1,3,3,2.000000,2,,1.319444e-01
RUNX1->-JUN,2,1,2.000000,2,,2.250000e-01
SPEN->-RUNX1,2,1,2.000000,2,,2.491667e-01
PIK3CA->-RB1 PIK3CA->-RUNX1 RB1->-RUNX1,3,3,2.000000,2,,2.777778e-02
RB1->-RUNX1 TP53->-RB1 TP53->-RUNX1,3,3,2.000000,2,,2.777778e-02
ERBB2->-GATA3,2,1,2.000000,2,,1.666667e-01
MAP2K4->-ATM,2,1,2.000000,2,,2.380952e-01
FYN->-ATM,2,1,2.000000,2,,1.861538e-01
PIK3C2G->-NCOR1,2,1,2.000000,2,,4.990119e-01
PIK3C2G->-EGFR,2,1,2.000000,2,,2.500000e-01
CSF3R->-PIK3CA,2,1,2.000000,2,,2.222222e-01
CTCF->-MAP2K4 CTCF->-PIK3CA MAP2K4->-PIK3CA,3,3,2.000000,2,,1.527778e-02
GATA3->-RAD50 PIK3CA->-GATA3 PIK3CA->-RAD50,3,3,2.000000,2,,2.777778e-02
ESR1->-RAD50 PIK3CA->-ESR1 PIK3CA->-RAD50,3,3,2.000000,2,,3.703704e-02
GATA3->-AR,2,1,2.000000,2,,5.000000e-01
CDH1->-MAP3K1 CDH1->-POLE MAP3K1->-POLE,3,3,2.000000,2,,2.777778e-02
MAP3K1->-NF1 PIK3CA->-MAP3K1 PIK3CA->-NF1,3,3,2.000000,2,,7.407407e-02
MAP3K1->-AR,2,1,2.000000,2,,5.000000e-01
ESR1->-POLE,2,1,2.000000,2,,2.500000e-01
IGF1R->-ESR1,2,1,2.000000,2,,4.119594e-01
ESR1->-AR,2,1,2.000000,2,,1.250000e-01
DNMT3B->-ARID1A,2,1,2.000000,2,,6.681578e-01
NF1->-POLE,2,1,2.000000,2,,2.500000e-01
CDH1->-NF1 CDH1->-RAD50 NF1->-RAD50,3,3,2.000000,2,,2.184236e-02
MAX->-PIK3CA,2,1,2.000000,2,,3.839286e-01
ERBB3->-CDH1,2,1,2.000000,2,,9.617441e-01
ERBB3->-POLE,2,1,2.000000,2,,2.333333e-01
PIK3CA->-PPM1D,2,1,2.000000,2,,1.937500e-01
ARID1A->-MYC PIK3CA->-ARID1A PIK3CA->-MYC,3,3,2.000000,2,,5.787037e-02
ZFHX3->-MST1R,2,1,2.000000,2,,4.437500e-01
ARID1B->-ZFHX3,2,1,2.000000,2,,1.930480e-01
ESR1->-ZFHX3,2,1,2.000000,2,,1.937500e-01
ARID1A->-PAK1,2,1,2.000000,2,,1.937500e-01
ARID1A->-JAK2,2,1,2.000000,2,,1.937500e-01
PIK3CA->-DCUN1D1,2,1,2.000000,2,,1.000000e-01
SMARCA4->-PARP1,2,1,2.000000,2,,2.125000e-01
FOXA1->-PTCH1 PIK3CA->-FOXA1 PIK3CA->-PTCH1,3,3,2.000000,2,,1.657051e-02
TP53->-CBFB,2,1,2.000000,2,,9.393621e-01
AKT1->-RB1,2,1,2.000000,2,,1.622299e-01
AKT1->-CREBBP,2,1,2.000000,2,,2.013889e-01
AKT1->-ARID1A,2,1,2.000000,2,,4.834877e-01
IRS2->-PIK3CA,2,1,2.000000,2,,5.331481e-01
IRS2->-TP53,2,1,2.000000,2,,7.344676e-01
CDH1->-PIK3CB,2,1,2.000000,2,,2.500000e-01
CDH1->-SMAD2,2,1,2.000000,2,,4.990119e-01
IRS2->-PIK3CB IRS2->-POLE POLE->-PIK3CB,3,3,2.000000,2,,2.138889e-02
ARID1A->-KMT2D MAP2K4->-ARID1A MAP2K4->-KMT2D,3,3,2.000000,2,,2.777778e-03
MAP2K4->-CIC,2,1,2.000000,2,,1.023810e-01
CBFB->-TBX3,2,1,2.000000,2,,6.375000e-01
CDH1->-FGFR2,2,1,2.000000,2,,1.743083e-01
KDM6A->-CDH1,2,1,2.000000,2,,8.115809e-01
TP53->-DNAJB1,2,1,2.000000,2,,5.777778e-02
HNF1A->-TP53,2,1,2.000000,2,,9.209356e-01
BRIP1->-SOX17 TP53->-BRIP1 TP53->-SOX17,3,3,2.000000,2,,3.915344e-03
PIK3CA->-RAB35,2,1,2.000000,2,,2.500000e-01
NOTCH2->-KMT2C,2,1,2.000000,2,,3.316912e-01
RB1->-NOTCH2 TP53->-NOTCH2 TP53->-RB1,3,3,2.000000,2,,2.777778e-02
ARID2->-BCOR TP53->-ARID2 TP53->-BCOR,3,3,2.000000,2,,2.672636e-02
ATM->-RUNX1 PIK3CA->-ATM PIK3CA->-RUNX1,3,3,2.000000,2,,5.500000e-03
TP53->-CRLF2,2,1,2.000000,2,,2.500000e-01
TP53->-CCND1,2,1,2.000000,2,,1.250000e-01
ARID1A->-AKT1,2,1,2.000000,2,,4.834877e-01
CDH1->-INPP4A CDH1->-PIK3CA PIK3CA->-INPP4A,3,3,2.000000,2,,2.777778e-02
ERBB2->-BRAF,2,1,2.000000,2,,1.868132e-01
CDH1->-ERBB2 CDH1->-NCOR1 NCOR1->-ERBB2,3,3,2.000000,2,,7.407407e-02
TP53->-GNAS,2,1,2.000000,2,,9.523810e-02
CDH1->-EIF4A2,2,1,2.000000,2,,2.500000e-01
CDH1->-GNAS,2,1,2.000000,2,,2.500000e-01
NCOR1->-TET2 TP53->-NCOR1 TP53->-TET2,3,3,2.000000,2,,2.777778e-02
TET2->-GRIN2A,2,1,2.000000,2,,2.125000e-01
NCOR1->-KDM6A,2,1,2.000000,2,,2.500000e-01
KDM6A->-GRIN2A TP53->-GRIN2A TP53->-KDM6A,3,3,2.000000,2,,2.777778e-02
CDH1->-CDKN2A CDH1->-NCOR1 CDKN2A->-NCOR1,3,3,2.000000,2,,2.777778e-02
CDH1->-SLX4,2,1,2.000000,2,,2.481618e-01
CDH1->-YES1,2,1,2.000000,2,,2.151550e-01
CDH1->-KMT2C CDH1->-STAT5B KMT2C->-STAT5B,3,3,2.000000,2,,2.155955e-02
CDH1->-FGF19,2,1,2.000000,2,,2.481618e-01
NOTCH4->-NOTCH2,2,1,2.000000,2,,3.481618e-01
NOTCH4->-EED,2,1,2.000000,2,,2.154371e-01
KDM6A->-RECQL4,2,1,2.000000,2,,2.205882e-01
PTCH1->-NOTCH2,2,1,2.000000,2,,2.481618e-01
NOTCH2->-KMT2A,2,1,2.000000,2,,2.109375e-01
KMT2C->-RASA1,2,1,2.000000,2,,4.349750e-01
CDH1->-MSH2 CDH1->-RASA1 MSH2->-RASA1,3,3,2.000000,2,,2.716503e-02
KDM6A->-KMT2A,2,1,2.000000,2,,4.981618e-01
RASA1->-KMT2A,2,1,2.000000,2,,1.767213e-01
PIK3CA->-GNAS,2,1,2.000000,2,,2.500000e-01
FLT4->-PIK3CA,2,1,2.000000,2,,9.922671e-01
SF3B1->-KMT2C,2,1,2.000000,2,,4.880952e-01
TP53->-CBL,2,1,2.000000,2,,2.444444e-01
PIK3CA->-POLE PIK3CA->-RB1 RB1->-POLE,3,3,2.000000,2,,6.928202e-02
PIK3CA->-ERG PIK3CA->-TP53 TP53->-ERG,3,3,2.000000,2,,2.592593e-02
CBL->-JAK3,2,1,2.000000,2,,2.172840e-01
CDH1->-PIK3CA CDH1->-SMARCD1 PIK3CA->-SMARCD1,3,3,2.000000,2,,6.944444e-03
ARID1B->-RUNX1,2,1,2.000000,2,,2.430556e-01
ARID1B->-PIK3R1,2,1,2.000000,2,,4.650997e-01
TCF7L2->-SOX2,2,1,2.000000,2,,1.098901e-01
PIK3R1->-RUNX1,2,1,2.000000,2,,1.666667e-01
NCOR1->-ARID1A,2,1,2.000000,2,,8.120471e-01
JAK1->-BRCA2,2,1,2.000000,2,,2.142857e-01
BRCA2->-PTPRD,2,1,2.000000,2,,2.500000e-01
BRCA2->-BAP1,2,1,2.000000,2,,1.727273e-01
TP53->-NEGR1,2,1,2.000000,2,,2.013889e-01
CDH1->-JAK1,2,1,2.000000,2,,4.976190e-01
ESR1->-PTPRD TP53->-ESR1 TP53->-PTPRD,3,3,2.000000,2,,1.388889e-02
RAD54L->-NCOR1,2,1,2.000000,2,,2.490942e-01
RB1->-KMT2D,2,1,2.000000,2,,6.760519e-01
ATRX->-KMT2D,2,1,2.000000,2,,4.411376e-01
KMT2D->-GATA3,2,1,2.000000,2,,6.764706e-01
RB1->-TSHR,2,1,2.000000,2,,2.500000e-01
RB1->-FLT4,2,1,2.000000,2,,4.437500e-01
AKT1->-PIK3CA,2,1,2.000000,2,,3.777778e-01
CTCF->-GPS2,2,1,2.000000,2,,1.750000e-01
PTCH1->-GATA3,2,1,2.000000,2,,2.128852e-01
TP53->-SRSF2,2,1,2.000000,2,,2.602799e-01
TP53->-ERRFI1,2,1,2.000000,2,,5.333333e-02
TP53->-SMARCB1,2,1,2.000000,2,,3.238095e-01
PIK3CA->-PIK3CD,2,1,2.000000,2,,1.241026e-01
AXIN1->-SMARCA4,2,1,2.000000,2,,2.125000e-01
AKT1->-AXIN1,2,1,2.000000,2,,2.125000e-01
BRCA1->-PIK3CB,2,1,2.000000,2,,3.319643e-01
SMARCA4->-TET1,2,1,2.000000,2,,2.125000e-01
KIT->-PARP1 YES1->-KIT YES1->-PARP1,3,3,2.000000,2,,1.697531e-02
BCOR->-GRIN2A,2,1,2.000000,2,,3.905303e-01
GRIN2A->-KMT2A,2,1,2.000000,2,,3.107955e-01
GRIN2A->-PARP1,2,1,2.000000,2,,2.125000e-01
BCOR->-KMT2A,2,1,2.000000,2,,3.905303e-01
FLT3->-KMT2A,2,1,2.000000,2,,2.125000e-01
BCOR->-PARP1,2,1,2.000000,2,,1.888889e-01
TET1->-KMT2A,2,1,2.000000,2,,2.125000e-01
NSD1->-MDM2,2,1,2.000000,2,,1.700000e-01
NSD1->-PARP1,2,1,2.000000,2,,1.828348e-01
IRS2->-TET2,2,1,2.000000,2,,1.081818e-01
PIK3C2G-/-POLE,2,1,2.000000,2,,1.045376e-01
NOTCH2->-TET1,2,1,2.000000,2,,2.125000e-01
PIK3CA->-PAX5,2,1,2.000000,2,,1.250000e-01
PIK3CA->-MED12 PIK3CA->-PIK3CG PIK3CG->-MED12,3,3,2.000000,2,,1.657051e-02
MAP3K1->-JAK3,2,1,2.000000,2,,1.861538e-01
JAK3->-RIT1 PIK3CA->-JAK3 PIK3CA->-RIT1,3,3,2.000000,2,,1.657051e-02
PTEN->-TGFBR2,2,1,2.000000,2,,1.551282e-01
MAP3K1->-DICER1 PTEN->-DICER1 PTEN->-MAP3K1,3,3,2.000000,2,,1.657051e-02
MAP3K1->-PIK3CD PTEN->-MAP3K1 PTEN->-PIK3CD,3,3,2.000000,2,,1.657051e-02
PTEN->-RIT1,2,1,2.000000,2,,1.861538e-01
MAP3K1->-SETD2,2,1,2.000000,2,,1.861538e-01
MGA->-HNF1A MGA->-PTCH1 PIK3CA->-HNF1A PIK3CA->-MGA PIK3CA->-PTCH1 PTCH1->-HNF1A,4,6,2.000000,2,,7.887355e-04
PTCH1->-KMT2C,2,1,2.000000,2,,8.081576e-01
ATM->-DNMT1 PIK3CA->-ATM PIK3CA->-DNMT1,3,3,2.000000,2,,1.657051e-02
FOXA1->-NBN PIK3CA->-FOXA1 PIK3CA->-NBN,3,3,2.000000,2,,1.657051e-02
MAP3K1->-NBN,2,1,2.000000,2,,1.137607e-01
MAP3K1->-KMT2A,2,1,2.000000,2,,7.089817e-01
MAP3K1->-MGA,2,1,2.000000,2,,1.063736e-01
KMT2A->-FGFR4,2,1,2.000000,2,,3.641841e-01
FOXA1->-MED12,2,1,2.000000,2,,1.737436e-01
MAP3K1->-DNMT1,2,1,2.000000,2,,1.861538e-01
DNMT1->-KMT2C,2,1,2.000000,2,,1.861538e-01
PIK3CA->-KMT2C PIK3CA->-PLK2 PLK2->-KMT2C,3,3,2.000000,2,,4.701174e-02
FOXA1->-KMT2C FOXA1->-PLK2 PLK2->-KMT2C,3,3,2.000000,2,,1.639040e-02
EPHB1->-MAP3K1,2,1,2.000000,2,,7.827381e-01
KMT2D->-MDC1 TP53->-KMT2D TP53->-MDC1,3,3,2.000000,2,,2.182540e-02
KMT2D->-PTPRT PIK3CA->-KMT2D PIK3CA->-PTPRT PIK3CA->-TP53 TP53->-KMT2D TP53->-PTPRT,4,6,2.000000,2,,6.385138e-03
PTEN->-KMT2D TP53->-KMT2D TP53->-PTEN,3,3,2.000000,2,,7.232171e-02
TP53->-FGFR1,2,1,2.000000,2,,3.630952e-01
CARD11->-ATR TP53->-ATR TP53->-CARD11,3,3,2.000000,2,,1.331965e-01
NCOR1->-ALK,2,1,2.000000,2,,2.490942e-01
ANKRD11->-KMT2D,2,1,2.000000,2,,5.750000e-01
ANKRD11->-PLK2,2,1,2.000000,2,,2.167488e-01
GATA3->-KDM5A,2,1,2.000000,2,,5.000000e-01
TP53->-YAP1,2,1,2.000000,2,,5.000000e-01
CDH1->-FOXA1 CDH1->-NCOR1 FOXA1->-NCOR1,3,3,2.000000,2,,2.747585e-02
CARD11->-TP53,2,1,2.000000,2,,9.883523e-01
CDKN2A->-CARD11,2,1,2.000000,2,,2.491667e-01
PIK3CA->-JUN,2,1,2.000000,2,,4.274240e-01
PIK3CA->-BRIP1 PIK3CA->-RUNX1 RUNX1->-BRIP1,3,3,2.000000,2,,1.944444e-02
TP53->-SH2D1A,2,1,2.000000,2,,6.666667e-02
PIK3CA->-SOX9,2,1,2.000000,2,,5.929574e-01
CDH1->-SOX9,2,1,2.000000,2,,4.324275e-01
BRCA2->-STK11,2,1,2.000000,2,,2.500000e-01
ESR1->-GNAS,2,1,2.000000,2,,2.500000e-01
PIK3CA->-REL,2,1,2.000000,2,,2.083333e-01
PIK3CA->-SYK,2,1,2.000000,2,,2.500000e-01
PIK3CA->-BCL6,2,1,2.000000,2,,5.000000e-01
RB1->-PTPRT TP53->-PTPRT TP53->-RB1,3,3,2.000000,2,,7.232171e-02
RB1->-NOTCH1 TP53->-NOTCH1 TP53->-RB1,3,3,2.000000,2,,2.777778e-02
ATM->-CDH1 ATM->-PIK3CA CDH1->-PIK3CA,3,3,2.000000,2,,1.302910e-01
ATM->-NOTCH1,2,1,2.000000,2,,7.297743e-01
BCL6->-NOTCH1 CDH1->-BCL6 CDH1->-NOTCH1,3,3,2.000000,2,,2.777778e-02
TP53->-BCL6,2,1,2.000000,2,,3.286616e-01
ATM->-NOTCH4 TP53->-ATM TP53->-NOTCH4,3,3,2.000000,2,,2.750000e-02
MAP3K1->-REL TP53->-MAP3K1 TP53->-REL,3,3,2.000000,2,,2.777778e-02
MAP3K1->-DNMT3A,2,1,2.000000,2,,1.666667e-01
MAP3K1->-SPOP,2,1,2.000000,2,,6.230159e-01
MAP3K1->-SF3B1,2,1,2.000000,2,,3.630952e-01
MAP3K1->-NOTCH1 MAP3K1->-PIK3CA PIK3CA->-NOTCH1,3,3,2.000000,2,,1.257440e-01
PIK3C2G->-PTPRT TP53->-PIK3C2G TP53->-PTPRT,3,3,2.000000,2,,2.744840e-02
CDH1->-DNMT3A CDH1->-KDR DNMT3A->-KDR,3,3,2.000000,2,,2.777778e-02
ATM->-PIK3CA ATM->-SF3B1 PIK3CA->-SF3B1,3,3,2.000000,2,,1.388889e-02
SMAD4->-MAP3K1,2,1,2.000000,2,,2.000000e-01
KMT2C->-MDM2,2,1,2.000000,2,,1.500000e-01
SMAD4->-KMT2C,2,1,2.000000,2,,3.500000e-01
PALB2->-KDM5C,2,1,2.000000,2,,2.424242e-01
DOT1L->-PDGFRA,2,1,2.000000,2,,2.424242e-01
SOX9->-PDGFRA,2,1,2.000000,2,,2.415459e-01
TP53->-KEAP1,2,1,2.000000,2,,1.696429e-01
APC->-KEAP1,2,1,2.000000,2,,1.750000e-01
APC->-RB1 TP53->-APC TP53->-RB1,3,3,2.000000,2,,7.232171e-02
APC->-EPHB1 APC->-KMT2D KMT2D->-EPHB1 TP53->-APC TP53->-EPHB1 TP53->-KMT2D,4,6,2.000000,2,,1.610874e-03
TP53->-TNFAIP3,2,1,2.000000,2,,1.666667e-01
EPCAM->-ARID1B,2,1,2.000000,2,,2.430556e-01
ARID1B->-PDGFRA,2,1,2.000000,2,,2.421749e-01
CIC->-RUNX1,2,1,2.000000,2,,2.025463e-01
PTEN->-PDGFRA,2,1,2.000000,2,,2.430556e-01
JAK1->-ZFHX3,2,1,2.000000,2,,1.780303e-01
ARID1A->-ANKRD11,2,1,2.000000,2,,6.030804e-01
PIK3CA->-IRF4,2,1,2.000000,2,,2.053571e-01
TBX3->-ZFHX3,2,1,2.000000,2,,6.826691e-01
AKT1->-CIC,2,1,2.000000,2,,1.342593e-01
NCOR1->-ATRX,2,1,2.000000,2,,1.428571e-01
NCOR1->-SMARCA4,2,1,2.000000,2,,2.142857e-01
POLE->-SMARCA4 TP53->-POLE TP53->-SMARCA4,3,3,2.000000,2,,1.756304e-02
NCOR1->-POLE TP53->-NCOR1 TP53->-POLE,3,3,2.000000,2,,8.909675e-03
NOTCH1->-CDH1,2,1,2.000000,2,,7.694444e-01
NOTCH1->-GATA3,2,1,2.000000,2,,3.651515e-01
CDH1->-IL7R,2,1,2.000000,2,,1.290598e-01
AKT1->-NCOR1,2,1,2.000000,2,,2.013889e-01
GPS2->-TP53,2,1,2.000000,2,,4.166667e-01
GPS2->-ESR1,2,1,2.000000,2,,1.833333e-01
TP53->-NFE2L2,2,1,2.000000,2,,1.696429e-01
ERCC4->-PIK3C3,2,1,2.000000,2,,7.456829e-02
BRCA1->-DNMT1,2,1,2.000000,2,,1.428571e-01
ANKRD11->-PIK3CA,2,1,2.000000,2,,9.651845e-01
YAP1->-PIK3CA,2,1,2.000000,2,,5.000000e-01
NOTCH3->-PIK3CA,2,1,2.000000,2,,8.715551e-01
ANKRD11->-TBX3,2,1,2.000000,2,,8.125000e-01
MSH6->-TERT PIK3CA->-MSH6 PIK3CA->-TERT,3,3,2.000000,2,,2.777778e-02
CDH1->-TERT,2,1,2.000000,2,,2.500000e-01
NOTCH3->-CDH1,2,1,2.000000,2,,6.868207e-01
MAP2K4->-NOTCH2,2,1,2.000000,2,,2.500000e-01
TP53->-SMAD3,2,1,2.000000,2,,2.500000e-01
MAP2K4->-KMT2C,2,1,2.000000,2,,5.000000e-01
MAP3K1->-ARAF PIK3CA->-ARAF PIK3CA->-MAP3K1,3,3,2.000000,2,,2.406563e-03
NCOR1->-SOX2 PIK3CA->-NCOR1 PIK3CA->-SOX2,3,3,2.000000,2,,4.981884e-03
PDGFRB->-PIK3CA,2,1,2.000000,2,,4.510698e-01
FOXA1->-CDK8,2,1,2.000000,2,,1.245471e-01
JAK3->-GATA3 MAP2K4->-GATA3 MAP2K4->-JAK3,3,3,2.000000,2,,1.782407e-02
MEN1->-MAP2K4,2,1,2.000000,2,,5.000000e-01
MEN1->-NCOR1,2,1,2.000000,2,,2.490942e-01
PIK3CA->-MYD88,2,1,2.000000,2,,5.000000e-01
CDH1->-NOTCH3,2,1,2.000000,2,,6.868207e-01
TP53->-RAD51,2,1,2.000000,2,,2.490119e-01
TBX3->-CBFB,2,1,2.000000,2,,6.375000e-01
TBX3->-EPHA5,2,1,2.000000,2,,2.500000e-01
RET->-BCOR,2,1,2.000000,2,,1.833333e-01
IDH1->-GATA3,2,1,2.000000,2,,1.750000e-01
MAP3K1->-EPCAM,2,1,2.000000,2,,4.437500e-01
CDH1->-MLH1 TP53->-CDH1 TP53->-MLH1,3,3,2.000000,2,,1.763668e-02
TP53->-FUBP1,2,1,2.000000,2,,4.500821e-01
MAP3K13->-MEN1,2,1,2.000000,2,,2.167488e-01
CDH1->-CREBBP CDH1->-KIT KIT->-CREBBP,3,3,2.000000,2,,2.204586e-02
CDH1->-CREBBP CDH1->-RAD50 RAD50->-CREBBP,3,3,2.000000,2,,2.204586e-02
MAP3K13->-CREBBP,2,1,2.000000,2,,2.167488e-01
MLH1->-PIK3CA,2,1,2.000000,2,,4.667488e-01
STAG2->-PARP1,2,1,2.000000,2,,2.167488e-01
ANKRD11->-STAG2,2,1,2.000000,2,,2.167488e-01
CREBBP->-PARP1,2,1,2.000000,2,,2.167488e-01
MAP3K13->-PIK3CA,2,1,2.000000,2,,6.625616e-01
CDH1->-KMT2C CDH1->-PIK3CA CDH1->-RFWD2 KMT2C->-RFWD2 PIK3CA->-KMT2C PIK3CA->-RFWD2,4,6,2.000000,2,,2.560988e-03
ANKRD11->-PTPRD,2,1,2.000000,2,,2.167488e-01
MAP3K1->-MEN1,2,1,2.000000,2,,7.041171e-01
CDH1->-NOTCH1 CDH1->-PTEN PTEN->-NOTCH1,3,3,2.000000,2,,8.333333e-03
ASXL2->-KDM5C,2,1,2.000000,2,,1.369048e-01
JAK2->-PIK3CA LATS2->-JAK2 LATS2->-PIK3CA,3,3,2.000000,2,,2.777778e-02
CDH1->-JAK2 CDH1->-PIK3CA JAK2->-PIK3CA,3,3,2.000000,2,,7.407407e-02
LATS2->-ASXL1,2,1,2.000000,2,,2.500000e-01
APC->-BLM APC->-ERCC4 BLM->-ERCC4 CDH1->-APC CDH1->-BLM CDH1->-ERCC4,4,6,2.000000,2,,1.736111e-03
ARID1A->-ERCC4 ARID1A->-IKZF1 IKZF1->-ERCC4,3,3,2.000000,2,,2.777778e-02
PIK3C2G->-ERCC4,2,1,2.000000,2,,2.490119e-01
PIK3R3->-BLM,2,1,2.000000,2,,2.500000e-01
ASXL1->-PIK3CA PIK3R3->-ASXL1 PIK3R3->-PIK3CA,3,3,2.000000,2,,2.777778e-02
ARID1A->-PIK3R3,2,1,2.000000,2,,2.500000e-01
CDH1->-SETD2 CDH1->-STK11 SETD2->-STK11,3,3,2.000000,2,,7.407407e-02
BLM->-STK11,2,1,2.000000,2,,2.352941e-01
JAK1->-SETD2,2,1,2.000000,2,,2.476190e-01
JAK1->-CREBBP,2,1,2.000000,2,,2.476190e-01
APC->-SETD2,2,1,2.000000,2,,2.466931e-01
JAK2->-BLM JAK2->-MAP3K13 MAP3K13->-BLM,3,3,2.000000,2,,1.190476e-02
ERCC3->-PIK3CA,2,1,2.000000,2,,5.000000e-01
CDH1->-ERCC3,2,1,2.000000,2,,5.000000e-01
ARID1A->-ARID2 ARID1A->-FLT3 ARID2->-FLT3,3,3,2.000000,2,,2.777778e-02
JAK1->-ARID2,2,1,2.000000,2,,2.142857e-01
ASXL1->-CREBBP,2,1,2.000000,2,,5.000000e-01
ASXL1->-ABL1,2,1,2.000000,2,,2.500000e-01
CDH1->-MED12 CDH1->-SDHC MED12->-SDHC,3,3,2.000000,2,,2.184236e-02
APC->-RAD50 APC->-SDHC CDH1->-APC CDH1->-RAD50 CDH1->-SDHC RAD50->-SDHC,4,6,2.000000,2,,1.251385e-03
APC->-PIK3C2G APC->-SDHC CDH1->-APC CDH1->-PIK3C2G CDH1->-SDHC PIK3C2G->-SDHC,4,6,2.000000,2,,1.251385e-03
RAD50->-PIK3CA,2,1,2.000000,2,,9.408302e-01
CDH1->-PIK3CA CDH1->-SMARCB1 SMARCB1->-PIK3CA,3,3,2.000000,2,,1.587302e-02
SMARCB1->-FLT3,2,1,2.000000,2,,2.000000e-01
PIK3CA->-CD274,2,1,2.000000,2,,5.764881e-01
FLT3->-PIK3CA,2,1,2.000000,2,,7.750000e-01
PIK3CA->-SUZ12,2,1,2.000000,2,,5.694444e-01
CDKN1A->-PIK3CA,2,1,2.000000,2,,7.318875e-01
CD274->-ABL1,2,1,2.000000,2,,2.250000e-01
JAK1->-APC,2,1,2.000000,2,,2.170330e-01
TP53->-CTNNB1,2,1,2.000000,2,,1.000000e-01
ZFHX3->-KMT2D,2,1,2.000000,2,,2.500000e-01
KMT2D->-ERBB3 TP53->-ERBB3 TP53->-KMT2D,3,3,2.000000,2,,2.777778e-02
ERBB3->-KMT2C TP53->-ERBB3 TP53->-KMT2C,3,3,2.000000,2,,2.260582e-02
PTEN->-ERBB3,2,1,2.000000,2,,2.500000e-01
PTEN->-BARD1 TP53->-BARD1 TP53->-PTEN,3,3,2.000000,2,,9.722222e-03
TP53->-SUFU,2,1,2.000000,2,,9.545455e-02
KLF4->-NCOR1,2,1,2.000000,2,,1.875000e-01
KLF4->-MED12,2,1,2.000000,2,,1.875000e-01
PIK3R1->-POLE,2,1,2.000000,2,,1.875000e-01
NOTCH3->-FAT1,2,1,2.000000,2,,2.166667e-01
ESR1->-IRF4,2,1,2.000000,2,,1.904762e-01
CDH1->-MCL1,2,1,2.000000,2,,2.083333e-01
NCOR1->-KMT2C,2,1,2.000000,2,,9.561388e-01
RUNX1->-KMT2C,2,1,2.000000,2,,6.875000e-01
RUNX1->-CDKN2A,2,1,2.000000,2,,2.491667e-01
TP53->-MDM2,2,1,2.000000,2,,1.868750e-01
TSC2->-KMT2D,2,1,2.000000,2,,3.597222e-01
MED12->-KMT2D TP53->-KMT2D TP53->-MED12,3,3,2.000000,2,,1.289683e-02
KMT2C->-KMT2A KMT2C->-TSC2 TSC2->-KMT2A,3,3,2.000000,2,,1.275664e-02
KMT2C->-TP63,2,1,2.000000,2,,4.365942e-01
KMT2C->-MED12 KMT2C->-TSC2 TSC2->-MED12,3,3,2.000000,2,,1.014109e-02
TP53->-TCF3,2,1,2.000000,2,,1.727273e-01
PIK3CG->-SETD2,2,1,2.000000,2,,3.171062e-01
PIK3CG->-TET2,2,1,2.000000,2,,1.309524e-01
RB1->-PIK3CG,2,1,2.000000,2,,2.321429e-01
SETD2->-PTCH1 TP53->-PTCH1 TP53->-SETD2,3,3,2.000000,2,,2.672636e-02
PIK3CA->-PTCH1 PIK3CA->-SETD2 SETD2->-PTCH1,3,3,2.000000,2,,5.392574e-02
PIK3CA->-MGA PIK3CA->-SETD2 SETD2->-MGA,3,3,2.000000,2,,1.065823e-01
SETD2->-MGA TP53->-MGA TP53->-SETD2,3,3,2.000000,2,,2.672636e-02
NCOR1->-PTCH1 PIK3CA->-NCOR1 PIK3CA->-PTCH1,3,3,2.000000,2,,2.777778e-02
MGA->-FLT4,2,1,2.000000,2,,4.545238e-01
RUNX1->-MSH6 TP53->-MSH6 TP53->-RUNX1,3,3,2.000000,2,,2.750000e-02
PIK3CA->-MSH6 PIK3CA->-RUNX1 RUNX1->-MSH6,3,3,2.000000,2,,2.750000e-02
RUNX1->-MGA TP53->-MGA TP53->-RUNX1,3,3,2.000000,2,,2.750000e-02
PIK3CA->-MGA PIK3CA->-RUNX1 RUNX1->-MGA,3,3,2.000000,2,,7.361111e-02
PIK3CA->-CARD11 PIK3CA->-RUNX1 RUNX1->-CARD11,3,3,2.000000,2,,2.750000e-02
RUNX1->-CARD11 TP53->-CARD11 TP53->-RUNX1,3,3,2.000000,2,,2.750000e-02
MSH6->-KMT2A,2,1,2.000000,2,,2.500000e-01
FAT1->-MSH6 PIK3CA->-FAT1 PIK3CA->-MSH6,3,3,2.000000,2,,2.777778e-02
KMT2A->-MED12,2,1,2.000000,2,,5.887500e-01
STAT3->-NF1,2,1,2.000000,2,,2.371795e-01
NCOR1->-NF1,2,1,2.000000,2,,7.690249e-01
TP53->-IKBKE,2,1,2.000000,2,,2.490119e-01
BARD1->-AKT1 TP53->-AKT1 TP53->-BARD1,3,3,2.000000,2,,9.722222e-03
ATR->-RUNX1 PIK3CA->-ATR PIK3CA->-RUNX1,3,3,2.000000,2,,7.361111e-02
NCOR1->-BRIP1,2,1,2.000000,2,,1.904762e-01
BARD1->-PIK3CA,2,1,2.000000,2,,7.457730e-01
STK11->-MAP2K2,2,1,2.000000,2,,1.960784e-01
TP53->-ALOX12B,2,1,2.000000,2,,2.331349e-01
MAP2K4->-XPO1,2,1,2.000000,2,,1.750000e-01
APC->-XPO1,2,1,2.000000,2,,1.743659e-01
TRAF7->-GATA3,2,1,2.000000,2,,2.500000e-01
GATA3->-NOTCH3,2,1,2.000000,2,,2.000000e-01
MEN1->-NOTCH3,2,1,2.000000,2,,2.490942e-01
CDH1->-ATM CDH1->-PIK3CA PIK3CA->-ATM,3,3,2.000000,2,,1.302910e-01
ZFHX3->-ATM,2,1,2.000000,2,,3.515873e-01
ZFHX3->-NF1,2,1,2.000000,2,,4.862737e-01
APC->-NF1 CDH1->-APC CDH1->-NF1,3,3,2.000000,2,,4.957230e-02
PIK3CA->-PNRC1,2,1,2.000000,2,,2.083333e-01
CDH1->-SPOP,2,1,2.000000,2,,4.583333e-01
RB1->-ESR1,2,1,2.000000,2,,2.000000e-01
TET1->-ESR1,2,1,2.000000,2,,6.688596e-01
CDH1->-PALB2,2,1,2.000000,2,,4.333333e-01
CDH1->-NFE2L2,2,1,2.000000,2,,1.577398e-01
ARID1A->-NOTCH3,2,1,2.000000,2,,1.992754e-01
ROS1->-NFE2L2,2,1,2.000000,2,,9.375000e-02
ROS1->-NF2,2,1,2.000000,2,,1.339286e-01
KMT2A->-NFE2L2,2,1,2.000000,2,,1.339286e-01
TP53->-MRE11A,2,1,2.000000,2,,1.666667e-01
PIK3CA->-MDM2,2,1,2.000000,2,,2.491667e-01
ESR1->-NFE2L2,2,1,2.000000,2,,2.500000e-01
ARID1A->-RUNX1 PTEN->-ARID1A PTEN->-RUNX1,3,3,2.000000,2,,2.777778e-02
ESR1->-FUBP1,2,1,2.000000,2,,1.666667e-01
KDM5C->-ESR1,2,1,2.000000,2,,6.000000e-01
PTEN->-BRCA2,2,1,2.000000,2,,3.393939e-01
SMAD4->-PIK3CA,2,1,2.000000,2,,9.145348e-01
GRIN2A->-PIK3CA,2,1,2.000000,2,,8.896329e-01
RHOA->-GRIN2A,2,1,2.000000,2,,2.500000e-01
SMAD4->-KDM5C,2,1,2.000000,2,,5.000000e-01
SOX9->-TBX3,2,1,2.000000,2,,4.324275e-01
PIK3CA->-HGF,2,1,2.000000,2,,3.485380e-01
ATM->-HGF,2,1,2.000000,2,,2.500000e-01
SMAD4->-FAT1,2,1,2.000000,2,,2.083333e-01
NF1->-MAP2K4,2,1,2.000000,2,,5.640363e-01
ATR->-PIK3CA,2,1,2.000000,2,,9.994022e-01
GATA3->-ATR,2,1,2.000000,2,,3.750000e-01
PPP2R1A->-PIK3CA,2,1,2.000000,2,,7.559882e-01
KMT2C->-PPP2R1A,2,1,2.000000,2,,1.833333e-01
SPEN->-DNMT3A,2,1,2.000000,2,,4.404762e-01
FOXP1->-ESR1,2,1,2.000000,2,,3.500000e-01
TP53->-FGF3,2,1,2.000000,2,,8.750000e-02
STAG2->-AXL,2,1,2.000000,2,,2.500000e-01
CDK8->-KRAS,2,1,2.000000,2,,2.241848e-01
PIK3CA->-RPS6KA4,2,1,2.000000,2,,3.839286e-01
PIK3CA->-RARA,2,1,2.000000,2,,1.339286e-01
NSD1->-RAD50,2,1,2.000000,2,,1.792498e-01
STAG2->-PTEN STAG2->-TP53 TP53->-PTEN,3,3,2.000000,2,,2.777778e-02
PTEN->-PIK3C2G,2,1,2.000000,2,,2.150997e-01
NF1->-MTOR,2,1,2.000000,2,,4.190476e-01
SPEN->-NCOR1,2,1,2.000000,2,,4.633799e-01
NOTCH1->-NCOR1,2,1,2.000000,2,,2.142857e-01
GATA3->-DOT1L,2,1,2.000000,2,,2.333333e-01
FOXA1->-DOT1L,2,1,2.000000,2,,5.928571e-01
CDH1->-BTK,2,1,2.000000,2,,2.500000e-01
AKT1->-XPO1 CDH1->-AKT1 CDH1->-XPO1,3,3,2.000000,2,,2.777778e-02
FGFR4->-AKT1,2,1,2.000000,2,,1.250000e-01
BRCA2->-MTOR BRCA2->-XPO1 MTOR->-XPO1,3,3,2.000000,2,,2.777778e-02
BRCA2->-FAT1,2,1,2.000000,2,,4.227273e-01
CDH1->-PIK3R1,2,1,2.000000,2,,4.650997e-01
KMT2C->-PIK3R1,2,1,2.000000,2,,7.549323e-01
KMT2C->-MTOR,2,1,2.000000,2,,3.750000e-01
CDH1->-FAT1 MTOR->-CDH1 MTOR->-FAT1,3,3,2.000000,2,,2.777778e-02
SPEN->-XPO1,2,1,2.000000,2,,2.490942e-01
KMT2C->-NOTCH3 KMT2C->-XPO1 NOTCH3->-XPO1,3,3,2.000000,2,,2.747585e-02
FAT1->-AR,2,1,2.000000,2,,2.500000e-01
PIK3R1->-AR,2,1,2.000000,2,,2.500000e-01
NOTCH3->-PIK3R1,2,1,2.000000,2,,2.500000e-01
TP53->-HLA-A,2,1,2.000000,2,,2.491667e-01
TP53->-NUP93,2,1,2.000000,2,,4.991667e-01
TP53->-RPS6KB2,2,1,2.000000,2,,2.491667e-01
NOTCH4->-KMT2D TP53->-KMT2D TP53->-NOTCH4,3,3,2.000000,2,,4.173403e-02
FLT4->-ATM TP53->-ATM TP53->-FLT4,3,3,2.000000,2,,4.583333e-03
ARID2->-KMT2D ERCC5->-ARID2 ERCC5->-KMT2D PIK3CA->-ARID2 PIK3CA->-ERCC5 PIK3CA->-KMT2D,4,6,2.000000,2,,1.701389e-03
ARID2->-KMT2D ERCC5->-ARID2 ERCC5->-KMT2D TP53->-ARID2 TP53->-ERCC5 TP53->-KMT2D,4,6,2.000000,2,,1.701389e-03
ATR->-KMT2D PIK3CA->-ATR PIK3CA->-KMT2D,3,3,2.000000,2,,7.186576e-02
FGFR4->-MSH6 TP53->-FGFR4 TP53->-MSH6,3,3,2.000000,2,,6.666667e-03
RUNX1->-INSR,2,1,2.000000,2,,2.491667e-01
PIK3CA->-PARP1 PIK3CA->-RUNX1 RUNX1->-PARP1,3,3,2.000000,2,,2.750000e-02
NUP93->-PARP1 PIK3CA->-NUP93 PIK3CA->-PARP1,3,3,2.000000,2,,2.750000e-02
APC->-RUNX1,2,1,2.000000,2,,2.491667e-01
PTPRS->-PARP1,2,1,2.000000,2,,2.143827e-01
APC->-PTPRS,2,1,2.000000,2,,3.461396e-01
TP53->-FLCN,2,1,2.000000,2,,3.740119e-01
ERCC4->-NCOR1,2,1,2.000000,2,,3.589020e-01
KMT2D->-NCOR1 SMAD2->-KMT2D SMAD2->-NCOR1,3,3,2.000000,2,,2.744840e-02
RAD51->-KMT2D,2,1,2.000000,2,,1.743083e-01
KMT2D->-FGFR2 TP53->-FGFR2 TP53->-KMT2D,3,3,2.000000,2,,2.640945e-02
PTPRT->-FGFR2 TP53->-FGFR2 TP53->-PTPRT,3,3,2.000000,2,,2.640945e-02
BRCA1->-CREBBP BRCA1->-KMT2C CREBBP->-KMT2C,3,3,2.000000,2,,2.744840e-02
PIK3C2G->-KMT2C,2,1,2.000000,2,,4.641116e-01
CREBBP->-KMT2C CREBBP->-NCOR1 KMT2C->-NCOR1,3,3,2.000000,2,,2.715004e-02
CDH1->-PIK3CA FLCN->-CDH1 FLCN->-PIK3CA,3,3,2.000000,2,,2.744840e-02
AKT1->-TBX3,2,1,2.000000,2,,2.500000e-01
ARID2->-EPHA5 TP53->-ARID2 TP53->-EPHA5,3,3,2.000000,2,,1.297540e-01
ZFHX3->-ARID2,2,1,2.000000,2,,2.490942e-01
CBFB->-MAP2K4,2,1,2.000000,2,,1.633333e-01
CTCF->-ERBB3 MAP3K1->-CTCF MAP3K1->-ERBB3,3,3,2.000000,2,,1.805556e-02
ATM->-JUN,2,1,2.000000,2,,2.476190e-01
FBXW7->-PIK3CA,2,1,2.000000,2,,7.857425e-01
RHOA->-TBX3,2,1,2.000000,2,,2.053571e-01
FAT1->-RB1,2,1,2.000000,2,,6.864035e-01
PIK3CA->-GATA3 ROS1->-GATA3 ROS1->-PIK3CA,3,3,2.000000,2,,2.777778e-02
FGFR4->-ROS1,2,1,2.000000,2,,1.780303e-01
STK11->-GATA3,2,1,2.000000,2,,2.352941e-01
TP53->-ASXL2,2,1,2.000000,2,,3.750000e-01
TP53->-EPHA3,2,1,2.000000,2,,5.000000e-01
TP53->-PPP2R1A,2,1,2.000000,2,,1.318182e-01
AKT2->-PTPRT,2,1,2.000000,2,,2.500000e-01
RICTOR->-ESR1,2,1,2.000000,2,,7.688318e-01
SUZ12->-PIK3CA,2,1,2.000000,2,,5.694444e-01
SMAD4->-ERCC4,2,1,2.000000,2,,2.500000e-01
BLM->-FAT1 BLM->-KDR FAT1->-KDR,3,3,2.000000,2,,2.344771e-02
DNMT1->-SPEN,2,1,2.000000,2,,2.500000e-01
APC->-SPEN,2,1,2.000000,2,,7.523332e-01
APC->-DNMT1,2,1,2.000000,2,,4.670330e-01
DNMT3A->-FAT1,2,1,2.000000,2,,4.404762e-01
FOXP1->-PTEN,2,1,2.000000,2,,2.053571e-01
TET2->-SETD2 TP53->-SETD2 TP53->-TET2,3,3,2.000000,2,,6.330310e-02
AKT1->-SETD2,2,1,2.000000,2,,1.904762e-01
AKT1->-RAD50,2,1,2.000000,2,,2.500000e-01
AKT1->-DNMT1,2,1,2.000000,2,,4.670330e-01
SMAD2->-RFWD2,2,1,2.000000,2,,2.500000e-01
CDH1->-AXIN2,2,1,2.000000,2,,2.490942e-01
KMT2C->-NSD1,2,1,2.000000,2,,7.683048e-01
MAP2K4->-ARID2,2,1,2.000000,2,,2.500000e-01
CDH1->-RET,2,1,2.000000,2,,2.500000e-01
ROS1->-MYC,2,1,2.000000,2,,1.333333e-01
BCOR->-TSC2,2,1,2.000000,2,,2.500000e-01
TSC2->-KMT2C,2,1,2.000000,2,,8.281805e-01
KMT2C->-EP300 KMT2D->-EP300 KMT2D->-KMT2C,3,3,2.000000,2,,2.344771e-02
KMT2D->-FGF4 PIK3CA->-FGF4 PIK3CA->-KMT2D,3,3,2.000000,2,,1.327256e-02
ARID1A->-KDM5C PIK3CA->-ARID1A PIK3CA->-KDM5C,3,3,2.000000,2,,5.753968e-02
SMAD2->-BCOR,2,1,2.000000,2,,1.333333e-01
LATS1->-ATR,2,1,2.000000,2,,2.500000e-01
LATS1->-ARID1A,2,1,2.000000,2,,1.727273e-01
LATS1->-RFWD2,2,1,2.000000,2,,2.500000e-01
SMAD4->-RFWD2,2,1,2.000000,2,,2.500000e-01
NCOR1->-IKZF1,2,1,2.000000,2,,3.750000e-01
GATA3->-BCOR,2,1,2.000000,2,,2.500000e-01
IRS2-/-PIK3CA,2,1,2.000000,2,,8.888889e-02
IRS2->-FLT4 TP53->-FLT4 TP53->-IRS2,3,3,2.000000,2,,8.978676e-04
ASXL2->-TBX3,2,1,2.000000,2,,2.500000e-01
CDH1->-ASXL2,2,1,2.000000,2,,3.720238e-01
ASXL2->-ARID1A,2,1,2.000000,2,,3.720238e-01
ARID1B->-KDR,2,1,2.000000,2,,2.352941e-01
ARID1B->-KMT2A ARID1B->-PIK3CA PIK3CA->-KMT2A,3,3,2.000000,2,,2.747585e-02
FOXA1->-ARID1B,2,1,2.000000,2,,2.500000e-01
KDM6A->-KDR KDM6A->-PIK3CA PIK3CA->-KDR,3,3,2.000000,2,,2.263753e-02
KDR->-KMT2A,2,1,2.000000,2,,2.500000e-01
FOXA1->-KMT2A FOXA1->-PIK3CA PIK3CA->-KMT2A,3,3,2.000000,2,,5.539530e-02
GPS2->-JAK2,2,1,2.000000,2,,2.500000e-01
EPHA5->-TP53,2,1,2.000000,2,,9.887866e-01
PIK3CA->-MYCN,2,1,2.000000,2,,2.500000e-01
PIK3CA->-SHQ1,2,1,2.000000,2,,1.904762e-01
GATA3->-HIST1H1C,2,1,2.000000,2,,2.500000e-01
GATA3->-NOTCH4 GATA3->-PIK3CA PIK3CA->-NOTCH4,3,3,2.000000,2,,8.333333e-03
GATA3->-DICER1,2,1,2.000000,2,,2.500000e-01
CDH1->-PIK3CA RAD52->-CDH1 RAD52->-PIK3CA,3,3,2.000000,2,,2.277778e-02
CDH1->-PIK3CA STK11->-CDH1 STK11->-PIK3CA,3,3,2.000000,2,,6.685730e-02
ARID1B->-GATA3,2,1,2.000000,2,,4.852941e-01
KDR->-GATA3,2,1,2.000000,2,,2.352941e-01
BLM->-GATA3,2,1,2.000000,2,,4.019608e-01
FAT1->-GATA3,2,1,2.000000,2,,8.513655e-01
MAP2K2->-KMT2C,2,1,2.000000,2,,2.344416e-01
STK11->-PTCH1,2,1,2.000000,2,,2.352941e-01
MGA->-KMT2A,2,1,2.000000,2,,4.881036e-01
TP53->-MALT1,2,1,2.000000,2,,1.666667e-01
MAP3K1->-ALK,2,1,2.000000,2,,5.855556e-01
MAP3K1->-KLF4,2,1,2.000000,2,,1.964286e-01
TBX3-/-ZFHX3,2,1,2.000000,2,,5.333333e-02
TP53->-CD79B,2,1,2.000000,2,,1.555556e-01
TP53->-PLCG2,2,1,2.000000,2,,1.120858e-01
TP53->-SMAD4,2,1,2.000000,2,,7.544643e-01
TBX3->-NCOA3,2,1,2.000000,2,,1.743659e-01
TBX3->-IKZF1,2,1,2.000000,2,,1.250000e-01
PTCH1->-PAK7 SOX9->-PAK7 SOX9->-PTCH1,3,3,2.000000,2,,2.747585e-02
PTCH1->-PAK7 TBX3->-PAK7 TBX3->-PTCH1,3,3,2.000000,2,,2.747585e-02
AKT1->-PTCH1,2,1,2.000000,2,,1.250000e-01
PIK3CA->-MEF2B,2,1,2.000000,2,,2.500000e-01
KDM5C->-MAP3K1,2,1,2.000000,2,,2.500000e-01
CBFB->-MEN1,2,1,2.000000,2,,2.500000e-01
GLI1->-GATA3,2,1,2.000000,2,,2.500000e-01
TP53->-FANCC,2,1,2.000000,2,,2.646465e-01
NOTCH3->-BLM TP53->-BLM TP53->-NOTCH3,3,3,2.000000,2,,1.190476e-02
GATA3->-AKT1,2,1,2.000000,2,,9.799805e-01
SPEN->-PTPRD,2,1,2.000000,2,,1.666667e-01
JAK1->-MDC1,2,1,2.000000,2,,2.149660e-01
MDC1->-TP53,2,1,2.000000,2,,9.443672e-01
RAD52->-BRCA1,2,1,2.000000,2,,1.513228e-01
MDC1->-CREBBP,2,1,2.000000,2,,4.967133e-01
KMT2A->-NOTCH1,2,1,2.000000,2,,2.476190e-01
CHEK2->-CREBBP,2,1,2.000000,2,,1.815873e-01
IDH1->-SETD2 TP53->-IDH1 TP53->-SETD2,3,3,2.000000,2,,2.596275e-02
BRCA2->-GATA3,2,1,2.000000,2,,6.482143e-01
BRCA2->-ARID2,2,1,2.000000,2,,2.142857e-01
KMT2C->-TNFAIP3,2,1,2.000000,2,,1.250000e-01
KMT2C->-ARID2,2,1,2.000000,2,,6.868207e-01
MDC1->-FAT1,2,1,2.000000,2,,1.904762e-01
GATA3->-TET1,2,1,2.000000,2,,1.666667e-01
CARD11->-ESR1 CARD11->-FAT1 ESR1->-FAT1,3,3,2.000000,2,,4.900260e-02
FAT1->-TET1,2,1,2.000000,2,,8.556735e-01
FOXA1->-PTEN,2,1,2.000000,2,,6.336212e-01
PTPRS->-PIK3CA STK11->-PIK3CA STK11->-PTPRS,3,3,2.000000,2,,1.319444e-02
PTPRS->-MGA STK11->-MGA STK11->-PTPRS,3,3,2.000000,2,,1.319444e-02
CDH1->-RUNX1 CDH1->-TBX3 RUNX1->-TBX3,3,3,2.000000,2,,1.319444e-01
ARAF->-PIK3CA,2,1,2.000000,2,,6.771459e-01
PIK3CG->-CDC73,2,1,2.000000,2,,1.215986e-01
KMT2D->-FLT3,2,1,2.000000,2,,2.500000e-01
NF1->-ARID2 PIK3CA->-ARID2 PIK3CA->-NF1,3,3,2.000000,2,,2.747585e-02
NF1->-FLT3,2,1,2.000000,2,,1.750000e-01
ARID1A->-ERBB3 TP53->-ARID1A TP53->-ERBB3,3,3,2.000000,2,,6.734007e-03
EP300->-TP53,2,1,2.000000,2,,9.916064e-01
NFE2L2->-GATA3,2,1,2.000000,2,,2.500000e-01
ARID1B->-NFE2L2,2,1,2.000000,2,,4.650997e-01
MAP2K4->-FAT1,2,1,2.000000,2,,4.671053e-01
PDGFRA->-ARID2,2,1,2.000000,2,,2.241848e-01
NF1->-EPHB1,2,1,2.000000,2,,2.047619e-01
PIK3R1->-EPHB1,2,1,2.000000,2,,2.500000e-01
PIK3R1->-NF1,2,1,2.000000,2,,8.934765e-01
ARID1B->-ROS1 TP53->-ARID1B TP53->-ROS1,3,3,2.000000,2,,9.920635e-03
EPHA5->-ALK TP53->-ALK TP53->-EPHA5,3,3,2.000000,2,,2.777778e-02
SPEN->-ALK,2,1,2.000000,2,,2.490942e-01
ARID1B->-ARID2 ARID1B->-IRS1 IRS1->-ARID2,3,3,2.000000,2,,2.747585e-02
AR->-ARID2 AR->-IRS1 IRS1->-ARID2,3,3,2.000000,2,,2.747585e-02
MAP3K1->-ATRX TP53->-ATRX TP53->-MAP3K1,3,3,2.000000,2,,1.805556e-02
MAP3K1->-ARID1B,2,1,2.000000,2,,5.842364e-01
MAP3K1->-PIK3R1,2,1,2.000000,2,,6.613248e-01
FAT1->-ARID1B TP53->-ARID1B TP53->-FAT1,3,3,2.000000,2,,6.685730e-02
FAT1->-IRS1,2,1,2.000000,2,,2.500000e-01
TET1->-SPEN TP53->-SPEN TP53->-TET1,3,3,2.000000,2,,2.777778e-02
NOTCH2->-FAT1,2,1,2.000000,2,,1.428571e-01
TP53->-STAT3,2,1,2.000000,2,,3.371795e-01
JAK3->-PIK3CA,2,1,2.000000,2,,8.753596e-01
BCOR->-PIK3CA,2,1,2.000000,2,,9.808967e-01
CDH1->-ERBB3 CDH1->-TBX3 TBX3->-ERBB3,3,3,2.000000,2,,2.777778e-02
TP53->-HIST1H3J,2,1,2.000000,2,,7.111111e-02
TP53->-HIST1H3C,2,1,2.000000,2,,1.696429e-01
NF1->-NBN,2,1,2.000000,2,,2.500000e-01
NF1->-STAG2,2,1,2.000000,2,,1.269841e-01
MAP2K4->-NF1 MAP2K4->-TET2 NF1->-TET2,3,3,2.000000,2,,1.039595e-02
RUNX1->-ARID1A,2,1,2.000000,2,,7.541667e-01
KMT2A->-CD79A,2,1,2.000000,2,,1.780303e-01
FGFR4->-CD79A,2,1,2.000000,2,,1.780303e-01
FGFR4->-GRIN2A,2,1,2.000000,2,,1.780303e-01
NOTCH3->-PALB2,2,1,2.000000,2,,2.500000e-01
PIK3R1->-EPHA7,2,1,2.000000,2,,2.371795e-01
NOTCH4->-EIF4A2,2,1,2.000000,2,,2.170330e-01
TMPRSS2->-TP53,2,1,2.000000,2,,1.083333e-01
TP53->-UPF1,2,1,2.000000,2,,2.860863e-01
ATRX->-KMT2C,2,1,2.000000,2,,1.937500e-01
IL7R->-KMT2C,2,1,2.000000,2,,1.667023e-01
KMT2D->-FLT1,2,1,2.000000,2,,1.681287e-01
PIK3CA->-BTK,2,1,2.000000,2,,4.583333e-01
ATM-/-HIST1H3J,2,1,2.000000,2,,5.090909e-02
MGA->-RB1,2,1,2.000000,2,,4.966931e-01
TBX3->-GRIN2A,2,1,2.000000,2,,2.500000e-01
AKT1->-ERBB4,2,1,2.000000,2,,1.250000e-01
KDM6A->-TP53,2,1,2.000000,2,,9.592868e-01
MAP3K1->-DDR2,2,1,2.000000,2,,1.868132e-01
BRCA2->-TBX3,2,1,2.000000,2,,6.964286e-01
RB1->-CDH1,2,1,2.000000,2,,9.099016e-01
RB1->-SPEN,2,1,2.000000,2,,2.750000e-01
FGFR4->-PTPRD,2,1,2.000000,2,,1.318182e-01
FGFR4->-ERBB3,2,1,2.000000,2,,1.318182e-01
PIK3CA->-FAM175A,2,1,2.000000,2,,3.287963e-01
CREBBP->-NUP93,2,1,2.000000,2,,3.660714e-01
TBX3->-ARID1A,2,1,2.000000,2,,6.949870e-01
CDH1->-CIC,2,1,2.000000,2,,1.365079e-01
ALK->-ARID1A TP53->-ALK TP53->-ARID1A,3,3,2.000000,2,,2.777778e-02
KRAS->-ALK,2,1,2.000000,2,,2.490942e-01
STK11->-ARID1A,2,1,2.000000,2,,5.000000e-01
IKZF1-/-TP53,2,1,2.000000,2,,1.310658e-01
ARID1A->-ESR1,2,1,2.000000,2,,9.737732e-01
NCOR1->-BCOR,2,1,2.000000,2,,5.000000e-01
BCOR->-RUNX1,2,1,2.000000,2,,2.500000e-01
SF3B1->-ARID1A,2,1,2.000000,2,,2.500000e-01
FANCA->-PIK3R1,2,1,2.000000,2,,1.864198e-01
FANCA->-PARP1,2,1,2.000000,2,,1.864198e-01
KMT2C->-TSC2 PTEN->-KMT2C PTEN->-TSC2,3,3,2.000000,2,,1.111974e-02
GATA3->-FGFR2,2,1,2.000000,2,,2.500000e-01
NOTCH3->-ALK,2,1,2.000000,2,,2.490942e-01
PTEN->-MSH2,2,1,2.000000,2,,2.500000e-01
MDC1->-KMT2C PIK3CA->-KMT2C PIK3CA->-MDC1,3,3,2.000000,2,,2.747585e-02
TSC2->-MAP3K1,2,1,2.000000,2,,4.727637e-01
GATA3->-KMT2D,2,1,2.000000,2,,6.764706e-01
PPP2R1A->-ARID1A,2,1,2.000000,2,,3.401515e-01
NF1->-ATR,2,1,2.000000,2,,4.217158e-01
KLF4->-ARID1A,2,1,2.000000,2,,2.083333e-01
ARID1A->-FLT4,2,1,2.000000,2,,3.000000e-01
HIST1H3I->-HNF1A ROS1->-HIST1H3I ROS1->-HNF1A,3,3,2.000000,2,,2.672636e-02
HIST1H3I->-HNF1A PIK3CA->-HIST1H3I PIK3CA->-HNF1A,3,3,2.000000,2,,2.672636e-02
SETD2->-BCOR,2,1,2.000000,2,,2.466931e-01
PTCH1->-KMT2D,2,1,2.000000,2,,4.819872e-01
PIK3CA->-ARID2 PIK3CA->-PTCH1 PTCH1->-ARID2,3,3,2.000000,2,,2.643586e-02
PIK3CA->-GLI1 PIK3CA->-PTCH1 PTCH1->-GLI1,3,3,2.000000,2,,2.643586e-02
PIK3CA->-ATR PIK3CA->-PTCH1 PTCH1->-ATR,3,3,2.000000,2,,2.643586e-02
PIK3CA->-BCOR PIK3CA->-PTCH1 PTCH1->-BCOR,3,3,2.000000,2,,2.672636e-02
KMT2D->-BCOR,2,1,2.000000,2,,4.966931e-01
PTPRT->-BCOR,2,1,2.000000,2,,2.466931e-01
KMT2D->-ARID1A TP53->-ARID1A TP53->-KMT2D,3,3,2.000000,2,,7.232171e-02
ATRX->-RB1,2,1,2.000000,2,,6.426463e-01
HIST1H3I->-GATA3 PIK3CA->-GATA3 PIK3CA->-HIST1H3I,3,3,2.000000,2,,2.777778e-02
LATS2->-GATA3,2,1,2.000000,2,,2.500000e-01
ERBB2->-PIK3CA KMT2C->-ERBB2 KMT2C->-PIK3CA,3,3,2.000000,2,,1.445567e-01
PIK3CA->-ALOX12B,2,1,2.000000,2,,2.500000e-01
IRS1->-PTCH1,2,1,2.000000,2,,2.490942e-01
AR->-KMT2A AR->-PIK3CA PIK3CA->-KMT2A,3,3,2.000000,2,,2.747585e-02
AR->-KMT2A AR->-PDGFRA AR->-PTPRS PDGFRA->-KMT2A PDGFRA->-PTPRS PTPRS->-KMT2A,4,6,2.000000,2,,1.698370e-03
KMT2C->-PDGFRA,2,1,2.000000,2,,2.490942e-01
ERBB2->-PDGFRA,2,1,2.000000,2,,2.490942e-01
CDH1->-ERBB2 CDH1->-PTPRS ERBB2->-PTPRS,3,3,2.000000,2,,2.747585e-02
KMT2C->-GLI1,2,1,2.000000,2,,4.359074e-01
PIK3CA->-AXIN1,2,1,2.000000,2,,1.400000e-01
PALB2->-PIK3CA,2,1,2.000000,2,,7.635794e-01
GATA3-/-SPEN,2,1,2.000000,2,,1.154113e-01
STAG2->-MAP3K1,2,1,2.000000,2,,5.000000e-01
RB1->-PTPRD TP53->-PTPRD TP53->-RB1,3,3,2.000000,2,,1.111111e-02
CBFB->-SF3B1,2,1,2.000000,2,,1.964286e-01
MDC1->-RAD54L PIK3CA->-MDC1 PIK3CA->-RAD54L,3,3,2.000000,2,,1.727053e-02
PIK3CB->-RAD54L,2,1,2.000000,2,,4.029762e-01
CDH1->-MGA,2,1,2.000000,2,,1.666667e-01
PTEN->-INPPL1,2,1,2.000000,2,,5.000000e-01
KMT2B->-KMT2A,2,1,2.000000,2,,2.500000e-01
KMT2D->-FOXP1,2,1,2.000000,2,,4.990119e-01
ARID1A->-ALK,2,1,2.000000,2,,6.868207e-01
FLT4-/-NOTCH4 TP53->-FLT4 TP53->-NOTCH4,3,3,2.000000,2,,1.142857e-02
AKT1->-SPEN,2,1,2.000000,2,,2.678571e-01
MAP3K1->-RUNX1,2,1,2.000000,2,,7.319444e-01
LATS1->-TP53,2,1,2.000000,2,,7.750000e-01
JAK1->-PDGFRB,2,1,2.000000,2,,1.860283e-01
TP53->-EED,2,1,2.000000,2,,1.085165e-01
MDC1->-APC NOTCH4->-APC NOTCH4->-MDC1,3,3,2.000000,2,,2.158816e-02
TP53->-PARK2,2,1,2.000000,2,,5.059524e-02
RB1->-HIST1H3G,2,1,2.000000,2,,2.500000e-01
CDKN1B->-ESR1 CDKN1B->-PIK3CA ESR1->-PIK3CA,3,3,2.000000,2,,2.777778e-02
TP53->-EGFL7,2,1,2.000000,2,,1.250000e-01
KMT2B->-PIK3CA,2,1,2.000000,2,,5.000000e-01
KMT2B->-PTPRS,2,1,2.000000,2,,2.500000e-01
PIK3R1->-MAP3K1,2,1,2.000000,2,,6.613248e-01
CDH1->-PIK3CA CDH1->-XPO1 PIK3CA->-XPO1,3,3,2.000000,2,,2.747585e-02
ARID1A->-XPO1,2,1,2.000000,2,,2.490942e-01
FANCA->-MED12,2,1,2.000000,2,,2.150997e-01
LATS1->-PIK3CA,2,1,2.000000,2,,6.197917e-01
ERBB3->-ARID2,2,1,2.000000,2,,4.368132e-01
