pattern,n_nodes,n_edges,s_exp,s_theta,pval_exp,pval_theta
CDH1->-PIK3CA,2,1,100.000000,100,1.233699e-11,
TP53->-PIK3CA,2,1,84.000000,84,3.041416e-02,
PIK3CA->-TP53,2,1,67.000000,67,8.110411e-01,
MAP3K1->-PIK3CA,2,1,48.000000,48,3.889219e-02,
PIK3CA->-GATA3,2,1,39.000000,39,4.191265e-01,
TP53->-PTEN,2,1,38.000000,38,3.459605e-05,
GATA3->-PIK3CA,2,1,36.000000,36,6.810782e-01,
PIK3CA->-KMT2C,2,1,34.000000,34,2.555966e-02,
PIK3CA->-MAP3K1,2,1,34.000000,34,9.087355e-01,
CBFB->-PIK3CA,2,1,33.000000,33,2.998681e-06,
TP53->-KMT2C,2,1,29.000000,29,6.400275e-05,
PIK3CA->-KMT2C TP53->-KMT2C TP53->-PIK3CA,3,3,5.000000,5,4.575452e-02,
PIK3CA->-KMT2C PIK3CA->-TP53 TP53->-KMT2C,3,3,3.000000,3,3.516673e-01,
PIK3CA->-CDH1,2,1,28.000000,28,1.000000e+00,
PIK3CA->-FOXA1,2,1,27.000000,27,5.593303e-03,
PIK3CA->-ESR1,2,1,27.000000,27,5.500439e-02,
TP53->-NF1,2,1,27.000000,27,4.753787e-03,
CDH1->-TP53,2,1,26.000000,26,8.472745e-02,
CDH1->-PIK3CA CDH1->-TP53 TP53->-PIK3CA,3,3,2.000000,2,6.198066e-01,
TP53->-MAP3K1,2,1,25.000000,25,3.420455e-05,
MAP3K1->-PIK3CA TP53->-MAP3K1 TP53->-PIK3CA,3,3,3.000000,3,1.610246e-01,
PIK3CA->-MAP3K1 TP53->-MAP3K1 TP53->-PIK3CA,3,3,2.000000,2,4.297835e-01,
PIK3CA->-MAP3K1 PIK3CA->-TP53 TP53->-MAP3K1,3,3,2.000000,2,4.297835e-01,
TP53->-KMT2D,2,1,24.000000,24,4.607757e-06,
CDH1->-KMT2C,2,1,23.000000,23,5.091027e-04,
CDH1->-KMT2C CDH1->-PIK3CA PIK3CA->-KMT2C,3,3,7.000000,7,3.949907e-03,
CDH1->-KMT2C CDH1->-TP53 TP53->-KMT2C,3,3,2.000000,2,3.346760e-01,
KMT2C->-PIK3CA,2,1,21.000000,21,9.411928e-01,
KMT2C->-PIK3CA TP53->-KMT2C TP53->-PIK3CA,3,3,3.000000,3,3.516673e-01,
CDH1->-KMT2C CDH1->-PIK3CA KMT2C->-PIK3CA,3,3,5.000000,5,6.595902e-02,
TP53->-RB1,2,1,21.000000,21,5.828889e-03,
CBFB->-GATA3,2,1,21.000000,21,3.204925e-04,
CBFB->-GATA3 CBFB->-PIK3CA PIK3CA->-GATA3,3,3,5.000000,5,7.357876e-02,
CBFB->-GATA3 CBFB->-PIK3CA GATA3->-PIK3CA,3,3,6.000000,6,2.102627e-02,
PIK3CA->-ARID1A,2,1,20.000000,20,2.609813e-01,
CDH1->-MAP3K1,2,1,19.000000,19,8.454853e-04,
CDH1->-MAP3K1 CDH1->-PIK3CA MAP3K1->-PIK3CA,3,3,4.000000,4,2.153188e-01,
CDH1->-MAP3K1 CDH1->-PIK3CA PIK3CA->-MAP3K1,3,3,8.000000,8,1.013056e-03,
CDH1->-MAP3K1 CDH1->-TP53 TP53->-MAP3K1,3,3,3.000000,3,1.620370e-02,
PIK3CA->-SF3B1,2,1,19.000000,19,1.186795e-05,
CDH1->-ERBB2,2,1,19.000000,19,5.727964e-02,
PIK3CA->-FAT1,2,1,19.000000,19,1.427603e-03,
AKT1->-TP53,2,1,19.000000,19,6.956477e-05,
TP53->-NCOR1,2,1,19.000000,19,1.467454e-02,
TP53->-CDH1,2,1,19.000000,19,7.678770e-01,
CDH1->-PIK3CA TP53->-CDH1 TP53->-PIK3CA,3,3,5.000000,5,3.858859e-02,
CDH1->-KMT2C TP53->-CDH1 TP53->-KMT2C,3,3,2.000000,2,3.346760e-01,
CDH1->-FOXA1,2,1,18.000000,18,3.670073e-03,
CDH1->-FOXA1 CDH1->-PIK3CA PIK3CA->-FOXA1,3,3,8.000000,8,3.450441e-04,
TP53->-ARID1A,2,1,18.000000,18,4.811119e-04,
PIK3CA->-ARID1A TP53->-ARID1A TP53->-PIK3CA,3,3,2.000000,2,2.991355e-01,
PIK3CA->-ARID1A PIK3CA->-TP53 TP53->-ARID1A,3,3,3.000000,3,8.070997e-02,
CDH1->-TBX3,2,1,18.000000,18,2.407255e-02,
TP53->-FAT1,2,1,18.000000,18,2.411934e-04,
PIK3CA->-FAT1 TP53->-FAT1 TP53->-PIK3CA,3,3,4.000000,4,4.258341e-02,
PIK3CA->-FAT1 PIK3CA->-TP53 TP53->-FAT1,3,3,3.000000,3,1.645093e-01,
PIK3CA->-RUNX1,2,1,18.000000,18,4.084325e-02,
PIK3CA->-NCOR1,2,1,18.000000,18,3.447796e-01,
PIK3CA->-NCOR1 TP53->-NCOR1 TP53->-PIK3CA,3,3,2.000000,2,4.009237e-01,
CDH1->-ARID1A,2,1,17.000000,17,2.793271e-03,
CDH1->-ARID1A CDH1->-PIK3CA PIK3CA->-ARID1A,3,3,4.000000,4,1.854219e-01,
CDH1->-ARID1A PIK3CA->-ARID1A PIK3CA->-CDH1,3,3,2.000000,2,6.927892e-01,
CDH1->-ARID1A CDH1->-TP53 TP53->-ARID1A,3,3,2.000000,2,1.196689e-01,
TBX3->-PIK3CA,2,1,17.000000,17,2.560743e-01,
CDH1->-PIK3CA CDH1->-TBX3 TBX3->-PIK3CA,3,3,5.000000,5,5.166207e-02,
TP53->-GATA3,2,1,17.000000,17,2.712809e-02,
PIK3CA->-GATA3 TP53->-GATA3 TP53->-PIK3CA,3,3,2.000000,2,3.853712e-01,
PIK3CA->-GATA3 PIK3CA->-TP53 TP53->-GATA3,3,3,3.000000,3,1.320543e-01,
ESR1->-PIK3CA,2,1,16.000000,16,9.553877e-01,
NCOR1->-PIK3CA,2,1,16.000000,16,6.135763e-01,
NCOR1->-PIK3CA TP53->-NCOR1 TP53->-PIK3CA,3,3,3.000000,3,1.400298e-01,
MAP2K4->-PIK3CA,2,1,16.000000,16,1.628534e-01,
ARID1A->-PIK3CA,2,1,15.000000,15,8.455801e-01,
ARID1A->-PIK3CA CDH1->-ARID1A CDH1->-PIK3CA,3,3,6.000000,6,1.796272e-02,
PIK3CA->-KMT2D,2,1,15.000000,15,1.263088e-02,
PIK3CA->-KMT2D TP53->-KMT2D TP53->-PIK3CA,3,3,4.000000,4,8.143376e-02,
PIK3CA->-KMT2D PIK3CA->-TP53 TP53->-KMT2D,3,3,5.000000,5,1.962545e-02,
CDH1->-RUNX1,2,1,15.000000,15,7.155777e-02,
CDH1->-PIK3CA CDH1->-RUNX1 PIK3CA->-RUNX1,3,3,4.000000,4,8.342963e-02,
CDH1->-RUNX1 PIK3CA->-CDH1 PIK3CA->-RUNX1,3,3,2.000000,2,5.415330e-01,
TP53->-ARID2,2,1,15.000000,15,3.740182e-06,
TP53->-PIK3R1,2,1,15.000000,15,1.246258e-02,
CDH1->-NCOR1,2,1,15.000000,15,1.861782e-02,
CDH1->-NCOR1 TP53->-CDH1 TP53->-NCOR1,3,3,2.000000,2,3.720663e-01,
CDH1->-NCOR1 CDH1->-PIK3CA PIK3CA->-NCOR1,3,3,3.000000,3,2.068639e-01,
CDH1->-NCOR1 CDH1->-PIK3CA NCOR1->-PIK3CA,3,3,4.000000,4,6.139969e-02,
TP53->-RUNX1,2,1,14.000000,14,2.228541e-02,
PIK3CA->-RUNX1 PIK3CA->-TP53 TP53->-RUNX1,3,3,2.000000,2,1.962449e-01,
CDH1->-RUNX1 CDH1->-TP53 TP53->-RUNX1,3,3,2.000000,2,7.407407e-02,
TP53->-ATR,2,1,14.000000,14,2.339699e-03,
PIK3CA->-TBX3,2,1,14.000000,14,6.615089e-01,
CDH1->-PIK3CA CDH1->-TBX3 PIK3CA->-TBX3,3,3,3.000000,3,3.691632e-01,
TP53->-PTPRD,2,1,14.000000,14,4.868222e-05,
TP53->-BRCA2,2,1,13.000000,13,1.713522e-03,
CDH1->-ESR1,2,1,13.000000,13,7.094472e-02,
CDH1->-ESR1 CDH1->-PIK3CA PIK3CA->-ESR1,3,3,4.000000,4,8.701989e-03,
TP53->-KMT2A,2,1,13.000000,13,1.701969e-04,
PIK3CA->-PTEN,2,1,13.000000,13,4.197044e-01,
PIK3CA->-PTEN TP53->-PIK3CA TP53->-PTEN,3,3,2.000000,2,4.829571e-01,
PIK3CA->-PTEN PIK3CA->-TP53 TP53->-PTEN,3,3,6.000000,6,1.718090e-03,
MEN1->-GATA3,2,1,12.000000,12,2.441406e-04,
TP53->-NSD1,2,1,12.000000,12,8.618040e-04,
PTEN->-TP53,2,1,12.000000,12,9.998351e-01,
TP53->-CREBBP,2,1,12.000000,12,1.263203e-02,
PIK3CA->-SPEN,2,1,12.000000,12,7.120335e-02,
MAP3K1->-GATA3,2,1,12.000000,12,4.439773e-01,
GATA3->-PIK3CA MAP3K1->-GATA3 MAP3K1->-PIK3CA,3,3,5.000000,5,8.934986e-02,
MAP3K1->-GATA3 PIK3CA->-GATA3 PIK3CA->-MAP3K1,3,3,2.000000,2,7.377040e-01,
PIK3CA->-ATR,2,1,12.000000,12,2.961799e-02,
PIK3CA->-ATR PIK3CA->-TP53 TP53->-ATR,3,3,3.000000,3,7.845850e-02,
TP53->-TBX3,2,1,12.000000,12,4.734253e-02,
CDH1->-CBFB,2,1,12.000000,12,1.695251e-01,
CBFB->-PIK3CA CDH1->-CBFB CDH1->-PIK3CA,3,3,5.000000,5,8.950062e-03,
PTEN->-PIK3CA,2,1,12.000000,12,5.765732e-01,
PTEN->-PIK3CA TP53->-PIK3CA TP53->-PTEN,3,3,2.000000,2,4.829571e-01,
TP53->-ALK,2,1,12.000000,12,6.987847e-05,
TP53->-STAG2,2,1,12.000000,12,1.510949e-02,
NF1->-TP53,2,1,12.000000,12,9.890348e-01,
NF1->-PIK3CA,2,1,12.000000,12,3.503000e-01,
NF1->-PIK3CA TP53->-NF1 TP53->-PIK3CA,3,3,3.000000,3,3.158765e-01,
NF1->-PIK3CA NF1->-TP53 TP53->-PIK3CA,3,3,4.000000,4,1.217284e-01,
TP53->-FLT4,2,1,12.000000,12,6.964939e-05,
TP53->-APC,2,1,12.000000,12,5.362676e-04,
PIK3CA->-RICTOR,2,1,11.000000,11,2.157188e-03,
TP53->-FOXA1,2,1,11.000000,11,7.564649e-02,
PIK3CA->-FOXA1 TP53->-FOXA1 TP53->-PIK3CA,3,3,3.000000,3,1.231255e-01,
PIK3CA->-FOXA1 PIK3CA->-TP53 TP53->-FOXA1,3,3,2.000000,2,3.757874e-01,
CDH1->-FOXA1 TP53->-CDH1 TP53->-FOXA1,3,3,2.000000,2,1.780264e-01,
PIK3CA->-RB1,2,1,11.000000,11,2.397524e-01,
PIK3CA->-RB1 TP53->-PIK3CA TP53->-RB1,3,3,2.000000,2,3.938323e-01,
PIK3CA->-RB1 PIK3CA->-TP53 TP53->-RB1,3,3,4.000000,4,3.035825e-02,
TP53->-CDKN2A,2,1,11.000000,11,1.831733e-02,
TP53->-PTPRS,2,1,11.000000,11,6.147204e-05,
TP53->-ERBB3,2,1,11.000000,11,6.962128e-05,
TP53->-ATM,2,1,11.000000,11,1.447457e-03,
TP53->-ESR1,2,1,11.000000,11,8.829176e-03,
TP53->-EP300,2,1,11.000000,11,3.465932e-03,
TP53->-NOTCH4,2,1,11.000000,11,1.842987e-05,
GATA3->-MAP3K1,2,1,11.000000,11,6.088150e-01,
GATA3->-MAP3K1 GATA3->-PIK3CA MAP3K1->-PIK3CA,3,3,3.000000,3,4.650128e-01,
GATA3->-MAP3K1 GATA3->-PIK3CA PIK3CA->-MAP3K1,3,3,4.000000,4,2.299757e-01,
ESR1->-GATA3,2,1,11.000000,11,1.791868e-01,
ESR1->-GATA3 PIK3CA->-ESR1 PIK3CA->-GATA3,3,3,3.000000,3,1.457001e-01,
PIK3CA->-ATM,2,1,11.000000,11,2.565617e-01,
PIK3CA->-ATM PIK3CA->-TP53 TP53->-ATM,3,3,3.000000,3,6.174983e-02,
FOXA1->-PIK3CA,2,1,11.000000,11,9.963674e-01,
CDH1->-FOXA1 CDH1->-PIK3CA FOXA1->-PIK3CA,3,3,3.000000,3,3.719227e-01,
TP53->-MED12,2,1,11.000000,11,3.181899e-03,
TP53->-FBXW7,2,1,11.000000,11,6.332799e-03,
TP53->-SETD2,2,1,11.000000,11,1.502647e-04,
PIK3CA->-PTPRT,2,1,11.000000,11,1.983601e-02,
CDH1->-PTEN,2,1,10.000000,10,3.662009e-01,
KMT2C->-MAP3K1,2,1,10.000000,10,3.313896e-01,
KMT2C->-MAP3K1 PIK3CA->-KMT2C PIK3CA->-MAP3K1,3,3,4.000000,4,1.530957e-01,
KMT2C->-MAP3K1 KMT2C->-PIK3CA MAP3K1->-PIK3CA,3,3,3.000000,3,3.626310e-01,
TP53->-ATRX,2,1,10.000000,10,1.750859e-03,
PIK3CA->-MAP2K4,2,1,10.000000,10,9.108109e-01,
TP53->-CARD11,2,1,10.000000,10,6.457364e-03,
TP53->-NOTCH2,2,1,10.000000,10,9.029762e-04,
PIK3CA->-CREBBP,2,1,10.000000,10,1.072817e-01,
PIK3CA->-CREBBP TP53->-CREBBP TP53->-PIK3CA,3,3,3.000000,3,2.869559e-02,
PIK3CA->-NOTCH4,2,1,10.000000,10,3.378197e-02,
PIK3CA->-NOTCH4 PIK3CA->-TP53 TP53->-NOTCH4,3,3,4.000000,4,1.935553e-03,
GATA3->-ARID1A,2,1,10.000000,10,4.891135e-01,
GATA3->-ARID1A PIK3CA->-ARID1A PIK3CA->-GATA3,3,3,2.000000,2,3.399719e-01,
GATA3->-ARID1A GATA3->-PIK3CA PIK3CA->-ARID1A,3,3,3.000000,3,1.016362e-01,
TP53->-MAP2K4,2,1,10.000000,10,2.324879e-01,
CDH1->-GATA3,2,1,10.000000,10,1.405193e-02,
CDH1->-GATA3 CDH1->-PIK3CA PIK3CA->-GATA3,3,3,4.000000,4,1.963437e-02,
CDH1->-GATA3 PIK3CA->-CDH1 PIK3CA->-GATA3,3,3,2.000000,2,3.345636e-01,
CDH1->-ESR1 CDH1->-GATA3 ESR1->-GATA3,3,3,3.000000,3,4.629630e-03,
CDH1->-ESR1 CDH1->-GATA3 CDH1->-PIK3CA ESR1->-GATA3 PIK3CA->-ESR1 PIK3CA->-GATA3,4,6,2.000000,2,1.736111e-03,
ERBB2->-CDH1,2,1,10.000000,10,9.600967e-01,
TP53->-ARID1B,2,1,10.000000,10,3.795433e-02,
TP53->-ARID5B,2,1,10.000000,10,3.180365e-04,
TP53->-EPHA5,2,1,10.000000,10,1.285087e-02,
TP53->-BARD1,2,1,10.000000,10,1.796344e-04,
TP53->-PTPRT,2,1,10.000000,10,2.784146e-03,
PIK3CA->-PTPRT TP53->-PIK3CA TP53->-PTPRT,3,3,3.000000,3,9.058264e-02,
PIK3CA->-PTPRT PIK3CA->-TP53 TP53->-PTPRT,3,3,4.000000,4,1.715650e-02,
PIK3CA->-KMT2A,2,1,10.000000,10,7.181768e-02,
PIK3CA->-KMT2A TP53->-KMT2A TP53->-PIK3CA,3,3,3.000000,3,2.777778e-02,
PIK3CA->-NF1,2,1,9.000000,9,8.161941e-01,
PIK3CA->-NF1 TP53->-NF1 TP53->-PIK3CA,3,3,2.000000,2,6.111945e-01,
PIK3CA->-NF1 PIK3CA->-TP53 TP53->-NF1,3,3,2.000000,2,6.111945e-01,
KMT2C->-GATA3,2,1,9.000000,9,2.547826e-01,
KMT2C->-GATA3 KMT2C->-PIK3CA PIK3CA->-GATA3,3,3,2.000000,2,3.222256e-01,
TP53->-EPHB1,2,1,9.000000,9,1.590891e-03,
MAP3K1->-KMT2C,2,1,9.000000,9,5.105491e-01,
MAP3K1->-KMT2C MAP3K1->-PIK3CA PIK3CA->-KMT2C,3,3,3.000000,3,3.626310e-01,
MAP3K1->-KMT2C PIK3CA->-KMT2C PIK3CA->-MAP3K1,3,3,2.000000,2,6.536672e-01,
MAP3K1->-KMT2C TP53->-KMT2C TP53->-MAP3K1,3,3,2.000000,2,6.510542e-02,
KMT2C->-PIK3CA MAP3K1->-KMT2C MAP3K1->-PIK3CA,3,3,2.000000,2,6.536672e-01,
ARID1A->-GATA3,2,1,9.000000,9,6.639468e-01,
ARID1A->-GATA3 ARID1A->-PIK3CA PIK3CA->-GATA3,3,3,2.000000,2,3.399719e-01,
AKT1->-CDH1,2,1,9.000000,9,4.346004e-01,
AKT1->-CDH1 AKT1->-TP53 CDH1->-TP53,3,3,3.000000,3,2.584877e-02,
PIK3CA->-ARID2,2,1,9.000000,9,4.084319e-02,
PIK3CA->-ARID2 PIK3CA->-TP53 TP53->-ARID2,3,3,4.000000,4,4.666171e-03,
CDH1->-MAP2K4,2,1,9.000000,9,3.353499e-02,
CDH1->-MAP2K4 PIK3CA->-CDH1 PIK3CA->-MAP2K4,3,3,2.000000,2,2.412475e-01,
CDH1->-MAP2K4 CDH1->-TP53 TP53->-MAP2K4,3,3,2.000000,2,4.270319e-02,
CDH1->-CDK12 CDH1->-TP53 TP53->-CDK12,3,3,2.000000,2,6.635802e-03,
PTEN->-NF1,2,1,9.000000,9,2.778320e-02,
PTEN->-NF1 TP53->-NF1 TP53->-PTEN,3,3,5.000000,5,8.588289e-03,
PTEN->-NF1 PTEN->-TP53 TP53->-NF1,3,3,3.000000,3,1.746419e-01,
PTEN->-KMT2C,2,1,9.000000,9,4.696678e-03,
PTEN->-KMT2C TP53->-KMT2C TP53->-PTEN,3,3,3.000000,3,1.620370e-02,
MEN1->-PIK3CA,2,1,9.000000,9,3.709790e-02,
AKT1->-GATA3,2,1,9.000000,9,2.183315e-02,
TBX3->-CDH1,2,1,9.000000,9,9.388167e-01,
CDH1->-PIK3CA TBX3->-CDH1 TBX3->-PIK3CA,3,3,3.000000,3,3.691632e-01,
TP53->-ZFHX3,2,1,9.000000,9,3.532079e-02,
PIK3CA->-PTPRD,2,1,9.000000,9,4.648001e-04,
PIK3CA->-PTPRD TP53->-PIK3CA TP53->-PTPRD,3,3,2.000000,2,3.089482e-02,
PIK3CA->-FLT4,2,1,9.000000,9,5.009681e-02,
PIK3CA->-FLT4 PIK3CA->-TP53 TP53->-FLT4,3,3,2.000000,2,9.755136e-02,
TP53->-ERCC5,2,1,9.000000,9,9.789738e-04,
TP53->-SF3B1,2,1,9.000000,9,1.128472e-03,
PIK3CA->-SF3B1 TP53->-PIK3CA TP53->-SF3B1,3,3,2.000000,2,2.632245e-01,
PIK3CA->-SF3B1 PIK3CA->-TP53 TP53->-SF3B1,3,3,4.000000,4,8.701989e-03,
PIK3CA->-MED12,2,1,9.000000,9,3.709494e-02,
PIK3CA->-MED12 TP53->-MED12 TP53->-PIK3CA,3,3,2.000000,2,1.241939e-01,
PIK3CA->-MED12 PIK3CA->-TP53 TP53->-MED12,3,3,2.000000,2,1.241939e-01,
PIK3CA->-POLE,2,1,9.000000,9,3.995869e-03,
ERBB2->-PIK3CA,2,1,9.000000,9,4.983700e-01,
CDH1->-ERBB2 CDH1->-PIK3CA ERBB2->-PIK3CA,3,3,4.000000,4,7.149569e-02,
TP53->-POLE,2,1,9.000000,9,4.242041e-04,
PIK3CA->-POLE PIK3CA->-TP53 TP53->-POLE,3,3,5.000000,5,1.783080e-04,
TP53->-TET2,2,1,9.000000,9,1.101577e-03,
TP53->-SPEN,2,1,9.000000,9,9.005532e-02,
PIK3CA->-SPEN PIK3CA->-TP53 TP53->-SPEN,3,3,3.000000,3,2.453704e-02,
ATM->-PIK3CA,2,1,8.000000,8,7.610618e-01,
FOXA1->-MAP3K1,2,1,8.000000,8,1.254305e-01,
FOXA1->-MAP3K1 PIK3CA->-FOXA1 PIK3CA->-MAP3K1,3,3,3.000000,3,1.277272e-01,
CDH1->-FOXA1 CDH1->-MAP3K1 CDH1->-PIK3CA FOXA1->-MAP3K1 PIK3CA->-FOXA1 PIK3CA->-MAP3K1,4,6,2.000000,2,5.063657e-03,
FOXA1->-MAP3K1 TP53->-FOXA1 TP53->-MAP3K1,3,3,4.000000,4,2.174523e-03,
FOXA1->-MAP3K1 FOXA1->-PIK3CA PIK3CA->-MAP3K1,3,3,2.000000,2,3.818031e-01,
PIK3CA->-ERBB2,2,1,8.000000,8,6.809114e-01,
CDH1->-ERBB2 CDH1->-PIK3CA PIK3CA->-ERBB2,3,3,4.000000,4,7.149569e-02,
PIK3CA->-ZFHX3,2,1,8.000000,8,3.174803e-01,
TP53->-TSC2,2,1,8.000000,8,5.758397e-02,
TP53->-ROS1,2,1,8.000000,8,1.140887e-01,
TP53->-RICTOR,2,1,8.000000,8,3.050742e-03,
CDH1->-AKT1,2,1,8.000000,8,6.258089e-01,
TP53->-ANKRD11,2,1,8.000000,8,1.227714e-02,
CDH1->-BRCA2,2,1,8.000000,8,1.296621e-01,
CDH1->-BRCA2 TP53->-BRCA2 TP53->-CDH1,3,3,2.000000,2,4.320988e-02,
PTEN->-CDH1,2,1,8.000000,8,7.259748e-01,
CDH1->-TP53 PTEN->-CDH1 PTEN->-TP53,3,3,2.000000,2,6.095679e-02,
CDH1->-SPEN,2,1,8.000000,8,6.674479e-02,
CDH1->-PIK3CA CDH1->-SPEN PIK3CA->-SPEN,3,3,2.000000,2,7.407407e-02,
PIK3CA->-PTCH1,2,1,8.000000,8,1.132985e-02,
NCOR1->-TP53,2,1,8.000000,8,9.831119e-01,
NCOR1->-TP53 PIK3CA->-NCOR1 PIK3CA->-TP53,3,3,2.000000,2,4.009237e-01,
CDH1->-NCOR1 CDH1->-TP53 NCOR1->-TP53,3,3,2.000000,2,3.720663e-01,
PTEN->-MAP3K1,2,1,8.000000,8,6.066373e-02,
PTEN->-MAP3K1 TP53->-MAP3K1 TP53->-PTEN,3,3,2.000000,2,1.319444e-01,
MAP3K1->-PIK3CA PTEN->-MAP3K1 PTEN->-PIK3CA,3,3,2.000000,2,1.990741e-02,
CDH1->-MAP3K1 CDH1->-NF1 NF1->-MAP3K1 PTEN->-CDH1 PTEN->-MAP3K1 PTEN->-NF1,4,6,2.000000,2,1.736111e-03,
RUNX1->-PIK3CA,2,1,8.000000,8,9.848927e-01,
CDH1->-CREBBP,2,1,8.000000,8,7.602530e-02,
CDH1->-CREBBP CDH1->-PIK3CA PIK3CA->-CREBBP,3,3,4.000000,4,1.636140e-02,
KMT2C->-TP53,2,1,8.000000,8,9.994611e-01,
RB1->-TP53,2,1,8.000000,8,9.919134e-01,
TP53->-BAP1,2,1,8.000000,8,9.210859e-03,
RUNX1->-CDH1,2,1,8.000000,8,9.312433e-01,
CDH1->-PIK3CA RUNX1->-CDH1 RUNX1->-PIK3CA,3,3,2.000000,2,5.415330e-01,
PIK3CA->-CDH1 RUNX1->-CDH1 RUNX1->-PIK3CA,3,3,2.000000,2,5.415330e-01,
CBFB->-MAP3K1,2,1,8.000000,8,4.531250e-02,
CBFB->-MAP3K1 CBFB->-PIK3CA MAP3K1->-PIK3CA,3,3,6.000000,6,2.848865e-04,
CBFB->-GATA3 CBFB->-MAP3K1 MAP3K1->-GATA3,3,3,2.000000,2,1.319444e-01,
CDH1->-NF1,2,1,8.000000,8,2.516429e-01,
CDH1->-NF1 CDH1->-PIK3CA PIK3CA->-NF1,3,3,3.000000,3,1.389457e-01,
PIK3CA->-MGA,2,1,8.000000,8,3.165669e-01,
TP53->-BRCA1,2,1,8.000000,8,2.619358e-02,
CDH1->-PTPRD,2,1,8.000000,8,6.337746e-03,
CDH1->-PTPRD CDH1->-TP53 TP53->-PTPRD,3,3,2.000000,2,1.691352e-01,
CDH1->-PTPRD TP53->-CDH1 TP53->-PTPRD,3,3,3.000000,3,2.852006e-02,
CDH1->-PIK3CA CDH1->-PTPRD PIK3CA->-PTPRD,3,3,2.000000,2,1.200029e-01,
CDH1->-PTPRD PIK3CA->-CDH1 PIK3CA->-PTPRD,3,3,2.000000,2,1.200029e-01,
CDH1->-APC,2,1,8.000000,8,3.869048e-03,
TP53->-NOTCH1,2,1,8.000000,8,3.142538e-03,
ESR1->-ARID1A,2,1,7.000000,7,8.795675e-02,
ESR1->-ARID1A PIK3CA->-ARID1A PIK3CA->-ESR1,3,3,3.000000,3,8.209650e-03,
PIK3CA->-CARD11,2,1,7.000000,7,4.665169e-03,
PIK3CA->-CARD11 TP53->-CARD11 TP53->-PIK3CA,3,3,2.000000,2,1.131826e-01,
APC->-ATR APC->-MGA MGA->-ATR PIK3CA->-APC PIK3CA->-ATR PIK3CA->-MGA PIK3CA->-TP53 TP53->-APC TP53->-ATR TP53->-MGA,5,10,2.000000,2,3.843163e-04,
APC->-KMT2D APC->-MGA MGA->-KMT2D PIK3CA->-APC PIK3CA->-KMT2D PIK3CA->-MGA PIK3CA->-TP53 TP53->-APC TP53->-KMT2D TP53->-MGA,5,10,2.000000,2,4.379651e-04,
APC->-CARD11 APC->-MGA MGA->-CARD11 PIK3CA->-APC PIK3CA->-CARD11 PIK3CA->-MGA PIK3CA->-TP53 TP53->-APC TP53->-CARD11 TP53->-MGA,5,10,2.000000,2,3.820949e-04,
APC->-ARID2 APC->-MGA MGA->-ARID2 PIK3CA->-APC PIK3CA->-ARID2 PIK3CA->-MGA PIK3CA->-TP53 TP53->-APC TP53->-ARID2 TP53->-MGA,5,10,2.000000,2,4.134177e-04,
GATA3->-TP53,2,1,7.000000,7,9.825543e-01,
TP53->-DNMT1,2,1,7.000000,7,2.110043e-03,
CDH1->-KMT2D,2,1,7.000000,7,2.865349e-02,
CDH1->-KMT2D CDH1->-PIK3CA PIK3CA->-KMT2D,3,3,2.000000,2,2.920848e-01,
CDH1->-KMT2D PIK3CA->-CDH1 PIK3CA->-KMT2D,3,3,2.000000,2,2.920848e-01,
CDH1->-EPHB1,2,1,7.000000,7,4.840673e-03,
CDH1->-EPHB1 CDH1->-TP53 TP53->-EPHB1,3,3,3.000000,3,3.317901e-03,
PIK3CA->-ANKRD11,2,1,7.000000,7,6.860677e-02,
PIK3CA->-ANKRD11 TP53->-ANKRD11 TP53->-PIK3CA,3,3,3.000000,3,7.755180e-03,
PIK3CA->-BRCA2,2,1,7.000000,7,1.523232e-01,
CDH1->-BRCA2 CDH1->-PIK3CA CDH1->-TBX3 PIK3CA->-BRCA2 TBX3->-BRCA2 TBX3->-PIK3CA,4,6,2.000000,2,8.585165e-04,
PIK3CA->-DNMT3A,2,1,7.000000,7,2.548583e-02,
CDH1->-PTPRS,2,1,7.000000,7,6.414474e-03,
CDH1->-PTPRS CDH1->-TP53 TP53->-PTPRS,3,3,2.000000,2,1.990741e-02,
PIK3CA->-RFWD2,2,1,7.000000,7,1.910220e-02,
TP53->-MDC1,2,1,7.000000,7,5.512263e-02,
TP53->-MTOR,2,1,7.000000,7,1.344841e-02,
GATA3->-SPEN,2,1,7.000000,7,3.162109e-01,
MAP3K1->-ARID1A,2,1,7.000000,7,1.274468e-01,
MAP3K1->-ARID1A MAP3K1->-PIK3CA PIK3CA->-ARID1A,3,3,3.000000,3,1.181020e-01,
GATA3->-ARID1A MAP3K1->-ARID1A MAP3K1->-GATA3,3,3,3.000000,3,4.629630e-03,
GATA3->-ARID1A GATA3->-PIK3CA MAP3K1->-ARID1A MAP3K1->-GATA3 MAP3K1->-PIK3CA PIK3CA->-ARID1A,4,6,2.000000,2,5.063657e-03,
PIK3CA->-RAD50,2,1,7.000000,7,3.597624e-02,
TP53->-PIK3CG,2,1,7.000000,7,7.668943e-03,
TP53->-DDR2,2,1,7.000000,7,1.663534e-02,
CDH1->-ERBB3,2,1,7.000000,7,5.223722e-02,
PIK3CA->-PIK3C2G,2,1,7.000000,7,1.080392e-02,
PIK3CA->-PTPRS,2,1,7.000000,7,3.496270e-01,
PIK3CA->-PTPRS PIK3CA->-TP53 TP53->-PTPRS,3,3,3.000000,3,2.247299e-02,
PIK3CA->-DICER1,2,1,7.000000,7,2.589625e-02,
NCOR1->-GATA3,2,1,7.000000,7,2.233383e-02,
TP53->-PIK3C2G,2,1,7.000000,7,1.385417e-03,
PIK3CA->-PIK3C2G TP53->-PIK3C2G TP53->-PIK3CA,3,3,2.000000,2,9.156379e-02,
PIK3CA->-PIK3C2G PIK3CA->-TP53 TP53->-PIK3C2G,3,3,2.000000,2,9.156379e-02,
PTEN->-PIK3R1,2,1,7.000000,7,2.447917e-02,
PTEN->-PIK3R1 TP53->-PIK3R1 TP53->-PTEN,3,3,4.000000,4,4.041740e-04,
TP53->-KDM6A,2,1,7.000000,7,6.015473e-02,
TP53->-SOX17,2,1,7.000000,7,1.755126e-02,
TP53->-GRIN2A,2,1,7.000000,7,7.812500e-03,
CBFB->-CDH1,2,1,7.000000,7,9.105644e-01,
CBFB->-CDH1 CBFB->-PIK3CA CDH1->-PIK3CA,3,3,2.000000,2,4.573412e-01,
TP53->-MGA,2,1,7.000000,7,1.587883e-02,
PIK3CA->-MGA TP53->-MGA TP53->-PIK3CA,3,3,4.000000,4,3.975683e-03,
MAP2K4->-TP53,2,1,7.000000,7,7.689286e-01,
MAP2K4->-TP53 PIK3CA->-MAP2K4 PIK3CA->-TP53,3,3,2.000000,2,2.096408e-01,
CDH1->-SETD2,2,1,7.000000,7,6.250000e-03,
BRCA1->-SETD2 CDH1->-BRCA1 CDH1->-SETD2 TP53->-BRCA1 TP53->-CDH1 TP53->-SETD2,4,6,2.000000,2,1.736111e-03,
CTCF->-PIK3CA,2,1,7.000000,7,2.007861e-01,
PIK3CA->-CDKN1B,2,1,7.000000,7,7.648815e-01,
PIK3CA->-MDC1,2,1,7.000000,7,1.236877e-01,
PIK3CA->-MDC1 PIK3CA->-TP53 TP53->-MDC1,3,3,3.000000,3,4.927166e-02,
TP53->-INSR,2,1,7.000000,7,1.262442e-02,
CDH1->-KMT2A,2,1,7.000000,7,3.495519e-02,
TP53->-BCOR,2,1,7.000000,7,4.133598e-03,
RB1->-PIK3CA,2,1,7.000000,7,8.806831e-01,
TP53->-PDGFRA,2,1,7.000000,7,1.445023e-02,
TP53->-PALB2,2,1,7.000000,7,1.328895e-02,
CDKN1B->-PIK3CA,2,1,7.000000,7,7.648815e-01,
MAP2K4->-GATA3,2,1,7.000000,7,7.744792e-02,
MAP2K4->-GATA3 MAP2K4->-PIK3CA PIK3CA->-GATA3,3,3,2.000000,2,5.787037e-02,
PIK3CA->-BCOR,2,1,7.000000,7,1.153504e-01,
PIK3CA->-BCOR PIK3CA->-PTEN PIK3CA->-TP53 PTEN->-BCOR TP53->-BCOR TP53->-PTEN,4,6,2.000000,2,1.659714e-03,
NOTCH1->-PIK3CA,2,1,6.000000,6,4.659236e-01,
PIK3CA->-IGF1R,2,1,6.000000,6,1.996987e-02,
TP53->-DOT1L,2,1,6.000000,6,3.133793e-02,
TP53->-PIK3CB,2,1,6.000000,6,4.346183e-03,
PIK3CA->-NSD1,2,1,6.000000,6,1.962244e-01,
ARID1A->-KMT2C,2,1,6.000000,6,5.519907e-01,
ARID1A->-KMT2C ARID1A->-NCOR1 KMT2C->-NCOR1 PIK3CA->-ARID1A PIK3CA->-KMT2C PIK3CA->-NCOR1,4,6,2.000000,2,5.063657e-03,
ARID1A->-KMT2C CDH1->-ARID1A CDH1->-KMT2C,3,3,2.000000,2,5.588624e-02,
CDH1->-FOXA1 CDH1->-KMT2C FOXA1->-KMT2C,3,3,2.000000,2,7.407407e-02,
ARID1A->-KMT2C ARID1A->-PIK3CA PIK3CA->-KMT2C,3,3,2.000000,2,3.697406e-01,
PIK3CA->-EPHB1,2,1,6.000000,6,5.065283e-02,
PIK3CA->-EPHB1 TP53->-EPHB1 TP53->-PIK3CA,3,3,2.000000,2,1.306196e-01,
PIK3CA->-EPHB1 PIK3CA->-TP53 TP53->-EPHB1,3,3,2.000000,2,1.306196e-01,
ATRX->-EPHB1 PIK3CA->-ATRX PIK3CA->-EPHB1,3,3,2.000000,2,2.714184e-02,
HNF1A->-EPHB1,2,1,2.000000,2,2.480159e-01,
CDH1->-EPHB1 CDH1->-PIK3CA PIK3CA->-EPHB1,3,3,3.000000,3,1.099773e-02,
STK11->-PIK3CA,2,1,6.000000,6,2.490809e-01,
PIK3CA->-HIST1H1C,2,1,6.000000,6,6.250000e-02,
STAG2->-PIK3CA,2,1,6.000000,6,5.521282e-01,
PIK3CA->-TET1,2,1,6.000000,6,9.733421e-02,
CDH1->-RICTOR,2,1,6.000000,6,1.354680e-02,
CDH1->-PIK3CA CDH1->-RICTOR PIK3CA->-RICTOR,3,3,3.000000,3,1.381540e-02,
PIK3CA->-ALK,2,1,6.000000,6,8.713542e-02,
AKT1->-MAP3K1,2,1,6.000000,6,3.843750e-02,
ZFHX3->-PIK3CA,2,1,6.000000,6,7.253801e-01,
PIK3CA->-MTOR,2,1,6.000000,6,8.200666e-02,
PIK3CA->-MTOR PIK3CA->-TP53 TP53->-MTOR,3,3,3.000000,3,1.199728e-03,
SPEN->-PIK3CA,2,1,6.000000,6,9.202657e-01,
GATA3->-PIK3CA GATA3->-SPEN SPEN->-PIK3CA,3,3,2.000000,2,1.529882e-01,
MAP3K1->-ERBB3,2,1,6.000000,6,3.119041e-02,
TP53->-RFWD2,2,1,6.000000,6,9.370606e-03,
PIK3CA->-RFWD2 TP53->-PIK3CA TP53->-RFWD2,3,3,2.000000,2,3.827067e-02,
ATR-/-PIK3CA ATR-/-RFWD2 PIK3CA->-RFWD2,3,3,2.000000,2,1.020236e-03,
MAP3K1->-TP53,2,1,6.000000,6,9.992768e-01,
PIK3CA->-PLK2,2,1,6.000000,6,3.186554e-02,
PIK3CA->-ROS1,2,1,6.000000,6,2.357408e-01,
ATM->-GATA3,2,1,6.000000,6,9.812500e-02,
ATM->-GATA3 ATM->-PIK3CA GATA3->-PIK3CA,3,3,2.000000,2,4.292929e-02,
ATM->-SPEN,2,1,2.000000,2,8.326020e-01,
PIK3CA->-NUP93,2,1,6.000000,6,4.743304e-02,
KMT2C->-ARID1A,2,1,6.000000,6,5.519907e-01,
KMT2C->-ARID1A PIK3CA->-ARID1A PIK3CA->-KMT2C,3,3,2.000000,2,3.697406e-01,
KMT2C->-ARID1A KMT2C->-PIK3CA PIK3CA->-ARID1A,3,3,2.000000,2,3.697406e-01,
GATA3->-ARID1A KMT2C->-ARID1A KMT2C->-GATA3,3,3,2.000000,2,2.777778e-02,
PIK3CA->-ERBB3,2,1,6.000000,6,3.871250e-01,
PIK3CA->-ERBB3 TP53->-ERBB3 TP53->-PIK3CA,3,3,2.000000,2,7.268126e-02,
MAP3K1->-ERBB3 MAP3K1->-PIK3CA PIK3CA->-ERBB3,3,3,2.000000,2,1.767814e-01,
GATA3->-KMT2C,2,1,6.000000,6,8.145211e-01,
TP53->-HNF1A,2,1,6.000000,6,7.430679e-02,
CDH1->-FAT1,2,1,6.000000,6,1.004363e-01,
CDH1->-FAT1 CDH1->-PIK3CA PIK3CA->-FAT1,3,3,2.000000,2,9.680522e-02,
TP53->-KDM5A,2,1,6.000000,6,6.414474e-03,
TP53->-JAK3,2,1,6.000000,6,2.326105e-02,
CDH1->-ATRX,2,1,6.000000,6,5.411184e-02,
TP53->-MAP3K13,2,1,6.000000,6,2.637139e-02,
TP53->-TERT,2,1,6.000000,6,5.869275e-02,
TP53->-STK11,2,1,6.000000,6,5.436581e-02,
TP53->-RECQL4,2,1,6.000000,6,7.301389e-02,
PTEN->-SF3B1,2,1,6.000000,6,1.840278e-01,
PIK3CA->-SF3B1 PTEN->-PIK3CA PTEN->-SF3B1,3,3,2.000000,2,8.854167e-02,
PIK3CA->-AR,2,1,6.000000,6,2.274639e-01,
TP53->-TP63,2,1,6.000000,6,8.556548e-03,
TP53->-IGF1R,2,1,6.000000,6,1.685648e-02,
PIK3CA->-IGF1R TP53->-IGF1R TP53->-PIK3CA,3,3,2.000000,2,1.944444e-02,
MGA->-PIK3CA,2,1,6.000000,6,7.157293e-01,
KMT2C->-NCOR1,2,1,6.000000,6,1.236506e-01,
KMT2C->-NCOR1 PIK3CA->-KMT2C PIK3CA->-NCOR1,3,3,4.000000,4,3.343621e-03,
CDH1->-KMT2C CDH1->-NCOR1 KMT2C->-NCOR1,3,3,3.000000,3,3.549383e-02,
KMT2C->-NCOR1 KMT2C->-TP53 TP53->-NCOR1,3,3,2.000000,2,1.056397e-01,
PIK3CA->-STAG2,2,1,6.000000,6,5.521282e-01,
PIK3CA->-STAG2 TP53->-PIK3CA TP53->-STAG2,3,3,2.000000,2,7.561728e-02,
CDH1->-PIK3CA CDH1->-STAG2 PIK3CA->-STAG2,3,3,2.000000,2,1.200029e-01,
PIK3CA->-TET2,2,1,6.000000,6,2.346788e-01,
PIK3CA->-NOTCH1,2,1,6.000000,6,4.659236e-01,
PIK3CA->-NOTCH1 TP53->-NOTCH1 TP53->-PIK3CA,3,3,2.000000,2,6.785301e-02,
CDH1->-RB1,2,1,6.000000,6,8.421354e-02,
CDH1->-RB1 CDH1->-TP53 TP53->-RB1,3,3,2.000000,2,9.722222e-02,
CDH1->-RB1 TP53->-CDH1 TP53->-RB1,3,3,2.000000,2,9.722222e-02,
GATA3->-ESR1,2,1,6.000000,6,9.290599e-01,
GATA3->-ESR1 GATA3->-PIK3CA PIK3CA->-ESR1,3,3,2.000000,2,4.108276e-01,
CDH1->-RFWD2,2,1,6.000000,6,4.593782e-02,
CDH1->-PIK3CA CDH1->-RFWD2 PIK3CA->-RFWD2,3,3,3.000000,3,2.456057e-02,
CDH1->-RAD50 CDH1->-RFWD2 RAD50->-RFWD2 TP53->-CDH1 TP53->-RAD50 TP53->-RFWD2,4,6,2.000000,2,1.260912e-03,
MAP3K1->-TBX3,2,1,6.000000,6,2.541844e-01,
MAP3K1->-PIK3CA MAP3K1->-TBX3 PIK3CA->-TBX3,3,3,2.000000,2,2.001967e-01,
GATA3->-PIK3CA GATA3->-TBX3 PIK3CA->-TBX3,3,3,2.000000,2,1.602855e-01,
PIK3CA->-CIC,2,1,6.000000,6,1.547619e-02,
PIK3CA->-MST1R,2,1,6.000000,6,8.246528e-03,
TP53->-DNMT3A,2,1,6.000000,6,1.240434e-01,
TP53->-KDR,2,1,6.000000,6,1.274989e-01,
PIK3CA->-FGFR2,2,1,6.000000,6,4.202877e-02,
PIK3CA->-SETD2,2,1,6.000000,6,2.959740e-01,
ARID1A->-PIK3CA ARID1A->-SETD2 CDH1->-ARID1A CDH1->-PIK3CA CDH1->-SETD2 PIK3CA->-SETD2,4,6,2.000000,2,5.063657e-03,
GATA3-/-PIK3CA,2,1,6.000000,6,5.478977e-01,
GATA3->-CDKN1B,2,1,6.000000,6,1.562500e-02,
CDKN1B->-PIK3CA GATA3->-CDKN1B GATA3->-PIK3CA,3,3,2.000000,2,1.319444e-01,
CBFB->-TP53,2,1,6.000000,6,1.226563e-01,
CBFB->-PIK3CA CBFB->-TP53 TP53->-PIK3CA,3,3,3.000000,3,2.584877e-02,
CDH1->-PTCH1,2,1,6.000000,6,6.009745e-02,
CDH1->-PIK3CA CDH1->-PTCH1 PIK3CA->-PTCH1,3,3,2.000000,2,1.250511e-01,
TP53->-RPTOR,2,1,6.000000,6,2.190394e-02,
PIK3CA->-BAP1,2,1,6.000000,6,6.250000e-02,
PIK3CA->-BAP1 PIK3CA->-TP53 TP53->-BAP1,3,3,2.000000,2,2.777778e-02,
PTEN->-ARID1A,2,1,6.000000,6,3.353490e-02,
ESR1->-CDH1,2,1,6.000000,6,9.619817e-01,
PIK3CA->-KDR,2,1,6.000000,6,1.118859e-01,
PIK3CA->-KDR TP53->-KDR TP53->-PIK3CA,3,3,2.000000,2,2.219158e-01,
PIK3CA->-KDR PIK3CA->-TP53 TP53->-KDR,3,3,3.000000,3,4.614516e-02,
PIK3CA->-ARID5B,2,1,6.000000,6,8.671058e-02,
PIK3CA->-ARID5B TP53->-ARID5B TP53->-PIK3CA,3,3,2.000000,2,9.698561e-02,
ANKRD11->-ARID5B,2,1,2.000000,2,2.167488e-01,
PIK3CA->-ARID5B PIK3CA->-TP53 TP53->-ARID5B,3,3,2.000000,2,9.698561e-02,
TP53->-NBN,2,1,6.000000,6,6.987847e-03,
PIK3CA->-EPHA5,2,1,6.000000,6,9.283931e-02,
PIK3CA->-EPHA5 TP53->-EPHA5 TP53->-PIK3CA,3,3,2.000000,2,1.383445e-01,
PIK3CA->-CBFB,2,1,6.000000,6,9.999974e-01,
TP53->-RAD50,2,1,6.000000,6,2.507177e-02,
PIK3CA->-RAD50 TP53->-PIK3CA TP53->-RAD50,3,3,2.000000,2,4.971235e-02,
PIK3CA->-RAD50 PIK3CA->-TP53 TP53->-RAD50,3,3,2.000000,2,4.971235e-02,
TP53->-NOTCH3,2,1,6.000000,6,3.978588e-02,
KMT2C->-FAT1,2,1,6.000000,6,1.724837e-01,
KMT2C->-FAT1 PIK3CA->-FAT1 PIK3CA->-KMT2C,3,3,2.000000,2,1.861122e-01,
PIK3CA->-APC,2,1,6.000000,6,3.256829e-01,
PIK3CA->-APC PIK3CA->-TP53 TP53->-APC,3,3,4.000000,4,3.284738e-03,
APC->-NCOR1 CDH1->-APC CDH1->-NCOR1 CDH1->-PIK3CA PIK3CA->-APC PIK3CA->-NCOR1,4,6,2.000000,2,1.636905e-03,
ARID1A->-FAT1,2,1,5.000000,5,6.065942e-02,
ERBB3->-PIK3CA,2,1,5.000000,5,6.259779e-01,
ERBB3->-PIK3CA MAP3K1->-ERBB3 MAP3K1->-PIK3CA,3,3,3.000000,3,2.965478e-02,
MEN1->-KMT2C,2,1,5.000000,5,8.500530e-02,
KMT2C->-GATA3 MEN1->-GATA3 MEN1->-KMT2C,3,3,2.000000,2,2.777778e-02,
TP53->-RAF1,2,1,5.000000,5,1.303855e-02,
TP53->-PAK7,2,1,5.000000,5,3.504784e-02,
PTEN->-RUNX1,2,1,5.000000,5,3.038194e-02,
CDH1->-NSD1,2,1,5.000000,5,3.125000e-02,
CDH1->-NSD1 CDH1->-TP53 TP53->-NSD1,3,3,2.000000,2,2.777778e-02,
CDH1->-FOXA1 CDH1->-NSD1 CDH1->-PIK3CA NSD1->-FOXA1 PIK3CA->-FOXA1 PIK3CA->-NSD1,4,6,2.000000,2,1.736111e-03,
TP53->-TSC1,2,1,5.000000,5,1.648849e-01,
PIK3CA->-GLI1,2,1,5.000000,5,1.893619e-02,
CBFB->-AKT1,2,1,5.000000,5,3.404948e-01,
CBFB->-ARID1A,2,1,5.000000,5,3.125000e-02,
CHEK2->-PIK3CA,2,1,5.000000,5,1.093750e-01,
GATA3->-EGFR,2,1,5.000000,5,3.125000e-02,
TP53->-KIT,2,1,5.000000,5,8.846889e-03,
KDM5C->-PIK3CA,2,1,5.000000,5,4.858887e-01,
PIK3CA->-BRIP1,2,1,5.000000,5,7.154762e-02,
ZFHX3->-CDH1,2,1,5.000000,5,1.632812e-01,
CDH1->-PIK3CA ZFHX3->-CDH1 ZFHX3->-PIK3CA,3,3,4.000000,4,3.343621e-03,
TP53->-EPHA7,2,1,5.000000,5,7.738971e-02,
TP53->-BRD4,2,1,5.000000,5,6.535108e-02,
PIK3CA->-JAK3,2,1,5.000000,5,1.226463e-01,
TP53->-TCF7L2,2,1,5.000000,5,2.421024e-02,
TP53->-HIST1H3B,2,1,5.000000,5,6.279786e-02,
TP53->-AR,2,1,5.000000,5,2.678571e-02,
PIK3CA->-AR PIK3CA->-TP53 TP53->-AR,3,3,3.000000,3,4.629630e-03,
TP53->-PLK2,2,1,5.000000,5,2.709360e-02,
PIK3CA->-PLK2 TP53->-PIK3CA TP53->-PLK2,3,3,2.000000,2,6.452087e-02,
PIK3CA->-EP300,2,1,5.000000,5,4.711818e-01,
ESR1->-MAP3K1,2,1,5.000000,5,5.824820e-01,
ESR1->-MAP3K1 PIK3CA->-ESR1 PIK3CA->-MAP3K1,3,3,2.000000,2,3.302040e-01,
KMT2C->-CDH1,2,1,5.000000,5,9.998819e-01,
TBX3->-TP53,2,1,5.000000,5,9.564586e-01,
TBX3->-PIK3CA TBX3->-TP53 TP53->-PIK3CA,3,3,2.000000,2,2.548520e-01,
TP53->-ARAF,2,1,5.000000,5,5.646473e-02,
TP53->-MET,2,1,5.000000,5,1.510101e-02,
MAP3K1->-ESR1,2,1,5.000000,5,5.824820e-01,
ESR1->-PIK3CA MAP3K1->-ESR1 MAP3K1->-PIK3CA,3,3,2.000000,2,3.302040e-01,
CREBBP->-PIK3CA,2,1,5.000000,5,9.055997e-01,
PIK3CA->-DNMT1,2,1,5.000000,5,1.961538e-02,
TP53->-AXIN1,2,1,5.000000,5,8.444444e-03,
PTEN->-GATA3,2,1,5.000000,5,2.836452e-01,
PTEN->-GATA3 TP53->-GATA3 TP53->-PTEN,3,3,2.000000,2,9.135251e-03,
CDH1->-AR,2,1,5.000000,5,9.048764e-02,
NCOR1->-MED12,2,1,5.000000,5,1.996528e-02,
NCOR1->-MED12 TP53->-MED12 TP53->-NCOR1,3,3,3.000000,3,7.739670e-03,
NCOR1->-MED12 NCOR1->-PIK3CA PIK3CA->-MED12,3,3,2.000000,2,5.753968e-02,
TP53->-FGFR4,2,1,5.000000,5,1.761364e-02,
NF1->-PIK3R1,2,1,5.000000,5,2.031250e-01,
NF1->-PIK3R1 TP53->-NF1 TP53->-PIK3R1,3,3,2.000000,2,1.319444e-01,
NF1->-PIK3R1 PTEN->-NF1 PTEN->-PIK3R1,3,3,2.000000,2,1.030093e-01,
TP53->-AXIN2,2,1,5.000000,5,8.555556e-03,
CREBBP->-KMT2C,2,1,5.000000,5,7.753320e-02,
CREBBP->-KMT2C TP53->-CREBBP TP53->-KMT2C,3,3,2.000000,2,5.602587e-02,
CREBBP->-KMT2C PIK3CA->-CREBBP PIK3CA->-KMT2C,3,3,3.000000,3,2.456057e-02,
CDH1->-CREBBP CDH1->-KMT2C CDH1->-PIK3CA CREBBP->-KMT2C PIK3CA->-CREBBP PIK3CA->-KMT2C,4,6,2.000000,2,6.321203e-03,
ARID1A->-CREBBP ARID1A->-KMT2C CREBBP->-KMT2C,3,3,2.000000,2,1.686508e-02,
CDH1->-STAG2,2,1,5.000000,5,2.709360e-02,
TP53->-PBRM1,2,1,5.000000,5,2.253918e-01,
TP53->-ERBB2,2,1,5.000000,5,5.650593e-01,
CDH1->-ERBB2 CDH1->-TP53 TP53->-ERBB2,3,3,2.000000,2,2.494033e-01,
CDH1->-IKZF1,2,1,5.000000,5,3.125000e-02,
TP53->-POLD1,2,1,5.000000,5,8.341667e-03,
CDH1->-MED12,2,1,5.000000,5,9.542411e-02,
CDH1->-MED12 PIK3CA->-CDH1 PIK3CA->-MED12,3,3,2.000000,2,1.732804e-01,
GATA3->-TBX3,2,1,5.000000,5,1.398278e-01,
GATA3->-PIK3CA GATA3->-TBX3 TBX3->-PIK3CA,3,3,2.000000,2,1.602855e-01,
GATA3->-TBX3 MAP3K1->-GATA3 MAP3K1->-TBX3,3,3,2.000000,2,1.059028e-01,
PIK3CA->-TERT,2,1,5.000000,5,4.357639e-02,
PIK3R1->-TP53,2,1,5.000000,5,9.904723e-01,
ERBB2->-KMT2C,2,1,5.000000,5,2.109760e-01,
CDH1->-ERBB2 CDH1->-KMT2C ERBB2->-KMT2C,3,3,2.000000,2,1.829765e-01,
CDH1->-KMT2C ERBB2->-CDH1 ERBB2->-KMT2C,3,3,2.000000,2,1.829765e-01,
KMT2C->-PARP1 TP53->-KMT2C TP53->-PARP1,3,3,2.000000,2,2.204586e-02,
ERBB2->-KMT2C ERBB2->-PARP1 ERBB2->-PIK3CA KMT2C->-PARP1 PIK3CA->-KMT2C PIK3CA->-PARP1,4,6,2.000000,2,1.260912e-03,
TP53->-XPO1,2,1,5.000000,5,5.366443e-02,
PIK3CA-/-TP53,2,1,5.000000,5,9.982521e-01,
CDH1->-PIK3CA CDH1->-TP53 PIK3CA-/-TP53,3,3,3.000000,3,2.304737e-03,
PIK3CA->-GRIN2A,2,1,5.000000,5,1.527778e-01,
MAP3K1->-NOTCH4,2,1,5.000000,5,2.339181e-02,
NOTCH4->-PTPRT PIK3CA->-NOTCH4 PIK3CA->-PTPRT,3,3,2.000000,2,1.625387e-02,
MAP3K1->-NOTCH4 MAP3K1->-PTPRT NOTCH4->-PTPRT TP53->-MAP3K1 TP53->-NOTCH4 TP53->-PTPRT,4,6,2.000000,2,8.160976e-04,
MAP3K1->-NOTCH4 MAP3K1->-PIK3CA PIK3CA->-NOTCH4,3,3,2.000000,2,1.079363e-01,
MAP3K1->-NOTCH4 MAP3K1->-TRAF2 NOTCH4->-TRAF2 PIK3CA->-MAP3K1 PIK3CA->-NOTCH4 PIK3CA->-TRAF2,4,6,2.000000,2,8.160976e-04,
PIK3CA->-ATRX,2,1,5.000000,5,4.861225e-01,
CDH1->-ATRX CDH1->-PIK3CA PIK3CA->-ATRX,3,3,3.000000,3,1.620370e-02,
FOXA1->-GATA3,2,1,5.000000,5,4.498698e-01,
FOXA1->-GATA3 FOXA1->-MAP3K1 MAP3K1->-GATA3,3,3,2.000000,2,9.722222e-02,
CDH1->-RAD50,2,1,5.000000,5,2.709360e-02,
CDH1->-PIK3CA CDH1->-RAD50 PIK3CA->-RAD50,3,3,2.000000,2,6.452087e-02,
ERBB2->-TP53,2,1,5.000000,5,5.650593e-01,
TP53->-PTCH1,2,1,5.000000,5,1.513852e-01,
PIK3CA->-PTCH1 PIK3CA->-TP53 TP53->-PTCH1,3,3,2.000000,2,1.237578e-01,
TP53->-PARP1,2,1,5.000000,5,1.806240e-02,
PIK3CA->-PARP1,2,1,5.000000,5,6.310771e-02,
PIK3CA->-PARP1 PIK3CA->-TP53 TP53->-PARP1,3,3,2.000000,2,6.452087e-02,
AKT1->-NOTCH2,2,1,5.000000,5,7.619048e-03,
TP53->-BRIP1,2,1,5.000000,5,9.735450e-03,
ERBB2->-RUNX1,2,1,5.000000,5,1.875000e-01,
CDH1->-ERBB2 CDH1->-RUNX1 ERBB2->-RUNX1,3,3,2.000000,2,1.480195e-01,
TP53->-CEBPA,2,1,5.000000,5,2.083333e-02,
NCOR1->-RUNX1,2,1,5.000000,5,3.632812e-01,
NCOR1->-RUNX1 PIK3CA->-NCOR1 PIK3CA->-RUNX1,3,3,2.000000,2,2.632245e-01,
NCOR1->-PIK3CA NCOR1->-RUNX1 PIK3CA->-RUNX1,3,3,2.000000,2,2.632245e-01,
ARID2->-GATA3,2,1,5.000000,5,1.796875e-01,
ARID2->-ARID1A,2,1,5.000000,5,3.050045e-01,
ARID2->-ARID1A TP53->-ARID1A TP53->-ARID2,3,3,2.000000,2,7.301418e-02,
EPHA5->-ARID1A,2,1,2.000000,2,4.980159e-01,
TP53->-JAK1,2,1,5.000000,5,3.273666e-01,
NCOR1->-CDH1,2,1,5.000000,5,9.933921e-01,
NCOR1->-CDH1 TP53->-CDH1 TP53->-NCOR1,3,3,2.000000,2,3.720663e-01,
CDH1->-RUNX1 NCOR1->-CDH1 NCOR1->-RUNX1,3,3,2.000000,2,1.319444e-01,
KMT2D->-PIK3CA,2,1,5.000000,5,9.904491e-01,
CDH1->-KMT2D CDH1->-PIK3CA KMT2D->-PIK3CA,3,3,2.000000,2,2.920848e-01,
PTEN->-GRIN2A,2,1,5.000000,5,2.215909e-02,
PIK3CA->-GRIN2A PTEN->-GRIN2A PTEN->-PIK3CA,3,3,2.000000,2,7.407407e-02,
PIK3CA->-SMAD4,2,1,5.000000,5,3.164683e-01,
MAP2K4->-PTEN,2,1,5.000000,5,3.388158e-01,
TP53->-GLI1,2,1,5.000000,5,1.328656e-02,
TP53->-CIC,2,1,5.000000,5,1.072049e-01,
PIK3CA->-CIC TP53->-CIC TP53->-PIK3CA,3,3,2.000000,2,7.407407e-02,
TP53->-IRF4,2,1,5.000000,5,1.388889e-02,
TP53->-SMARCA4,2,1,5.000000,5,2.256324e-01,
TP53->-TRAF2,2,1,5.000000,5,2.320616e-02,
PIK3CA->-KRAS,2,1,5.000000,5,3.450970e-01,
PIK3CA->-BLM,2,1,5.000000,5,8.564645e-02,
TP53->-PIK3R2,2,1,5.000000,5,2.083333e-02,
PIK3CA->-ERCC4,2,1,5.000000,5,6.135531e-02,
ARID1A->-IKZF1,2,1,5.000000,5,2.083333e-02,
ARID1A->-IKZF1 ARID1A->-PIK3CA CDH1->-ARID1A CDH1->-IKZF1 CDH1->-PIK3CA IKZF1->-PIK3CA,4,6,2.000000,2,1.736111e-03,
AKT1->-KMT2C,2,1,5.000000,5,2.634549e-01,
AKT1->-KMT2C AKT1->-TP53 TP53->-KMT2C,3,3,2.000000,2,3.935185e-02,
RUNX1->-TP53,2,1,5.000000,5,9.863845e-01,
PTPRS->-PIK3CA,2,1,5.000000,5,7.716165e-01,
PTPRS->-PIK3CA TP53->-PIK3CA TP53->-PTPRS,3,3,2.000000,2,1.528421e-01,
CDH1->-PIK3CA CDH1->-PTPRS PTPRS->-PIK3CA,3,3,2.000000,2,7.407407e-02,
TP53->-TET1,2,1,5.000000,5,1.093750e-01,
TP53->-ERBB4,2,1,5.000000,5,4.892361e-02,
CBFB->-NCOR1,2,1,5.000000,5,3.125000e-02,
CBFB->-NCOR1 CBFB->-PIK3CA NCOR1->-PIK3CA,3,3,2.000000,2,1.319444e-01,
CBFB->-NCOR1 CBFB->-TP53 TP53->-NCOR1,3,3,2.000000,2,1.319444e-01,
CDH1->-DNMT1,2,1,5.000000,5,3.125000e-02,
CDH1->-DNMT1 CDH1->-PIK3CA PIK3CA->-DNMT1,3,3,2.000000,2,2.777778e-02,
CDH1->-XPO1,2,1,5.000000,5,3.125000e-02,
MAP3K1->-NCOR1,2,1,5.000000,5,5.212107e-01,
MAP3K1->-NCOR1 MAP3K1->-PIK3CA NCOR1->-PIK3CA,3,3,2.000000,2,2.636293e-01,
PIK3CA->-IKZF1,2,1,5.000000,5,2.232237e-01,
ARID1B->-PIK3CA,2,1,5.000000,5,2.799253e-01,
ARID1B->-PIK3CA TP53->-ARID1B TP53->-PIK3CA,3,3,2.000000,2,1.288765e-01,
AKT1->-MAP2K4,2,1,5.000000,5,1.056548e-01,
ERBB2->-TBX3,2,1,5.000000,5,2.747825e-01,
CDH1->-TBX3 ERBB2->-CDH1 ERBB2->-TBX3,3,3,2.000000,2,1.480195e-01,
GPS2->-PIK3CA,2,1,5.000000,5,2.861880e-01,
FAT1->-PIK3CA,2,1,4.000000,4,9.996685e-01,
FAT1->-RICTOR,2,1,4.000000,4,1.440302e-01,
FAT1->-PIK3CA FAT1->-RICTOR PIK3CA->-RICTOR,3,3,2.000000,2,9.203658e-02,
TET1->-FAT1,2,1,4.000000,4,3.291301e-01,
PIK3CA->-FAT1 PIK3CA->-TET1 TET1->-FAT1,3,3,2.000000,2,1.228667e-01,
PIK3CA->-FAT1 PIK3CA->-RB1 RB1->-FAT1,3,3,2.000000,2,1.319444e-01,
NCOR1->-FAT1 NCOR1->-TET1 TET1->-FAT1,3,3,2.000000,2,2.777778e-02,
TET1->-FAT1 TP53->-FAT1 TP53->-TET1,3,3,2.000000,2,7.407407e-02,
SETD2->-PIK3CA,2,1,4.000000,4,7.692070e-01,
CDH1->-PIK3CA CDH1->-SETD2 SETD2->-PIK3CA,3,3,2.000000,2,1.673097e-01,
TET1->-ARID1A,2,1,4.000000,4,1.440302e-01,
ARID1A->-FAT1 TET1->-ARID1A TET1->-FAT1,3,3,2.000000,2,2.342048e-02,
CDH1->-SMO,2,1,4.000000,4,5.418719e-02,
PIK3CA->-RPS6KB2,2,1,4.000000,4,4.583333e-02,
TP53->-RBM10,2,1,4.000000,4,1.996528e-02,
KMT2A->-GATA3,2,1,4.000000,4,1.875000e-01,
KMT2C->-BRCA2,2,1,4.000000,4,5.571536e-01,
SMO->-PIK3CA,2,1,4.000000,4,4.488360e-01,
CDH1->-PIK3CA CDH1->-SMO SMO->-PIK3CA,3,3,2.000000,2,1.200029e-01,
TP53->-CDK8,2,1,4.000000,4,9.240741e-02,
TP53->-EZH2,2,1,4.000000,4,1.875000e-01,
PIK3CA->-EZH2,2,1,4.000000,4,1.250000e-01,
PIK3CA->-EZH2 PIK3CA->-TP53 TP53->-EZH2,3,3,2.000000,2,7.407407e-02,
FOXA1->-KMT2C,2,1,4.000000,4,2.487657e-01,
FOXA1->-KMT2C PIK3CA->-FOXA1 PIK3CA->-KMT2C,3,3,3.000000,3,2.391975e-02,
FOXA1->-KMT2C TP53->-FOXA1 TP53->-KMT2C,3,3,2.000000,2,5.303030e-02,
PIK3CA->-FOXP1,2,1,4.000000,4,4.568452e-01,
NCOR1->-RB1,2,1,4.000000,4,3.039773e-01,
NCOR1->-PIK3CA NCOR1->-RB1 PIK3CA->-RB1,3,3,2.000000,2,7.407407e-02,
PIK3CA->-EGFR,2,1,4.000000,4,2.333333e-01,
GATA3->-EGFR GATA3->-PIK3CA PIK3CA->-EGFR,3,3,2.000000,2,2.777778e-02,
CDH1->-ALK,2,1,4.000000,4,6.250000e-02,
CDH1->-ALK CDH1->-PIK3CA PIK3CA->-ALK,3,3,2.000000,2,2.777778e-02,
CDH1->-ALK CDH1->-FOXA1 FOXA1->-ALK,3,3,2.000000,2,2.777778e-02,
TP53->-IKZF1,2,1,4.000000,4,1.031519e-01,
PIK3CA->-BARD1,2,1,4.000000,4,1.660795e-01,
PIK3CA->-BARD1 TP53->-BARD1 TP53->-PIK3CA,3,3,2.000000,2,5.391983e-02,
PIK3CA->-SMARCA4,2,1,4.000000,4,6.175844e-01,
PIK3CA->-HIST1H3I,2,1,4.000000,4,1.700898e-01,
CDH1->-MTOR,2,1,4.000000,4,4.482887e-01,
CDH1->-MTOR CDH1->-PIK3CA PIK3CA->-MTOR,3,3,2.000000,2,9.330121e-02,
CDH1->-EGFR,2,1,4.000000,4,1.375000e-01,
CDH1->-EGFR CDH1->-PIK3CA PIK3CA->-EGFR,3,3,2.000000,2,3.703704e-02,
ARID1A->-GRIN2A,2,1,4.000000,4,1.040657e-01,
CDH1->-KDR,2,1,4.000000,4,5.974265e-02,
PIK3CA->-NOTCH3,2,1,4.000000,4,3.958333e-01,
MAP2K4->-JAK3,2,1,4.000000,4,3.763158e-02,
MAP2K4->-JAK3 TP53->-JAK3 TP53->-MAP2K4,3,3,2.000000,2,1.990741e-02,
CDH1->-JAK3,2,1,4.000000,4,3.010526e-02,
CDH1->-JAK3 CDH1->-PIK3CA PIK3CA->-JAK3,3,3,2.000000,2,1.388889e-02,
CDH1->-JAK3 CDH1->-MAP2K4 MAP2K4->-JAK3,3,3,2.000000,2,9.953704e-03,
EPHA7->-PIK3CA,2,1,4.000000,4,1.511752e-01,
EPHA7->-PIK3CA TP53->-EPHA7 TP53->-PIK3CA,3,3,2.000000,2,1.936955e-02,
TP53->-IRS1,2,1,4.000000,4,3.458606e-02,
MAP3K1->-ATR,2,1,4.000000,4,1.205065e-01,
ERBB3->-CARD11,2,1,4.000000,4,2.649607e-02,
ERBB3->-CARD11 TP53->-CARD11 TP53->-ERBB3,3,3,3.000000,3,1.844719e-03,
NF1->-KMT2C,2,1,4.000000,4,3.125000e-01,
FOXA1->-KMT2D,2,1,4.000000,4,1.696429e-01,
FOXA1->-ESR1,2,1,4.000000,4,1.128118e-01,
PIK3CA->-CDKN2A,2,1,4.000000,4,1.475694e-01,
PIK3CA->-CDKN2A TP53->-CDKN2A TP53->-PIK3CA,3,3,2.000000,2,8.378803e-02,
STAG2->-GATA3,2,1,4.000000,4,1.875000e-01,
MEN1->-SPEN,2,1,4.000000,4,6.250000e-02,
GATA3->-SPEN MEN1->-GATA3 MEN1->-SPEN,3,3,2.000000,2,7.407407e-02,
KMT2C->-ERBB3,2,1,4.000000,4,2.619048e-01,
MEN1->-ARID1A,2,1,4.000000,4,1.577381e-01,
KMT2C->-ARID1A MEN1->-ARID1A MEN1->-KMT2C,3,3,2.000000,2,7.407407e-02,
GATA3->-FLT3,2,1,4.000000,4,1.282143e-01,
SMARCA4->-PIK3CA,2,1,4.000000,4,6.175844e-01,
KMT2C->-ESR1,2,1,4.000000,4,8.350694e-02,
PTEN->-TBX3,2,1,4.000000,4,5.131579e-02,
PTEN->-ATRX,2,1,4.000000,4,1.642283e-01,
PTEN->-ATRX TP53->-ATRX TP53->-PTEN,3,3,2.000000,2,1.142980e-01,
TP53->-INPP4B,2,1,4.000000,4,1.598413e-01,
TP53->-PIM1,2,1,4.000000,4,1.805556e-02,
TP53->-SDHB,2,1,4.000000,4,4.228631e-01,
TP53->-MAP2K1,2,1,4.000000,4,3.750000e-02,
CDH1->-CTCF,2,1,4.000000,4,1.473214e-01,
TP53->-IRS2,2,1,4.000000,4,1.930589e-01,
PIK3CA->-PIK3CG,2,1,4.000000,4,3.745064e-01,
FOXA1->-TP53,2,1,4.000000,4,9.837199e-01,
PIK3CA->-HNF1A,2,1,4.000000,4,1.401542e-01,
MAP3K1->-NSD1,2,1,4.000000,4,4.791667e-01,
MAP3K1->-NSD1 TP53->-MAP3K1 TP53->-NSD1,3,3,2.000000,2,7.407407e-02,
CDH1->-MAP3K1 CDH1->-NSD1 MAP3K1->-NSD1,3,3,2.000000,2,1.319444e-01,
PTEN->-MED12,2,1,4.000000,4,3.051282e-02,
PTEN->-MED12 TP53->-MED12 TP53->-PTEN,3,3,2.000000,2,1.455026e-02,
NF1->-MED12,2,1,4.000000,4,1.875000e-01,
NF1->-MED12 TP53->-MED12 TP53->-NF1,3,3,2.000000,2,7.407407e-02,
NF1->-MED12 PTEN->-MED12 PTEN->-NF1,3,3,2.000000,2,2.777778e-02,
NF1->-NSD1 PTEN->-NF1 PTEN->-NSD1,3,3,2.000000,2,2.777778e-02,
TP53->-IFNGR1,2,1,4.000000,4,2.916667e-02,
PTEN->-ATR,2,1,4.000000,4,5.314626e-02,
PTEN->-ATR TP53->-ATR TP53->-PTEN,3,3,3.000000,3,4.523640e-03,
PIK3CA->-ATR PIK3CA->-PTEN PTEN->-ATR,3,3,2.000000,2,5.826950e-02,
MGA->-ATR MGA->-PTEN PTEN->-ATR,3,3,2.000000,2,1.841768e-02,
MGA->-PTPRT,2,1,2.000000,2,2.125850e-01,
NF1->-MAP3K1,2,1,4.000000,4,3.437500e-01,
NF1->-MAP3K1 TP53->-MAP3K1 TP53->-NF1,3,3,3.000000,3,1.620370e-02,
NF1->-MAP3K1 PTEN->-MAP3K1 PTEN->-NF1,3,3,3.000000,3,4.629630e-03,
TP53->-PRDM1,2,1,4.000000,4,4.583333e-02,
ATR->-NCOR1,2,1,4.000000,4,6.250000e-02,
ATR->-NCOR1 TP53->-ATR TP53->-NCOR1,3,3,2.000000,2,2.777778e-02,
ATR->-NCOR1 PIK3CA->-ATR PIK3CA->-NCOR1,3,3,2.000000,2,2.777778e-02,
ATR->-EP300 PIK3CA->-ATR PIK3CA->-EP300,3,3,2.000000,2,2.777778e-02,
TP53->-CTCF,2,1,4.000000,4,2.723958e-01,
PIK3CA->-RECQL4,2,1,4.000000,4,3.342049e-01,
BRCA2->-KMT2C,2,1,4.000000,4,5.571536e-01,
TBX3->-KMT2C,2,1,4.000000,4,6.574705e-01,
TBX3->-KMT2C TP53->-KMT2C TP53->-TBX3,3,3,2.000000,2,5.303030e-02,
CDH1->-RASA1,2,1,4.000000,4,1.564722e-01,
ARID1A->-CDH1,2,1,4.000000,4,9.987161e-01,
ARID1A->-CDH1 ARID1A->-PIK3CA CDH1->-PIK3CA,3,3,2.000000,2,6.927892e-01,
TP53->-TRAF7,2,1,4.000000,4,1.180556e-01,
TP53->-REL,2,1,4.000000,4,4.583333e-02,
KMT2C->-TBX3,2,1,4.000000,4,6.574705e-01,
FOXA1->-TBX3,2,1,4.000000,4,4.322667e-01,
FOXA1->-TBX3 PIK3CA->-FOXA1 PIK3CA->-TBX3,3,3,2.000000,2,7.407407e-02,
ERBB2->-MAP3K1,2,1,4.000000,4,3.964057e-01,
ERBB2->-MAP3K1 ERBB2->-PIK3CA PIK3CA->-MAP3K1,3,3,2.000000,2,7.407407e-02,
PIK3R1->-MED12,2,1,4.000000,4,1.128086e-01,
PIK3R1->-MED12 TP53->-MED12 TP53->-PIK3R1,3,3,2.000000,2,2.423207e-02,
PIK3R1->-MED12 PTEN->-MED12 PTEN->-PIK3R1,3,3,2.000000,2,1.455026e-02,
NF1->-TET2,2,1,4.000000,4,5.895692e-02,
NF1->-TET2 TP53->-NF1 TP53->-TET2,3,3,2.000000,2,2.380952e-02,
NF1->-SETD2 TP53->-NF1 TP53->-SETD2,3,3,2.000000,2,2.380952e-02,
PIK3CA->-BRCA1,2,1,4.000000,4,5.589795e-01,
CDH1->-RHOA,2,1,4.000000,4,2.584503e-01,
PTEN->-ARID1B,2,1,4.000000,4,1.840278e-01,
CDH1->-PAK7,2,1,4.000000,4,4.027778e-02,
CDH1->-PAK7 CDH1->-TP53 TP53->-PAK7,3,3,2.000000,2,4.320988e-02,
PIK3CA->-FGFR4,2,1,4.000000,4,5.858173e-01,
CDH1->-FGFR4,2,1,4.000000,4,1.329545e-01,
GATA3->-NSD1,2,1,4.000000,4,5.833333e-02,
ZFHX3->-KMT2C,2,1,4.000000,4,1.541667e-01,
KMT2C->-PIK3CA ZFHX3->-KMT2C ZFHX3->-PIK3CA,3,3,2.000000,2,1.001157e-01,
GATA3->-MED12,2,1,4.000000,4,4.791667e-02,
MAP3K1->-CDH1,2,1,4.000000,4,9.996404e-01,
MAP3K1->-CDH1 MAP3K1->-PIK3CA PIK3CA->-CDH1,3,3,2.000000,2,7.248008e-01,
PIK3CA->-TSHR,2,1,4.000000,4,3.125000e-02,
TP53->-GATA2,2,1,4.000000,4,1.875000e-01,
TP53->-GSK3B,2,1,4.000000,4,1.604938e-02,
ARID1A->-FLT3,2,1,4.000000,4,1.282143e-01,
FOXA1->-CDH1,2,1,4.000000,4,9.996440e-01,
MAP3K1->-ARID2,2,1,4.000000,4,4.189560e-02,
PIK3CA->-PMS1,2,1,4.000000,4,5.000000e-02,
MAP3K1->-FOXA1,2,1,4.000000,4,8.843409e-01,
MAP3K1->-FOXA1 MAP3K1->-PIK3CA PIK3CA->-FOXA1,3,3,3.000000,3,1.277272e-01,
MAP3K1->-DICER1,2,1,4.000000,4,3.923077e-02,
ERBB2->-ERBB3,2,1,4.000000,4,4.189560e-02,
CDH1->-ERBB3 ERBB2->-CDH1 ERBB2->-ERBB3,3,3,2.000000,2,7.407407e-02,
NF1->-CDH1,2,1,4.000000,4,9.422693e-01,
CDH1->-PIK3CA NF1->-CDH1 NF1->-PIK3CA,3,3,2.000000,2,3.990525e-01,
NF1->-ERBB3,2,1,4.000000,4,6.250000e-02,
NF1->-ERBB3 NF1->-TP53 TP53->-ERBB3,3,3,2.000000,2,7.407407e-02,
TP53->-DAXX,2,1,4.000000,4,3.612479e-02,
CDH1->-JAK2,2,1,4.000000,4,4.166667e-02,
PIK3CA->-INSR,2,1,4.000000,4,1.636905e-01,
PIK3CA->-INSR PIK3CA->-TP53 TP53->-INSR,3,3,2.000000,2,7.407407e-02,
ERBB2->-FOXA1,2,1,4.000000,4,3.437500e-01,
ERBB2->-FOXA1 ERBB2->-MAP3K1 FOXA1->-MAP3K1,3,3,2.000000,2,2.777778e-02,
MAP3K1->-CDKN1B,2,1,4.000000,4,3.897436e-01,
TP53->-DICER1,2,1,4.000000,4,2.450397e-02,
PIK3CA->-DICER1 TP53->-DICER1 TP53->-PIK3CA,3,3,2.000000,2,2.252929e-02,
SPEN->-KMT2C,2,1,4.000000,4,4.010417e-01,
CDH1->-KMT2C CDH1->-SPEN SPEN->-KMT2C,3,3,2.000000,2,9.722222e-02,
TP53->-JUN,2,1,4.000000,4,6.250000e-02,
CDH1->-JUN,2,1,4.000000,4,5.571429e-02,
TP53->-FGFR2,2,1,4.000000,4,4.133598e-02,
PIK3CA->-YES1,2,1,4.000000,4,3.251232e-02,
MAP2K4->-NCOR1,2,1,4.000000,4,6.354167e-01,
GATA3->-PDGFRA,2,1,4.000000,4,1.875000e-01,
PIK3CA->-DNMT3B,2,1,4.000000,4,1.758041e-01,
CDH1->-DNMT3B,2,1,4.000000,4,6.250000e-02,
CDH1->-DNMT3B CDH1->-PIK3CA PIK3CA->-DNMT3B,3,3,2.000000,2,2.777778e-02,
CDH1->-POLE,2,1,4.000000,4,1.625000e-01,
APC->-PIK3CA,2,1,4.000000,4,7.936872e-01,
APC->-PIK3CA CDH1->-APC CDH1->-PIK3CA,3,3,2.000000,2,1.302910e-01,
KMT2C->-PTCH1,2,1,4.000000,4,1.927064e-01,
CDH1->-KMT2A CDH1->-KMT2C CDH1->-PTCH1 KMT2C->-KMT2A KMT2C->-PTCH1 PTCH1->-KMT2A,4,6,2.000000,2,1.659518e-03,
TP53->-JAK2,2,1,4.000000,4,1.915773e-01,
CDH1->-JAK2 TP53->-CDH1 TP53->-JAK2,3,3,2.000000,2,2.777778e-02,
KMT2C->-PARP1,2,1,4.000000,4,5.418719e-02,
PIK3CA->-PIK3CB,2,1,4.000000,4,2.595437e-01,
PIK3CA->-PIK3CB PIK3CA->-TP53 TP53->-PIK3CB,3,3,2.000000,2,2.222222e-02,
MDC1->-PIK3CB PIK3CA->-MDC1 PIK3CA->-PIK3CB,3,3,2.000000,2,2.222222e-02,
ARID1A->-KMT2D,2,1,4.000000,4,2.801091e-01,
ARID1A->-KMT2D PIK3CA->-ARID1A PIK3CA->-KMT2D,3,3,2.000000,2,7.301418e-02,
SPOP->-PIK3CA,2,1,4.000000,4,1.875000e-01,
CDH1->-SMAD4,2,1,4.000000,4,4.256101e-01,
CDH1->-PIK3CA CDH1->-SMAD4 PIK3CA->-SMAD4,3,3,2.000000,2,7.275132e-02,
RUNX1->-FOXA1,2,1,4.000000,4,3.437500e-01,
PIK3CA->-FOXA1 PIK3CA->-RUNX1 RUNX1->-FOXA1,3,3,2.000000,2,7.407407e-02,
CDH1->-FOXA1 CDH1->-RUNX1 RUNX1->-FOXA1,3,3,2.000000,2,1.962449e-01,
PIK3CA->-INPP4A,2,1,4.000000,4,1.875000e-01,
CDH1->-TET2,2,1,4.000000,4,6.190476e-02,
CDH1->-NOTCH4,2,1,4.000000,4,6.204044e-02,
CDH1->-NOTCH4 CDH1->-PIK3CA PIK3CA->-NOTCH4,3,3,2.000000,2,7.407407e-02,
TP53->-ERCC4,2,1,4.000000,4,2.777778e-02,
KMT2A->-PIK3CA,2,1,4.000000,4,9.580630e-01,
NF1->-FOXA1,2,1,4.000000,4,6.250000e-02,
NF1->-FOXA1 NF1->-PIK3CA PIK3CA->-FOXA1,3,3,2.000000,2,7.407407e-02,
NF1->-FOXA1 TP53->-FOXA1 TP53->-NF1,3,3,2.000000,2,7.407407e-02,
PTEN->-SETD2,2,1,4.000000,4,1.064092e-01,
CDH1->-DNMT3A,2,1,4.000000,4,1.708744e-01,
CDH1->-DNMT3A CDH1->-PIK3CA PIK3CA->-DNMT3A,3,3,2.000000,2,6.452087e-02,
CDH1->-DNMT3A TP53->-CDH1 TP53->-DNMT3A,3,3,2.000000,2,2.204586e-02,
NCOR1->-MAP2K4,2,1,4.000000,4,6.354167e-01,
MAP2K4->-PIK3CA NCOR1->-MAP2K4 NCOR1->-PIK3CA,3,3,2.000000,2,1.302910e-01,
SOX9->-PTCH1,2,1,4.000000,4,6.250000e-02,
TP53->-EGFR,2,1,4.000000,4,2.250000e-02,
APC->-KMT2D,2,1,4.000000,4,1.700898e-01,
APC->-KMT2D TP53->-APC TP53->-KMT2D,3,3,3.000000,3,1.349264e-02,
GATA3->-CREBBP,2,1,4.000000,4,1.240741e-01,
CREBBP->-MAP3K1 GATA3->-CREBBP GATA3->-MAP3K1 GATA3->-PIK3CA PIK3CA->-CREBBP PIK3CA->-MAP3K1,4,6,2.000000,2,1.736111e-03,
JAK1->-PIK3CA,2,1,4.000000,4,4.450549e-01,
TP53->-EPCAM,2,1,4.000000,4,1.470486e-01,
CDH1->-ANKRD11,2,1,4.000000,4,2.824097e-01,
PIK3CA->-MSH6,2,1,4.000000,4,3.437500e-01,
TP53->-KLF4,2,1,4.000000,4,2.891204e-01,
TBX3->-RUNX1,2,1,4.000000,4,3.437500e-01,
CDH1->-PARP1,2,1,4.000000,4,1.319787e-01,
CDH1->-KMT2C CDH1->-PARP1 KMT2C->-PARP1,3,3,2.000000,2,6.452087e-02,
CDH1->-PARP1 CDH1->-RAD50 RAD50->-PARP1,3,3,2.000000,2,2.204586e-02,
CDH1->-ARID5B,2,1,4.000000,4,5.418719e-02,
CDH1->-ARID5B CDH1->-PIK3CA PIK3CA->-ARID5B,3,3,3.000000,3,1.381540e-02,
KMT2D->-KMT2C,2,1,4.000000,4,4.291710e-01,
KMT2D->-KMT2C TP53->-KMT2C TP53->-KMT2D,3,3,2.000000,2,2.009916e-01,
NF1->-ATM,2,1,4.000000,4,5.357143e-02,
NF1->-ATM NF1->-PIK3CA PIK3CA->-ATM,3,3,2.000000,2,2.777778e-02,
KMT2C->-TSC2,2,1,4.000000,4,2.772727e-01,
TP53->-AURKA,2,1,4.000000,4,2.728175e-02,
TP53->-MSH6,2,1,4.000000,4,1.329545e-01,
PIK3CA->-IKBKE,2,1,4.000000,4,1.666667e-01,
PIK3CA->-PALB2,2,1,4.000000,4,2.096752e-01,
GATA3->-CBFB,2,1,4.000000,4,9.998906e-01,
PIK3CA->-NF2,2,1,4.000000,4,5.234127e-02,
RHOA->-PIK3CA,2,1,4.000000,4,2.405134e-01,
CDH1->-PIK3CA CDH1->-RHOA RHOA->-PIK3CA,3,3,2.000000,2,5.753968e-02,
TP53->-E2F3,2,1,4.000000,4,1.750000e-02,
PIK3CA->-PAK7,2,1,4.000000,4,2.250694e-01,
CDH1->-PAK7 CDH1->-PIK3CA PIK3CA->-PAK7,3,3,2.000000,2,7.407407e-02,
TP53->-NF2,2,1,4.000000,4,2.638889e-02,
PIK3CA->-PPP2R1A,2,1,4.000000,4,2.351667e-01,
GATA3->-FOXA1,2,1,4.000000,4,7.054427e-01,
GATA3->-FOXA1 PIK3CA->-FOXA1 PIK3CA->-GATA3,3,3,2.000000,2,2.230367e-01,
MGA->-ATR,2,1,4.000000,4,5.314626e-02,
MGA->-ATR MGA->-PIK3CA PIK3CA->-ATR,3,3,2.000000,2,1.121036e-01,
TP53->-SMAD2,2,1,4.000000,4,1.458333e-01,
PIK3CA->-KDM5C,2,1,4.000000,4,7.297852e-01,
TP53->-CDKN1A,2,1,4.000000,4,1.304949e-01,
GATA3->-SF3B1,2,1,4.000000,4,5.000000e-01,
GATA3->-SF3B1 PIK3CA->-GATA3 PIK3CA->-SF3B1,3,3,2.000000,2,7.407407e-02,
ERBB4->-GATA3,2,1,4.000000,4,1.500000e-01,
ESR1->-FAT1,2,1,3.000000,3,5.284307e-01,
ESR1->-NOTCH1,2,1,3.000000,3,2.646808e-01,
ESR1->-RICTOR,2,1,3.000000,3,4.378133e-01,
SETD2->-ARID1A,2,1,3.000000,3,4.809680e-01,
ARID1A->-PIK3CA SETD2->-ARID1A SETD2->-PIK3CA,3,3,2.000000,2,1.847095e-01,
NOTCH1->-PIK3CA SETD2->-NOTCH1 SETD2->-PIK3CA,3,3,2.000000,2,6.681191e-02,
ARID1A->-CARD11,2,1,3.000000,3,3.626788e-01,
ARID2->-CARD11,2,1,3.000000,3,2.338080e-01,
ARID1A->-CARD11 ARID2->-ARID1A ARID2->-CARD11,3,3,2.000000,2,4.281804e-02,
LATS2->-PIK3CA,2,1,3.000000,3,6.416301e-01,
ARID2->-PIK3CA,2,1,3.000000,3,9.654542e-01,
ARID1A->-ARID2,2,1,3.000000,3,8.188955e-01,
ARID1A->-ARID2 ARID1A->-PIK3CA ARID2->-PIK3CA,3,3,2.000000,2,1.215834e-01,
FAT1->-SETD2,2,1,3.000000,3,2.949561e-01,
FAT1->-SETD2 TP53->-FAT1 TP53->-SETD2,3,3,2.000000,2,2.777778e-02,
GATA3->-PTEN,2,1,3.000000,3,8.021637e-01,
ATM->-MAP3K1,2,1,3.000000,3,3.824650e-01,
ATM->-MAP3K1 ATM->-PIK3CA MAP3K1->-PIK3CA,3,3,2.000000,2,9.722222e-02,
NOTCH1->-MAP3K1,2,1,3.000000,3,3.861607e-01,
EP300->-PIK3CA,2,1,3.000000,3,8.984279e-01,
AXL->-PIK3CA,2,1,3.000000,3,5.636161e-01,
PIK3CA->-SMO,2,1,3.000000,3,7.340543e-01,
CDH1->-PIK3CA CDH1->-SMO PIK3CA->-SMO,3,3,2.000000,2,1.200029e-01,
KMT2A->-BRCA2,2,1,3.000000,3,2.562500e-01,
SDHB->-TP53,2,1,3.000000,3,7.128217e-01,
TP53->-ASXL1,2,1,3.000000,3,1.250000e-01,
PTEN->-FOXA1,2,1,3.000000,3,3.599725e-01,
MTOR->-XPO1,2,1,3.000000,3,1.250000e-01,
KMT2C->-XPO1,2,1,3.000000,3,1.250000e-01,
KMT2C->-PTPRD,2,1,3.000000,3,2.875616e-01,
CDK8->-PIK3CA,2,1,3.000000,3,1.825231e-01,
CDK8->-PIK3CA TP53->-CDK8 TP53->-PIK3CA,3,3,2.000000,2,2.777778e-03,
CDH1->-DOT1L,2,1,3.000000,3,2.410714e-01,
DOT1L->-MAP3K1,2,1,3.000000,3,2.187500e-01,
CDH1->-DOT1L CDH1->-MAP3K1 DOT1L->-MAP3K1,3,3,2.000000,2,2.777778e-02,
CDH1->-MAP3K1 CDH1->-NSD1 NSD1->-MAP3K1,3,3,2.000000,2,1.319444e-01,
NSD1->-KMT2C,2,1,3.000000,3,4.750000e-01,
NSD1->-KMT2C PIK3CA->-KMT2C PIK3CA->-NSD1,3,3,2.000000,2,2.777778e-02,
ARID1A->-KMT2C ARID1A->-NSD1 NSD1->-KMT2C,3,3,2.000000,2,2.777778e-02,
NSD1->-MAP3K1,2,1,3.000000,3,7.578125e-01,
MAP3K1->-KMT2C NSD1->-KMT2C NSD1->-MAP3K1,3,3,2.000000,2,5.787037e-02,
PIK3CA->-FH,2,1,3.000000,3,2.458333e-01,
ARID1A->-FOXA1,2,1,3.000000,3,4.285714e-01,
MAP3K1->-EPHB1,2,1,3.000000,3,4.553571e-01,
CDH1->-EPHB1 CDH1->-MAP3K1 CDH1->-PIK3CA MAP3K1->-EPHB1 PIK3CA->-EPHB1 PIK3CA->-MAP3K1,4,6,2.000000,2,7.440476e-04,
ARID1A->-EPHB1,2,1,3.000000,3,1.240079e-01,
ARID1A->-EPHB1 TP53->-ARID1A TP53->-EPHB1,3,3,2.000000,2,2.714184e-02,
ARID1A->-MAP3K1,2,1,3.000000,3,9.238189e-01,
CBFB->-EGFR,2,1,3.000000,3,8.333333e-02,
GATA3->-PIK3R2,2,1,3.000000,3,1.992063e-01,
STAG2->-FAT1,2,1,3.000000,3,3.125000e-01,
NCOR1->-FAT1,2,1,3.000000,3,2.500000e-01,
NCOR1->-FAT1 NCOR1->-PIK3CA PIK3CA->-FAT1,3,3,2.000000,2,9.887566e-02,
PIK3CA->-ASXL2,2,1,3.000000,3,6.283482e-01,
PIK3CA->-FGFR3,2,1,3.000000,3,4.440247e-01,
PIK3CA->-RBM10,2,1,3.000000,3,3.125000e-01,
PIK3CA->-PDCD1,2,1,3.000000,3,3.125000e-01,
ERBB2->-RICTOR,2,1,3.000000,3,1.083744e-01,
CDH1->-ERBB2 CDH1->-RICTOR ERBB2->-RICTOR,3,3,2.000000,2,2.204586e-02,
AKT1->-RUNX1,2,1,3.000000,3,6.111111e-02,
TP53->-CDK12,2,1,3.000000,3,3.508411e-01,
IKZF1->-PIK3CA,2,1,3.000000,3,7.503439e-01,
CDH1->-FLT1,2,1,3.000000,3,1.250000e-01,
HIST1H3I->-SMARCA4,2,1,3.000000,3,1.076552e-01,
HIST1H3I->-SMARCA4 PIK3CA->-HIST1H3I PIK3CA->-SMARCA4,3,3,2.000000,2,6.318439e-02,
PIK3CA->-EIF4A2,2,1,3.000000,3,3.354999e-01,
PIK3CA->-FBXW7,2,1,3.000000,3,5.538324e-01,
PIK3CA->-PDGFRA,2,1,3.000000,3,7.090488e-01,
CDH1->-EPHA7,2,1,3.000000,3,1.240809e-01,
SPEN->-ARID2,2,1,3.000000,3,2.767857e-01,
SPEN->-ARID2 TP53->-ARID2 TP53->-SPEN,3,3,2.000000,2,5.555556e-02,
LATS1->-TSC2,2,1,3.000000,3,8.863636e-02,
TP53->-LATS1,2,1,3.000000,3,5.000000e-01,
TP53->-SOX2,2,1,3.000000,3,1.041667e-01,
PIK3CA->-BRD4,2,1,3.000000,3,3.137175e-01,
CDH1->-GRIN2A,2,1,3.000000,3,1.250000e-01,
IRS1->-PIK3CA,2,1,3.000000,3,6.576865e-01,
ATR-/-CARD11 TP53->-ATR TP53->-CARD11,3,3,3.000000,3,1.491337e-05,
TP53->-GNA11,2,1,3.000000,3,9.091192e-02,
MDC1->-PIK3CA,2,1,3.000000,3,9.208887e-01,
MAP3K1->-CARD11,2,1,3.000000,3,6.955218e-02,
ERBB3->-CARD11 MAP3K1->-CARD11 MAP3K1->-ERBB3,3,3,2.000000,2,8.993007e-03,
TP53->-PIK3C3,2,1,3.000000,3,1.037582e-01,
PTEN->-ATM,2,1,3.000000,3,6.725275e-02,
PIK3CA->-ATM PTEN->-ATM PTEN->-PIK3CA,3,3,2.000000,2,1.111111e-02,
TP53->-RPS6KA4,2,1,3.000000,3,2.091837e-01,
TP53->-NTRK3,2,1,3.000000,3,3.125000e-01,
PIK3CA->-AMER1,2,1,3.000000,3,3.777365e-01,
TP53->-PMS2,2,1,3.000000,3,1.041667e-01,
CDKN2A->-TP53,2,1,3.000000,3,9.898795e-01,
MEN1->-STAG2,2,1,3.000000,3,1.083744e-01,
GATA3->-NUP93 MEN1->-GATA3 MEN1->-NUP93 MEN1->-STAG2 STAG2->-GATA3 STAG2->-NUP93,4,6,2.000000,2,1.736111e-03,
MEN1->-NUP93 MEN1->-PIK3CA PIK3CA->-NUP93,3,3,2.000000,2,2.777778e-02,
KMT2C->-ATM,2,1,3.000000,3,5.092420e-01,
CHEK2->-ARID1A,2,1,3.000000,3,8.690476e-02,
KMT2C->-SPEN,2,1,3.000000,3,6.953125e-01,
MAP3K1->-SPEN,2,1,3.000000,3,3.125000e-01,
GATA3->-SPEN MAP3K1->-GATA3 MAP3K1->-SPEN,3,3,2.000000,2,2.777778e-02,
ARID1A->-SPEN PIK3CA->-ARID1A PIK3CA->-SPEN,3,3,3.000000,3,1.620370e-02,
ARID1A->-SPEN CDH1->-ARID1A CDH1->-SPEN,3,3,2.000000,2,2.777778e-02,
ARID1A->-SPEN MEN1->-ARID1A MEN1->-SPEN,3,3,2.000000,2,2.777778e-02,
GATA3->-NUP93,2,1,3.000000,3,1.250000e-01,
GATA3->-NUP93 PIK3CA->-GATA3 PIK3CA->-NUP93,3,3,2.000000,2,7.407407e-02,
ARID1A->-EGFR,2,1,3.000000,3,1.250000e-01,
ARID1A->-EGFR GATA3->-ARID1A GATA3->-EGFR,3,3,2.000000,2,2.777778e-02,
PIK3CA->-FLT3,2,1,3.000000,3,5.000000e-01,
GATA3->-ERBB3,2,1,3.000000,3,3.696429e-01,
KMT2C->-AKT1,2,1,3.000000,3,7.890625e-01,
RECQL4->-PIK3CA,2,1,3.000000,3,6.222260e-01,
PIK3CA->-IRS1,2,1,3.000000,3,6.576865e-01,
AKT1->-NF1,2,1,3.000000,3,1.190476e-01,
ATM->-KMT2C,2,1,3.000000,3,5.092420e-01,
TSC2->-PIK3CA,2,1,3.000000,3,7.455357e-01,
ROS1->-TP53,2,1,3.000000,3,9.610910e-01,
PIK3CA->-ROS1 PIK3CA->-TP53 ROS1->-TP53,3,3,2.000000,2,1.479459e-01,
ROS1->-PIK3CA,2,1,3.000000,3,8.913393e-01,
ESR1-/-PIK3CA,2,1,3.000000,3,7.695893e-01,
CDH1->-PIK3CG,2,1,3.000000,3,2.789474e-01,
TBX3->-ANKRD11,2,1,3.000000,3,5.000000e-01,
CDH1->-BRCA2 CDH1->-ESR1 ESR1->-BRCA2,3,3,3.000000,3,4.629630e-03,
TBX3->-BRCA2,2,1,3.000000,3,4.046703e-01,
CDH1->-HNF1A,2,1,3.000000,3,1.250000e-01,
GATA3->-ATR,2,1,3.000000,3,1.250000e-01,
CDH1->-CDK12,2,1,3.000000,3,6.614035e-02,
TBX3->-FAT1,2,1,3.000000,3,4.586466e-02,
FAT1->-DDR2,2,1,3.000000,3,6.879699e-02,
FAT1->-DDR2 TP53->-DDR2 TP53->-FAT1,3,3,2.000000,2,1.990741e-02,
PTEN->-FAT1,2,1,3.000000,3,5.247727e-01,
PTEN->-MAP2K4,2,1,3.000000,3,8.407895e-01,
PTEN->-MAP2K4 PTEN->-TP53 TP53->-MAP2K4,3,3,2.000000,2,1.155478e-01,
MAP2K4->-PTPRS,2,1,3.000000,3,1.026316e-01,
PTEN->-DDR2,2,1,3.000000,3,2.084211e-01,
PTEN->-JAK3,2,1,3.000000,3,6.442105e-02,
PTEN->-PTPRS,2,1,3.000000,3,1.026316e-01,
CDH1->-PTPRS PTEN->-CDH1 PTEN->-PTPRS,3,3,2.000000,2,1.990741e-02,
PTEN->-ACVR1,2,1,2.000000,2,2.052632e-01,
TP53->-FLT3,2,1,3.000000,3,1.026316e-01,
PIK3CA->-FLT3 TP53->-FLT3 TP53->-PIK3CA,3,3,2.000000,2,2.777778e-02,
NF1->-FLT3,2,1,2.000000,2,2.500000e-01,
ATRX->-EPHB1,2,1,3.000000,3,1.018170e-01,
ATRX->-EPHB1 TP53->-ATRX TP53->-EPHB1,3,3,2.000000,2,6.001701e-02,
PTEN->-EPHB1,2,1,2.000000,2,2.036341e-01,
ATRX->-EPHB1 CDH1->-ATRX CDH1->-EPHB1,3,3,2.000000,2,1.990741e-02,
TP53->-RHOA,2,1,3.000000,3,3.558340e-01,
ATM->-FAT1,2,1,3.000000,3,2.413492e-01,
ATM->-FAT1 PIK3CA->-ATM PIK3CA->-FAT1 PIK3CA->-TP53 TP53->-ATM TP53->-FAT1,4,6,2.000000,2,4.176312e-03,
GNA11->-FAT1 PIK3CA->-FAT1 PIK3CA->-GNA11 PIK3CA->-TP53 TP53->-FAT1 TP53->-GNA11,4,6,2.000000,2,1.273148e-03,
PIK3CA->-GNA11,2,1,3.000000,3,2.587379e-01,
TP53->-WT1,2,1,3.000000,3,9.318182e-02,
TP53->-H3F3C,2,1,3.000000,3,6.269841e-02,
PIK3CA->-RIT1,2,1,3.000000,3,7.846154e-02,
PIK3CA->-GATA2,2,1,3.000000,3,3.125000e-01,
PIK3CA->-CTCF,2,1,3.000000,3,9.482558e-01,
STK11->-EP300,2,1,3.000000,3,2.795956e-01,
STK11->-EP300 TP53->-EP300 TP53->-STK11,3,3,2.000000,2,1.052790e-01,
TP53->-INPP4A,2,1,3.000000,3,1.250000e-01,
TP53->-ERCC2,2,1,3.000000,3,1.125000e-01,
PIK3C2G->-CREBBP,2,1,3.000000,3,2.760417e-01,
PIK3C2G->-CREBBP PIK3CA->-CREBBP PIK3CA->-PIK3C2G,3,3,2.000000,2,1.126543e-01,
CREBBP->-MAP3K1 PIK3CA->-CREBBP PIK3CA->-MAP3K1,3,3,3.000000,3,3.086420e-03,
PIK3C2G->-MAP3K1,2,1,3.000000,3,2.760417e-01,
PIK3C2G->-MAP3K1 PIK3CA->-MAP3K1 PIK3CA->-PIK3C2G,3,3,2.000000,2,5.864198e-02,
PIK3CA->-SMAD2,2,1,3.000000,3,2.760417e-01,
CDH1->-GPS2,2,1,3.000000,3,6.286706e-01,
DOT1L->-PIK3CA,2,1,3.000000,3,5.000000e-01,
PTEN->-DNMT1,2,1,3.000000,3,6.102564e-02,
PIK3CA->-DNMT1 PTEN->-DNMT1 PTEN->-PIK3CA,3,3,2.000000,2,1.111111e-02,
ATRX->-PIK3CA,2,1,3.000000,3,9.045850e-01,
NCOR1->-PTEN,2,1,3.000000,3,4.291667e-01,
TP53->-RASA1,2,1,3.000000,3,4.086034e-01,
IRS2->-CARD11,2,1,3.000000,3,6.909091e-02,
IRS2->-CARD11 TP53->-CARD11 TP53->-IRS2,3,3,2.000000,2,3.529040e-02,
GATA3->-CARD11,2,1,3.000000,3,7.338624e-02,
NCOR1->-CARD11,2,1,3.000000,3,2.833333e-01,
TP53->-CDK4,2,1,3.000000,3,1.250000e-01,
TP53->-AKT2,2,1,3.000000,3,8.750000e-02,
MED12->-NSD1,2,1,3.000000,3,3.000000e-01,
PTEN->-NSD1,2,1,3.000000,3,1.250000e-01,
NCOR1->-NSD1 PTEN->-NCOR1 PTEN->-NSD1 TP53->-NCOR1 TP53->-NSD1 TP53->-PTEN,4,6,2.000000,2,1.736111e-03,
MED12->-FGFR4,2,1,3.000000,3,7.846154e-02,
NF1->-NCOR1,2,1,3.000000,3,4.714286e-01,
NCOR1->-MAP3K1,2,1,3.000000,3,9.127137e-01,
NCOR1->-MAP3K1 TP53->-MAP3K1 TP53->-NCOR1,3,3,2.000000,2,1.056397e-01,
MAP3K1->-PIK3CA NCOR1->-MAP3K1 NCOR1->-PIK3CA,3,3,2.000000,2,2.636293e-01,
CDKN1B-/-PIK3CA,2,1,3.000000,3,4.136752e-02,
CDKN1B-/-KMT2C CDKN1B-/-PIK3CA MAP3K1->-CDKN1B MAP3K1->-KMT2C MAP3K1->-PIK3CA PIK3CA->-KMT2C,4,6,2.000000,2,2.968227e-04,
PIK3CA->-PIK3C3,2,1,3.000000,3,1.507295e-01,
ARID1A->-CREBBP,2,1,3.000000,3,2.671703e-01,
ARID1A->-CREBBP CDH1->-ARID1A CDH1->-CREBBP,3,3,2.000000,2,1.092097e-01,
ARID1A->-APC CDH1->-APC CDH1->-ARID1A,3,3,2.000000,2,2.777778e-02,
ARID1A->-CREBBP ARID1A->-PIK3CA PIK3CA->-CREBBP,3,3,2.000000,2,5.588624e-02,
PIK3CA->-RASA1,2,1,3.000000,3,2.384386e-01,
ARID1A->-BRCA2,2,1,3.000000,3,5.188007e-01,
ARID1A->-BRCA2 ARID1A->-PIK3CA PIK3CA->-BRCA2,3,3,2.000000,2,5.588624e-02,
NF1->-ASXL1,2,1,3.000000,3,1.000000e-01,
NF1->-ASXL1 TP53->-ASXL1 TP53->-NF1,3,3,2.000000,2,2.777778e-02,
ATM->-TBX3,2,1,3.000000,3,9.318182e-02,
TBX3->-MAP3K1,2,1,3.000000,3,8.998125e-01,
MAP3K1->-PIK3CA TBX3->-MAP3K1 TBX3->-PIK3CA,3,3,2.000000,2,2.001967e-01,
CHEK2->-TP53,2,1,3.000000,3,3.892857e-01,
CHEK2->-PIK3CA CHEK2->-TP53 TP53->-PIK3CA,3,3,2.000000,2,2.777778e-02,
PIK3CA->-HIST1H3B,2,1,3.000000,3,2.806373e-01,
CDH1->-KDM6A,2,1,3.000000,3,4.986213e-01,
MAP3K1->-FANCA,2,1,3.000000,3,1.839286e-01,
GATA3->-POLE,2,1,3.000000,3,5.187698e-01,
CDH1->-LATS1,2,1,3.000000,3,9.166667e-02,
MTOR->-CDH1,2,1,3.000000,3,7.345344e-01,
CDH1->-PBRM1,2,1,3.000000,3,3.125000e-01,
CDH1->-FBXW7,2,1,3.000000,3,1.041667e-01,
CDH1->-FBXW7 TP53->-CDH1 TP53->-FBXW7,3,3,2.000000,2,5.092593e-02,
NF1->-ARID1A,2,1,3.000000,3,3.125000e-01,
NF1->-ARID1A PIK3CA->-ARID1A PIK3CA->-NF1,3,3,2.000000,2,7.407407e-02,
BRCA2->-PIK3CA,2,1,3.000000,3,9.288616e-01,
ATM->-ESR1,2,1,3.000000,3,1.250000e-01,
SPEN->-GATA3,2,1,3.000000,3,9.713309e-01,
ATRX->-GATA3,2,1,3.000000,3,3.125000e-01,
ESR1->-RHOA,2,1,3.000000,3,1.250000e-01,
CDH1->-ESR1 CDH1->-RHOA ESR1->-RHOA,3,3,2.000000,2,2.777778e-02,
CDH1->-SMARCB1,2,1,3.000000,3,9.523810e-02,
CDH1->-ARID1B,2,1,3.000000,3,3.042279e-01,
CDH1->-ERCC5,2,1,3.000000,3,8.055556e-02,
CDH1->-ATR,2,1,3.000000,3,2.238506e-01,
CDH1->-ATR CDH1->-PIK3CA PIK3CA->-ATR,3,3,2.000000,2,6.452087e-02,
MAP2K4->-CDH1,2,1,3.000000,3,9.593606e-01,
PIK3CA->-LATS2,2,1,3.000000,3,6.416301e-01,
MAP2K4->-MED12,2,1,3.000000,3,1.250000e-01,
MAP3K1->-MED12,2,1,3.000000,3,2.426923e-01,
MAP3K1->-MED12 PTEN->-MAP3K1 PTEN->-MED12,3,3,2.000000,2,4.629630e-02,
TP53->-DNMT3B,2,1,3.000000,3,1.190476e-01,
MAP3K1->-PTPRD,2,1,3.000000,3,2.760417e-01,
PIK3CA->-JAK1,2,1,3.000000,3,7.322287e-01,
ARID1A->-JAK1,2,1,3.000000,3,1.250000e-01,
ARID1A->-JAK1 ARID1A->-PIK3CA JAK1->-PIK3CA,3,3,2.000000,2,7.407407e-02,
AKT1->-CBFB,2,1,3.000000,3,8.417969e-01,
CBFB->-ERBB2,2,1,3.000000,3,1.041667e-01,
BCL6->-CDH1,2,1,3.000000,3,5.000000e-01,
MGA->-ARID2 TP53->-ARID2 TP53->-MGA,3,3,3.000000,3,1.168607e-03,
MST1R->-KMT2C,2,1,3.000000,3,3.125000e-01,
MST1R->-KMT2C PIK3CA->-KMT2C PIK3CA->-MST1R,3,3,2.000000,2,7.407407e-02,
MST1R->-MAP3K1 PIK3CA->-MAP3K1 PIK3CA->-MST1R,3,3,3.000000,3,4.629630e-03,
PIK3CA->-FLT1,2,1,3.000000,3,4.528509e-01,
CHEK2->-GATA3,2,1,3.000000,3,2.553571e-01,
PIK3C2G-/-POLE,2,1,3.000000,3,6.339048e-02,
GATA3->-ASXL1,2,1,3.000000,3,1.992063e-01,
BRCA2->-ARID1A,2,1,3.000000,3,5.188007e-01,
KMT2D->-TP53,2,1,3.000000,3,9.999878e-01,
TP53->-CUL3,2,1,3.000000,3,8.750000e-02,
ARID1A->-ATM,2,1,3.000000,3,3.910714e-01,
CDH1->-ARID2,2,1,3.000000,3,3.125000e-01,
CDH1->-ARID2 CDH1->-PIK3CA PIK3CA->-ARID2,3,3,2.000000,2,7.407407e-02,
CDH1->-DAXX,2,1,3.000000,3,1.083744e-01,
PTPRT->-PIK3CA,2,1,3.000000,3,9.881022e-01,
PIK3CA->-KDM5A,2,1,3.000000,3,4.375000e-01,
ARID1A->-ATR,2,1,3.000000,3,1.240079e-01,
PIK3CA->-KMT2D PIK3CA->-ROS1 ROS1->-KMT2D,3,3,2.000000,2,2.714184e-02,
ARID1A->-ATR ARID1A->-BCOR BCOR->-ATR PIK3CA->-ARID1A PIK3CA->-ATR PIK3CA->-BCOR PIK3CA->-ROS1 ROS1->-ARID1A ROS1->-ATR ROS1->-BCOR,5,10,2.000000,2,3.843163e-04,
ARID1A->-NOTCH4,2,1,3.000000,3,1.250000e-01,
BRCA1->-TET2,2,1,3.000000,3,1.936667e-01,
ESR1->-NCOR1,2,1,3.000000,3,6.562500e-01,
GATA3->-RICTOR,2,1,3.000000,3,3.729167e-01,
GATA3->-PIK3CA GATA3->-RICTOR PIK3CA->-RICTOR,3,3,2.000000,2,6.218998e-02,
CDH1->-SF3B1,2,1,3.000000,3,3.125000e-01,
PTPRS->-KMT2D TP53->-KMT2D TP53->-PTPRS,3,3,3.000000,3,4.629630e-03,
NF1->-KMT2D,2,1,3.000000,3,2.750000e-01,
KMT2C->-KMT2D,2,1,3.000000,3,7.180957e-01,
KMT2C->-KMT2D TP53->-KMT2C TP53->-KMT2D,3,3,2.000000,2,2.009916e-01,
KMT2C->-KMT2D PTPRT->-KMT2C PTPRT->-KMT2D,3,3,2.000000,2,2.777778e-02,
PTPRT->-KMT2D,2,1,3.000000,3,6.156566e-01,
KMT2D->-PIK3CA PTPRT->-KMT2D PTPRT->-PIK3CA,3,3,2.000000,2,1.681581e-01,
PTPRS->-KMT2C,2,1,3.000000,3,3.125000e-01,
PTPRS->-KMT2C TP53->-KMT2C TP53->-PTPRS,3,3,2.000000,2,2.777778e-02,
PTPRT->-KMT2C,2,1,3.000000,3,1.250000e-01,
PTPRT->-KMT2C TP53->-KMT2C TP53->-PTPRT,3,3,2.000000,2,7.407407e-02,
CREBBP->-TP53,2,1,3.000000,3,9.933521e-01,
ESR1->-SPEN,2,1,3.000000,3,5.000000e-01,
ARID1B->-TP53,2,1,3.000000,3,9.826032e-01,
FGFR4->-PIK3CA,2,1,3.000000,3,8.249279e-01,
MEN1->-FAT1,2,1,3.000000,3,1.011905e-01,
FOXA1->-FAT1,2,1,3.000000,3,1.804511e-01,
TP53->-CDKN1B,2,1,3.000000,3,2.625000e-01,
SF3B1->-GATA3,2,1,3.000000,3,7.734375e-01,
SOX9->-TP53,2,1,3.000000,3,5.597222e-01,
TP53->-NTRK1,2,1,3.000000,3,1.307407e-01,
SPEN->-TP53,2,1,3.000000,3,9.811299e-01,
SPEN->-CDH1,2,1,3.000000,3,9.437956e-01,
SDHB->-GATA3,2,1,3.000000,3,3.042279e-01,
PTEN->-MST1R,2,1,3.000000,3,1.250000e-01,
KDM5C->-TP53,2,1,3.000000,3,5.902778e-01,
TP53->-YES1,2,1,3.000000,3,1.083744e-01,
PIK3CA->-YES1 TP53->-PIK3CA TP53->-YES1,3,3,2.000000,2,6.452087e-02,
MAP2K4->-ESR1,2,1,3.000000,3,5.500000e-02,
ESR1->-EGFR,2,1,3.000000,3,1.250000e-01,
ESR1->-EGFR ESR1->-GATA3 GATA3->-EGFR,3,3,2.000000,2,2.777778e-02,
NCOR1->-ESR1,2,1,3.000000,3,6.562500e-01,
ASXL1->-PIK3CA,2,1,3.000000,3,5.375000e-01,
TP53->-BBC3,2,1,3.000000,3,4.500000e-02,
CBFB->-CDKN1B,2,1,3.000000,3,1.250000e-01,
GATA3->-NF1,2,1,3.000000,3,3.125000e-01,
TP53->-SOX9,2,1,3.000000,3,5.597222e-01,
SOX9->-PTCH1 TP53->-PTCH1 TP53->-SOX9,3,3,2.000000,2,2.777778e-02,
GATA3-/-IGF1R,2,1,3.000000,3,4.977778e-02,
GATA3-/-IGF1R GATA3-/-PIK3CA PIK3CA->-IGF1R,3,3,2.000000,2,9.232323e-03,
NF1->-APC,2,1,3.000000,3,4.982143e-01,
ARID1A->-MYC,2,1,3.000000,3,1.888889e-01,
PIK3CA->-PAK1,2,1,3.000000,3,5.925926e-02,
ARID1A->-ANKRD11,2,1,3.000000,3,1.935913e-01,
PIK3CA->-ARID1B,2,1,3.000000,3,8.005166e-01,
PIK3CA->-ASXL1,2,1,3.000000,3,5.375000e-01,
TP53->-PAK1,2,1,3.000000,3,1.355815e-01,
ARID1A->-APC,2,1,3.000000,3,3.110119e-01,
ERBB2->-PTCH1,2,1,3.000000,3,1.250000e-01,
CDH1->-PTCH1 ERBB2->-CDH1 ERBB2->-PTCH1,3,3,2.000000,2,7.407407e-02,
ERBB2->-PIK3CA ERBB2->-PTCH1 PIK3CA->-PTCH1,3,3,2.000000,2,2.777778e-02,
ERBB2->-KMT2C ERBB2->-PTCH1 KMT2C->-PTCH1,3,3,2.000000,2,2.777778e-02,
IRS2->-PIK3CA,2,1,3.000000,3,1.816667e-01,
PIK3CA->-SOX17,2,1,3.000000,3,2.431973e-01,
TP53->-FLT1,2,1,3.000000,3,9.356725e-02,
CDH1->-NOTCH2,2,1,3.000000,3,8.685662e-02,
TET2->-PIK3CA,2,1,3.000000,3,9.004774e-01,
CBFB->-PTEN,2,1,3.000000,3,2.857143e-01,
NOTCH2->-SPEN,2,1,3.000000,3,6.666667e-02,
RUNX1->-ARID1A,2,1,3.000000,3,5.000000e-01,
TP53->-SMO,2,1,3.000000,3,3.890343e-01,
PIK3CA->-BRAF,2,1,3.000000,3,5.000000e-01,
PIK3CA->-STK11,2,1,3.000000,3,9.077436e-01,
TP53->-EIF4A2,2,1,3.000000,3,2.160714e-01,
CDH1->-CDKN2A,2,1,3.000000,3,1.250000e-01,
KMT2C->-KMT2A,2,1,3.000000,3,4.020524e-01,
CDH1->-MSH2,2,1,3.000000,3,1.240809e-01,
KMT2C->-STAT5B,2,1,3.000000,3,4.303101e-02,
BRCA2->-CDH1,2,1,3.000000,3,9.669097e-01,
TP53->-ERG,2,1,3.000000,3,7.222222e-02,
PIK3CA->-SMARCD1,2,1,3.000000,3,8.333333e-02,
CTCF->-GATA3,2,1,3.000000,3,2.576389e-01,
RB1->-KMT2C,2,1,3.000000,3,5.158580e-01,
KMT2C->-PIK3CA RB1->-KMT2C RB1->-PIK3CA,3,3,2.000000,2,7.407407e-02,
FOXP1->-PIK3CA,2,1,3.000000,3,7.403274e-01,
TP53->-RAD54L,2,1,3.000000,3,8.761905e-02,
AKT1->-PIK3CA,2,1,3.000000,3,1.291667e-01,
CTCF->-MAP3K1,2,1,3.000000,3,3.875000e-01,
KMT2A->-MAP3K1,2,1,3.000000,3,3.734188e-01,
TP53->-CSF1R,2,1,3.000000,3,1.083333e-01,
ARID1A->-DDR2,2,1,3.000000,3,5.027473e-02,
ARID1A->-DDR2 ARID1A->-FAT1 FAT1->-DDR2,3,3,2.000000,2,1.289683e-02,
KMT2A->-MED12,2,1,3.000000,3,2.192308e-01,
PTEN->-PIK3CD,2,1,3.000000,3,7.846154e-02,
PIK3CG->-SETD2,2,1,3.000000,3,7.098901e-02,
PIK3CA->-PIK3CG PIK3CA->-SETD2 PIK3CG->-SETD2,3,3,2.000000,2,1.111111e-02,
PTEN->-NBN,2,1,3.000000,3,7.846154e-02,
PTEN->-NBN TP53->-NBN TP53->-PTEN,3,3,2.000000,2,2.777778e-02,
KMT2D->-PTPRT PIK3CA->-KMT2D PIK3CA->-PTPRT PIK3CA->-TP53 TP53->-KMT2D TP53->-PTPRT,4,6,3.000000,3,1.641108e-04,
TP53->-PMS1,2,1,3.000000,3,1.992727e-01,
TP53->-FGFR1,2,1,3.000000,3,1.250000e-01,
PIK3CA->-FGFR1,2,1,3.000000,3,3.125000e-01,
PIK3CA->-FGFR1 PIK3CA->-TP53 TP53->-FGFR1,3,3,2.000000,2,7.407407e-02,
MAP2K4->-FOXP1,2,1,3.000000,3,1.083333e-01,
AKT1->-ESR1,2,1,3.000000,3,1.859375e-01,
ARID1A->-ARID5B,2,1,3.000000,3,1.250000e-01,
ARID1A->-TP53,2,1,3.000000,3,9.997592e-01,
ARID1A->-ARID5B ARID1A->-TP53 TP53->-ARID5B,3,3,2.000000,2,2.777778e-02,
TP53->-MYCN,2,1,3.000000,3,8.750000e-02,
BRCA1->-GATA2,2,1,3.000000,3,1.250000e-01,
BRCA1->-GATA2 TP53->-BRCA1 TP53->-GATA2,3,3,2.000000,2,7.407407e-02,
CDH1->-NOTCH1,2,1,3.000000,3,4.500000e-01,
CDH1->-PIK3C2G,2,1,3.000000,3,3.125000e-01,
CDH1->-PIK3C2G CDH1->-PIK3CA PIK3CA->-PIK3C2G,3,3,2.000000,2,7.407407e-02,
TP53->-SYK,2,1,3.000000,3,2.877747e-01,
PBRM1->-TP53,2,1,3.000000,3,7.518639e-01,
TP53->-KDM5C,2,1,3.000000,3,5.902778e-01,
ARID1B->-NF1,2,1,3.000000,3,1.215278e-01,
ARID1B->-NF1 PTEN->-ARID1B PTEN->-NF1,3,3,2.000000,2,2.546296e-02,
ARID1B->-KMT2C ARID1B->-NF1 ARID1B->-TSC2 CDH1->-ARID1B CDH1->-KMT2C CDH1->-NF1 CDH1->-TSC2 KMT2C->-NF1 KMT2C->-TSC2 NF1->-TSC2,5,10,2.000000,2,4.505165e-04,
ARID1B->-PTPRS ARID1B->-TSC2 CDH1->-ARID1B CDH1->-PTPRS CDH1->-TSC2 PTPRS->-TSC2,4,6,2.000000,2,1.736111e-03,
SMAD4->-TP53,2,1,3.000000,3,4.625000e-01,
GATA3->-FAT1,2,1,3.000000,3,6.118260e-01,
TP53->-SH2B3,2,1,3.000000,3,3.125000e-01,
STAG2->-TP53,2,1,3.000000,3,9.942752e-01,
FAT1->-TP53,2,1,3.000000,3,9.997037e-01,
TP53->-RET,2,1,3.000000,3,1.250000e-01,
NOTCH2->-PIK3CA,2,1,3.000000,3,5.437500e-01,
KRAS->-KMT2C,2,1,3.000000,3,2.875616e-01,
PIK3CA->-ARAF,2,1,3.000000,3,3.869168e-01,
PIK3CA->-ARAF PIK3CA->-TP53 TP53->-ARAF,3,3,2.000000,2,5.486756e-02,
PIK3CA->-SOX2,2,1,3.000000,3,6.753663e-02,
CDKN1B->-MAP3K1,2,1,3.000000,3,6.858974e-01,
CDKN1B->-BAP1 CDKN1B->-MAP3K1 MAP3K1->-BAP1 PIK3CA->-BAP1 PIK3CA->-CDKN1B PIK3CA->-MAP3K1,4,6,2.000000,2,1.736111e-03,
PIK3CA->-KLF4,2,1,3.000000,3,5.000000e-01,
CDH1->-EPHA5,2,1,3.000000,3,8.333333e-02,
PTEN->-ARID2,2,1,3.000000,3,1.240079e-01,
PTEN->-ARID2 TP53->-ARID2 TP53->-PTEN,3,3,2.000000,2,7.301418e-02,
EPHA5->-ARID2 EPHA5->-ROS1 ROS1->-ARID2,3,3,2.000000,2,2.714184e-02,
ATRX->-ARID2 EPHA5->-ARID2 EPHA5->-ATRX,3,3,2.000000,2,2.714184e-02,
ATRX->-ARID2 TP53->-ARID2 TP53->-ATRX,3,3,2.000000,2,2.714184e-02,
MAP3K1->-ARID2 PTEN->-ARID2 PTEN->-MAP3K1,3,3,2.000000,2,2.777778e-02,
EPCAM->-ARID2 TP53->-ARID2 TP53->-EPCAM,3,3,2.000000,2,2.777778e-02,
EPCAM->-ARID2 PTEN->-ARID2 PTEN->-EPCAM,3,3,2.000000,2,2.777778e-02,
TP53->-MEN1,2,1,3.000000,3,4.014265e-01,
KRAS->-PIK3CA,2,1,3.000000,3,8.445582e-01,
CDH1->-KDM5C,2,1,3.000000,3,7.529762e-02,
PIK3CA->-ABL1,2,1,3.000000,3,3.125000e-01,
CDH1->-BLM,2,1,3.000000,3,3.042279e-01,
CDH1->-BLM CDH1->-PIK3CA PIK3CA->-BLM,3,3,2.000000,2,6.855937e-02,
KMT2D->-TBX3,2,1,3.000000,3,1.250000e-01,
TP53->-MST1R,2,1,3.000000,3,1.575397e-01,
PTEN->-MST1R TP53->-MST1R TP53->-PTEN,3,3,2.000000,2,2.777778e-02,
PTEN->-ZFHX3 TP53->-PTEN TP53->-ZFHX3,3,3,3.000000,3,4.629630e-03,
ERBB3->-TBX3,2,1,3.000000,3,5.333595e-01,
CDH1->-FLT4,2,1,3.000000,3,1.000000e-01,
KMT2C->-MED12,2,1,3.000000,3,2.192308e-01,
RUNX1->-NCOR1,2,1,3.000000,3,8.554688e-01,
PIK3CA->-NCOR1 PIK3CA->-RUNX1 RUNX1->-NCOR1,3,3,2.000000,2,2.632245e-01,
TSC2->-KMT2D,2,1,3.000000,3,1.071429e-01,
TP53->-KMT2D TP53->-TSC2 TSC2->-KMT2D,3,3,2.000000,2,1.884921e-02,
PIK3CA->-AURKA,2,1,3.000000,3,8.184524e-02,
PIK3CA->-AURKA TP53->-AURKA TP53->-PIK3CA,3,3,2.000000,2,3.703704e-02,
NF1->-KMT2A,2,1,3.000000,3,3.125000e-01,
NF1->-KMT2A TP53->-KMT2A TP53->-NF1,3,3,2.000000,2,2.777778e-02,
NF1->-KMT2A PIK3CA->-KMT2A PIK3CA->-NF1,3,3,2.000000,2,2.777778e-02,
FAT1->-FLT4,2,1,3.000000,3,1.250000e-01,
FAT1->-FLT4 TP53->-FAT1 TP53->-FLT4,3,3,2.000000,2,2.777778e-02,
FAT1->-FLT4 PIK3CA->-FAT1 PIK3CA->-FLT4,3,3,2.000000,2,2.777778e-02,
FAT1->-NF1 PIK3CA->-FAT1 PIK3CA->-NF1,3,3,2.000000,2,7.407407e-02,
RB1->-TET1,2,1,3.000000,3,3.125000e-01,
PIK3CA->-RB1 PIK3CA->-TET1 RB1->-TET1,3,3,2.000000,2,7.407407e-02,
RB1->-TET1 TP53->-RB1 TP53->-TET1,3,3,2.000000,2,7.407407e-02,
NCOR1->-FLT4,2,1,3.000000,3,1.250000e-01,
NCOR1->-FLT4 PIK3CA->-FLT4 PIK3CA->-NCOR1,3,3,2.000000,2,2.777778e-02,
TP53->-AKT1,2,1,3.000000,3,9.997235e-01,
PTEN->-BRCA2,2,1,3.000000,3,7.681818e-02,
ATR->-EP300,2,1,3.000000,3,7.222222e-02,
NOTCH4->-PIK3CA,2,1,3.000000,3,9.814262e-01,
TP53->-RAD21,2,1,3.000000,3,4.614198e-02,
RHOA->-GATA3,2,1,3.000000,3,1.026786e-01,
CDH1->-GATA3 CDH1->-RHOA RHOA->-GATA3,3,3,2.000000,2,1.785714e-02,
PIK3CA->-GATA3 RHOA->-GATA3 RHOA->-PIK3CA,3,3,2.000000,2,5.753968e-02,
CBFB->-ESR1,2,1,3.000000,3,3.125000e-01,
CBFB->-ESR1 CBFB->-PIK3CA PIK3CA->-ESR1,3,3,2.000000,2,2.777778e-02,
TP53->-FOXP1,2,1,3.000000,3,2.625000e-01,
PIK3CA->-NCOA3,2,1,3.000000,3,1.041667e-01,
MAP2K4->-APC,2,1,3.000000,3,1.114286e-01,
APC->-PARP1,2,1,3.000000,3,1.125000e-01,
APC->-ATM,2,1,3.000000,3,7.500000e-02,
APC->-ATM APC->-PIK3CA PIK3CA->-ATM,3,3,2.000000,2,4.292929e-02,
ARID1A->-NCOR1 PIK3CA->-ARID1A PIK3CA->-NCOR1,3,3,3.000000,3,1.620370e-02,
SMAD4->-ESR1,2,1,3.000000,3,1.041667e-01,
SMAD4->-CDH1,2,1,3.000000,3,7.155109e-01,
PIK3CA->-RNF43,2,1,3.000000,3,1.894444e-01,
PIK3CA->-SDHB,2,1,3.000000,3,3.042279e-01,
PIK3CA->-SDHB TP53->-PIK3CA TP53->-SDHB,3,3,2.000000,2,1.250511e-01,
CBFB->-KMT2C,2,1,3.000000,3,3.875000e-01,
CBFB->-KMT2C CBFB->-PIK3CA KMT2C->-PIK3CA,3,3,2.000000,2,1.182806e-01,
RAD52->-TP53,2,1,3.000000,3,2.529105e-01,
TP53->-AXL,2,1,3.000000,3,2.375000e-01,
TP53->-HGF,2,1,3.000000,3,9.160880e-02,
PTEN->-BCOR,2,1,3.000000,3,1.240079e-01,
SPEN->-ATM,2,1,3.000000,3,5.484184e-01,
SPEN->-ATM SPEN->-TP53 TP53->-ATM,3,3,2.000000,2,5.021164e-02,
SPEN->-FAT1,2,1,3.000000,3,5.987812e-01,
AKT1->-TET2,2,1,3.000000,3,2.371429e-01,
AKT1->-TET2 AKT1->-TP53 TP53->-TET2,3,3,2.000000,2,6.746032e-02,
MGA->-KMT2D TP53->-KMT2D TP53->-MGA,3,3,3.000000,3,4.523640e-03,
MGA->-KMT2D PIK3CA->-KMT2D PIK3CA->-MGA,3,3,3.000000,3,4.523640e-03,
FGFR4->-KMT2D,2,1,3.000000,3,1.250000e-01,
PIK3CA->-ERCC5,2,1,3.000000,3,3.125000e-01,
PIK3CA->-APC PIK3CA->-SPEN SPEN->-APC,3,3,3.000000,3,8.417508e-03,
PIK3CA->-APC PIK3CA->-SPEN PIK3CA->-TP53 SPEN->-APC TP53->-APC TP53->-SPEN,4,6,2.000000,2,1.736111e-03,
BRCA1->-PIK3CA,2,1,3.000000,3,8.015987e-01,
BRCA1->-PIK3CA TP53->-BRCA1 TP53->-PIK3CA,3,3,2.000000,2,6.606523e-02,
CDH1->-PIK3CA CREBBP->-CDH1 CREBBP->-PIK3CA,3,3,2.000000,2,3.136705e-01,
CREBBP->-CDH1,2,1,3.000000,3,9.499104e-01,
TP53->-HIST3H3,2,1,3.000000,3,1.250000e-01,
CDH1->-IKBKE,2,1,3.000000,3,1.041667e-01,
JAK1->-TP53,2,1,3.000000,3,8.330958e-01,
JAK1->-PIK3CA JAK1->-TP53 TP53->-PIK3CA,3,3,2.000000,2,7.407407e-02,
TP53->-FANCC,2,1,3.000000,3,5.614478e-02,
TP53->-ABL1,2,1,3.000000,3,3.996631e-01,
NCOR1->-TBX3,2,1,3.000000,3,3.221104e-01,
CDH1->-TBX3 NCOR1->-CDH1 NCOR1->-TBX3,3,3,2.000000,2,1.785714e-02,
FAT1->-SPEN,2,1,3.000000,3,5.987812e-01,
MAP2K4->-TET2,2,1,3.000000,3,1.179138e-01,
CDH1->-TET2 MAP2K4->-CDH1 MAP2K4->-TET2,3,3,2.000000,2,2.698413e-02,
CDH1->-MTOR MAP2K4->-CDH1 MAP2K4->-MTOR,3,3,2.000000,2,2.698413e-02,
CDH1->-IRF4,2,1,3.000000,3,1.026786e-01,
CDH1->-BRCA1 TP53->-BRCA1 TP53->-CDH1,3,3,3.000000,3,9.259259e-03,
ROS1->-KMT2D,2,1,3.000000,3,2.863520e-01,
ROS1->-BCOR,2,1,3.000000,3,1.240079e-01,
PIK3CA->-FGF4,2,1,3.000000,3,9.356725e-02,
ROS1->-ARID1A,2,1,3.000000,3,2.190334e-01,
PIK3CA->-TSC2,2,1,3.000000,3,7.455357e-01,
PIK3CA->-KMT2D PIK3CA->-TSC2 TSC2->-KMT2D,3,3,2.000000,2,2.777778e-02,
LATS1->-KMT2C,2,1,3.000000,3,2.579545e-01,
TP53->-IDH1,2,1,3.000000,3,5.787037e-02,
ASXL2->-PIK3CA,2,1,3.000000,3,6.283482e-01,
PIK3CA->-AXL,2,1,3.000000,3,5.636161e-01,
KDM6A->-PIK3CA,2,1,3.000000,3,2.294223e-01,
PIK3CA->-TRAF2,2,1,3.000000,3,2.639875e-01,
PIK3CA->-TP53 PIK3CA->-TRAF2 TP53->-TRAF2,3,3,2.000000,2,1.588176e-02,
ARID1B->-KMT2C,2,1,3.000000,3,1.194853e-01,
ARID1B->-KMT2C ARID1B->-PIK3CA KMT2C->-PIK3CA,3,3,2.000000,2,2.446895e-02,
ARID1B->-PTCH1,2,1,2.000000,2,2.389706e-01,
PIK3CA->-CDKN1A,2,1,3.000000,3,4.089561e-01,
PIK3CA->-CDKN1A PIK3CA->-TP53 TP53->-CDKN1A,3,3,2.000000,2,7.666562e-02,
TP53->-HIST1H1C,2,1,3.000000,3,2.055225e-01,
AKT1->-CTCF,2,1,3.000000,3,2.281250e-01,
TBX3->-PTCH1,2,1,3.000000,3,1.250000e-01,
MAP3K1->-FAT1,2,1,3.000000,3,8.379121e-02,
TP53->-NFKBIA,2,1,3.000000,3,1.041667e-01,
CBFB->-SPEN,2,1,3.000000,3,1.250000e-01,
CBFB->-SPEN GATA3->-CBFB GATA3->-SPEN,3,3,2.000000,2,7.407407e-02,
TP53->-BLM,2,1,3.000000,3,2.683058e-01,
PTPRS->-TSC2,2,1,3.000000,3,1.250000e-01,
TP53->-PDGFRB,2,1,3.000000,3,2.119420e-01,
TP53->-PIK3CD,2,1,3.000000,3,1.250000e-01,
PTEN->-PIK3CD TP53->-PIK3CD TP53->-PTEN,3,3,2.000000,2,2.777778e-02,
PTEN->-ROS1,2,1,3.000000,3,3.110119e-01,
TP53->-PIK3R3,2,1,3.000000,3,8.333333e-02,
CDH1->-PIK3CA GPS2->-CDH1 GPS2->-PIK3CA,3,3,3.000000,3,1.587302e-02,
INPP4A->-ESR1,2,1,3.000000,3,3.125000e-01,
INPP4A->-ESR1 PIK3CA->-ESR1 PIK3CA->-INPP4A,3,3,2.000000,2,7.407407e-02,
TBX3->-ERBB2,2,1,3.000000,3,7.972184e-01,
CDH1->-ERBB2 TBX3->-CDH1 TBX3->-ERBB2,3,3,2.000000,2,1.480195e-01,
CDH1->-TSC2,2,1,3.000000,3,9.523810e-02,
ERBB2->-ARID1A,2,1,3.000000,3,2.506868e-01,
GATA3->-ALK,2,1,3.000000,3,2.625000e-01,
PDGFRA->-PIK3CA,2,1,3.000000,3,7.090488e-01,
ERBB2->-ARID2,2,1,3.000000,3,8.379121e-02,
PIK3CA->-RAD54L,2,1,3.000000,3,2.892857e-01,
PTPRS->-MAP3K1,2,1,3.000000,3,3.976076e-01,
MAP3K1->-ERCC5,2,1,3.000000,3,4.875000e-01,
MAP3K1->-ERCC5 TP53->-ERCC5 TP53->-MAP3K1,3,3,2.000000,2,1.203704e-01,
PIK3CA->-RAD51C,2,1,2.000000,2,7.599133e-01,
FAT1->-CARD11 TET1->-CARD11 TET1->-FAT1,3,3,2.000000,2,6.681191e-02,
ARID2->-FAT1,2,1,2.000000,2,5.355402e-01,
ARID1A->-IGF1R,2,1,2.000000,2,5.072703e-01,
ARID2->-IGF1R,2,1,2.000000,2,3.941906e-01,
SETD2->-ESR1,2,1,2.000000,2,2.266082e-01,
SETD2->-LATS2,2,1,2.000000,2,4.766082e-01,
ESR1->-AMER1,2,1,2.000000,2,4.766082e-01,
ESR1->-LATS2,2,1,2.000000,2,3.724415e-01,
ESR1->-DNMT3B,2,1,2.000000,2,4.766082e-01,
CCNE1->-IGF1R PIK3CA->-CCNE1 PIK3CA->-IGF1R,3,3,2.000000,2,2.342048e-02,
CCNE1->-RICTOR PIK3CA->-CCNE1 PIK3CA->-RICTOR,3,3,2.000000,2,2.342048e-02,
ESR1->-TET1,2,1,2.000000,2,6.699561e-01,
ARID1A->-CARD11 SETD2->-ARID1A SETD2->-CARD11,3,3,2.000000,2,2.288430e-02,
ARID2->-CARD11 SETD2->-ARID2 SETD2->-CARD11,3,3,2.000000,2,2.288430e-02,
SETD2->-ATRX,2,1,2.000000,2,2.248097e-01,
NOTCH1->-IGF1R NOTCH1->-PIK3CA PIK3CA->-IGF1R,3,3,2.000000,2,7.664884e-03,
NOTCH1->-LATS2,2,1,2.000000,2,8.902464e-02,
AMER1->-PIK3CA CASP8->-AMER1 CASP8->-PIK3CA,3,3,2.000000,2,1.532664e-02,
INHA->-PIK3CA,2,1,2.000000,2,2.266082e-01,
TET1->-PIK3CA,2,1,2.000000,2,9.452604e-01,
ARID1A->-DNMT3B,2,1,2.000000,2,6.699561e-01,
TET1->-ARID2,2,1,2.000000,2,2.266082e-01,
TET1->-DNMT3B,2,1,2.000000,2,2.266082e-01,
SETD2->-BRCA2,2,1,2.000000,2,5.000000e-01,
FAT1->-DICER1,2,1,2.000000,2,2.500000e-01,
NOTCH1->-ATM,2,1,2.000000,2,7.410714e-01,
ATM->-MSH6,2,1,2.000000,2,2.500000e-01,
MSH6->-PIK3CA,2,1,2.000000,2,8.906250e-01,
EP300->-MAP3K1,2,1,2.000000,2,2.500000e-01,
TP53->-RAB35,2,1,2.000000,2,2.500000e-01,
KMT2D->-RPS6KB2 PIK3CA->-KMT2D PIK3CA->-RPS6KB2,3,3,2.000000,2,2.777778e-02,
PIK3CA->-PARK2,2,1,2.000000,2,6.473214e-01,
KDM5A->-PIK3CA,2,1,2.000000,2,7.708333e-01,
CDH1->-KDM5A,2,1,2.000000,2,2.052632e-01,
MEN1->-KMT2A,2,1,2.000000,2,1.904762e-01,
GATA3->-BRCA2,2,1,2.000000,2,6.303571e-01,
RECQL4->-TP53,2,1,2.000000,2,9.312639e-01,
TET1->-ARID1B,2,1,2.000000,2,2.500000e-01,
CDH1->-FOXA1 CDH1->-RUNX1 FOXA1->-RUNX1,3,3,2.000000,2,1.962449e-01,
ARID2->-PTPRD,2,1,2.000000,2,2.500000e-01,
ARID2->-KMT2C,2,1,2.000000,2,6.875000e-01,
PTPRD->-XPO1,2,1,2.000000,2,2.500000e-01,
TP53->-RYBP,2,1,2.000000,2,2.013889e-01,
SMO->-KMT2C,2,1,2.000000,2,1.746032e-01,
SMO->-MEN1,2,1,2.000000,2,1.746032e-01,
KMT2C->-CDK8,2,1,2.000000,2,2.013889e-01,
CDH1->-DOT1L CDH1->-PIK3CA PIK3CA->-DOT1L,3,3,2.000000,2,2.777778e-02,
ARID1A->-DOT1L ARID1A->-FOXA1 DOT1L->-FOXA1,3,3,2.000000,2,8.730159e-03,
CDH1->-EZH2 CDH1->-TP53 TP53->-EZH2,3,3,2.000000,2,2.777778e-02,
CDH1->-TSC1,2,1,2.000000,2,2.500000e-01,
FOXA1->-FH,2,1,2.000000,2,2.000000e-01,
AKT1->-EGFR,2,1,2.000000,2,2.500000e-01,
MAP3K1->-EGFR,2,1,2.000000,2,2.500000e-01,
SPOP->-MAP3K1,2,1,2.000000,2,6.875000e-01,
MAP3K1->-CBFB,2,1,2.000000,2,9.869141e-01,
MTOR->-DNMT1,2,1,2.000000,2,2.500000e-01,
AR->-ARID1A,2,1,2.000000,2,4.395604e-01,
CDH1->-NTRK2,2,1,2.000000,2,4.500000e-01,
MAP3K1->-ERBB2,2,1,2.000000,2,9.029876e-01,
PIK3CA->-TGFBR1,2,1,2.000000,2,2.500000e-01,
MAP3K1->-TGFBR1,2,1,2.000000,2,2.500000e-01,
PIK3CA->-XIAP,2,1,2.000000,2,2.170330e-01,
STAG2->-HIST1H1C,2,1,2.000000,2,1.904762e-01,
PDCD1->-FAT1 PIK3CA->-FAT1 PIK3CA->-PDCD1,3,3,2.000000,2,2.777778e-02,
PDCD1->-RB1 PIK3CA->-PDCD1 PIK3CA->-RB1,3,3,2.000000,2,2.777778e-02,
ASXL2->-FOXP1 PIK3CA->-ASXL2 PIK3CA->-FOXP1,3,3,2.000000,2,2.777778e-02,
ASXL2->-RB1,2,1,2.000000,2,1.833333e-01,
PIK3CA->-RICTOR PIK3CA->-SMO SMO->-RICTOR,3,3,2.000000,2,2.204586e-02,
STAG2->-RICTOR,2,1,2.000000,2,2.167488e-01,
NCOR1->-FGFR3,2,1,2.000000,2,2.500000e-01,
RB1->-FOXP1,2,1,2.000000,2,2.500000e-01,
PDCD1->-FOXP1,2,1,2.000000,2,2.500000e-01,
STAG2->-CHEK2,2,1,2.000000,2,5.000000e-01,
STAG2->-TET1,2,1,2.000000,2,2.500000e-01,
PIK3CA->-TSC1,2,1,2.000000,2,4.371345e-01,
NCOR1->-TSC1,2,1,2.000000,2,2.500000e-01,
FOXA1->-ERBB2,2,1,2.000000,2,8.906250e-01,
RUNX1->-MAP3K1,2,1,2.000000,2,7.319444e-01,
BRCA2-/-TP53,2,1,2.000000,2,9.311129e-01,
ARID2->-NSD1,2,1,2.000000,2,4.404762e-01,
ARID2->-IKZF1 ARID2->-PIK3CA IKZF1->-PIK3CA,3,3,2.000000,2,1.587302e-02,
NSD1->-PIK3CA TP53->-NSD1 TP53->-PIK3CA,3,3,2.000000,2,9.656085e-02,
KIT-/-NSD1 TP53->-KIT TP53->-NSD1,3,3,2.000000,2,5.895692e-03,
CDH1->-BCOR,2,1,2.000000,2,5.000000e-01,
CDKN2A->-KMT2C,2,1,2.000000,2,2.500000e-01,
TP53->-CHEK2,2,1,2.000000,2,7.365079e-01,
BRCA2->-ZFHX3,2,1,2.000000,2,3.924242e-01,
FGFR3->-PIK3CA,2,1,2.000000,2,7.738095e-01,
FBXW7->-SMARCA4,2,1,2.000000,2,2.170330e-01,
FBXW7->-EPHA7,2,1,2.000000,2,2.170330e-01,
FBXW7->-PDGFRA,2,1,2.000000,2,2.110043e-01,
PIK3CA->-RAD21,2,1,2.000000,2,4.075092e-01,
ARID1A->-FGFR3,2,1,2.000000,2,2.166667e-01,
ARID1A->-MET,2,1,2.000000,2,2.166667e-01,
GATA3->-GRIN2A,2,1,2.000000,2,2.166667e-01,
AKT1->-CD276,2,1,2.000000,2,1.666667e-01,
AKT1->-EPHA7,2,1,2.000000,2,2.500000e-01,
TP53->-FOXL2,2,1,2.000000,2,3.833333e-01,
CDH1->-FOXL2,2,1,2.000000,2,2.500000e-01,
CDH1->-KDR CDH1->-TP53 KDR->-TP53,3,3,2.000000,2,6.855937e-02,
ATM->-MDC1,2,1,2.000000,2,4.690476e-01,
TP53->-TOP1,2,1,2.000000,2,1.409091e-01,
ROS1->-TSC2,2,1,2.000000,2,5.000000e-01,
LATS1->-ROS1,2,1,2.000000,2,5.000000e-01,
ESR1->-NOTCH3 PIK3CA->-ESR1 PIK3CA->-NOTCH3,3,3,2.000000,2,6.944444e-03,
CDH1->-IGF1R,2,1,2.000000,2,2.500000e-01,
KLF4->-GRIN2A,2,1,2.000000,2,2.500000e-01,
CDH1->-KLF4,2,1,2.000000,2,2.500000e-01,
ARID1A-/-PIK3CA,2,1,2.000000,2,6.007040e-01,
RAD51C->-PIK3CA,2,1,2.000000,2,7.599133e-01,
MAP3K1->-RAD51C,2,1,2.000000,2,2.075163e-01,
EPHA7->-HIST1H3B,2,1,2.000000,2,2.075163e-01,
TCF7L2->-PIK3CA,2,1,2.000000,2,3.204412e-01,
MAP3K1->-IRS1,2,1,2.000000,2,2.075163e-01,
ATR->-RICTOR,2,1,2.000000,2,4.242651e-01,
MDC1->-HIST1H3B,2,1,2.000000,2,2.075163e-01,
MDC1->-CARD11 MDC1->-PIK3CA PIK3CA->-CARD11,3,3,2.000000,2,1.936955e-02,
CARD11->-RFWD2 ERBB3->-CARD11 ERBB3->-RFWD2 TP53->-CARD11 TP53->-ERBB3 TP53->-RFWD2,4,6,2.000000,2,1.035426e-03,
MAP3K1->-RICTOR,2,1,2.000000,2,2.075163e-01,
MAP3K1->-PIK3C3,2,1,2.000000,2,3.136374e-01,
ATM-/-NOTCH2 TP53->-ATM TP53->-NOTCH2,3,3,2.000000,2,8.333333e-03,
TP53->-HIST1H3I,2,1,2.000000,2,2.125850e-01,
PTEN->-AR,2,1,2.000000,2,2.142857e-01,
PTEN->-NOTCH2,2,1,2.000000,2,2.142857e-01,
PIK3CA->-H3F3B,2,1,2.000000,2,1.666667e-01,
TP53->-ZRSR2,2,1,2.000000,2,4.136364e-01,
TP53->-AMER1,2,1,2.000000,2,4.552632e-01,
ESR1->-CREBBP,2,1,2.000000,2,2.500000e-01,
NOTCH2->-CREBBP TP53->-CREBBP TP53->-NOTCH2,3,3,2.000000,2,2.222222e-02,
PIK3CA->-CREBBP PIK3CA->-PLK2 PLK2->-CREBBP,3,3,2.000000,2,6.452087e-02,
ESR1-/-KMT2D,2,1,2.000000,2,5.714286e-02,
MAP2K1->-ESR1,2,1,2.000000,2,2.142857e-01,
MTOR->-RFWD2 TP53->-MTOR TP53->-RFWD2,3,3,2.000000,2,1.752646e-02,
MTOR->-NOTCH4,2,1,2.000000,2,2.083333e-01,
CDKN2A->-EP300,2,1,2.000000,2,2.083333e-01,
PIK3CA->-RFWD2 PIK3CA->-ROS1 ROS1->-RFWD2,3,3,2.000000,2,1.752646e-02,
CDKN2A->-NOTCH4 PIK3CA->-CDKN2A PIK3CA->-NOTCH4,3,3,2.000000,2,1.752646e-02,
PIK3CA->-PMS2,2,1,2.000000,2,2.083333e-01,
ESR1->-JAK1,2,1,2.000000,2,5.000000e-01,
MAP3K1->-JAK1,2,1,2.000000,2,4.120879e-01,
CCNE1->-ESR1 CCNE1->-MAP3K1 ESR1->-MAP3K1,3,3,2.000000,2,2.777778e-02,
ALK->-MAP3K1,2,1,2.000000,2,5.983333e-01,
FLT3->-SPEN GATA3->-FLT3 GATA3->-SPEN STAG2->-FLT3 STAG2->-GATA3 STAG2->-SPEN,4,6,2.000000,2,1.736111e-03,
KMT2C->-STAG2,2,1,2.000000,2,4.072250e-01,
ATM->-CHEK2,2,1,2.000000,2,2.500000e-01,
ATM->-NUP93,2,1,2.000000,2,2.500000e-01,
PIK3CA->-NUP93 PIK3CA->-SPEN SPEN->-NUP93,3,3,2.000000,2,2.777778e-02,
ATM->-EGFR,2,1,2.000000,2,2.500000e-01,
MAP3K1->-ATM,2,1,2.000000,2,7.282203e-01,
ATM->-ARID1A,2,1,2.000000,2,7.351190e-01,
CHEK2->-FLT3,2,1,2.000000,2,1.738095e-01,
GATA3->-HIST1H3F,2,1,2.000000,2,2.500000e-01,
KMT2C->-MYC,2,1,2.000000,2,2.500000e-01,
MYC->-PIK3CA,2,1,2.000000,2,6.187500e-01,
ERBB3->-NUP93,2,1,2.000000,2,1.696429e-01,
FLT3->-EGFR,2,1,2.000000,2,2.500000e-01,
MEN1->-MAP3K1,2,1,2.000000,2,7.555390e-01,
ERBB3->-ARID1A MAP3K1->-ARID1A MAP3K1->-ERBB3,3,3,2.000000,2,1.289683e-02,
CDH1->-MPL,2,1,2.000000,2,2.500000e-01,
CDH1->-CSF1R,2,1,2.000000,2,2.500000e-01,
CIC->-ARID1A,2,1,2.000000,2,4.000000e-01,
PIK3CA->-TP53 SMARCA4->-PIK3CA SMARCA4->-TP53,3,3,2.000000,2,1.947728e-01,
SMARCA4->-ATR,2,1,2.000000,2,2.480159e-01,
ATR->-TP53,2,1,2.000000,2,9.996225e-01,
ABL1->-TP53,2,1,2.000000,2,7.393780e-01,
RAD54L->-KMT2C,2,1,2.000000,2,5.000000e-01,
TSC2->-TP53,2,1,2.000000,2,9.874508e-01,
TBX3->-TSC2,2,1,2.000000,2,2.500000e-01,
ROS1->-TP53 TBX3->-ROS1 TBX3->-TP53,3,3,2.000000,2,5.753968e-02,
KMT2C->-KDM5C,2,1,2.000000,2,4.000000e-01,
KMT2C->-RAD50,2,1,2.000000,2,3.667488e-01,
TBX3->-PIK3CG,2,1,2.000000,2,2.052632e-01,
MET->-FANCC,2,1,2.000000,2,2.090909e-01,
ANKRD11->-CDH1,2,1,2.000000,2,8.577381e-01,
ANKRD11->-BRCA2,2,1,2.000000,2,2.988095e-01,
TBX3->-ESR1,2,1,2.000000,2,6.256868e-01,
CDK12-/-FOXA1 PTEN->-CDK12 PTEN->-FOXA1,3,3,2.000000,2,3.186385e-04,
PIK3CG->-JAK3 PTEN->-JAK3 PTEN->-PIK3CG,3,3,2.000000,2,7.962963e-03,
CDK12->-TBX3,2,1,2.000000,2,2.052632e-01,
CDK12->-AMER1,2,1,2.000000,2,1.330827e-01,
CDK12->-PTPRS,2,1,2.000000,2,3.673511e-01,
FAT1->-ATRX PTEN->-ATRX PTEN->-FAT1,3,3,2.000000,2,1.990741e-02,
FAT1->-ATRX TP53->-ATRX TP53->-FAT1,3,3,2.000000,2,1.990741e-02,
TBX3->-MAP2K4,2,1,2.000000,2,4.552632e-01,
TBX3->-KDM5A,2,1,2.000000,2,1.368421e-01,
FAT1->-DDR2 TBX3->-DDR2 TBX3->-FAT1,3,3,2.000000,2,9.242725e-03,
TBX3->-PTPRS,2,1,2.000000,2,2.052632e-01,
DDR2->-PIK3CG,2,1,2.000000,2,2.052632e-01,
MAP2K4->-DDR2,2,1,2.000000,2,2.052632e-01,
MAP2K4->-EPHB1,2,1,2.000000,2,2.033083e-01,
EPHB1->-KDM5A TP53->-EPHB1 TP53->-KDM5A,3,3,2.000000,2,1.990741e-02,
AMER1->-JAK3,2,1,2.000000,2,1.623323e-01,
CDH1->-FLT3 CDH1->-JAK3 FLT3->-JAK3,3,3,2.000000,2,1.990741e-02,
ABL1->-JAK3 CDH1->-ABL1 CDH1->-JAK3,3,3,2.000000,2,1.990741e-02,
FLT3->-PTPRS,2,1,2.000000,2,2.052632e-01,
ATRX->-JAK3 TP53->-ATRX TP53->-JAK3,3,3,2.000000,2,4.976852e-03,
TP53->-DIS3,2,1,2.000000,2,2.052632e-01,
SDHB->-INPP4B,2,1,2.000000,2,1.792279e-01,
NF1->-HIST1H3B,2,1,2.000000,2,1.875000e-01,
ATM->-PLK2 PIK3CA->-ATM PIK3CA->-PLK2,3,3,2.000000,2,1.111111e-02,
PIK3CA->-H3F3C,2,1,2.000000,2,5.000000e-01,
PIK3CA->-MAP3K13,2,1,2.000000,2,6.625616e-01,
MAP3K13->-PLK2,2,1,2.000000,2,2.167488e-01,
CDH1->-CTCF CDH1->-ERBB3 ERBB3->-CTCF,3,3,2.000000,2,9.920635e-03,
CDKN2A->-KMT2D TP53->-CDKN2A TP53->-KMT2D,3,3,2.000000,2,2.777778e-02,
STK11->-KMT2D TP53->-KMT2D TP53->-STK11,3,3,2.000000,2,6.855937e-02,
PLK2->-KMT2D,2,1,2.000000,2,2.500000e-01,
LATS1->-GLI1,2,1,2.000000,2,2.013889e-01,
PIK3CA->-LATS1,2,1,2.000000,2,6.510417e-01,
PIK3CA->-CREBBP PIK3CA->-PTPRD PTPRD->-CREBBP,3,3,2.000000,2,1.469724e-02,
CREBBP->-SMAD2 PIK3C2G->-CREBBP PIK3C2G->-SMAD2,3,3,2.000000,2,1.851852e-02,
MAP3K1-/-PTPRS PIK3CA->-MAP3K1 PIK3CA->-PTPRS,3,3,2.000000,2,8.140008e-04,
DICER1->-PTCH1,2,1,2.000000,2,1.569231e-01,
DNMT3A->-TP53,2,1,2.000000,2,9.574999e-01,
BRCA2->-TET2,2,1,2.000000,2,2.272727e-01,
CIC->-ARID1B,2,1,2.000000,2,2.209596e-01,
ARID1B->-ATR,2,1,2.000000,2,2.272727e-01,
BLM->-ARID1B,2,1,2.000000,2,2.172460e-01,
ARID2->-ALK,2,1,2.000000,2,6.125000e-01,
CBFB->-ALK,2,1,2.000000,2,2.500000e-01,
ATRX->-CREBBP,2,1,2.000000,2,2.500000e-01,
PIK3CA->-CDC73,2,1,2.000000,2,6.250000e-01,
IRS2->-AXIN1,2,1,2.000000,2,1.351111e-01,
GATA3->-AXIN1,2,1,2.000000,2,2.111111e-01,
NCOR1->-AXIN1,2,1,2.000000,2,2.111111e-01,
PTEN->-CARD11 TP53->-CARD11 TP53->-PTEN,3,3,2.000000,2,1.922547e-02,
PTEN->-RASA1,2,1,2.000000,2,2.111111e-01,
TP53->-SOS1,2,1,2.000000,2,1.266667e-01,
NCOR1->-IRS2,2,1,2.000000,2,4.111111e-01,
NCOR1->-RASA1,2,1,2.000000,2,2.111111e-01,
PIK3CA->-CDK4,2,1,2.000000,2,2.500000e-01,
FOXA1->-PIK3CG PIK3CA->-FOXA1 PIK3CA->-PIK3CG,3,3,2.000000,2,3.574074e-02,
PIK3CA->-ERCC2,2,1,2.000000,2,4.750000e-01,
ATR->-NSD1,2,1,2.000000,2,2.500000e-01,
MED12->-FGFR4 PTEN->-FGFR4 PTEN->-MED12,3,3,2.000000,2,1.111111e-02,
MAP3K1->-FGFR4 PTEN->-FGFR4 PTEN->-MAP3K1,3,3,2.000000,2,1.111111e-02,
ERCC5->-FGFR4 TP53->-ERCC5 TP53->-FGFR4,3,3,2.000000,2,2.777778e-02,
NF1->-ERCC5 TP53->-ERCC5 TP53->-NF1,3,3,2.000000,2,2.777778e-02,
ATR->-ERCC5 TP53->-ATR TP53->-ERCC5,3,3,2.000000,2,4.320988e-02,
ERCC5->-MAP3K1 TP53->-ERCC5 TP53->-MAP3K1,3,3,2.000000,2,1.203704e-01,
SPOP->-FGFR4,2,1,2.000000,2,2.500000e-01,
SPOP->-NF1,2,1,2.000000,2,2.500000e-01,
TP53->-SPOP,2,1,2.000000,2,2.500000e-01,
NF1->-PRDM1,2,1,2.000000,2,1.833333e-01,
RUNX1->-CDKN1B,2,1,2.000000,2,1.666667e-01,
TP53->-PAX5,2,1,2.000000,2,1.750000e-01,
ARID1A-/-PTPRD TP53->-ARID1A TP53->-PTPRD,3,3,2.000000,2,7.878788e-03,
NF1->-CTCF,2,1,2.000000,2,2.500000e-01,
NF1->-PIK3R1 NF1->-PTEN PTEN->-PIK3R1,3,3,2.000000,2,1.030093e-01,
CDH1->-PIK3C3 CDH1->-PIK3CA PIK3CA->-PIK3C3,3,3,2.000000,2,9.637188e-03,
TBX3->-CREBBP,2,1,2.000000,2,1.263736e-01,
RECQL4->-KMT2C,2,1,2.000000,2,3.711740e-01,
CDH1->-RASA1 CDH1->-RECQL4 RASA1->-RECQL4,3,3,2.000000,2,1.649306e-02,
PIK3CA->-STAT5A,2,1,2.000000,2,1.895604e-01,
AR-/-KMT2C,2,1,2.000000,2,1.007326e-01,
ARID1A->-RFWD2,2,1,2.000000,2,1.895604e-01,
CDH1->-GLI1 CDH1->-PIK3CA PIK3CA->-GLI1,3,3,2.000000,2,1.686508e-02,
PIK3CA->-GLI1 TBX3->-GLI1 TBX3->-PIK3CA,3,3,2.000000,2,1.686508e-02,
ARID1A->-GLI1,2,1,2.000000,2,4.375763e-01,
CDH1->-RASA1 CDH1->-TBX3 TBX3->-RASA1,3,3,2.000000,2,1.686508e-02,
ARID1A->-TBX3,2,1,2.000000,2,7.073912e-01,
BRAF->-PIK3CA,2,1,2.000000,2,8.125000e-01,
TP53->-ERCC3,2,1,2.000000,2,1.833333e-01,
KLF4->-PIK3CA,2,1,2.000000,2,8.125000e-01,
PTEN->-ASXL1,2,1,2.000000,2,2.000000e-01,
ATM->-TP53,2,1,2.000000,2,9.907291e-01,
ATM->-FOXA1,2,1,2.000000,2,4.799447e-01,
ATM->-NCOR1,2,1,2.000000,2,4.006494e-01,
KMT2C->-WT1,2,1,2.000000,2,1.863636e-01,
KMT2C->-FOXA1,2,1,2.000000,2,8.372098e-01,
RB1->-FOXA1 RB1->-TP53 TP53->-FOXA1,3,3,2.000000,2,1.515152e-02,
RB1->-NCOR1,2,1,2.000000,2,8.707386e-01,
RB1->-TBX3,2,1,2.000000,2,1.366667e-01,
MAP3K1-/-NCOR1,2,1,2.000000,2,1.749451e-01,
CDH1->-CHEK2,2,1,2.000000,2,5.000000e-01,
ERBB2->-FANCA,2,1,2.000000,2,1.675824e-01,
GATA3->-MST1,2,1,2.000000,2,1.666667e-01,
TSC1->-TP53,2,1,2.000000,2,9.092928e-01,
RB1->-AXIN1 TP53->-AXIN1 TP53->-RB1,3,3,2.000000,2,2.777778e-02,
CDH1->-AXIN1,2,1,2.000000,2,4.500000e-01,
PBRM1->-ERBB2,2,1,2.000000,2,2.500000e-01,
RB1->-FBXW7 TP53->-FBXW7 TP53->-RB1,3,3,2.000000,2,2.222222e-02,
CDH1->-SOX17 CDH1->-TP53 TP53->-SOX17,3,3,2.000000,2,2.777778e-02,
NF1->-PTPRD NF1->-TP53 TP53->-PTPRD,3,3,2.000000,2,1.388889e-02,
NF1->-EPHA7,2,1,2.000000,2,4.333333e-01,
MTOR->-PIK3CA,2,1,2.000000,2,9.362533e-01,
CDH1->-NUP93,2,1,2.000000,2,1.696429e-01,
BRCA1-/-GATA3,2,1,2.000000,2,1.566667e-01,
SPEN->-ESR1,2,1,2.000000,2,8.125000e-01,
CDH1->-PTEN CDH1->-RHOA PTEN->-RHOA,3,3,2.000000,2,2.777778e-02,
PTEN->-ESR1,2,1,2.000000,2,5.000000e-01,
ESR1->-ARID1B,2,1,2.000000,2,1.583333e-01,
ESR1->-ALOX12B,2,1,2.000000,2,2.500000e-01,
CDH1->-ALOX12B,2,1,2.000000,2,2.500000e-01,
MAP2K4->-FAM175A TP53->-FAM175A TP53->-MAP2K4,3,3,2.000000,2,9.259259e-03,
MAP2K4->-CDK12,2,1,2.000000,2,3.429649e-01,
MAP2K4->-BRCA2 TP53->-BRCA2 TP53->-MAP2K4,3,3,2.000000,2,9.259259e-03,
ATR->-PAK7 CDH1->-ATR CDH1->-PAK7,3,3,2.000000,2,9.259259e-03,
MAP2K4->-GPS2,2,1,2.000000,2,4.309524e-01,
PIK3CA->-GPS2,2,1,2.000000,2,9.474117e-01,
ATM->-RPS6KB2,2,1,2.000000,2,1.833333e-01,
ATM->-RICTOR,2,1,2.000000,2,1.833333e-01,
BRD4-/-KMT2C,2,1,2.000000,2,9.928205e-02,
FAT1->-KMT2C,2,1,2.000000,2,9.651457e-01,
TP53->-LATS2,2,1,2.000000,2,7.366071e-01,
TBX3->-MED12,2,1,2.000000,2,2.053571e-01,
GATA3->-MAP2K4,2,1,2.000000,2,9.766667e-01,
GATA3->-CDH1,2,1,2.000000,2,9.955732e-01,
PTPRS->-SETD2,2,1,2.000000,2,1.500000e-01,
KMT2D->-RB1 TP53->-KMT2D TP53->-RB1,3,3,2.000000,2,6.646099e-02,
CREBBP->-DNMT3B,2,1,2.000000,2,2.380952e-01,
CREBBP->-RB1,2,1,2.000000,2,2.380952e-01,
TP53->-CD79A,2,1,2.000000,2,1.020408e-01,
PIK3CA->-RAC1,2,1,2.000000,2,1.666667e-01,
PIK3CA->-TCF3,2,1,2.000000,2,2.083333e-01,
KLF4->-TP53,2,1,2.000000,2,8.614583e-01,
GATA3->-JAK1,2,1,2.000000,2,2.500000e-01,
CIC->-KMT2D,2,1,2.000000,2,4.000000e-01,
PIK3R1->-KMT2C,2,1,2.000000,2,7.875000e-01,
ERBB2->-TP63,2,1,2.000000,2,2.500000e-01,
CDH1->-TP63,2,1,2.000000,2,2.500000e-01,
PIK3R1->-ARID2,2,1,2.000000,2,1.444444e-01,
PIK3R1->-ROS1,2,1,2.000000,2,3.944444e-01,
PIK3R1->-MGA,2,1,2.000000,2,1.444444e-01,
MED12-/-MGA,2,1,2.000000,2,1.571966e-01,
NOTCH4-/-ROS1,2,1,2.000000,2,1.294668e-01,
PIK3CA->-POLE PIK3CA->-SPEN SPEN->-POLE,3,3,2.000000,2,2.777778e-02,
ARID1A->-POLE PIK3CA->-ARID1A PIK3CA->-POLE,3,3,2.000000,2,7.301418e-02,
PIK3CA->-FLT1 PIK3CA->-SPEN SPEN->-FLT1,3,3,2.000000,2,2.777778e-02,
FLT1->-MAP3K1,2,1,2.000000,2,4.371345e-01,
FBXW7->-FLT4,2,1,2.000000,2,2.500000e-01,
FBXW7->-TP53,2,1,2.000000,2,9.969669e-01,
CHEK2->-PIK3CB,2,1,2.000000,2,8.276644e-02,
GATA3->-PIK3C2G,2,1,2.000000,2,1.738095e-01,
PIK3CB-/-POLE,2,1,2.000000,2,1.097143e-01,
FLT3-/-PIK3CB,2,1,2.000000,2,1.097143e-01,
GATA3-/-POLE,2,1,2.000000,2,1.885714e-01,
BRCA2->-PIK3CB,2,1,2.000000,2,1.738095e-01,
KDM5C->-ARID1A,2,1,2.000000,2,5.934736e-01,
ARID1A->-ASXL1 ARID1A->-FLT3 FLT3->-ASXL1,3,3,2.000000,2,1.385836e-02,
CARD11->-ARID1A,2,1,2.000000,2,7.101620e-01,
KMT2D->-INPP4B,2,1,2.000000,2,1.991422e-01,
KMT2D->-ARID1B,2,1,2.000000,2,1.991422e-01,
KMT2D->-XPO1,2,1,2.000000,2,2.083333e-01,
KMT2D->-HNF1A,2,1,2.000000,2,2.066799e-01,
TP53->-MSH2,2,1,2.000000,2,2.083333e-01,
ATRX->-ARID1B TP53->-ARID1B TP53->-ATRX,3,3,2.000000,2,1.686508e-02,
RUNX1->-ERBB2,2,1,2.000000,2,9.218750e-01,
STAT3->-PIK3CA,2,1,2.000000,2,2.500000e-01,
PIK3CA->-CUL3,2,1,2.000000,2,5.000000e-01,
PIK3CA->-MAP2K1,2,1,2.000000,2,4.500000e-01,
MEN1->-ESR1,2,1,2.000000,2,2.023810e-01,
CDH1->-BRAF,2,1,2.000000,2,2.500000e-01,
RHOA->-CDH1,2,1,2.000000,2,8.437234e-01,
ARID1A->-RHOA,2,1,2.000000,2,1.547619e-01,
PTPRT->-ARID2,2,1,2.000000,2,6.502031e-01,
CDH1->-DAXX CDH1->-PIK3CA PIK3CA->-DAXX,3,3,2.000000,2,2.204586e-02,
CDH1->-PIK3CA PTPRT->-CDH1 PTPRT->-PIK3CA,3,3,2.000000,2,7.407407e-02,
PTPRT->-MAP3K1,2,1,2.000000,2,6.403509e-01,
ATR->-GRIN2A,2,1,2.000000,2,2.500000e-01,
ATR->-NOTCH4 PIK3CA->-ATR PIK3CA->-NOTCH4,3,3,2.000000,2,2.777778e-02,
BRCA1->-PTCH1,2,1,2.000000,2,1.722222e-01,
BRCA1->-PTPRT,2,1,2.000000,2,1.722222e-01,
PTPRT->-HNF1A,2,1,2.000000,2,2.983177e-01,
PTPRT->-JAK2,2,1,2.000000,2,2.222757e-01,
PIK3CA->-HIST3H3,2,1,2.000000,2,5.952381e-01,
FLT1->-PIK3CA,2,1,2.000000,2,7.810673e-01,
CBL->-PIK3CA,2,1,2.000000,2,5.680556e-01,
AKT1->-RAD54L,2,1,2.000000,2,1.600000e-01,
BRCA1-/-PIK3CA,2,1,2.000000,2,4.806667e-01,
BRCA1-/-RICTOR,2,1,2.000000,2,2.933333e-01,
RECQL4->-GATA3,2,1,2.000000,2,4.000000e-01,
NF1->-PTPRS,2,1,2.000000,2,5.000000e-01,
PTPRT->-PTPRS,2,1,2.000000,2,2.500000e-01,
KMT2C->-ANKRD11,2,1,2.000000,2,4.667488e-01,
PTPRT->-ANKRD11,2,1,2.000000,2,1.583333e-01,
INHA->-CREBBP,2,1,2.000000,2,2.500000e-01,
TERT->-TP53,2,1,2.000000,2,9.158964e-01,
TP53->-HIST1H3G,2,1,2.000000,2,4.000000e-01,
TP53->-IGF1,2,1,2.000000,2,1.250000e-01,
RUNX1->-SETD2,2,1,2.000000,2,2.000000e-01,
RUNX1->-GATA3,2,1,2.000000,2,2.000000e-01,
NF1->-ERBB2,2,1,2.000000,2,5.000000e-01,
PIK3CG->-PIK3CA,2,1,2.000000,2,8.934583e-01,
IRS1->-SPEN,2,1,2.000000,2,4.000000e-01,
IRS1->-ESR1,2,1,2.000000,2,2.500000e-01,
CDK12->-TP53,2,1,2.000000,2,6.994688e-01,
KMT2C->-ARID5B,2,1,2.000000,2,4.667488e-01,
FGFR4->-KMT2C,2,1,2.000000,2,3.027564e-01,
KMT2C->-CBFB,2,1,2.000000,2,7.319444e-01,
JAK2-/-PIK3CA,2,1,2.000000,2,3.449383e-01,
FOXA1->-NSD1,2,1,2.000000,2,6.384921e-01,
FAT1-/-NSD1,2,1,2.000000,2,2.358277e-02,
ESR1-/-FAT1,2,1,2.000000,2,1.677811e-01,
FOXA1->-INSR,2,1,2.000000,2,1.686508e-01,
ERBB2->-XPO1,2,1,2.000000,2,2.500000e-01,
ERBB2->-PTPRD TP53->-ERBB2 TP53->-PTPRD,3,3,2.000000,2,2.204586e-02,
FOXA1->-XPO1,2,1,2.000000,2,2.500000e-01,
FOXA1->-PTPRD,2,1,2.000000,2,2.500000e-01,
CDKN1B->-PTPRD,2,1,2.000000,2,2.500000e-01,
SOX9->-PIK3CA,2,1,2.000000,2,6.250000e-01,
SOX9->-IRS1,2,1,2.000000,2,1.666667e-01,
PIK3CA->-NTRK1,2,1,2.000000,2,1.750000e-01,
SPEN->-RUNX1,2,1,2.000000,2,2.500000e-01,
CDH1->-KMT2C CDH1->-RUNX1 KMT2C->-RUNX1,3,3,2.000000,2,1.319444e-01,
RUNX1->-JUN,2,1,2.000000,2,2.250000e-01,
PIK3CA->-RB1 PIK3CA->-RUNX1 RB1->-RUNX1,3,3,2.000000,2,2.777778e-02,
RB1->-RUNX1 TP53->-RB1 TP53->-RUNX1,3,3,2.000000,2,2.777778e-02,
ERBB2->-GATA3,2,1,2.000000,2,2.500000e-01,
FYN->-ATM,2,1,2.000000,2,1.569231e-01,
MAP2K4->-ATM,2,1,2.000000,2,2.500000e-01,
PIK3C2G->-EGFR,2,1,2.000000,2,2.500000e-01,
PIK3C2G->-NCOR1,2,1,2.000000,2,5.000000e-01,
NCOR1->-EGFR,2,1,2.000000,2,2.500000e-01,
BARD1->-PTPRT,2,1,2.000000,2,1.000000e-01,
CTCF->-MAP2K4 CTCF->-PIK3CA MAP2K4->-PIK3CA,3,3,2.000000,2,1.805556e-02,
CSF3R->-PIK3CA,2,1,2.000000,2,1.977124e-01,
DNMT3B->-ARID1A,2,1,2.000000,2,6.699561e-01,
NF1->-POLE,2,1,2.000000,2,2.500000e-01,
ESR1->-POLE,2,1,2.000000,2,2.500000e-01,
CDH1->-MAP3K1 CDH1->-POLE MAP3K1->-POLE,3,3,2.000000,2,2.777778e-02,
CDH1->-NF1 CDH1->-RAD50 NF1->-RAD50,3,3,2.000000,2,2.777778e-02,
MAP3K1->-NF1 PIK3CA->-MAP3K1 PIK3CA->-NF1,3,3,2.000000,2,7.407407e-02,
ESR1->-AR,2,1,2.000000,2,1.458333e-01,
ESR1->-RAD50 PIK3CA->-ESR1 PIK3CA->-RAD50,3,3,2.000000,2,3.935185e-02,
GATA3->-RAD50 PIK3CA->-GATA3 PIK3CA->-RAD50,3,3,2.000000,2,2.777778e-02,
GATA3->-AR,2,1,2.000000,2,5.000000e-01,
MAP3K1->-AR,2,1,2.000000,2,5.000000e-01,
MAX->-PIK3CA,2,1,2.000000,2,3.928571e-01,
GATA3->-MGA,2,1,2.000000,2,3.666667e-01,
APC->-PIK3R1,2,1,2.000000,2,2.500000e-01,
TBX3->-FOXA1,2,1,2.000000,2,9.157566e-01,
ERBB3->-POLE,2,1,2.000000,2,2.500000e-01,
ERBB3->-CDH1,2,1,2.000000,2,9.669846e-01,
PIK3CA->-PPM1D,2,1,2.000000,2,1.583333e-01,
ZFHX3->-MST1R,2,1,2.000000,2,4.083333e-01,
MTOR-/-ZFHX3,2,1,2.000000,2,7.333333e-02,
ESR1-/-MTOR,2,1,2.000000,2,3.569312e-01,
BRD4-/-DICER1,2,1,2.000000,2,1.365128e-01,
ESR1->-ZFHX3,2,1,2.000000,2,1.583333e-01,
ARID1B->-ZFHX3,2,1,2.000000,2,1.583333e-01,
ARID1A->-MYC PIK3CA->-ARID1A PIK3CA->-MYC,3,3,2.000000,2,4.679233e-02,
ARID1A->-PAK1,2,1,2.000000,2,1.583333e-01,
ESR1-/-TP53 PIK3CA->-ESR1 PIK3CA->-TP53,3,3,2.000000,2,1.839380e-02,
JAK2-/-TP53,2,1,2.000000,2,2.759053e-01,
PIK3CA->-JAK2,2,1,2.000000,2,7.750386e-01,
ARID1A->-JAK2,2,1,2.000000,2,1.583333e-01,
PIK3CA->-DCUN1D1,2,1,2.000000,2,1.500000e-01,
NOTCH4->-YES1,2,1,2.000000,2,3.981618e-01,
FOXA1->-PTCH1 PIK3CA->-FOXA1 PIK3CA->-PTCH1,3,3,2.000000,2,1.111111e-02,
AKT1->-CREBBP,2,1,2.000000,2,2.500000e-01,
AKT1->-RB1,2,1,2.000000,2,2.500000e-01,
AKT1->-ARID1A,2,1,2.000000,2,6.125000e-01,
CBFB->-ARID1A TP53->-ARID1A TP53->-CBFB,3,3,2.000000,2,2.777778e-02,
RB1->-ARID1A,2,1,2.000000,2,4.980159e-01,
PIK3CA->-MED12 PIK3CA->-PTPRD PTPRD->-MED12,3,3,2.000000,2,5.787037e-03,
PTPRD->-MED12 TP53->-MED12 TP53->-PTPRD,3,3,2.000000,2,5.787037e-03,
POLE->-MED12 TP53->-MED12 TP53->-POLE,3,3,2.000000,2,1.455026e-02,
CDH1->-SMAD2,2,1,2.000000,2,5.000000e-01,
IRS2->-POLE,2,1,2.000000,2,1.600000e-01,
IRS2->-TP53,2,1,2.000000,2,7.943249e-01,
CDH1->-MDC1,2,1,2.000000,2,6.312500e-01,
CDH1->-PIK3CB,2,1,2.000000,2,2.500000e-01,
ARID1A->-KMT2D MAP2K4->-ARID1A MAP2K4->-KMT2D,3,3,2.000000,2,5.555556e-03,
MAP2K4->-CIC,2,1,2.000000,2,1.485714e-01,
ARID1A->-ESR1,2,1,2.000000,2,9.749362e-01,
CBFB->-TBX3,2,1,2.000000,2,6.375000e-01,
CDH1->-FGFR2 CDH1->-KMT2C KMT2C->-FGFR2,3,3,2.000000,2,1.388889e-02,
KDM6A->-CDH1,2,1,2.000000,2,8.115809e-01,
TP53->-DNAJB1,2,1,2.000000,2,8.944444e-02,
HNF1A->-TP53,2,1,2.000000,2,9.304900e-01,
PIK3CA->-RAB35,2,1,2.000000,2,2.500000e-01,
NOTCH2->-KMT2C,2,1,2.000000,2,4.065319e-01,
TP53->-RNF43,2,1,2.000000,2,1.277778e-01,
ARID2->-BCOR TP53->-ARID2 TP53->-BCOR,3,3,2.000000,2,2.714184e-02,
TP53->-U2AF1,2,1,2.000000,2,4.000000e-01,
RB1->-NOTCH2 TP53->-NOTCH2 TP53->-RB1,3,3,2.000000,2,2.777778e-02,
ATM->-RUNX1 PIK3CA->-ATM PIK3CA->-RUNX1,3,3,2.000000,2,2.777778e-02,
FOXA1->-ARID1A,2,1,2.000000,2,7.648810e-01,
TP53->-CRLF2,2,1,2.000000,2,2.500000e-01,
TP53->-CCND1,2,1,2.000000,2,1.750000e-01,
ARID1A->-AKT1,2,1,2.000000,2,6.125000e-01,
CDH1->-ERBB2 CDH1->-NCOR1 NCOR1->-ERBB2,3,3,2.000000,2,7.407407e-02,
CDH1->-INPP4A CDH1->-PIK3CA PIK3CA->-INPP4A,3,3,2.000000,2,2.777778e-02,
TET2->-GRIN2A,2,1,2.000000,2,1.600000e-01,
NCOR1->-TET2 TP53->-NCOR1 TP53->-TET2,3,3,2.000000,2,2.777778e-02,
TP53->-GNAS,2,1,2.000000,2,1.071429e-01,
CDH1->-GNAS,2,1,2.000000,2,2.500000e-01,
CDH1->-EIF4A2,2,1,2.000000,2,2.500000e-01,
KDM6A->-GRIN2A TP53->-GRIN2A TP53->-KDM6A,3,3,2.000000,2,2.777778e-02,
CDH1->-CDKN2A CDH1->-NCOR1 CDKN2A->-NCOR1,3,3,2.000000,2,2.777778e-02,
NCOR1->-KDM6A,2,1,2.000000,2,2.500000e-01,
CDH1->-SLX4,2,1,2.000000,2,2.481618e-01,
RASA1->-KMT2A,2,1,2.000000,2,2.481618e-01,
NOTCH2->-KMT2A,2,1,2.000000,2,1.588235e-01,
KDM6A->-KMT2A,2,1,2.000000,2,4.981618e-01,
CDH1->-FGF19,2,1,2.000000,2,2.481618e-01,
CDH1->-YES1,2,1,2.000000,2,2.151550e-01,
CDH1->-KMT2C CDH1->-STAT5B KMT2C->-STAT5B,3,3,2.000000,2,2.155955e-02,
CDH1->-MSH2 CDH1->-RASA1 MSH2->-RASA1,3,3,2.000000,2,2.716503e-02,
KMT2C->-RASA1,2,1,2.000000,2,4.377222e-01,
NOTCH4->-EED,2,1,2.000000,2,2.154371e-01,
PTCH1->-NOTCH2,2,1,2.000000,2,2.481618e-01,
KDM6A->-RECQL4,2,1,2.000000,2,1.962587e-01,
NOTCH4->-NOTCH2,2,1,2.000000,2,3.981618e-01,
PIK3CA->-GNAS,2,1,2.000000,2,2.500000e-01,
FLT4->-PIK3CA,2,1,2.000000,2,9.942155e-01,
SF3B1->-KMT2C,2,1,2.000000,2,5.000000e-01,
PIK3CA->-POLE PIK3CA->-RB1 RB1->-POLE,3,3,2.000000,2,7.301418e-02,
TP53->-CBL,2,1,2.000000,2,2.500000e-01,
PIK3CA->-ERG PIK3CA->-TP53 TP53->-ERG,3,3,2.000000,2,2.777778e-02,
PIK3CA->-CBL,2,1,2.000000,2,5.680556e-01,
CBL->-JAK3,2,1,2.000000,2,1.977124e-01,
CDH1->-PIK3CA CDH1->-SMARCD1 PIK3CA->-SMARCD1,3,3,2.000000,2,6.944444e-03,
ARID1B->-PIK3R1,2,1,2.000000,2,5.000000e-01,
PIK3R1->-RUNX1,2,1,2.000000,2,2.500000e-01,
ARID1B->-RUNX1,2,1,2.000000,2,2.430556e-01,
NCOR1->-ARID1A,2,1,2.000000,2,8.125000e-01,
CTCF->-ESR1,2,1,2.000000,2,2.500000e-01,
TP53->-NEGR1,2,1,2.000000,2,2.500000e-01,
CDH1->-JAK1,2,1,2.000000,2,5.000000e-01,
JAK1->-BRCA2,2,1,2.000000,2,2.500000e-01,
NCOR1->-JAK1,2,1,2.000000,2,1.620879e-01,
ESR1->-PTPRD TP53->-ESR1 TP53->-PTPRD,3,3,2.000000,2,1.388889e-02,
BRCA2->-PTPRD,2,1,2.000000,2,2.500000e-01,
RAD54L->-NCOR1,2,1,2.000000,2,2.500000e-01,
BRCA2->-BAP1,2,1,2.000000,2,2.090909e-01,
ATRX->-KMT2D,2,1,2.000000,2,4.563492e-01,
RB1->-KMT2D,2,1,2.000000,2,6.770597e-01,
KMT2D->-GATA3,2,1,2.000000,2,6.792279e-01,
ATRX->-FLT4,2,1,2.000000,2,4.250000e-01,
RB1->-FLT4,2,1,2.000000,2,4.250000e-01,
RB1->-TSHR,2,1,2.000000,2,2.500000e-01,
CTCF->-GPS2,2,1,2.000000,2,1.750000e-01,
PTCH1->-GATA3,2,1,2.000000,2,2.389706e-01,
TP53->-ERRFI1,2,1,2.000000,2,1.833333e-01,
TP53->-SRSF2,2,1,2.000000,2,3.704678e-01,
TP53->-SMARCB1,2,1,2.000000,2,3.738095e-01,
PIK3CA->-PIK3CD,2,1,2.000000,2,1.046154e-01,
MTOR->-AKT1,2,1,2.000000,2,2.958333e-01,
IRS2->-TET2,2,1,2.000000,2,1.047273e-01,
AKT1->-AXIN1,2,1,2.000000,2,1.600000e-01,
AXIN1->-SMARCA4,2,1,2.000000,2,1.600000e-01,
NSD1->-MDM2,2,1,2.000000,2,1.386667e-01,
BCOR->-GRIN2A,2,1,2.000000,2,4.100000e-01,
BCOR->-KMT2A,2,1,2.000000,2,4.100000e-01,
FLT3->-KMT2A,2,1,2.000000,2,1.600000e-01,
GRIN2A->-KMT2A,2,1,2.000000,2,3.266667e-01,
YES1->-KIT,2,1,2.000000,2,1.387192e-01,
KMT2A-/-NTRK1,2,1,2.000000,2,1.080000e-01,
BRCA1->-PIK3C2G,2,1,2.000000,2,4.100000e-01,
BRCA1->-PIK3CB,2,1,2.000000,2,3.276190e-01,
NSD1-/-PIK3CB,2,1,2.000000,2,4.457143e-02,
KMT2A-/-RIT1,2,1,2.000000,2,1.340308e-01,
NOTCH2->-TET1,2,1,2.000000,2,1.600000e-01,
TET1->-KMT2A,2,1,2.000000,2,1.600000e-01,
SMARCA4->-TET1,2,1,2.000000,2,1.600000e-01,
PIK3CA->-PAX5,2,1,2.000000,2,1.666667e-01,
DNMT1-/-MED12 PTEN->-DNMT1 PTEN->-MED12,3,3,2.000000,2,3.434066e-03,
MGA->-HNF1A MGA->-PTCH1 PIK3CA->-HNF1A PIK3CA->-MGA PIK3CA->-PTCH1 PTCH1->-HNF1A,4,6,2.000000,2,4.402960e-04,
MAP3K1->-PIK3CD PTEN->-MAP3K1 PTEN->-PIK3CD,3,3,2.000000,2,1.111111e-02,
MAP3K1->-DICER1 PTEN->-DICER1 PTEN->-MAP3K1,3,3,2.000000,2,1.111111e-02,
FOXA1->-KMT2C FOXA1->-PLK2 PLK2->-KMT2C,3,3,2.000000,2,1.111111e-02,
PIK3CA->-KMT2C PIK3CA->-PLK2 PLK2->-KMT2C,3,3,2.000000,2,3.903586e-02,
FOXA1->-NBN PIK3CA->-FOXA1 PIK3CA->-NBN,3,3,2.000000,2,1.111111e-02,
ATM->-SETD2,2,1,2.000000,2,1.569231e-01,
ATM->-DNMT1 PIK3CA->-ATM PIK3CA->-DNMT1,3,3,2.000000,2,1.111111e-02,
PTCH1->-KMT2C,2,1,2.000000,2,7.976266e-01,
PTEN->-TGFBR2,2,1,2.000000,2,1.569231e-01,
MGA->-SETD2,2,1,2.000000,2,6.160195e-01,
MAP3K1->-MGA,2,1,2.000000,2,1.195604e-01,
MAP3K1->-KMT2A,2,1,2.000000,2,7.197827e-01,
PTEN->-RIT1,2,1,2.000000,2,1.569231e-01,
JAK3->-RIT1 PIK3CA->-JAK3 PIK3CA->-RIT1,3,3,2.000000,2,1.111111e-02,
DNMT1->-SETD2,2,1,2.000000,2,1.569231e-01,
MAP3K1->-SETD2,2,1,2.000000,2,1.569231e-01,
MAP3K1->-JAK3,2,1,2.000000,2,1.569231e-01,
KMT2A->-FGFR4 KMT2A->-MED12 MED12->-FGFR4,3,3,2.000000,2,1.111111e-02,
DNMT1->-KMT2C,2,1,2.000000,2,1.569231e-01,
MAP3K1->-DNMT1,2,1,2.000000,2,1.569231e-01,
EPHB1->-MAP3K1,2,1,2.000000,2,7.827381e-01,
PTEN->-KMT2D TP53->-KMT2D TP53->-PTEN,3,3,2.000000,2,7.301418e-02,
KMT2D->-MDC1 TP53->-KMT2D TP53->-MDC1,3,3,2.000000,2,2.182540e-02,
ARID1A->-PIK3C2G,2,1,2.000000,2,5.683929e-01,
CARD11->-ATR TP53->-ATR TP53->-CARD11,3,3,2.000000,2,1.307978e-01,
ATR->-ALK TP53->-ALK TP53->-ATR,3,3,2.000000,2,2.777778e-02,
NCOR1->-ALK,2,1,2.000000,2,2.500000e-01,
SETD2->-KMT2D TP53->-KMT2D TP53->-SETD2,3,3,2.000000,2,2.714184e-02,
ANKRD11->-KMT2D,2,1,2.000000,2,6.312500e-01,
ANKRD11->-PLK2,2,1,2.000000,2,2.167488e-01,
GATA3->-KDM5A,2,1,2.000000,2,5.000000e-01,
TP53->-YAP1,2,1,2.000000,2,5.000000e-01,
CDH1->-FOXA1 CDH1->-NCOR1 FOXA1->-NCOR1,3,3,2.000000,2,2.777778e-02,
MAP2K4->-SMAD4,2,1,2.000000,2,2.476190e-01,
PIK3CA->-EP300 PIK3CA->-SMAD4 SMAD4->-EP300,3,3,2.000000,2,2.777778e-02,
BRIP1->-ESR1,2,1,2.000000,2,5.000000e-01,
CARD11->-TP53,2,1,2.000000,2,9.913833e-01,
CDKN2A->-CARD11,2,1,2.000000,2,2.500000e-01,
PIK3CA->-JUN,2,1,2.000000,2,4.726190e-01,
PIK3CA->-BRIP1 PIK3CA->-RUNX1 RUNX1->-BRIP1,3,3,2.000000,2,1.944444e-02,
ESR1->-ERBB4,2,1,2.000000,2,6.312500e-01,
NOTCH2-/-PIK3CA,2,1,2.000000,2,1.000000e-01,
BRCA1->-ZFHX3,2,1,2.000000,2,1.750000e-01,
TP53->-SH2D1A,2,1,2.000000,2,9.000000e-02,
PIK3CA->-SOX9,2,1,2.000000,2,6.250000e-01,
CDH1->-SOX9,2,1,2.000000,2,4.333333e-01,
BRCA2->-STK11,2,1,2.000000,2,2.500000e-01,
ESR1->-GNAS,2,1,2.000000,2,2.500000e-01,
ATM->-NOTCH1,2,1,2.000000,2,7.410714e-01,
ATM->-CDH1 ATM->-PIK3CA CDH1->-PIK3CA,3,3,2.000000,2,1.319444e-01,
ATM->-PIK3CA ATM->-SF3B1 PIK3CA->-SF3B1,3,3,2.000000,2,1.388889e-02,
ATM->-NOTCH4 TP53->-ATM TP53->-NOTCH4,3,3,2.000000,2,2.777778e-02,
BCL6->-NOTCH1 CDH1->-BCL6 CDH1->-NOTCH1,3,3,2.000000,2,2.777778e-02,
RB1->-NOTCH1 TP53->-NOTCH1 TP53->-RB1,3,3,2.000000,2,2.777778e-02,
MAP3K1->-NOTCH1 MAP3K1->-PIK3CA PIK3CA->-NOTCH1,3,3,2.000000,2,1.319444e-01,
MAP3K1->-SF3B1,2,1,2.000000,2,4.166667e-01,
CDH1->-DNMT3A CDH1->-KDR DNMT3A->-KDR,3,3,2.000000,2,2.777778e-02,
MAP3K1->-DNMT3A,2,1,2.000000,2,2.500000e-01,
MAP3K1->-SPOP,2,1,2.000000,2,6.875000e-01,
PIK3C2G->-PTPRT TP53->-PIK3C2G TP53->-PTPRT,3,3,2.000000,2,2.777778e-02,
PIK3CA->-REL,2,1,2.000000,2,2.083333e-01,
MAP3K1->-REL TP53->-MAP3K1 TP53->-REL,3,3,2.000000,2,2.777778e-02,
TP53->-BCL6,2,1,2.000000,2,4.136364e-01,
PIK3CA->-BCL6,2,1,2.000000,2,5.000000e-01,
RB1->-PTPRT TP53->-PTPRT TP53->-RB1,3,3,2.000000,2,7.301418e-02,
PIK3CA->-SYK,2,1,2.000000,2,2.500000e-01,
KMT2C->-MDM2,2,1,2.000000,2,1.857143e-01,
SMAD4->-KMT2C,2,1,2.000000,2,3.916667e-01,
SMAD4->-MAP3K1,2,1,2.000000,2,2.166667e-01,
DOT1L->-PDGFRA,2,1,2.000000,2,2.500000e-01,
SOX9->-PDGFRA,2,1,2.000000,2,2.500000e-01,
PALB2->-KDM5C,2,1,2.000000,2,2.500000e-01,
TP53->-TNFAIP3,2,1,2.000000,2,2.500000e-01,
APC->-RB1 TP53->-APC TP53->-RB1,3,3,2.000000,2,7.301418e-02,
APC->-EPHB1 APC->-KMT2D KMT2D->-EPHB1 TP53->-APC TP53->-EPHB1 TP53->-KMT2D,4,6,2.000000,2,1.659714e-03,
TP53->-KEAP1,2,1,2.000000,2,2.053571e-01,
APC->-KEAP1,2,1,2.000000,2,2.250000e-01,
EPCAM->-ARID1B,2,1,2.000000,2,2.430556e-01,
ARID1B->-PDGFRA,2,1,2.000000,2,2.430556e-01,
PTEN->-PDGFRA,2,1,2.000000,2,2.430556e-01,
CIC->-RUNX1,2,1,2.000000,2,2.430556e-01,
JAK1->-ZFHX3,2,1,2.000000,2,2.500000e-01,
JAK1->-TBX3 TP53->-JAK1 TP53->-TBX3,3,3,2.000000,2,2.777778e-02,
TP53->-ARID5B TP53->-ZFHX3 ZFHX3->-ARID5B,3,3,2.000000,2,2.020202e-02,
TBX3->-ZFHX3,2,1,2.000000,2,7.508333e-01,
PIK3CA->-IRF4,2,1,2.000000,2,2.053571e-01,
AKT1->-CIC,2,1,2.000000,2,1.666667e-01,
POLE->-SMARCA4 TP53->-POLE TP53->-SMARCA4,3,3,2.000000,2,2.714184e-02,
POLE->-ATRX TP53->-ATRX TP53->-POLE,3,3,2.000000,2,2.714184e-02,
NCOR1->-SMARCA4,2,1,2.000000,2,2.500000e-01,
NCOR1->-ATRX,2,1,2.000000,2,1.666667e-01,
NCOR1->-POLE TP53->-NCOR1 TP53->-POLE,3,3,2.000000,2,1.455026e-02,
SMAD4->-NCOR1,2,1,2.000000,2,4.976190e-01,
NOTCH1->-CDH1,2,1,2.000000,2,7.791667e-01,
NOTCH1->-GATA3,2,1,2.000000,2,3.833333e-01,
CDH1->-IL7R,2,1,2.000000,2,1.833333e-01,
AKT1->-NCOR1,2,1,2.000000,2,2.500000e-01,
FOXA1->-EGFR,2,1,2.000000,2,5.000000e-01,
SH2B3->-EGFR,2,1,2.000000,2,2.500000e-01,
MAP3K1-/-TSC2,2,1,2.000000,2,1.445578e-01,
ALOX12B->-TSC2,2,1,2.000000,2,9.821429e-02,
GPS2->-TP53,2,1,2.000000,2,4.583333e-01,
GPS2->-ESR1,2,1,2.000000,2,1.833333e-01,
RET->-IKZF1,2,1,2.000000,2,1.666667e-01,
ERCC4->-PIK3C3,2,1,2.000000,2,1.620879e-01,
SPEN->-IKZF1,2,1,2.000000,2,2.190476e-01,
TP53->-NFE2L2,2,1,2.000000,2,2.500000e-01,
BRCA1->-DNMT1,2,1,2.000000,2,1.904762e-01,
YAP1->-PIK3CA,2,1,2.000000,2,5.000000e-01,
MSH6->-TERT PIK3CA->-MSH6 PIK3CA->-TERT,3,3,2.000000,2,2.777778e-02,
NOTCH3->-PIK3CA,2,1,2.000000,2,9.027778e-01,
NOTCH3->-CDH1,2,1,2.000000,2,6.875000e-01,
ANKRD11->-PIK3CA,2,1,2.000000,2,9.677507e-01,
ANKRD11->-TBX3,2,1,2.000000,2,8.125000e-01,
CDH1->-TERT,2,1,2.000000,2,2.500000e-01,
MED12->-PIK3CA,2,1,2.000000,2,9.932404e-01,
MAP2K4->-NOTCH2,2,1,2.000000,2,2.500000e-01,
TP53->-SMAD3,2,1,2.000000,2,2.500000e-01,
MAP2K4->-KMT2C,2,1,2.000000,2,5.000000e-01,
NCOR1->-AMER1,2,1,2.000000,2,1.620879e-01,
PIK3CA->-CDK12,2,1,2.000000,2,5.435757e-01,
NCOR1->-SOX2 PIK3CA->-NCOR1 PIK3CA->-SOX2,3,3,2.000000,2,1.266789e-02,
ESR1->-EPHA5,2,1,2.000000,2,2.023810e-01,
PDGFRB->-PIK3CA,2,1,2.000000,2,6.016430e-01,
FOXA1->-CDK8,2,1,2.000000,2,2.500000e-01,
MEN1->-MAP2K4,2,1,2.000000,2,5.000000e-01,
MEN1->-NCOR1,2,1,2.000000,2,2.500000e-01,
JAK3->-GATA3 MAP2K4->-GATA3 MAP2K4->-JAK3,3,3,2.000000,2,2.777778e-02,
PIK3CA->-MYD88,2,1,2.000000,2,5.000000e-01,
CDH1->-NOTCH3,2,1,2.000000,2,6.875000e-01,
TP53->-RAD51,2,1,2.000000,2,2.500000e-01,
TBX3->-EPHA5,2,1,2.000000,2,2.500000e-01,
TBX3->-CBFB,2,1,2.000000,2,6.375000e-01,
RET->-BCOR,2,1,2.000000,2,2.500000e-01,
IDH1->-GATA3,2,1,2.000000,2,1.750000e-01,
MAP3K1->-EPCAM,2,1,2.000000,2,4.250000e-01,
PIK3CA->-FUBP1,2,1,2.000000,2,3.834154e-01,
TP53->-FUBP1,2,1,2.000000,2,4.667488e-01,
CDH1->-ARID5B CDH1->-MEN1 CDH1->-PIK3CA MEN1->-ARID5B PIK3CA->-ARID5B PIK3CA->-MEN1,4,6,2.000000,2,1.260912e-03,
CDH1->-CREBBP CDH1->-MEN1 CDH1->-PIK3CA MEN1->-CREBBP PIK3CA->-CREBBP PIK3CA->-MEN1,4,6,2.000000,2,1.260912e-03,
CDH1->-KMT2C CDH1->-MEN1 CDH1->-PIK3CA MEN1->-KMT2C PIK3CA->-KMT2C PIK3CA->-MEN1,4,6,2.000000,2,1.260912e-03,
CDH1->-MEN1 CDH1->-PIK3CA CDH1->-PLK2 MEN1->-PLK2 PIK3CA->-MEN1 PIK3CA->-PLK2,4,6,2.000000,2,1.260912e-03,
CDH1->-KRAS,2,1,2.000000,2,2.167488e-01,
MAP3K13->-MEN1,2,1,2.000000,2,2.167488e-01,
TP53->-PARP1 TP53->-YES1 YES1->-PARP1,3,3,2.000000,2,2.204586e-02,
PIK3CA->-PARP1 PIK3CA->-YES1 YES1->-PARP1,3,3,2.000000,2,2.204586e-02,
CDH1->-CREBBP CDH1->-RAD50 RAD50->-CREBBP,3,3,2.000000,2,2.204586e-02,
MAP3K13->-CREBBP,2,1,2.000000,2,2.167488e-01,
CDH1->-CREBBP CDH1->-KIT KIT->-CREBBP,3,3,2.000000,2,2.204586e-02,
CDH1->-ERBB2 CDH1->-RFWD2 ERBB2->-RFWD2,3,3,2.000000,2,2.204586e-02,
STAG2->-PARP1,2,1,2.000000,2,2.167488e-01,
CREBBP->-PARP1,2,1,2.000000,2,2.167488e-01,
ANKRD11->-STAG2,2,1,2.000000,2,2.167488e-01,
PIK3CA->-PPP6C,2,1,2.000000,2,1.714157e-01,
TP53->-PPP6C,2,1,2.000000,2,1.961060e-01,
RICTOR->-CREBBP TP53->-CREBBP TP53->-RICTOR,3,3,2.000000,2,1.023558e-02,
PIK3CA->-CREBBP PIK3CA->-RICTOR RICTOR->-CREBBP,3,3,2.000000,2,1.023558e-02,
MAP3K13->-PIK3CA,2,1,2.000000,2,6.625616e-01,
MLH1->-PIK3CA,2,1,2.000000,2,4.667488e-01,
PIK3CA->-KIT,2,1,2.000000,2,6.159395e-01,
CDH1->-MLH1 TP53->-CDH1 TP53->-MLH1,3,3,2.000000,2,2.204586e-02,
ANKRD11->-PTPRD,2,1,2.000000,2,2.167488e-01,
CDH1->-KMT2C CDH1->-PIK3CA CDH1->-RFWD2 KMT2C->-RFWD2 PIK3CA->-KMT2C PIK3CA->-RFWD2,4,6,2.000000,2,2.690995e-03,
MAP3K1->-MEN1,2,1,2.000000,2,7.555390e-01,
CDH1->-NOTCH1 CDH1->-PTEN PTEN->-NOTCH1,3,3,2.000000,2,1.111111e-02,
ASXL2->-KDM5C,2,1,2.000000,2,1.505952e-01,
APC->-RAD50 APC->-SDHC CDH1->-APC CDH1->-RAD50 CDH1->-SDHC RAD50->-SDHC,4,6,2.000000,2,1.736111e-03,
CDH1->-MED12 CDH1->-SDHC MED12->-SDHC,3,3,2.000000,2,2.777778e-02,
APC->-PIK3C2G APC->-SDHC CDH1->-APC CDH1->-PIK3C2G CDH1->-SDHC PIK3C2G->-SDHC,4,6,2.000000,2,1.736111e-03,
CDH1->-SETD2 CDH1->-STK11 SETD2->-STK11,3,3,2.000000,2,7.407407e-02,
BLM->-STK11,2,1,2.000000,2,2.389706e-01,
RAD50->-PIK3CA,2,1,2.000000,2,9.507893e-01,
CDKN1A->-PIK3CA,2,1,2.000000,2,7.480765e-01,
ASXL1->-PIK3CA PIK3R3->-ASXL1 PIK3R3->-PIK3CA,3,3,2.000000,2,2.777778e-02,
PIK3R3->-BLM,2,1,2.000000,2,2.500000e-01,
ARID1A->-PIK3R3,2,1,2.000000,2,2.500000e-01,
PIK3C2G->-ERCC4,2,1,2.000000,2,2.500000e-01,
CDH1->-TOP1,2,1,2.000000,2,1.409091e-01,
PIK3CA->-SUZ12,2,1,2.000000,2,6.148557e-01,
ERCC3->-PIK3CA,2,1,2.000000,2,5.000000e-01,
CDH1->-ERCC3,2,1,2.000000,2,5.000000e-01,
JAK1->-SETD2,2,1,2.000000,2,2.500000e-01,
JAK1->-CREBBP,2,1,2.000000,2,2.500000e-01,
APC->-SETD2,2,1,2.000000,2,2.480159e-01,
JAK1->-APC,2,1,2.000000,2,2.170330e-01,
JAK1->-ARID2,2,1,2.000000,2,2.500000e-01,
CDH1->-CREBBP CDH1->-IKZF1 IKZF1->-CREBBP,3,3,2.000000,2,2.777778e-02,
ASXL1->-CREBBP,2,1,2.000000,2,5.000000e-01,
ASXL1->-ABL1,2,1,2.000000,2,2.500000e-01,
ARID1A->-ERCC4 ARID1A->-IKZF1 IKZF1->-ERCC4,3,3,2.000000,2,2.777778e-02,
JAK2->-BLM JAK2->-MAP3K13 MAP3K13->-BLM,3,3,2.000000,2,1.851852e-02,
JAK2->-ABL1 JAK2->-MAP3K13 MAP3K13->-ABL1,3,3,2.000000,2,1.851852e-02,
FLT3->-PIK3CA,2,1,2.000000,2,8.125000e-01,
CDH1->-JAK2 CDH1->-PIK3CA JAK2->-PIK3CA,3,3,2.000000,2,8.854167e-02,
JAK2->-PIK3CA LATS2->-JAK2 LATS2->-PIK3CA,3,3,2.000000,2,2.777778e-02,
PIK3CA->-CD274,2,1,2.000000,2,6.517857e-01,
CDH1->-PIK3CA CDH1->-SMARCB1 SMARCB1->-PIK3CA,3,3,2.000000,2,1.587302e-02,
APC->-BLM APC->-ERCC4 BLM->-ERCC4 CDH1->-APC CDH1->-BLM CDH1->-ERCC4,4,6,2.000000,2,1.736111e-03,
LATS2->-ASXL1,2,1,2.000000,2,2.500000e-01,
ARID1A->-ARID2 ARID1A->-FLT3 ARID2->-FLT3,3,3,2.000000,2,2.777778e-02,
SMARCB1->-FLT3,2,1,2.000000,2,2.000000e-01,
CD274->-ABL1,2,1,2.000000,2,2.500000e-01,
ZFHX3->-KMT2D,2,1,2.000000,2,2.500000e-01,
KMT2D->-ERBB3 TP53->-ERBB3 TP53->-KMT2D,3,3,2.000000,2,2.777778e-02,
PTEN->-BARD1 TP53->-BARD1 TP53->-PTEN,3,3,2.000000,2,1.805556e-02,
ZFHX3->-TBX3,2,1,2.000000,2,7.508333e-01,
PTEN->-ERBB3,2,1,2.000000,2,2.500000e-01,
TP53->-CTNNB1,2,1,2.000000,2,1.500000e-01,
PIK3R1->-POLE,2,1,2.000000,2,1.944444e-01,
KLF4->-MED12,2,1,2.000000,2,1.944444e-01,
TP53->-SUFU,2,1,2.000000,2,1.272727e-01,
KLF4->-NCOR1,2,1,2.000000,2,1.944444e-01,
NOTCH3->-FAT1,2,1,2.000000,2,2.500000e-01,
ESR1->-IRF4,2,1,2.000000,2,1.904762e-01,
RUNX1->-RPTOR,2,1,2.000000,2,2.500000e-01,
CDH1->-MCL1,2,1,2.000000,2,2.500000e-01,
NCOR1->-KMT2C,2,1,2.000000,2,9.578835e-01,
RUNX1->-KMT2C,2,1,2.000000,2,6.875000e-01,
RUNX1->-CDKN2A,2,1,2.000000,2,2.500000e-01,
KMT2C->-KMT2A KMT2C->-TSC2 TSC2->-KMT2A,3,3,2.000000,2,1.884921e-02,
KMT2C->-TP63,2,1,2.000000,2,4.642857e-01,
KMT2C->-MED12 KMT2C->-TSC2 TSC2->-MED12,3,3,2.000000,2,1.884921e-02,
MED12->-KMT2D TP53->-KMT2D TP53->-MED12,3,3,2.000000,2,1.884921e-02,
TP53->-MDM2,2,1,2.000000,2,2.142857e-01,
CIC->-SF3B1 PIK3CA->-CIC PIK3CA->-SF3B1,3,3,2.000000,2,2.777778e-02,
PIK3CG->-TET2,2,1,2.000000,2,2.261905e-01,
TET2->-FLT4 TP53->-FLT4 TP53->-TET2,3,3,2.000000,2,1.060606e-02,
CARD11->-FLT4 TP53->-CARD11 TP53->-FLT4,3,3,2.000000,2,4.545455e-02,
STAT3->-NF1,2,1,2.000000,2,2.500000e-01,
NCOR1->-NF1,2,1,2.000000,2,7.933673e-01,
NF1->-MSH6,2,1,2.000000,2,2.500000e-01,
FAT1->-MSH6 PIK3CA->-FAT1 PIK3CA->-MSH6,3,3,2.000000,2,2.777778e-02,
RUNX1->-MGA TP53->-MGA TP53->-RUNX1,3,3,2.000000,2,2.777778e-02,
PIK3CA->-MGA PIK3CA->-RUNX1 RUNX1->-MGA,3,3,2.000000,2,7.407407e-02,
PIK3CA->-CARD11 PIK3CA->-RUNX1 RUNX1->-CARD11,3,3,2.000000,2,2.777778e-02,
RUNX1->-CARD11 TP53->-CARD11 TP53->-RUNX1,3,3,2.000000,2,2.777778e-02,
RUNX1->-MSH6 TP53->-MSH6 TP53->-RUNX1,3,3,2.000000,2,2.777778e-02,
PIK3CA->-MSH6 PIK3CA->-RUNX1 RUNX1->-MSH6,3,3,2.000000,2,2.777778e-02,
RB1->-PIK3CG,2,1,2.000000,2,2.500000e-01,
SETD2->-PTCH1 TP53->-PTCH1 TP53->-SETD2,3,3,2.000000,2,2.714184e-02,
PIK3CA->-PTCH1 PIK3CA->-SETD2 SETD2->-PTCH1,3,3,2.000000,2,4.549077e-02,
PIK3CA->-MGA PIK3CA->-SETD2 SETD2->-MGA,3,3,2.000000,2,9.605634e-02,
SETD2->-MGA TP53->-MGA TP53->-SETD2,3,3,2.000000,2,2.714184e-02,
NCOR1->-PTCH1 PIK3CA->-NCOR1 PIK3CA->-PTCH1,3,3,2.000000,2,2.777778e-02,
MGA->-FLT4,2,1,2.000000,2,4.642857e-01,
KMT2A->-SETD2,2,1,2.000000,2,4.069231e-01,
TP53->-TCF3,2,1,2.000000,2,2.090909e-01,
MSH6->-KMT2A,2,1,2.000000,2,2.500000e-01,
TP53->-IKBKE,2,1,2.000000,2,2.500000e-01,
BARD1->-AKT1 TP53->-AKT1 TP53->-BARD1,3,3,2.000000,2,1.805556e-02,
ATR->-RUNX1 PIK3CA->-ATR PIK3CA->-RUNX1,3,3,2.000000,2,7.407407e-02,
NCOR1->-BRIP1,2,1,2.000000,2,1.904762e-01,
BARD1->-PIK3CA,2,1,2.000000,2,7.620403e-01,
MAP2K2->-PIK3CA STK11->-MAP2K2 STK11->-PIK3CA,3,3,2.000000,2,2.446895e-02,
TP53->-ALOX12B,2,1,2.000000,2,2.579365e-01,
MAP3K1->-RAD21,2,1,2.000000,2,1.216931e-01,
MAP2K4->-XPO1,2,1,2.000000,2,2.250000e-01,
APC->-XPO1,2,1,2.000000,2,2.250000e-01,
MEN1->-NOTCH3,2,1,2.000000,2,2.500000e-01,
GATA3->-NOTCH3,2,1,2.000000,2,2.000000e-01,
TRAF7->-GATA3,2,1,2.000000,2,2.500000e-01,
KIT->-PTEN,2,1,2.000000,2,2.500000e-01,
ZFHX3->-ATM,2,1,2.000000,2,4.023810e-01,
CDH1->-ATM CDH1->-PIK3CA PIK3CA->-ATM,3,3,2.000000,2,1.319444e-01,
ZFHX3->-NF1,2,1,2.000000,2,5.000000e-01,
APC->-NF1 CDH1->-APC CDH1->-NF1,3,3,2.000000,2,7.275132e-02,
PIK3CA->-PNRC1,2,1,2.000000,2,2.500000e-01,
CDH1->-SPOP,2,1,2.000000,2,5.000000e-01,
TET1->-ESR1,2,1,2.000000,2,6.699561e-01,
RB1->-ESR1,2,1,2.000000,2,2.000000e-01,
CDH1->-PALB2,2,1,2.000000,2,4.333333e-01,
CDH1->-NFE2L2,2,1,2.000000,2,1.833333e-01,
ARID1A->-NOTCH3,2,1,2.000000,2,2.000000e-01,
ROS1->-NF2,2,1,2.000000,2,1.428571e-01,
ROS1->-SPEN,2,1,2.000000,2,1.428571e-01,
TP53->-MRE11A,2,1,2.000000,2,2.500000e-01,
PIK3CA->-MDM2,2,1,2.000000,2,2.500000e-01,
ESR1->-NFE2L2,2,1,2.000000,2,2.500000e-01,
ARID1A->-RUNX1 PTEN->-ARID1A PTEN->-RUNX1,3,3,2.000000,2,2.777778e-02,
ESR1->-FUBP1,2,1,2.000000,2,1.666667e-01,
KDM5C->-ESR1,2,1,2.000000,2,6.125000e-01,
KDM5C->-RHOA,2,1,2.000000,2,1.250000e-01,
RHOA->-GRIN2A,2,1,2.000000,2,2.500000e-01,
SMAD4->-KDM5C,2,1,2.000000,2,5.000000e-01,
SMAD4->-PIK3CA,2,1,2.000000,2,9.554067e-01,
GRIN2A->-PIK3CA,2,1,2.000000,2,9.027778e-01,
NOTCH3->-BRCA2,2,1,2.000000,2,2.500000e-01,
SOX9->-TBX3,2,1,2.000000,2,4.333333e-01,
ATM->-HGF,2,1,2.000000,2,2.500000e-01,
PIK3CA->-HGF,2,1,2.000000,2,3.555556e-01,
SMAD4->-FAT1,2,1,2.000000,2,2.083333e-01,
NF1->-MAP2K4,2,1,2.000000,2,6.767574e-01,
ATR->-PIK3CA,2,1,2.000000,2,9.996223e-01,
KMT2C->-PPP2R1A,2,1,2.000000,2,1.833333e-01,
PPP2R1A->-PIK3CA,2,1,2.000000,2,8.247778e-01,
SPEN->-DNMT3A,2,1,2.000000,2,4.690476e-01,
GLI1->-DDR2 TP53->-DDR2 TP53->-GLI1,3,3,2.000000,2,2.380952e-03,
FOXP1->-ESR1,2,1,2.000000,2,4.333333e-01,
SPEN->-PIK3R1,2,1,2.000000,2,5.000000e-01,
RB1->-PIK3R1,2,1,2.000000,2,2.000000e-01,
TP53->-FGF3,2,1,2.000000,2,2.500000e-01,
STAG2->-AXL,2,1,2.000000,2,2.500000e-01,
CDK8->-KRAS,2,1,2.000000,2,2.500000e-01,
PIK3CA->-RPS6KA4,2,1,2.000000,2,3.928571e-01,
GATA3-/-RPS6KA4,2,1,2.000000,2,1.020408e-01,
PIK3CA->-RARA,2,1,2.000000,2,1.428571e-01,
PTEN-/-SF3B1,2,1,2.000000,2,1.111111e-01,
NSD1->-RAD50,2,1,2.000000,2,2.083333e-01,
STAG2->-PTEN STAG2->-TP53 TP53->-PTEN,3,3,2.000000,2,3.935185e-02,
PTEN->-PIK3C2G,2,1,2.000000,2,2.500000e-01,
NOTCH1->-NCOR1,2,1,2.000000,2,2.142857e-01,
MTOR->-NCOR1 NF1->-MTOR NF1->-NCOR1,3,3,2.000000,2,1.773243e-02,
SPEN->-NCOR1,2,1,2.000000,2,4.642857e-01,
FOXA1->-DOT1L,2,1,2.000000,2,6.019841e-01,
GATA3->-DOT1L,2,1,2.000000,2,2.333333e-01,
AKT1->-XPO1 CDH1->-AKT1 CDH1->-XPO1,3,3,2.000000,2,2.777778e-02,
FGFR4->-AKT1,2,1,2.000000,2,1.458333e-01,
CDH1->-BTK,2,1,2.000000,2,2.500000e-01,
CDH1->-FAT1 MTOR->-CDH1 MTOR->-FAT1,3,3,2.000000,2,2.777778e-02,
MTOR->-AR,2,1,2.000000,2,3.958333e-01,
BRCA2->-MTOR BRCA2->-XPO1 MTOR->-XPO1,3,3,2.000000,2,2.777778e-02,
NOTCH3->-PIK3R1,2,1,2.000000,2,2.500000e-01,
KMT2C->-PIK3R1,2,1,2.000000,2,7.875000e-01,
CDH1->-PIK3R1,2,1,2.000000,2,5.000000e-01,
PIK3R1->-AR,2,1,2.000000,2,2.500000e-01,
FAT1->-AR,2,1,2.000000,2,2.500000e-01,
SPEN->-XPO1,2,1,2.000000,2,2.500000e-01,
KMT2C->-NOTCH3 KMT2C->-XPO1 NOTCH3->-XPO1,3,3,2.000000,2,2.777778e-02,
KMT2C->-AR,2,1,2.000000,2,7.239011e-01,
BRCA2->-FAT1,2,1,2.000000,2,4.272727e-01,
ATR->-KMT2D PIK3CA->-ATR PIK3CA->-KMT2D,3,3,2.000000,2,7.301418e-02,
ARID2->-KMT2D ERCC5->-ARID2 ERCC5->-KMT2D PIK3CA->-ARID2 PIK3CA->-ERCC5 PIK3CA->-KMT2D,4,6,2.000000,2,1.736111e-03,
ARID2->-KMT2D ERCC5->-ARID2 ERCC5->-KMT2D TP53->-ARID2 TP53->-ERCC5 TP53->-KMT2D,4,6,2.000000,2,1.736111e-03,
SPEN->-KMT2D TP53->-KMT2D TP53->-SPEN,3,3,2.000000,2,2.777778e-02,
PIK3CA->-KMT2D PIK3CA->-SPEN SPEN->-KMT2D,3,3,2.000000,2,2.777778e-02,
NOTCH4->-KMT2D TP53->-KMT2D TP53->-NOTCH4,3,3,2.000000,2,4.659320e-02,
CARD11->-KMT2D PIK3CA->-CARD11 PIK3CA->-KMT2D,3,3,2.000000,2,5.237163e-02,
PIK3CA->-PARP1 PIK3CA->-RUNX1 RUNX1->-PARP1,3,3,2.000000,2,2.777778e-02,
NUP93->-PARP1 PIK3CA->-NUP93 PIK3CA->-PARP1,3,3,2.000000,2,2.777778e-02,
RUNX1->-INSR,2,1,2.000000,2,2.500000e-01,
APC->-RUNX1,2,1,2.000000,2,2.500000e-01,
FLT4->-ATM TP53->-ATM TP53->-FLT4,3,3,2.000000,2,4.166667e-03,
ATR->-ARID2 PIK3CA->-ARID2 PIK3CA->-ATR PIK3CA->-PTPRS PTPRS->-ARID2 PTPRS->-ATR,4,6,2.000000,2,1.736111e-03,
PTPRS->-PARP1,2,1,2.000000,2,2.500000e-01,
FLT4->-APC TP53->-APC TP53->-FLT4,3,3,2.000000,2,3.968254e-03,
TP53->-HLA-A,2,1,2.000000,2,2.500000e-01,
FGFR4->-MSH6 TP53->-FGFR4 TP53->-MSH6,3,3,2.000000,2,7.575758e-03,
TP53->-NUP93,2,1,2.000000,2,5.000000e-01,
TP53->-RPS6KB2,2,1,2.000000,2,2.500000e-01,
RAD51->-KMT2D,2,1,2.000000,2,2.500000e-01,
KMT2D->-FGFR2 TP53->-FGFR2 TP53->-KMT2D,3,3,2.000000,2,2.714184e-02,
PTPRT->-FGFR2 TP53->-FGFR2 TP53->-PTPRT,3,3,2.000000,2,2.714184e-02,
KMT2D->-NCOR1 SMAD2->-KMT2D SMAD2->-NCOR1,3,3,2.000000,2,2.777778e-02,
ERCC4->-NCOR1,2,1,2.000000,2,4.120879e-01,
NTRK2->-KMT2D,2,1,2.000000,2,2.000000e-01,
CDH1->-PIK3CA FLCN->-CDH1 FLCN->-PIK3CA,3,3,2.000000,2,2.777778e-02,
TP53->-FLCN,2,1,2.000000,2,4.166667e-01,
BRCA1->-CREBBP BRCA1->-KMT2C CREBBP->-KMT2C,3,3,2.000000,2,2.777778e-02,
PIK3C2G->-KMT2C,2,1,2.000000,2,5.000000e-01,
FOXP1->-PTPRT,2,1,2.000000,2,4.642857e-01,
CREBBP->-KMT2C CREBBP->-NCOR1 KMT2C->-NCOR1,3,3,2.000000,2,2.777778e-02,
AKT1->-TBX3,2,1,2.000000,2,2.500000e-01,
ARID2->-EPHA5 TP53->-ARID2 TP53->-EPHA5,3,3,2.000000,2,1.306196e-01,
ZFHX3->-ARID2,2,1,2.000000,2,2.500000e-01,
PIK3CA->-TP53 PIK3CA->-ZFHX3 ZFHX3->-TP53,3,3,2.000000,2,8.763228e-02,
CBFB->-MAP2K4,2,1,2.000000,2,2.250000e-01,
MAP3K1->-CTCF,2,1,2.000000,2,7.318750e-01,
ATM->-JUN,2,1,2.000000,2,2.500000e-01,
FBXW7->-PIK3CA,2,1,2.000000,2,8.352335e-01,
BRCA2->-TP53,2,1,2.000000,2,9.978701e-01,
RHOA->-TBX3,2,1,2.000000,2,2.053571e-01,
CDH1->-GATA3 CDH1->-PIK3CA CDH1->-TP53 GATA3-/-TP53 PIK3CA-/-TP53 PIK3CA->-GATA3,4,6,2.000000,2,2.250900e-05,
FAT1->-RB1,2,1,2.000000,2,6.875000e-01,
FGFR4->-ROS1,2,1,2.000000,2,2.500000e-01,
PIK3CA->-GATA3 ROS1->-GATA3 ROS1->-PIK3CA,3,3,2.000000,2,2.777778e-02,
PIK3CA->-GATA3 STK11->-GATA3 STK11->-PIK3CA,3,3,2.000000,2,2.446895e-02,
TP53->-ASXL2,2,1,2.000000,2,4.250000e-01,
AKT2->-PTPRT,2,1,2.000000,2,2.500000e-01,
TP53->-PPP2R1A,2,1,2.000000,2,1.409091e-01,
TP53->-EPHA3,2,1,2.000000,2,5.000000e-01,
RICTOR->-ESR1,2,1,2.000000,2,7.696498e-01,
SUZ12->-PIK3CA,2,1,2.000000,2,6.148557e-01,
DNMT3A->-FAT1,2,1,2.000000,2,4.690476e-01,
DNMT1->-SPEN,2,1,2.000000,2,2.500000e-01,
APC->-SPEN,2,1,2.000000,2,7.625000e-01,
BLM->-FAT1 BLM->-KDR FAT1->-KDR,3,3,2.000000,2,2.446895e-02,
SMAD4->-ERCC4,2,1,2.000000,2,2.500000e-01,
APC->-DNMT1,2,1,2.000000,2,4.670330e-01,
FOXP1->-PTEN,2,1,2.000000,2,2.142857e-01,
TET2->-SETD2 TP53->-SETD2 TP53->-TET2,3,3,2.000000,2,1.092215e-01,
AKT1->-RAD50,2,1,2.000000,2,2.500000e-01,
MAP2K4->-SETD2,2,1,2.000000,2,2.380952e-01,
AKT1->-SETD2,2,1,2.000000,2,2.380952e-01,
CDH1->-AXIN2,2,1,2.000000,2,2.500000e-01,
AKT1->-DNMT1,2,1,2.000000,2,4.670330e-01,
SMAD2->-RFWD2,2,1,2.000000,2,2.500000e-01,
MAP2K4->-ARID2,2,1,2.000000,2,2.500000e-01,
KMT2C->-NSD1,2,1,2.000000,2,7.958333e-01,
CDH1->-RET,2,1,2.000000,2,2.500000e-01,
KMT2D->-FGF4 PIK3CA->-FGF4 PIK3CA->-KMT2D,3,3,2.000000,2,1.625387e-02,
KMT2C->-EP300 KMT2D->-EP300 KMT2D->-KMT2C,3,3,2.000000,2,2.446895e-02,
BCOR->-TSC2,2,1,2.000000,2,2.500000e-01,
SMAD2->-BCOR,2,1,2.000000,2,1.666667e-01,
ARID1A->-SMAD4,2,1,2.000000,2,4.666667e-01,
SMAD4->-RFWD2,2,1,2.000000,2,2.500000e-01,
LATS1->-ATR,2,1,2.000000,2,2.500000e-01,
ROS1->-IKZF1,2,1,2.000000,2,1.666667e-01,
ROS1->-MYC,2,1,2.000000,2,1.666667e-01,
ARID1A->-KDM5C PIK3CA->-ARID1A PIK3CA->-KDM5C,3,3,2.000000,2,5.753968e-02,
LATS1->-ARID1A,2,1,2.000000,2,1.772727e-01,
TSC2->-KMT2C,2,1,2.000000,2,8.547890e-01,
LATS1->-RFWD2,2,1,2.000000,2,2.500000e-01,
NCOR1->-IKZF1 NCOR1->-PIK3CA PIK3CA->-IKZF1,3,3,2.000000,2,4.761905e-02,
GATA3->-BRCA1,2,1,2.000000,2,7.040972e-01,
GATA3->-BCOR,2,1,2.000000,2,2.500000e-01,
FLT4-/-PIK3CA TP53->-FLT4 TP53->-PIK3CA,3,3,2.000000,2,4.052675e-02,
IDH1-/-PIK3CA,2,1,2.000000,2,1.640741e-01,
ASXL2->-TBX3,2,1,2.000000,2,2.500000e-01,
CDH1->-ASXL2,2,1,2.000000,2,3.886905e-01,
ASXL2->-ARID1A,2,1,2.000000,2,4.220238e-01,
FOXA1->-KMT2A FOXA1->-PIK3CA PIK3CA->-KMT2A,3,3,2.000000,2,4.629630e-02,
KDR->-KMT2A,2,1,2.000000,2,2.500000e-01,
ARID1B->-KMT2A ARID1B->-PIK3CA PIK3CA->-KMT2A,3,3,2.000000,2,2.777778e-02,
DDR2->-PIK3CA,2,1,2.000000,2,4.000000e-01,
FOXA1->-ARID1B,2,1,2.000000,2,2.500000e-01,
ARID1B->-KDR,2,1,2.000000,2,2.389706e-01,
AKT1->-GPS2,2,1,2.000000,2,3.833333e-01,
GPS2->-JAK2,2,1,2.000000,2,2.500000e-01,
EPHA5->-TP53,2,1,2.000000,2,9.938240e-01,
CDH1->-HIST1H1C CDH1->-PIK3CA PIK3CA->-HIST1H1C,3,3,2.000000,2,2.777778e-02,
PIK3CA->-MYCN,2,1,2.000000,2,2.500000e-01,
PIK3CA->-SHQ1,2,1,2.000000,2,2.190476e-01,
GATA3->-DICER1,2,1,2.000000,2,2.500000e-01,
GATA3->-HIST1H1C,2,1,2.000000,2,2.500000e-01,
GATA3->-NOTCH4,2,1,2.000000,2,1.833333e-01,
KDR-/-PIK3CA,2,1,2.000000,2,4.836281e-02,
MAP2K2->-KMT2C,2,1,2.000000,2,2.389706e-01,
CDH1->-PIK3CA RAD52->-CDH1 RAD52->-PIK3CA,3,3,2.000000,2,2.446895e-02,
RAD52->-GATA3,2,1,2.000000,2,1.725899e-01,
STK11->-PTCH1,2,1,2.000000,2,2.389706e-01,
BLM->-GATA3,2,1,2.000000,2,4.223039e-01,
FAT1->-GATA3,2,1,2.000000,2,8.680847e-01,
ARID1B->-GATA3,2,1,2.000000,2,4.889706e-01,
CDH1->-PIK3CA STK11->-CDH1 STK11->-PIK3CA,3,3,2.000000,2,6.855937e-02,
MGA->-KMT2A,2,1,2.000000,2,5.675092e-01,
TP53->-MALT1,2,1,2.000000,2,1.666667e-01,
MAP3K1->-ALK,2,1,2.000000,2,5.983333e-01,
MAP3K1->-KLF4,2,1,2.000000,2,2.500000e-01,
EP300-/-PIK3CG TP53->-EP300 TP53->-PIK3CG,3,3,2.000000,2,6.338183e-03,
TP53->-CD79B,2,1,2.000000,2,1.490741e-01,
TP53->-PLCG2,2,1,2.000000,2,1.195582e-01,
PBRM1->-ERBB3,2,1,2.000000,2,4.250000e-01,
TP53->-SMAD4,2,1,2.000000,2,7.875000e-01,
TBX3->-NCOA3,2,1,2.000000,2,1.750000e-01,
AKT1->-CTCF AKT1->-PTCH1 CTCF->-PTCH1,3,3,2.000000,2,2.777778e-02,
PTCH1->-PAK7 SOX9->-PAK7 SOX9->-PTCH1,3,3,2.000000,2,2.777778e-02,
PTCH1->-PAK7 TBX3->-PAK7 TBX3->-PTCH1,3,3,2.000000,2,2.777778e-02,
TBX3->-IKZF1,2,1,2.000000,2,1.666667e-01,
PIK3CA->-MEF2B,2,1,2.000000,2,2.500000e-01,
KDM5C->-FAT1,2,1,2.000000,2,1.500000e-01,
KDM5C->-MAP3K1,2,1,2.000000,2,2.500000e-01,
CBFB->-MEN1,2,1,2.000000,2,2.500000e-01,
GLI1->-GATA3,2,1,2.000000,2,2.500000e-01,
NOTCH3->-BLM TP53->-BLM TP53->-NOTCH3,3,3,2.000000,2,1.851852e-02,
GATA3->-AKT1,2,1,2.000000,2,9.912342e-01,
SPEN->-PTPRD,2,1,2.000000,2,1.666667e-01,
IDH1->-SETD2 TP53->-IDH1 TP53->-SETD2,3,3,2.000000,2,2.714184e-02,
KMT2A->-NOTCH1,2,1,2.000000,2,2.500000e-01,
RAD52->-BRCA1,2,1,2.000000,2,1.805556e-01,
JAK1->-MDC1,2,1,2.000000,2,2.170330e-01,
CHEK2->-CREBBP,2,1,2.000000,2,2.333333e-01,
MDC1->-CREBBP,2,1,2.000000,2,5.000000e-01,
MDC1->-TP53,2,1,2.000000,2,9.667693e-01,
KMT2C->-ARID2,2,1,2.000000,2,6.875000e-01,
BRCA2->-ARID2,2,1,2.000000,2,2.500000e-01,
BRCA2->-GATA3,2,1,2.000000,2,6.303571e-01,
CARD11->-PBRM1,2,1,2.000000,2,4.136364e-01,
FAT1->-TET1,2,1,2.000000,2,8.833151e-01,
GATA3->-TET1,2,1,2.000000,2,1.833333e-01,
ESR1->-POLD1,2,1,2.000000,2,1.750000e-01,
FAT1->-RECQL4,2,1,2.000000,2,2.500000e-01,
MDC1->-FAT1,2,1,2.000000,2,2.190476e-01,
CARD11->-FAT1,2,1,2.000000,2,6.062151e-01,
FOXA1->-PTEN,2,1,2.000000,2,7.075385e-01,
FBXW7->-KMT2D TP53->-FBXW7 TP53->-KMT2D,3,3,2.000000,2,1.388889e-02,
PTPRS->-PIK3CA STK11->-PIK3CA STK11->-PTPRS,3,3,2.000000,2,2.777778e-02,
PTPRS->-MGA STK11->-MGA STK11->-PTPRS,3,3,2.000000,2,2.777778e-02,
PIK3CA->-PDGFRB,2,1,2.000000,2,6.016430e-01,
CDH1->-RUNX1 CDH1->-TBX3 RUNX1->-TBX3,3,3,2.000000,2,1.319444e-01,
PIK3CG->-CDC73,2,1,2.000000,2,2.261905e-01,
ARAF->-PIK3CA,2,1,2.000000,2,7.315846e-01,
KMT2D->-FLT3,2,1,2.000000,2,2.500000e-01,
NF1->-ARID2 PIK3CA->-ARID2 PIK3CA->-NF1,3,3,2.000000,2,2.777778e-02,
EP300->-TP53,2,1,2.000000,2,9.951037e-01,
NFE2L2->-GATA3,2,1,2.000000,2,2.500000e-01,
ARID1B->-NFE2L2,2,1,2.000000,2,5.000000e-01,
FOXA1->-RASA1,2,1,2.000000,2,2.083333e-01,
MAP2K4->-FAT1,2,1,2.000000,2,4.552632e-01,
PDGFRA->-ARID2,2,1,2.000000,2,2.500000e-01,
PIK3R1->-NF1,2,1,2.000000,2,9.281250e-01,
PIK3R1->-EPHB1,2,1,2.000000,2,2.500000e-01,
NF1->-EPHB1,2,1,2.000000,2,2.476190e-01,
FAT1->-IRS1,2,1,2.000000,2,2.500000e-01,
FAT1->-ARID1B TP53->-ARID1B TP53->-FAT1,3,3,2.000000,2,6.855937e-02,
NOTCH2->-FAT1,2,1,2.000000,2,1.904762e-01,
ARID1B->-ARID2 ARID1B->-IRS1 IRS1->-ARID2,3,3,2.000000,2,2.777778e-02,
AR->-ARID2 AR->-IRS1 IRS1->-ARID2,3,3,2.000000,2,2.777778e-02,
ARID1B->-ROS1 TP53->-ARID1B TP53->-ROS1,3,3,2.000000,2,1.736111e-02,
MAP3K1->-ARID1B,2,1,2.000000,2,6.473214e-01,
EPHA5->-ALK TP53->-ALK TP53->-EPHA5,3,3,2.000000,2,2.777778e-02,
SPEN->-ALK,2,1,2.000000,2,2.500000e-01,
TET1->-SPEN TP53->-SPEN TP53->-TET1,3,3,2.000000,2,2.777778e-02,
MAP3K1->-PIK3R1,2,1,2.000000,2,6.875000e-01,
MAP3K1->-ATRX TP53->-ATRX TP53->-MAP3K1,3,3,2.000000,2,1.438492e-02,
TP53->-STAT3,2,1,2.000000,2,5.000000e-01,
BCOR->-PIK3CA,2,1,2.000000,2,9.813285e-01,
JAK3->-PIK3CA,2,1,2.000000,2,8.773044e-01,
CDH1->-ERBB3 CDH1->-TBX3 TBX3->-ERBB3,3,3,2.000000,2,2.777778e-02,
TP53->-HIST1H3J,2,1,2.000000,2,1.222222e-01,
TP53->-HIST1H3C,2,1,2.000000,2,2.053571e-01,
CTCF->-TP53,2,1,2.000000,2,8.518229e-01,
LATS2->-TP53,2,1,2.000000,2,7.366071e-01,
NF1->-NBN,2,1,2.000000,2,2.500000e-01,
KMT2C-/-RB1 TP53->-KMT2C TP53->-RB1,3,3,2.000000,2,9.005772e-03,
ANKRD11->-MYCN,2,1,2.000000,2,1.750000e-01,
NF1->-STAG2,2,1,2.000000,2,1.587302e-01,
MAP2K4->-NF1 MAP2K4->-TET2 NF1->-TET2,3,3,2.000000,2,2.312925e-02,
KMT2A->-CD79A,2,1,2.000000,2,2.500000e-01,
FGFR4->-CD79A,2,1,2.000000,2,2.500000e-01,
MGA->-BCOR,2,1,2.000000,2,2.480159e-01,
ROS1->-ATRX,2,1,2.000000,2,4.980159e-01,
MGA->-ATRX,2,1,2.000000,2,2.480159e-01,
FGFR4->-GRIN2A,2,1,2.000000,2,2.500000e-01,
PIK3R1->-EPHA7,2,1,2.000000,2,2.500000e-01,
NOTCH3->-PALB2,2,1,2.000000,2,2.500000e-01,
NOTCH4->-EIF4A2,2,1,2.000000,2,2.170330e-01,
TMPRSS2->-TP53,2,1,2.000000,2,1.444444e-01,
TP53->-UPF1,2,1,2.000000,2,4.250000e-01,
IL7R->-KMT2C,2,1,2.000000,2,1.750000e-01,
ERBB4-/-FLT4 TP53->-ERBB4 TP53->-FLT4,3,3,2.000000,2,3.095238e-03,
ATRX->-KMT2C,2,1,2.000000,2,1.750000e-01,
BRCA2-/-FLT1,2,1,2.000000,2,7.315258e-02,
MAP3K1->-BRCA2,2,1,2.000000,2,3.704678e-01,
MAP3K1->-PDGFRB,2,1,2.000000,2,1.871345e-01,
PIK3CA->-BTK,2,1,2.000000,2,4.583333e-01,
ATM-/-HIST1H3J,2,1,2.000000,2,1.333333e-01,
MGA->-RB1,2,1,2.000000,2,4.980159e-01,
TBX3->-GRIN2A,2,1,2.000000,2,2.500000e-01,
AKT1->-ERBB4,2,1,2.000000,2,1.750000e-01,
KDM6A->-TP53,2,1,2.000000,2,9.703490e-01,
MAP3K1->-DDR2,2,1,2.000000,2,1.675824e-01,
MAP3K1->-PTEN,2,1,2.000000,2,9.875427e-01,
RB1->-SPEN,2,1,2.000000,2,4.333333e-01,
RB1->-CDH1,2,1,2.000000,2,9.372934e-01,
ERBB3->-PTPRD FGFR4->-ERBB3 FGFR4->-PTPRD,3,3,2.000000,2,7.575758e-03,
PIK3CA->-FAM175A,2,1,2.000000,2,4.513889e-01,
CREBBP->-NUP93,2,1,2.000000,2,4.196429e-01,
TBX3->-ARID1A,2,1,2.000000,2,7.073912e-01,
CDH1->-CIC,2,1,2.000000,2,1.650794e-01,
STK11->-ARID1A,2,1,2.000000,2,5.000000e-01,
ALK->-ARID1A TP53->-ALK TP53->-ARID1A,3,3,2.000000,2,2.777778e-02,
KRAS->-ALK,2,1,2.000000,2,2.500000e-01,
PIK3CA->-RUNX1 PIK3CA->-SF3B1 SF3B1->-RUNX1,3,3,2.000000,2,2.777778e-02,
SF3B1->-ARID1A,2,1,2.000000,2,2.500000e-01,
NCOR1->-BCOR,2,1,2.000000,2,5.000000e-01,
BCOR->-RUNX1,2,1,2.000000,2,2.500000e-01,
FANCA->-PARP1 FANCA->-PIK3R1 PIK3R1->-PARP1,3,3,2.000000,2,2.777778e-02,
KMT2C->-TSC2 PTEN->-KMT2C PTEN->-TSC2,3,3,2.000000,2,1.430976e-02,
GATA3->-FGFR2,2,1,2.000000,2,2.500000e-01,
NOTCH3->-ALK,2,1,2.000000,2,2.500000e-01,
PTEN->-MSH2,2,1,2.000000,2,2.500000e-01,
ROS1->-MAP3K1 TP53->-MAP3K1 TP53->-ROS1,3,3,2.000000,2,5.671296e-02,
TSC2->-MAP3K1,2,1,2.000000,2,5.199830e-01,
MDC1->-KMT2C PIK3CA->-KMT2C PIK3CA->-MDC1,3,3,2.000000,2,2.777778e-02,
GATA3->-KMT2D,2,1,2.000000,2,6.792279e-01,
PPP2R1A->-ARID1A,2,1,2.000000,2,3.909091e-01,
EGFR-/-PIK3CA,2,1,2.000000,2,1.333333e-01,
CDH1-/-PIK3CA,2,1,2.000000,2,9.792860e-01,
NF1->-ATR,2,1,2.000000,2,4.500000e-01,
FLT4->-GATA3,2,1,2.000000,2,3.833333e-01,
ARID1A->-FLT4,2,1,2.000000,2,3.500000e-01,
KLF4->-ARID1A,2,1,2.000000,2,2.500000e-01,
KMT2D->-BCOR,2,1,2.000000,2,4.980159e-01,
PTPRT->-BCOR,2,1,2.000000,2,2.480159e-01,
PTCH1->-KMT2D,2,1,2.000000,2,4.869865e-01,
KMT2D->-ARID1A TP53->-ARID1A TP53->-KMT2D,3,3,2.000000,2,7.301418e-02,
HIST1H3I->-HNF1A PIK3CA->-HIST1H3I PIK3CA->-HNF1A,3,3,2.000000,2,2.714184e-02,
HIST1H3I->-HNF1A ROS1->-HIST1H3I ROS1->-HNF1A,3,3,2.000000,2,2.714184e-02,
PIK3CA->-BCOR PIK3CA->-PTCH1 PTCH1->-BCOR,3,3,2.000000,2,2.714184e-02,
SETD2->-BCOR,2,1,2.000000,2,2.480159e-01,
PIK3CA->-ATR PIK3CA->-PTCH1 PTCH1->-ATR,3,3,2.000000,2,2.714184e-02,
PIK3CA->-ARID2 PIK3CA->-PTCH1 PTCH1->-ARID2,3,3,2.000000,2,2.714184e-02,
PIK3CA->-GLI1 PIK3CA->-PTCH1 PTCH1->-GLI1,3,3,2.000000,2,2.714184e-02,
ATRX->-RB1,2,1,2.000000,2,6.296131e-01,
HIST1H3I->-GATA3 PIK3CA->-GATA3 PIK3CA->-HIST1H3I,3,3,2.000000,2,2.777778e-02,
LATS2->-GATA3,2,1,2.000000,2,2.500000e-01,
ERBB2->-PIK3CA KMT2C->-ERBB2 KMT2C->-PIK3CA,3,3,2.000000,2,1.829765e-01,
PIK3CA->-HIST1H3J,2,1,2.000000,2,1.500000e-01,
PIK3CA->-CSF1R,2,1,2.000000,2,4.333333e-01,
PIK3CA->-ALOX12B,2,1,2.000000,2,2.500000e-01,
ARID2-/-ESR1,2,1,2.000000,2,1.754643e-01,
JAK3->-RAD21 TP53->-JAK3 TP53->-RAD21,3,3,2.000000,2,7.870370e-03,
IRS1->-PTCH1,2,1,2.000000,2,2.500000e-01,
ERBB2->-PDGFRA,2,1,2.000000,2,2.500000e-01,
KMT2C->-PDGFRA,2,1,2.000000,2,2.500000e-01,
CDH1->-ERBB2 CDH1->-PTPRS ERBB2->-PTPRS,3,3,2.000000,2,2.777778e-02,
CDH1->-ZFHX3,2,1,2.000000,2,9.084375e-01,
AR->-KMT2A AR->-PIK3CA PIK3CA->-KMT2A,3,3,2.000000,2,2.777778e-02,
AR->-KMT2A AR->-PDGFRA AR->-PTPRS PDGFRA->-KMT2A PDGFRA->-PTPRS PTPRS->-KMT2A,4,6,2.000000,2,1.736111e-03,
KMT2C->-GLI1,2,1,2.000000,2,4.395604e-01,
PIK3CA->-AXIN1,2,1,2.000000,2,1.400000e-01,
PALB2->-PIK3CA,2,1,2.000000,2,8.018299e-01,
GATA3-/-SPEN,2,1,2.000000,2,9.523810e-02,
PTPRS->-GATA3,2,1,2.000000,2,5.416667e-01,
STAG2->-MAP3K1,2,1,2.000000,2,5.000000e-01,
FAT1->-PTEN,2,1,2.000000,2,8.178230e-01,
RB1->-PTPRD TP53->-PTPRD TP53->-RB1,3,3,2.000000,2,1.111111e-02,
CBFB->-SF3B1,2,1,2.000000,2,2.500000e-01,
NSD1-/-TP53,2,1,2.000000,2,7.129018e-01,
MDC1->-RAD54L PIK3CA->-MDC1 PIK3CA->-RAD54L,3,3,2.000000,2,2.222222e-02,
PIK3CB->-RAD54L,2,1,2.000000,2,3.790476e-01,
PIK3CA->-PIK3R3,2,1,2.000000,2,6.562500e-01,
CDH1->-PDGFRB CDH1->-PTPRS PTPRS->-PDGFRB,3,3,2.000000,2,2.777778e-02,
CDH1->-MGA,2,1,2.000000,2,1.666667e-01,
PTEN->-INPPL1,2,1,2.000000,2,5.000000e-01,
KMT2B->-KMT2A,2,1,2.000000,2,2.500000e-01,
KMT2D->-FOXP1,2,1,2.000000,2,5.000000e-01,
EGFR-/-KMT2C,2,1,2.000000,2,1.333333e-01,
ARID1A->-ALK,2,1,2.000000,2,6.875000e-01,
FLT4-/-NOTCH4 TP53->-FLT4 TP53->-NOTCH4,3,3,2.000000,2,1.513228e-02,
AKT1->-SPEN,2,1,2.000000,2,3.571429e-01,
MAP3K1->-RUNX1,2,1,2.000000,2,7.319444e-01,
LATS1->-TP53,2,1,2.000000,2,8.125000e-01,
RET->-PIK3CA,2,1,2.000000,2,3.666667e-01,
JAK1->-PDGFRB,2,1,2.000000,2,2.170330e-01,
TP53->-EED,2,1,2.000000,2,1.302198e-01,
MDC1->-APC NOTCH4->-APC NOTCH4->-MDC1,3,3,2.000000,2,2.182540e-02,
APC->-PDGFRB,2,1,2.000000,2,2.170330e-01,
KMT2C->-E2F3,2,1,2.000000,2,1.500000e-01,
TP53->-PARK2,2,1,2.000000,2,1.178571e-01,
RB1->-HIST1H3G,2,1,2.000000,2,2.500000e-01,
CDKN1B->-ESR1 CDKN1B->-PIK3CA ESR1->-PIK3CA,3,3,2.000000,2,2.777778e-02,
TP53->-EGFL7,2,1,2.000000,2,2.500000e-01,
KMT2B->-PIK3CA,2,1,2.000000,2,5.000000e-01,
KMT2B->-PTPRS,2,1,2.000000,2,2.500000e-01,
PTPRT->-KMT2A,2,1,2.000000,2,2.023810e-01,
PIK3R1->-MAP3K1,2,1,2.000000,2,6.875000e-01,
CDH1->-PIK3CA CDH1->-XPO1 PIK3CA->-XPO1,3,3,2.000000,2,2.777778e-02,
ARID1A->-XPO1,2,1,2.000000,2,2.500000e-01,
NFE2L2->-PDGFRB,2,1,2.000000,2,2.500000e-01,
FANCA->-MED12,2,1,2.000000,2,2.500000e-01,
LATS1->-PIK3CA,2,1,2.000000,2,6.510417e-01,
ARID1B->-MAP3K1,2,1,2.000000,2,6.473214e-01,
ERBB3->-ARID2,2,1,2.000000,2,4.175824e-01,
TNFAIP3->-NF1,2,1,2.000000,2,1.428571e-01,
