pattern,n_nodes,n_edges,s_exp,s_theta,pval_exp,pval_theta
CDH1->-PIK3CA,2,1,100.000000,100,1.560349e-11,
TP53->-PIK3CA,2,1,83.000000,83,3.290729e-02,
PIK3CA->-TP53,2,1,69.000000,69,6.664079e-01,
MAP3K1->-PIK3CA,2,1,48.000000,48,4.251528e-02,
PIK3CA->-GATA3,2,1,42.000000,42,2.132158e-01,
TP53->-PTEN,2,1,38.000000,38,3.239819e-05,
GATA3->-PIK3CA,2,1,37.000000,37,6.274130e-01,
PIK3CA->-MAP3K1,2,1,34.000000,34,9.156831e-01,
PIK3CA->-KMT2C,2,1,33.000000,33,5.432867e-02,
CBFB->-PIK3CA,2,1,33.000000,33,3.288464e-06,
TP53->-KMT2C,2,1,29.000000,29,4.411299e-05,
PIK3CA->-KMT2C TP53->-KMT2C TP53->-PIK3CA,3,3,4.000000,4,1.407845e-01,
PIK3CA->-KMT2C PIK3CA->-TP53 TP53->-KMT2C,3,3,3.000000,3,3.442486e-01,
PIK3CA->-CDH1,2,1,28.000000,28,1.000000e+00,
PIK3CA->-FOXA1,2,1,27.000000,27,6.446643e-03,
TP53->-NF1,2,1,27.000000,27,3.597685e-03,
CDH1->-TP53,2,1,26.000000,26,9.673814e-02,
CDH1->-PIK3CA CDH1->-TP53 TP53->-PIK3CA,3,3,2.000000,2,6.451496e-01,
CDH1->-PIK3CA CDH1->-TP53 PIK3CA->-TP53,3,3,3.000000,3,3.531774e-01,
PIK3CA->-ESR1,2,1,26.000000,26,1.029732e-01,
TP53->-MAP3K1,2,1,24.000000,24,1.929808e-04,
MAP3K1->-PIK3CA TP53->-MAP3K1 TP53->-PIK3CA,3,3,2.000000,2,3.850032e-01,
PIK3CA->-MAP3K1 TP53->-MAP3K1 TP53->-PIK3CA,3,3,2.000000,2,3.850032e-01,
PIK3CA->-MAP3K1 PIK3CA->-TP53 TP53->-MAP3K1,3,3,2.000000,2,3.850032e-01,
TP53->-KMT2D,2,1,24.000000,24,2.678270e-06,
CDH1->-KMT2C,2,1,23.000000,23,4.920864e-04,
CDH1->-KMT2C CDH1->-PIK3CA PIK3CA->-KMT2C,3,3,7.000000,7,3.987811e-03,
CDH1->-KMT2C CDH1->-TP53 TP53->-KMT2C,3,3,2.000000,2,3.239668e-01,
TP53->-RB1,2,1,21.000000,21,5.062669e-03,
CBFB->-GATA3,2,1,21.000000,21,2.335438e-04,
CBFB->-GATA3 CBFB->-PIK3CA PIK3CA->-GATA3,3,3,5.000000,5,6.348451e-02,
CBFB->-GATA3 CBFB->-PIK3CA GATA3->-PIK3CA,3,3,6.000000,6,1.728822e-02,
PIK3CA->-FAT1,2,1,20.000000,20,3.574989e-04,
KMT2C->-PIK3CA,2,1,20.000000,20,9.719055e-01,
KMT2C->-PIK3CA TP53->-KMT2C TP53->-PIK3CA,3,3,2.000000,2,6.369097e-01,
CDH1->-KMT2C CDH1->-PIK3CA KMT2C->-PIK3CA,3,3,5.000000,5,6.632544e-02,
PIK3CA->-ARID1A,2,1,20.000000,20,2.568347e-01,
CDH1->-FOXA1,2,1,19.000000,19,6.165456e-04,
CDH1->-FOXA1 CDH1->-PIK3CA PIK3CA->-FOXA1,3,3,8.000000,8,3.071442e-04,
CDH1->-MAP3K1,2,1,19.000000,19,6.194909e-04,
CDH1->-MAP3K1 CDH1->-PIK3CA MAP3K1->-PIK3CA,3,3,4.000000,4,2.153188e-01,
CDH1->-MAP3K1 CDH1->-PIK3CA PIK3CA->-MAP3K1,3,3,8.000000,8,1.013056e-03,
CDH1->-MAP3K1 CDH1->-TP53 TP53->-MAP3K1,3,3,3.000000,3,1.620370e-02,
PIK3CA->-SF3B1,2,1,19.000000,19,1.186795e-05,
CDH1->-ERBB2,2,1,19.000000,19,5.175586e-02,
AKT1->-TP53,2,1,19.000000,19,1.566795e-04,
TP53->-NCOR1,2,1,19.000000,19,1.552679e-02,
PIK3CA->-RUNX1,2,1,19.000000,19,2.022992e-02,
TP53->-CDH1,2,1,19.000000,19,7.896752e-01,
CDH1->-PIK3CA TP53->-CDH1 TP53->-PIK3CA,3,3,5.000000,5,4.654567e-02,
CDH1->-KMT2C TP53->-CDH1 TP53->-KMT2C,3,3,2.000000,2,3.239668e-01,
TP53->-ARID1A,2,1,18.000000,18,5.758475e-04,
PIK3CA->-ARID1A TP53->-ARID1A TP53->-PIK3CA,3,3,2.000000,2,3.150247e-01,
PIK3CA->-ARID1A PIK3CA->-TP53 TP53->-ARID1A,3,3,3.000000,3,8.911245e-02,
TP53->-FAT1,2,1,18.000000,18,1.250988e-04,
PIK3CA->-FAT1 TP53->-FAT1 TP53->-PIK3CA,3,3,4.000000,4,4.258341e-02,
PIK3CA->-FAT1 PIK3CA->-TP53 TP53->-FAT1,3,3,3.000000,3,1.645093e-01,
MAP2K4->-PIK3CA,2,1,18.000000,18,4.090278e-02,
PIK3CA->-NCOR1,2,1,18.000000,18,3.471394e-01,
PIK3CA->-NCOR1 TP53->-NCOR1 TP53->-PIK3CA,3,3,2.000000,2,4.135488e-01,
ESR1->-PIK3CA,2,1,17.000000,17,9.234371e-01,
CDH1->-ARID1A,2,1,17.000000,17,3.811405e-03,
CDH1->-ARID1A CDH1->-PIK3CA PIK3CA->-ARID1A,3,3,4.000000,4,2.048509e-01,
CDH1->-ARID1A PIK3CA->-ARID1A PIK3CA->-CDH1,3,3,2.000000,2,7.140764e-01,
CDH1->-ARID1A CDH1->-TP53 TP53->-ARID1A,3,3,2.000000,2,1.471427e-01,
CDH1->-TBX3,2,1,17.000000,17,5.078047e-02,
TBX3->-PIK3CA,2,1,17.000000,17,3.065433e-01,
CDH1->-PIK3CA CDH1->-TBX3 TBX3->-PIK3CA,3,3,5.000000,5,5.093913e-02,
TP53->-GATA3,2,1,17.000000,17,2.347457e-02,
PIK3CA->-GATA3 TP53->-GATA3 TP53->-PIK3CA,3,3,3.000000,3,1.375622e-01,
PIK3CA->-GATA3 PIK3CA->-TP53 TP53->-GATA3,3,3,3.000000,3,1.375622e-01,
NCOR1->-PIK3CA,2,1,16.000000,16,6.163340e-01,
NCOR1->-PIK3CA TP53->-NCOR1 TP53->-PIK3CA,3,3,3.000000,3,1.484023e-01,
ARID1A->-PIK3CA,2,1,15.000000,15,8.425318e-01,
ARID1A->-PIK3CA CDH1->-ARID1A CDH1->-PIK3CA,3,3,6.000000,6,2.167785e-02,
PIK3CA->-KMT2D,2,1,15.000000,15,9.467301e-03,
PIK3CA->-KMT2D TP53->-KMT2D TP53->-PIK3CA,3,3,4.000000,4,7.564897e-02,
PIK3CA->-KMT2D PIK3CA->-TP53 TP53->-KMT2D,3,3,5.000000,5,1.771807e-02,
CDH1->-RUNX1,2,1,15.000000,15,7.241069e-02,
CDH1->-PIK3CA CDH1->-RUNX1 PIK3CA->-RUNX1,3,3,5.000000,5,2.924378e-02,
CDH1->-RUNX1 PIK3CA->-CDH1 PIK3CA->-RUNX1,3,3,2.000000,2,5.890580e-01,
TP53->-ARID2,2,1,15.000000,15,3.807878e-06,
PIK3CA->-TBX3,2,1,15.000000,15,5.813895e-01,
CDH1->-PIK3CA CDH1->-TBX3 PIK3CA->-TBX3,3,3,3.000000,3,3.657438e-01,
TP53->-PIK3R1,2,1,15.000000,15,5.679312e-03,
TP53->-PTPRD,2,1,15.000000,15,2.205360e-06,
CDH1->-NCOR1,2,1,15.000000,15,1.774770e-02,
CDH1->-NCOR1 TP53->-CDH1 TP53->-NCOR1,3,3,2.000000,2,3.720663e-01,
CDH1->-NCOR1 CDH1->-PIK3CA PIK3CA->-NCOR1,3,3,3.000000,3,1.996787e-01,
CDH1->-NCOR1 CDH1->-PIK3CA NCOR1->-PIK3CA,3,3,4.000000,4,5.821019e-02,
TP53->-NSD1,2,1,14.000000,14,9.313249e-06,
TP53->-BRCA2,2,1,14.000000,14,9.938573e-04,
TP53->-ATR,2,1,14.000000,14,1.302001e-03,
TP53->-RUNX1,2,1,13.000000,13,6.124030e-02,
PIK3CA->-RUNX1 PIK3CA->-TP53 TP53->-RUNX1,3,3,2.000000,2,1.962449e-01,
CDH1->-RUNX1 CDH1->-TP53 TP53->-RUNX1,3,3,2.000000,2,7.407407e-02,
CDH1->-ESR1,2,1,13.000000,13,7.314789e-02,
CDH1->-ESR1 CDH1->-PIK3CA PIK3CA->-ESR1,3,3,4.000000,4,7.094479e-03,
TP53->-KMT2A,2,1,13.000000,13,2.075987e-04,
PIK3CA->-PTEN,2,1,13.000000,13,4.629700e-01,
PIK3CA->-PTEN TP53->-PIK3CA TP53->-PTEN,3,3,2.000000,2,4.704791e-01,
PIK3CA->-PTEN PIK3CA->-TP53 TP53->-PTEN,3,3,6.000000,6,1.441990e-03,
MEN1->-GATA3,2,1,12.000000,12,2.441406e-04,
TP53->-FOXA1,2,1,12.000000,12,1.767042e-02,
PIK3CA->-FOXA1 TP53->-FOXA1 TP53->-PIK3CA,3,3,3.000000,3,1.348469e-01,
PIK3CA->-FOXA1 PIK3CA->-TP53 TP53->-FOXA1,3,3,2.000000,2,3.953231e-01,
CDH1->-FOXA1 CDH1->-TP53 TP53->-FOXA1,3,3,2.000000,2,1.754882e-01,
CDH1->-FOXA1 TP53->-CDH1 TP53->-FOXA1,3,3,2.000000,2,1.754882e-01,
TP53->-CREBBP,2,1,12.000000,12,8.546162e-03,
PIK3CA->-SPEN,2,1,12.000000,12,5.154150e-02,
MAP3K1->-GATA3,2,1,12.000000,12,4.719687e-01,
GATA3->-PIK3CA MAP3K1->-GATA3 MAP3K1->-PIK3CA,3,3,6.000000,6,3.778937e-02,
MAP3K1->-GATA3 PIK3CA->-GATA3 PIK3CA->-MAP3K1,3,3,2.000000,2,7.728308e-01,
PIK3CA->-ATR,2,1,12.000000,12,2.353578e-02,
PIK3CA->-ATR PIK3CA->-TP53 TP53->-ATR,3,3,3.000000,3,4.886358e-02,
PTEN->-PIK3CA,2,1,12.000000,12,6.185832e-01,
PTEN->-PIK3CA TP53->-PIK3CA TP53->-PTEN,3,3,2.000000,2,4.704791e-01,
TP53->-ALK,2,1,12.000000,12,3.105710e-05,
TP53->-STAG2,2,1,12.000000,12,1.255318e-02,
NF1->-TP53,2,1,12.000000,12,9.863724e-01,
NF1->-PIK3CA,2,1,12.000000,12,2.891595e-01,
NF1->-PIK3CA TP53->-NF1 TP53->-PIK3CA,3,3,3.000000,3,2.601124e-01,
NF1->-PIK3CA NF1->-TP53 TP53->-PIK3CA,3,3,4.000000,4,8.969047e-02,
TP53->-FLT4,2,1,12.000000,12,7.543850e-05,
TP53->-APC,2,1,12.000000,12,3.797359e-04,
PIK3CA->-PTPRT,2,1,12.000000,12,6.297601e-03,
PIK3CA->-RB1,2,1,11.000000,11,2.340329e-01,
PIK3CA->-RB1 TP53->-PIK3CA TP53->-RB1,3,3,2.000000,2,3.938323e-01,
PIK3CA->-RB1 PIK3CA->-TP53 TP53->-RB1,3,3,4.000000,4,3.035825e-02,
TP53->-CDKN2A,2,1,11.000000,11,1.866048e-02,
TP53->-PTPRS,2,1,11.000000,11,4.838077e-05,
TP53->-ERBB3,2,1,11.000000,11,5.383119e-05,
PTEN->-TP53,2,1,11.000000,11,9.999498e-01,
TP53->-ATM,2,1,11.000000,11,1.168219e-03,
TP53->-ESR1,2,1,11.000000,11,5.262826e-03,
TP53->-NOTCH4,2,1,11.000000,11,7.285500e-05,
PIK3CA->-NOTCH4,2,1,11.000000,11,1.579811e-02,
PIK3CA->-NOTCH4 PIK3CA->-TP53 TP53->-NOTCH4,3,3,4.000000,4,2.705774e-03,
GATA3->-MAP3K1,2,1,11.000000,11,6.354849e-01,
GATA3->-MAP3K1 GATA3->-PIK3CA MAP3K1->-PIK3CA,3,3,3.000000,3,5.132090e-01,
GATA3->-MAP3K1 GATA3->-PIK3CA PIK3CA->-MAP3K1,3,3,4.000000,4,2.708952e-01,
TP53->-TBX3,2,1,11.000000,11,1.342283e-01,
PIK3CA->-ATM,2,1,11.000000,11,2.336249e-01,
PIK3CA->-ATM PIK3CA->-TP53 TP53->-ATM,3,3,3.000000,3,6.308942e-02,
FOXA1->-PIK3CA,2,1,11.000000,11,9.968004e-01,
CDH1->-FOXA1 CDH1->-PIK3CA FOXA1->-PIK3CA,3,3,3.000000,3,3.620529e-01,
TP53->-MED12,2,1,11.000000,11,2.797218e-03,
CDH1->-CBFB,2,1,11.000000,11,2.747260e-01,
CBFB->-PIK3CA CDH1->-CBFB CDH1->-PIK3CA,3,3,5.000000,5,7.647681e-03,
TP53->-FBXW7,2,1,11.000000,11,6.486979e-03,
TP53->-SETD2,2,1,11.000000,11,7.710953e-05,
TP53->-EPHA5,2,1,11.000000,11,2.742069e-03,
PIK3CA->-KMT2A,2,1,11.000000,11,2.594411e-02,
PIK3CA->-KMT2A TP53->-KMT2A TP53->-PIK3CA,3,3,3.000000,3,2.391975e-02,
PIK3CA->-RICTOR,2,1,10.000000,10,1.263065e-02,
CDH1->-PTEN,2,1,10.000000,10,3.255998e-01,
KMT2C->-MAP3K1,2,1,10.000000,10,3.434119e-01,
KMT2C->-MAP3K1 PIK3CA->-KMT2C PIK3CA->-MAP3K1,3,3,4.000000,4,1.686148e-01,
KMT2C->-MAP3K1 KMT2C->-PIK3CA MAP3K1->-PIK3CA,3,3,2.000000,2,6.737977e-01,
TP53->-ATRX,2,1,10.000000,10,1.251908e-03,
TP53->-CARD11,2,1,10.000000,10,5.934989e-03,
TP53->-NOTCH2,2,1,10.000000,10,1.511409e-03,
PIK3CA->-CREBBP,2,1,10.000000,10,1.109802e-01,
PIK3CA->-CREBBP TP53->-CREBBP TP53->-PIK3CA,3,3,3.000000,3,3.251848e-02,
TP53->-EP300,2,1,10.000000,10,1.257790e-02,
GATA3->-ARID1A,2,1,10.000000,10,5.355385e-01,
GATA3->-ARID1A PIK3CA->-ARID1A PIK3CA->-GATA3,3,3,2.000000,2,3.429348e-01,
GATA3->-ARID1A GATA3->-PIK3CA MAP3K1->-ARID1A MAP3K1->-GATA3 MAP3K1->-PIK3CA PIK3CA->-ARID1A,4,6,2.000000,2,5.063657e-03,
TP53->-MAP2K4,2,1,10.000000,10,2.118355e-01,
ESR1->-GATA3,2,1,10.000000,10,3.402832e-01,
ESR1->-GATA3 PIK3CA->-ESR1 PIK3CA->-GATA3,3,3,3.000000,3,1.318080e-01,
CDH1->-GATA3,2,1,10.000000,10,1.328117e-02,
CDH1->-GATA3 CDH1->-PIK3CA PIK3CA->-GATA3,3,3,4.000000,4,1.796989e-02,
CDH1->-GATA3 PIK3CA->-CDH1 PIK3CA->-GATA3,3,3,2.000000,2,3.246747e-01,
CDH1->-ESR1 CDH1->-GATA3 ESR1->-GATA3,3,3,3.000000,3,4.629630e-03,
CDH1->-ESR1 CDH1->-GATA3 CDH1->-PIK3CA ESR1->-GATA3 PIK3CA->-ESR1 PIK3CA->-GATA3,4,6,2.000000,2,1.736111e-03,
PIK3CA->-FLT4,2,1,10.000000,10,2.091833e-02,
PIK3CA->-FLT4 TP53->-FLT4 TP53->-PIK3CA,3,3,2.000000,2,1.321960e-01,
PIK3CA->-FLT4 PIK3CA->-TP53 TP53->-FLT4,3,3,2.000000,2,1.321960e-01,
PIK3CA->-MED12,2,1,10.000000,10,9.069556e-03,
PIK3CA->-MED12 TP53->-MED12 TP53->-PIK3CA,3,3,2.000000,2,1.241939e-01,
PIK3CA->-MED12 PIK3CA->-TP53 TP53->-MED12,3,3,2.000000,2,1.241939e-01,
ERBB2->-CDH1,2,1,10.000000,10,9.556684e-01,
TP53->-ARID1B,2,1,10.000000,10,4.892981e-02,
ERBB2->-PIK3CA,2,1,10.000000,10,3.610416e-01,
CDH1->-ERBB2 CDH1->-PIK3CA ERBB2->-PIK3CA,3,3,5.000000,5,1.612222e-02,
TP53->-PTPRT,2,1,10.000000,10,2.911352e-03,
PIK3CA->-PTPRT TP53->-PIK3CA TP53->-PTPRT,3,3,3.000000,3,8.654172e-02,
PIK3CA->-PTPRT PIK3CA->-TP53 TP53->-PTPRT,3,3,4.000000,4,1.581302e-02,
TP53->-BARD1,2,1,10.000000,10,1.500496e-04,
TP53->-SPEN,2,1,10.000000,10,2.117550e-02,
PIK3CA->-SPEN PIK3CA->-TP53 TP53->-SPEN,3,3,3.000000,3,1.438272e-02,
PIK3CA->-NF1,2,1,9.000000,9,7.688457e-01,
PIK3CA->-NF1 TP53->-NF1 TP53->-PIK3CA,3,3,2.000000,2,5.527937e-01,
PIK3CA->-NF1 PIK3CA->-TP53 TP53->-NF1,3,3,2.000000,2,5.527937e-01,
KMT2C->-GATA3,2,1,9.000000,9,2.547826e-01,
KMT2C->-GATA3 KMT2C->-PIK3CA PIK3CA->-GATA3,3,3,2.000000,2,3.222256e-01,
TP53->-EPHB1,2,1,9.000000,9,1.516956e-03,
ARID1A->-GATA3,2,1,9.000000,9,7.042757e-01,
ARID1A->-GATA3 ARID1A->-PIK3CA PIK3CA->-GATA3,3,3,2.000000,2,3.429348e-01,
AKT1->-CDH1,2,1,9.000000,9,4.346004e-01,
AKT1->-CDH1 AKT1->-TP53 CDH1->-TP53,3,3,3.000000,3,2.584877e-02,
PIK3CA->-ARID2,2,1,9.000000,9,4.214578e-02,
PIK3CA->-ARID2 PIK3CA->-TP53 TP53->-ARID2,3,3,4.000000,4,3.844151e-03,
TP53->-ROS1,2,1,9.000000,9,4.104677e-02,
PIK3CA->-MAP2K4,2,1,9.000000,9,9.608399e-01,
CDH1->-MAP2K4,2,1,9.000000,9,4.142901e-02,
CDH1->-MAP2K4 CDH1->-PIK3CA MAP2K4->-PIK3CA,3,3,2.000000,2,2.842016e-01,
CDH1->-MAP2K4 CDH1->-TP53 TP53->-MAP2K4,3,3,2.000000,2,7.717403e-02,
CDH1->-CDK12 CDH1->-TP53 TP53->-CDK12,3,3,2.000000,2,6.270305e-03,
CDH1->-MAP2K4 PIK3CA->-CDH1 PIK3CA->-MAP2K4,3,3,2.000000,2,2.842016e-01,
TP53->-RICTOR,2,1,9.000000,9,2.797800e-04,
PIK3CA->-RICTOR PIK3CA->-TP53 TP53->-RICTOR,3,3,2.000000,2,7.789543e-02,
PIK3CA->-BRCA1 PIK3CA->-TP53 TP53->-BRCA1,3,3,2.000000,2,8.613040e-02,
PTEN->-NF1,2,1,9.000000,9,3.007119e-02,
PTEN->-NF1 TP53->-NF1 TP53->-PTEN,3,3,5.000000,5,8.373249e-03,
PTEN->-NF1 PTEN->-TP53 TP53->-NF1,3,3,3.000000,3,1.724915e-01,
AKT1->-GATA3,2,1,9.000000,9,2.434431e-02,
TP53->-ANKRD11,2,1,9.000000,9,1.524575e-03,
TP53->-ZFHX3,2,1,9.000000,9,2.318386e-02,
PIK3CA->-PTPRD,2,1,9.000000,9,6.140115e-04,
PIK3CA->-PTPRD TP53->-PIK3CA TP53->-PTPRD,3,3,2.000000,2,2.578668e-02,
TP53->-ERCC5,2,1,9.000000,9,6.526492e-04,
TP53->-SF3B1,2,1,9.000000,9,1.128472e-03,
PIK3CA->-SF3B1 TP53->-PIK3CA TP53->-SF3B1,3,3,2.000000,2,2.632245e-01,
PIK3CA->-SF3B1 PIK3CA->-TP53 TP53->-SF3B1,3,3,4.000000,4,8.701989e-03,
PIK3CA->-POLE,2,1,9.000000,9,5.266606e-03,
TP53->-ARID5B,2,1,9.000000,9,3.924262e-03,
TP53->-POLE,2,1,9.000000,9,4.784257e-04,
PIK3CA->-POLE PIK3CA->-TP53 TP53->-POLE,3,3,5.000000,5,2.485098e-04,
TP53->-TET2,2,1,9.000000,9,8.116883e-04,
ATM->-PIK3CA,2,1,8.000000,8,7.377644e-01,
FOXA1->-MAP3K1,2,1,8.000000,8,1.453193e-01,
FOXA1->-MAP3K1 PIK3CA->-FOXA1 PIK3CA->-MAP3K1,3,3,3.000000,3,1.608945e-01,
CDH1->-FOXA1 CDH1->-MAP3K1 CDH1->-PIK3CA FOXA1->-MAP3K1 PIK3CA->-FOXA1 PIK3CA->-MAP3K1,4,6,2.000000,2,5.063657e-03,
FOXA1->-MAP3K1 TP53->-FOXA1 TP53->-MAP3K1,3,3,4.000000,4,1.706884e-03,
FOXA1->-MAP3K1 FOXA1->-PIK3CA PIK3CA->-MAP3K1,3,3,2.000000,2,4.325340e-01,
MAP3K1->-KMT2C,2,1,8.000000,8,7.000838e-01,
MAP3K1->-KMT2C MAP3K1->-PIK3CA PIK3CA->-KMT2C,3,3,3.000000,3,3.852467e-01,
MAP3K1->-KMT2C PIK3CA->-KMT2C PIK3CA->-MAP3K1,3,3,2.000000,2,6.737977e-01,
KMT2C->-PIK3CA MAP3K1->-KMT2C MAP3K1->-PIK3CA,3,3,2.000000,2,6.737977e-01,
PIK3CA->-ERBB2,2,1,8.000000,8,7.213401e-01,
CDH1->-ERBB2 CDH1->-PIK3CA PIK3CA->-ERBB2,3,3,4.000000,4,7.063490e-02,
PIK3CA->-ZFHX3,2,1,8.000000,8,3.043127e-01,
TP53->-TSC2,2,1,8.000000,8,4.552831e-02,
PTEN->-KMT2C,2,1,8.000000,8,2.736361e-02,
PTEN->-KMT2C TP53->-KMT2C TP53->-PTEN,3,3,2.000000,2,8.854167e-02,
MEN1->-PIK3CA,2,1,8.000000,8,1.181378e-01,
CDH1->-AKT1,2,1,8.000000,8,6.258089e-01,
TBX3->-CDH1,2,1,8.000000,8,9.715430e-01,
CDH1->-PIK3CA TBX3->-CDH1 TBX3->-PIK3CA,3,3,3.000000,3,3.657438e-01,
CDH1->-BRCA2,2,1,8.000000,8,1.038701e-01,
CDH1->-BRCA2 TP53->-BRCA2 TP53->-CDH1,3,3,2.000000,2,4.320988e-02,
PTEN->-CDH1,2,1,8.000000,8,6.893259e-01,
CDH1->-TP53 PTEN->-CDH1 PTEN->-TP53,3,3,2.000000,2,5.912930e-02,
PIK3CA->-PTCH1,2,1,8.000000,8,1.298652e-02,
NCOR1->-TP53,2,1,8.000000,8,9.841188e-01,
NCOR1->-TP53 PIK3CA->-NCOR1 PIK3CA->-TP53,3,3,2.000000,2,4.135488e-01,
CDH1->-NCOR1 CDH1->-TP53 NCOR1->-TP53,3,3,2.000000,2,3.720663e-01,
PTEN->-MAP3K1,2,1,8.000000,8,6.340544e-02,
PTEN->-MAP3K1 TP53->-MAP3K1 TP53->-PTEN,3,3,2.000000,2,1.319444e-01,
MAP3K1->-PIK3CA PTEN->-MAP3K1 PTEN->-PIK3CA,3,3,2.000000,2,2.638889e-02,
CDH1->-MAP3K1 CDH1->-NF1 NF1->-MAP3K1 PTEN->-CDH1 PTEN->-MAP3K1 PTEN->-NF1,4,6,2.000000,2,1.478909e-03,
RUNX1->-PIK3CA,2,1,8.000000,8,9.876466e-01,
PIK3CA->-CDKN1B,2,1,8.000000,8,6.153487e-01,
CDH1->-CREBBP,2,1,8.000000,8,7.144352e-02,
CDH1->-CREBBP CDH1->-PIK3CA PIK3CA->-CREBBP,3,3,4.000000,4,1.540979e-02,
KMT2C->-TP53,2,1,8.000000,8,9.993144e-01,
RB1->-TP53,2,1,8.000000,8,9.909347e-01,
TP53->-BAP1,2,1,8.000000,8,1.116572e-02,
RUNX1->-CDH1,2,1,8.000000,8,9.322646e-01,
CDH1->-PIK3CA RUNX1->-CDH1 RUNX1->-PIK3CA,3,3,2.000000,2,5.890580e-01,
PIK3CA->-CDH1 RUNX1->-CDH1 RUNX1->-PIK3CA,3,3,2.000000,2,5.890580e-01,
CBFB->-MAP3K1,2,1,8.000000,8,5.468750e-02,
CBFB->-MAP3K1 CBFB->-PIK3CA MAP3K1->-PIK3CA,3,3,6.000000,6,4.411723e-04,
CBFB->-GATA3 CBFB->-MAP3K1 MAP3K1->-GATA3,3,3,2.000000,2,1.319444e-01,
CDH1->-NF1,2,1,8.000000,8,2.316059e-01,
CDH1->-NF1 CDH1->-PIK3CA PIK3CA->-NF1,3,3,3.000000,3,1.266525e-01,
CDH1->-PTPRD,2,1,8.000000,8,7.378783e-03,
CDH1->-PTPRD CDH1->-TP53 TP53->-PTPRD,3,3,3.000000,3,3.407904e-02,
CDH1->-PTPRD TP53->-CDH1 TP53->-PTPRD,3,3,2.000000,2,1.881927e-01,
CDH1->-PIK3CA CDH1->-PTPRD PIK3CA->-PTPRD,3,3,2.000000,2,1.106588e-01,
CDH1->-PTPRD PIK3CA->-CDH1 PIK3CA->-PTPRD,3,3,2.000000,2,1.106588e-01,
CDH1->-APC,2,1,8.000000,8,3.282501e-03,
TP53->-BRCA1,2,1,8.000000,8,1.877894e-02,
PIK3CA->-IGF1R,2,1,7.000000,7,2.266082e-03,
TP53->-DNMT1,2,1,7.000000,7,2.430556e-03,
CDH1->-KMT2D,2,1,7.000000,7,1.873122e-02,
CDH1->-KMT2D CDH1->-PIK3CA PIK3CA->-KMT2D,3,3,2.000000,2,2.362403e-01,
CDH1->-KMT2D PIK3CA->-CDH1 PIK3CA->-KMT2D,3,3,2.000000,2,2.362403e-01,
PIK3CA->-NSD1,2,1,7.000000,7,6.657033e-02,
CDH1->-EPHB1,2,1,7.000000,7,4.216270e-03,
CDH1->-EPHB1 CDH1->-TP53 TP53->-EPHB1,3,3,3.000000,3,2.873890e-03,
PIK3CA->-ANKRD11,2,1,7.000000,7,8.560793e-02,
PIK3CA->-ANKRD11 TP53->-ANKRD11 TP53->-PIK3CA,3,3,4.000000,4,1.047450e-03,
PIK3CA->-BRCA2,2,1,7.000000,7,2.526569e-01,
CDH1->-BRCA2 CDH1->-PIK3CA CDH1->-TBX3 PIK3CA->-BRCA2 TBX3->-BRCA2 TBX3->-PIK3CA,4,6,2.000000,2,1.240079e-03,
PIK3CA->-DNMT3A,2,1,7.000000,7,2.587710e-02,
CDH1->-PTPRS,2,1,7.000000,7,3.895355e-03,
CDH1->-PTPRS CDH1->-TP53 TP53->-PTPRS,3,3,2.000000,2,1.881092e-02,
TP53->-MDC1,2,1,7.000000,7,3.858883e-02,
MAP3K1->-ERBB3,2,1,7.000000,7,3.137036e-03,
PIK3CA->-ROS1,2,1,7.000000,7,1.230677e-01,
GATA3->-SPEN,2,1,7.000000,7,2.367918e-01,
MAP3K1->-ARID1A,2,1,7.000000,7,1.170158e-01,
MAP3K1->-ARID1A MAP3K1->-PIK3CA PIK3CA->-ARID1A,3,3,4.000000,4,2.172580e-02,
GATA3->-ARID1A MAP3K1->-ARID1A MAP3K1->-GATA3,3,3,3.000000,3,4.629630e-03,
PIK3CA->-RAD50,2,1,7.000000,7,4.193421e-02,
TP53->-DDR2,2,1,7.000000,7,1.750078e-02,
TP53->-PIK3CG,2,1,7.000000,7,1.152760e-02,
CDH1->-FAT1,2,1,7.000000,7,2.423701e-02,
CDH1->-FAT1 CDH1->-PIK3CA PIK3CA->-FAT1,3,3,2.000000,2,9.680522e-02,
CDH1->-ERBB3,2,1,7.000000,7,4.765625e-02,
CDH1->-SPEN,2,1,7.000000,7,1.700521e-01,
CDH1->-PIK3CA CDH1->-SPEN PIK3CA->-SPEN,3,3,2.000000,2,7.407407e-02,
PIK3CA->-PIK3C2G,2,1,7.000000,7,1.461106e-02,
PIK3CA->-PTPRS,2,1,7.000000,7,2.687877e-01,
PIK3CA->-PTPRS PIK3CA->-TP53 TP53->-PTPRS,3,3,3.000000,3,1.560892e-02,
PIK3CA->-DICER1,2,1,7.000000,7,2.390850e-02,
NCOR1->-GATA3,2,1,7.000000,7,2.686543e-02,
PIK3CA->-AR,2,1,7.000000,7,6.781851e-02,
TP53->-PIK3C2G,2,1,7.000000,7,1.822917e-03,
PIK3CA->-PIK3C2G TP53->-PIK3C2G TP53->-PIK3CA,3,3,2.000000,2,1.053884e-01,
PIK3CA->-PIK3C2G PIK3CA->-TP53 TP53->-PIK3C2G,3,3,2.000000,2,1.053884e-01,
PTEN->-PIK3R1,2,1,7.000000,7,2.632360e-02,
PTEN->-PIK3R1 TP53->-PIK3R1 TP53->-PTEN,3,3,4.000000,4,3.504726e-04,
TP53->-KDM6A,2,1,7.000000,7,5.911081e-02,
MAP3K1->-TBX3,2,1,7.000000,7,9.609375e-02,
MAP3K1->-PIK3CA MAP3K1->-TBX3 PIK3CA->-TBX3,3,3,3.000000,3,6.228567e-02,
TP53->-GRIN2A,2,1,7.000000,7,3.906250e-03,
CBFB->-CDH1,2,1,7.000000,7,8.939635e-01,
CBFB->-CDH1 CBFB->-PIK3CA CDH1->-PIK3CA,3,3,2.000000,2,4.387358e-01,
MAP2K4->-TP53,2,1,7.000000,7,7.473182e-01,
MAP2K4->-PIK3CA MAP2K4->-TP53 PIK3CA->-TP53,3,3,2.000000,2,2.431306e-01,
PIK3CA->-ARID5B,2,1,7.000000,7,1.768875e-02,
PIK3CA->-ARID5B TP53->-ARID5B TP53->-PIK3CA,3,3,2.000000,2,9.796579e-02,
ANKRD11->-ARID5B,2,1,2.000000,2,1.908867e-01,
PIK3CA->-ARID5B PIK3CA->-TP53 TP53->-ARID5B,3,3,2.000000,2,9.796579e-02,
CTCF->-PIK3CA,2,1,7.000000,7,2.304687e-01,
PIK3CA->-MDC1,2,1,7.000000,7,1.001912e-01,
PIK3CA->-MDC1 PIK3CA->-TP53 TP53->-MDC1,3,3,3.000000,3,3.304953e-02,
TP53->-INSR,2,1,7.000000,7,1.057870e-02,
CDH1->-KMT2A,2,1,7.000000,7,3.495519e-02,
TP53->-BCOR,2,1,7.000000,7,2.480159e-03,
RB1->-PIK3CA,2,1,7.000000,7,8.770205e-01,
PIK3CA->-MGA,2,1,7.000000,7,5.933682e-01,
TP53->-NOTCH1,2,1,7.000000,7,2.524132e-02,
PIK3CA->-KDR,2,1,7.000000,7,2.391012e-02,
TP53->-PDGFRA,2,1,7.000000,7,1.320833e-02,
TP53->-PALB2,2,1,7.000000,7,1.755330e-02,
PIK3CA->-EPHA5,2,1,7.000000,7,1.731948e-02,
PIK3CA->-EPHA5 TP53->-EPHA5 TP53->-PIK3CA,3,3,3.000000,3,1.633690e-02,
CDKN1B->-PIK3CA,2,1,7.000000,7,7.831999e-01,
MAP2K4->-GATA3,2,1,7.000000,7,5.116030e-02,
MAP2K4->-GATA3 MAP2K4->-PIK3CA PIK3CA->-GATA3,3,3,2.000000,2,6.018519e-02,
PIK3CA->-BCOR,2,1,7.000000,7,1.153504e-01,
PIK3CA->-BCOR PIK3CA->-PTEN PIK3CA->-TP53 PTEN->-BCOR TP53->-BCOR TP53->-PTEN,4,6,2.000000,2,1.659714e-03,
ESR1->-ARID1A,2,1,6.000000,6,2.112891e-01,
ESR1->-ARID1A PIK3CA->-ARID1A PIK3CA->-ESR1,3,3,3.000000,3,6.524601e-03,
NOTCH1->-PIK3CA,2,1,6.000000,6,4.688216e-01,
PIK3CA->-CARD11,2,1,6.000000,6,3.768347e-02,
APC->-KMT2D APC->-MGA MGA->-KMT2D PIK3CA->-APC PIK3CA->-KMT2D PIK3CA->-MGA PIK3CA->-TP53 TP53->-APC TP53->-KMT2D TP53->-MGA,5,10,2.000000,2,4.109741e-04,
APC->-ARID2 APC->-MGA MGA->-ARID2 PIK3CA->-APC PIK3CA->-ARID2 PIK3CA->-MGA PIK3CA->-TP53 TP53->-APC TP53->-ARID2 TP53->-MGA,5,10,2.000000,2,3.798734e-04,
APC->-ATR APC->-CARD11 APC->-MGA CARD11->-ATR MGA->-ATR MGA->-CARD11 PIK3CA->-APC PIK3CA->-ATR PIK3CA->-CARD11 PIK3CA->-MGA PIK3CA->-TP53 TP53->-APC TP53->-ATR TP53->-CARD11 TP53->-MGA,6,15,2.000000,2,3.332223e-04,
GATA3->-TP53,2,1,6.000000,6,9.934131e-01,
TP53->-DOT1L,2,1,6.000000,6,3.806818e-02,
TP53->-PIK3CB,2,1,6.000000,6,5.215420e-03,
PIK3CA->-EPHB1,2,1,6.000000,6,4.627462e-02,
PIK3CA->-EPHB1 TP53->-EPHB1 TP53->-PIK3CA,3,3,2.000000,2,1.258191e-01,
PIK3CA->-EPHB1 PIK3CA->-TP53 TP53->-EPHB1,3,3,2.000000,2,1.258191e-01,
ATRX->-EPHB1 PIK3CA->-ATRX PIK3CA->-EPHB1,3,3,2.000000,2,2.488002e-02,
HNF1A->-EPHB1,2,1,2.000000,2,2.411265e-01,
CDH1->-EPHB1 CDH1->-PIK3CA PIK3CA->-EPHB1,3,3,3.000000,3,9.013363e-03,
ARID1A->-KMT2C,2,1,6.000000,6,5.659856e-01,
ARID1A->-KMT2C ARID1A->-NCOR1 KMT2C->-NCOR1 PIK3CA->-ARID1A PIK3CA->-KMT2C PIK3CA->-NCOR1,4,6,2.000000,2,5.063657e-03,
ARID1A->-KMT2C CDH1->-ARID1A CDH1->-KMT2C,3,3,2.000000,2,6.428063e-02,
CDH1->-FOXA1 CDH1->-KMT2C FOXA1->-KMT2C,3,3,2.000000,2,7.407407e-02,
ARID1A->-KMT2C ARID1A->-PIK3CA PIK3CA->-KMT2C,3,3,2.000000,2,3.815479e-01,
STK11->-PIK3CA,2,1,6.000000,6,2.490809e-01,
PIK3CA->-TET1,2,1,6.000000,6,1.154518e-01,
STAG2->-PIK3CA,2,1,6.000000,6,5.393436e-01,
PIK3CA->-HIST1H1C,2,1,6.000000,6,5.755665e-02,
CDH1->-RICTOR,2,1,6.000000,6,1.113506e-02,
CDH1->-PIK3CA CDH1->-RICTOR PIK3CA->-RICTOR,3,3,3.000000,3,1.014261e-02,
AKT1->-MAP3K1,2,1,6.000000,6,6.250000e-02,
KDM5C->-PIK3CA,2,1,6.000000,6,3.083203e-01,
ZFHX3->-PIK3CA,2,1,6.000000,6,7.134809e-01,
PIK3CA->-MTOR,2,1,6.000000,6,6.244725e-02,
MAP3K1->-TP53,2,1,6.000000,6,9.993661e-01,
PIK3CA->-PLK2,2,1,6.000000,6,3.733627e-02,
TP53->-MTOR,2,1,6.000000,6,6.616512e-02,
PIK3CA->-MTOR PIK3CA->-TP53 TP53->-MTOR,3,3,2.000000,2,2.391975e-02,
PIK3CA->-ERBB3,2,1,6.000000,6,3.661699e-01,
PIK3CA->-ERBB3 TP53->-ERBB3 TP53->-PIK3CA,3,3,2.000000,2,6.603179e-02,
MAP3K1->-ERBB3 MAP3K1->-PIK3CA PIK3CA->-ERBB3,3,3,2.000000,2,1.692954e-01,
PIK3CA->-NUP93,2,1,6.000000,6,4.241071e-02,
ATM->-GATA3,2,1,6.000000,6,8.742898e-02,
ATM->-GATA3 ATM->-PIK3CA GATA3->-PIK3CA,3,3,2.000000,2,1.964085e-02,
GATA3->-KMT2C,2,1,6.000000,6,8.145211e-01,
TP53->-HNF1A,2,1,6.000000,6,7.295075e-02,
TP53->-KDM5A,2,1,6.000000,6,8.388158e-03,
TP53->-JAK3,2,1,6.000000,6,2.570247e-02,
CDH1->-ATRX,2,1,6.000000,6,5.223867e-02,
TP53->-TERT,2,1,6.000000,6,8.008469e-02,
TP53->-STK11,2,1,6.000000,6,5.436581e-02,
TP53->-RECQL4,2,1,6.000000,6,4.945926e-02,
TP53->-TP63,2,1,6.000000,6,1.023065e-02,
TP53->-IGF1R,2,1,6.000000,6,1.409877e-02,
PIK3CA->-IGF1R TP53->-IGF1R TP53->-PIK3CA,3,3,3.000000,3,1.273148e-03,
MGA->-PIK3CA,2,1,6.000000,6,7.765086e-01,
KMT2C->-NCOR1,2,1,6.000000,6,1.132102e-01,
KMT2C->-NCOR1 PIK3CA->-KMT2C PIK3CA->-NCOR1,3,3,4.000000,4,3.343621e-03,
CDH1->-KMT2C CDH1->-NCOR1 KMT2C->-NCOR1,3,3,3.000000,3,3.549383e-02,
KMT2C->-NCOR1 KMT2C->-TP53 TP53->-NCOR1,3,3,2.000000,2,9.511785e-02,
MAP3K1->-NCOR1,2,1,6.000000,6,2.691160e-01,
MAP3K1->-NCOR1 MAP3K1->-PIK3CA NCOR1->-PIK3CA,3,3,2.000000,2,2.772092e-01,
PIK3CA->-STAG2,2,1,6.000000,6,5.393436e-01,
PIK3CA->-STAG2 TP53->-PIK3CA TP53->-STAG2,3,3,2.000000,2,6.776820e-02,
CDH1->-PIK3CA CDH1->-STAG2 PIK3CA->-STAG2,3,3,2.000000,2,1.106588e-01,
PIK3CA->-NOTCH1,2,1,6.000000,6,4.688216e-01,
PIK3CA->-NOTCH1 TP53->-NOTCH1 TP53->-PIK3CA,3,3,2.000000,2,6.177662e-02,
TP53->-SOX17,2,1,6.000000,6,9.516369e-02,
CDH1->-RB1,2,1,6.000000,6,8.656250e-02,
CDH1->-RB1 CDH1->-TP53 TP53->-RB1,3,3,2.000000,2,9.722222e-02,
CDH1->-RB1 TP53->-CDH1 TP53->-RB1,3,3,2.000000,2,9.722222e-02,
GATA3->-ESR1,2,1,6.000000,6,9.328306e-01,
PIK3CA->-CIC,2,1,6.000000,6,1.413690e-02,
TP53->-MGA,2,1,6.000000,6,8.777902e-02,
PIK3CA->-MGA TP53->-MGA TP53->-PIK3CA,3,3,3.000000,3,3.692886e-02,
PIK3CA->-MST1R,2,1,6.000000,6,8.333333e-03,
TP53->-DNMT3A,2,1,6.000000,6,1.160077e-01,
TP53->-KDR,2,1,6.000000,6,1.248162e-01,
PIK3CA->-KDR TP53->-KDR TP53->-PIK3CA,3,3,2.000000,2,2.219158e-01,
PIK3CA->-KDR PIK3CA->-TP53 TP53->-KDR,3,3,3.000000,3,4.614516e-02,
PIK3CA->-FGFR2,2,1,6.000000,6,4.741567e-02,
PIK3CA->-SETD2,2,1,6.000000,6,3.030777e-01,
GATA3->-CDKN1B,2,1,6.000000,6,1.562500e-02,
CDKN1B->-PIK3CA GATA3->-CDKN1B GATA3->-PIK3CA,3,3,2.000000,2,1.319444e-01,
CBFB->-TP53,2,1,6.000000,6,1.226563e-01,
CBFB->-PIK3CA CBFB->-TP53 TP53->-PIK3CA,3,3,3.000000,3,2.584877e-02,
PIK3CA->-PARP1,2,1,6.000000,6,9.435168e-03,
CDH1->-PTCH1,2,1,6.000000,6,6.009745e-02,
CDH1->-PIK3CA CDH1->-PTCH1 PIK3CA->-PTCH1,3,3,2.000000,2,1.250511e-01,
TP53->-RPTOR,2,1,6.000000,6,2.678346e-02,
PIK3CA->-BAP1,2,1,6.000000,6,6.250000e-02,
PIK3CA->-BAP1 PIK3CA->-TP53 TP53->-BAP1,3,3,2.000000,2,2.777778e-02,
ESR1->-CDH1,2,1,6.000000,6,9.631680e-01,
PTEN->-ARID1A,2,1,6.000000,6,3.353490e-02,
TP53->-NBN,2,1,6.000000,6,1.302083e-02,
PIK3CA->-CBFB,2,1,6.000000,6,9.999976e-01,
TP53->-RAD50,2,1,6.000000,6,3.089944e-02,
PIK3CA->-RAD50 TP53->-PIK3CA TP53->-RAD50,3,3,2.000000,2,4.367132e-02,
PIK3CA->-RAD50 PIK3CA->-TP53 TP53->-RAD50,3,3,2.000000,2,4.367132e-02,
CDH1->-SETD2,2,1,6.000000,6,5.000000e-02,
BRCA1->-SETD2 CDH1->-BRCA1 CDH1->-SETD2 TP53->-BRCA1 TP53->-CDH1 TP53->-SETD2,4,6,2.000000,2,1.736111e-03,
ARID1A->-PIK3CA ARID1A->-SETD2 CDH1->-ARID1A CDH1->-PIK3CA CDH1->-SETD2 PIK3CA->-SETD2,4,6,2.000000,2,5.063657e-03,
TP53->-NOTCH3,2,1,6.000000,6,3.472222e-02,
KMT2C->-FAT1,2,1,6.000000,6,1.850373e-01,
KMT2C->-FAT1 PIK3CA->-FAT1 PIK3CA->-KMT2C,3,3,2.000000,2,2.040140e-01,
PIK3CA->-APC,2,1,6.000000,6,2.639153e-01,
PIK3CA->-APC PIK3CA->-TP53 TP53->-APC,3,3,4.000000,4,1.198155e-03,
APC->-NCOR1 CDH1->-APC CDH1->-NCOR1 CDH1->-PIK3CA PIK3CA->-APC PIK3CA->-NCOR1,4,6,2.000000,2,1.278236e-03,
ARID1A->-FAT1,2,1,5.000000,5,6.065942e-02,
MEN1->-KMT2C,2,1,5.000000,5,6.855501e-02,
KMT2C->-GATA3 MEN1->-GATA3 MEN1->-KMT2C,3,3,2.000000,2,2.777778e-02,
KMT2C->-BRCA2,2,1,5.000000,5,3.620817e-01,
KMT2C->-BRCA2 TP53->-BRCA2 TP53->-KMT2C,3,3,2.000000,2,7.696759e-02,
TP53->-RAF1,2,1,5.000000,5,8.032677e-03,
TP53->-PAK7,2,1,5.000000,5,3.963219e-02,
TP53->-TSC1,2,1,5.000000,5,1.621865e-01,
CDH1->-NSD1,2,1,5.000000,5,2.902422e-02,
CDH1->-NSD1 CDH1->-TP53 TP53->-NSD1,3,3,2.000000,2,2.777778e-02,
CDH1->-FOXA1 CDH1->-NSD1 CDH1->-PIK3CA NSD1->-FOXA1 PIK3CA->-FOXA1 PIK3CA->-NSD1,4,6,2.000000,2,1.736111e-03,
PIK3CA->-EZH2,2,1,5.000000,5,2.187500e-02,
PIK3CA->-GLI1,2,1,5.000000,5,2.195501e-02,
CBFB->-AKT1,2,1,5.000000,5,3.182509e-01,
CBFB->-ARID1A,2,1,5.000000,5,2.708333e-02,
CHEK2->-PIK3CA,2,1,5.000000,5,1.089181e-01,
GATA3->-EGFR,2,1,5.000000,5,3.125000e-02,
PIK3CA->-ALK,2,1,5.000000,5,2.462191e-01,
TP53->-KIT,2,1,5.000000,5,6.002182e-03,
PIK3CA->-BRIP1,2,1,5.000000,5,8.392857e-02,
ZFHX3->-CDH1,2,1,5.000000,5,1.094618e-01,
CDH1->-PIK3CA ZFHX3->-CDH1 ZFHX3->-PIK3CA,3,3,4.000000,4,2.516902e-03,
TP53->-EPHA7,2,1,5.000000,5,7.025044e-02,
SPEN->-PIK3CA,2,1,5.000000,5,9.603849e-01,
TP53->-BRD4,2,1,5.000000,5,3.765432e-02,
PIK3CA->-JAK3,2,1,5.000000,5,1.331809e-01,
TP53->-TCF7L2,2,1,5.000000,5,2.230392e-02,
TP53->-RFWD2,2,1,5.000000,5,6.248742e-02,
TP53->-HIST1H3B,2,1,5.000000,5,3.486217e-02,
PIK3CA->-RFWD2,2,1,5.000000,5,2.339674e-01,
PIK3CA->-EP300,2,1,5.000000,5,4.226282e-01,
ESR1->-MAP3K1,2,1,5.000000,5,5.824820e-01,
ESR1->-MAP3K1 PIK3CA->-ESR1 PIK3CA->-MAP3K1,3,3,2.000000,2,3.302040e-01,
KMT2C->-ARID1A,2,1,5.000000,5,7.722034e-01,
KMT2C->-ARID1A PIK3CA->-ARID1A PIK3CA->-KMT2C,3,3,2.000000,2,3.815479e-01,
KMT2C->-ARID1A KMT2C->-PIK3CA PIK3CA->-ARID1A,3,3,2.000000,2,3.815479e-01,
GATA3->-ARID1A KMT2C->-ARID1A KMT2C->-GATA3,3,3,2.000000,2,2.777778e-02,
KMT2C->-CDH1,2,1,5.000000,5,9.998772e-01,
TBX3->-TP53,2,1,5.000000,5,9.637676e-01,
TBX3->-PIK3CA TBX3->-TP53 TP53->-PIK3CA,3,3,2.000000,2,2.536559e-01,
TP53->-ARAF,2,1,5.000000,5,6.934630e-02,
TP53->-INPP4B,2,1,5.000000,5,3.857909e-02,
TP53->-MAP3K13,2,1,5.000000,5,1.059504e-01,
TP53->-MET,2,1,5.000000,5,1.477273e-02,
MAP3K1->-ESR1,2,1,5.000000,5,5.824820e-01,
ESR1->-PIK3CA MAP3K1->-ESR1 MAP3K1->-PIK3CA,3,3,2.000000,2,3.302040e-01,
PTEN->-SF3B1,2,1,5.000000,5,3.684896e-01,
PIK3CA->-SF3B1 PTEN->-PIK3CA PTEN->-SF3B1,3,3,2.000000,2,8.854167e-02,
CREBBP->-PIK3CA,2,1,5.000000,5,9.101832e-01,
PIK3CA->-DNMT1,2,1,5.000000,5,2.355769e-02,
PTEN->-GATA3,2,1,5.000000,5,3.177083e-01,
PTEN->-GATA3 TP53->-GATA3 TP53->-PTEN,3,3,2.000000,2,2.777778e-02,
PIK3CA->-PIK3CG,2,1,5.000000,5,1.900326e-01,
PIK3CA->-PIK3CG TP53->-PIK3CA TP53->-PIK3CG,3,3,2.000000,2,7.407407e-02,
CDH1->-AR,2,1,5.000000,5,9.993132e-02,
CDH1->-AR CDH1->-PIK3CA PIK3CA->-AR,3,3,2.000000,2,1.826428e-01,
TP53->-FGFR4,2,1,5.000000,5,7.828283e-03,
NCOR1->-MED12,2,1,5.000000,5,1.996528e-02,
NCOR1->-MED12 TP53->-MED12 TP53->-NCOR1,3,3,3.000000,3,7.739670e-03,
NCOR1->-MED12 NCOR1->-PIK3CA PIK3CA->-MED12,3,3,2.000000,2,5.753968e-02,
NF1->-PIK3R1,2,1,5.000000,5,1.898742e-01,
NF1->-PIK3R1 TP53->-NF1 TP53->-PIK3R1,3,3,2.000000,2,9.608910e-02,
NF1->-PIK3R1 PTEN->-NF1 PTEN->-PIK3R1,3,3,2.000000,2,1.179962e-01,
TP53->-AXIN2,2,1,5.000000,5,5.222222e-03,
CREBBP->-KMT2C,2,1,5.000000,5,6.631243e-02,
CREBBP->-KMT2C TP53->-CREBBP TP53->-KMT2C,3,3,2.000000,2,3.730311e-02,
CREBBP->-KMT2C PIK3CA->-CREBBP PIK3CA->-KMT2C,3,3,3.000000,3,2.491837e-02,
CDH1->-CREBBP CDH1->-KMT2C CDH1->-PIK3CA CREBBP->-KMT2C PIK3CA->-CREBBP PIK3CA->-KMT2C,4,6,2.000000,2,6.439969e-03,
ARID1A->-CREBBP ARID1A->-KMT2C CREBBP->-KMT2C,3,3,2.000000,2,2.190171e-02,
ARID1A->-CDH1,2,1,5.000000,5,9.956069e-01,
ARID1A->-CDH1 ARID1A->-PIK3CA CDH1->-PIK3CA,3,3,2.000000,2,7.140764e-01,
CDH1->-RFWD2,2,1,5.000000,5,1.652029e-01,
KMT2C->-TBX3,2,1,5.000000,5,4.312719e-01,
CDH1->-STAG2,2,1,5.000000,5,2.386084e-02,
PIK3CA->-TET2,2,1,5.000000,5,4.687500e-01,
CDH1->-IKZF1,2,1,5.000000,5,3.125000e-02,
TP53->-ERBB2,2,1,5.000000,5,5.939520e-01,
CDH1->-ERBB2 CDH1->-TP53 TP53->-ERBB2,3,3,2.000000,2,2.385883e-01,
TP53->-PBRM1,2,1,5.000000,5,2.263851e-01,
PIK3CA->-BRCA1,2,1,5.000000,5,3.784722e-01,
TP53->-POLD1,2,1,5.000000,5,1.137500e-02,
CDH1->-MED12,2,1,5.000000,5,9.045584e-02,
CDH1->-MED12 PIK3CA->-CDH1 PIK3CA->-MED12,3,3,2.000000,2,1.732804e-01,
GATA3->-TBX3,2,1,5.000000,5,1.584024e-01,
GATA3->-PIK3CA GATA3->-TBX3 TBX3->-PIK3CA,3,3,2.000000,2,1.874282e-01,
GATA3->-PIK3CA GATA3->-TBX3 PIK3CA->-TBX3,3,3,2.000000,2,1.874282e-01,
GATA3->-TBX3 MAP3K1->-GATA3 MAP3K1->-TBX3,3,3,2.000000,2,1.319444e-01,
PIK3CA->-TERT,2,1,5.000000,5,4.154321e-02,
PIK3R1->-TP53,2,1,5.000000,5,9.808292e-01,
ERBB2->-KMT2C,2,1,5.000000,5,1.988531e-01,
CDH1->-ERBB2 CDH1->-KMT2C ERBB2->-KMT2C,3,3,2.000000,2,1.725941e-01,
CDH1->-KMT2C ERBB2->-CDH1 ERBB2->-KMT2C,3,3,2.000000,2,1.725941e-01,
KMT2C->-PARP1 TP53->-KMT2C TP53->-PARP1,3,3,2.000000,2,1.756066e-02,
ERBB2->-KMT2C ERBB2->-PARP1 ERBB2->-PIK3CA KMT2C->-PARP1 PIK3CA->-KMT2C PIK3CA->-PARP1,4,6,2.000000,2,9.250342e-04,
TP53->-XPO1,2,1,5.000000,5,5.115327e-02,
PIK3CA->-GRIN2A,2,1,5.000000,5,1.875000e-01,
MAP3K1->-NOTCH4,2,1,5.000000,5,2.832602e-02,
MAP3K1->-NOTCH4 MAP3K1->-PTPRT NOTCH4->-PTPRT TP53->-MAP3K1 TP53->-NOTCH4 TP53->-PTPRT,4,6,2.000000,2,1.370614e-03,
NOTCH4->-PTPRT PIK3CA->-NOTCH4 PIK3CA->-PTPRT,3,3,2.000000,2,2.342048e-02,
MAP3K1->-NOTCH4 MAP3K1->-PIK3CA PIK3CA->-NOTCH4,3,3,2.000000,2,1.228667e-01,
MAP3K1->-NOTCH4 PIK3CA->-MAP3K1 PIK3CA->-NOTCH4,3,3,2.000000,2,1.228667e-01,
PIK3CA->-ATRX,2,1,5.000000,5,4.823252e-01,
CDH1->-ATRX CDH1->-PIK3CA PIK3CA->-ATRX,3,3,3.000000,3,1.523920e-02,
FOXA1->-GATA3,2,1,5.000000,5,4.908854e-01,
FOXA1->-GATA3 FOXA1->-PIK3CA GATA3->-PIK3CA,3,3,2.000000,2,2.632245e-01,
FOXA1->-GATA3 FOXA1->-MAP3K1 MAP3K1->-GATA3,3,3,2.000000,2,1.319444e-01,
CDH1->-RAD50,2,1,5.000000,5,2.216135e-02,
CDH1->-PIK3CA CDH1->-RAD50 PIK3CA->-RAD50,3,3,2.000000,2,5.704555e-02,
CDH1->-RAD50 TP53->-CDH1 TP53->-RAD50,3,3,2.000000,2,1.756066e-02,
ERBB2->-TP53,2,1,5.000000,5,5.939520e-01,
TP53->-PARP1,2,1,5.000000,5,2.067939e-02,
PIK3CA->-PARP1 PIK3CA->-TP53 TP53->-PARP1,3,3,2.000000,2,5.704555e-02,
AKT1->-NOTCH2,2,1,5.000000,5,1.626984e-02,
TP53->-BRIP1,2,1,5.000000,5,1.095238e-02,
ERBB2->-RUNX1,2,1,5.000000,5,1.875000e-01,
CDH1->-ERBB2 CDH1->-RUNX1 ERBB2->-RUNX1,3,3,2.000000,2,1.480195e-01,
TP53->-CEBPA,2,1,5.000000,5,3.125000e-02,
NCOR1->-RUNX1,2,1,5.000000,5,3.632812e-01,
NCOR1->-RUNX1 PIK3CA->-NCOR1 PIK3CA->-RUNX1,3,3,2.000000,2,2.632245e-01,
NCOR1->-PIK3CA NCOR1->-RUNX1 PIK3CA->-RUNX1,3,3,2.000000,2,2.632245e-01,
ARID2->-GATA3,2,1,5.000000,5,1.953125e-01,
ARID2->-ARID1A,2,1,5.000000,5,3.050045e-01,
ARID2->-ARID1A TP53->-ARID1A TP53->-ARID2,3,3,2.000000,2,7.301418e-02,
EPHA5->-ARID1A,2,1,2.000000,2,4.980159e-01,
TP53->-JAK1,2,1,5.000000,5,3.271701e-01,
NCOR1->-CDH1,2,1,5.000000,5,9.930425e-01,
NCOR1->-CDH1 TP53->-CDH1 TP53->-NCOR1,3,3,2.000000,2,3.720663e-01,
CDH1->-RUNX1 NCOR1->-CDH1 NCOR1->-RUNX1,3,3,2.000000,2,1.319444e-01,
KMT2D->-PIK3CA,2,1,5.000000,5,9.877233e-01,
CDH1->-KMT2D CDH1->-PIK3CA KMT2D->-PIK3CA,3,3,2.000000,2,2.362403e-01,
PTEN->-GRIN2A,2,1,5.000000,5,1.846591e-02,
PIK3CA->-GRIN2A PTEN->-GRIN2A PTEN->-PIK3CA,3,3,2.000000,2,7.407407e-02,
PIK3CA->-SMAD4,2,1,5.000000,5,2.883960e-01,
MAP2K4->-PTEN,2,1,5.000000,5,3.100740e-01,
GATA3->-CREBBP,2,1,5.000000,5,2.291667e-02,
CREBBP->-MAP3K1 GATA3->-CREBBP GATA3->-MAP3K1 GATA3->-PIK3CA PIK3CA->-CREBBP PIK3CA->-MAP3K1,4,6,2.000000,2,1.736111e-03,
TP53->-GLI1,2,1,5.000000,5,9.841900e-03,
TP53->-CIC,2,1,5.000000,5,1.093750e-01,
PIK3CA->-CIC TP53->-CIC TP53->-PIK3CA,3,3,2.000000,2,7.407407e-02,
TP53->-IRF4,2,1,5.000000,5,1.111111e-02,
TP53->-SMARCA4,2,1,5.000000,5,1.866780e-01,
TP53->-TRAF2,2,1,5.000000,5,2.810121e-02,
PIK3CA->-KRAS,2,1,5.000000,5,3.309537e-01,
PIK3CA->-BLM,2,1,5.000000,5,9.325214e-02,
TP53->-PIK3R2,2,1,5.000000,5,1.388889e-02,
PIK3CA->-ERCC4,2,1,5.000000,5,4.206731e-02,
ARID1A->-IKZF1,2,1,5.000000,5,3.125000e-02,
ARID1A->-IKZF1 ARID1A->-PIK3CA CDH1->-ARID1A CDH1->-IKZF1 CDH1->-PIK3CA IKZF1->-PIK3CA,4,6,2.000000,2,1.736111e-03,
AKT1->-KMT2C,2,1,5.000000,5,2.815394e-01,
AKT1->-KMT2C AKT1->-TP53 TP53->-KMT2C,3,3,2.000000,2,3.935185e-02,
RUNX1->-TP53,2,1,5.000000,5,9.861433e-01,
PTPRS->-PIK3CA,2,1,5.000000,5,7.011671e-01,
PTPRS->-PIK3CA TP53->-PIK3CA TP53->-PTPRS,3,3,2.000000,2,1.246169e-01,
CDH1->-PIK3CA CDH1->-PTPRS PTPRS->-PIK3CA,3,3,2.000000,2,3.935185e-02,
TP53->-TET1,2,1,5.000000,5,1.093750e-01,
TP53->-ERBB4,2,1,5.000000,5,4.413086e-02,
CBFB->-NCOR1,2,1,5.000000,5,3.125000e-02,
CBFB->-NCOR1 CBFB->-PIK3CA NCOR1->-PIK3CA,3,3,2.000000,2,1.319444e-01,
CBFB->-NCOR1 CBFB->-TP53 TP53->-NCOR1,3,3,2.000000,2,1.319444e-01,
CDH1->-DNMT1,2,1,5.000000,5,3.125000e-02,
CDH1->-DNMT1 CDH1->-PIK3CA PIK3CA->-DNMT1,3,3,2.000000,2,2.777778e-02,
CDH1->-XPO1,2,1,5.000000,5,3.125000e-02,
ARID1B->-PIK3CA,2,1,5.000000,5,2.938496e-01,
ARID1B->-PIK3CA TP53->-ARID1B TP53->-PIK3CA,3,3,2.000000,2,1.409347e-01,
AKT1->-MAP2K4,2,1,5.000000,5,1.093750e-01,
ERBB2->-TBX3,2,1,5.000000,5,2.504579e-01,
CDH1->-TBX3 ERBB2->-CDH1 ERBB2->-TBX3,3,3,2.000000,2,1.212545e-01,
GPS2->-PIK3CA,2,1,5.000000,5,2.926773e-01,
FAT1->-RICTOR,2,1,4.000000,4,1.592691e-01,
TET1->-ARID1A,2,1,4.000000,4,1.440302e-01,
ESR1->-FAT1,2,1,4.000000,4,2.650536e-01,
ESR1->-FAT1 PIK3CA->-ESR1 PIK3CA->-FAT1,3,3,2.000000,2,5.565411e-02,
SETD2->-PIK3CA,2,1,4.000000,4,7.744931e-01,
CDH1->-PIK3CA CDH1->-SETD2 SETD2->-PIK3CA,3,3,2.000000,2,1.576646e-01,
FAT1->-PIK3CA,2,1,4.000000,4,9.997137e-01,
FAT1->-PIK3CA FAT1->-RICTOR PIK3CA->-RICTOR,3,3,2.000000,2,1.065293e-01,
TET1->-FAT1,2,1,4.000000,4,3.282335e-01,
PIK3CA->-FAT1 PIK3CA->-TET1 TET1->-FAT1,3,3,2.000000,2,1.218833e-01,
NCOR1->-FAT1 NCOR1->-TET1 TET1->-FAT1,3,3,2.000000,2,2.729045e-02,
PIK3CA->-FAT1 PIK3CA->-RB1 RB1->-FAT1,3,3,2.000000,2,1.309292e-01,
TET1->-FAT1 TP53->-FAT1 TP53->-TET1,3,3,2.000000,2,7.407407e-02,
ARID1A->-FAT1 TET1->-ARID1A TET1->-FAT1,3,3,2.000000,2,2.342048e-02,
ERBB3->-PIK3CA,2,1,4.000000,4,8.135082e-01,
ERBB3->-PIK3CA MAP3K1->-ERBB3 MAP3K1->-PIK3CA,3,3,3.000000,3,2.740900e-02,
CDH1->-SMO,2,1,4.000000,4,2.954199e-02,
TP53->-RBM10,2,1,4.000000,4,5.208333e-02,
KMT2A->-GATA3,2,1,4.000000,4,1.875000e-01,
TP53->-CDK8,2,1,4.000000,4,6.288066e-02,
PIK3CA-/-TP53,2,1,4.000000,4,9.999078e-01,
SMO->-PIK3CA,2,1,4.000000,4,3.515257e-01,
CDH1->-PIK3CA CDH1->-SMO SMO->-PIK3CA,3,3,2.000000,2,7.389543e-02,
TP53->-EZH2,2,1,4.000000,4,1.458333e-01,
PIK3CA->-EZH2 PIK3CA->-TP53 TP53->-EZH2,3,3,2.000000,2,7.407407e-02,
FOXA1->-KMT2C,2,1,4.000000,4,2.485664e-01,
FOXA1->-KMT2C PIK3CA->-FOXA1 PIK3CA->-KMT2C,3,3,3.000000,3,2.777778e-02,
FOXA1->-KMT2C TP53->-FOXA1 TP53->-KMT2C,3,3,2.000000,2,4.461279e-02,
NCOR1->-RB1,2,1,4.000000,4,2.832469e-01,
NCOR1->-PIK3CA NCOR1->-RB1 PIK3CA->-RB1,3,3,2.000000,2,7.326186e-02,
PIK3CA->-FOXP1,2,1,4.000000,4,4.522113e-01,
PIK3CA->-EGFR,2,1,4.000000,4,2.479167e-01,
GATA3->-EGFR GATA3->-PIK3CA PIK3CA->-EGFR,3,3,2.000000,2,2.777778e-02,
CDH1->-ALK,2,1,4.000000,4,3.888889e-02,
CDH1->-ALK CDH1->-PIK3CA PIK3CA->-ALK,3,3,2.000000,2,2.222222e-02,
CDH1->-ALK CDH1->-FOXA1 FOXA1->-ALK,3,3,2.000000,2,2.222222e-02,
TP53->-IKZF1,2,1,4.000000,4,8.106459e-02,
PIK3CA->-PDGFRA,2,1,4.000000,4,4.253472e-01,
PIK3CA->-BARD1,2,1,4.000000,4,2.087585e-01,
PIK3CA->-BARD1 TP53->-BARD1 TP53->-PIK3CA,3,3,2.000000,2,4.606009e-02,
PIK3CA->-HIST1H3I,2,1,4.000000,4,1.865079e-01,
CDH1->-EGFR,2,1,4.000000,4,1.500000e-01,
CDH1->-EGFR CDH1->-PIK3CA PIK3CA->-EGFR,3,3,2.000000,2,4.629630e-02,
CDH1->-MTOR,2,1,4.000000,4,4.181548e-01,
CDH1->-MTOR CDH1->-PIK3CA PIK3CA->-MTOR,3,3,2.000000,2,7.935236e-02,
ARID1A->-GRIN2A,2,1,4.000000,4,1.368939e-01,
CDH1->-KDR,2,1,4.000000,4,5.974265e-02,
CDH1->-KDR CDH1->-PIK3CA PIK3CA->-KDR,3,3,2.000000,2,2.446895e-02,
PIK3CA->-NOTCH3,2,1,4.000000,4,3.958333e-01,
MAP2K4->-JAK3,2,1,4.000000,4,3.034649e-02,
MAP2K4->-JAK3 TP53->-JAK3 TP53->-MAP2K4,3,3,2.000000,2,1.316764e-02,
CDH1->-JAK3,2,1,4.000000,4,2.952632e-02,
CDH1->-JAK3 CDH1->-PIK3CA PIK3CA->-JAK3,3,3,2.000000,2,1.388889e-02,
CDH1->-JAK3 CDH1->-MAP2K4 MAP2K4->-JAK3,3,3,2.000000,2,9.405458e-03,
EPHA7->-PIK3CA,2,1,4.000000,4,1.580882e-01,
EPHA7->-PIK3CA TP53->-EPHA7 TP53->-PIK3CA,3,3,2.000000,2,1.613562e-02,
MAP3K1->-ATR,2,1,4.000000,4,1.286765e-01,
CARD11->-ATR TP53->-ATR TP53->-CARD11,3,3,4.000000,4,1.286341e-03,
NF1->-KMT2C,2,1,4.000000,4,3.326211e-01,
TP53->-AR,2,1,4.000000,4,1.348214e-01,
PIK3CA->-AR PIK3CA->-TP53 TP53->-AR,3,3,2.000000,2,4.629630e-02,
TP53->-PLK2,2,1,4.000000,4,1.579433e-01,
FOXA1->-KMT2D,2,1,4.000000,4,1.875000e-01,
PIK3CA->-CDKN2A,2,1,4.000000,4,1.597222e-01,
PIK3CA->-CDKN2A TP53->-CDKN2A TP53->-PIK3CA,3,3,2.000000,2,1.043871e-01,
MEN1->-SPEN,2,1,4.000000,4,6.250000e-02,
GATA3->-SPEN MEN1->-GATA3 MEN1->-SPEN,3,3,2.000000,2,7.407407e-02,
MEN1->-ARID1A,2,1,4.000000,4,1.398810e-01,
KMT2C->-ARID1A MEN1->-ARID1A MEN1->-KMT2C,3,3,2.000000,2,7.407407e-02,
GATA3->-FLT3,2,1,4.000000,4,1.608560e-01,
STAG2->-GATA3,2,1,4.000000,4,1.755952e-01,
PIK3CA->-IRS1,2,1,4.000000,4,3.412433e-01,
SMARCA4->-PIK3CA,2,1,4.000000,4,6.082589e-01,
KMT2C->-ESR1,2,1,4.000000,4,1.089120e-01,
BRCA2->-PIK3CA,2,1,4.000000,4,8.738884e-01,
PTEN->-ATRX,2,1,4.000000,4,1.622624e-01,
PTEN->-ATRX TP53->-ATRX TP53->-PTEN,3,3,2.000000,2,1.120241e-01,
PTEN->-TBX3,2,1,4.000000,4,5.032895e-02,
TP53->-SDHB,2,1,4.000000,4,3.820944e-01,
TP53->-MAP2K1,2,1,4.000000,4,2.192644e-02,
TP53->-PIM1,2,1,4.000000,4,2.904541e-02,
CDH1->-CTCF,2,1,4.000000,4,1.339286e-01,
TP53->-IRS2,2,1,4.000000,4,1.679040e-01,
TP53->-AXIN1,2,1,4.000000,4,9.500000e-02,
TP53->-RASA1,2,1,4.000000,4,1.458333e-01,
FOXA1->-TP53,2,1,4.000000,4,9.781044e-01,
PIK3CA->-HNF1A,2,1,4.000000,4,1.528297e-01,
NF1->-MED12,2,1,4.000000,4,1.785969e-01,
NF1->-MED12 TP53->-MED12 TP53->-NF1,3,3,2.000000,2,7.407407e-02,
NF1->-MAP3K1,2,1,4.000000,4,3.326211e-01,
NF1->-MAP3K1 TP53->-MAP3K1 TP53->-NF1,3,3,3.000000,3,1.620370e-02,
NF1->-MAP3K1 PTEN->-MAP3K1 PTEN->-NF1,3,3,3.000000,3,4.115226e-03,
TP53->-PRDM1,2,1,4.000000,4,4.583333e-02,
TP53->-IFNGR1,2,1,4.000000,4,3.194444e-02,
ATR->-NCOR1,2,1,4.000000,4,6.250000e-02,
ATR->-NCOR1 TP53->-ATR TP53->-NCOR1,3,3,2.000000,2,2.777778e-02,
ATR->-NCOR1 PIK3CA->-ATR PIK3CA->-NCOR1,3,3,2.000000,2,2.777778e-02,
ATR->-EP300 PIK3CA->-ATR PIK3CA->-EP300,3,3,2.000000,2,2.777778e-02,
MAP3K1->-NSD1,2,1,4.000000,4,4.680377e-01,
MAP3K1->-NSD1 TP53->-MAP3K1 TP53->-NSD1,3,3,2.000000,2,7.407407e-02,
CDH1->-MAP3K1 CDH1->-NSD1 MAP3K1->-NSD1,3,3,2.000000,2,1.255144e-01,
PTEN->-MED12,2,1,4.000000,4,3.403524e-02,
PTEN->-MED12 TP53->-MED12 TP53->-PTEN,3,3,2.000000,2,1.455026e-02,
NF1->-MED12 PTEN->-MED12 PTEN->-NF1,3,3,2.000000,2,2.469136e-02,
NF1->-NSD1 PTEN->-NF1 PTEN->-NSD1,3,3,2.000000,2,2.469136e-02,
PTEN->-ATR,2,1,4.000000,4,6.200397e-02,
PTEN->-ATR TP53->-ATR TP53->-PTEN,3,3,3.000000,3,4.523640e-03,
PIK3CA->-ATR PIK3CA->-PTEN PTEN->-ATR,3,3,2.000000,2,7.301418e-02,
MGA->-ATR MGA->-PTEN PTEN->-ATR,3,3,2.000000,2,2.714184e-02,
MGA->-PTPRT,2,1,2.000000,2,2.480159e-01,
TP53->-CTCF,2,1,4.000000,4,2.501042e-01,
KMT2C->-AR,2,1,4.000000,4,1.397665e-01,
TBX3->-KMT2C,2,1,4.000000,4,6.898492e-01,
TBX3->-KMT2C TP53->-KMT2C TP53->-TBX3,3,3,2.000000,2,4.461279e-02,
BRCA2->-KMT2C,2,1,4.000000,4,6.278768e-01,
PIK3CA->-RECQL4,2,1,4.000000,4,3.875748e-01,
CDH1->-RASA1,2,1,4.000000,4,1.715265e-01,
TP53->-TRAF7,2,1,4.000000,4,9.722222e-02,
TP53->-REL,2,1,4.000000,4,3.333333e-02,
TP53->-PMS1,2,1,4.000000,4,2.077778e-02,
ERBB2->-MAP3K1,2,1,4.000000,4,3.454670e-01,
ERBB2->-MAP3K1 ERBB2->-PIK3CA PIK3CA->-MAP3K1,3,3,2.000000,2,7.407407e-02,
GATA3->-POLE,2,1,4.000000,4,2.176871e-01,
NF1->-TET2,2,1,4.000000,4,4.900794e-02,
NF1->-TET2 TP53->-NF1 TP53->-TET2,3,3,2.000000,2,2.777778e-02,
NF1->-SETD2 TP53->-NF1 TP53->-SETD2,3,3,2.000000,2,2.777778e-02,
PTEN->-ARID1B,2,1,4.000000,4,1.785969e-01,
CDH1->-RHOA,2,1,4.000000,4,2.584503e-01,
CDH1->-PAK7,2,1,4.000000,4,3.915895e-02,
CDH1->-PAK7 CDH1->-TP53 TP53->-PAK7,3,3,2.000000,2,4.038066e-02,
CDH1->-FGFR4,2,1,4.000000,4,1.166667e-01,
GATA3->-NSD1,2,1,4.000000,4,5.833333e-02,
ZFHX3->-KMT2C,2,1,4.000000,4,1.708333e-01,
KMT2C->-PIK3CA ZFHX3->-KMT2C ZFHX3->-PIK3CA,3,3,2.000000,2,1.160301e-01,
GATA3->-MED12,2,1,4.000000,4,4.791667e-02,
MAP3K1->-CDH1,2,1,4.000000,4,9.995277e-01,
MAP3K1->-CDH1 MAP3K1->-PIK3CA PIK3CA->-CDH1,3,3,2.000000,2,7.248008e-01,
PIK3CA->-TSHR,2,1,4.000000,4,4.166667e-02,
TP53->-GATA2,2,1,4.000000,4,1.875000e-01,
TP53->-GSK3B,2,1,4.000000,4,1.851852e-02,
FOXA1->-CDH1,2,1,4.000000,4,9.995291e-01,
PIK3CA->-PMS1,2,1,4.000000,4,4.583333e-02,
MAP3K1->-FOXA1,2,1,4.000000,4,8.999843e-01,
MAP3K1->-FOXA1 MAP3K1->-PIK3CA PIK3CA->-FOXA1,3,3,3.000000,3,1.608945e-01,
MAP3K1->-ARID2,2,1,4.000000,4,4.189560e-02,
MAP3K1->-DICER1,2,1,4.000000,4,4.711538e-02,
NF1->-ERBB3,2,1,4.000000,4,6.250000e-02,
NF1->-ERBB3 NF1->-TP53 TP53->-ERBB3,3,3,2.000000,2,7.407407e-02,
NF1->-CDH1,2,1,4.000000,4,9.349452e-01,
CDH1->-PIK3CA NF1->-CDH1 NF1->-PIK3CA,3,3,2.000000,2,3.792534e-01,
ERBB2->-ERBB3,2,1,4.000000,4,4.189560e-02,
CDH1->-ERBB3 ERBB2->-CDH1 ERBB2->-ERBB3,3,3,2.000000,2,7.407407e-02,
TP53->-DAXX,2,1,4.000000,4,3.181445e-02,
CDH1->-JAK2,2,1,4.000000,4,6.250000e-02,
PIK3CA->-INSR,2,1,4.000000,4,1.755952e-01,
PIK3CA->-INSR PIK3CA->-TP53 TP53->-INSR,3,3,2.000000,2,7.407407e-02,
MAP3K1->-CDKN1B,2,1,4.000000,4,4.094551e-01,
ERBB2->-FOXA1,2,1,4.000000,4,3.333333e-01,
ERBB2->-FOXA1 ERBB2->-MAP3K1 FOXA1->-MAP3K1,3,3,2.000000,2,2.777778e-02,
TP53->-NTRK1,2,1,4.000000,4,1.490741e-02,
TP53->-DICER1,2,1,4.000000,4,1.164021e-02,
PIK3CA->-DICER1 TP53->-DICER1 TP53->-PIK3CA,3,3,2.000000,2,4.017857e-03,
TP53->-JUN,2,1,4.000000,4,6.250000e-02,
CDH1->-JUN,2,1,4.000000,4,5.654762e-02,
TP53->-FGFR2,2,1,4.000000,4,4.133598e-02,
PIK3CA->-YES1,2,1,4.000000,4,4.294951e-02,
MAP2K4->-NCOR1,2,1,4.000000,4,6.236979e-01,
MAP2K4->-NCOR1 MAP2K4->-PIK3CA PIK3CA->-NCOR1,3,3,2.000000,2,1.211335e-01,
GATA3->-PDGFRA,2,1,4.000000,4,1.652778e-01,
CDH1->-POLE,2,1,4.000000,4,1.541667e-01,
PIK3CA->-DNMT3B,2,1,4.000000,4,1.758041e-01,
APC->-PIK3CA,2,1,4.000000,4,7.410812e-01,
APC->-PIK3CA CDH1->-APC CDH1->-PIK3CA,3,3,2.000000,2,1.211335e-01,
TP53->-PAK1,2,1,4.000000,4,1.208577e-02,
KMT2C->-PARP1,2,1,4.000000,4,4.432270e-02,
TP53->-PTCH1,2,1,4.000000,4,3.360179e-01,
PIK3CA->-PTCH1 PIK3CA->-TP53 TP53->-PTCH1,3,3,2.000000,2,1.237578e-01,
TP53->-JAK2,2,1,4.000000,4,1.232437e-01,
CDH1->-JAK2 TP53->-CDH1 TP53->-JAK2,3,3,2.000000,2,2.777778e-02,
KMT2C->-PTCH1,2,1,4.000000,4,2.097273e-01,
CDH1->-KMT2A CDH1->-KMT2C CDH1->-PTCH1 KMT2C->-KMT2A KMT2C->-PTCH1 PTCH1->-KMT2A,4,6,2.000000,2,1.659518e-03,
PIK3CA->-PIK3CB,2,1,4.000000,4,2.736111e-01,
PIK3CA->-PIK3CB PIK3CA->-TP53 TP53->-PIK3CB,3,3,2.000000,2,2.222222e-02,
MDC1->-PIK3CB PIK3CA->-MDC1 PIK3CA->-PIK3CB,3,3,2.000000,2,2.222222e-02,
SPOP->-PIK3CA,2,1,4.000000,4,1.666667e-01,
CDH1->-SMAD4,2,1,4.000000,4,4.123512e-01,
RUNX1->-FOXA1,2,1,4.000000,4,2.527778e-01,
PIK3CA->-FOXA1 PIK3CA->-RUNX1 RUNX1->-FOXA1,3,3,2.000000,2,5.092593e-02,
CDH1->-FOXA1 CDH1->-RUNX1 RUNX1->-FOXA1,3,3,2.000000,2,1.480195e-01,
PIK3CA->-INPP4A,2,1,4.000000,4,1.875000e-01,
CDH1->-TET2,2,1,4.000000,4,5.654762e-02,
KMT2C->-KMT2A,2,1,4.000000,4,1.325342e-01,
CDH1->-NOTCH4,2,1,4.000000,4,6.204044e-02,
CDH1->-NOTCH4 CDH1->-PIK3CA PIK3CA->-NOTCH4,3,3,2.000000,2,7.407407e-02,
BRCA2->-CDH1,2,1,4.000000,4,8.644207e-01,
NF1->-FOXA1,2,1,4.000000,4,6.250000e-02,
NF1->-FOXA1 TP53->-FOXA1 TP53->-NF1,3,3,2.000000,2,7.407407e-02,
NF1->-FOXA1 NF1->-PIK3CA PIK3CA->-FOXA1,3,3,2.000000,2,7.407407e-02,
PTEN->-SETD2,2,1,4.000000,4,1.558608e-01,
KMT2C->-MED12,2,1,4.000000,4,3.438253e-02,
KMT2C->-MED12 PTEN->-KMT2C PTEN->-MED12,3,3,2.000000,2,1.481481e-02,
MAP3K1->-MED12 PTEN->-MAP3K1 PTEN->-MED12,3,3,2.000000,2,5.123457e-02,
NOTCH2->-PIK3CA,2,1,4.000000,4,3.020833e-01,
CDH1->-DNMT3A,2,1,4.000000,4,1.579433e-01,
CDH1->-DNMT3A CDH1->-PIK3CA PIK3CA->-DNMT3A,3,3,2.000000,2,5.704555e-02,
CDH1->-DNMT3A TP53->-CDH1 TP53->-DNMT3A,3,3,2.000000,2,1.756066e-02,
NCOR1->-MAP2K4,2,1,4.000000,4,6.236979e-01,
MAP2K4->-PIK3CA NCOR1->-MAP2K4 NCOR1->-PIK3CA,3,3,2.000000,2,1.211335e-01,
TP53->-EGFR,2,1,4.000000,4,3.750000e-02,
SOX9->-PTCH1,2,1,4.000000,4,6.250000e-02,
APC->-KMT2D,2,1,4.000000,4,1.865079e-01,
APC->-KMT2D TP53->-APC TP53->-KMT2D,3,3,3.000000,3,1.593873e-02,
PTEN->-RUNX1,2,1,4.000000,4,1.458333e-01,
TP53->-EPCAM,2,1,4.000000,4,1.604167e-01,
JAK1->-PIK3CA,2,1,4.000000,4,4.192995e-01,
CDH1->-ANKRD11,2,1,4.000000,4,2.770320e-01,
PIK3CA->-MSH6,2,1,4.000000,4,3.437500e-01,
PTPRS->-MAP3K1,2,1,4.000000,4,9.917232e-02,
TP53->-KLF4,2,1,4.000000,4,2.692130e-01,
TBX3->-RUNX1,2,1,4.000000,4,3.437500e-01,
CDH1->-PARP1,2,1,4.000000,4,1.500928e-01,
CDH1->-PARP1 CDH1->-PIK3CA PIK3CA->-PARP1,3,3,2.000000,2,1.106588e-01,
CDH1->-KMT2C CDH1->-PARP1 KMT2C->-PARP1,3,3,2.000000,2,5.265834e-02,
CDH1->-PARP1 CDH1->-RAD50 RAD50->-PARP1,3,3,2.000000,2,1.560948e-02,
CDH1->-ARID5B,2,1,4.000000,4,4.639607e-02,
CDH1->-ARID5B CDH1->-PIK3CA PIK3CA->-ARID5B,3,3,3.000000,3,1.119492e-02,
NF1->-ATM,2,1,4.000000,4,6.250000e-02,
NF1->-ATM NF1->-PIK3CA PIK3CA->-ATM,3,3,2.000000,2,2.777778e-02,
KMT2C->-TSC2,2,1,4.000000,4,2.568957e-01,
TP53->-AURKA,2,1,4.000000,4,4.166667e-02,
TP53->-MSH6,2,1,4.000000,4,1.329545e-01,
PIK3CA->-IKBKE,2,1,4.000000,4,1.875000e-01,
PIK3CA->-PALB2,2,1,4.000000,4,2.497864e-01,
GATA3->-CBFB,2,1,4.000000,4,9.998559e-01,
PIK3CA->-NF2,2,1,4.000000,4,7.792208e-02,
RHOA->-PIK3CA,2,1,4.000000,4,2.706473e-01,
CDH1->-PIK3CA CDH1->-RHOA RHOA->-PIK3CA,3,3,2.000000,2,5.753968e-02,
TP53->-E2F3,2,1,4.000000,4,3.194444e-02,
PIK3CA->-PAK7,2,1,4.000000,4,2.215413e-01,
CDH1->-PAK7 CDH1->-PIK3CA PIK3CA->-PAK7,3,3,2.000000,2,7.021605e-02,
TP53->-NF2,2,1,4.000000,4,3.294160e-02,
TP53->-AXL,2,1,4.000000,4,3.030627e-02,
GATA3->-FOXA1,2,1,4.000000,4,7.388021e-01,
GATA3->-FOXA1 PIK3CA->-FOXA1 PIK3CA->-GATA3,3,3,2.000000,2,2.632245e-01,
MGA->-ATR,2,1,4.000000,4,6.200397e-02,
MGA->-ATR MGA->-PIK3CA PIK3CA->-ATR,3,3,2.000000,2,1.306196e-01,
TP53->-SMAD2,2,1,4.000000,4,1.375000e-01,
PIK3CA->-KDM5C,2,1,4.000000,4,7.794531e-01,
TP53->-CDKN1A,2,1,4.000000,4,1.616071e-01,
GATA3->-SF3B1,2,1,4.000000,4,5.000000e-01,
GATA3->-SF3B1 PIK3CA->-GATA3 PIK3CA->-SF3B1,3,3,2.000000,2,7.407407e-02,
ERBB4->-GATA3,2,1,4.000000,4,9.375000e-02,
ESR1->-RICTOR,2,1,3.000000,3,4.378133e-01,
ARID1A->-ARID2,2,1,3.000000,3,8.188955e-01,
SETD2->-ARID1A,2,1,3.000000,3,4.809680e-01,
ARID1A->-PIK3CA SETD2->-ARID1A SETD2->-PIK3CA,3,3,2.000000,2,1.847095e-01,
NOTCH1->-PIK3CA SETD2->-NOTCH1 SETD2->-PIK3CA,3,3,2.000000,2,6.681191e-02,
ARID2->-PIK3CA,2,1,3.000000,3,9.660807e-01,
ARID1A->-ARID2 ARID1A->-PIK3CA ARID2->-PIK3CA,3,3,2.000000,2,1.215834e-01,
ESR1->-NOTCH1,2,1,3.000000,3,2.949561e-01,
LATS2->-PIK3CA,2,1,3.000000,3,5.885721e-01,
GATA3->-PTEN,2,1,3.000000,3,8.281250e-01,
NOTCH1->-ATM,2,1,3.000000,3,4.147727e-01,
NOTCH1->-MAP3K1,2,1,3.000000,3,3.794643e-01,
AXL->-PIK3CA,2,1,3.000000,3,5.798611e-01,
EP300->-PIK3CA,2,1,3.000000,3,8.767087e-01,
ATM->-MAP3K1,2,1,3.000000,3,3.822552e-01,
ATM->-MAP3K1 ATM->-PIK3CA MAP3K1->-PIK3CA,3,3,2.000000,2,1.087963e-01,
PIK3CA->-SMO,2,1,3.000000,3,6.498147e-01,
CDH1->-PIK3CA CDH1->-SMO PIK3CA->-SMO,3,3,2.000000,2,7.389543e-02,
KMT2A->-BRCA2,2,1,3.000000,3,2.562500e-01,
SDHB->-TP53,2,1,3.000000,3,6.758620e-01,
TP53->-ASXL1,2,1,3.000000,3,1.250000e-01,
KMT2C->-XPO1,2,1,3.000000,3,1.250000e-01,
MTOR->-XPO1,2,1,3.000000,3,1.250000e-01,
KMT2C->-PTPRD,2,1,3.000000,3,2.681650e-01,
PIK3CA->-MEN1,2,1,3.000000,3,9.630909e-01,
CDH1->-ARID5B CDH1->-MEN1 CDH1->-PIK3CA MEN1->-ARID5B PIK3CA->-ARID5B PIK3CA->-MEN1,4,6,2.000000,2,9.250342e-04,
CDH1->-CREBBP CDH1->-MEN1 CDH1->-PIK3CA MEN1->-CREBBP PIK3CA->-CREBBP PIK3CA->-MEN1,4,6,2.000000,2,9.250342e-04,
CDH1->-KMT2C CDH1->-MEN1 CDH1->-PIK3CA MEN1->-KMT2C PIK3CA->-KMT2C PIK3CA->-MEN1,4,6,2.000000,2,9.250342e-04,
CDH1->-KRAS,2,1,2.000000,2,1.908867e-01,
KMT2C-/-PIK3CA,2,1,3.000000,3,5.921114e-01,
KMT2C-/-PIK3CA TP53->-KMT2C TP53->-PIK3CA,3,3,2.000000,2,5.452324e-02,
DOT1L->-MAP3K1,2,1,3.000000,3,2.991453e-01,
CDH1->-DOT1L,2,1,3.000000,3,2.294126e-01,
CDH1->-DOT1L CDH1->-MAP3K1 DOT1L->-MAP3K1,3,3,2.000000,2,2.469136e-02,
CDH1->-MAP3K1 CDH1->-NSD1 NSD1->-MAP3K1,3,3,2.000000,2,1.255144e-01,
PIK3CA->-FH,2,1,3.000000,3,2.750000e-01,
ARID1A->-FOXA1,2,1,3.000000,3,3.785714e-01,
NSD1->-KMT2C,2,1,3.000000,3,4.616453e-01,
NSD1->-KMT2C PIK3CA->-KMT2C PIK3CA->-NSD1,3,3,2.000000,2,2.777778e-02,
ARID1A->-KMT2C ARID1A->-NSD1 NSD1->-KMT2C,3,3,2.000000,2,2.777778e-02,
NSD1->-MAP3K1,2,1,3.000000,3,7.490948e-01,
MAP3K1->-KMT2C NSD1->-KMT2C NSD1->-MAP3K1,3,3,2.000000,2,5.344650e-02,
ARID1A->-MAP3K1,2,1,3.000000,3,9.178768e-01,
ARID1A->-EPHB1,2,1,3.000000,3,8.267196e-02,
ARID1A->-EPHB1 TP53->-ARID1A TP53->-EPHB1,3,3,2.000000,2,2.714184e-02,
MAP3K1->-EPHB1,2,1,3.000000,3,4.553571e-01,
CDH1->-EPHB1 CDH1->-MAP3K1 CDH1->-PIK3CA MAP3K1->-EPHB1 PIK3CA->-EPHB1 PIK3CA->-MAP3K1,4,6,2.000000,2,7.440476e-04,
CBFB->-EGFR,2,1,3.000000,3,8.333333e-02,
GATA3->-PIK3R2,2,1,3.000000,3,2.293651e-01,
NCOR1->-FAT1,2,1,3.000000,3,2.490253e-01,
NCOR1->-FAT1 NCOR1->-PIK3CA PIK3CA->-FAT1,3,3,2.000000,2,9.797642e-02,
PIK3CA->-RBM10,2,1,3.000000,3,3.114035e-01,
PIK3CA->-PDCD1,2,1,3.000000,3,3.114035e-01,
PIK3CA->-ASXL2,2,1,3.000000,3,6.084064e-01,
PIK3CA->-FGFR3,2,1,3.000000,3,4.676535e-01,
STAG2->-FAT1,2,1,3.000000,3,3.114035e-01,
TP53->-CDK12,2,1,3.000000,3,3.968202e-01,
AKT1->-RUNX1,2,1,3.000000,3,1.250000e-01,
MAP3K1->-BRCA2,2,1,3.000000,3,1.133041e-01,
MAP3K1->-BRCA2 TP53->-BRCA2 TP53->-MAP3K1,3,3,2.000000,2,2.342048e-02,
IKZF1->-PIK3CA,2,1,3.000000,3,7.408377e-01,
CDH1->-FLT1,2,1,3.000000,3,1.250000e-01,
BRCA2->-ZFHX3,2,1,3.000000,3,4.727273e-02,
PIK3CA->-EIF4A2,2,1,3.000000,3,3.281593e-01,
PIK3CA->-SMARCA4,2,1,3.000000,3,8.383557e-01,
HIST1H3I->-SMARCA4,2,1,3.000000,3,1.240079e-01,
HIST1H3I->-SMARCA4 PIK3CA->-HIST1H3I PIK3CA->-SMARCA4,3,3,2.000000,2,7.301418e-02,
PIK3CA->-FBXW7,2,1,3.000000,3,5.762500e-01,
CDH1->-EPHA7,2,1,3.000000,3,1.240809e-01,
SPEN->-ARID2,2,1,3.000000,3,2.589286e-01,
SPEN->-ARID2 TP53->-ARID2 TP53->-SPEN,3,3,2.000000,2,4.629630e-02,
TP53->-SOX2,2,1,3.000000,3,1.041667e-01,
TP53->-LATS1,2,1,3.000000,3,5.000000e-01,
LATS1->-TSC2,2,1,3.000000,3,8.863636e-02,
PIK3CA->-BRD4,2,1,3.000000,3,3.423034e-01,
CDH1->-GRIN2A,2,1,3.000000,3,1.250000e-01,
TP53->-GNA11,2,1,3.000000,3,8.375350e-02,
TP53->-IRS1,2,1,3.000000,3,2.107843e-01,
TP53->-PIK3C3,2,1,3.000000,3,7.851891e-02,
IRS1->-PIK3CA,2,1,3.000000,3,6.406529e-01,
MDC1->-PIK3CA,2,1,3.000000,3,9.030333e-01,
MAP3K1->-PIK3C3,2,1,3.000000,3,3.521409e-02,
MAP3K1->-CARD11,2,1,3.000000,3,6.407563e-02,
CARD11-/-ERBB3,2,1,3.000000,3,3.324407e-02,
CARD11-/-ERBB3 TP53->-CARD11 TP53->-ERBB3,3,3,2.000000,2,3.781513e-03,
CARD11-/-ERBB3 MAP3K1->-CARD11 MAP3K1->-ERBB3,3,3,2.000000,2,1.212023e-03,
TP53->-RPS6KA4,2,1,3.000000,3,2.091837e-01,
PTEN->-ATM,2,1,3.000000,3,8.076923e-02,
PIK3CA->-ATM PTEN->-ATM PTEN->-PIK3CA,3,3,2.000000,2,1.666667e-02,
TP53->-NTRK3,2,1,3.000000,3,3.125000e-01,
PIK3CA->-AMER1,2,1,3.000000,3,3.470315e-01,
FOXA1->-ESR1,2,1,3.000000,3,4.196429e-01,
CDKN2A->-TP53,2,1,3.000000,3,9.902751e-01,
TP53->-PMS2,2,1,3.000000,3,8.101852e-02,
MEN1->-STAG2,2,1,3.000000,3,9.544335e-02,
MEN1->-NUP93 MEN1->-PIK3CA PIK3CA->-NUP93,3,3,2.000000,2,2.777778e-02,
GATA3->-NUP93 MEN1->-GATA3 MEN1->-NUP93 MEN1->-STAG2 STAG2->-GATA3 STAG2->-NUP93,4,6,2.000000,2,1.736111e-03,
GATA3->-ERBB3,2,1,3.000000,3,3.696429e-01,
KMT2C->-ERBB3,2,1,3.000000,3,5.525298e-01,
ATM->-SPEN,2,1,3.000000,3,5.123539e-01,
KMT2C->-SPEN,2,1,3.000000,3,6.953125e-01,
MAP3K1->-SPEN,2,1,3.000000,3,3.125000e-01,
GATA3->-SPEN MAP3K1->-GATA3 MAP3K1->-SPEN,3,3,2.000000,2,2.777778e-02,
ARID1A->-SPEN PIK3CA->-ARID1A PIK3CA->-SPEN,3,3,3.000000,3,1.620370e-02,
ARID1A->-SPEN CDH1->-ARID1A CDH1->-SPEN,3,3,2.000000,2,2.777778e-02,
ARID1A->-SPEN MEN1->-ARID1A MEN1->-SPEN,3,3,2.000000,2,2.777778e-02,
ARID1A->-EGFR,2,1,3.000000,3,1.250000e-01,
ARID1A->-EGFR GATA3->-ARID1A GATA3->-EGFR,3,3,2.000000,2,2.777778e-02,
PIK3CA->-FLT3,2,1,3.000000,3,4.625000e-01,
GATA3->-NUP93,2,1,3.000000,3,1.250000e-01,
GATA3->-NUP93 PIK3CA->-GATA3 PIK3CA->-NUP93,3,3,2.000000,2,7.407407e-02,
KMT2C->-ATM,2,1,3.000000,3,5.321340e-01,
CHEK2->-ARID1A,2,1,3.000000,3,1.095238e-01,
KMT2C->-AKT1,2,1,3.000000,3,8.020833e-01,
RECQL4->-PIK3CA,2,1,3.000000,3,6.722393e-01,
AKT1->-NF1,2,1,3.000000,3,1.250000e-01,
ATM->-KMT2C,2,1,3.000000,3,5.321340e-01,
ROS1->-TP53,2,1,3.000000,3,9.652218e-01,
PIK3CA->-ROS1 PIK3CA->-TP53 ROS1->-TP53,3,3,2.000000,2,1.642236e-01,
TSC2->-PIK3CA,2,1,3.000000,3,7.455357e-01,
ROS1->-PIK3CA,2,1,3.000000,3,9.201301e-01,
ESR1-/-PIK3CA,2,1,3.000000,3,7.289432e-01,
CDH1->-BRCA2 CDH1->-ESR1 ESR1->-BRCA2,3,3,3.000000,3,4.629630e-03,
TBX3->-ANKRD11,2,1,3.000000,3,5.000000e-01,
TBX3->-BRCA2,2,1,3.000000,3,3.898352e-01,
CDH1->-PIK3CG,2,1,3.000000,3,2.759868e-01,
CDH1->-HNF1A,2,1,3.000000,3,1.215278e-01,
GATA3->-ATR,2,1,3.000000,3,1.250000e-01,
TP53->-FLT3,2,1,3.000000,3,8.052632e-02,
PIK3CA->-FLT3 TP53->-FLT3 TP53->-PIK3CA,3,3,2.000000,2,1.388889e-02,
NF1->-FLT3,2,1,2.000000,2,2.000000e-01,
PTEN->-DDR2,2,1,3.000000,3,2.058553e-01,
FAT1->-DDR2,2,1,3.000000,3,6.747397e-02,
FAT1->-DDR2 TP53->-DDR2 TP53->-FAT1,3,3,2.000000,2,1.881092e-02,
PTEN->-PTPRS,2,1,3.000000,3,9.348853e-02,
CDH1->-PTPRS PTEN->-CDH1 PTEN->-PTPRS,3,3,2.000000,2,1.672081e-02,
PTEN->-ACVR1,2,1,2.000000,2,1.869771e-01,
MAP2K4->-PTPRS,2,1,3.000000,3,1.006579e-01,
ATRX->-EPHB1,2,1,3.000000,3,9.708516e-02,
ATRX->-EPHB1 TP53->-ATRX TP53->-EPHB1,3,3,2.000000,2,5.488743e-02,
PTEN->-EPHB1,2,1,2.000000,2,1.997180e-01,
ATRX->-EPHB1 CDH1->-ATRX CDH1->-EPHB1,3,3,2.000000,2,1.724334e-02,
PTEN->-JAK3,2,1,3.000000,3,7.588057e-02,
PTEN->-MAP2K4,2,1,3.000000,3,8.217188e-01,
PTEN->-MAP2K4 PTEN->-TP53 TP53->-MAP2K4,3,3,2.000000,2,8.619639e-02,
PTEN->-FAT1,2,1,3.000000,3,5.785975e-01,
CDH1->-CDK12,2,1,3.000000,3,4.324561e-02,
TBX3->-FOXA1,2,1,3.000000,3,7.029680e-01,
CDH1->-FOXA1 CDH1->-TBX3 TBX3->-FOXA1,3,3,2.000000,2,1.881092e-02,
TBX3->-FAT1,2,1,3.000000,3,4.498265e-02,
TP53->-RHOA,2,1,3.000000,3,3.627153e-01,
PIK3CA->-GNA11,2,1,3.000000,3,2.469888e-01,
ATM->-FAT1 PIK3CA->-ATM PIK3CA->-FAT1 PIK3CA->-TP53 TP53->-ATM TP53->-FAT1,4,6,2.000000,2,4.176312e-03,
GNA11->-FAT1 PIK3CA->-FAT1 PIK3CA->-GNA11 PIK3CA->-TP53 TP53->-FAT1 TP53->-GNA11,4,6,2.000000,2,1.273148e-03,
TP53->-H3F3C,2,1,3.000000,3,8.611111e-02,
PIK3CA->-RIT1,2,1,3.000000,3,9.423077e-02,
ATM->-FAT1,2,1,3.000000,3,2.653175e-01,
PIK3CA->-CTCF,2,1,3.000000,3,9.578683e-01,
PIK3CA->-GATA2,2,1,3.000000,3,3.125000e-01,
TP53->-INPP4A,2,1,3.000000,3,8.333333e-02,
STK11->-EP300,2,1,3.000000,3,2.795956e-01,
STK11->-EP300 TP53->-EP300 TP53->-STK11,3,3,2.000000,2,1.052790e-01,
TP53->-ERCC2,2,1,3.000000,3,9.523810e-02,
CREBBP->-MAP3K1 PIK3CA->-CREBBP PIK3CA->-MAP3K1,3,3,3.000000,3,3.086420e-03,
PIK3C2G->-CREBBP,2,1,3.000000,3,2.760417e-01,
PIK3C2G->-CREBBP PIK3CA->-CREBBP PIK3CA->-PIK3C2G,3,3,2.000000,2,1.126543e-01,
PIK3CA->-SMAD2,2,1,3.000000,3,2.760417e-01,
PIK3C2G->-MAP3K1,2,1,3.000000,3,2.635525e-01,
PIK3C2G->-MAP3K1 PIK3CA->-MAP3K1 PIK3CA->-PIK3C2G,3,3,2.000000,2,5.864198e-02,
CDH1->-GPS2,2,1,3.000000,3,6.148313e-01,
DOT1L->-PIK3CA,2,1,3.000000,3,5.000000e-01,
PTEN->-DNMT1,2,1,3.000000,3,7.329060e-02,
PIK3CA->-DNMT1 PTEN->-DNMT1 PTEN->-PIK3CA,3,3,2.000000,2,1.666667e-02,
ATRX->-PIK3CA,2,1,3.000000,3,9.029886e-01,
NCOR1->-CARD11,2,1,3.000000,3,3.125000e-01,
NCOR1->-PTEN,2,1,3.000000,3,4.583333e-01,
IRS2->-CARD11,2,1,3.000000,3,7.272727e-02,
IRS2->-CARD11 TP53->-CARD11 TP53->-IRS2,3,3,2.000000,2,4.068462e-02,
GATA3->-CARD11,2,1,3.000000,3,1.095238e-01,
TP53->-CDK4,2,1,3.000000,3,1.250000e-01,
TP53->-AKT2,2,1,3.000000,3,8.750000e-02,
NF1->-NCOR1,2,1,3.000000,3,4.821429e-01,
NCOR1->-MAP3K1,2,1,3.000000,3,9.098800e-01,
NCOR1->-MAP3K1 TP53->-MAP3K1 TP53->-NCOR1,3,3,2.000000,2,9.511785e-02,
MAP3K1->-PIK3CA NCOR1->-MAP3K1 NCOR1->-PIK3CA,3,3,2.000000,2,2.772092e-01,
MED12->-NSD1,2,1,3.000000,3,2.869421e-01,
PTEN->-NSD1,2,1,3.000000,3,1.160969e-01,
NCOR1->-NSD1 PTEN->-NCOR1 PTEN->-NSD1 TP53->-NCOR1 TP53->-NSD1 TP53->-PTEN,4,6,2.000000,2,1.736111e-03,
ARID1A->-PIK3C2G,2,1,3.000000,3,2.173810e-01,
ARID1A->-PIK3C2G TP53->-ARID1A TP53->-PIK3C2G,3,3,2.000000,2,5.555556e-03,
PIK3CA->-PIK3C3,2,1,3.000000,3,1.339180e-01,
MAP3K1->-PIK3C3 PIK3CA->-MAP3K1 PIK3CA->-PIK3C3,3,3,2.000000,2,1.526177e-02,
ARID1A->-CREBBP,2,1,3.000000,3,2.898352e-01,
ARID1A->-CREBBP CDH1->-ARID1A CDH1->-CREBBP,3,3,2.000000,2,1.197026e-01,
ARID1A->-APC CDH1->-APC CDH1->-ARID1A,3,3,2.000000,2,2.777778e-02,
ARID1A->-CREBBP ARID1A->-PIK3CA PIK3CA->-CREBBP,3,3,2.000000,2,6.428063e-02,
PIK3CA->-RASA1,2,1,3.000000,3,2.898352e-01,
PIK3CA-/-RFWD2,2,1,3.000000,3,5.888530e-02,
ARID1A->-BRCA2,2,1,3.000000,3,5.700068e-01,
ARID1A->-BRCA2 ARID1A->-PIK3CA PIK3CA->-BRCA2,3,3,2.000000,2,6.428063e-02,
NF1->-ASXL1,2,1,3.000000,3,1.250000e-01,
NF1->-ASXL1 TP53->-ASXL1 TP53->-NF1,3,3,2.000000,2,2.777778e-02,
KMT2C->-PIK3R1,2,1,3.000000,3,4.866453e-01,
KMT2C->-PIK3R1 PTEN->-KMT2C PTEN->-PIK3R1,3,3,2.000000,2,6.893004e-02,
FOXA1->-NCOR1,2,1,3.000000,3,2.409091e-01,
CDH1->-FOXA1 CDH1->-NCOR1 FOXA1->-NCOR1,3,3,2.000000,2,2.777778e-02,
FOXA1->-NCOR1 TP53->-FOXA1 TP53->-NCOR1,3,3,2.000000,2,4.461279e-02,
CHEK2->-TP53,2,1,3.000000,3,3.696429e-01,
CHEK2->-PIK3CA CHEK2->-TP53 TP53->-PIK3CA,3,3,2.000000,2,2.777778e-02,
PIK3CA->-HIST1H3B,2,1,3.000000,3,2.453431e-01,
CDH1->-KDM6A,2,1,3.000000,3,4.986213e-01,
CDH1->-PBRM1,2,1,3.000000,3,3.125000e-01,
CDH1->-FBXW7,2,1,3.000000,3,1.250000e-01,
CDH1->-FBXW7 TP53->-CDH1 TP53->-FBXW7,3,3,2.000000,2,7.407407e-02,
CDH1->-LATS1,2,1,3.000000,3,1.000000e-01,
MTOR->-CDH1,2,1,3.000000,3,7.104592e-01,
NF1->-ARID1A,2,1,3.000000,3,2.875000e-01,
NF1->-ARID1A PIK3CA->-ARID1A PIK3CA->-NF1,3,3,2.000000,2,5.787037e-02,
ATM->-ESR1,2,1,3.000000,3,8.750000e-02,
SPEN->-GATA3,2,1,3.000000,3,9.540568e-01,
ATRX->-GATA3,2,1,3.000000,3,2.857143e-01,
ESR1->-RHOA,2,1,3.000000,3,1.250000e-01,
CDH1->-ESR1 CDH1->-RHOA ESR1->-RHOA,3,3,2.000000,2,2.777778e-02,
CDH1->-SMARCB1,2,1,3.000000,3,9.523810e-02,
CDH1->-ARID1B,2,1,3.000000,3,2.910696e-01,
CDH1->-ERCC5,2,1,3.000000,3,8.055556e-02,
CDH1->-ATR,2,1,3.000000,3,2.067529e-01,
CDH1->-ATR CDH1->-PIK3CA PIK3CA->-ATR,3,3,2.000000,2,5.704555e-02,
MAP2K4->-CDH1,2,1,3.000000,3,9.657697e-01,
PIK3CA->-GPS2,2,1,3.000000,3,8.092374e-01,
PIK3CA->-RPS6KB2,2,1,3.000000,3,2.192460e-01,
FGFR4-/-PIK3CA,2,1,3.000000,3,1.367521e-02,
MAP2K4->-MED12,2,1,3.000000,3,1.250000e-01,
MAP3K1->-MED12,2,1,3.000000,3,2.540872e-01,
MAP3K1->-MED12 MAP3K1->-PIK3CA PIK3CA->-MED12,3,3,2.000000,2,1.666667e-02,
TP53->-DNMT3B,2,1,3.000000,3,7.936508e-02,
MAP3K1->-PTPRD,2,1,3.000000,3,2.760417e-01,
PIK3CA->-JAK1,2,1,3.000000,3,7.129121e-01,
ARID1A->-JAK1,2,1,3.000000,3,1.250000e-01,
ARID1A->-JAK1 ARID1A->-PIK3CA JAK1->-PIK3CA,3,3,2.000000,2,7.407407e-02,
CBFB->-ERBB2,2,1,3.000000,3,1.041667e-01,
AKT1->-CBFB,2,1,3.000000,3,8.271484e-01,
BCL6->-CDH1,2,1,3.000000,3,5.000000e-01,
MST1R->-KMT2C,2,1,3.000000,3,3.125000e-01,
MST1R->-KMT2C PIK3CA->-KMT2C PIK3CA->-MST1R,3,3,2.000000,2,7.407407e-02,
MST1R->-MAP3K1 PIK3CA->-MAP3K1 PIK3CA->-MST1R,3,3,3.000000,3,4.629630e-03,
PIK3CA->-FLT1,2,1,3.000000,3,4.824561e-01,
ARID1A->-POLE,2,1,3.000000,3,2.878590e-01,
ARID1A->-POLE PIK3CA->-ARID1A PIK3CA->-POLE,3,3,2.000000,2,7.301418e-02,
ARID1A->-POLE GATA3->-ARID1A GATA3->-POLE,3,3,2.000000,2,2.222222e-02,
GATA3->-ASXL1,2,1,3.000000,3,2.892857e-01,
CHEK2->-GATA3,2,1,3.000000,3,2.892857e-01,
KMT2D->-TP53,2,1,3.000000,3,9.999835e-01,
TP53->-CUL3,2,1,3.000000,3,4.861111e-02,
ARID1A->-ATM,2,1,3.000000,3,3.785714e-01,
CDH1->-DAXX,2,1,3.000000,3,9.544335e-02,
PTPRT->-PIK3CA,2,1,3.000000,3,9.911740e-01,
CDH1->-ARID2,2,1,3.000000,3,2.500000e-01,
CDH1->-ARID2 CDH1->-PIK3CA PIK3CA->-ARID2,3,3,2.000000,2,7.407407e-02,
PIK3CA->-KDM5A,2,1,3.000000,3,4.285714e-01,
ARID1A->-NOTCH4,2,1,3.000000,3,1.250000e-01,
ARID1A->-ATR,2,1,3.000000,3,1.240079e-01,
PIK3CA->-KMT2D PIK3CA->-ROS1 ROS1->-KMT2D,3,3,2.000000,2,2.714184e-02,
ARID1A->-ATR ARID1A->-BCOR BCOR->-ATR PIK3CA->-ARID1A PIK3CA->-ATR PIK3CA->-BCOR PIK3CA->-ROS1 ROS1->-ARID1A ROS1->-ATR ROS1->-BCOR,5,10,2.000000,2,3.692103e-04,
BRCA1->-TET2,2,1,3.000000,3,1.860417e-01,
ESR1->-NCOR1,2,1,3.000000,3,6.562500e-01,
BRCA1->-RICTOR,2,1,3.000000,3,1.580556e-01,
BRCA1->-RICTOR PIK3CA->-BRCA1 PIK3CA->-RICTOR,3,3,2.000000,2,4.959973e-02,
PTEN-/-SF3B1,2,1,3.000000,3,3.333333e-02,
NF1->-KMT2D,2,1,3.000000,3,2.625000e-01,
KMT2C->-KMT2D,2,1,3.000000,3,6.919036e-01,
KMT2C->-KMT2D TP53->-KMT2C TP53->-KMT2D,3,3,2.000000,2,1.742412e-01,
KMT2C->-KMT2D PTPRT->-KMT2C PTPRT->-KMT2D,3,3,2.000000,2,2.777778e-02,
PTPRT->-KMT2D,2,1,3.000000,3,6.403668e-01,
KMT2D->-PIK3CA PTPRT->-KMT2D PTPRT->-PIK3CA,3,3,2.000000,2,1.847095e-01,
PTPRS->-KMT2D TP53->-KMT2D TP53->-PTPRS,3,3,3.000000,3,4.629630e-03,
PTPRT->-KMT2C,2,1,3.000000,3,1.250000e-01,
PTPRT->-KMT2C TP53->-KMT2C TP53->-PTPRT,3,3,2.000000,2,7.407407e-02,
PTPRS->-KMT2C,2,1,3.000000,3,2.991453e-01,
PTPRS->-KMT2C TP53->-KMT2C TP53->-PTPRS,3,3,2.000000,2,2.777778e-02,
FOXA1->-TBX3,2,1,3.000000,3,7.029680e-01,
FOXA1->-TBX3 PIK3CA->-FOXA1 PIK3CA->-TBX3,3,3,2.000000,2,7.407407e-02,
CREBBP->-TP53,2,1,3.000000,3,9.908401e-01,
ESR1->-SPEN,2,1,3.000000,3,4.437500e-01,
ARID1B->-TP53,2,1,3.000000,3,9.870629e-01,
FGFR4->-PIK3CA,2,1,3.000000,3,7.879274e-01,
PIK3CA->-JAK2,2,1,3.000000,3,4.998148e-01,
FOXA1->-FAT1,2,1,3.000000,3,1.695729e-01,
MEN1->-FAT1,2,1,3.000000,3,1.130952e-01,
TP53->-CDKN1B,2,1,3.000000,3,2.375000e-01,
SF3B1->-GATA3,2,1,3.000000,3,7.734375e-01,
SOX9->-TP53,2,1,3.000000,3,6.041667e-01,
SPEN->-TP53,2,1,3.000000,3,9.756838e-01,
SPEN->-CDH1,2,1,3.000000,3,9.376042e-01,
SDHB->-GATA3,2,1,3.000000,3,2.367565e-01,
PTEN->-MST1R,2,1,3.000000,3,8.333333e-02,
KDM5C->-TP53,2,1,3.000000,3,5.991275e-01,
TP53->-YES1,2,1,3.000000,3,9.544335e-02,
PIK3CA->-YES1 TP53->-PIK3CA TP53->-YES1,3,3,2.000000,2,5.704555e-02,
NCOR1->-ESR1,2,1,3.000000,3,6.562500e-01,
MAP2K4->-ESR1,2,1,3.000000,3,6.500000e-02,
ESR1->-EGFR,2,1,3.000000,3,1.250000e-01,
ESR1->-EGFR ESR1->-GATA3 GATA3->-EGFR,3,3,2.000000,2,2.777778e-02,
ASXL1->-PIK3CA,2,1,3.000000,3,6.406250e-01,
TP53->-BBC3,2,1,3.000000,3,5.250000e-02,
CBFB->-CDKN1B,2,1,3.000000,3,1.250000e-01,
GATA3->-NF1,2,1,3.000000,3,2.277778e-01,
CDH1->-DNMT3B,2,1,3.000000,3,2.500000e-01,
CDH1->-DNMT3B CDH1->-PIK3CA PIK3CA->-DNMT3B,3,3,2.000000,2,2.777778e-02,
IGF1R->-GATA3 PIK3CA->-GATA3 PIK3CA->-IGF1R,3,3,3.000000,3,2.605920e-03,
TP53->-SOX9,2,1,3.000000,3,6.041667e-01,
SOX9->-PTCH1 TP53->-PTCH1 TP53->-SOX9,3,3,2.000000,2,2.777778e-02,
NF1->-APC,2,1,3.000000,3,3.943739e-01,
PIK3CA->-PAK1,2,1,3.000000,3,6.042885e-02,
PIK3CA->-PAK1 PIK3CA->-TP53 TP53->-PAK1,3,3,2.000000,2,5.855120e-03,
PIK3CA->-ARID1B,2,1,3.000000,3,8.128447e-01,
ARID1A->-MYC,2,1,3.000000,3,2.250000e-01,
PIK3CA->-ASXL1,2,1,3.000000,3,6.406250e-01,
ARID1A->-APC,2,1,3.000000,3,3.110119e-01,
ERBB2->-PTCH1,2,1,3.000000,3,1.250000e-01,
CDH1->-PTCH1 ERBB2->-CDH1 ERBB2->-PTCH1,3,3,2.000000,2,7.407407e-02,
ERBB2->-PIK3CA ERBB2->-PTCH1 PIK3CA->-PTCH1,3,3,2.000000,2,2.777778e-02,
ERBB2->-KMT2C ERBB2->-PTCH1 KMT2C->-PTCH1,3,3,2.000000,2,2.777778e-02,
IRS2->-PIK3CA,2,1,3.000000,3,2.208333e-01,
PIK3CA->-SOX17,2,1,3.000000,3,2.602041e-01,
ARID1A-/-ESR1,2,1,3.000000,3,1.387394e-01,
TP53->-FLT1,2,1,3.000000,3,1.133041e-01,
CDH1->-NOTCH2,2,1,3.000000,3,8.685662e-02,
TET2->-PIK3CA,2,1,3.000000,3,8.973090e-01,
CBFB->-PTEN,2,1,3.000000,3,3.125000e-01,
NOTCH2->-SPEN,2,1,3.000000,3,6.666667e-02,
TP53->-SMO,2,1,3.000000,3,3.444787e-01,
PIK3CA->-BRAF,2,1,3.000000,3,5.000000e-01,
PIK3CA->-STK11,2,1,3.000000,3,9.077436e-01,
TP53->-EIF4A2,2,1,3.000000,3,2.375000e-01,
CDH1->-CDKN2A,2,1,3.000000,3,1.250000e-01,
KMT2C->-STAT5B,2,1,3.000000,3,3.789662e-02,
CDH1->-MSH2,2,1,3.000000,3,1.240809e-01,
PTCH1->-KMT2A,2,1,3.000000,3,2.650806e-01,
PIK3CA->-KMT2A PIK3CA->-PTCH1 PTCH1->-KMT2A,3,3,2.000000,2,5.555556e-02,
TP53->-ERCC4,2,1,3.000000,3,1.443452e-01,
TP53->-ERG,2,1,3.000000,3,8.611111e-02,
PIK3CA->-SMARCD1,2,1,3.000000,3,1.000000e-01,
CTCF->-GATA3,2,1,3.000000,3,3.125000e-01,
RB1->-KMT2C,2,1,3.000000,3,5.084413e-01,
KMT2C->-PIK3CA RB1->-KMT2C RB1->-PIK3CA,3,3,2.000000,2,7.407407e-02,
FOXP1->-PIK3CA,2,1,3.000000,3,7.375274e-01,
TP53->-RAD54L,2,1,3.000000,3,8.761905e-02,
ATRX->-FLT4,2,1,3.000000,3,9.791667e-02,
CTCF->-MAP3K1,2,1,3.000000,3,4.593750e-01,
AKT1->-GPS2,2,1,3.000000,3,1.041667e-01,
KMT2A->-PIK3CA,2,1,3.000000,3,9.906690e-01,
KMT2A->-MAP3K1,2,1,3.000000,3,3.703083e-01,
TP53->-CSF1R,2,1,3.000000,3,1.083333e-01,
ARID1A->-DDR2,2,1,3.000000,3,5.027473e-02,
ARID1A->-DDR2 ARID1A->-FAT1 FAT1->-DDR2,3,3,2.000000,2,1.289683e-02,
YES1->-PARP1,2,1,3.000000,3,6.521962e-02,
PIK3CA->-PARP1 PIK3CA->-YES1 YES1->-PARP1,3,3,2.000000,2,1.756066e-02,
TP53->-PARP1 TP53->-YES1 YES1->-PARP1,3,3,2.000000,2,1.756066e-02,
MGA->-KMT2A,2,1,3.000000,3,1.791958e-01,
PTEN->-PIK3CD,2,1,3.000000,3,8.939842e-02,
PIK3CG->-SETD2,2,1,3.000000,3,6.730769e-02,
KMT2A->-SETD2 PIK3CA->-KMT2A PIK3CA->-PIK3CG PIK3CA->-SETD2 PIK3CG->-KMT2A PIK3CG->-SETD2,4,6,2.000000,2,8.512170e-04,
KMT2A->-MED12 PIK3CA->-KMT2A PIK3CA->-MED12 PIK3CA->-PIK3CG PIK3CG->-KMT2A PIK3CG->-MED12,4,6,2.000000,2,8.512170e-04,
KMT2A->-SETD2,2,1,3.000000,3,9.423077e-02,
FOXA1->-KMT2A,2,1,3.000000,3,9.423077e-02,
FOXA1->-KMT2A FOXA1->-PIK3CA PIK3CA->-KMT2A,3,3,2.000000,2,5.555556e-02,
KMT2A->-MED12,2,1,3.000000,3,2.294643e-01,
PTEN->-NBN,2,1,3.000000,3,9.423077e-02,
PTEN->-NBN TP53->-NBN TP53->-PTEN,3,3,2.000000,2,2.777778e-02,
KMT2D->-PTPRT PIK3CA->-KMT2D PIK3CA->-PTPRT PIK3CA->-TP53 TP53->-KMT2D TP53->-PTPRT,4,6,3.000000,3,2.286309e-04,
PIK3CA->-FGFR1,2,1,3.000000,3,2.500000e-01,
ATR->-ALK,2,1,3.000000,3,9.166667e-02,
ATR->-ALK TP53->-ALK TP53->-ATR,3,3,2.000000,2,2.777778e-02,
MAP2K4->-FOXP1,2,1,3.000000,3,8.750000e-02,
AKT1->-ESR1,2,1,3.000000,3,2.604167e-01,
ARID1A->-TP53,2,1,3.000000,3,9.997974e-01,
ARID1A->-ARID5B,2,1,3.000000,3,1.250000e-01,
ARID1A->-ARID5B ARID1A->-TP53 TP53->-ARID5B,3,3,2.000000,2,2.777778e-02,
ESR1->-ERBB4,2,1,3.000000,3,3.125000e-01,
TP53->-MYCN,2,1,3.000000,3,6.250000e-02,
BRCA1->-GATA2,2,1,3.000000,3,1.250000e-01,
BRCA1->-GATA2 TP53->-BRCA1 TP53->-GATA2,3,3,2.000000,2,7.407407e-02,
TP53->-SYK,2,1,3.000000,3,3.125000e-01,
CDH1->-NOTCH1,2,1,3.000000,3,5.000000e-01,
CDH1->-PIK3C2G,2,1,3.000000,3,2.991453e-01,
CDH1->-PIK3C2G CDH1->-PIK3CA PIK3CA->-PIK3C2G,3,3,2.000000,2,7.407407e-02,
PBRM1->-TP53,2,1,3.000000,3,7.533712e-01,
TP53->-KDM5C,2,1,3.000000,3,5.991275e-01,
ARID1B->-NF1,2,1,3.000000,3,1.160969e-01,
ARID1B->-NF1 PTEN->-ARID1B PTEN->-NF1,3,3,2.000000,2,2.469136e-02,
ARID1B->-KMT2C ARID1B->-NF1 ARID1B->-TSC2 CDH1->-ARID1B CDH1->-KMT2C CDH1->-NF1 CDH1->-TSC2 KMT2C->-NF1 KMT2C->-TSC2 NF1->-TSC2,5,10,2.000000,2,3.832056e-04,
ARID1B->-PTPRS ARID1B->-TSC2 CDH1->-ARID1B CDH1->-PTPRS CDH1->-TSC2 PTPRS->-TSC2,4,6,2.000000,2,1.478909e-03,
SMAD4->-TP53,2,1,3.000000,3,4.169643e-01,
GATA3->-FAT1,2,1,3.000000,3,6.118260e-01,
TP53->-SH2B3,2,1,3.000000,3,2.500000e-01,
FAT1->-TP53,2,1,3.000000,3,9.995055e-01,
STAG2->-TP53,2,1,3.000000,3,9.933768e-01,
TP53->-RET,2,1,3.000000,3,1.026786e-01,
KRAS->-KMT2C,2,1,3.000000,3,2.681650e-01,
PIK3CA->-ARAF,2,1,3.000000,3,3.724384e-01,
PIK3CA->-ARAF PIK3CA->-TP53 TP53->-ARAF,3,3,2.000000,2,6.681191e-02,
PIK3CA->-SOX2,2,1,3.000000,3,5.036630e-02,
CDKN1B->-MAP3K1,2,1,3.000000,3,7.023237e-01,
CDKN1B->-BAP1 CDKN1B->-MAP3K1 MAP3K1->-BAP1 PIK3CA->-BAP1 PIK3CA->-CDKN1B PIK3CA->-MAP3K1,4,6,2.000000,2,1.736111e-03,
PIK3CA->-KLF4,2,1,3.000000,3,5.000000e-01,
CDH1->-EPHA5,2,1,3.000000,3,8.333333e-02,
PTEN->-ARID2,2,1,3.000000,3,1.240079e-01,
PTEN->-ARID2 TP53->-ARID2 TP53->-PTEN,3,3,2.000000,2,7.301418e-02,
EPHA5->-ARID2 EPHA5->-ROS1 ROS1->-ARID2,3,3,2.000000,2,2.714184e-02,
ATRX->-ARID2 EPHA5->-ARID2 EPHA5->-ATRX,3,3,2.000000,2,2.714184e-02,
ATRX->-ARID2 TP53->-ARID2 TP53->-ATRX,3,3,2.000000,2,2.714184e-02,
MAP3K1->-ARID2 PTEN->-ARID2 PTEN->-MAP3K1,3,3,2.000000,2,2.777778e-02,
EPCAM->-ARID2 PTEN->-ARID2 PTEN->-EPCAM,3,3,2.000000,2,2.777778e-02,
EPCAM->-ARID2 TP53->-ARID2 TP53->-EPCAM,3,3,2.000000,2,2.777778e-02,
TP53->-MEN1,2,1,3.000000,3,3.566502e-01,
KRAS->-PIK3CA,2,1,3.000000,3,8.360722e-01,
PIK3CA->-FUBP1,2,1,3.000000,3,9.544335e-02,
CDH1->-KDM5C,2,1,3.000000,3,1.250000e-01,
ARID1A->-FLT3,2,1,3.000000,3,4.767857e-01,
PIK3CA->-ABL1,2,1,3.000000,3,3.125000e-01,
CDH1->-BLM,2,1,3.000000,3,2.734375e-01,
CDH1->-BLM CDH1->-PIK3CA PIK3CA->-BLM,3,3,2.000000,2,5.438745e-02,
TP53->-MST1R,2,1,3.000000,3,1.571429e-01,
PTEN->-MST1R TP53->-MST1R TP53->-PTEN,3,3,2.000000,2,2.777778e-02,
KMT2D->-KMT2C,2,1,3.000000,3,6.919036e-01,
KMT2D->-TBX3,2,1,3.000000,3,1.250000e-01,
ERBB3->-TBX3,2,1,3.000000,3,5.333595e-01,
PTEN->-ZFHX3 TP53->-PTEN TP53->-ZFHX3,3,3,3.000000,3,4.014504e-03,
CDH1->-FLT4,2,1,3.000000,3,1.000000e-01,
RUNX1->-NCOR1,2,1,3.000000,3,8.554688e-01,
PIK3CA->-NCOR1 PIK3CA->-RUNX1 RUNX1->-NCOR1,3,3,2.000000,2,2.632245e-01,
TSC2->-KMT2D,2,1,3.000000,3,9.821429e-02,
TP53->-KMT2D TP53->-TSC2 TSC2->-KMT2D,3,3,2.000000,2,1.438492e-02,
NCOR1->-FLT4,2,1,3.000000,3,1.250000e-01,
NCOR1->-FLT4 PIK3CA->-FLT4 PIK3CA->-NCOR1,3,3,2.000000,2,2.777778e-02,
PIK3CA->-AURKA,2,1,3.000000,3,1.250000e-01,
PIK3CA->-AURKA TP53->-AURKA TP53->-PIK3CA,3,3,2.000000,2,7.407407e-02,
RB1->-TET1,2,1,3.000000,3,3.114035e-01,
PIK3CA->-RB1 PIK3CA->-TET1 RB1->-TET1,3,3,2.000000,2,7.326186e-02,
RB1->-TET1 TP53->-RB1 TP53->-TET1,3,3,2.000000,2,7.407407e-02,
NF1->-KMT2A,2,1,3.000000,3,3.125000e-01,
NF1->-KMT2A TP53->-KMT2A TP53->-NF1,3,3,2.000000,2,2.777778e-02,
NF1->-KMT2A PIK3CA->-KMT2A PIK3CA->-NF1,3,3,2.000000,2,2.777778e-02,
FAT1->-FLT4,2,1,3.000000,3,8.333333e-02,
FAT1->-FLT4 TP53->-FAT1 TP53->-FLT4,3,3,2.000000,2,6.944444e-03,
FAT1->-FLT4 PIK3CA->-FAT1 PIK3CA->-FLT4,3,3,2.000000,2,2.777778e-02,
FAT1->-NF1 PIK3CA->-FAT1 PIK3CA->-NF1,3,3,2.000000,2,7.407407e-02,
TP53->-AKT1,2,1,3.000000,3,9.998579e-01,
NOTCH4->-PIK3CA,2,1,3.000000,3,9.885996e-01,
TP53->-RAD21,2,1,3.000000,3,5.900206e-02,
CBFB->-ESR1,2,1,3.000000,3,2.937500e-01,
CBFB->-ESR1 CBFB->-PIK3CA PIK3CA->-ESR1,3,3,2.000000,2,1.944444e-02,
RHOA->-GATA3,2,1,3.000000,3,1.026786e-01,
CDH1->-GATA3 CDH1->-RHOA RHOA->-GATA3,3,3,2.000000,2,1.785714e-02,
PIK3CA->-GATA3 RHOA->-GATA3 RHOA->-PIK3CA,3,3,2.000000,2,5.753968e-02,
TP53->-FOXP1,2,1,3.000000,3,2.250000e-01,
PIK3CA->-NCOA3,2,1,3.000000,3,1.250000e-01,
MAP2K4->-APC,2,1,3.000000,3,6.333333e-02,
APC->-ATM,2,1,3.000000,3,6.818182e-02,
APC->-ATM APC->-PIK3CA PIK3CA->-ATM,3,3,2.000000,2,3.900112e-02,
ARID1A->-NCOR1 PIK3CA->-ARID1A PIK3CA->-NCOR1,3,3,3.000000,3,1.620370e-02,
SMAD4->-ESR1,2,1,3.000000,3,1.250000e-01,
SMAD4->-CDH1,2,1,3.000000,3,7.039373e-01,
PIK3CA->-RNF43,2,1,3.000000,3,2.164738e-01,
PIK3CA->-SDHB,2,1,3.000000,3,2.367565e-01,
PIK3CA->-SDHB TP53->-PIK3CA TP53->-SDHB,3,3,2.000000,2,8.171790e-02,
CBFB->-KMT2C,2,1,3.000000,3,4.375000e-01,
CBFB->-KMT2C CBFB->-PIK3CA KMT2C->-PIK3CA,3,3,2.000000,2,1.480195e-01,
RAD52->-TP53,2,1,3.000000,3,3.042279e-01,
PIK3CA->-PPP2R1A,2,1,3.000000,3,6.093750e-01,
TP53->-HGF,2,1,3.000000,3,1.363169e-01,
PTEN->-BCOR,2,1,3.000000,3,1.240079e-01,
SPEN->-ATM,2,1,3.000000,3,5.123539e-01,
SPEN->-ATM SPEN->-TP53 TP53->-ATM,3,3,2.000000,2,6.481481e-02,
SPEN->-FAT1,2,1,3.000000,3,5.987812e-01,
KMT2C->-NOTCH3,2,1,3.000000,3,8.333333e-02,
AKT1->-TET2,2,1,3.000000,3,2.531250e-01,
AKT1->-TET2 AKT1->-TP53 TP53->-TET2,3,3,2.000000,2,7.407407e-02,
MGA->-KMT2D TP53->-KMT2D TP53->-MGA,3,3,3.000000,3,4.523640e-03,
MGA->-KMT2D PIK3CA->-KMT2D PIK3CA->-MGA,3,3,3.000000,3,4.523640e-03,
PIK3CA->-APC PIK3CA->-SPEN SPEN->-APC,3,3,3.000000,3,7.435466e-03,
PIK3CA->-APC PIK3CA->-SPEN PIK3CA->-TP53 SPEN->-APC TP53->-APC TP53->-SPEN,4,6,2.000000,2,1.736111e-03,
FGFR4->-KMT2D,2,1,3.000000,3,1.250000e-01,
PIK3CA->-ERCC5,2,1,3.000000,3,3.125000e-01,
TP53->-HIST3H3,2,1,3.000000,3,8.333333e-02,
BRCA1->-CREBBP,2,1,3.000000,3,3.125000e-01,
BRCA1->-CREBBP TP53->-BRCA1 TP53->-CREBBP,3,3,2.000000,2,7.407407e-02,
BRCA1->-PIK3CA,2,1,3.000000,3,8.561979e-01,
BRCA1->-PIK3CA TP53->-BRCA1 TP53->-PIK3CA,3,3,2.000000,2,8.613040e-02,
CDH1->-PIK3CA CREBBP->-CDH1 CREBBP->-PIK3CA,3,3,2.000000,2,3.079122e-01,
CREBBP->-CDH1,2,1,3.000000,3,9.475432e-01,
CDH1->-IKBKE,2,1,3.000000,3,1.250000e-01,
JAK1->-TP53,2,1,3.000000,3,8.329687e-01,
JAK1->-PIK3CA JAK1->-TP53 TP53->-PIK3CA,3,3,2.000000,2,7.407407e-02,
TP53->-ABL1,2,1,3.000000,3,3.476216e-01,
GATA3-/-TP53,2,1,3.000000,3,6.082792e-01,
CDH1->-GATA3 CDH1->-TP53 GATA3-/-TP53,3,3,2.000000,2,2.159197e-03,
NCOR1->-TBX3,2,1,3.000000,3,3.338474e-01,
CDH1->-TBX3 NCOR1->-CDH1 NCOR1->-TBX3,3,3,2.000000,2,1.785714e-02,
FAT1->-SPEN,2,1,3.000000,3,5.987812e-01,
CDH1->-IRF4,2,1,3.000000,3,1.250000e-01,
TET2->-SETD2 TP53->-SETD2 TP53->-TET2,3,3,3.000000,3,9.259259e-03,
MAP2K4->-TET2,2,1,3.000000,3,1.130952e-01,
CDH1->-TET2 MAP2K4->-CDH1 MAP2K4->-TET2,3,3,2.000000,2,2.258852e-02,
CDH1->-MTOR MAP2K4->-CDH1 MAP2K4->-MTOR,3,3,2.000000,2,2.258852e-02,
PIK3CA->-IKZF1,2,1,3.000000,3,7.408377e-01,
ARID1A->-KMT2D,2,1,3.000000,3,5.924107e-01,
ARID1A->-KMT2D PIK3CA->-ARID1A PIK3CA->-KMT2D,3,3,2.000000,2,7.301418e-02,
ROS1->-ARID1A,2,1,3.000000,3,2.776183e-01,
LATS1->-KMT2C,2,1,3.000000,3,2.579545e-01,
PIK3CA->-FGF4,2,1,3.000000,3,1.133041e-01,
ROS1->-KMT2D,2,1,3.000000,3,2.549107e-01,
PIK3CA->-TSC2,2,1,3.000000,3,7.455357e-01,
PIK3CA->-KMT2D PIK3CA->-TSC2 TSC2->-KMT2D,3,3,2.000000,2,2.777778e-02,
GATA3->-RICTOR,2,1,3.000000,3,4.250000e-01,
GATA3->-RICTOR TP53->-GATA3 TP53->-RICTOR,3,3,2.000000,2,2.777778e-02,
TP53->-IDH1,2,1,3.000000,3,6.338183e-02,
ASXL2->-PIK3CA,2,1,3.000000,3,6.084064e-01,
PIK3CA->-AXL,2,1,3.000000,3,5.798611e-01,
DDR2->-PIK3CA,2,1,3.000000,3,8.511905e-02,
KDM6A->-PIK3CA,2,1,3.000000,3,2.569636e-01,
ARID1B->-KMT2A,2,1,3.000000,3,1.250000e-01,
ARID1B->-KMT2A TP53->-ARID1B TP53->-KMT2A,3,3,2.000000,2,2.777778e-02,
ARID1B->-KMT2A ARID1B->-PIK3CA PIK3CA->-KMT2A,3,3,2.000000,2,2.777778e-02,
PIK3CA->-TRAF2,2,1,3.000000,3,2.935145e-01,
PIK3CA->-TP53 PIK3CA->-TRAF2 TP53->-TRAF2,3,3,2.000000,2,2.288430e-02,
ARID1B->-KMT2C,2,1,3.000000,3,1.109749e-01,
ARID1B->-KMT2C ARID1B->-PIK3CA KMT2C->-PIK3CA,3,3,2.000000,2,2.446895e-02,
ARID1B->-PTCH1,2,1,2.000000,2,2.389706e-01,
PIK3CA->-CDKN1A,2,1,3.000000,3,4.610119e-01,
PIK3CA->-CDKN1A PIK3CA->-TP53 TP53->-CDKN1A,3,3,2.000000,2,1.046971e-01,
TP53->-HIST1H1C,2,1,3.000000,3,1.830357e-01,
PBRM1->-ERBB3,2,1,3.000000,3,9.791667e-02,
AKT1->-CTCF,2,1,3.000000,3,2.375000e-01,
TBX3->-PTCH1,2,1,3.000000,3,1.250000e-01,
MAP3K1->-FAT1,2,1,3.000000,3,8.379121e-02,
TP53->-NFKBIA,2,1,3.000000,3,1.185897e-01,
CBFB->-SPEN,2,1,3.000000,3,1.250000e-01,
CBFB->-SPEN GATA3->-CBFB GATA3->-SPEN,3,3,2.000000,2,7.407407e-02,
TP53->-BLM,2,1,3.000000,3,2.426471e-01,
PTPRS->-TSC2,2,1,3.000000,3,1.160969e-01,
TP53->-PDGFRB,2,1,3.000000,3,1.890142e-01,
TP53->-PIK3CD,2,1,3.000000,3,1.185897e-01,
PTEN->-PIK3CD TP53->-PIK3CD TP53->-PTEN,3,3,2.000000,2,2.408702e-02,
PTEN->-ROS1,2,1,3.000000,3,3.110119e-01,
TP53->-PIK3R3,2,1,3.000000,3,8.750000e-02,
CDH1->-PIK3CA GPS2->-CDH1 GPS2->-PIK3CA,3,3,3.000000,3,1.404151e-02,
INPP4A->-ESR1,2,1,3.000000,3,3.125000e-01,
INPP4A->-ESR1 PIK3CA->-ESR1 PIK3CA->-INPP4A,3,3,2.000000,2,7.407407e-02,
TBX3->-ERBB2,2,1,3.000000,3,7.760646e-01,
CDH1->-ERBB2 TBX3->-CDH1 TBX3->-ERBB2,3,3,2.000000,2,1.212545e-01,
CDH1->-TSC2,2,1,3.000000,3,8.845476e-02,
FAT1->-PTEN,2,1,3.000000,3,5.785975e-01,
ERBB2->-ARID1A,2,1,3.000000,3,2.506868e-01,
GATA3->-ALK,2,1,3.000000,3,3.125000e-01,
PDGFRA->-PIK3CA,2,1,3.000000,3,7.153646e-01,
ERBB2->-ARID2,2,1,3.000000,3,8.379121e-02,
PIK3CA->-RAD54L,2,1,3.000000,3,2.892857e-01,
MAP3K1->-ERCC5,2,1,3.000000,3,4.250000e-01,
MAP3K1->-ERCC5 TP53->-ERCC5 TP53->-MAP3K1,3,3,2.000000,2,7.870370e-02,
CCNE1->-IGF1R PIK3CA->-CCNE1 PIK3CA->-IGF1R,3,3,2.000000,2,2.342048e-02,
CCNE1->-RICTOR PIK3CA->-CCNE1 PIK3CA->-RICTOR,3,3,2.000000,2,2.342048e-02,
ESR1->-DNMT3B,2,1,2.000000,2,4.766082e-01,
INHA->-PIK3CA,2,1,2.000000,2,2.266082e-01,
PIK3CA->-RAD51C,2,1,2.000000,2,7.214984e-01,
AMER1->-PIK3CA CASP8->-AMER1 CASP8->-PIK3CA,3,3,2.000000,2,1.532664e-02,
ARID1A->-IGF1R,2,1,2.000000,2,5.638102e-01,
ARID2->-IGF1R,2,1,2.000000,2,3.941906e-01,
ARID2->-FAT1,2,1,2.000000,2,5.355402e-01,
SETD2->-ATRX,2,1,2.000000,2,2.248097e-01,
ARID2->-CARD11 SETD2->-ARID2 SETD2->-CARD11,3,3,2.000000,2,2.288430e-02,
ARID1A->-CARD11 SETD2->-ARID1A SETD2->-CARD11,3,3,2.000000,2,2.288430e-02,
ARID1A->-DNMT3B,2,1,2.000000,2,6.699561e-01,
ESR1->-ARID2,2,1,2.000000,2,3.295804e-01,
TET1->-ARID2,2,1,2.000000,2,2.266082e-01,
ESR1->-TET1,2,1,2.000000,2,6.699561e-01,
ESR1->-LATS2,2,1,2.000000,2,3.259963e-01,
SETD2->-ESR1,2,1,2.000000,2,1.510721e-01,
SETD2->-LATS2,2,1,2.000000,2,3.932749e-01,
ESR1->-AMER1,2,1,2.000000,2,4.766082e-01,
NOTCH1->-IGF1R NOTCH1->-PIK3CA PIK3CA->-IGF1R,3,3,2.000000,2,5.677692e-03,
TET1->-PIK3CA,2,1,2.000000,2,9.543035e-01,
FAT1->-CARD11 TET1->-CARD11 TET1->-FAT1,3,3,2.000000,2,6.681191e-02,
TET1->-DNMT3B,2,1,2.000000,2,2.266082e-01,
NOTCH1->-LATS2,2,1,2.000000,2,8.093150e-02,
FAT1->-SETD2,2,1,2.000000,2,5.962998e-01,
FAT1->-DICER1,2,1,2.000000,2,2.500000e-01,
SETD2->-BRCA2,2,1,2.000000,2,5.000000e-01,
FGFR4->-PPP2R1A,2,1,2.000000,2,1.409091e-01,
MSH6->-PIK3CA,2,1,2.000000,2,8.906250e-01,
ATM->-MSH6,2,1,2.000000,2,2.500000e-01,
EP300->-MAP3K1,2,1,2.000000,2,2.500000e-01,
TP53->-RAB35,2,1,2.000000,2,2.500000e-01,
KDM5A->-PIK3CA,2,1,2.000000,2,7.648810e-01,
CDH1->-KDM5A,2,1,2.000000,2,1.246241e-01,
MEN1->-KMT2A,2,1,2.000000,2,1.547619e-01,
GATA3->-BRCA2,2,1,2.000000,2,6.642857e-01,
RECQL4->-TP53,2,1,2.000000,2,9.024397e-01,
TET1->-ARID1B,2,1,2.000000,2,2.500000e-01,
CDH1->-FOXA1 CDH1->-RUNX1 FOXA1->-RUNX1,3,3,2.000000,2,1.480195e-01,
PTPRD->-XPO1,2,1,2.000000,2,2.500000e-01,
ARID2->-PTPRD,2,1,2.000000,2,2.500000e-01,
ARID2->-KMT2C,2,1,2.000000,2,6.875000e-01,
TP53->-RYBP,2,1,2.000000,2,1.666667e-01,
SMO->-MEN1,2,1,2.000000,2,1.272578e-01,
SMO->-KMT2C,2,1,2.000000,2,1.272578e-01,
KMT2C->-CDK8,2,1,2.000000,2,1.666667e-01,
ARID1A->-DOT1L ARID1A->-FOXA1 DOT1L->-FOXA1,3,3,2.000000,2,8.730159e-03,
CDH1->-DOT1L CDH1->-PIK3CA PIK3CA->-DOT1L,3,3,2.000000,2,2.777778e-02,
FOXA1->-FH,2,1,2.000000,2,2.000000e-01,
CDH1->-EZH2 CDH1->-TP53 TP53->-EZH2,3,3,2.000000,2,2.777778e-02,
CDH1->-TSC1,2,1,2.000000,2,2.500000e-01,
SPOP->-MAP3K1,2,1,2.000000,2,6.875000e-01,
MAP3K1->-EGFR,2,1,2.000000,2,2.500000e-01,
AKT1->-EGFR,2,1,2.000000,2,2.500000e-01,
MAP3K1->-CBFB,2,1,2.000000,2,9.892578e-01,
AR->-ARID1A,2,1,2.000000,2,4.697802e-01,
MTOR->-DNMT1,2,1,2.000000,2,2.500000e-01,
CDH1->-NTRK2,2,1,2.000000,2,4.333333e-01,
PIK3CA->-XIAP,2,1,2.000000,2,2.500000e-01,
MAP3K1->-ERBB2,2,1,2.000000,2,8.798840e-01,
PIK3CA->-TGFBR1,2,1,2.000000,2,2.500000e-01,
MAP3K1->-TGFBR1,2,1,2.000000,2,2.500000e-01,
STAG2->-RICTOR,2,1,2.000000,2,1.897704e-01,
PIK3CA->-RICTOR PIK3CA->-SMO SMO->-RICTOR,3,3,2.000000,2,1.725258e-02,
NCOR1->-TSC1,2,1,2.000000,2,2.485380e-01,
NCOR1->-FGFR3,2,1,2.000000,2,2.485380e-01,
STAG2->-CHEK2,2,1,2.000000,2,4.985380e-01,
RB1->-FOXP1,2,1,2.000000,2,2.485380e-01,
PDCD1->-FOXP1,2,1,2.000000,2,2.485380e-01,
ASXL2->-FOXP1 PIK3CA->-ASXL2 PIK3CA->-FOXP1,3,3,2.000000,2,2.729045e-02,
PIK3CA->-TSC1,2,1,2.000000,2,4.751462e-01,
PDCD1->-RB1 PIK3CA->-PDCD1 PIK3CA->-RB1,3,3,2.000000,2,2.729045e-02,
PDCD1->-FAT1 PIK3CA->-FAT1 PIK3CA->-PDCD1,3,3,2.000000,2,2.729045e-02,
ASXL2->-RB1,2,1,2.000000,2,2.485380e-01,
STAG2->-TET1,2,1,2.000000,2,2.485380e-01,
STAG2->-HIST1H1C,2,1,2.000000,2,1.420217e-01,
FOXA1->-ERBB2,2,1,2.000000,2,8.854167e-01,
RUNX1->-MAP3K1,2,1,2.000000,2,7.708333e-01,
RUNX1->-BRCA2,2,1,2.000000,2,5.000000e-01,
ARID2->-IKZF1 ARID2->-PIK3CA IKZF1->-PIK3CA,3,3,2.000000,2,1.587302e-02,
NSD1->-PIK3CA TP53->-NSD1 TP53->-PIK3CA,3,3,2.000000,2,9.656085e-02,
ARID2->-NSD1,2,1,2.000000,2,4.404762e-01,
CDH1->-BCOR,2,1,2.000000,2,5.000000e-01,
CDKN2A->-KMT2C,2,1,2.000000,2,2.500000e-01,
TP53->-CHEK2,2,1,2.000000,2,7.184524e-01,
FBXW7->-PDGFRA,2,1,2.000000,2,2.500000e-01,
FBXW7->-SMARCA4,2,1,2.000000,2,2.500000e-01,
FGFR3->-PIK3CA,2,1,2.000000,2,7.908748e-01,
PIK3CA->-RAD21,2,1,2.000000,2,3.603175e-01,
FBXW7->-EPHA7,2,1,2.000000,2,2.500000e-01,
GATA3->-GRIN2A,2,1,2.000000,2,2.166667e-01,
ARID1A->-FGFR3,2,1,2.000000,2,2.166667e-01,
ARID1A->-MET,2,1,2.000000,2,2.166667e-01,
AKT1->-CD276,2,1,2.000000,2,1.666667e-01,
TP53->-FOXL2,2,1,2.000000,2,3.111111e-01,
CDH1->-KDR CDH1->-TP53 KDR->-TP53,3,3,2.000000,2,6.855937e-02,
CDH1->-FOXL2,2,1,2.000000,2,2.500000e-01,
AKT1->-EPHA7,2,1,2.000000,2,2.500000e-01,
ATM->-MDC1,2,1,2.000000,2,4.690476e-01,
TP53->-TOP1,2,1,2.000000,2,1.409091e-01,
LATS1->-ROS1,2,1,2.000000,2,5.000000e-01,
ROS1->-TSC2,2,1,2.000000,2,5.000000e-01,
CDH1->-IGF1R,2,1,2.000000,2,2.500000e-01,
KLF4->-GRIN2A,2,1,2.000000,2,2.500000e-01,
CDH1->-KLF4,2,1,2.000000,2,2.500000e-01,
ARID1A-/-PIK3CA,2,1,2.000000,2,6.233586e-01,
ATR->-RICTOR,2,1,2.000000,2,3.820632e-01,
PIK3CA-/-RICTOR,2,1,2.000000,2,6.006178e-01,
RFWD2-/-RICTOR,2,1,2.000000,2,5.563605e-02,
ATR-/-PIK3CA,2,1,2.000000,2,1.792464e-01,
MAP3K1->-RICTOR,2,1,2.000000,2,1.911765e-01,
RAD51C->-PIK3CA,2,1,2.000000,2,7.214984e-01,
MAP3K1->-RAD51C,2,1,2.000000,2,1.274510e-01,
EPHA7->-HIST1H3B,2,1,2.000000,2,1.911765e-01,
TCF7L2->-PIK3CA,2,1,2.000000,2,2.661223e-01,
ERBB3->-RFWD2 TP53->-ERBB3 TP53->-RFWD2,3,3,2.000000,2,1.613562e-02,
MAP3K1->-IRS1,2,1,2.000000,2,1.911765e-01,
MDC1->-HIST1H3B,2,1,2.000000,2,1.911765e-01,
TP53->-HIST1H3I,2,1,2.000000,2,2.125850e-01,
PTEN->-AR,2,1,2.000000,2,2.142857e-01,
PTEN->-NOTCH2,2,1,2.000000,2,2.142857e-01,
ATM-/-NOTCH2 TP53->-ATM TP53->-NOTCH2,3,3,2.000000,2,1.071429e-02,
PIK3CA->-H3F3B,2,1,2.000000,2,2.500000e-01,
TP53->-ZRSR2,2,1,2.000000,2,3.954545e-01,
PIK3CA->-CREBBP PIK3CA->-PLK2 PLK2->-CREBBP,3,3,2.000000,2,5.704555e-02,
TP53->-AMER1,2,1,2.000000,2,4.513158e-01,
ESR1->-CREBBP,2,1,2.000000,2,2.500000e-01,
NOTCH2->-CREBBP TP53->-CREBBP TP53->-NOTCH2,3,3,2.000000,2,1.388889e-02,
MAP2K1->-ESR1,2,1,2.000000,2,2.500000e-01,
MET->-ESR1,2,1,2.000000,2,2.500000e-01,
PIK3CA->-PMS2,2,1,2.000000,2,1.944444e-01,
MTOR->-NOTCH4,2,1,2.000000,2,1.944444e-01,
CDKN2A->-NOTCH4 PIK3CA->-CDKN2A PIK3CA->-NOTCH4,3,3,2.000000,2,1.455026e-02,
CDKN2A->-EP300,2,1,2.000000,2,1.944444e-01,
CCNE1->-ESR1 CCNE1->-MAP3K1 ESR1->-MAP3K1,3,3,2.000000,2,2.777778e-02,
ALK->-MAP3K1,2,1,2.000000,2,6.238889e-01,
ESR1->-JAK1,2,1,2.000000,2,5.000000e-01,
MAP3K1->-JAK1,2,1,2.000000,2,3.708791e-01,
MEN1->-MAP3K1,2,1,2.000000,2,7.152778e-01,
ERBB3->-NUP93,2,1,2.000000,2,1.428571e-01,
ERBB3->-ARID1A MAP3K1->-ARID1A MAP3K1->-ERBB3,3,3,2.000000,2,1.289683e-02,
FLT3->-SPEN GATA3->-FLT3 GATA3->-SPEN STAG2->-FLT3 STAG2->-GATA3 STAG2->-SPEN,4,6,2.000000,2,9.424603e-04,
PIK3CA->-NUP93 PIK3CA->-SPEN SPEN->-NUP93,3,3,2.000000,2,2.777778e-02,
ATM->-NUP93,2,1,2.000000,2,2.500000e-01,
FLT3->-EGFR,2,1,2.000000,2,2.500000e-01,
ATM->-EGFR,2,1,2.000000,2,2.500000e-01,
KMT2C->-EGFR,2,1,2.000000,2,4.166667e-01,
ATM->-FLT3,2,1,2.000000,2,2.500000e-01,
CHEK2->-FLT3,2,1,2.000000,2,2.190476e-01,
MYC->-PIK3CA,2,1,2.000000,2,6.000000e-01,
GATA3->-HIST1H3F,2,1,2.000000,2,2.500000e-01,
ATM->-CHEK2,2,1,2.000000,2,2.500000e-01,
MAP3K1->-ATM,2,1,2.000000,2,7.281294e-01,
KMT2C->-MYC,2,1,2.000000,2,2.500000e-01,
CDH1->-MPL,2,1,2.000000,2,2.321937e-01,
CDH1->-CSF1R,2,1,2.000000,2,2.500000e-01,
CIC->-ARID1A,2,1,2.000000,2,4.000000e-01,
PIK3CA->-TP53 SMARCA4->-PIK3CA SMARCA4->-TP53,3,3,2.000000,2,1.626962e-01,
SMARCA4->-ATR,2,1,2.000000,2,2.480159e-01,
ABL1->-TP53,2,1,2.000000,2,6.964693e-01,
ATR->-TP53,2,1,2.000000,2,9.993370e-01,
RAD54L->-KMT2C,2,1,2.000000,2,5.000000e-01,
TSC2->-TP53,2,1,2.000000,2,9.839525e-01,
TBX3->-TSC2,2,1,2.000000,2,2.500000e-01,
ROS1->-TP53 TBX3->-ROS1 TBX3->-TP53,3,3,2.000000,2,5.753968e-02,
KMT2C->-KDM5C,2,1,2.000000,2,4.333333e-01,
KMT2C->-RAD50,2,1,2.000000,2,3.575365e-01,
TBX3->-ESR1,2,1,2.000000,2,6.256868e-01,
ANKRD11->-BRCA2,2,1,2.000000,2,4.690476e-01,
ANKRD11->-CDH1,2,1,2.000000,2,8.543103e-01,
TBX3->-PIK3CG,2,1,2.000000,2,2.013158e-01,
EPHB1->-KDM5A TP53->-EPHB1 TP53->-KDM5A,3,3,2.000000,2,1.881092e-02,
TBX3->-KDM5A,2,1,2.000000,2,2.013158e-01,
ABL1->-JAK3 CDH1->-ABL1 CDH1->-JAK3,3,3,2.000000,2,1.881092e-02,
CDH1->-FLT3 CDH1->-JAK3 FLT3->-JAK3,3,3,2.000000,2,1.881092e-02,
FLT3->-PTPRS,2,1,2.000000,2,2.013158e-01,
DDR2->-PIK3CG,2,1,2.000000,2,1.869361e-01,
MAP2K4->-DDR2,2,1,2.000000,2,2.013158e-01,
FAT1->-DDR2 TBX3->-DDR2 TBX3->-FAT1,3,3,2.000000,2,8.733640e-03,
TBX3->-PTPRS,2,1,2.000000,2,2.013158e-01,
PIK3CG->-JAK3 PTEN->-JAK3 PTEN->-PIK3CG,3,3,2.000000,2,1.128655e-02,
PTEN->-CDK12,2,1,2.000000,2,1.517611e-01,
PTEN->-FOXA1,2,1,2.000000,2,6.690628e-01,
CDH1->-FOXA1 CDH1->-PIK3CG PIK3CG->-FOXA1,3,3,2.000000,2,1.881092e-02,
MAP2K4->-EPHB1,2,1,2.000000,2,1.821429e-01,
FAT1->-ATRX PTEN->-ATRX PTEN->-FAT1,3,3,2.000000,2,1.881092e-02,
FAT1->-ATRX TP53->-ATRX TP53->-FAT1,3,3,2.000000,2,1.881092e-02,
AMER1->-JAK3,2,1,2.000000,2,1.592105e-01,
CDK12->-AMER1,2,1,2.000000,2,9.733950e-02,
CDK12->-FOXA1,2,1,2.000000,2,3.897773e-01,
CDK12->-TBX3,2,1,2.000000,2,2.013158e-01,
MAP2K4->-FOXA1,2,1,2.000000,2,4.513158e-01,
TBX3->-MAP2K4,2,1,2.000000,2,4.513158e-01,
SDHB->-INPP4B,2,1,2.000000,2,2.057802e-01,
NF1->-HIST1H3B,2,1,2.000000,2,2.152778e-01,
ATM->-PLK2 PIK3CA->-ATM PIK3CA->-PLK2,3,3,2.000000,2,1.666667e-02,
TP53->-WT1,2,1,2.000000,2,4.045455e-01,
PIK3CA->-MAP3K13,2,1,2.000000,2,6.431650e-01,
PIK3CA->-H3F3C,2,1,2.000000,2,5.000000e-01,
CDH1->-CTCF CDH1->-ERBB3 ERBB3->-CTCF,3,3,2.000000,2,6.944444e-03,
BRCA2->-TERT TP53->-BRCA2 TP53->-TERT,3,3,2.000000,2,2.777778e-02,
PLK2->-KMT2D,2,1,2.000000,2,2.500000e-01,
STK11->-KMT2D TP53->-KMT2D TP53->-STK11,3,3,2.000000,2,6.855937e-02,
CDKN2A->-KMT2D TP53->-CDKN2A TP53->-KMT2D,3,3,2.000000,2,2.777778e-02,
PPM1D->-ANKRD11,2,1,2.000000,2,1.015873e-01,
LATS1->-GLI1,2,1,2.000000,2,2.013889e-01,
PIK3CA->-CREBBP PIK3CA->-PTPRD PTPRD->-CREBBP,3,3,2.000000,2,1.170711e-02,
PIK3CA->-LATS1,2,1,2.000000,2,6.510417e-01,
DICER1->-PTCH1,2,1,2.000000,2,1.884615e-01,
DNMT3A->-TP53,2,1,2.000000,2,9.544210e-01,
BRCA2->-TET2,2,1,2.000000,2,2.272727e-01,
CIC->-ARID1B,2,1,2.000000,2,2.272727e-01,
ARID1B->-ATR,2,1,2.000000,2,2.272727e-01,
BLM->-ARID1B,2,1,2.000000,2,2.172460e-01,
ARID2->-ALK,2,1,2.000000,2,5.416667e-01,
PIK3CA->-CDC73,2,1,2.000000,2,6.101190e-01,
PTEN->-CREBBP,2,1,2.000000,2,2.500000e-01,
ATRX->-CREBBP,2,1,2.000000,2,2.500000e-01,
TP53->-SOS1,2,1,2.000000,2,1.500000e-01,
NCOR1->-IRS2,2,1,2.000000,2,5.000000e-01,
NCOR1->-AXIN1,2,1,2.000000,2,2.500000e-01,
NCOR1->-RASA1,2,1,2.000000,2,2.500000e-01,
PTEN->-CARD11 TP53->-CARD11 TP53->-PTEN,3,3,2.000000,2,2.714184e-02,
PTEN->-RASA1,2,1,2.000000,2,2.500000e-01,
IRS2->-AXIN1,2,1,2.000000,2,1.708333e-01,
PIK3CA->-CDK4,2,1,2.000000,2,2.500000e-01,
FOXA1->-PIK3CG PIK3CA->-FOXA1 PIK3CA->-PIK3CG,3,3,2.000000,2,5.555556e-02,
PIK3CA->-ERCC2,2,1,2.000000,2,5.000000e-01,
SPOP->-NF1,2,1,2.000000,2,2.500000e-01,
TP53->-SPOP,2,1,2.000000,2,2.500000e-01,
NF1->-PRDM1,2,1,2.000000,2,1.833333e-01,
NF1->-ERCC5 TP53->-ERCC5 TP53->-NF1,3,3,2.000000,2,2.777778e-02,
ATR->-NSD1,2,1,2.000000,2,2.500000e-01,
MED12->-FGFR4,2,1,2.000000,2,4.384615e-01,
MAP3K1->-FGFR4 PTEN->-FGFR4 PTEN->-MAP3K1,3,3,2.000000,2,1.666667e-02,
ERCC5->-MAP3K1 TP53->-ERCC5 TP53->-MAP3K1,3,3,2.000000,2,7.870370e-02,
ERCC5->-FGFR4 TP53->-ERCC5 TP53->-FGFR4,3,3,2.000000,2,2.777778e-02,
RUNX1->-CDKN1B,2,1,2.000000,2,2.500000e-01,
TP53->-PAX5,2,1,2.000000,2,1.500000e-01,
ARID1A-/-PTPRD TP53->-ARID1A TP53->-PTPRD,3,3,2.000000,2,1.400673e-02,
NF1->-CTCF,2,1,2.000000,2,2.500000e-01,
NF1->-PIK3R1 NF1->-PTEN PTEN->-PIK3R1,3,3,2.000000,2,1.179962e-01,
PIK3CA->-GLI1 TBX3->-GLI1 TBX3->-PIK3CA,3,3,2.000000,2,2.190171e-02,
CDH1->-GLI1 CDH1->-PIK3CA PIK3CA->-GLI1,3,3,2.000000,2,2.190171e-02,
TBX3->-AR,2,1,2.000000,2,2.197802e-01,
ARID1A->-GLI1,2,1,2.000000,2,4.677961e-01,
CREBBP->-AR,2,1,2.000000,2,2.197802e-01,
BRCA2->-AR,2,1,2.000000,2,2.197802e-01,
CDH1->-PIK3C3 CDH1->-PIK3CA PIK3CA->-PIK3C3,3,3,2.000000,2,1.251526e-02,
TBX3->-CREBBP,2,1,2.000000,2,1.465201e-01,
CREBBP-/-RFWD2 PIK3CA-/-RFWD2 PIK3CA->-CREBBP,3,3,2.000000,2,1.433524e-03,
KMT2C-/-RFWD2 PIK3CA-/-RFWD2 PIK3CA->-KMT2C,3,3,2.000000,2,1.433524e-03,
PIK3CA->-STAT5A,2,1,2.000000,2,1.904762e-01,
ARID1A->-TBX3,2,1,2.000000,2,7.263408e-01,
CDH1->-RASA1 CDH1->-TBX3 TBX3->-RASA1,3,3,2.000000,2,2.190171e-02,
ARID1A->-RFWD2,2,1,2.000000,2,2.197802e-01,
CDH1->-RASA1 CDH1->-RECQL4 RASA1->-RECQL4,3,3,2.000000,2,2.141858e-02,
BRAF->-PIK3CA,2,1,2.000000,2,8.125000e-01,
TP53->-ERCC3,2,1,2.000000,2,1.333333e-01,
PIK3CA->-PARK2,2,1,2.000000,2,6.160714e-01,
KLF4->-PIK3CA,2,1,2.000000,2,8.125000e-01,
PTEN->-ASXL1,2,1,2.000000,2,2.500000e-01,
ATM->-TP53,2,1,2.000000,2,9.901024e-01,
TBX3-/-TP53,2,1,2.000000,2,5.203291e-01,
KMT2C->-FOXA1,2,1,2.000000,2,8.371591e-01,
RB1->-FOXA1 RB1->-TP53 TP53->-FOXA1,3,3,2.000000,2,1.010101e-02,
ATM->-FOXA1,2,1,2.000000,2,4.202670e-01,
RB1->-NCOR1,2,1,2.000000,2,8.602339e-01,
ATM->-NCOR1,2,1,2.000000,2,4.045455e-01,
KMT2C->-WT1,2,1,2.000000,2,1.545455e-01,
KMT2C->-RB1,2,1,2.000000,2,8.077491e-01,
CDH1->-CHEK2,2,1,2.000000,2,5.000000e-01,
ERBB2->-FANCA,2,1,2.000000,2,1.117216e-01,
GATA3->-MST1,2,1,2.000000,2,1.333333e-01,
TSC1->-TP53,2,1,2.000000,2,9.068196e-01,
MED12-/-PIK3R1 TP53->-MED12 TP53->-PIK3R1,3,3,2.000000,2,2.208050e-02,
TSC1->-KDM6A,2,1,2.000000,2,1.834447e-01,
PBRM1->-ERBB2,2,1,2.000000,2,2.500000e-01,
RB1->-AXIN1 TP53->-AXIN1 TP53->-RB1,3,3,2.000000,2,2.777778e-02,
RB1->-FBXW7 TP53->-FBXW7 TP53->-RB1,3,3,2.000000,2,2.222222e-02,
CDH1->-AXIN1,2,1,2.000000,2,4.500000e-01,
CDH1->-SOX17 CDH1->-TP53 TP53->-SOX17,3,3,2.000000,2,2.777778e-02,
NF1->-PTPRD NF1->-TP53 TP53->-PTPRD,3,3,2.000000,2,1.388889e-02,
NF1->-EPHA7,2,1,2.000000,2,4.205128e-01,
RNF43->-ERBB2,2,1,2.000000,2,2.500000e-01,
CDH1->-NUP93,2,1,2.000000,2,1.428571e-01,
PIK3CB->-PIK3CA,2,1,2.000000,2,8.529762e-01,
BRCA1->-GATA3 PIK3CA->-BRCA1 PIK3CA->-GATA3,3,3,2.000000,2,1.480195e-01,
ESR1-/-GATA3,2,1,2.000000,2,1.477778e-01,
ESR1->-ALOX12B,2,1,2.000000,2,2.500000e-01,
PTEN->-ESR1,2,1,2.000000,2,5.000000e-01,
ESR1->-ARID1B,2,1,2.000000,2,1.333333e-01,
CDH1->-ALOX12B,2,1,2.000000,2,2.500000e-01,
CDH1->-PTEN CDH1->-RHOA PTEN->-RHOA,3,3,2.000000,2,2.777778e-02,
MAP2K4->-FAM175A TP53->-FAM175A TP53->-MAP2K4,3,3,2.000000,2,6.481481e-03,
CDK12-/-MAP2K4,2,1,2.000000,2,1.927836e-01,
MAP2K4->-BRCA2 TP53->-BRCA2 TP53->-MAP2K4,3,3,2.000000,2,9.259259e-03,
MAP2K4->-ERCC5 TP53->-ERCC5 TP53->-MAP2K4,3,3,2.000000,2,9.259259e-03,
ATR->-PAK7 CDH1->-ATR CDH1->-PAK7,3,3,2.000000,2,9.259259e-03,
PIK3CA->-FGFR4,2,1,2.000000,2,9.407919e-01,
MAP2K4->-GPS2,2,1,2.000000,2,4.428571e-01,
ATM->-RICTOR,2,1,2.000000,2,2.166667e-01,
PIK3CA->-KMT2C PIK3CA->-RICTOR RICTOR->-KMT2C,3,3,2.000000,2,1.273148e-02,
ATM->-RPS6KB2,2,1,2.000000,2,2.166667e-01,
FAT1->-KMT2C,2,1,2.000000,2,9.681495e-01,
MSH2->-KMT2C,2,1,2.000000,2,4.648284e-01,
TP53->-LATS2,2,1,2.000000,2,6.026786e-01,
GATA3->-MAP2K4,2,1,2.000000,2,9.651649e-01,
TBX3->-MED12,2,1,2.000000,2,2.053571e-01,
GATA3->-CDH1,2,1,2.000000,2,9.953606e-01,
PTPRS->-SETD2,2,1,2.000000,2,1.500000e-01,
TP53->-CD79A,2,1,2.000000,2,1.133787e-01,
KMT2D->-RB1 TP53->-KMT2D TP53->-RB1,3,3,2.000000,2,6.646099e-02,
CREBBP->-RB1,2,1,2.000000,2,2.380952e-01,
CREBBP->-DNMT3B,2,1,2.000000,2,2.380952e-01,
PIK3CA->-RAC1,2,1,2.000000,2,1.166667e-01,
PIK3CA->-TCF3,2,1,2.000000,2,2.083333e-01,
KLF4->-TP53,2,1,2.000000,2,8.496528e-01,
BRCA2->-PBRM1,2,1,2.000000,2,1.750000e-01,
GATA3->-JAK1,2,1,2.000000,2,2.500000e-01,
CIC->-KMT2D,2,1,2.000000,2,4.000000e-01,
PIK3R1->-KMT2C,2,1,2.000000,2,8.035969e-01,
ERBB2->-TP63,2,1,2.000000,2,2.500000e-01,
CDH1->-TP63,2,1,2.000000,2,2.500000e-01,
MED12->-MGA TP53->-MED12 TP53->-MGA,3,3,2.000000,2,1.041667e-02,
PIK3R1->-MGA,2,1,2.000000,2,1.666667e-01,
MGA->-ROS1,2,1,2.000000,2,3.769040e-01,
PIK3R1->-MED12,2,1,2.000000,2,6.958413e-01,
PIK3R1->-ARID2,2,1,2.000000,2,1.666667e-01,
PIK3R1->-ROS1,2,1,2.000000,2,3.690476e-01,
NOTCH4->-ARID2 TP53->-ARID2 TP53->-NOTCH4,3,3,2.000000,2,1.041667e-02,
PIK3CA->-FLT1 PIK3CA->-SPEN SPEN->-FLT1,3,3,2.000000,2,2.777778e-02,
PIK3CA->-POLE PIK3CA->-SPEN SPEN->-POLE,3,3,2.000000,2,2.777778e-02,
ARID1A->-FLT1,2,1,2.000000,2,1.772727e-01,
FLT1->-MAP3K1,2,1,2.000000,2,4.766082e-01,
FBXW7->-TP53,2,1,2.000000,2,9.971628e-01,
FBXW7->-FLT4,2,1,2.000000,2,2.500000e-01,
KDM5C->-ARID1A,2,1,2.000000,2,6.642857e-01,
CARD11->-ARID1A,2,1,2.000000,2,7.376546e-01,
FLT3-/-PIK3CB,2,1,2.000000,2,3.920635e-02,
FLT3-/-PIK3C2G,2,1,2.000000,2,3.920635e-02,
ARID1A->-ASXL1,2,1,2.000000,2,2.190476e-01,
ASXL1->-SRC,2,1,2.000000,2,2.190476e-01,
CHEK2->-PIK3CB,2,1,2.000000,2,1.251701e-01,
ARID1A->-PIK3CB BRCA2->-ARID1A BRCA2->-PIK3CB,3,3,2.000000,2,2.222222e-02,
POLE->-PIK3CB,2,1,2.000000,2,3.898810e-01,
GATA3->-PIK3C2G,2,1,2.000000,2,2.190476e-01,
BRCA2->-KDM6A,2,1,2.000000,2,1.985519e-01,
TP53->-MSH2,2,1,2.000000,2,2.083333e-01,
KMT2D->-XPO1,2,1,2.000000,2,2.083333e-01,
KMT2D->-INPP4B,2,1,2.000000,2,1.991422e-01,
KMT2D->-ARID1B,2,1,2.000000,2,1.991422e-01,
KMT2D->-HNF1A,2,1,2.000000,2,2.066799e-01,
ATRX->-HNF1A TP53->-ATRX TP53->-HNF1A,3,3,2.000000,2,5.178341e-02,
RUNX1->-ERBB2,2,1,2.000000,2,9.218750e-01,
STAT3->-PIK3CA,2,1,2.000000,2,2.500000e-01,
PIK3CA->-MAP2K1,2,1,2.000000,2,3.916667e-01,
PIK3CA->-CUL3,2,1,2.000000,2,4.583333e-01,
MEN1->-ESR1,2,1,2.000000,2,2.261905e-01,
CDH1->-BRAF,2,1,2.000000,2,2.500000e-01,
HIST1H3G->-PIK3CA,2,1,2.000000,2,5.000000e-01,
ARID1A->-RHOA,2,1,2.000000,2,1.547619e-01,
RHOA->-CDH1,2,1,2.000000,2,8.437234e-01,
CDH1->-DAXX CDH1->-PIK3CA PIK3CA->-DAXX,3,3,2.000000,2,1.756066e-02,
PTPRT->-MAP3K1,2,1,2.000000,2,6.699561e-01,
PTPRT->-ARID2,2,1,2.000000,2,6.322988e-01,
CDH1->-PIK3CA PTPRT->-CDH1 PTPRT->-PIK3CA,3,3,2.000000,2,7.407407e-02,
ATR->-GRIN2A,2,1,2.000000,2,2.500000e-01,
ATR->-NOTCH4 PIK3CA->-ATR PIK3CA->-NOTCH4,3,3,2.000000,2,2.777778e-02,
PTPRT->-TET2,2,1,2.000000,2,4.000000e-01,
BRCA1->-PTCH1,2,1,2.000000,2,1.500000e-01,
CDK12-/-PTCH1,2,1,2.000000,2,9.846154e-02,
BRCA1->-PTPRT,2,1,2.000000,2,1.500000e-01,
PTPRT->-HNF1A,2,1,2.000000,2,2.761817e-01,
GRIN2A->-PTPRD,2,1,2.000000,2,2.500000e-01,
FLT1->-PIK3CA,2,1,2.000000,2,8.008041e-01,
CBL->-PIK3CA,2,1,2.000000,2,5.881127e-01,
CDH1->-CBL,2,1,2.000000,2,1.750000e-01,
AKT1->-RAD54L,2,1,2.000000,2,1.708333e-01,
RECQL4->-GATA3,2,1,2.000000,2,4.000000e-01,
PTEN->-ERBB2,2,1,2.000000,2,4.250000e-01,
NF1->-PTPRS,2,1,2.000000,2,4.821937e-01,
PTPRT->-ANKRD11 PTPRT->-TP53 TP53->-ANKRD11,3,3,2.000000,2,6.944444e-03,
KMT2C->-ANKRD11,2,1,2.000000,2,4.408867e-01,
PTPRT->-PTPRS,2,1,2.000000,2,2.500000e-01,
TERT->-TP53,2,1,2.000000,2,9.359171e-01,
INHA->-CREBBP,2,1,2.000000,2,2.500000e-01,
TP53->-HIST1H3G,2,1,2.000000,2,5.000000e-01,
TP53->-IGF1,2,1,2.000000,2,1.666667e-01,
RUNX1->-GATA3,2,1,2.000000,2,1.833333e-01,
RUNX1->-SETD2,2,1,2.000000,2,1.833333e-01,
PIK3CA->-POLE PIK3CA->-SETD2 POLE->-SETD2,3,3,2.000000,2,1.085674e-02,
NF1->-ERBB2,2,1,2.000000,2,5.000000e-01,
IRS1->-ESR1,2,1,2.000000,2,2.500000e-01,
IRS1->-SPEN,2,1,2.000000,2,3.863636e-01,
PIK3CG->-PIK3CA,2,1,2.000000,2,9.220639e-01,
CDK12->-TP53,2,1,2.000000,2,7.393860e-01,
KMT2C->-ARID5B,2,1,2.000000,2,4.408867e-01,
KMT2C->-CBFB,2,1,2.000000,2,7.708333e-01,
FGFR4->-KMT2C,2,1,2.000000,2,3.690171e-01,
FOXA1->-INSR,2,1,2.000000,2,1.507937e-01,
FOXA1->-NSD1,2,1,2.000000,2,6.567460e-01,
CDKN1B->-PTPRD,2,1,2.000000,2,2.500000e-01,
FOXA1->-XPO1,2,1,2.000000,2,2.500000e-01,
FOXA1->-PTPRD,2,1,2.000000,2,2.500000e-01,
ERBB2->-XPO1,2,1,2.000000,2,2.500000e-01,
ERBB2->-PTPRD TP53->-ERBB2 TP53->-PTPRD,3,3,2.000000,2,1.756066e-02,
SOX9->-IRS1,2,1,2.000000,2,1.666667e-01,
SOX9->-PIK3CA,2,1,2.000000,2,6.250000e-01,
SPEN->-KMT2C,2,1,2.000000,2,9.046875e-01,
SPEN->-RUNX1,2,1,2.000000,2,2.500000e-01,
CDH1->-KMT2C CDH1->-RUNX1 KMT2C->-RUNX1,3,3,2.000000,2,1.319444e-01,
RUNX1->-JUN,2,1,2.000000,2,2.500000e-01,
PIK3CA->-RB1 PIK3CA->-RUNX1 RB1->-RUNX1,3,3,2.000000,2,2.777778e-02,
RB1->-RUNX1 TP53->-RB1 TP53->-RUNX1,3,3,2.000000,2,2.777778e-02,
ERBB2->-GATA3,2,1,2.000000,2,2.500000e-01,
NCOR1->-EGFR,2,1,2.000000,2,2.500000e-01,
PIK3C2G->-NCOR1,2,1,2.000000,2,5.000000e-01,
MAP2K4->-ATM,2,1,2.000000,2,2.500000e-01,
PIK3C2G->-EGFR,2,1,2.000000,2,2.500000e-01,
FYN->-ATM,2,1,2.000000,2,1.884615e-01,
APC->-PTPRT TP53->-APC TP53->-PTPRT,3,3,2.000000,2,1.085674e-02,
CSF3R->-PIK3CA,2,1,2.000000,2,1.977124e-01,
CTCF->-MAP2K4 CTCF->-PIK3CA MAP2K4->-PIK3CA,3,3,2.000000,2,2.777778e-02,
MAP3K1->-NF1 PIK3CA->-MAP3K1 PIK3CA->-NF1,3,3,2.000000,2,7.407407e-02,
CDH1->-NF1 CDH1->-RAD50 NF1->-RAD50,3,3,2.000000,2,2.469136e-02,
NF1->-POLE,2,1,2.000000,2,2.500000e-01,
ESR1->-AR,2,1,2.000000,2,1.805556e-01,
GATA3->-AR,2,1,2.000000,2,5.000000e-01,
MAP3K1->-AR,2,1,2.000000,2,5.000000e-01,
ESR1->-RAD50 PIK3CA->-ESR1 PIK3CA->-RAD50,3,3,2.000000,2,5.092593e-02,
GATA3->-RAD50 PIK3CA->-GATA3 PIK3CA->-RAD50,3,3,2.000000,2,2.777778e-02,
ESR1->-POLE,2,1,2.000000,2,2.500000e-01,
DNMT3B->-ARID1A,2,1,2.000000,2,6.699561e-01,
CDH1->-MAP3K1 CDH1->-POLE MAP3K1->-POLE,3,3,2.000000,2,2.777778e-02,
MAX->-PIK3CA,2,1,2.000000,2,4.642857e-01,
MGA-/-PIK3CA,2,1,2.000000,2,2.888614e-01,
GATA3->-IGF1R,2,1,2.000000,2,6.807576e-01,
ERBB3->-POLE,2,1,2.000000,2,2.500000e-01,
ESR1-/-TP53 PIK3CA->-ESR1 PIK3CA->-TP53,3,3,2.000000,2,3.880952e-02,
JAK2-/-TP53,2,1,2.000000,2,5.559788e-01,
JAK2-/-PTPRT,2,1,2.000000,2,4.278519e-01,
ESR1->-ZFHX3,2,1,2.000000,2,1.333333e-01,
ESR1->-MTOR,2,1,2.000000,2,4.412346e-01,
ZFHX3->-MTOR,2,1,2.000000,2,9.777778e-02,
ARID1B->-ZFHX3,2,1,2.000000,2,1.333333e-01,
PIK3CA->-PPM1D,2,1,2.000000,2,1.333333e-01,
ARID1A->-MYC PIK3CA->-ARID1A PIK3CA->-MYC,3,3,2.000000,2,3.935185e-02,
ARID1A->-JAK2,2,1,2.000000,2,1.333333e-01,
BRD4-/-JAK2,2,1,2.000000,2,1.555556e-01,
ARID1A->-MTOR,2,1,2.000000,2,2.833333e-01,
PIK3CA->-DCUN1D1,2,1,2.000000,2,2.250000e-01,
NOTCH4->-YES1,2,1,2.000000,2,4.731618e-01,
SMARCA4->-PARP1,2,1,2.000000,2,1.708333e-01,
FOXA1->-PTCH1 PIK3CA->-FOXA1 PIK3CA->-PTCH1,3,3,2.000000,2,1.666667e-02,
CBFB->-ARID1A TP53->-ARID1A TP53->-CBFB,3,3,2.000000,2,2.777778e-02,
AKT1->-CREBBP,2,1,2.000000,2,2.500000e-01,
RB1->-ARID1A,2,1,2.000000,2,4.980159e-01,
AKT1->-RB1,2,1,2.000000,2,2.500000e-01,
AKT1->-ARID1A,2,1,2.000000,2,5.416667e-01,
IRS2->-TP53,2,1,2.000000,2,7.688973e-01,
PIK3CA->-MED12 PIK3CA->-PTPRD PTPRD->-MED12,3,3,2.000000,2,5.787037e-03,
PTPRD->-MED12 TP53->-MED12 TP53->-PTPRD,3,3,2.000000,2,5.787037e-03,
CDH1->-PIK3CB,2,1,2.000000,2,2.500000e-01,
IRS2->-POLE,2,1,2.000000,2,1.708333e-01,
CDH1->-MDC1,2,1,2.000000,2,5.937500e-01,
CDH1->-SMAD2,2,1,2.000000,2,5.000000e-01,
KMT2D->-ESR1,2,1,2.000000,2,4.000000e-01,
MAP2K4->-KMT2D,2,1,2.000000,2,1.500000e-01,
MAP2K4->-ARID1A,2,1,2.000000,2,3.333333e-01,
MAP2K4->-CIC,2,1,2.000000,2,1.357143e-01,
MAP3K1->-PIK3CA TBX3->-MAP3K1 TBX3->-PIK3CA,3,3,2.000000,2,2.632245e-01,
CBFB->-TBX3,2,1,2.000000,2,6.875000e-01,
CDH1->-FGFR2 CDH1->-KMT2C KMT2C->-FGFR2,3,3,2.000000,2,1.388889e-02,
KDM6A->-CDH1,2,1,2.000000,2,8.115809e-01,
TP53->-DNAJB1,2,1,2.000000,2,6.388889e-02,
HNF1A->-TP53,2,1,2.000000,2,9.290759e-01,
BRIP1-/-SOX17,2,1,2.000000,2,6.984127e-02,
PIK3CA->-RAB35,2,1,2.000000,2,2.500000e-01,
KMT2C-/-SPEN,2,1,2.000000,2,1.000000e-01,
ALK-/-PIK3CA TP53->-ALK TP53->-PIK3CA,3,3,2.000000,2,2.407407e-02,
PAK7->-RNF43,2,1,2.000000,2,1.242284e-01,
ARID2->-BCOR TP53->-ARID2 TP53->-BCOR,3,3,2.000000,2,2.714184e-02,
TP53->-U2AF1,2,1,2.000000,2,3.777778e-01,
RB1->-NOTCH2 TP53->-NOTCH2 TP53->-RB1,3,3,2.000000,2,2.777778e-02,
ATM->-RUNX1 PIK3CA->-ATM PIK3CA->-RUNX1,3,3,2.000000,2,1.388889e-02,
TP53->-CRLF2,2,1,2.000000,2,2.500000e-01,
TP53->-CCND1,2,1,2.000000,2,1.750000e-01,
ARID1A->-AKT1,2,1,2.000000,2,5.416667e-01,
CDH1->-ERBB2 CDH1->-NCOR1 NCOR1->-ERBB2,3,3,2.000000,2,7.407407e-02,
CDH1->-INPP4A CDH1->-PIK3CA PIK3CA->-INPP4A,3,3,2.000000,2,2.777778e-02,
CDH1->-EIF4A2,2,1,2.000000,2,2.500000e-01,
TP53->-GNAS,2,1,2.000000,2,1.190476e-01,
CDH1->-GNAS,2,1,2.000000,2,2.500000e-01,
NCOR1->-TET2 TP53->-NCOR1 TP53->-TET2,3,3,2.000000,2,2.777778e-02,
NCOR1->-KDM6A,2,1,2.000000,2,2.500000e-01,
CDH1->-CDKN2A CDH1->-NCOR1 CDKN2A->-NCOR1,3,3,2.000000,2,2.777778e-02,
TET2->-GRIN2A,2,1,2.000000,2,1.708333e-01,
KDM6A->-GRIN2A TP53->-GRIN2A TP53->-KDM6A,3,3,2.000000,2,2.777778e-02,
CDH1->-FGF19,2,1,2.000000,2,2.481618e-01,
KDM6A->-RECQL4,2,1,2.000000,2,1.962587e-01,
KDM6A->-KMT2A,2,1,2.000000,2,4.981618e-01,
KMT2C->-PTCH1 KMT2C->-STAT5B PTCH1->-STAT5B,3,3,2.000000,2,1.358252e-03,
CDH1->-KMT2C CDH1->-STAT5B KMT2C->-STAT5B,3,3,2.000000,2,1.717330e-02,
CDH1->-YES1,2,1,2.000000,2,1.894831e-01,
CDH1->-MSH2 CDH1->-RASA1 MSH2->-RASA1,3,3,2.000000,2,2.716503e-02,
KMT2C->-RASA1,2,1,2.000000,2,4.679420e-01,
RASA1->-KMT2A,2,1,2.000000,2,2.105615e-01,
CDH1->-SLX4,2,1,2.000000,2,2.481618e-01,
PTCH1->-NOTCH2,2,1,2.000000,2,2.481618e-01,
NOTCH4->-NOTCH2,2,1,2.000000,2,4.981618e-01,
NOTCH4->-EED,2,1,2.000000,2,2.481618e-01,
PIK3CA->-GNAS,2,1,2.000000,2,2.500000e-01,
FLT4->-PIK3CA,2,1,2.000000,2,9.960953e-01,
SF3B1->-KMT2C,2,1,2.000000,2,5.000000e-01,
CBL->-JAK3,2,1,2.000000,2,1.977124e-01,
PIK3CA->-ERG PIK3CA->-TP53 TP53->-ERG,3,3,2.000000,2,2.777778e-02,
TP53->-CBL,2,1,2.000000,2,2.500000e-01,
PIK3CA->-POLE PIK3CA->-RB1 RB1->-POLE,3,3,2.000000,2,7.301418e-02,
CDH1->-PIK3CA CDH1->-SMARCD1 PIK3CA->-SMARCD1,3,3,2.000000,2,2.777778e-02,
TCF7L2->-SOX2,2,1,2.000000,2,1.208791e-01,
PIK3R1->-RUNX1,2,1,2.000000,2,1.666667e-01,
ARID1B->-PIK3R1,2,1,2.000000,2,4.821937e-01,
ARID1B->-RUNX1,2,1,2.000000,2,2.500000e-01,
NCOR1->-ARID1A,2,1,2.000000,2,8.125000e-01,
CTCF->-ESR1,2,1,2.000000,2,2.500000e-01,
BRCA2->-BAP1,2,1,2.000000,2,1.772727e-01,
TP53->-NEGR1,2,1,2.000000,2,2.500000e-01,
ESR1->-PTPRD TP53->-ESR1 TP53->-PTPRD,3,3,2.000000,2,1.388889e-02,
RAD54L->-NCOR1,2,1,2.000000,2,2.500000e-01,
NCOR1->-JAK1,2,1,2.000000,2,1.208791e-01,
BRCA2->-PTPRD,2,1,2.000000,2,2.500000e-01,
JAK1->-BRCA2,2,1,2.000000,2,2.500000e-01,
CDH1->-JAK1,2,1,2.000000,2,5.000000e-01,
KMT2D->-GATA3,2,1,2.000000,2,6.792279e-01,
RB1->-KMT2D,2,1,2.000000,2,6.770597e-01,
ATRX->-KMT2D,2,1,2.000000,2,4.563492e-01,
RB1->-TSHR,2,1,2.000000,2,2.500000e-01,
RB1->-FLT4,2,1,2.000000,2,4.458333e-01,
CTCF->-GPS2,2,1,2.000000,2,2.500000e-01,
AKT1->-PIK3CA,2,1,2.000000,2,5.902778e-01,
PTCH1->-GATA3,2,1,2.000000,2,2.162115e-01,
TP53->-ERRFI1,2,1,2.000000,2,9.000000e-02,
TP53->-SMARCB1,2,1,2.000000,2,3.642857e-01,
TP53->-SRSF2,2,1,2.000000,2,3.766082e-01,
PIK3CA->-PIK3CD,2,1,2.000000,2,1.884615e-01,
MTOR->-AKT1,2,1,2.000000,2,3.305556e-01,
KIT->-PARP1 YES1->-KIT YES1->-PARP1,3,3,2.000000,2,8.856683e-03,
NSD1->-KIT,2,1,2.000000,2,2.402305e-01,
SMARCA4->-TET1,2,1,2.000000,2,1.708333e-01,
AXIN1->-SMARCA4,2,1,2.000000,2,1.708333e-01,
GRIN2A->-PARP1,2,1,2.000000,2,1.708333e-01,
NSD1->-PARP1,2,1,2.000000,2,1.586657e-01,
BCOR->-PARP1,2,1,2.000000,2,1.351035e-01,
KMT2A-/-MDM2,2,1,2.000000,2,6.785714e-02,
NSD1->-MDM2,2,1,2.000000,2,1.480556e-01,
NOTCH2->-TET1,2,1,2.000000,2,1.708333e-01,
AKT1->-AXIN1,2,1,2.000000,2,1.708333e-01,
TGFBR2->-GRIN2A,2,1,2.000000,2,1.708333e-01,
BCOR->-GRIN2A,2,1,2.000000,2,3.829545e-01,
PIK3C2G-/-POLE,2,1,2.000000,2,2.001235e-01,
KMT2A->-RIT1,2,1,2.000000,2,1.287821e-01,
BCOR-/-KMT2A,2,1,2.000000,2,4.797980e-02,
IRS2->-TET2,2,1,2.000000,2,9.939394e-02,
PIK3CA->-PAX5,2,1,2.000000,2,1.666667e-01,
MGA->-HNF1A MGA->-PTCH1 PIK3CA->-HNF1A PIK3CA->-MGA PIK3CA->-PTCH1 PTCH1->-HNF1A,4,6,2.000000,2,8.137593e-04,
MAP3K1->-KMT2A MAP3K1->-MGA MGA->-KMT2A,3,3,2.000000,2,5.238095e-03,
MGA->-SETD2,2,1,2.000000,2,6.397360e-01,
PTCH1->-KMT2C,2,1,2.000000,2,8.113960e-01,
MAP3K1->-PIK3CD PTEN->-MAP3K1 PTEN->-PIK3CD,3,3,2.000000,2,1.666667e-02,
MAP3K1->-DICER1 PTEN->-DICER1 PTEN->-MAP3K1,3,3,2.000000,2,1.666667e-02,
FYN->-PLK2,2,1,2.000000,2,1.438992e-01,
CDK12-/-PIK3CA,2,1,2.000000,2,2.965906e-01,
CDKN1B-/-KMT2C CDKN1B-/-PIK3CA MAP3K1->-CDKN1B MAP3K1->-KMT2C MAP3K1->-PIK3CA PIK3CA->-KMT2C,4,6,2.000000,2,2.043850e-04,
FOXA1->-NBN PIK3CA->-FOXA1 PIK3CA->-NBN,3,3,2.000000,2,1.666667e-02,
ATM->-KMT2A ATM->-SETD2 KMT2A->-SETD2,3,3,2.000000,2,1.666667e-02,
ATM->-DNMT1 PIK3CA->-ATM PIK3CA->-DNMT1,3,3,2.000000,2,1.666667e-02,
PTEN->-TGFBR2,2,1,2.000000,2,1.884615e-01,
BRD4->-FGFR4,2,1,2.000000,2,1.884615e-01,
JAK3->-RIT1 PIK3CA->-JAK3 PIK3CA->-RIT1,3,3,2.000000,2,1.666667e-02,
MED12->-SETD2,2,1,2.000000,2,4.384615e-01,
PTEN->-RIT1,2,1,2.000000,2,1.884615e-01,
FOXA1->-KMT2C FOXA1->-PLK2 PLK2->-KMT2C,3,3,2.000000,2,1.666667e-02,
PIK3CA->-KMT2C PIK3CA->-PLK2 PLK2->-KMT2C,3,3,2.000000,2,4.125160e-02,
MAP3K1->-JAK3,2,1,2.000000,2,1.884615e-01,
MAP3K1->-DNMT1,2,1,2.000000,2,1.884615e-01,
DNMT1->-SETD2,2,1,2.000000,2,1.884615e-01,
DNMT1->-KMT2C,2,1,2.000000,2,1.884615e-01,
MAP3K1->-SETD2,2,1,2.000000,2,1.884615e-01,
MAP3K1->-NBN,2,1,2.000000,2,1.570513e-01,
FOXA1->-MED12,2,1,2.000000,2,1.758974e-01,
EPHB1->-MAP3K1,2,1,2.000000,2,7.827381e-01,
TP53->-FGFR1,2,1,2.000000,2,4.166667e-01,
PTEN->-KMT2D TP53->-KMT2D TP53->-PTEN,3,3,2.000000,2,7.301418e-02,
KMT2D->-MDC1 TP53->-KMT2D TP53->-MDC1,3,3,2.000000,2,2.777778e-02,
PIK3CA->-PTEN PIK3CA->-PTPRT PTEN->-PTPRT,3,3,2.000000,2,7.301418e-02,
NCOR1->-ALK,2,1,2.000000,2,2.500000e-01,
KMT2D-/-PRKAR1A,2,1,2.000000,2,1.142857e-01,
SETD2->-KMT2D TP53->-KMT2D TP53->-SETD2,3,3,2.000000,2,8.530292e-03,
ANKRD11->-PLK2,2,1,2.000000,2,1.908867e-01,
ANKRD11->-KMT2D,2,1,2.000000,2,5.937500e-01,
ATM->-TBX3,2,1,2.000000,2,4.045455e-01,
GATA3->-KDM5A,2,1,2.000000,2,5.000000e-01,
TP53->-YAP1,2,1,2.000000,2,5.000000e-01,
MAP2K4->-SMAD4,2,1,2.000000,2,1.583333e-01,
BRIP1->-ESR1,2,1,2.000000,2,5.000000e-01,
CARD11->-TP53,2,1,2.000000,2,9.911673e-01,
CDKN2A->-CARD11,2,1,2.000000,2,2.500000e-01,
PIK3CA->-BRIP1 PIK3CA->-RUNX1 RUNX1->-BRIP1,3,3,2.000000,2,2.777778e-02,
PIK3CA->-JUN,2,1,2.000000,2,4.761905e-01,
TP53->-SH2D1A,2,1,2.000000,2,1.100000e-01,
EPHA5-/-NOTCH1 TP53->-EPHA5 TP53->-NOTCH1,3,3,2.000000,2,2.841270e-02,
CDH1->-SOX9,2,1,2.000000,2,5.000000e-01,
PIK3CA->-SOX9,2,1,2.000000,2,6.250000e-01,
BRCA2->-STK11,2,1,2.000000,2,2.500000e-01,
ESR1->-GNAS,2,1,2.000000,2,2.500000e-01,
MAP3K1->-SPOP,2,1,2.000000,2,6.875000e-01,
MAP3K1->-DNMT3A,2,1,2.000000,2,2.500000e-01,
TP53->-BCL6,2,1,2.000000,2,3.954545e-01,
CDH1->-DNMT3A CDH1->-KDR DNMT3A->-KDR,3,3,2.000000,2,2.777778e-02,
PIK3CA->-SYK,2,1,2.000000,2,2.500000e-01,
RB1->-NOTCH1 TP53->-NOTCH1 TP53->-RB1,3,3,2.000000,2,2.777778e-02,
ATM->-NOTCH1,2,1,2.000000,2,7.556818e-01,
ATM->-CDH1 ATM->-PIK3CA CDH1->-PIK3CA,3,3,2.000000,2,1.319444e-01,
BCL6->-NOTCH1 CDH1->-BCL6 CDH1->-NOTCH1,3,3,2.000000,2,2.777778e-02,
MAP3K1->-NOTCH1 MAP3K1->-PIK3CA PIK3CA->-NOTCH1,3,3,2.000000,2,1.319444e-01,
PIK3CA->-BCL6,2,1,2.000000,2,5.000000e-01,
PIK3CA->-REL,2,1,2.000000,2,2.500000e-01,
RB1->-PTPRT TP53->-PTPRT TP53->-RB1,3,3,2.000000,2,7.301418e-02,
ATM->-NOTCH4 TP53->-ATM TP53->-NOTCH4,3,3,2.000000,2,2.777778e-02,
ATM->-PIK3CA ATM->-SF3B1 PIK3CA->-SF3B1,3,3,2.000000,2,1.388889e-02,
PIK3C2G->-PTPRT TP53->-PIK3C2G TP53->-PTPRT,3,3,2.000000,2,2.777778e-02,
MAP3K1->-REL TP53->-MAP3K1 TP53->-REL,3,3,2.000000,2,2.777778e-02,
MAP3K1->-SF3B1,2,1,2.000000,2,4.166667e-01,
CDH1->-SF3B1,2,1,2.000000,2,6.312500e-01,
KMT2C->-MDM2,2,1,2.000000,2,1.702381e-01,
SMAD4->-KMT2C,2,1,2.000000,2,3.916667e-01,
SMAD4->-MAP3K1,2,1,2.000000,2,2.166667e-01,
DOT1L->-PDGFRA,2,1,2.000000,2,2.500000e-01,
SOX9->-PDGFRA,2,1,2.000000,2,2.500000e-01,
PALB2->-KDM5C,2,1,2.000000,2,2.500000e-01,
TP53->-KEAP1,2,1,2.000000,2,2.053571e-01,
APC->-KEAP1,2,1,2.000000,2,1.750000e-01,
TP53->-TNFAIP3,2,1,2.000000,2,1.666667e-01,
APC->-RB1 TP53->-APC TP53->-RB1,3,3,2.000000,2,7.301418e-02,
APC->-EPHB1 APC->-KMT2D KMT2D->-EPHB1 TP53->-APC TP53->-EPHB1 TP53->-KMT2D,4,6,2.000000,2,1.659714e-03,
PTEN->-PDGFRA,2,1,2.000000,2,2.500000e-01,
ARID1B->-PDGFRA,2,1,2.000000,2,2.500000e-01,
EPCAM->-ARID1B,2,1,2.000000,2,2.500000e-01,
CIC->-RUNX1,2,1,2.000000,2,2.500000e-01,
ARID1A->-ANKRD11,2,1,2.000000,2,5.731746e-01,
TBX3->-ZFHX3,2,1,2.000000,2,7.130556e-01,
JAK1->-ZFHX3,2,1,2.000000,2,2.121212e-01,
PIK3CA->-IRF4,2,1,2.000000,2,2.500000e-01,
ARID1A->-IRF4,2,1,2.000000,2,2.500000e-01,
JAK1->-TBX3 TP53->-JAK1 TP53->-TBX3,3,3,2.000000,2,2.777778e-02,
AKT1->-CIC,2,1,2.000000,2,1.666667e-01,
NCOR1->-SMARCA4,2,1,2.000000,2,2.142857e-01,
POLE->-SMARCA4 TP53->-POLE TP53->-SMARCA4,3,3,2.000000,2,1.783607e-02,
SMAD4->-NCOR1,2,1,2.000000,2,4.404762e-01,
NCOR1->-POLE TP53->-NCOR1 TP53->-POLE,3,3,2.000000,2,9.561602e-03,
NCOR1->-ATRX,2,1,2.000000,2,2.142857e-01,
NOTCH1->-GATA3,2,1,2.000000,2,3.696970e-01,
NOTCH1->-CDH1,2,1,2.000000,2,8.125000e-01,
CDH1->-IL7R,2,1,2.000000,2,1.857550e-01,
FOXA1->-EGFR,2,1,2.000000,2,5.000000e-01,
AKT1->-NCOR1,2,1,2.000000,2,2.500000e-01,
SH2B3->-EGFR,2,1,2.000000,2,2.500000e-01,
ALOX12B->-MAP3K1,2,1,2.000000,2,7.440476e-02,
MAP3K1-/-TSC2,2,1,2.000000,2,1.940035e-01,
GPS2->-TP53,2,1,2.000000,2,4.583333e-01,
GPS2->-ESR1,2,1,2.000000,2,2.166667e-01,
SPEN->-IKZF1,2,1,2.000000,2,1.799320e-01,
TP53->-NFE2L2,2,1,2.000000,2,2.053571e-01,
ERCC4->-PIK3C3,2,1,2.000000,2,9.929356e-02,
BRCA1->-DNMT1,2,1,2.000000,2,1.428571e-01,
YAP1->-PIK3CA,2,1,2.000000,2,5.000000e-01,
ANKRD11->-PIK3CA,2,1,2.000000,2,9.738102e-01,
ANKRD11->-TBX3,2,1,2.000000,2,8.125000e-01,
NOTCH3->-PIK3CA,2,1,2.000000,2,9.027778e-01,
NOTCH3->-CDH1,2,1,2.000000,2,6.875000e-01,
MSH6->-TERT PIK3CA->-MSH6 PIK3CA->-TERT,3,3,2.000000,2,2.777778e-02,
CDH1->-TERT,2,1,2.000000,2,2.500000e-01,
MAP2K4->-NOTCH2,2,1,2.000000,2,2.500000e-01,
MED12->-PIK3CA,2,1,2.000000,2,9.937831e-01,
TP53->-SMAD3,2,1,2.000000,2,2.500000e-01,
MAP2K4->-KMT2C,2,1,2.000000,2,5.000000e-01,
MAP3K1->-ARAF PIK3CA->-ARAF PIK3CA->-MAP3K1,3,3,2.000000,2,4.889990e-03,
NCOR1->-SOX2 PIK3CA->-NCOR1 PIK3CA->-SOX2,3,3,2.000000,2,5.799756e-03,
NCOR1->-AMER1,2,1,2.000000,2,1.208791e-01,
CDK12-/-PTPRS,2,1,2.000000,2,2.705996e-01,
PDGFRB->-PIK3CA,2,1,2.000000,2,5.448691e-01,
FOXA1->-CDK8,2,1,2.000000,2,1.666667e-01,
JAK3->-GATA3 MAP2K4->-GATA3 MAP2K4->-JAK3,3,3,2.000000,2,1.944444e-02,
MEN1->-NCOR1,2,1,2.000000,2,2.500000e-01,
MEN1->-MAP2K4,2,1,2.000000,2,5.000000e-01,
PIK3CA->-MYD88,2,1,2.000000,2,5.000000e-01,
CDH1->-NOTCH3,2,1,2.000000,2,6.875000e-01,
TP53->-RAD51,2,1,2.000000,2,2.500000e-01,
TBX3->-EPHA5,2,1,2.000000,2,2.500000e-01,
TBX3->-CBFB,2,1,2.000000,2,6.875000e-01,
RET->-BCOR,2,1,2.000000,2,2.500000e-01,
HIST3H3-/-PIK3CA,2,1,2.000000,2,4.761905e-02,
IDH1->-GATA3,2,1,2.000000,2,2.500000e-01,
MAP3K1->-EPCAM,2,1,2.000000,2,4.458333e-01,
CDH1->-CREBBP CDH1->-KIT KIT->-CREBBP,3,3,2.000000,2,1.756066e-02,
MAP3K13->-CREBBP,2,1,2.000000,2,1.908867e-01,
CDH1->-CREBBP CDH1->-RAD50 RAD50->-CREBBP,3,3,2.000000,2,1.756066e-02,
PIK3CA->-KIT,2,1,2.000000,2,5.665181e-01,
CREBBP->-PARP1,2,1,2.000000,2,1.908867e-01,
STAG2->-PARP1,2,1,2.000000,2,1.908867e-01,
RICTOR->-CREBBP TP53->-CREBBP TP53->-RICTOR,3,3,2.000000,2,1.756066e-02,
PIK3CA->-CREBBP PIK3CA->-RICTOR RICTOR->-CREBBP,3,3,2.000000,2,1.756066e-02,
ERBB2->-RICTOR,2,1,2.000000,2,4.242200e-01,
RAD50->-RICTOR TP53->-RAD50 TP53->-RICTOR,3,3,2.000000,2,1.756066e-02,
MAP3K13->-MEN1,2,1,2.000000,2,1.908867e-01,
MAP3K13->-PIK3CA,2,1,2.000000,2,6.431650e-01,
TP53->-PPP6C,2,1,2.000000,2,1.363476e-01,
TP53->-FUBP1,2,1,2.000000,2,4.408867e-01,
CDH1->-MLH1 TP53->-CDH1 TP53->-MLH1,3,3,2.000000,2,1.756066e-02,
PIK3CA->-PPP6C,2,1,2.000000,2,1.509627e-01,
ANKRD11->-PTPRD,2,1,2.000000,2,1.908867e-01,
ANKRD11->-STAG2,2,1,2.000000,2,1.908867e-01,
MLH1->-PIK3CA,2,1,2.000000,2,4.408867e-01,
CDH1-/-RFWD2 CDH1->-ERBB2 ERBB2-/-RFWD2,3,3,2.000000,2,1.423098e-03,
CDH1-/-RFWD2 CDH1->-PIK3CA PIK3CA-/-RFWD2,3,3,2.000000,2,3.414524e-03,
MAP3K1->-MEN1,2,1,2.000000,2,7.152778e-01,
CDH1->-KDM5C CDH1->-PTEN PTEN->-KDM5C,3,3,2.000000,2,2.777778e-02,
CDH1->-NOTCH1 CDH1->-PTEN PTEN->-NOTCH1,3,3,2.000000,2,2.777778e-02,
ASXL2->-KDM5C,2,1,2.000000,2,2.500000e-01,
PTEN->-RB1,2,1,2.000000,2,4.980159e-01,
ARID1A->-ERCC4 ARID1A->-IKZF1 IKZF1->-ERCC4,3,3,2.000000,2,2.777778e-02,
CDH1->-CREBBP CDH1->-IKZF1 IKZF1->-CREBBP,3,3,2.000000,2,2.777778e-02,
JAK2->-BLM JAK2->-MAP3K13 MAP3K13->-BLM,3,3,2.000000,2,1.190476e-02,
APC->-BLM APC->-ERCC4 BLM->-ERCC4 CDH1->-APC CDH1->-BLM CDH1->-ERCC4,4,6,2.000000,2,1.736111e-03,
PIK3C2G->-ERCC4,2,1,2.000000,2,2.500000e-01,
SMARCB1->-FLT3,2,1,2.000000,2,2.500000e-01,
CDH1->-PIK3CA CDH1->-SMARCB1 SMARCB1->-PIK3CA,3,3,2.000000,2,1.587302e-02,
ARID1A->-PIK3R3,2,1,2.000000,2,2.500000e-01,
ARID1A->-TOP1,2,1,2.000000,2,1.409091e-01,
APC->-RAD50 APC->-SDHC CDH1->-APC CDH1->-RAD50 CDH1->-SDHC RAD50->-SDHC,4,6,2.000000,2,1.478909e-03,
CDH1->-MED12 CDH1->-SDHC MED12->-SDHC,3,3,2.000000,2,2.469136e-02,
APC->-PIK3C2G APC->-SDHC CDH1->-APC CDH1->-PIK3C2G CDH1->-SDHC PIK3C2G->-SDHC,4,6,2.000000,2,1.478909e-03,
JAK1->-APC,2,1,2.000000,2,2.500000e-01,
APC->-SETD2,2,1,2.000000,2,2.480159e-01,
ARID1A->-ARID2 ARID1A->-FLT3 ARID2->-FLT3,3,3,2.000000,2,2.777778e-02,
JAK1->-ARID2,2,1,2.000000,2,2.500000e-01,
CDKN1A->-CREBBP,2,1,2.000000,2,2.500000e-01,
CDKN1A->-PIK3CA,2,1,2.000000,2,7.864087e-01,
ERCC3->-PIK3CA,2,1,2.000000,2,5.000000e-01,
CDH1->-ERCC3,2,1,2.000000,2,5.000000e-01,
ASXL1->-ABL1,2,1,2.000000,2,2.500000e-01,
ASXL1->-CREBBP,2,1,2.000000,2,5.000000e-01,
CD274->-ABL1,2,1,2.000000,2,2.500000e-01,
FLT3->-PIK3CA,2,1,2.000000,2,7.875000e-01,
JAK1->-CREBBP,2,1,2.000000,2,2.500000e-01,
JAK1->-SETD2,2,1,2.000000,2,2.500000e-01,
CDH1->-JAK2 CDH1->-PIK3CA JAK2->-PIK3CA,3,3,2.000000,2,1.319444e-01,
JAK2->-PIK3CA LATS2->-JAK2 LATS2->-PIK3CA,3,3,2.000000,2,2.777778e-02,
PIK3CA->-SUZ12,2,1,2.000000,2,6.482843e-01,
ASXL1->-PIK3CA PIK3R3->-ASXL1 PIK3R3->-PIK3CA,3,3,2.000000,2,2.777778e-02,
PIK3CA->-CD274,2,1,2.000000,2,6.339286e-01,
RAD50->-PIK3CA,2,1,2.000000,2,9.569146e-01,
LATS2->-ASXL1,2,1,2.000000,2,2.500000e-01,
CDH1->-SETD2 CDH1->-STK11 SETD2->-STK11,3,3,2.000000,2,7.407407e-02,
BLM->-STK11,2,1,2.000000,2,2.389706e-01,
PIK3R3->-BLM,2,1,2.000000,2,2.500000e-01,
TP53->-CTNNB1,2,1,2.000000,2,2.500000e-01,
KMT2D->-ERBB3 TP53->-ERBB3 TP53->-KMT2D,3,3,2.000000,2,2.777778e-02,
ZFHX3->-KMT2D,2,1,2.000000,2,2.500000e-01,
PTEN->-ERBB3,2,1,2.000000,2,2.500000e-01,
BARD1->-ERBB3 TP53->-BARD1 TP53->-ERBB3,3,3,2.000000,2,5.952381e-03,
PTEN->-BARD1 TP53->-BARD1 TP53->-PTEN,3,3,2.000000,2,1.388889e-02,
TP53->-SUFU,2,1,2.000000,2,1.131313e-01,
KLF4->-NCOR1,2,1,2.000000,2,1.944444e-01,
KLF4->-MED12,2,1,2.000000,2,1.944444e-01,
PIK3R1->-POLE,2,1,2.000000,2,1.944444e-01,
NOTCH3->-FAT1,2,1,2.000000,2,2.500000e-01,
ESR1->-IRF4,2,1,2.000000,2,1.904762e-01,
RUNX1->-RPTOR,2,1,2.000000,2,2.500000e-01,
CDH1->-MCL1,2,1,2.000000,2,2.083333e-01,
NCOR1->-KMT2C,2,1,2.000000,2,9.544034e-01,
RUNX1->-KMT2C,2,1,2.000000,2,6.875000e-01,
RUNX1->-CDKN2A,2,1,2.000000,2,2.500000e-01,
TP53->-MDM2,2,1,2.000000,2,1.964286e-01,
MED12->-KMT2D TP53->-KMT2D TP53->-MED12,3,3,2.000000,2,1.438492e-02,
KMT2C->-MED12 KMT2C->-TSC2 TSC2->-MED12,3,3,2.000000,2,1.278660e-02,
KMT2C->-TP63,2,1,2.000000,2,4.464286e-01,
KMT2C->-KMT2A KMT2C->-TSC2 TSC2->-KMT2A,3,3,2.000000,2,1.438492e-02,
TP53->-TCF3,2,1,2.000000,2,1.772727e-01,
RUNX1->-MGA TP53->-MGA TP53->-RUNX1,3,3,2.000000,2,2.777778e-02,
PIK3CA->-MGA PIK3CA->-RUNX1 RUNX1->-MGA,3,3,2.000000,2,7.407407e-02,
PIK3CA->-CARD11 PIK3CA->-RUNX1 RUNX1->-CARD11,3,3,2.000000,2,2.777778e-02,
RUNX1->-CARD11 TP53->-CARD11 TP53->-RUNX1,3,3,2.000000,2,2.777778e-02,
RUNX1->-MSH6 TP53->-MSH6 TP53->-RUNX1,3,3,2.000000,2,2.777778e-02,
PIK3CA->-MSH6 PIK3CA->-RUNX1 RUNX1->-MSH6,3,3,2.000000,2,2.777778e-02,
PIK3CA->-MGA PIK3CA->-SETD2 SETD2->-MGA,3,3,2.000000,2,1.075774e-01,
SETD2->-MGA TP53->-MGA TP53->-SETD2,3,3,2.000000,2,2.714184e-02,
SETD2->-PTCH1 TP53->-PTCH1 TP53->-SETD2,3,3,2.000000,2,2.714184e-02,
PIK3CA->-PTCH1 PIK3CA->-SETD2 SETD2->-PTCH1,3,3,2.000000,2,5.466524e-02,
MGA->-FLT4,2,1,2.000000,2,5.000000e-01,
NCOR1->-PTCH1 PIK3CA->-NCOR1 PIK3CA->-PTCH1,3,3,2.000000,2,2.777778e-02,
NCOR1->-NF1,2,1,2.000000,2,8.005952e-01,
RB1->-PIK3CG,2,1,2.000000,2,2.321429e-01,
TET1->-NF1,2,1,2.000000,2,1.607143e-01,
PIK3CG->-TET2,2,1,2.000000,2,1.785714e-01,
MSH6->-KMT2A,2,1,2.000000,2,2.500000e-01,
STAT3->-NF1,2,1,2.000000,2,2.371795e-01,
TET2->-FLT4 TP53->-FLT4 TP53->-TET2,3,3,2.000000,2,7.744108e-03,
CARD11->-FLT4 TP53->-CARD11 TP53->-FLT4,3,3,2.000000,2,4.068462e-02,
TERT->-FLT4 TP53->-FLT4 TP53->-TERT,3,3,2.000000,2,1.810516e-02,
RUNX1->-AURKA TP53->-AURKA TP53->-RUNX1,3,3,2.000000,2,6.944444e-03,
FAT1->-MSH6 PIK3CA->-FAT1 PIK3CA->-MSH6,3,3,2.000000,2,2.777778e-02,
TP53->-IKBKE,2,1,2.000000,2,2.500000e-01,
BARD1->-AKT1 TP53->-AKT1 TP53->-BARD1,3,3,2.000000,2,1.388889e-02,
NCOR1->-BRIP1,2,1,2.000000,2,2.142857e-01,
ATR->-RUNX1 PIK3CA->-ATR PIK3CA->-RUNX1,3,3,2.000000,2,7.407407e-02,
BARD1->-PIK3CA,2,1,2.000000,2,8.103741e-01,
MAP2K2->-PIK3CA STK11->-MAP2K2 STK11->-PIK3CA,3,3,2.000000,2,2.446895e-02,
TP53->-ALOX12B,2,1,2.000000,2,2.976190e-01,
MAP3K1->-RAD21,2,1,2.000000,2,1.289683e-01,
MAP2K4->-XPO1,2,1,2.000000,2,1.750000e-01,
APC->-XPO1,2,1,2.000000,2,1.750000e-01,
MEN1->-NOTCH3,2,1,2.000000,2,2.500000e-01,
GATA3->-NOTCH3,2,1,2.000000,2,2.500000e-01,
TRAF7->-GATA3,2,1,2.000000,2,2.500000e-01,
ZFHX3->-NF1,2,1,2.000000,2,4.871795e-01,
APC->-NF1 CDH1->-APC CDH1->-NF1,3,3,2.000000,2,6.066567e-02,
ZFHX3->-ATM,2,1,2.000000,2,4.357143e-01,
CDH1->-ATM CDH1->-PIK3CA PIK3CA->-ATM,3,3,2.000000,2,1.319444e-01,
CDH1->-SPOP,2,1,2.000000,2,4.583333e-01,
PIK3CA->-PNRC1,2,1,2.000000,2,2.083333e-01,
TET1->-ESR1,2,1,2.000000,2,6.699561e-01,
RB1->-ESR1,2,1,2.000000,2,2.000000e-01,
CDH1->-NFE2L2,2,1,2.000000,2,1.702754e-01,
CDH1->-PALB2,2,1,2.000000,2,4.333333e-01,
ARID1A->-NOTCH3,2,1,2.000000,2,2.500000e-01,
ROS1->-NF2,2,1,2.000000,2,2.142857e-01,
NFE2L2->-SPEN,2,1,2.000000,2,4.196429e-01,
ROS1->-NFE2L2,2,1,2.000000,2,1.500000e-01,
KMT2A-/-SPEN PIK3CA->-KMT2A PIK3CA->-SPEN,3,3,2.000000,2,8.163265e-03,
ROS1->-SPEN,2,1,2.000000,2,2.142857e-01,
TP53->-MRE11A,2,1,2.000000,2,1.666667e-01,
PIK3CA->-MDM2,2,1,2.000000,2,2.500000e-01,
ESR1->-NFE2L2,2,1,2.000000,2,2.500000e-01,
ARID1A->-RUNX1 PTEN->-ARID1A PTEN->-RUNX1,3,3,2.000000,2,2.777778e-02,
KDM5C->-ESR1,2,1,2.000000,2,6.375000e-01,
ESR1->-FUBP1,2,1,2.000000,2,2.500000e-01,
ARID1A->-GRIN2A ARID1A->-IKZF1 IKZF1->-GRIN2A,3,3,2.000000,2,2.777778e-02,
SMAD4->-KDM5C,2,1,2.000000,2,5.000000e-01,
BRCA2->-GRIN2A PTEN->-BRCA2 PTEN->-GRIN2A,3,3,2.000000,2,1.430976e-02,
GRIN2A->-PIK3CA,2,1,2.000000,2,9.218750e-01,
SMAD4->-PIK3CA,2,1,2.000000,2,9.475787e-01,
RHOA->-GRIN2A,2,1,2.000000,2,2.500000e-01,
BCL6->-RHOA,2,1,2.000000,2,1.454545e-01,
NOTCH3->-BRCA2,2,1,2.000000,2,2.500000e-01,
SOX9->-TBX3,2,1,2.000000,2,5.000000e-01,
TBX3->-PTPRD,2,1,2.000000,2,2.500000e-01,
PIK3CA->-HGF,2,1,2.000000,2,3.874269e-01,
ATM->-HGF,2,1,2.000000,2,2.500000e-01,
SMAD4->-FAT1,2,1,2.000000,2,2.500000e-01,
NF1->-MAP2K4,2,1,2.000000,2,6.309524e-01,
ATR->-PIK3CA,2,1,2.000000,2,9.995076e-01,
PPP2R1A->-PIK3CA,2,1,2.000000,2,8.671875e-01,
KMT2C->-PPP2R1A,2,1,2.000000,2,2.500000e-01,
SPEN->-DNMT3A,2,1,2.000000,2,4.690476e-01,
GLI1->-DDR2 TP53->-DDR2 TP53->-GLI1,3,3,2.000000,2,3.968254e-03,
TP53->-FGF3,2,1,2.000000,2,1.500000e-01,
SPEN->-PIK3R1,2,1,2.000000,2,4.750000e-01,
RB1->-PIK3R1,2,1,2.000000,2,1.575000e-01,
STAG2->-AXL,2,1,2.000000,2,2.500000e-01,
CDK8->-PIK3CA,2,1,2.000000,2,5.231481e-01,
CDK8->-KRAS,2,1,2.000000,2,2.500000e-01,
PIK3CA->-RARA,2,1,2.000000,2,1.428571e-01,
PIK3CA->-RPS6KA4,2,1,2.000000,2,3.928571e-01,
NSD1->-RAD50,2,1,2.000000,2,1.934948e-01,
STAG2->-PTEN STAG2->-TP53 TP53->-PTEN,3,3,2.000000,2,3.935185e-02,
PTEN->-PIK3C2G,2,1,2.000000,2,2.321937e-01,
MTOR->-NCOR1 NF1->-MTOR NF1->-NCOR1,3,3,2.000000,2,2.258852e-02,
NOTCH1->-NCOR1,2,1,2.000000,2,2.500000e-01,
SPEN->-NCOR1,2,1,2.000000,2,5.000000e-01,
FOXA1->-DOT1L,2,1,2.000000,2,6.019841e-01,
GATA3->-DOT1L,2,1,2.000000,2,2.333333e-01,
CDH1->-BTK,2,1,2.000000,2,2.500000e-01,
AKT1->-XPO1 CDH1->-AKT1 CDH1->-XPO1,3,3,2.000000,2,2.777778e-02,
FGFR4->-AKT1,2,1,2.000000,2,1.805556e-01,
FAT1->-AR,2,1,2.000000,2,2.500000e-01,
PIK3R1->-AR,2,1,2.000000,2,2.500000e-01,
SPEN->-XPO1,2,1,2.000000,2,2.500000e-01,
KMT2C->-NOTCH3 KMT2C->-XPO1 NOTCH3->-XPO1,3,3,2.000000,2,2.777778e-02,
BRCA2->-MTOR BRCA2->-XPO1 MTOR->-XPO1,3,3,2.000000,2,2.777778e-02,
NOTCH3->-PIK3R1,2,1,2.000000,2,2.500000e-01,
KMT2C->-MTOR,2,1,2.000000,2,4.305556e-01,
CDH1->-FAT1 MTOR->-CDH1 MTOR->-FAT1,3,3,2.000000,2,2.777778e-02,
BRCA2->-FAT1,2,1,2.000000,2,4.272727e-01,
CDH1->-PIK3R1,2,1,2.000000,2,4.821937e-01,
APC->-PARP1,2,1,2.000000,2,4.071937e-01,
PTPRS->-PARP1,2,1,2.000000,2,2.321937e-01,
NUP93->-PARP1 PIK3CA->-NUP93 PIK3CA->-PARP1,3,3,2.000000,2,2.777778e-02,
PIK3CA->-PARP1 PIK3CA->-RUNX1 RUNX1->-PARP1,3,3,2.000000,2,2.777778e-02,
TP53->-HLA-A,2,1,2.000000,2,2.500000e-01,
TP53->-NUP93,2,1,2.000000,2,5.000000e-01,
TP53->-RPS6KB2,2,1,2.000000,2,2.500000e-01,
APC->-RUNX1,2,1,2.000000,2,2.500000e-01,
ATR->-ARID2 PIK3CA->-ARID2 PIK3CA->-ATR PIK3CA->-PTPRS PTPRS->-ARID2 PTPRS->-ATR,4,6,2.000000,2,1.736111e-03,
ARID2->-KMT2D ERCC5->-ARID2 ERCC5->-KMT2D PIK3CA->-ARID2 PIK3CA->-ERCC5 PIK3CA->-KMT2D,4,6,2.000000,2,1.736111e-03,
ARID2->-KMT2D ERCC5->-ARID2 ERCC5->-KMT2D TP53->-ARID2 TP53->-ERCC5 TP53->-KMT2D,4,6,2.000000,2,1.736111e-03,
ATR->-KMT2D PIK3CA->-ATR PIK3CA->-KMT2D,3,3,2.000000,2,7.301418e-02,
NOTCH4->-KMT2D TP53->-KMT2D TP53->-NOTCH4,3,3,2.000000,2,6.681191e-02,
CARD11->-KMT2D PIK3CA->-CARD11 PIK3CA->-KMT2D,3,3,2.000000,2,4.549077e-02,
RUNX1->-INSR,2,1,2.000000,2,2.500000e-01,
FLT4->-NOTCH4 TP53->-FLT4 TP53->-NOTCH4,3,3,2.000000,2,1.381834e-02,
FGFR4->-MSH6 TP53->-FGFR4 TP53->-MSH6,3,3,2.000000,2,6.565657e-03,
TP53->-FLCN,2,1,2.000000,2,4.166667e-01,
ERCC4->-NCOR1,2,1,2.000000,2,3.708791e-01,
KMT2D->-NCOR1 SMAD2->-KMT2D SMAD2->-NCOR1,3,3,2.000000,2,2.777778e-02,
CREBBP->-KMT2C CREBBP->-NCOR1 KMT2C->-NCOR1,3,3,2.000000,2,2.777778e-02,
KMT2D->-FGFR2 TP53->-FGFR2 TP53->-KMT2D,3,3,2.000000,2,2.714184e-02,
PTPRT->-FGFR2 TP53->-FGFR2 TP53->-PTPRT,3,3,2.000000,2,2.714184e-02,
BRCA1->-CREBBP BRCA1->-KMT2C CREBBP->-KMT2C,3,3,2.000000,2,2.777778e-02,
PIK3C2G->-KMT2C,2,1,2.000000,2,4.821937e-01,
FOXP1->-PTPRT,2,1,2.000000,2,5.000000e-01,
RAD51->-KMT2D,2,1,2.000000,2,1.750000e-01,
CDH1->-PIK3CA FLCN->-CDH1 FLCN->-PIK3CA,3,3,2.000000,2,2.777778e-02,
AKT1->-TBX3,2,1,2.000000,2,2.500000e-01,
PIK3CA->-TP53 PIK3CA->-ZFHX3 ZFHX3->-TP53,3,3,2.000000,2,7.870370e-02,
ARID2->-EPHA5 TP53->-ARID2 TP53->-EPHA5,3,3,2.000000,2,1.306196e-01,
ZFHX3->-ARID2,2,1,2.000000,2,2.500000e-01,
CBFB->-MAP2K4,2,1,2.000000,2,1.750000e-01,
CTCF->-ERBB3 MAP3K1->-CTCF MAP3K1->-ERBB3,3,3,2.000000,2,1.810516e-02,
ATM->-JUN,2,1,2.000000,2,2.500000e-01,
FBXW7->-PIK3CA,2,1,2.000000,2,8.487500e-01,
BRCA2->-TP53,2,1,2.000000,2,9.992450e-01,
ABL1-/-FANCC,2,1,2.000000,2,9.696970e-02,
RHOA->-TBX3,2,1,2.000000,2,2.053571e-01,
FAT1->-RB1,2,1,2.000000,2,6.864035e-01,
PIK3CA->-GATA3 STK11->-GATA3 STK11->-PIK3CA,3,3,2.000000,2,2.446895e-02,
PIK3CA->-GATA3 ROS1->-GATA3 ROS1->-PIK3CA,3,3,2.000000,2,2.777778e-02,
FGFR4->-ROS1,2,1,2.000000,2,2.121212e-01,
TP53->-ASXL2,2,1,2.000000,2,4.250000e-01,
TP53->-EPHA3,2,1,2.000000,2,5.000000e-01,
TP53->-PPP2R1A,2,1,2.000000,2,1.409091e-01,
AKT2->-PTPRT,2,1,2.000000,2,2.500000e-01,
RICTOR->-ESR1,2,1,2.000000,2,7.696498e-01,
SUZ12->-PIK3CA,2,1,2.000000,2,6.482843e-01,
DNMT3A->-FAT1,2,1,2.000000,2,4.690476e-01,
DNMT1->-SPEN,2,1,2.000000,2,2.500000e-01,
APC->-SPEN,2,1,2.000000,2,7.556818e-01,
SMAD4->-ERCC4,2,1,2.000000,2,2.500000e-01,
APC->-DNMT1,2,1,2.000000,2,5.000000e-01,
BLM->-FAT1 BLM->-KDR FAT1->-KDR,3,3,2.000000,2,2.446895e-02,
FOXP1->-PTEN,2,1,2.000000,2,2.500000e-01,
AKT1->-DNMT1,2,1,2.000000,2,5.000000e-01,
AKT1->-SETD2 AKT1->-TET2 TET2->-SETD2,3,3,2.000000,2,2.777778e-02,
MAP2K4->-SETD2 MAP2K4->-TET2 TET2->-SETD2,3,3,2.000000,2,2.777778e-02,
AKT1->-RAD50,2,1,2.000000,2,2.500000e-01,
SMAD2->-RFWD2,2,1,2.000000,2,2.500000e-01,
CDH1->-AXIN2,2,1,2.000000,2,2.500000e-01,
MAP2K4->-ARID2,2,1,2.000000,2,2.500000e-01,
KMT2C->-NSD1,2,1,2.000000,2,7.863367e-01,
CDH1->-RET,2,1,2.000000,2,2.500000e-01,
ROS1->-IKZF1,2,1,2.000000,2,2.500000e-01,
ROS1->-MYC,2,1,2.000000,2,2.500000e-01,
ARID1A->-KDM5C PIK3CA->-ARID1A PIK3CA->-KDM5C,3,3,2.000000,2,7.407407e-02,
ARID1A->-SMAD4,2,1,2.000000,2,4.666667e-01,
LATS1->-ATR,2,1,2.000000,2,2.500000e-01,
LATS1->-RFWD2,2,1,2.000000,2,2.500000e-01,
KMT2D->-FGF4 PIK3CA->-FGF4 PIK3CA->-KMT2D,3,3,2.000000,2,2.342048e-02,
KMT2C->-EP300 KMT2D->-EP300 KMT2D->-KMT2C,3,3,2.000000,2,2.446895e-02,
SMAD4->-RFWD2,2,1,2.000000,2,2.500000e-01,
BCOR->-TSC2,2,1,2.000000,2,2.500000e-01,
TSC2->-KMT2C,2,1,2.000000,2,8.409141e-01,
SMAD2->-BCOR,2,1,2.000000,2,1.500000e-01,
AKT1-/-PIK3CA,2,1,2.000000,2,5.555556e-02,
NCOR1->-IKZF1,2,1,2.000000,2,4.166667e-01,
GATA3->-BRCA1,2,1,2.000000,2,7.625000e-01,
GATA3->-BCOR,2,1,2.000000,2,2.500000e-01,
IRS2->-FLT4 TP53->-FLT4 TP53->-IRS2,3,3,2.000000,2,1.484287e-03,
ASXL2->-TBX3,2,1,2.000000,2,2.500000e-01,
ASXL2->-ARID1A,2,1,2.000000,2,4.666667e-01,
CDH1->-ASXL2,2,1,2.000000,2,5.000000e-01,
FOXA1->-ARID1B,2,1,2.000000,2,2.500000e-01,
KDR->-KMT2A,2,1,2.000000,2,2.500000e-01,
ARID1B->-KDR ARID1B->-PIK3CA PIK3CA->-KDR,3,3,2.000000,2,2.446895e-02,
GPS2->-JAK2,2,1,2.000000,2,2.500000e-01,
EPHA5->-TP53,2,1,2.000000,2,9.945999e-01,
CDH1->-HIST1H1C CDH1->-PIK3CA PIK3CA->-HIST1H1C,3,3,2.000000,2,1.944444e-02,
PIK3CA->-MYCN,2,1,2.000000,2,2.500000e-01,
GATA3->-NOTCH4 GATA3->-PIK3CA PIK3CA->-NOTCH4,3,3,2.000000,2,2.777778e-02,
GATA3->-DICER1,2,1,2.000000,2,2.500000e-01,
GATA3->-HIST1H1C,2,1,2.000000,2,2.500000e-01,
PIK3CA->-SHQ1,2,1,2.000000,2,2.190476e-01,
BLM->-GATA3,2,1,2.000000,2,4.889706e-01,
CDH1->-PIK3CA RAD52->-CDH1 RAD52->-PIK3CA,3,3,2.000000,2,2.446895e-02,
CDH1->-PIK3CA STK11->-CDH1 STK11->-PIK3CA,3,3,2.000000,2,6.855937e-02,
MAP2K2->-KMT2C,2,1,2.000000,2,2.389706e-01,
FAT1->-GATA3,2,1,2.000000,2,8.680847e-01,
RAD52->-GATA3,2,1,2.000000,2,2.389706e-01,
ARID1B->-GATA3,2,1,2.000000,2,4.889706e-01,
STK11->-PTCH1,2,1,2.000000,2,2.389706e-01,
TP53->-MALT1,2,1,2.000000,2,2.500000e-01,
GATA3-/-PIK3CA,2,1,2.000000,2,9.810769e-01,
MAP3K1->-ALK,2,1,2.000000,2,6.238889e-01,
MAP3K1->-FANCA,2,1,2.000000,2,4.812745e-01,
MAP3K1->-KLF4,2,1,2.000000,2,2.500000e-01,
TBX3-/-ZFHX3,2,1,2.000000,2,1.244444e-01,
TP53->-PLCG2,2,1,2.000000,2,1.573668e-01,
TP53->-CD79B,2,1,2.000000,2,1.620370e-01,
EP300-/-PIK3CG TP53->-EP300 TP53->-PIK3CG,3,3,2.000000,2,2.932099e-03,
TP53->-SMAD4,2,1,2.000000,2,7.544643e-01,
TBX3->-NCOA3,2,1,2.000000,2,2.500000e-01,
TBX3->-IKZF1,2,1,2.000000,2,1.666667e-01,
AKT1->-CTCF AKT1->-PTCH1 CTCF->-PTCH1,3,3,2.000000,2,5.555556e-03,
PTCH1->-PAK7 SOX9->-PAK7 SOX9->-PTCH1,3,3,2.000000,2,2.777778e-02,
PTCH1->-PAK7 TBX3->-PAK7 TBX3->-PTCH1,3,3,2.000000,2,2.777778e-02,
KDM5C->-MAP3K1,2,1,2.000000,2,2.500000e-01,
PIK3CA->-MEF2B,2,1,2.000000,2,2.500000e-01,
GLI1->-GATA3,2,1,2.000000,2,2.500000e-01,
CBFB->-MEN1,2,1,2.000000,2,2.500000e-01,
TP53->-FANCC,2,1,2.000000,2,3.439394e-01,
NOTCH3->-BLM TP53->-BLM TP53->-NOTCH3,3,3,2.000000,2,1.190476e-02,
GATA3->-AKT1,2,1,2.000000,2,9.920092e-01,
SPEN->-PTPRD,2,1,2.000000,2,1.666667e-01,
MDC1->-TP53,2,1,2.000000,2,9.562720e-01,
KMT2A->-NOTCH1,2,1,2.000000,2,2.500000e-01,
IDH1->-PIK3CA,2,1,2.000000,2,5.941027e-01,
IDH1->-SETD2 TP53->-IDH1 TP53->-SETD2,3,3,2.000000,2,2.714184e-02,
MDC1->-CREBBP,2,1,2.000000,2,5.000000e-01,
RAD52->-CREBBP,2,1,2.000000,2,2.500000e-01,
RAD52->-BRCA1,2,1,2.000000,2,2.500000e-01,
CHEK2->-CREBBP,2,1,2.000000,2,1.833333e-01,
JAK1->-MDC1,2,1,2.000000,2,2.500000e-01,
KMT2C->-TNFAIP3,2,1,2.000000,2,1.805556e-01,
KMT2C->-ARID2,2,1,2.000000,2,6.875000e-01,
BRCA2->-GATA3,2,1,2.000000,2,6.642857e-01,
BRCA2->-ARID2,2,1,2.000000,2,2.500000e-01,
CARD11->-ESR1,2,1,2.000000,2,3.941906e-01,
ESR1->-POLD1,2,1,2.000000,2,1.750000e-01,
FAT1->-TET1,2,1,2.000000,2,8.828325e-01,
GATA3->-TET1,2,1,2.000000,2,2.500000e-01,
MDC1->-FAT1,2,1,2.000000,2,2.190476e-01,
FOXA1->-PTEN,2,1,2.000000,2,6.690628e-01,
FBXW7->-KMT2D TP53->-FBXW7 TP53->-KMT2D,3,3,2.000000,2,6.944444e-03,
PTPRS->-MGA STK11->-MGA STK11->-PTPRS,3,3,2.000000,2,2.777778e-02,
PTPRS->-PIK3CA STK11->-PIK3CA STK11->-PTPRS,3,3,2.000000,2,2.777778e-02,
CDH1->-RUNX1 CDH1->-TBX3 RUNX1->-TBX3,3,3,2.000000,2,1.319444e-01,
ARAF->-PIK3CA,2,1,2.000000,2,7.215713e-01,
PIK3CG->-CDC73,2,1,2.000000,2,1.658163e-01,
NF1->-ARID2 PIK3CA->-ARID2 PIK3CA->-NF1,3,3,2.000000,2,2.777778e-02,
KMT2D->-FLT3,2,1,2.000000,2,2.500000e-01,
PIK3CA->-LATS2,2,1,2.000000,2,8.558114e-01,
EP300->-TP53,2,1,2.000000,2,9.929244e-01,
NFE2L2->-GATA3,2,1,2.000000,2,2.500000e-01,
ARID1B->-NFE2L2,2,1,2.000000,2,4.821937e-01,
MAP2K4->-FAT1,2,1,2.000000,2,4.513158e-01,
PDGFRA->-ARID2,2,1,2.000000,2,2.500000e-01,
PIK3R1->-NF1,2,1,2.000000,2,9.214913e-01,
NF1->-EPHB1,2,1,2.000000,2,2.261905e-01,
PIK3R1->-EPHB1,2,1,2.000000,2,2.500000e-01,
EPHA5->-ALK TP53->-ALK TP53->-EPHA5,3,3,2.000000,2,2.777778e-02,
SPEN->-ALK,2,1,2.000000,2,2.500000e-01,
TET1->-SPEN TP53->-SPEN TP53->-TET1,3,3,2.000000,2,2.777778e-02,
ARID1B->-ARID2 ARID1B->-IRS1 IRS1->-ARID2,3,3,2.000000,2,2.777778e-02,
AR->-ARID2 AR->-IRS1 IRS1->-ARID2,3,3,2.000000,2,2.777778e-02,
ARID1B->-ROS1 TP53->-ARID1B TP53->-ROS1,3,3,2.000000,2,2.777778e-02,
MAP3K1->-ATRX TP53->-ATRX TP53->-MAP3K1,3,3,2.000000,2,1.810516e-02,
MAP3K1->-ARID1B,2,1,2.000000,2,6.741453e-01,
MAP3K1->-PIK3R1,2,1,2.000000,2,6.741453e-01,
FAT1->-ARID1B TP53->-ARID1B TP53->-FAT1,3,3,2.000000,2,6.855937e-02,
FAT1->-IRS1,2,1,2.000000,2,2.500000e-01,
NOTCH2->-FAT1,2,1,2.000000,2,1.904762e-01,
GATA3->-IRS2,2,1,2.000000,2,5.000000e-01,
TP53->-STAT3,2,1,2.000000,2,3.871795e-01,
JAK3->-PIK3CA,2,1,2.000000,2,8.852155e-01,
BCOR->-PIK3CA,2,1,2.000000,2,9.813285e-01,
CDH1->-ERBB3 CDH1->-TBX3 TBX3->-ERBB3,3,3,2.000000,2,2.777778e-02,
TP53->-HIST1H3J,2,1,2.000000,2,9.000000e-02,
AKT1->-LATS2,2,1,2.000000,2,1.083333e-01,
TP53->-HIST1H3C,2,1,2.000000,2,2.053571e-01,
NF1->-NBN,2,1,2.000000,2,2.500000e-01,
LATS2->-TP53,2,1,2.000000,2,6.026786e-01,
CARD11->-PIK3CG,2,1,2.000000,2,4.222222e-01,
MAP2K4->-NF1 MAP2K4->-TET2 NF1->-TET2,3,3,2.000000,2,2.258852e-02,
NF1->-STAG2,2,1,2.000000,2,1.666667e-01,
RUNX1->-ARID1A,2,1,2.000000,2,7.791667e-01,
ERBB3-/-KMT2C TP53->-ERBB3 TP53->-KMT2C,3,3,2.000000,2,1.326531e-03,
MGA->-ATRX,2,1,2.000000,2,2.104377e-01,
ROS1->-ATRX,2,1,2.000000,2,4.601371e-01,
FGFR4->-CD79A,2,1,2.000000,2,2.121212e-01,
KMT2A->-CD79A,2,1,2.000000,2,2.121212e-01,
FGFR4->-GRIN2A,2,1,2.000000,2,2.121212e-01,
JAK1->-ROS1,2,1,2.000000,2,2.121212e-01,
NOTCH3->-PALB2,2,1,2.000000,2,2.500000e-01,
PIK3R1->-EPHA7,2,1,2.000000,2,2.371795e-01,
NOTCH4->-EIF4A2,2,1,2.000000,2,2.500000e-01,
TMPRSS2->-TP53,2,1,2.000000,2,1.444444e-01,
TP53->-UPF1,2,1,2.000000,2,4.458333e-01,
MAP3K1->-PDGFRB,2,1,2.000000,2,2.104680e-01,
KMT2D->-FLT1,2,1,2.000000,2,2.266082e-01,
PIK3CA->-BTK,2,1,2.000000,2,4.583333e-01,
ATM-/-HIST1H3J,2,1,2.000000,2,1.818182e-01,
MGA->-RB1,2,1,2.000000,2,4.980159e-01,
KMT2C->-GRIN2A,2,1,2.000000,2,1.772727e-01,
TBX3->-GRIN2A,2,1,2.000000,2,2.500000e-01,
AKT1->-ERBB4,2,1,2.000000,2,2.500000e-01,
KDM6A->-TP53,2,1,2.000000,2,9.694574e-01,
MAP3K1->-DDR2,2,1,2.000000,2,1.675824e-01,
MAP3K1->-PTEN,2,1,2.000000,2,9.878653e-01,
RB1->-SPEN,2,1,2.000000,2,3.583333e-01,
RB1->-CDH1,2,1,2.000000,2,9.411458e-01,
CDH1-/-TBX3,2,1,2.000000,2,7.444849e-01,
RHOA->-PTPN11,2,1,2.000000,2,1.607143e-01,
ERBB3->-PTPRD FGFR4->-ERBB3 FGFR4->-PTPRD,3,3,2.000000,2,6.565657e-03,
PIK3CA->-FAM175A,2,1,2.000000,2,3.722222e-01,
CREBBP->-NUP93,2,1,2.000000,2,3.928571e-01,
TBX3->-ARID1A,2,1,2.000000,2,7.263408e-01,
CDH1->-CIC,2,1,2.000000,2,1.507937e-01,
ALK->-ARID1A TP53->-ALK TP53->-ARID1A,3,3,2.000000,2,2.777778e-02,
KRAS->-ALK,2,1,2.000000,2,2.500000e-01,
STK11->-ARID1A,2,1,2.000000,2,5.000000e-01,
NCOR1->-BCOR,2,1,2.000000,2,5.000000e-01,
BCOR->-RUNX1,2,1,2.000000,2,2.500000e-01,
SF3B1->-ARID1A,2,1,2.000000,2,2.500000e-01,
FANCA->-PARP1,2,1,2.000000,2,2.012346e-01,
FANCA->-PIK3R1,2,1,2.000000,2,2.012346e-01,
KMT2C->-TSC2 PTEN->-KMT2C PTEN->-TSC2,3,3,2.000000,2,1.271979e-02,
TSC2->-GRIN2A,2,1,2.000000,2,1.772727e-01,
GATA3->-FGFR2,2,1,2.000000,2,2.500000e-01,
NOTCH3->-ALK,2,1,2.000000,2,2.500000e-01,
PTEN->-MSH2,2,1,2.000000,2,2.500000e-01,
ROS1->-MAP3K1 TP53->-MAP3K1 TP53->-ROS1,3,3,2.000000,2,7.407407e-02,
BRCA1->-MDC1,2,1,2.000000,2,3.750000e-01,
MDC1->-KMT2C PIK3CA->-KMT2C PIK3CA->-MDC1,3,3,2.000000,2,2.777778e-02,
TSC2->-MAP3K1,2,1,2.000000,2,4.961601e-01,
GATA3->-KMT2D,2,1,2.000000,2,6.792279e-01,
PPP2R1A->-ARID1A,2,1,2.000000,2,3.492424e-01,
EGFR-/-PIK3CA,2,1,2.000000,2,1.000000e-01,
CDH1-/-PIK3CA,2,1,2.000000,2,9.696264e-01,
NF1->-ATR,2,1,2.000000,2,4.500000e-01,
FLT4->-GATA3,2,1,2.000000,2,4.500000e-01,
KLF4->-ARID1A,2,1,2.000000,2,2.083333e-01,
ARID1A->-FLT4,2,1,2.000000,2,4.166667e-01,
PIK3CA->-GLI1 PIK3CA->-PTCH1 PTCH1->-GLI1,3,3,2.000000,2,2.714184e-02,
PIK3CA->-ARID2 PIK3CA->-PTCH1 PTCH1->-ARID2,3,3,2.000000,2,2.714184e-02,
PIK3CA->-ATR PIK3CA->-PTCH1 PTCH1->-ATR,3,3,2.000000,2,2.714184e-02,
PTCH1->-KMT2D,2,1,2.000000,2,4.869865e-01,
PIK3CA->-BCOR PIK3CA->-PTCH1 PTCH1->-BCOR,3,3,2.000000,2,2.714184e-02,
KMT2D->-ARID1A TP53->-ARID1A TP53->-KMT2D,3,3,2.000000,2,7.301418e-02,
KMT2D->-BCOR,2,1,2.000000,2,4.980159e-01,
PTPRT->-BCOR,2,1,2.000000,2,2.480159e-01,
ATRX->-RB1,2,1,2.000000,2,6.452794e-01,
HIST1H3I->-HNF1A ROS1->-HIST1H3I ROS1->-HNF1A,3,3,2.000000,2,2.714184e-02,
HIST1H3I->-HNF1A PIK3CA->-HIST1H3I PIK3CA->-HNF1A,3,3,2.000000,2,2.714184e-02,
SETD2->-BCOR,2,1,2.000000,2,2.480159e-01,
HIST1H3I->-GATA3 PIK3CA->-GATA3 PIK3CA->-HIST1H3I,3,3,2.000000,2,2.777778e-02,
LATS2->-GATA3,2,1,2.000000,2,2.500000e-01,
ERBB2->-PIK3CA KMT2C->-ERBB2 KMT2C->-PIK3CA,3,3,2.000000,2,1.725941e-01,
PIK3CA->-CSF1R,2,1,2.000000,2,4.821429e-01,
PIK3CA->-ALOX12B,2,1,2.000000,2,2.500000e-01,
JAK3->-RAD21 TP53->-JAK3 TP53->-RAD21,3,3,2.000000,2,9.236111e-03,
KMT2C->-GLI1,2,1,2.000000,2,4.697802e-01,
IRS1->-PTCH1,2,1,2.000000,2,2.500000e-01,
AR->-KMT2A AR->-PIK3CA PIK3CA->-KMT2A,3,3,2.000000,2,2.777778e-02,
AR->-KMT2A AR->-PDGFRA AR->-PTPRS PDGFRA->-KMT2A PDGFRA->-PTPRS PTPRS->-KMT2A,4,6,2.000000,2,1.736111e-03,
CDH1->-ERBB2 CDH1->-PTPRS ERBB2->-PTPRS,3,3,2.000000,2,2.777778e-02,
ERBB2->-PDGFRA,2,1,2.000000,2,2.500000e-01,
KMT2C->-PDGFRA,2,1,2.000000,2,2.500000e-01,
ARID2->-PIK3CG,2,1,2.000000,2,2.166667e-01,
PIK3CA->-AXIN1,2,1,2.000000,2,1.400000e-01,
PALB2->-PIK3CA,2,1,2.000000,2,8.358719e-01,
GATA3-/-SPEN,2,1,2.000000,2,4.420669e-01,
GATA3-/-PTPRS,2,1,2.000000,2,1.515152e-01,
STAG2->-MAP3K1,2,1,2.000000,2,5.000000e-01,
RB1->-PTPRD TP53->-PTPRD TP53->-RB1,3,3,2.000000,2,1.111111e-02,
CBFB->-SF3B1,2,1,2.000000,2,2.500000e-01,
FAT1-/-IKZF1 IKZF1-/-PIK3CA PIK3CA->-FAT1,3,3,2.000000,2,1.473923e-03,
FAT1-/-IKZF1 IKZF1-/-PIK3CB PIK3CB->-FAT1,3,3,2.000000,2,1.473923e-03,
DNMT3A->-NSD1 TP53->-DNMT3A TP53->-NSD1,3,3,2.000000,2,2.222222e-02,
PIK3CB->-RAD54L,2,1,2.000000,2,3.898810e-01,
MDC1->-RAD54L PIK3CA->-MDC1 PIK3CA->-RAD54L,3,3,2.000000,2,2.222222e-02,
PIK3CA->-PIK3R3,2,1,2.000000,2,6.875000e-01,
CDH1->-MGA CDH1->-PIK3CA MGA->-PIK3CA,3,3,2.000000,2,2.777778e-02,
CDH1->-PDGFRB CDH1->-PTPRS PTPRS->-PDGFRB,3,3,2.000000,2,2.469136e-02,
PTEN->-INPPL1,2,1,2.000000,2,5.000000e-01,
KMT2B->-KMT2A,2,1,2.000000,2,2.500000e-01,
KMT2D->-FOXP1,2,1,2.000000,2,5.000000e-01,
PTCH1-/-TP53,2,1,2.000000,2,2.669701e-01,
ARID1A->-ALK,2,1,2.000000,2,6.875000e-01,
ERBB4-/-NF2 TP53->-ERBB4 TP53->-NF2,3,3,2.000000,2,4.144004e-03,
AKT1->-SPEN,2,1,2.000000,2,3.571429e-01,
MAP3K1->-RUNX1,2,1,2.000000,2,7.708333e-01,
LATS1->-TP53,2,1,2.000000,2,8.125000e-01,
RET->-PIK3CA,2,1,2.000000,2,4.166667e-01,
TP53->-EED,2,1,2.000000,2,1.500000e-01,
MDC1->-APC NOTCH4->-APC NOTCH4->-MDC1,3,3,2.000000,2,2.777778e-02,
APC->-PDGFRB,2,1,2.000000,2,2.321937e-01,
JAK1->-PDGFRB,2,1,2.000000,2,2.500000e-01,
TP53->-PARK2,2,1,2.000000,2,2.500000e-01,
KMT2C->-E2F3,2,1,2.000000,2,2.321937e-01,
RB1->-HIST1H3G,2,1,2.000000,2,2.500000e-01,
CDKN1B->-ESR1 CDKN1B->-PIK3CA ESR1->-PIK3CA,3,3,2.000000,2,2.777778e-02,
TP53->-EGFL7,2,1,2.000000,2,2.500000e-01,
KMT2B->-PIK3CA,2,1,2.000000,2,5.000000e-01,
KMT2B->-PTPRS,2,1,2.000000,2,2.500000e-01,
PIK3R1->-MAP3K1,2,1,2.000000,2,6.741453e-01,
ARID1A->-XPO1,2,1,2.000000,2,2.500000e-01,
CDH1->-PIK3CA CDH1->-XPO1 PIK3CA->-XPO1,3,3,2.000000,2,2.777778e-02,
NFE2L2->-PDGFRB,2,1,2.000000,2,2.321937e-01,
FANCA->-MED12,2,1,2.000000,2,2.321937e-01,
LATS1->-PIK3CA,2,1,2.000000,2,6.510417e-01,
ARID1B->-MAP3K1,2,1,2.000000,2,6.741453e-01,
ERBB3->-ARID2,2,1,2.000000,2,4.175824e-01,
