pattern,n_nodes,n_edges,s_exp,s_theta,pval_exp,pval_theta
CDH1->-PIK3CA,2,1,101.000000,101,4.112431e-12,
TP53->-PIK3CA,2,1,84.000000,84,2.388716e-02,
PIK3CA->-TP53,2,1,69.000000,69,6.746619e-01,
MAP3K1->-PIK3CA,2,1,48.000000,48,4.201497e-02,
PIK3CA->-GATA3,2,1,42.000000,42,2.381654e-01,
TP53->-PTEN,2,1,38.000000,38,2.463871e-05,
GATA3->-PIK3CA,2,1,37.000000,37,6.574787e-01,
PIK3CA->-KMT2C,2,1,34.000000,34,2.254158e-02,
PIK3CA->-MAP3K1,2,1,33.000000,33,9.446809e-01,
CBFB->-PIK3CA,2,1,33.000000,33,2.659436e-06,
TP53->-KMT2C,2,1,29.000000,29,4.233071e-05,
PIK3CA->-KMT2C TP53->-KMT2C TP53->-PIK3CA,3,3,5.000000,5,4.094786e-02,
PIK3CA->-KMT2C PIK3CA->-TP53 TP53->-KMT2C,3,3,3.000000,3,3.350695e-01,
PIK3CA->-ESR1,2,1,29.000000,29,2.116263e-02,
PIK3CA->-CDH1,2,1,28.000000,28,1.000000e+00,
PIK3CA->-FOXA1,2,1,27.000000,27,6.492541e-03,
TP53->-NF1,2,1,27.000000,27,4.397361e-03,
CDH1->-TP53,2,1,26.000000,26,1.170565e-01,
CDH1->-PIK3CA CDH1->-TP53 TP53->-PIK3CA,3,3,2.000000,2,6.269930e-01,
CDH1->-PIK3CA CDH1->-TP53 PIK3CA->-TP53,3,3,2.000000,2,6.269930e-01,
TP53->-MAP3K1,2,1,24.000000,24,2.203320e-04,
MAP3K1->-PIK3CA TP53->-MAP3K1 TP53->-PIK3CA,3,3,2.000000,2,4.152552e-01,
PIK3CA->-MAP3K1 TP53->-MAP3K1 TP53->-PIK3CA,3,3,2.000000,2,4.152552e-01,
PIK3CA->-MAP3K1 PIK3CA->-TP53 TP53->-MAP3K1,3,3,2.000000,2,4.152552e-01,
CDH1->-KMT2C,2,1,24.000000,24,1.447995e-04,
CDH1->-KMT2C CDH1->-PIK3CA PIK3CA->-KMT2C,3,3,7.000000,7,5.110201e-03,
CDH1->-KMT2C CDH1->-TP53 TP53->-KMT2C,3,3,2.000000,2,3.675958e-01,
TP53->-KMT2D,2,1,24.000000,24,2.434696e-06,
PIK3CA->-ARID1A,2,1,21.000000,21,1.696252e-01,
TP53->-RB1,2,1,21.000000,21,5.252095e-03,
CBFB->-GATA3,2,1,21.000000,21,2.755819e-04,
CBFB->-GATA3 CBFB->-PIK3CA PIK3CA->-GATA3,3,3,5.000000,5,6.348451e-02,
CBFB->-GATA3 CBFB->-PIK3CA GATA3->-PIK3CA,3,3,6.000000,6,1.728822e-02,
CDH1->-FOXA1,2,1,19.000000,19,6.920245e-04,
CDH1->-FOXA1 CDH1->-PIK3CA PIK3CA->-FOXA1,3,3,8.000000,8,3.071442e-04,
CDH1->-MAP3K1,2,1,19.000000,19,9.601322e-04,
CDH1->-MAP3K1 CDH1->-PIK3CA MAP3K1->-PIK3CA,3,3,4.000000,4,2.315192e-01,
CDH1->-MAP3K1 CDH1->-PIK3CA PIK3CA->-MAP3K1,3,3,8.000000,8,1.257451e-03,
CDH1->-MAP3K1 CDH1->-TP53 TP53->-MAP3K1,3,3,3.000000,3,1.620370e-02,
PIK3CA->-SF3B1,2,1,19.000000,19,2.002716e-05,
PIK3CA->-FAT1,2,1,19.000000,19,1.600398e-03,
KMT2C->-PIK3CA,2,1,19.000000,19,9.806415e-01,
CDH1->-KMT2C CDH1->-PIK3CA KMT2C->-PIK3CA,3,3,5.000000,5,7.686909e-02,
AKT1->-TP53,2,1,19.000000,19,5.779056e-05,
TP53->-NCOR1,2,1,19.000000,19,1.035431e-02,
PIK3CA->-RUNX1,2,1,19.000000,19,1.422388e-02,
TP53->-CDH1,2,1,19.000000,19,8.186969e-01,
CDH1->-PIK3CA TP53->-CDH1 TP53->-PIK3CA,3,3,5.000000,5,4.054852e-02,
CDH1->-KMT2C TP53->-CDH1 TP53->-KMT2C,3,3,3.000000,3,1.184743e-01,
TP53->-ARID1A,2,1,18.000000,18,5.280559e-04,
PIK3CA->-ARID1A TP53->-ARID1A TP53->-PIK3CA,3,3,2.000000,2,3.129591e-01,
PIK3CA->-ARID1A PIK3CA->-TP53 TP53->-ARID1A,3,3,3.000000,3,8.810060e-02,
CDH1->-ERBB2,2,1,18.000000,18,1.320598e-01,
TP53->-FAT1,2,1,18.000000,18,1.333002e-04,
PIK3CA->-FAT1 TP53->-FAT1 TP53->-PIK3CA,3,3,4.000000,4,3.977659e-02,
PIK3CA->-FAT1 PIK3CA->-TP53 TP53->-FAT1,3,3,3.000000,3,1.573356e-01,
ESR1->-PIK3CA,2,1,17.000000,17,9.395254e-01,
CDH1->-ARID1A,2,1,17.000000,17,2.731976e-03,
CDH1->-ARID1A CDH1->-PIK3CA PIK3CA->-ARID1A,3,3,5.000000,5,6.379529e-02,
CDH1->-ARID1A PIK3CA->-ARID1A PIK3CA->-CDH1,3,3,2.000000,2,6.902380e-01,
CDH1->-ARID1A CDH1->-TP53 TP53->-ARID1A,3,3,2.000000,2,1.112514e-01,
CDH1->-TBX3,2,1,17.000000,17,6.928446e-02,
TBX3->-PIK3CA,2,1,17.000000,17,2.856516e-01,
CDH1->-PIK3CA CDH1->-TBX3 TBX3->-PIK3CA,3,3,5.000000,5,5.943137e-02,
TP53->-GATA3,2,1,17.000000,17,3.608832e-02,
PIK3CA->-GATA3 TP53->-GATA3 TP53->-PIK3CA,3,3,3.000000,3,1.530286e-01,
PIK3CA->-GATA3 PIK3CA->-TP53 TP53->-GATA3,3,3,3.000000,3,1.530286e-01,
MAP2K4->-PIK3CA,2,1,17.000000,17,8.430207e-02,
PIK3CA->-NCOR1,2,1,17.000000,17,4.377318e-01,
NCOR1->-PIK3CA,2,1,16.000000,16,5.748355e-01,
NCOR1->-PIK3CA TP53->-NCOR1 TP53->-PIK3CA,3,3,3.000000,3,1.443886e-01,
PIK3CA->-KMT2D,2,1,15.000000,15,9.809057e-03,
PIK3CA->-KMT2D TP53->-KMT2D TP53->-PIK3CA,3,3,4.000000,4,5.723272e-02,
PIK3CA->-KMT2D PIK3CA->-TP53 TP53->-KMT2D,3,3,5.000000,5,1.200289e-02,
CDH1->-RUNX1,2,1,15.000000,15,7.155777e-02,
CDH1->-PIK3CA CDH1->-RUNX1 PIK3CA->-RUNX1,3,3,5.000000,5,2.050997e-02,
CDH1->-RUNX1 PIK3CA->-CDH1 PIK3CA->-RUNX1,3,3,2.000000,2,5.415330e-01,
TP53->-ARID2,2,1,15.000000,15,8.473671e-06,
TP53->-PIK3R1,2,1,15.000000,15,9.631628e-03,
TP53->-PTPRD,2,1,15.000000,15,3.175031e-06,
CDH1->-NCOR1,2,1,15.000000,15,1.926043e-02,
CDH1->-NCOR1 TP53->-CDH1 TP53->-NCOR1,3,3,2.000000,2,3.883461e-01,
CDH1->-NCOR1 CDH1->-PIK3CA PIK3CA->-NCOR1,3,3,3.000000,3,2.111623e-01,
CDH1->-NCOR1 CDH1->-PIK3CA NCOR1->-PIK3CA,3,3,4.000000,4,6.343402e-02,
ARID1A->-PIK3CA,2,1,14.000000,14,9.142435e-01,
ARID1A->-PIK3CA CDH1->-ARID1A CDH1->-PIK3CA,3,3,5.000000,5,6.379529e-02,
TP53->-NSD1,2,1,14.000000,14,9.765625e-06,
TP53->-RUNX1,2,1,14.000000,14,1.855684e-02,
PIK3CA->-RUNX1 PIK3CA->-TP53 TP53->-RUNX1,3,3,2.000000,2,1.962449e-01,
CDH1->-RUNX1 CDH1->-TP53 TP53->-RUNX1,3,3,2.000000,2,7.407407e-02,
PIK3CA->-TBX3,2,1,14.000000,14,6.923835e-01,
CDH1->-PIK3CA CDH1->-TBX3 PIK3CA->-TBX3,3,3,3.000000,3,3.925520e-01,
PIK3CA->-ATR,2,1,13.000000,13,6.081710e-03,
TP53->-ATR,2,1,13.000000,13,8.008502e-03,
APC->-KMT2D APC->-MGA MGA->-KMT2D PIK3CA->-APC PIK3CA->-KMT2D PIK3CA->-MGA PIK3CA->-TP53 TP53->-APC TP53->-KMT2D TP53->-MGA,5,10,2.000000,2,3.998667e-04,
APC->-ARID2 APC->-MGA MGA->-ARID2 PIK3CA->-APC PIK3CA->-ARID2 PIK3CA->-MGA PIK3CA->-TP53 TP53->-APC TP53->-ARID2 TP53->-MGA,5,10,2.000000,2,4.131956e-04,
APC->-ATR APC->-CARD11 APC->-MGA CARD11->-ATR MGA->-ATR MGA->-CARD11 PIK3CA->-APC PIK3CA->-ATR PIK3CA->-CARD11 PIK3CA->-MGA PIK3CA->-TP53 TP53->-APC TP53->-ATR TP53->-CARD11 TP53->-MGA,6,15,2.000000,2,3.412196e-04,
TP53->-CREBBP,2,1,13.000000,13,1.840733e-03,
TP53->-BRCA2,2,1,13.000000,13,1.185152e-03,
CDH1->-ESR1,2,1,13.000000,13,7.314789e-02,
CDH1->-ESR1 CDH1->-PIK3CA PIK3CA->-ESR1,3,3,4.000000,4,7.094479e-03,
PTEN->-PIK3CA,2,1,13.000000,13,4.735364e-01,
PTEN->-PIK3CA TP53->-PIK3CA TP53->-PTEN,3,3,2.000000,2,4.372545e-01,
TP53->-STAG2,2,1,13.000000,13,3.391188e-03,
TP53->-KMT2A,2,1,13.000000,13,1.389900e-04,
PIK3CA->-PTEN,2,1,13.000000,13,4.735364e-01,
PIK3CA->-PTEN TP53->-PIK3CA TP53->-PTEN,3,3,2.000000,2,4.372545e-01,
PIK3CA->-PTEN PIK3CA->-TP53 TP53->-PTEN,3,3,6.000000,6,9.891923e-04,
MEN1->-GATA3,2,1,12.000000,12,2.441406e-04,
PTEN->-TP53,2,1,12.000000,12,9.997811e-01,
MAP3K1->-GATA3,2,1,12.000000,12,4.635592e-01,
GATA3->-PIK3CA MAP3K1->-GATA3 MAP3K1->-PIK3CA,3,3,6.000000,6,3.259174e-02,
MAP3K1->-GATA3 PIK3CA->-GATA3 PIK3CA->-MAP3K1,3,3,2.000000,2,7.566045e-01,
PIK3CA->-SPEN,2,1,12.000000,12,6.910137e-02,
FOXA1->-PIK3CA,2,1,12.000000,12,9.916641e-01,
CDH1->-FOXA1 CDH1->-PIK3CA FOXA1->-PIK3CA,3,3,3.000000,3,3.620529e-01,
NF1->-TP53,2,1,12.000000,12,9.883053e-01,
NF1->-PIK3CA,2,1,12.000000,12,3.171074e-01,
NF1->-PIK3CA TP53->-NF1 TP53->-PIK3CA,3,3,3.000000,3,2.913404e-01,
NF1->-PIK3CA NF1->-TP53 TP53->-PIK3CA,3,3,4.000000,4,1.072208e-01,
TP53->-FLT4,2,1,12.000000,12,6.516425e-05,
TP53->-APC,2,1,12.000000,12,4.613607e-04,
PIK3CA->-PTPRT,2,1,12.000000,12,5.123384e-03,
PIK3CA->-RICTOR,2,1,11.000000,11,1.525181e-03,
TP53->-FOXA1,2,1,11.000000,11,5.952825e-02,
PIK3CA->-FOXA1 TP53->-FOXA1 TP53->-PIK3CA,3,3,3.000000,3,1.231255e-01,
PIK3CA->-FOXA1 PIK3CA->-TP53 TP53->-FOXA1,3,3,2.000000,2,3.757874e-01,
CDH1->-FOXA1 CDH1->-TP53 TP53->-FOXA1,3,3,2.000000,2,1.890252e-01,
CDH1->-FOXA1 TP53->-CDH1 TP53->-FOXA1,3,3,2.000000,2,1.890252e-01,
PIK3CA->-RB1,2,1,11.000000,11,2.094942e-01,
PIK3CA->-RB1 TP53->-PIK3CA TP53->-RB1,3,3,2.000000,2,3.933353e-01,
PIK3CA->-RB1 PIK3CA->-TP53 TP53->-RB1,3,3,4.000000,4,3.025886e-02,
TP53->-CDKN2A,2,1,11.000000,11,1.566659e-02,
TP53->-PTPRS,2,1,11.000000,11,5.149177e-05,
TP53->-ERBB3,2,1,11.000000,11,6.691952e-05,
TP53->-ATM,2,1,11.000000,11,2.276822e-03,
TP53->-ESR1,2,1,11.000000,11,6.797239e-03,
PIK3CA->-ESR1 TP53->-ESR1 TP53->-PIK3CA,3,3,2.000000,2,1.264697e-01,
PIK3CA->-NOTCH4,2,1,11.000000,11,6.855191e-03,
GATA3->-ARID1A,2,1,11.000000,11,3.217370e-01,
GATA3->-ARID1A PIK3CA->-ARID1A PIK3CA->-GATA3,3,3,3.000000,3,1.026130e-01,
GATA3->-ARID1A GATA3->-PIK3CA MAP3K1->-ARID1A MAP3K1->-GATA3 MAP3K1->-PIK3CA PIK3CA->-ARID1A,4,6,2.000000,2,5.063657e-03,
GATA3->-MAP3K1,2,1,11.000000,11,6.274648e-01,
GATA3->-MAP3K1 GATA3->-PIK3CA MAP3K1->-PIK3CA,3,3,3.000000,3,4.904920e-01,
GATA3->-MAP3K1 GATA3->-PIK3CA PIK3CA->-MAP3K1,3,3,4.000000,4,2.512072e-01,
TP53->-TBX3,2,1,11.000000,11,1.528060e-01,
ESR1->-GATA3,2,1,11.000000,11,2.106659e-01,
ESR1->-GATA3 PIK3CA->-ESR1 PIK3CA->-GATA3,3,3,3.000000,3,1.782596e-01,
ESR1->-GATA3 ESR1->-PIK3CA PIK3CA->-GATA3,3,3,2.000000,2,4.573412e-01,
PIK3CA->-ATM,2,1,11.000000,11,2.741860e-01,
PIK3CA->-ATM PIK3CA->-TP53 TP53->-ATM,3,3,3.000000,3,7.344893e-02,
TP53->-ALK,2,1,11.000000,11,5.515689e-04,
CDH1->-CBFB,2,1,11.000000,11,2.747260e-01,
CBFB->-PIK3CA CDH1->-CBFB CDH1->-PIK3CA,3,3,5.000000,5,7.647681e-03,
TP53->-FBXW7,2,1,11.000000,11,5.418596e-03,
TP53->-SETD2,2,1,11.000000,11,4.732548e-05,
PIK3CA->-NF1,2,1,10.000000,10,6.479625e-01,
PIK3CA->-NF1 TP53->-NF1 TP53->-PIK3CA,3,3,3.000000,3,2.913404e-01,
PIK3CA->-NF1 PIK3CA->-TP53 TP53->-NF1,3,3,2.000000,2,5.862156e-01,
CDH1->-PTEN,2,1,10.000000,10,3.010605e-01,
TP53->-ATRX,2,1,10.000000,10,1.745142e-03,
TP53->-CARD11,2,1,10.000000,10,4.425343e-03,
TP53->-NOTCH2,2,1,10.000000,10,1.737723e-03,
TP53->-EP300,2,1,10.000000,10,1.189496e-02,
TP53->-MAP2K4,2,1,10.000000,10,2.079320e-01,
CDH1->-GATA3,2,1,10.000000,10,1.559387e-02,
CDH1->-GATA3 CDH1->-PIK3CA PIK3CA->-GATA3,3,3,3.000000,3,1.084367e-01,
CDH1->-GATA3 PIK3CA->-CDH1 PIK3CA->-GATA3,3,3,2.000000,2,3.499173e-01,
CDH1->-ESR1 CDH1->-GATA3 ESR1->-GATA3,3,3,3.000000,3,4.629630e-03,
CDH1->-ESR1 CDH1->-GATA3 CDH1->-PIK3CA ESR1->-GATA3 PIK3CA->-ESR1 PIK3CA->-GATA3,4,6,2.000000,2,1.736111e-03,
TP53->-NOTCH4,2,1,10.000000,10,5.189938e-04,
PIK3CA->-NOTCH4 PIK3CA->-TP53 TP53->-NOTCH4,3,3,3.000000,3,1.742829e-02,
TP53->-MED12,2,1,10.000000,10,2.120562e-02,
ERBB2->-CDH1,2,1,10.000000,10,9.667609e-01,
TP53->-ARID1B,2,1,10.000000,10,3.832971e-02,
ERBB2->-PIK3CA,2,1,10.000000,10,3.385595e-01,
CDH1->-ERBB2 CDH1->-PIK3CA ERBB2->-PIK3CA,3,3,5.000000,5,1.671604e-02,
TP53->-ARID5B,2,1,10.000000,10,2.281009e-04,
TP53->-EPHA5,2,1,10.000000,10,1.443281e-02,
TP53->-BARD1,2,1,10.000000,10,2.549138e-04,
TP53->-PTPRT,2,1,10.000000,10,2.923931e-03,
PIK3CA->-PTPRT TP53->-PIK3CA TP53->-PTPRT,3,3,3.000000,3,7.577645e-02,
PIK3CA->-PTPRT PIK3CA->-TP53 TP53->-PTPRT,3,3,4.000000,4,1.294038e-02,
PIK3CA->-KMT2A,2,1,10.000000,10,9.421181e-02,
PIK3CA->-KMT2A TP53->-KMT2A TP53->-PIK3CA,3,3,3.000000,3,2.777778e-02,
ATM->-PIK3CA,2,1,9.000000,9,6.189869e-01,
ATM->-PIK3CA TP53->-ATM TP53->-PIK3CA,3,3,2.000000,2,2.855510e-01,
KMT2C->-GATA3,2,1,9.000000,9,2.685789e-01,
KMT2C->-MAP3K1,2,1,9.000000,9,4.510547e-01,
KMT2C->-MAP3K1 PIK3CA->-KMT2C PIK3CA->-MAP3K1,3,3,4.000000,4,1.265566e-01,
KMT2C->-MAP3K1 KMT2C->-PIK3CA MAP3K1->-PIK3CA,3,3,2.000000,2,6.152973e-01,
TP53->-EPHB1,2,1,9.000000,9,1.851090e-03,
ARID1A->-GATA3,2,1,9.000000,9,6.683959e-01,
ARID1A->-GATA3 ARID1A->-PIK3CA PIK3CA->-GATA3,3,3,2.000000,2,3.396463e-01,
AKT1->-CDH1,2,1,9.000000,9,4.509048e-01,
AKT1->-CDH1 AKT1->-TP53 CDH1->-TP53,3,3,3.000000,3,3.549383e-02,
PIK3CA->-ARID2,2,1,9.000000,9,6.493569e-02,
PIK3CA->-ARID2 PIK3CA->-TP53 TP53->-ARID2,3,3,4.000000,4,6.429099e-03,
PIK3CA->-MAP2K4,2,1,9.000000,9,9.591898e-01,
CDH1->-MAP2K4,2,1,9.000000,9,4.217383e-02,
CDH1->-MAP2K4 CDH1->-TP53 TP53->-MAP2K4,3,3,2.000000,2,5.101019e-02,
CDH1->-CDK12 CDH1->-TP53 TP53->-CDK12,3,3,2.000000,2,9.247076e-03,
CDH1->-MAP2K4 PIK3CA->-CDH1 PIK3CA->-MAP2K4,3,3,2.000000,2,2.641077e-01,
TP53->-RICTOR,2,1,9.000000,9,8.659408e-05,
PIK3CA->-RICTOR PIK3CA->-TP53 TP53->-RICTOR,3,3,2.000000,2,4.592676e-02,
PIK3CA->-BRCA1 PIK3CA->-TP53 TP53->-BRCA1,3,3,2.000000,2,5.573123e-02,
PTEN->-NF1,2,1,9.000000,9,2.118074e-02,
PTEN->-NF1 TP53->-NF1 TP53->-PTEN,3,3,5.000000,5,6.317977e-03,
PTEN->-NF1 PTEN->-TP53 TP53->-NF1,3,3,3.000000,3,1.510735e-01,
PIK3CA->-CREBBP,2,1,9.000000,9,2.353767e-01,
PIK3CA->-CREBBP TP53->-CREBBP TP53->-PIK3CA,3,3,2.000000,2,1.451379e-01,
PIK3CA->-PLK2 TP53->-PIK3CA TP53->-PLK2,3,3,2.000000,2,4.757796e-02,
MEN1->-PIK3CA,2,1,9.000000,9,3.788463e-02,
AKT1->-GATA3,2,1,9.000000,9,1.758898e-02,
TP53->-ANKRD11,2,1,9.000000,9,7.358134e-04,
TBX3->-CDH1,2,1,9.000000,9,9.501350e-01,
CDH1->-PIK3CA TBX3->-CDH1 TBX3->-PIK3CA,3,3,4.000000,4,1.738965e-01,
TP53->-ZFHX3,2,1,9.000000,9,3.881398e-02,
PIK3CA->-PTPRD,2,1,9.000000,9,7.761186e-04,
PIK3CA->-PTPRD TP53->-PIK3CA TP53->-PTPRD,3,3,2.000000,2,2.694928e-02,
PIK3CA->-FLT4,2,1,9.000000,9,5.940046e-02,
PIK3CA->-FLT4 PIK3CA->-TP53 TP53->-FLT4,3,3,2.000000,2,1.322399e-01,
TP53->-ERCC5,2,1,9.000000,9,1.012731e-03,
TP53->-SF3B1,2,1,9.000000,9,1.128472e-03,
PIK3CA->-SF3B1 TP53->-PIK3CA TP53->-SF3B1,3,3,2.000000,2,2.632245e-01,
PIK3CA->-SF3B1 PIK3CA->-TP53 TP53->-SF3B1,3,3,4.000000,4,8.701989e-03,
PIK3CA->-POLE,2,1,9.000000,9,3.560865e-03,
TP53->-POLE,2,1,9.000000,9,6.226806e-04,
PIK3CA->-POLE PIK3CA->-TP53 TP53->-POLE,3,3,5.000000,5,1.988244e-04,
TP53->-TET2,2,1,9.000000,9,6.899351e-04,
TP53->-SPEN,2,1,9.000000,9,5.705548e-02,
PIK3CA->-SPEN PIK3CA->-TP53 TP53->-SPEN,3,3,3.000000,3,1.967593e-02,
MAP3K1->-KMT2C,2,1,8.000000,8,6.349188e-01,
MAP3K1->-KMT2C MAP3K1->-PIK3CA PIK3CA->-KMT2C,3,3,3.000000,3,3.217531e-01,
MAP3K1->-KMT2C PIK3CA->-KMT2C PIK3CA->-MAP3K1,3,3,2.000000,2,6.152973e-01,
KMT2C->-PIK3CA MAP3K1->-KMT2C MAP3K1->-PIK3CA,3,3,2.000000,2,6.152973e-01,
PIK3CA->-ERBB2,2,1,8.000000,8,7.011692e-01,
CDH1->-ERBB2 CDH1->-PIK3CA PIK3CA->-ERBB2,3,3,4.000000,4,7.248366e-02,
PIK3CA->-ZFHX3,2,1,8.000000,8,3.211694e-01,
TP53->-TSC2,2,1,8.000000,8,4.704765e-02,
TP53->-ROS1,2,1,8.000000,8,1.339130e-01,
PTEN->-KMT2C,2,1,8.000000,8,2.160284e-02,
PTEN->-KMT2C TP53->-KMT2C TP53->-PTEN,3,3,2.000000,2,8.854167e-02,
CDH1->-AKT1,2,1,8.000000,8,6.412243e-01,
CDH1->-BRCA2,2,1,8.000000,8,1.245364e-01,
CDH1->-BRCA2 TP53->-BRCA2 TP53->-CDH1,3,3,2.000000,2,4.513889e-02,
PTEN->-CDH1,2,1,8.000000,8,6.657600e-01,
CDH1->-TP53 PTEN->-CDH1 PTEN->-TP53,3,3,2.000000,2,6.887589e-02,
PIK3CA->-PTPRS,2,1,8.000000,8,1.166439e-01,
PIK3CA->-PTPRS PIK3CA->-TP53 TP53->-PTPRS,3,3,3.000000,3,9.715390e-03,
PIK3CA->-DICER1,2,1,8.000000,8,3.838668e-03,
PIK3CA->-PTCH1,2,1,8.000000,8,1.311161e-02,
NCOR1->-TP53,2,1,8.000000,8,9.772331e-01,
NCOR1->-TP53 PIK3CA->-NCOR1 PIK3CA->-TP53,3,3,2.000000,2,4.071404e-01,
CDH1->-NCOR1 CDH1->-TP53 NCOR1->-TP53,3,3,2.000000,2,3.883461e-01,
PTEN->-MAP3K1,2,1,8.000000,8,7.211663e-02,
PTEN->-MAP3K1 TP53->-MAP3K1 TP53->-PTEN,3,3,2.000000,2,1.319444e-01,
MAP3K1->-PIK3CA PTEN->-MAP3K1 PTEN->-PIK3CA,3,3,2.000000,2,4.652778e-02,
CDH1->-MAP3K1 CDH1->-NF1 NF1->-MAP3K1 PTEN->-CDH1 PTEN->-MAP3K1 PTEN->-NF1,4,6,2.000000,2,1.478909e-03,
RUNX1->-PIK3CA,2,1,8.000000,8,9.829209e-01,
CDH1->-CREBBP,2,1,8.000000,8,8.053280e-02,
CDH1->-CREBBP CDH1->-PIK3CA PIK3CA->-CREBBP,3,3,4.000000,4,1.808258e-02,
RB1->-TP53,2,1,8.000000,8,9.912286e-01,
KMT2C->-TP53,2,1,8.000000,8,9.993255e-01,
TP53->-BAP1,2,1,8.000000,8,9.100379e-03,
RUNX1->-CDH1,2,1,8.000000,8,9.312433e-01,
CDH1->-PIK3CA RUNX1->-CDH1 RUNX1->-PIK3CA,3,3,2.000000,2,5.415330e-01,
PIK3CA->-CDH1 RUNX1->-CDH1 RUNX1->-PIK3CA,3,3,2.000000,2,5.415330e-01,
CBFB->-MAP3K1,2,1,8.000000,8,4.531250e-02,
CBFB->-MAP3K1 CBFB->-PIK3CA MAP3K1->-PIK3CA,3,3,6.000000,6,2.848865e-04,
CBFB->-GATA3 CBFB->-MAP3K1 MAP3K1->-GATA3,3,3,2.000000,2,1.319444e-01,
CDH1->-NF1,2,1,8.000000,8,2.376423e-01,
CDH1->-NF1 CDH1->-PIK3CA PIK3CA->-NF1,3,3,3.000000,3,1.327340e-01,
CDH1->-PTPRD,2,1,8.000000,8,8.670371e-03,
CDH1->-PTPRD CDH1->-TP53 TP53->-PTPRD,3,3,3.000000,3,3.934510e-02,
CDH1->-PTPRD TP53->-CDH1 TP53->-PTPRD,3,3,2.000000,2,2.030120e-01,
CDH1->-PIK3CA CDH1->-PTPRD PIK3CA->-PTPRD,3,3,2.000000,2,1.152834e-01,
CDH1->-PTPRD PIK3CA->-CDH1 PIK3CA->-PTPRD,3,3,2.000000,2,1.152834e-01,
CDH1->-APC,2,1,8.000000,8,3.282501e-03,
PIK3CA->-KDR,2,1,8.000000,8,3.317722e-03,
TP53->-BRCA1,2,1,8.000000,8,2.123229e-02,
PIK3CA->-IGF1R,2,1,7.000000,7,2.597222e-03,
GATA3->-TP53,2,1,7.000000,7,9.864736e-01,
GATA3->-TP53 PIK3CA->-GATA3 PIK3CA->-TP53,3,3,2.000000,2,4.158923e-01,
TP53->-DNMT1,2,1,7.000000,7,2.549635e-03,
CDH1->-KMT2D,2,1,7.000000,7,2.311143e-02,
CDH1->-KMT2D CDH1->-PIK3CA PIK3CA->-KMT2D,3,3,2.000000,2,2.622679e-01,
CDH1->-KMT2D PIK3CA->-CDH1 PIK3CA->-KMT2D,3,3,2.000000,2,2.622679e-01,
CDH1->-EPHB1,2,1,7.000000,7,6.770833e-03,
CDH1->-EPHB1 CDH1->-TP53 TP53->-EPHB1,3,3,3.000000,3,4.109812e-03,
FOXA1->-MAP3K1,2,1,7.000000,7,2.931650e-01,
FOXA1->-MAP3K1 PIK3CA->-FOXA1 PIK3CA->-MAP3K1,3,3,3.000000,3,1.524290e-01,
CDH1->-FOXA1 CDH1->-MAP3K1 CDH1->-PIK3CA FOXA1->-MAP3K1 PIK3CA->-FOXA1 PIK3CA->-MAP3K1,4,6,2.000000,2,5.063657e-03,
FOXA1->-MAP3K1 FOXA1->-PIK3CA PIK3CA->-MAP3K1,3,3,2.000000,2,4.204404e-01,
FOXA1->-MAP3K1 TP53->-FOXA1 TP53->-MAP3K1,3,3,3.000000,3,1.936653e-02,
PIK3CA->-NSD1,2,1,7.000000,7,7.942708e-02,
PIK3CA->-BRCA2,2,1,7.000000,7,1.734466e-01,
CDH1->-BRCA2 CDH1->-PIK3CA CDH1->-TBX3 PIK3CA->-BRCA2 TBX3->-BRCA2 TBX3->-PIK3CA,4,6,2.000000,2,1.240079e-03,
PIK3CA->-DNMT3A,2,1,7.000000,7,2.977741e-02,
CDH1->-PTPRS,2,1,7.000000,7,4.633691e-03,
CDH1->-PTPRS CDH1->-TP53 TP53->-PTPRS,3,3,2.000000,2,2.465887e-02,
MAP3K1->-ERBB3,2,1,7.000000,7,2.803309e-03,
TP53->-MDC1,2,1,7.000000,7,5.714589e-02,
PIK3CA->-PLK2,2,1,7.000000,7,3.449968e-03,
GATA3->-SPEN,2,1,7.000000,7,3.182173e-01,
MAP3K1->-ARID1A,2,1,7.000000,7,1.448317e-01,
MAP3K1->-ARID1A MAP3K1->-PIK3CA PIK3CA->-ARID1A,3,3,4.000000,4,3.065641e-02,
GATA3->-ARID1A MAP3K1->-ARID1A MAP3K1->-GATA3,3,3,3.000000,3,4.629630e-03,
PIK3CA->-RAD50,2,1,7.000000,7,4.696648e-02,
TP53->-PIK3CG,2,1,7.000000,7,8.973340e-03,
TP53->-DDR2,2,1,7.000000,7,1.884986e-02,
CDH1->-FAT1,2,1,7.000000,7,3.263986e-02,
CDH1->-FAT1 CDH1->-PIK3CA PIK3CA->-FAT1,3,3,2.000000,2,1.240298e-01,
CDH1->-ERBB3,2,1,7.000000,7,5.802557e-02,
CDH1->-SPEN,2,1,7.000000,7,1.615451e-01,
CDH1->-PIK3CA CDH1->-SPEN PIK3CA->-SPEN,3,3,2.000000,2,7.407407e-02,
PIK3CA->-PIK3C2G,2,1,7.000000,7,1.380208e-02,
NCOR1->-GATA3,2,1,7.000000,7,2.099950e-02,
TP53->-PIK3C2G,2,1,7.000000,7,1.312500e-03,
PIK3CA->-PIK3C2G TP53->-PIK3C2G TP53->-PIK3CA,3,3,2.000000,2,9.402864e-02,
PIK3CA->-PIK3C2G PIK3CA->-TP53 TP53->-PIK3C2G,3,3,2.000000,2,9.402864e-02,
TP53->-IGF1R,2,1,7.000000,7,1.540509e-03,
PIK3CA->-IGF1R TP53->-IGF1R TP53->-PIK3CA,3,3,3.000000,3,1.157407e-03,
MGA->-PIK3CA,2,1,7.000000,7,5.832479e-01,
TP53->-KDM6A,2,1,7.000000,7,4.572956e-02,
TP53->-SOX17,2,1,7.000000,7,1.316138e-02,
GATA3->-ESR1,2,1,7.000000,7,8.621735e-01,
GATA3->-ESR1 GATA3->-PIK3CA PIK3CA->-ESR1,3,3,2.000000,2,4.573412e-01,
PIK3CA->-MED12,2,1,7.000000,7,2.865382e-01,
PIK3CA->-MED12 PIK3CA->-TP53 TP53->-MED12,3,3,2.000000,2,1.368761e-01,
TP53->-GRIN2A,2,1,7.000000,7,3.255208e-03,
CBFB->-CDH1,2,1,7.000000,7,8.939635e-01,
CBFB->-CDH1 CBFB->-PIK3CA CDH1->-PIK3CA,3,3,2.000000,2,4.387358e-01,
MAP2K4->-TP53,2,1,7.000000,7,7.440735e-01,
CTCF->-PIK3CA,2,1,7.000000,7,1.810937e-01,
PIK3CA->-CDKN1B,2,1,7.000000,7,7.340281e-01,
PIK3CA->-MDC1,2,1,7.000000,7,1.074295e-01,
PIK3CA->-MDC1 PIK3CA->-TP53 TP53->-MDC1,3,3,3.000000,3,3.686809e-02,
TP53->-INSR,2,1,7.000000,7,2.122396e-02,
CDH1->-KMT2A,2,1,7.000000,7,3.495519e-02,
TP53->-BCOR,2,1,7.000000,7,3.779027e-03,
RB1->-PIK3CA,2,1,7.000000,7,8.607486e-01,
PIK3CA->-MGA,2,1,7.000000,7,5.832479e-01,
TP53->-NOTCH1,2,1,7.000000,7,2.664210e-02,
TP53->-PDGFRA,2,1,7.000000,7,1.441919e-02,
TP53->-PALB2,2,1,7.000000,7,1.746038e-02,
PIK3CA->-EPHA5,2,1,7.000000,7,1.987221e-02,
PIK3CA->-EPHA5 TP53->-EPHA5 TP53->-PIK3CA,3,3,3.000000,3,2.016341e-02,
CDKN1B->-PIK3CA,2,1,7.000000,7,7.340281e-01,
MAP2K4->-GATA3,2,1,7.000000,7,5.843750e-02,
MAP2K4->-GATA3 MAP2K4->-PIK3CA PIK3CA->-GATA3,3,3,2.000000,2,5.324074e-02,
PIK3CA->-BCOR,2,1,7.000000,7,1.129077e-01,
PIK3CA->-BCOR PIK3CA->-PTEN PIK3CA->-TP53 PTEN->-BCOR TP53->-BCOR TP53->-PTEN,4,6,2.000000,2,1.634276e-03,
NOTCH1->-PIK3CA,2,1,6.000000,6,4.407718e-01,
ESR1->-ARID1A,2,1,6.000000,6,2.327176e-01,
ESR1->-ARID1A PIK3CA->-ARID1A PIK3CA->-ESR1,3,3,3.000000,3,7.833168e-03,
PIK3CA->-ATRX,2,1,6.000000,6,2.527488e-01,
PIK3CA->-CARD11,2,1,6.000000,6,4.320631e-02,
TP53->-DOT1L,2,1,6.000000,6,2.844123e-02,
TP53->-PIK3CB,2,1,6.000000,6,8.184524e-03,
TP53->-PAK7,2,1,6.000000,6,3.734568e-03,
PIK3CA->-EPHB1,2,1,6.000000,6,5.757118e-02,
PIK3CA->-EPHB1 TP53->-EPHB1 TP53->-PIK3CA,3,3,2.000000,2,1.301779e-01,
PIK3CA->-EPHB1 PIK3CA->-TP53 TP53->-EPHB1,3,3,2.000000,2,1.301779e-01,
ATRX->-EPHB1 PIK3CA->-ATRX PIK3CA->-EPHB1,3,3,2.000000,2,2.692986e-02,
HNF1A->-EPHB1,2,1,2.000000,2,2.473545e-01,
CDH1->-EPHB1 CDH1->-PIK3CA PIK3CA->-EPHB1,3,3,3.000000,3,1.404151e-02,
ARID1A->-KMT2C,2,1,6.000000,6,5.792409e-01,
ARID1A->-KMT2C ARID1A->-NCOR1 KMT2C->-NCOR1 PIK3CA->-ARID1A PIK3CA->-KMT2C PIK3CA->-NCOR1,4,6,2.000000,2,5.063657e-03,
ARID1A->-KMT2C CDH1->-ARID1A CDH1->-KMT2C,3,3,2.000000,2,6.415344e-02,
CDH1->-FOXA1 CDH1->-KMT2C FOXA1->-KMT2C,3,3,2.000000,2,7.407407e-02,
ARID1A->-KMT2C ARID1A->-PIK3CA PIK3CA->-KMT2C,3,3,2.000000,2,3.813690e-01,
STK11->-PIK3CA,2,1,6.000000,6,2.314817e-01,
PIK3CA->-ANKRD11,2,1,6.000000,6,1.807451e-01,
PIK3CA->-ANKRD11 TP53->-ANKRD11 TP53->-PIK3CA,3,3,3.000000,3,6.073472e-03,
PIK3CA->-HIST1H1C,2,1,6.000000,6,4.884137e-02,
CDH1->-RICTOR,2,1,6.000000,6,1.185345e-02,
CDH1->-PIK3CA CDH1->-RICTOR PIK3CA->-RICTOR,3,3,3.000000,3,1.095654e-02,
AKT1->-MAP3K1,2,1,6.000000,6,3.843750e-02,
KDM5C->-PIK3CA,2,1,6.000000,6,2.879264e-01,
ZFHX3->-PIK3CA,2,1,6.000000,6,7.295538e-01,
PIK3CA->-MTOR,2,1,6.000000,6,6.837569e-02,
SPEN->-PIK3CA,2,1,6.000000,6,9.182515e-01,
GATA3->-PIK3CA GATA3->-SPEN SPEN->-PIK3CA,3,3,2.000000,2,1.529882e-01,
MAP3K1->-TP53,2,1,6.000000,6,9.993998e-01,
TP53->-MTOR,2,1,6.000000,6,6.125248e-02,
PIK3CA->-MTOR PIK3CA->-TP53 TP53->-MTOR,3,3,2.000000,2,2.296509e-02,
PIK3CA->-EP300,2,1,6.000000,6,1.781815e-01,
PIK3CA->-ROS1,2,1,6.000000,6,2.566599e-01,
ATM->-GATA3,2,1,6.000000,6,1.132102e-01,
ATM->-GATA3 ATM->-PIK3CA GATA3->-PIK3CA,3,3,2.000000,2,4.292929e-02,
ATM->-SPEN,2,1,2.000000,2,8.470779e-01,
KMT2C->-ARID1A,2,1,6.000000,6,5.792409e-01,
KMT2C->-ARID1A PIK3CA->-ARID1A PIK3CA->-KMT2C,3,3,2.000000,2,3.813690e-01,
KMT2C->-ARID1A KMT2C->-PIK3CA PIK3CA->-ARID1A,3,3,2.000000,2,3.813690e-01,
GATA3->-ARID1A KMT2C->-ARID1A KMT2C->-GATA3,3,3,2.000000,2,2.777778e-02,
PIK3CA->-NUP93,2,1,6.000000,6,4.910714e-02,
PIK3CA->-ERBB3,2,1,6.000000,6,3.899119e-01,
PIK3CA->-ERBB3 TP53->-ERBB3 TP53->-PIK3CA,3,3,2.000000,2,8.875443e-02,
MAP3K1->-ERBB3 MAP3K1->-PIK3CA PIK3CA->-ERBB3,3,3,2.000000,2,1.692954e-01,
GATA3->-KMT2C,2,1,6.000000,6,8.253115e-01,
TBX3->-TP53,2,1,6.000000,6,9.139344e-01,
TBX3->-PIK3CA TBX3->-TP53 TP53->-PIK3CA,3,3,2.000000,2,2.991064e-01,
PIK3CA->-TP53 TBX3->-PIK3CA TBX3->-TP53,3,3,2.000000,2,2.991064e-01,
TP53->-HNF1A,2,1,6.000000,6,8.850698e-02,
TP53->-KDM5A,2,1,6.000000,6,9.675704e-03,
CDH1->-ATRX,2,1,6.000000,6,6.052632e-02,
CDH1->-ATRX CDH1->-PIK3CA PIK3CA->-ATRX,3,3,3.000000,3,1.620370e-02,
TP53->-JAK3,2,1,6.000000,6,2.699379e-02,
TP53->-MAP3K13,2,1,6.000000,6,3.000513e-02,
TP53->-STK11,2,1,6.000000,6,4.150925e-02,
TP53->-RECQL4,2,1,6.000000,6,6.010516e-02,
PIK3CA->-AR,2,1,6.000000,6,2.077524e-01,
TP53->-TP63,2,1,6.000000,6,8.525546e-03,
PTEN->-PIK3R1,2,1,6.000000,6,9.819319e-02,
PTEN->-PIK3R1 TP53->-PIK3R1 TP53->-PTEN,3,3,4.000000,4,3.823337e-04,
KMT2C->-NCOR1,2,1,6.000000,6,1.132102e-01,
KMT2C->-NCOR1 PIK3CA->-KMT2C PIK3CA->-NCOR1,3,3,4.000000,4,3.343621e-03,
CDH1->-KMT2C CDH1->-NCOR1 KMT2C->-NCOR1,3,3,3.000000,3,3.549383e-02,
KMT2C->-NCOR1 KMT2C->-TP53 TP53->-NCOR1,3,3,2.000000,2,9.511785e-02,
MAP3K1->-NCOR1,2,1,6.000000,6,2.464948e-01,
MAP3K1->-NCOR1 MAP3K1->-PIK3CA NCOR1->-PIK3CA,3,3,2.000000,2,2.464796e-01,
PIK3CA->-STAG2,2,1,6.000000,6,5.451037e-01,
PIK3CA->-STAG2 TP53->-PIK3CA TP53->-STAG2,3,3,2.000000,2,7.165283e-02,
CDH1->-PIK3CA CDH1->-STAG2 PIK3CA->-STAG2,3,3,2.000000,2,1.152834e-01,
PIK3CA->-NOTCH1,2,1,6.000000,6,4.407718e-01,
PIK3CA->-NOTCH1 TP53->-NOTCH1 TP53->-PIK3CA,3,3,2.000000,2,5.743634e-02,
CDH1->-RB1,2,1,6.000000,6,8.437500e-02,
CDH1->-RB1 CDH1->-TP53 TP53->-RB1,3,3,2.000000,2,1.319444e-01,
CDH1->-RB1 TP53->-CDH1 TP53->-RB1,3,3,2.000000,2,1.319444e-01,
PIK3CA->-BRCA1,2,1,6.000000,6,1.385192e-01,
MAP3K1->-TBX3,2,1,6.000000,6,2.002569e-01,
MAP3K1->-PIK3CA MAP3K1->-TBX3 PIK3CA->-TBX3,3,3,2.000000,2,1.969147e-01,
GATA3->-PIK3CA GATA3->-TBX3 PIK3CA->-TBX3,3,3,2.000000,2,1.994332e-01,
PIK3CA->-CIC,2,1,6.000000,6,1.413690e-02,
TP53->-MGA,2,1,6.000000,6,9.947479e-02,
PIK3CA->-MGA TP53->-MGA TP53->-PIK3CA,3,3,3.000000,3,3.123790e-02,
PIK3CA->-MST1R,2,1,6.000000,6,5.729167e-03,
TP53->-XPO1,2,1,6.000000,6,6.643282e-03,
TP53->-DNMT3A,2,1,6.000000,6,1.144881e-01,
TP53->-KDR,2,1,6.000000,6,1.403091e-01,
PIK3CA->-KDR TP53->-KDR TP53->-PIK3CA,3,3,2.000000,2,2.540640e-01,
PIK3CA->-KDR PIK3CA->-TP53 TP53->-KDR,3,3,3.000000,3,5.862149e-02,
PIK3CA->-FGFR2,2,1,6.000000,6,4.648920e-02,
GATA3->-CDKN1B,2,1,6.000000,6,1.562500e-02,
CDKN1B->-PIK3CA GATA3->-CDKN1B GATA3->-PIK3CA,3,3,2.000000,2,1.319444e-01,
CBFB->-TP53,2,1,6.000000,6,1.226563e-01,
CBFB->-PIK3CA CBFB->-TP53 TP53->-PIK3CA,3,3,3.000000,3,2.584877e-02,
CDH1->-PTCH1,2,1,6.000000,6,5.975447e-02,
CDH1->-PIK3CA CDH1->-PTCH1 PIK3CA->-PTCH1,3,3,2.000000,2,1.240298e-01,
PIK3CA->-PARP1,2,1,6.000000,6,1.137201e-02,
TP53->-RPTOR,2,1,6.000000,6,2.588910e-02,
ARID2->-GATA3,2,1,6.000000,6,6.250000e-02,
PIK3CA->-BAP1,2,1,6.000000,6,5.468750e-02,
PIK3CA->-BAP1 PIK3CA->-TP53 TP53->-BAP1,3,3,2.000000,2,2.777778e-02,
ESR1->-CDH1,2,1,6.000000,6,9.631680e-01,
PTEN->-ARID1A,2,1,6.000000,6,3.780453e-02,
PIK3CA->-ARID5B,2,1,6.000000,6,7.708860e-02,
PIK3CA->-ARID5B TP53->-ARID5B TP53->-PIK3CA,3,3,2.000000,2,7.847432e-02,
ANKRD11->-ARID5B,2,1,2.000000,2,2.032020e-01,
PIK3CA->-ARID5B PIK3CA->-TP53 TP53->-ARID5B,3,3,2.000000,2,7.847432e-02,
TP53->-NBN,2,1,6.000000,6,7.595486e-03,
PIK3CA->-CBFB,2,1,6.000000,6,9.999971e-01,
TP53->-RAD50,2,1,6.000000,6,2.610537e-02,
PIK3CA->-RAD50 TP53->-PIK3CA TP53->-RAD50,3,3,2.000000,2,5.492516e-02,
PIK3CA->-RAD50 PIK3CA->-TP53 TP53->-RAD50,3,3,2.000000,2,5.492516e-02,
CDH1->-SETD2,2,1,6.000000,6,5.312500e-02,
BRCA1->-SETD2 CDH1->-BRCA1 CDH1->-SETD2 TP53->-BRCA1 TP53->-CDH1 TP53->-SETD2,4,6,2.000000,2,1.736111e-03,
TP53->-NOTCH3,2,1,6.000000,6,4.913194e-02,
KMT2C->-FAT1,2,1,6.000000,6,2.030286e-01,
KMT2C->-FAT1 PIK3CA->-FAT1 PIK3CA->-KMT2C,3,3,2.000000,2,2.174268e-01,
PIK3CA->-APC,2,1,6.000000,6,3.175222e-01,
PIK3CA->-APC PIK3CA->-TP53 TP53->-APC,3,3,4.000000,4,3.265111e-03,
APC->-NCOR1 CDH1->-APC CDH1->-NCOR1 CDH1->-PIK3CA PIK3CA->-APC PIK3CA->-NCOR1,4,6,2.000000,2,1.278236e-03,
TET1->-ARID1A,2,1,5.000000,5,3.125000e-02,
ERBB3->-PIK3CA,2,1,5.000000,5,6.275054e-01,
ERBB3->-PIK3CA MAP3K1->-ERBB3 MAP3K1->-PIK3CA,3,3,3.000000,3,2.740900e-02,
MEN1->-KMT2C,2,1,5.000000,5,7.163383e-02,
KMT2C->-GATA3 MEN1->-GATA3 MEN1->-KMT2C,3,3,2.000000,2,2.777778e-02,
TP53->-RAF1,2,1,5.000000,5,1.062925e-02,
TP53->-TSC1,2,1,5.000000,5,1.302299e-01,
CDH1->-NSD1,2,1,5.000000,5,2.902422e-02,
CDH1->-NSD1 CDH1->-TP53 TP53->-NSD1,3,3,2.000000,2,2.777778e-02,
CDH1->-FOXA1 CDH1->-NSD1 CDH1->-PIK3CA NSD1->-FOXA1 PIK3CA->-FOXA1 PIK3CA->-NSD1,4,6,2.000000,2,1.736111e-03,
PIK3CA->-GLI1,2,1,5.000000,5,2.684204e-02,
CBFB->-AKT1,2,1,5.000000,5,3.182509e-01,
CBFB->-ARID1A,2,1,5.000000,5,2.708333e-02,
STAG2->-PIK3CA,2,1,5.000000,5,7.566532e-01,
PIK3CA->-TET1,2,1,5.000000,5,3.260538e-01,
CHEK2->-PIK3CA,2,1,5.000000,5,9.594298e-02,
GATA3->-EGFR,2,1,5.000000,5,3.125000e-02,
PIK3CA->-ALK,2,1,5.000000,5,2.127963e-01,
TP53->-KIT,2,1,5.000000,5,6.386348e-03,
TP53->-IKZF1,2,1,5.000000,5,9.920635e-03,
PIK3CA->-BRIP1,2,1,5.000000,5,6.875000e-02,
ARID1A->-GRIN2A,2,1,5.000000,5,1.405556e-02,
TP53->-EPHA7,2,1,5.000000,5,7.745936e-02,
TP53->-BRD4,2,1,5.000000,5,7.041667e-02,
PIK3CA->-NOTCH3,2,1,5.000000,5,1.736111e-01,
TP53->-TCF7L2,2,1,5.000000,5,2.230392e-02,
TP53->-RFWD2,2,1,5.000000,5,6.204145e-02,
TP53->-PLK2,2,1,5.000000,5,2.177164e-02,
PIK3CA->-RFWD2,2,1,5.000000,5,2.319205e-01,
ESR1->-MAP3K1,2,1,5.000000,5,5.824820e-01,
ESR1->-MAP3K1 PIK3CA->-ESR1 PIK3CA->-MAP3K1,3,3,2.000000,2,3.302040e-01,
MEN1->-ARID1A,2,1,5.000000,5,3.125000e-02,
MEN1->-ARID1A MEN1->-PIK3CA PIK3CA->-ARID1A,3,3,2.000000,2,7.407407e-02,
KMT2C->-ARID1A MEN1->-ARID1A MEN1->-KMT2C,3,3,2.000000,2,7.407407e-02,
KMT2C->-CDH1,2,1,5.000000,5,9.999083e-01,
TP53->-ARAF,2,1,5.000000,5,4.353070e-02,
TP53->-MET,2,1,5.000000,5,2.215909e-02,
TP53->-TERT,2,1,5.000000,5,2.160880e-01,
MAP3K1->-ESR1,2,1,5.000000,5,5.824820e-01,
ESR1->-PIK3CA MAP3K1->-ESR1 MAP3K1->-PIK3CA,3,3,2.000000,2,3.302040e-01,
PTEN->-SF3B1,2,1,5.000000,5,3.997396e-01,
PIK3CA->-SF3B1 PTEN->-PIK3CA PTEN->-SF3B1,3,3,2.000000,2,1.319444e-01,
PIK3CA->-DNMT1,2,1,5.000000,5,1.980769e-02,
CREBBP->-PIK3CA,2,1,5.000000,5,9.081953e-01,
PIK3CA->-PIK3CG,2,1,5.000000,5,1.663159e-01,
PIK3CA->-PIK3CG TP53->-PIK3CA TP53->-PIK3CG,3,3,2.000000,2,6.018519e-02,
TP53->-FGFR4,2,1,5.000000,5,9.090909e-03,
NCOR1->-MED12,2,1,5.000000,5,2.427455e-02,
NCOR1->-MED12 TP53->-MED12 TP53->-NCOR1,3,3,3.000000,3,1.032218e-02,
NCOR1->-MED12 NCOR1->-PIK3CA PIK3CA->-MED12,3,3,2.000000,2,6.911376e-02,
NF1->-PIK3R1,2,1,5.000000,5,1.786368e-01,
NF1->-PIK3R1 TP53->-NF1 TP53->-PIK3R1,3,3,2.000000,2,1.242554e-01,
NF1->-PIK3R1 PTEN->-NF1 PTEN->-PIK3R1,3,3,2.000000,2,8.502979e-02,
TP53->-AXIN2,2,1,5.000000,5,7.875000e-03,
CREBBP->-KMT2C,2,1,5.000000,5,6.865758e-02,
CREBBP->-KMT2C TP53->-CREBBP TP53->-KMT2C,3,3,2.000000,2,4.026283e-02,
CREBBP->-KMT2C PIK3CA->-CREBBP PIK3CA->-KMT2C,3,3,3.000000,3,2.628256e-02,
CDH1->-CREBBP CDH1->-KMT2C CDH1->-PIK3CA CREBBP->-KMT2C PIK3CA->-CREBBP PIK3CA->-KMT2C,4,6,2.000000,2,6.861980e-03,
ARID1A->-CREBBP ARID1A->-KMT2C CREBBP->-KMT2C,3,3,2.000000,2,2.182540e-02,
CDH1->-RFWD2,2,1,5.000000,5,1.692306e-01,
CDH1->-KMT2C CDH1->-PIK3CA CDH1->-RFWD2 KMT2C->-RFWD2 PIK3CA->-KMT2C PIK3CA->-RFWD2,4,6,2.000000,2,3.048387e-03,
CDH1->-STAG2,2,1,5.000000,5,2.540025e-02,
PIK3CA->-TET2,2,1,5.000000,5,4.232598e-01,
TP53->-PBRM1,2,1,5.000000,5,2.359517e-01,
TP53->-ERBB2,2,1,5.000000,5,5.442901e-01,
CDH1->-ERBB2 CDH1->-TP53 TP53->-ERBB2,3,3,2.000000,2,2.439408e-01,
CDH1->-IKZF1,2,1,5.000000,5,3.125000e-02,
TP53->-POLD1,2,1,5.000000,5,9.479167e-03,
GATA3->-TBX3,2,1,5.000000,5,1.726954e-01,
GATA3->-PIK3CA GATA3->-TBX3 TBX3->-PIK3CA,3,3,2.000000,2,1.994332e-01,
GATA3->-TBX3 MAP3K1->-GATA3 MAP3K1->-TBX3,3,3,2.000000,2,1.030093e-01,
CDH1->-MED12,2,1,5.000000,5,1.011396e-01,
CDH1->-MED12 PIK3CA->-CDH1 PIK3CA->-MED12,3,3,2.000000,2,1.893555e-01,
PIK3CA->-TERT,2,1,5.000000,5,2.942387e-02,
PIK3R1->-TP53,2,1,5.000000,5,9.879161e-01,
ERBB2->-KMT2C,2,1,5.000000,5,1.716633e-01,
CDH1->-ERBB2 CDH1->-KMT2C ERBB2->-KMT2C,3,3,2.000000,2,1.777325e-01,
CDH1->-KMT2C ERBB2->-CDH1 ERBB2->-KMT2C,3,3,2.000000,2,1.777325e-01,
KMT2C->-PARP1 TP53->-KMT2C TP53->-PARP1,3,3,2.000000,2,1.978045e-02,
ERBB2->-KMT2C ERBB2->-PARP1 ERBB2->-PIK3CA KMT2C->-PARP1 PIK3CA->-KMT2C PIK3CA->-PARP1,4,6,2.000000,2,1.092790e-03,
PIK3CA->-GRIN2A,2,1,5.000000,5,2.265625e-01,
MAP3K1->-NOTCH4,2,1,5.000000,5,1.809211e-02,
MAP3K1->-NOTCH4 MAP3K1->-PIK3CA PIK3CA->-NOTCH4,3,3,2.000000,2,9.288642e-02,
MAP3K1->-NOTCH4 PIK3CA->-MAP3K1 PIK3CA->-NOTCH4,3,3,2.000000,2,9.288642e-02,
MAP3K1->-TRAF2 PIK3CA->-MAP3K1 PIK3CA->-TRAF2,3,3,2.000000,2,4.282766e-02,
MAP3K1->-NOTCH4 TP53->-MAP3K1 TP53->-NOTCH4,3,3,2.000000,2,9.029928e-03,
PIK3CA->-SETD2,2,1,5.000000,5,5.510088e-01,
ARID1A->-PIK3CA ARID1A->-SETD2 CDH1->-ARID1A CDH1->-PIK3CA CDH1->-SETD2 PIK3CA->-SETD2,4,6,2.000000,2,5.063657e-03,
CDH1->-POLE,2,1,5.000000,5,2.500000e-02,
CDH1->-POLE PIK3CA->-CDH1 PIK3CA->-POLE,3,3,2.000000,2,5.324074e-02,
FOXA1->-GATA3,2,1,5.000000,5,5.000000e-01,
FOXA1->-GATA3 FOXA1->-PIK3CA GATA3->-PIK3CA,3,3,2.000000,2,2.632245e-01,
FOXA1->-GATA3 FOXA1->-MAP3K1 MAP3K1->-GATA3,3,3,2.000000,2,1.319444e-01,
CDH1->-RAD50,2,1,5.000000,5,2.359111e-02,
CDH1->-PIK3CA CDH1->-RAD50 PIK3CA->-RAD50,3,3,2.000000,2,6.074520e-02,
CDH1->-RAD50 TP53->-CDH1 TP53->-RAD50,3,3,2.000000,2,1.978045e-02,
TP53->-PARP1,2,1,5.000000,5,1.693350e-02,
PIK3CA->-PARP1 PIK3CA->-TP53 TP53->-PARP1,3,3,2.000000,2,6.074520e-02,
ERBB2->-TP53,2,1,5.000000,5,5.442901e-01,
TP53->-PTCH1,2,1,5.000000,5,1.248304e-01,
PIK3CA->-PTCH1 PIK3CA->-TP53 TP53->-PTCH1,3,3,2.000000,2,1.223116e-01,
AKT1->-NOTCH2,2,1,5.000000,5,1.746032e-02,
TP53->-BRIP1,2,1,5.000000,5,1.309524e-02,
ERBB2->-RUNX1,2,1,5.000000,5,2.265625e-01,
CDH1->-ERBB2 CDH1->-RUNX1 ERBB2->-RUNX1,3,3,2.000000,2,1.962449e-01,
TP53->-CEBPA,2,1,5.000000,5,2.083333e-02,
NCOR1->-RUNX1,2,1,5.000000,5,3.632812e-01,
NCOR1->-RUNX1 PIK3CA->-NCOR1 PIK3CA->-RUNX1,3,3,2.000000,2,2.632245e-01,
NCOR1->-PIK3CA NCOR1->-RUNX1 PIK3CA->-RUNX1,3,3,2.000000,2,2.632245e-01,
ARID2->-ARID1A,2,1,5.000000,5,3.168305e-01,
ARID2->-ARID1A TP53->-ARID1A TP53->-ARID2,3,3,2.000000,2,7.266088e-02,
EPHA5->-ARID1A,2,1,2.000000,2,4.973545e-01,
TP53->-JAK1,2,1,5.000000,5,3.228952e-01,
NCOR1->-CDH1,2,1,5.000000,5,9.935997e-01,
NCOR1->-CDH1 TP53->-CDH1 TP53->-NCOR1,3,3,2.000000,2,3.883461e-01,
CDH1->-RUNX1 NCOR1->-CDH1 NCOR1->-RUNX1,3,3,2.000000,2,1.319444e-01,
KMT2D->-PIK3CA,2,1,5.000000,5,9.880164e-01,
CDH1->-KMT2D CDH1->-PIK3CA KMT2D->-PIK3CA,3,3,2.000000,2,2.622679e-01,
PTEN->-GRIN2A,2,1,5.000000,5,2.178030e-02,
ARID1A->-GRIN2A PTEN->-ARID1A PTEN->-GRIN2A,3,3,2.000000,2,2.020202e-02,
BRCA2->-GRIN2A PTEN->-BRCA2 PTEN->-GRIN2A,3,3,2.000000,2,2.020202e-02,
PIK3CA->-GRIN2A PTEN->-GRIN2A PTEN->-PIK3CA,3,3,2.000000,2,7.407407e-02,
PIK3CA->-SMAD4,2,1,5.000000,5,2.509648e-01,
MAP2K4->-PTEN,2,1,5.000000,5,3.303454e-01,
TP53->-GLI1,2,1,5.000000,5,1.104261e-02,
TP53->-CIC,2,1,5.000000,5,9.418403e-02,
PIK3CA->-CIC TP53->-CIC TP53->-PIK3CA,3,3,2.000000,2,7.407407e-02,
TP53->-IRF4,2,1,5.000000,5,1.388889e-02,
TP53->-SMARCA4,2,1,5.000000,5,1.864040e-01,
TP53->-TRAF2,2,1,5.000000,5,1.491721e-02,
PIK3CA->-KRAS,2,1,5.000000,5,2.977698e-01,
PIK3CA->-BLM,2,1,5.000000,5,9.021140e-02,
TP53->-PIK3R2,2,1,5.000000,5,2.604167e-02,
PIK3CA->-ERCC4,2,1,5.000000,5,5.448718e-02,
ARID1A->-IKZF1,2,1,5.000000,5,2.291667e-02,
ARID1A->-IKZF1 ARID1A->-PIK3CA CDH1->-ARID1A CDH1->-IKZF1 CDH1->-PIK3CA IKZF1->-PIK3CA,4,6,2.000000,2,1.736111e-03,
AKT1->-KMT2C,2,1,5.000000,5,2.702365e-01,
AKT1->-KMT2C AKT1->-TP53 TP53->-KMT2C,3,3,2.000000,2,2.777778e-02,
RUNX1->-TP53,2,1,5.000000,5,9.839641e-01,
PTPRS->-PIK3CA,2,1,5.000000,5,6.976346e-01,
PTPRS->-PIK3CA TP53->-PIK3CA TP53->-PTPRS,3,3,2.000000,2,9.512576e-02,
CDH1->-PIK3CA CDH1->-PTPRS PTPRS->-PIK3CA,3,3,2.000000,2,3.935185e-02,
TP53->-TET1,2,1,5.000000,5,1.093750e-01,
TP53->-ERBB4,2,1,5.000000,5,3.632123e-02,
CBFB->-NCOR1,2,1,5.000000,5,3.125000e-02,
CBFB->-NCOR1 CBFB->-PIK3CA NCOR1->-PIK3CA,3,3,2.000000,2,1.319444e-01,
CBFB->-NCOR1 CBFB->-TP53 TP53->-NCOR1,3,3,2.000000,2,1.319444e-01,
CDH1->-DNMT1,2,1,5.000000,5,3.125000e-02,
CDH1->-DNMT1 CDH1->-PIK3CA PIK3CA->-DNMT1,3,3,2.000000,2,2.777778e-02,
RHOA->-PIK3CA,2,1,5.000000,5,8.364955e-02,
CDH1->-XPO1,2,1,5.000000,5,3.125000e-02,
PIK3CA->-IKZF1,2,1,5.000000,5,2.348814e-01,
PIK3CA->-IKZF1 PIK3CA->-TP53 TP53->-IKZF1,3,3,2.000000,2,3.356481e-02,
ARID1B->-PIK3CA,2,1,5.000000,5,2.951732e-01,
ARID1B->-PIK3CA TP53->-ARID1B TP53->-PIK3CA,3,3,2.000000,2,1.415838e-01,
AKT1->-MAP2K4,2,1,5.000000,5,1.093750e-01,
ERBB2->-TBX3,2,1,5.000000,5,2.921532e-01,
CDH1->-TBX3 ERBB2->-CDH1 ERBB2->-TBX3,3,3,2.000000,2,1.673097e-01,
GPS2->-PIK3CA,2,1,5.000000,5,2.712705e-01,
SETD2->-PIK3CA,2,1,4.000000,4,7.786484e-01,
CDH1->-PIK3CA CDH1->-SETD2 SETD2->-PIK3CA,3,3,2.000000,2,1.673097e-01,
FAT1->-RICTOR,2,1,4.000000,4,1.535331e-01,
TET1->-FAT1,2,1,4.000000,4,3.428363e-01,
PIK3CA->-FAT1 PIK3CA->-TET1 TET1->-FAT1,3,3,2.000000,2,1.309292e-01,
PIK3CA->-FAT1 PIK3CA->-RB1 RB1->-FAT1,3,3,2.000000,2,1.309292e-01,
NCOR1->-FAT1 NCOR1->-TET1 TET1->-FAT1,3,3,2.000000,2,2.729045e-02,
TET1->-FAT1 TP53->-FAT1 TP53->-TET1,3,3,2.000000,2,7.407407e-02,
ESR1->-FAT1,2,1,4.000000,4,2.644394e-01,
FAT1->-PIK3CA,2,1,4.000000,4,9.997123e-01,
FAT1->-PIK3CA FAT1->-RICTOR PIK3CA->-RICTOR,3,3,2.000000,2,9.921215e-02,
ARID1A->-FAT1,2,1,4.000000,4,2.683566e-01,
ARID1A->-FAT1 TET1->-ARID1A TET1->-FAT1,3,3,2.000000,2,2.777778e-02,
PIK3CA->-RPS6KB2,2,1,4.000000,4,3.492063e-02,
CDH1->-SMO,2,1,4.000000,4,2.580342e-02,
TP53->-RBM10,2,1,4.000000,4,4.340278e-02,
KMT2A->-GATA3,2,1,4.000000,4,1.875000e-01,
KMT2C->-BRCA2,2,1,4.000000,4,5.897283e-01,
TP53->-CDK8,2,1,4.000000,4,8.148148e-02,
TP53->-EZH2,2,1,4.000000,4,1.458333e-01,
FOXA1->-KMT2C,2,1,4.000000,4,2.312483e-01,
FOXA1->-KMT2C PIK3CA->-FOXA1 PIK3CA->-KMT2C,3,3,3.000000,3,2.401620e-02,
FOXA1->-KMT2C TP53->-FOXA1 TP53->-KMT2C,3,3,2.000000,2,4.461279e-02,
PIK3CA->-EZH2,2,1,4.000000,4,1.500000e-01,
PIK3CA->-EZH2 PIK3CA->-TP53 TP53->-EZH2,3,3,2.000000,2,7.407407e-02,
GATA3->-PIK3R2,2,1,4.000000,4,3.869048e-02,
GATA3->-PIK3R2 TP53->-GATA3 TP53->-PIK3R2,3,3,2.000000,2,2.777778e-02,
NCOR1->-RB1,2,1,4.000000,4,2.552342e-01,
NCOR1->-PIK3CA NCOR1->-RB1 PIK3CA->-RB1,3,3,2.000000,2,7.326186e-02,
PIK3CA->-FOXP1,2,1,4.000000,4,4.053509e-01,
PIK3CA->-EGFR,2,1,4.000000,4,2.333333e-01,
GATA3->-EGFR GATA3->-PIK3CA PIK3CA->-EGFR,3,3,2.000000,2,2.777778e-02,
CDH1->-ALK,2,1,4.000000,4,3.888889e-02,
CDH1->-ALK CDH1->-PIK3CA PIK3CA->-ALK,3,3,2.000000,2,2.222222e-02,
CDH1->-ALK CDH1->-FOXA1 FOXA1->-ALK,3,3,2.000000,2,2.222222e-02,
CDH1->-PIK3CA ZFHX3->-CDH1 ZFHX3->-PIK3CA,3,3,4.000000,4,3.343621e-03,
PIK3CA->-HIST1H3I,2,1,4.000000,4,1.848109e-01,
PIK3CA->-BARD1,2,1,4.000000,4,2.569487e-01,
PIK3CA->-BARD1 TP53->-BARD1 TP53->-PIK3CA,3,3,2.000000,2,7.442838e-02,
CDH1->-MTOR,2,1,4.000000,4,4.404762e-01,
CDH1->-MTOR CDH1->-PIK3CA PIK3CA->-MTOR,3,3,2.000000,2,8.930025e-02,
CDH1->-KDR,2,1,4.000000,4,5.928309e-02,
CDH1->-KDR CDH1->-PIK3CA PIK3CA->-KDR,3,3,2.000000,2,2.397876e-02,
SPEN->-ARID2,2,1,4.000000,4,5.059524e-02,
PIK3CA->-ARID2 PIK3CA->-SPEN PIK3CA->-TP53 SPEN->-ARID2 TP53->-ARID2 TP53->-SPEN,4,6,2.000000,2,7.440476e-04,
SPEN->-ARID2 TP53->-ARID2 TP53->-SPEN,3,3,3.000000,3,2.777778e-03,
PIK3CA->-JAK3,2,1,4.000000,4,4.006064e-01,
CDH1->-JAK3,2,1,4.000000,4,4.789474e-02,
CDH1->-JAK3 CDH1->-PIK3CA PIK3CA->-JAK3,3,3,2.000000,2,2.777778e-02,
MAP2K4->-JAK3,2,1,4.000000,4,5.986842e-02,
MAP2K4->-JAK3 TP53->-JAK3 TP53->-MAP2K4,3,3,2.000000,2,2.465887e-02,
CDH1->-JAK3 CDH1->-MAP2K4 MAP2K4->-JAK3,3,3,2.000000,2,2.465887e-02,
TP53->-IRS1,2,1,4.000000,4,4.779412e-02,
MAP3K1->-ATR,2,1,4.000000,4,1.286765e-01,
MAP3K1->-ATR MAP3K1->-PIK3CA PIK3CA->-ATR,3,3,2.000000,2,1.613562e-02,
EPHA7->-PIK3CA,2,1,4.000000,4,1.398262e-01,
EPHA7->-PIK3CA TP53->-EPHA7 TP53->-PIK3CA,3,3,2.000000,2,1.142940e-02,
TP53->-HIST1H3B,2,1,4.000000,4,1.716340e-01,
NF1->-KMT2C,2,1,4.000000,4,2.864138e-01,
TP53->-AR,2,1,4.000000,4,1.500000e-01,
PIK3CA->-AR PIK3CA->-TP53 TP53->-AR,3,3,2.000000,2,4.629630e-02,
FOXA1->-KMT2D,2,1,4.000000,4,1.607143e-01,
PIK3CA->-CDKN2A,2,1,4.000000,4,1.168981e-01,
PIK3CA->-CDKN2A TP53->-CDKN2A TP53->-PIK3CA,3,3,2.000000,2,6.218998e-02,
GATA3->-FLT3,2,1,4.000000,4,1.398810e-01,
STAG2->-GATA3,2,1,4.000000,4,1.875000e-01,
MEN1->-SPEN,2,1,4.000000,4,6.250000e-02,
GATA3->-SPEN MEN1->-GATA3 MEN1->-SPEN,3,3,2.000000,2,7.407407e-02,
KMT2C->-ERBB3,2,1,4.000000,4,2.199405e-01,
RECQL4->-PIK3CA,2,1,4.000000,4,4.309840e-01,
SMARCA4->-PIK3CA,2,1,4.000000,4,6.063398e-01,
PIK3CA->-IRS1,2,1,4.000000,4,4.035762e-01,
KMT2C->-ESR1,2,1,4.000000,4,1.331019e-01,
BRCA2->-PIK3CA,2,1,4.000000,4,8.171349e-01,
PTEN->-TBX3,2,1,4.000000,4,5.986842e-02,
PTEN->-ATRX,2,1,4.000000,4,1.809419e-01,
PTEN->-ATRX TP53->-ATRX TP53->-PTEN,3,3,2.000000,2,1.237199e-01,
TP53->-PIM1,2,1,4.000000,4,3.373016e-02,
TP53->-INPP4B,2,1,4.000000,4,1.776157e-01,
TP53->-SDHB,2,1,4.000000,4,4.295221e-01,
TP53->-MAP2K1,2,1,4.000000,4,5.208333e-02,
CDH1->-CTCF,2,1,4.000000,4,1.517857e-01,
TP53->-IRS2,2,1,4.000000,4,1.925201e-01,
TP53->-AXIN1,2,1,4.000000,4,9.703704e-02,
PTEN->-GATA3,2,1,4.000000,4,5.766300e-01,
FOXA1->-TP53,2,1,4.000000,4,9.789356e-01,
PIK3CA->-HNF1A,2,1,4.000000,4,1.406502e-01,
CDH1->-AR,2,1,4.000000,4,3.231456e-01,
TP53->-PRDM1,2,1,4.000000,4,6.250000e-02,
TP53->-IFNGR1,2,1,4.000000,4,4.027778e-02,
PTEN->-MED12,2,1,4.000000,4,2.963943e-02,
PTEN->-MED12 TP53->-MED12 TP53->-PTEN,3,3,2.000000,2,1.587302e-02,
PTEN->-ATR,2,1,4.000000,4,6.183862e-02,
PTEN->-ATR TP53->-ATR TP53->-PTEN,3,3,3.000000,3,4.488310e-03,
PIK3CA->-ATR PIK3CA->-PTEN PTEN->-ATR,3,3,2.000000,2,7.266088e-02,
MGA->-PTPRT,2,1,2.000000,2,2.473545e-01,
MGA->-ATR MGA->-PTEN PTEN->-ATR,3,3,2.000000,2,2.692986e-02,
ATR->-NCOR1,2,1,4.000000,4,6.250000e-02,
ATR->-NCOR1 PIK3CA->-ATR PIK3CA->-NCOR1,3,3,2.000000,2,2.777778e-02,
ATR->-EP300 PIK3CA->-ATR PIK3CA->-EP300,3,3,2.000000,2,2.777778e-02,
ATR->-NCOR1 TP53->-ATR TP53->-NCOR1,3,3,2.000000,2,2.777778e-02,
NF1->-MED12,2,1,4.000000,4,1.785969e-01,
NF1->-MED12 TP53->-MED12 TP53->-NF1,3,3,2.000000,2,7.407407e-02,
MAP3K1->-MED12 NF1->-MAP3K1 NF1->-MED12 PTEN->-MAP3K1 PTEN->-MED12 PTEN->-NF1,4,6,2.000000,2,1.478909e-03,
NF1->-NSD1 PTEN->-NF1 PTEN->-NSD1,3,3,2.000000,2,2.469136e-02,
MAP3K1->-MED12,2,1,4.000000,4,3.679378e-02,
MAP3K1->-MED12 PTEN->-MAP3K1 PTEN->-MED12,3,3,3.000000,3,1.666667e-03,
NF1->-MAP3K1,2,1,4.000000,4,3.326211e-01,
NF1->-MAP3K1 TP53->-MAP3K1 TP53->-NF1,3,3,3.000000,3,1.620370e-02,
NF1->-MAP3K1 PTEN->-MAP3K1 PTEN->-NF1,3,3,3.000000,3,4.115226e-03,
MAP3K1->-NSD1,2,1,4.000000,4,4.680377e-01,
MAP3K1->-NSD1 TP53->-MAP3K1 TP53->-NSD1,3,3,2.000000,2,7.407407e-02,
CDH1->-MAP3K1 CDH1->-NSD1 MAP3K1->-NSD1,3,3,2.000000,2,1.255144e-01,
TP53->-CTCF,2,1,4.000000,4,2.163542e-01,
CDH1->-RASA1,2,1,4.000000,4,1.701580e-01,
BRCA2->-KMT2C,2,1,4.000000,4,5.897283e-01,
ARID1A->-CDH1,2,1,4.000000,4,9.986897e-01,
ARID1A->-CDH1 ARID1A->-PIK3CA CDH1->-PIK3CA,3,3,2.000000,2,6.902380e-01,
TBX3->-KMT2C,2,1,4.000000,4,6.557252e-01,
TBX3->-KMT2C TP53->-KMT2C TP53->-TBX3,3,3,2.000000,2,4.461279e-02,
TP53->-TRAF7,2,1,4.000000,4,1.180556e-01,
TP53->-REL,2,1,4.000000,4,4.583333e-02,
TP53->-PMS1,2,1,4.000000,4,3.090909e-02,
FOXA1->-TBX3,2,1,4.000000,4,4.337620e-01,
FOXA1->-TBX3 PIK3CA->-FOXA1 PIK3CA->-TBX3,3,3,2.000000,2,7.407407e-02,
KMT2C->-TBX3,2,1,4.000000,4,6.557252e-01,
ERBB2->-MAP3K1,2,1,4.000000,4,3.348537e-01,
GATA3->-POLE,2,1,4.000000,4,1.929705e-01,
GATA3->-POLE PIK3CA->-GATA3 PIK3CA->-POLE,3,3,2.000000,2,1.527778e-02,
CDH1->-GATA3 CDH1->-POLE GATA3->-POLE,3,3,2.000000,2,1.527778e-02,
TP53->-SMO,2,1,4.000000,4,9.551177e-02,
NF1->-TET2,2,1,4.000000,4,4.900794e-02,
NF1->-TET2 TP53->-NF1 TP53->-TET2,3,3,2.000000,2,2.777778e-02,
NF1->-SETD2 TP53->-NF1 TP53->-SETD2,3,3,2.000000,2,2.777778e-02,
SPEN->-GATA3,2,1,4.000000,4,9.003653e-01,
PTEN->-ARID1B,2,1,4.000000,4,1.785969e-01,
CDH1->-RHOA,2,1,4.000000,4,2.790710e-01,
CDH1->-PIK3CA CDH1->-RHOA RHOA->-PIK3CA,3,3,2.000000,2,6.911376e-02,
CDH1->-PAK7,2,1,4.000000,4,4.166667e-02,
CDH1->-PAK7 CDH1->-TP53 TP53->-PAK7,3,3,2.000000,2,4.513889e-02,
PIK3CA->-FGFR4,2,1,4.000000,4,5.387019e-01,
CDH1->-FGFR4,2,1,4.000000,4,1.443182e-01,
GATA3->-NSD1,2,1,4.000000,4,6.250000e-02,
GATA3->-MED12,2,1,4.000000,4,6.026786e-02,
MAP3K1->-CDH1,2,1,4.000000,4,9.996784e-01,
MAP3K1->-CDH1 MAP3K1->-PIK3CA PIK3CA->-CDH1,3,3,2.000000,2,7.403781e-01,
PIK3CA->-TSHR,2,1,4.000000,4,2.777778e-02,
TP53->-GATA2,2,1,4.000000,4,1.837121e-01,
TP53->-GSK3B,2,1,4.000000,4,2.777778e-02,
FOXA1->-CDH1,2,1,4.000000,4,9.995756e-01,
MAP3K1->-FOXA1,2,1,4.000000,4,8.884511e-01,
MAP3K1->-FOXA1 MAP3K1->-PIK3CA PIK3CA->-FOXA1,3,3,3.000000,3,1.524290e-01,
MAP3K1->-ARID2,2,1,4.000000,4,4.189560e-02,
PIK3CA->-PMS1,2,1,4.000000,4,6.250000e-02,
MAP3K1->-DICER1,2,1,4.000000,4,3.961538e-02,
ERBB2->-ERBB3,2,1,4.000000,4,4.189560e-02,
CDH1->-ERBB3 ERBB2->-CDH1 ERBB2->-ERBB3,3,3,2.000000,2,7.407407e-02,
NF1->-ERBB3,2,1,4.000000,4,6.250000e-02,
NF1->-ERBB3 NF1->-TP53 TP53->-ERBB3,3,3,2.000000,2,7.407407e-02,
NF1->-CDH1,2,1,4.000000,4,9.370767e-01,
CDH1->-PIK3CA NF1->-CDH1 NF1->-PIK3CA,3,3,2.000000,2,3.888367e-01,
TP53->-DAXX,2,1,4.000000,4,2.540025e-02,
CDH1->-JAK2,2,1,4.000000,4,4.166667e-02,
PIK3CA->-INSR,2,1,4.000000,4,1.636905e-01,
PIK3CA->-INSR PIK3CA->-TP53 TP53->-INSR,3,3,2.000000,2,7.407407e-02,
ERBB2->-FOXA1,2,1,4.000000,4,3.168155e-01,
ERBB2->-FOXA1 ERBB2->-MAP3K1 FOXA1->-MAP3K1,3,3,2.000000,2,2.033730e-02,
MAP3K1->-CDKN1B,2,1,4.000000,4,3.743727e-01,
TP53->-DICER1,2,1,4.000000,4,1.418651e-02,
PIK3CA->-DICER1 TP53->-DICER1 TP53->-PIK3CA,3,3,2.000000,2,6.319681e-03,
TP53->-NTRK1,2,1,4.000000,4,1.425926e-02,
TP53->-JUN,2,1,4.000000,4,6.250000e-02,
CDH1->-JUN,2,1,4.000000,4,5.089286e-02,
TP53->-FGFR2,2,1,4.000000,4,6.183862e-02,
PIK3CA->-YES1,2,1,4.000000,4,3.048030e-02,
MAP2K4->-NCOR1,2,1,4.000000,4,6.236979e-01,
MAP2K4->-NCOR1 MAP2K4->-PIK3CA PIK3CA->-NCOR1,3,3,2.000000,2,1.211335e-01,
GATA3->-PDGFRA,2,1,4.000000,4,1.875000e-01,
CDH1->-DNMT3B,2,1,4.000000,4,6.250000e-02,
PIK3CA->-DNMT3B,2,1,4.000000,4,1.750000e-01,
CDH1->-DNMT3B CDH1->-PIK3CA PIK3CA->-DNMT3B,3,3,2.000000,2,2.777778e-02,
APC->-PIK3CA,2,1,4.000000,4,7.869911e-01,
APC->-PIK3CA CDH1->-APC CDH1->-PIK3CA,3,3,2.000000,2,1.211335e-01,
TP53->-PAK1,2,1,4.000000,4,1.194079e-02,
TP53->-JAK2,2,1,4.000000,4,1.497520e-01,
CDH1->-JAK2 TP53->-CDH1 TP53->-JAK2,3,3,2.000000,2,2.777778e-02,
KMT2C->-PARP1,2,1,4.000000,4,4.718222e-02,
KMT2C->-PTCH1,2,1,4.000000,4,2.116350e-01,
CDH1->-KMT2A CDH1->-KMT2C CDH1->-PTCH1 KMT2C->-KMT2A KMT2C->-PTCH1 PTCH1->-KMT2A,4,6,2.000000,2,1.659518e-03,
PIK3CA->-PIK3CB,2,1,4.000000,4,2.786458e-01,
PIK3CA->-PIK3CB PIK3CA->-TP53 TP53->-PIK3CB,3,3,2.000000,2,2.777778e-02,
MDC1->-PIK3CB PIK3CA->-MDC1 PIK3CA->-PIK3CB,3,3,2.000000,2,2.777778e-02,
ARID1A->-KMT2D,2,1,4.000000,4,2.953208e-01,
ARID1A->-KMT2D PIK3CA->-ARID1A PIK3CA->-KMT2D,3,3,2.000000,2,7.266088e-02,
SPOP->-PIK3CA,2,1,4.000000,4,1.875000e-01,
CDH1->-SMAD4,2,1,4.000000,4,4.226190e-01,
RUNX1->-FOXA1,2,1,4.000000,4,2.527778e-01,
PIK3CA->-FOXA1 PIK3CA->-RUNX1 RUNX1->-FOXA1,3,3,2.000000,2,5.092593e-02,
CDH1->-FOXA1 CDH1->-RUNX1 RUNX1->-FOXA1,3,3,2.000000,2,1.480195e-01,
PIK3CA->-INPP4A,2,1,4.000000,4,1.875000e-01,
CDH1->-TET2,2,1,4.000000,4,5.654762e-02,
CDH1->-NOTCH4,2,1,4.000000,4,6.204044e-02,
CDH1->-NOTCH4 CDH1->-PIK3CA PIK3CA->-NOTCH4,3,3,2.000000,2,7.407407e-02,
BRCA2->-CDH1,2,1,4.000000,4,8.845782e-01,
RB1->-KMT2C,2,1,4.000000,4,2.407955e-01,
RB1->-KMT2C TP53->-KMT2C TP53->-RB1,3,3,2.000000,2,7.076720e-02,
AKT2->-KMT2C TP53->-AKT2 TP53->-KMT2C,3,3,2.000000,2,2.777778e-02,
KMT2C->-PIK3CA RB1->-KMT2C RB1->-PIK3CA,3,3,2.000000,2,7.407407e-02,
KMT2A->-PIK3CA,2,1,4.000000,4,9.688991e-01,
NF1->-FOXA1,2,1,4.000000,4,6.250000e-02,
NF1->-FOXA1 NF1->-PIK3CA PIK3CA->-FOXA1,3,3,2.000000,2,7.407407e-02,
NF1->-FOXA1 TP53->-FOXA1 TP53->-NF1,3,3,2.000000,2,7.407407e-02,
PTEN->-SETD2,2,1,4.000000,4,1.068322e-01,
NOTCH2->-PIK3CA,2,1,4.000000,4,3.214286e-01,
CDH1->-DNMT3A,2,1,4.000000,4,1.641010e-01,
CDH1->-DNMT3A CDH1->-PIK3CA PIK3CA->-DNMT3A,3,3,2.000000,2,6.074520e-02,
CDH1->-DNMT3A TP53->-CDH1 TP53->-DNMT3A,3,3,2.000000,2,1.978045e-02,
NCOR1->-MAP2K4,2,1,4.000000,4,6.236979e-01,
MAP2K4->-PIK3CA NCOR1->-MAP2K4 NCOR1->-PIK3CA,3,3,2.000000,2,1.211335e-01,
SOX9->-PTCH1,2,1,4.000000,4,6.060606e-02,
APC->-KMT2D,2,1,4.000000,4,1.697809e-01,
APC->-KMT2D TP53->-APC TP53->-KMT2D,3,3,3.000000,3,1.341567e-02,
GATA3->-CREBBP,2,1,4.000000,4,1.312500e-01,
CREBBP->-MAP3K1 GATA3->-CREBBP GATA3->-MAP3K1 GATA3->-PIK3CA PIK3CA->-CREBBP PIK3CA->-MAP3K1,4,6,2.000000,2,1.736111e-03,
PTEN->-RUNX1,2,1,4.000000,4,1.458333e-01,
TP53->-EPCAM,2,1,4.000000,4,1.500000e-01,
JAK1->-PIK3CA,2,1,4.000000,4,4.278846e-01,
CDH1->-ANKRD11,2,1,4.000000,4,3.044745e-01,
PIK3CA->-MSH6,2,1,4.000000,4,3.437500e-01,
PTPRS->-MAP3K1,2,1,4.000000,4,1.229591e-01,
TP53->-KLF4,2,1,4.000000,4,2.733218e-01,
TBX3->-RUNX1,2,1,4.000000,4,3.437500e-01,
CDH1->-ARID5B,2,1,4.000000,4,5.080049e-02,
CDH1->-ARID5B CDH1->-PIK3CA PIK3CA->-ARID5B,3,3,3.000000,3,1.287149e-02,
CDH1->-PARP1,2,1,4.000000,4,1.560311e-01,
CDH1->-PARP1 CDH1->-PIK3CA PIK3CA->-PARP1,3,3,2.000000,2,1.152834e-01,
CDH1->-KMT2C CDH1->-PARP1 KMT2C->-PARP1,3,3,2.000000,2,5.619356e-02,
CDH1->-PARP1 CDH1->-RAD50 RAD50->-PARP1,3,3,2.000000,2,1.758263e-02,
KMT2D->-KMT2C,2,1,4.000000,4,4.584756e-01,
KMT2D->-KMT2C TP53->-KMT2C TP53->-KMT2D,3,3,2.000000,2,2.219469e-01,
NF1->-ATM,2,1,4.000000,4,5.357143e-02,
NF1->-ATM NF1->-PIK3CA PIK3CA->-ATM,3,3,2.000000,2,2.777778e-02,
KMT2C->-TSC2,2,1,4.000000,4,2.755858e-01,
TP53->-AURKA,2,1,4.000000,4,4.166667e-02,
TP53->-MSH6,2,1,4.000000,4,1.443182e-01,
PIK3CA->-IKBKE,2,1,4.000000,4,1.458333e-01,
PIK3CA->-PALB2,2,1,4.000000,4,2.779605e-01,
GATA3->-CBFB,2,1,4.000000,4,9.998738e-01,
PIK3CA->-NF2,2,1,4.000000,4,5.435335e-02,
TP53->-E2F3,2,1,4.000000,4,1.879630e-02,
PIK3CA->-PAK7,2,1,4.000000,4,2.638889e-01,
CDH1->-PAK7 CDH1->-PIK3CA PIK3CA->-PAK7,3,3,2.000000,2,7.407407e-02,
TP53->-NF2,2,1,4.000000,4,2.767094e-02,
TP53->-AXL,2,1,4.000000,4,2.635328e-02,
GATA3->-FOXA1,2,1,4.000000,4,7.460938e-01,
GATA3->-FOXA1 PIK3CA->-FOXA1 PIK3CA->-GATA3,3,3,2.000000,2,2.632245e-01,
MGA->-ATR,2,1,4.000000,4,6.183862e-02,
MGA->-ATR MGA->-PIK3CA PIK3CA->-ATR,3,3,2.000000,2,1.301779e-01,
TP53->-SMAD2,2,1,4.000000,4,1.541667e-01,
PIK3CA->-TSC2,2,1,4.000000,4,4.756944e-01,
PIK3CA->-KDM5C,2,1,4.000000,4,7.620378e-01,
TP53->-CDKN1A,2,1,4.000000,4,1.302432e-01,
GATA3->-SF3B1,2,1,4.000000,4,5.000000e-01,
GATA3->-SF3B1 PIK3CA->-GATA3 PIK3CA->-SF3B1,3,3,2.000000,2,7.407407e-02,
ERBB4->-GATA3,2,1,4.000000,4,7.777778e-02,
SETD2->-ARID1A,2,1,3.000000,3,4.980159e-01,
ARID1A->-PIK3CA SETD2->-ARID1A SETD2->-PIK3CA,3,3,2.000000,2,1.942821e-01,
NOTCH1->-PIK3CA SETD2->-NOTCH1 SETD2->-PIK3CA,3,3,2.000000,2,7.407407e-02,
ESR1->-RICTOR,2,1,3.000000,3,4.642857e-01,
ESR1->-NOTCH1,2,1,3.000000,3,2.500000e-01,
FAT1->-ATRX,2,1,3.000000,3,3.046053e-01,
FAT1->-ATRX TP53->-ATRX TP53->-FAT1,3,3,2.000000,2,2.465887e-02,
FAT1->-ATRX PTEN->-ATRX PTEN->-FAT1,3,3,2.000000,2,2.465887e-02,
LATS2->-PIK3CA,2,1,3.000000,3,6.041667e-01,
ARID1A->-CARD11,2,1,3.000000,3,3.648572e-01,
ARID2->-CARD11,2,1,3.000000,3,2.489207e-01,
ARID1A->-CARD11 ARID2->-ARID1A ARID2->-CARD11,3,3,2.000000,2,4.816212e-02,
ARID2->-PIK3CA,2,1,3.000000,3,9.779959e-01,
ARID1A->-ARID2,2,1,3.000000,3,8.274348e-01,
ARID1A->-ARID2 ARID1A->-PIK3CA ARID2->-PIK3CA,3,3,2.000000,2,1.301779e-01,
GATA3->-PTEN,2,1,3.000000,3,8.184028e-01,
EP300->-PIK3CA,2,1,3.000000,3,8.662387e-01,
AXL->-PIK3CA,2,1,3.000000,3,5.384425e-01,
NOTCH1->-MAP3K1,2,1,3.000000,3,4.196429e-01,
ATM->-MAP3K1,2,1,3.000000,3,3.597552e-01,
ATM->-MAP3K1 ATM->-PIK3CA MAP3K1->-PIK3CA,3,3,2.000000,2,9.751157e-02,
PIK3CA->-SMO,2,1,3.000000,3,6.281311e-01,
CDH1->-PIK3CA CDH1->-SMO PIK3CA->-SMO,3,3,2.000000,2,5.536913e-02,
KMT2A->-BRCA2,2,1,3.000000,3,2.281250e-01,
SDHB->-TP53,2,1,3.000000,3,7.181801e-01,
TP53->-ASXL1,2,1,3.000000,3,8.333333e-02,
PTEN->-FOXA1,2,1,3.000000,3,3.612726e-01,
MTOR->-XPO1,2,1,3.000000,3,1.250000e-01,
KMT2C->-XPO1,2,1,3.000000,3,1.250000e-01,
KMT2C->-PTPRD,2,1,3.000000,3,2.774015e-01,
PIK3CA-/-TP53,2,1,3.000000,3,9.999836e-01,
CDH1->-PIK3CA CDH1->-TP53 PIK3CA-/-TP53,3,3,2.000000,2,3.727261e-02,
PIK3CA->-MEN1,2,1,3.000000,3,9.629726e-01,
CDH1->-KRAS,2,1,2.000000,2,2.032020e-01,
CDH1->-ARID5B CDH1->-MEN1 CDH1->-PIK3CA MEN1->-ARID5B PIK3CA->-ARID5B PIK3CA->-MEN1,4,6,2.000000,2,1.092790e-03,
CDH1->-CREBBP CDH1->-MEN1 CDH1->-PIK3CA MEN1->-CREBBP PIK3CA->-CREBBP PIK3CA->-MEN1,4,6,2.000000,2,1.092790e-03,
CDH1->-MEN1 CDH1->-PIK3CA CDH1->-PLK2 MEN1->-PLK2 PIK3CA->-MEN1 PIK3CA->-PLK2,4,6,2.000000,2,1.092790e-03,
CDH1->-KMT2C CDH1->-MEN1 CDH1->-PIK3CA MEN1->-KMT2C PIK3CA->-KMT2C PIK3CA->-MEN1,4,6,2.000000,2,1.092790e-03,
KMT2C-/-PIK3CA,2,1,3.000000,3,7.882236e-01,
KMT2C-/-PIK3CA TP53->-KMT2C TP53->-PIK3CA,3,3,2.000000,2,9.323961e-02,
SMO->-PIK3CA,2,1,3.000000,3,6.281311e-01,
CDH1->-DOT1L,2,1,3.000000,3,2.294126e-01,
ARID1A->-EPHB1,2,1,3.000000,3,1.236772e-01,
ARID1A->-EPHB1 TP53->-ARID1A TP53->-EPHB1,3,3,2.000000,2,2.692986e-02,
MAP3K1->-EPHB1,2,1,3.000000,3,5.000000e-01,
CDH1->-EPHB1 CDH1->-MAP3K1 CDH1->-PIK3CA MAP3K1->-EPHB1 PIK3CA->-EPHB1 PIK3CA->-MAP3K1,4,6,2.000000,2,1.736111e-03,
ARID1A->-FOXA1,2,1,3.000000,3,3.785714e-01,
ARID1A->-MAP3K1,2,1,3.000000,3,9.337225e-01,
PIK3CA->-FH,2,1,3.000000,3,2.500000e-01,
NSD1->-KMT2C,2,1,3.000000,3,4.616453e-01,
NSD1->-KMT2C PIK3CA->-KMT2C PIK3CA->-NSD1,3,3,2.000000,2,2.777778e-02,
ARID1A->-KMT2C ARID1A->-NSD1 NSD1->-KMT2C,3,3,2.000000,2,2.777778e-02,
NSD1->-MAP3K1,2,1,3.000000,3,7.490948e-01,
CDH1->-MAP3K1 CDH1->-NSD1 NSD1->-MAP3K1,3,3,2.000000,2,1.255144e-01,
CDH1->-DOT1L CDH1->-MAP3K1 DOT1L->-MAP3K1,3,3,2.000000,2,2.469136e-02,
MAP3K1->-KMT2C NSD1->-KMT2C NSD1->-MAP3K1,3,3,2.000000,2,5.344650e-02,
DOT1L->-MAP3K1,2,1,3.000000,3,2.991453e-01,
CBFB->-EGFR,2,1,3.000000,3,8.333333e-02,
PIK3CA->-FGFR3,2,1,3.000000,3,4.968431e-01,
STAG2->-FAT1,2,1,3.000000,3,3.114035e-01,
PIK3CA->-RBM10,2,1,3.000000,3,2.739766e-01,
NCOR1->-FAT1,2,1,3.000000,3,2.119721e-01,
PIK3CA->-PDCD1,2,1,3.000000,3,3.114035e-01,
PIK3CA->-ASXL2,2,1,3.000000,3,5.788077e-01,
TP53->-CDK12,2,1,3.000000,3,3.798392e-01,
AKT1->-RUNX1,2,1,3.000000,3,9.166667e-02,
RUNX1->-MAP3K1,2,1,3.000000,3,4.500000e-01,
PIK3CA->-KIT,2,1,3.000000,3,2.305213e-01,
PIK3CA->-KIT TP53->-KIT TP53->-PIK3CA,3,3,2.000000,2,4.026283e-02,
IKZF1->-PIK3CA,2,1,3.000000,3,7.675781e-01,
CDH1->-FLT1,2,1,3.000000,3,1.250000e-01,
HIST1H3I->-SMARCA4,2,1,3.000000,3,1.223182e-01,
PIK3CA->-SMARCA4,2,1,3.000000,3,8.371372e-01,
HIST1H3I->-SMARCA4 PIK3CA->-HIST1H3I PIK3CA->-SMARCA4,3,3,2.000000,2,7.115326e-02,
PIK3CA->-FBXW7,2,1,3.000000,3,5.253541e-01,
PIK3CA->-EIF4A2,2,1,3.000000,3,3.365279e-01,
PIK3CA->-PDGFRA,2,1,3.000000,3,7.251030e-01,
CDH1->-EGFR,2,1,3.000000,3,4.250000e-01,
CDH1->-EGFR CDH1->-PIK3CA PIK3CA->-EGFR,3,3,2.000000,2,3.703704e-02,
CDH1->-EPHA7,2,1,3.000000,3,1.240809e-01,
TP53->-LATS1,2,1,3.000000,3,4.625000e-01,
TP53->-SOX2,2,1,3.000000,3,8.333333e-02,
LATS1->-TSC2,2,1,3.000000,3,8.363636e-02,
PIK3CA->-BRD4,2,1,3.000000,3,2.997173e-01,
CDH1->-GRIN2A,2,1,3.000000,3,1.250000e-01,
MAP2K4->-ARID1A,2,1,3.000000,3,8.750000e-02,
MAP2K4->-ARID1A PIK3CA->-ARID1A PIK3CA->-MAP2K4,3,3,2.000000,2,2.777778e-02,
MAP3K1->-PIK3C3,2,1,3.000000,3,5.147059e-02,
TP53->-PIK3C3,2,1,3.000000,3,6.827731e-02,
TP53->-GNA11,2,1,3.000000,3,9.558824e-02,
IRS1->-PIK3CA,2,1,3.000000,3,6.976103e-01,
MAP3K1->-CARD11,2,1,3.000000,3,6.407563e-02,
MDC1->-PIK3CA,2,1,3.000000,3,9.097273e-01,
PIK3CA-/-RFWD2,2,1,3.000000,3,6.125237e-02,
TP53->-RPS6KA4,2,1,3.000000,3,2.790179e-01,
PTEN->-ATM,2,1,3.000000,3,7.923077e-02,
PIK3CA->-ATM PTEN->-ATM PTEN->-PIK3CA,3,3,2.000000,2,1.125000e-02,
TP53->-NTRK3,2,1,3.000000,3,3.125000e-01,
PIK3CA->-AMER1,2,1,3.000000,3,3.674989e-01,
FOXA1->-ESR1,2,1,3.000000,3,3.624575e-01,
CDKN2A->-TP53,2,1,3.000000,3,9.884579e-01,
GATA3->-NUP93,2,1,3.000000,3,1.250000e-01,
GATA3->-NUP93 PIK3CA->-GATA3 PIK3CA->-NUP93,3,3,2.000000,2,7.407407e-02,
GATA3->-ERBB3,2,1,3.000000,3,4.290179e-01,
MEN1->-STAG2,2,1,3.000000,3,1.016010e-01,
MEN1->-NUP93 MEN1->-PIK3CA PIK3CA->-NUP93,3,3,2.000000,2,2.777778e-02,
GATA3->-NUP93 MEN1->-GATA3 MEN1->-NUP93 MEN1->-STAG2 STAG2->-GATA3 STAG2->-NUP93,4,6,2.000000,2,1.736111e-03,
PIK3CA->-FLT3,2,1,3.000000,3,4.625000e-01,
CHEK2->-ARID1A,2,1,3.000000,3,7.738095e-02,
ARID1A->-EGFR,2,1,3.000000,3,1.250000e-01,
ARID1A->-EGFR GATA3->-ARID1A GATA3->-EGFR,3,3,2.000000,2,2.777778e-02,
ARID1A->-SPEN PIK3CA->-ARID1A PIK3CA->-SPEN,3,3,3.000000,3,1.620370e-02,
ARID1A->-SPEN CDH1->-ARID1A CDH1->-SPEN,3,3,2.000000,2,2.777778e-02,
ARID1A->-SPEN MEN1->-ARID1A MEN1->-SPEN,3,3,2.000000,2,2.777778e-02,
KMT2C->-ATM,2,1,3.000000,3,4.882758e-01,
KMT2C->-SPEN,2,1,3.000000,3,6.601562e-01,
MAP3K1->-SPEN,2,1,3.000000,3,3.125000e-01,
GATA3->-SPEN MAP3K1->-GATA3 MAP3K1->-SPEN,3,3,2.000000,2,2.777778e-02,
KMT2C->-AKT1,2,1,3.000000,3,7.950846e-01,
AKT1->-NF1,2,1,3.000000,3,1.250000e-01,
ATM->-KMT2C,2,1,3.000000,3,4.882758e-01,
ROS1->-TP53,2,1,3.000000,3,9.675961e-01,
PIK3CA->-ROS1 PIK3CA->-TP53 ROS1->-TP53,3,3,2.000000,2,1.599406e-01,
TSC2->-PIK3CA,2,1,3.000000,3,7.552083e-01,
ROS1->-PIK3CA,2,1,3.000000,3,9.025893e-01,
KDM5C->-ESR1,2,1,3.000000,3,2.625000e-01,
CDH1->-BRCA2 CDH1->-ESR1 ESR1->-BRCA2,3,3,3.000000,3,4.629630e-03,
TBX3->-BRCA2,2,1,3.000000,3,3.877747e-01,
TBX3->-ANKRD11,2,1,3.000000,3,5.000000e-01,
CDH1->-PIK3CG,2,1,3.000000,3,3.046053e-01,
CDH1->-HNF1A,2,1,3.000000,3,1.250000e-01,
GATA3->-ATR,2,1,3.000000,3,1.250000e-01,
TBX3->-FOXA1,2,1,3.000000,3,7.231310e-01,
CDH1->-FOXA1 CDH1->-TBX3 TBX3->-FOXA1,3,3,2.000000,2,2.465887e-02,
MAP2K4->-PTPRS,2,1,3.000000,3,1.197368e-01,
PTEN->-PTPRS,2,1,3.000000,3,1.112086e-01,
CDH1->-PTPRS PTEN->-CDH1 PTEN->-PTPRS,3,3,2.000000,2,2.191900e-02,
CDH1->-ACVR1 PTEN->-ACVR1 PTEN->-CDH1,3,3,2.000000,2,2.191900e-02,
ATRX->-EPHB1,2,1,3.000000,3,1.184698e-01,
ATRX->-EPHB1 TP53->-ATRX TP53->-EPHB1,3,3,2.000000,2,6.752617e-02,
PTEN->-EPHB1,2,1,2.000000,2,2.369396e-01,
ATRX->-EPHB1 CDH1->-ATRX CDH1->-EPHB1,3,3,2.000000,2,2.465887e-02,
PTEN->-MAP2K4,2,1,3.000000,3,8.353125e-01,
PTEN->-MAP2K4 PTEN->-TP53 TP53->-MAP2K4,3,3,2.000000,2,9.716131e-02,
CDH1->-CDK12,2,1,3.000000,3,5.321637e-02,
TP53->-FLT3,2,1,3.000000,3,9.578947e-02,
PIK3CA->-FLT3 TP53->-FLT3 TP53->-PIK3CA,3,3,2.000000,2,1.388889e-02,
NF1->-FLT3,2,1,2.000000,2,2.000000e-01,
PTEN->-JAK3,2,1,3.000000,3,7.589474e-02,
PTEN->-FAT1,2,1,3.000000,3,5.697329e-01,
TP53->-RHOA,2,1,3.000000,3,4.217127e-01,
TP53->-H3F3C,2,1,3.000000,3,6.510989e-02,
PIK3CA->-GNA11,2,1,3.000000,3,2.683824e-01,
ATM->-FAT1 PIK3CA->-ATM PIK3CA->-FAT1 PIK3CA->-TP53 TP53->-ATM TP53->-FAT1,4,6,2.000000,2,5.063657e-03,
GNA11->-FAT1 PIK3CA->-FAT1 PIK3CA->-GNA11 PIK3CA->-TP53 TP53->-FAT1 TP53->-GNA11,4,6,2.000000,2,1.736111e-03,
ATM->-FAT1,2,1,3.000000,3,2.625000e-01,
PIK3CA->-RIT1,2,1,3.000000,3,7.923077e-02,
PIK3CA->-GATA2,2,1,3.000000,3,3.125000e-01,
PIK3CA->-CTCF,2,1,3.000000,3,9.405089e-01,
TP53->-INPP4A,2,1,3.000000,3,8.333333e-02,
STK11->-EP300,2,1,3.000000,3,2.782782e-01,
STK11->-EP300 TP53->-EP300 TP53->-STK11,3,3,2.000000,2,1.043292e-01,
TP53->-ERCC2,2,1,3.000000,3,6.428571e-02,
PIK3C2G->-CREBBP,2,1,3.000000,3,3.125000e-01,
PIK3C2G->-CREBBP PIK3CA->-CREBBP PIK3CA->-PIK3C2G,3,3,2.000000,2,1.319444e-01,
PIK3C2G->-MAP3K1,2,1,3.000000,3,2.991453e-01,
PIK3C2G->-MAP3K1 PIK3CA->-MAP3K1 PIK3CA->-PIK3C2G,3,3,2.000000,2,7.407407e-02,
PIK3CA->-SMAD2,2,1,3.000000,3,3.125000e-01,
CREBBP->-MAP3K1 PIK3CA->-CREBBP PIK3CA->-MAP3K1,3,3,3.000000,3,4.629630e-03,
CDH1->-GPS2,2,1,3.000000,3,6.413690e-01,
PTEN->-DNMT1,2,1,3.000000,3,6.382479e-02,
PIK3CA->-DNMT1 PTEN->-DNMT1 PTEN->-PIK3CA,3,3,2.000000,2,1.125000e-02,
DOT1L->-PIK3CA,2,1,3.000000,3,4.750000e-01,
ATRX->-PIK3CA,2,1,3.000000,3,9.095775e-01,
TP53->-RASA1,2,1,3.000000,3,4.395833e-01,
GATA3->-CARD11,2,1,3.000000,3,6.534392e-02,
NCOR1->-PTEN,2,1,3.000000,3,4.343750e-01,
NCOR1->-CARD11,2,1,3.000000,3,2.833333e-01,
IRS2->-CARD11,2,1,3.000000,3,6.525253e-02,
IRS2->-CARD11 TP53->-CARD11 TP53->-IRS2,3,3,2.000000,2,3.231622e-02,
TP53->-CDK4,2,1,3.000000,3,1.250000e-01,
TP53->-AKT2,2,1,3.000000,3,1.250000e-01,
PTEN->-NSD1,2,1,3.000000,3,1.160969e-01,
NCOR1->-NSD1 PTEN->-NCOR1 PTEN->-NSD1 TP53->-NCOR1 TP53->-NSD1 TP53->-PTEN,4,6,2.000000,2,1.736111e-03,
NF1->-NCOR1,2,1,3.000000,3,4.553571e-01,
NCOR1->-MAP3K1,2,1,3.000000,3,8.980868e-01,
NCOR1->-MAP3K1 TP53->-MAP3K1 TP53->-NCOR1,3,3,2.000000,2,9.511785e-02,
MAP3K1->-PIK3CA NCOR1->-MAP3K1 NCOR1->-PIK3CA,3,3,2.000000,2,2.464796e-01,
MED12->-NSD1,2,1,3.000000,3,2.991453e-01,
CDKN1B-/-PIK3CA,2,1,3.000000,3,1.424000e-01,
CDKN1B-/-KMT2C CDKN1B-/-PIK3CA MAP3K1->-CDKN1B MAP3K1->-KMT2C MAP3K1->-PIK3CA PIK3CA->-KMT2C,4,6,2.000000,2,3.040227e-04,
ARID1A->-PIK3C2G,2,1,3.000000,3,1.755952e-01,
ARID1A->-PIK3C2G TP53->-ARID1A TP53->-PIK3C2G,3,3,2.000000,2,5.555556e-03,
PIK3CA->-RECQL4,2,1,3.000000,3,7.093363e-01,
PIK3CA->-RASA1,2,1,3.000000,3,2.578984e-01,
ARID1A->-CREBBP,2,1,3.000000,3,2.877747e-01,
ARID1A->-CREBBP CDH1->-ARID1A CDH1->-CREBBP,3,3,2.000000,2,1.195437e-01,
ARID1A->-APC CDH1->-APC CDH1->-ARID1A,3,3,2.000000,2,2.777778e-02,
ARID1A->-CREBBP ARID1A->-PIK3CA PIK3CA->-CREBBP,3,3,2.000000,2,6.415344e-02,
ARID1A->-BRCA2,2,1,3.000000,3,5.466183e-01,
ARID1A->-BRCA2 ARID1A->-PIK3CA PIK3CA->-BRCA2,3,3,2.000000,2,6.415344e-02,
ARID1A->-TBX3,2,1,3.000000,3,4.134615e-01,
PIK3CA->-PIK3C3,2,1,3.000000,3,1.705441e-01,
MAP3K1->-PIK3C3 PIK3CA->-MAP3K1 PIK3CA->-PIK3C3,3,3,2.000000,2,2.576934e-02,
CHEK2->-TP53,2,1,3.000000,3,3.607143e-01,
CHEK2->-PIK3CA CHEK2->-TP53 TP53->-PIK3CA,3,3,2.000000,2,2.777778e-02,
PIK3CA->-HIST1H3B,2,1,3.000000,3,2.223039e-01,
CDH1->-KDM6A,2,1,3.000000,3,4.986213e-01,
MTOR->-CDH1,2,1,3.000000,3,7.277317e-01,
CDH1->-LATS1,2,1,3.000000,3,1.166667e-01,
CDH1->-PBRM1,2,1,3.000000,3,3.125000e-01,
NF1->-ARID1A,2,1,3.000000,3,2.875000e-01,
NF1->-ARID1A PIK3CA->-ARID1A PIK3CA->-NF1,3,3,2.000000,2,5.787037e-02,
ATM->-ESR1,2,1,3.000000,3,1.250000e-01,
ATRX->-GATA3,2,1,3.000000,3,2.857143e-01,
ESR1->-RHOA,2,1,3.000000,3,1.250000e-01,
CDH1->-ESR1 CDH1->-RHOA ESR1->-RHOA,3,3,2.000000,2,2.777778e-02,
CDH1->-ARID1B,2,1,3.000000,3,2.897237e-01,
CDH1->-SMARCB1,2,1,3.000000,3,1.250000e-01,
CDH1->-ERCC5,2,1,3.000000,3,8.333333e-02,
CDH1->-ATR,2,1,3.000000,3,2.188013e-01,
CDH1->-ATR CDH1->-PIK3CA PIK3CA->-ATR,3,3,2.000000,2,6.074520e-02,
MAP2K4->-CDH1,2,1,3.000000,3,9.668880e-01,
FAT1->-KMT2C,2,1,3.000000,3,8.819929e-01,
FAT1->-KMT2C PIK3CA->-FAT1 PIK3CA->-KMT2C,3,3,2.000000,2,2.174268e-01,
PIK3CA->-LATS2,2,1,3.000000,3,6.041667e-01,
MAP2K4->-MED12,2,1,3.000000,3,1.250000e-01,
TP53->-DNMT3B,2,1,3.000000,3,1.250000e-01,
ZFHX3->-KMT2C,2,1,3.000000,3,4.500000e-01,
KMT2C->-PIK3CA ZFHX3->-KMT2C ZFHX3->-PIK3CA,3,3,2.000000,2,1.001157e-01,
MAP3K1->-PTPRD,2,1,3.000000,3,2.924107e-01,
ARID1A->-JAK1,2,1,3.000000,3,1.250000e-01,
ARID1A->-JAK1 ARID1A->-PIK3CA JAK1->-PIK3CA,3,3,2.000000,2,7.407407e-02,
PIK3CA->-JAK1,2,1,3.000000,3,7.193510e-01,
AKT1->-CBFB,2,1,3.000000,3,8.271484e-01,
CBFB->-ERBB2,2,1,3.000000,3,1.041667e-01,
BCL6->-CDH1,2,1,3.000000,3,5.000000e-01,
PIK3R1->-MED12,2,1,3.000000,3,4.146376e-01,
PIK3R1->-MED12 PTEN->-MED12 PTEN->-PIK3R1,3,3,2.000000,2,1.410935e-02,
MGA->-ARID2 TP53->-ARID2 TP53->-MGA,3,3,3.000000,3,4.488310e-03,
MST1R->-KMT2C,2,1,3.000000,3,3.125000e-01,
MST1R->-KMT2C PIK3CA->-KMT2C PIK3CA->-MST1R,3,3,2.000000,2,7.407407e-02,
MST1R->-MAP3K1 PIK3CA->-MAP3K1 PIK3CA->-MST1R,3,3,3.000000,3,4.629630e-03,
PIK3CA->-FLT1,2,1,3.000000,3,4.210526e-01,
CHEK2->-GATA3,2,1,3.000000,3,2.410714e-01,
PIK3C2G-/-POLE,2,1,3.000000,3,5.417989e-02,
POLE->-PIK3CB,2,1,3.000000,3,5.674603e-02,
BRCA2->-ARID1A,2,1,3.000000,3,5.466183e-01,
KMT2D->-TP53,2,1,3.000000,3,9.999817e-01,
TP53->-CUL3,2,1,3.000000,3,5.833333e-02,
ARID1A->-ATM,2,1,3.000000,3,3.785714e-01,
CDH1->-ARID2,2,1,3.000000,3,2.500000e-01,
CDH1->-ARID2 CDH1->-PIK3CA PIK3CA->-ARID2,3,3,2.000000,2,7.407407e-02,
CDH1->-DAXX,2,1,3.000000,3,1.016010e-01,
PTPRT->-ARID2,2,1,3.000000,3,2.749276e-01,
PIK3CA->-ARID2 PIK3CA->-PTPRT PIK3CA->-TP53 PTPRT->-ARID2 TP53->-ARID2 TP53->-PTPRT,4,6,2.000000,2,7.004041e-04,
PTPRT->-PIK3CA,2,1,3.000000,3,9.897823e-01,
PIK3CA->-KDM5A,2,1,3.000000,3,4.241071e-01,
ARID1A->-ATR,2,1,3.000000,3,1.236772e-01,
PIK3CA->-KMT2D PIK3CA->-ROS1 ROS1->-KMT2D,3,3,2.000000,2,2.692986e-02,
ARID1A->-ATR PIK3CA->-ARID1A PIK3CA->-ATR PIK3CA->-ROS1 ROS1->-ARID1A ROS1->-ATR,4,6,2.000000,2,1.634276e-03,
ARID1A->-BCOR PIK3CA->-ARID1A PIK3CA->-BCOR PIK3CA->-ROS1 ROS1->-ARID1A ROS1->-BCOR,4,6,2.000000,2,1.634276e-03,
ARID1A->-NOTCH4,2,1,3.000000,3,1.250000e-01,
BRCA1->-TET2,2,1,3.000000,3,2.321296e-01,
ESR1->-NCOR1,2,1,3.000000,3,6.562500e-01,
GATA3->-RICTOR,2,1,3.000000,3,3.854167e-01,
GATA3->-PIK3CA GATA3->-RICTOR PIK3CA->-RICTOR,3,3,2.000000,2,6.735698e-02,
GATA3->-BRCA1 GATA3->-PIK3CA PIK3CA->-BRCA1,3,3,2.000000,2,1.222420e-01,
GATA3->-BRCA1,2,1,3.000000,3,3.854167e-01,
PTPRT->-KMT2C,2,1,3.000000,3,1.250000e-01,
PTPRT->-KMT2C TP53->-KMT2C TP53->-PTPRT,3,3,2.000000,2,7.407407e-02,
PTPRT->-KMT2D,2,1,3.000000,3,5.886679e-01,
KMT2D->-PIK3CA PTPRT->-KMT2D PTPRT->-PIK3CA,3,3,2.000000,2,1.510168e-01,
PTPRS->-KMT2C,2,1,3.000000,3,2.991453e-01,
PTPRS->-KMT2C TP53->-KMT2C TP53->-PTPRS,3,3,2.000000,2,2.777778e-02,
PTPRS->-KMT2D TP53->-KMT2D TP53->-PTPRS,3,3,3.000000,3,3.279321e-03,
NF1->-KMT2D,2,1,3.000000,3,2.750000e-01,
KMT2C->-KMT2D,2,1,3.000000,3,7.418633e-01,
KMT2C->-KMT2D TP53->-KMT2C TP53->-KMT2D,3,3,2.000000,2,2.219469e-01,
KMT2C->-KMT2D PTPRT->-KMT2C PTPRT->-KMT2D,3,3,2.000000,2,2.777778e-02,
CREBBP->-TP53,2,1,3.000000,3,9.905070e-01,
ESR1->-SPEN,2,1,3.000000,3,5.000000e-01,
ARID1B->-TP53,2,1,3.000000,3,9.835186e-01,
FGFR4->-PIK3CA,2,1,3.000000,3,7.937981e-01,
MEN1->-FAT1,2,1,3.000000,3,1.011905e-01,
TP53->-CDKN1B,2,1,3.000000,3,2.200893e-01,
SF3B1->-GATA3,2,1,3.000000,3,7.734375e-01,
SOX9->-TP53,2,1,3.000000,3,6.515152e-01,
SPEN->-TP53,2,1,3.000000,3,9.694783e-01,
SPEN->-CDH1,2,1,3.000000,3,9.342535e-01,
SDHB->-GATA3,2,1,3.000000,3,2.659926e-01,
PTEN->-MST1R,2,1,3.000000,3,1.250000e-01,
KDM5C->-TP53,2,1,3.000000,3,5.799534e-01,
TP53->-YES1,2,1,3.000000,3,1.016010e-01,
PIK3CA->-YES1 TP53->-PIK3CA TP53->-YES1,3,3,2.000000,2,6.074520e-02,
NCOR1->-ESR1,2,1,3.000000,3,6.562500e-01,
ESR1->-EGFR,2,1,3.000000,3,1.250000e-01,
ESR1->-EGFR ESR1->-GATA3 GATA3->-EGFR,3,3,2.000000,2,2.777778e-02,
MAP2K4->-ESR1,2,1,3.000000,3,8.750000e-02,
ASXL1->-PIK3CA,2,1,3.000000,3,5.937500e-01,
TP53->-BBC3,2,1,3.000000,3,5.250000e-02,
CBFB->-CDKN1B,2,1,3.000000,3,1.250000e-01,
GATA3->-NF1,2,1,3.000000,3,2.875000e-01,
TP53->-SOX9,2,1,3.000000,3,6.515152e-01,
SOX9->-PTCH1 TP53->-PTCH1 TP53->-SOX9,3,3,2.000000,2,2.537879e-02,
NF1->-APC,2,1,3.000000,3,4.687882e-01,
PIK3CA->-PAK1,2,1,3.000000,3,3.980263e-02,
PIK3CA->-PAK1 PIK3CA->-TP53 TP53->-PAK1,3,3,2.000000,2,2.499355e-03,
ARID1A->-MYC,2,1,3.000000,3,1.856250e-01,
PIK3CA->-ARID1B,2,1,3.000000,3,8.135182e-01,
PIK3CA->-ASXL1,2,1,3.000000,3,5.937500e-01,
ARID1A->-APC,2,1,3.000000,3,3.105159e-01,
ERBB2->-PTCH1,2,1,3.000000,3,1.250000e-01,
CDH1->-PTCH1 ERBB2->-CDH1 ERBB2->-PTCH1,3,3,2.000000,2,7.407407e-02,
ERBB2->-PIK3CA ERBB2->-PTCH1 PIK3CA->-PTCH1,3,3,2.000000,2,2.777778e-02,
ERBB2->-KMT2C ERBB2->-PTCH1 KMT2C->-PTCH1,3,3,2.000000,2,2.777778e-02,
CDH1->-MDC1,2,1,3.000000,3,3.125000e-01,
IRS2->-PIK3CA,2,1,3.000000,3,2.017593e-01,
PIK3CA->-SOX17,2,1,3.000000,3,2.857143e-01,
ARID1A-/-ESR1,2,1,3.000000,3,8.596154e-02,
TP53->-FLT1,2,1,3.000000,3,7.236842e-02,
CDH1->-NOTCH2,2,1,3.000000,3,7.444853e-02,
TET2->-PIK3CA,2,1,3.000000,3,8.769635e-01,
CBFB->-PTEN,2,1,3.000000,3,3.125000e-01,
NOTCH2->-SPEN,2,1,3.000000,3,5.714286e-02,
PIK3CA->-BRAF,2,1,3.000000,3,5.000000e-01,
PIK3CA->-STK11,2,1,3.000000,3,8.986156e-01,
TP53->-EIF4A2,2,1,3.000000,3,2.160714e-01,
CDH1->-CDKN2A,2,1,3.000000,3,1.250000e-01,
KMT2C->-STAT5B,2,1,3.000000,3,5.378876e-02,
CDH1->-MSH2,2,1,3.000000,3,1.240809e-01,
KMT2C->-KMT2A,2,1,3.000000,3,3.898250e-01,
TP53->-ERCC4,2,1,3.000000,3,1.547619e-01,
TP53->-ERG,2,1,3.000000,3,7.500000e-02,
PIK3CA->-SMARCD1,2,1,3.000000,3,1.250000e-01,
CTCF->-GATA3,2,1,3.000000,3,2.750000e-01,
FOXP1->-PIK3CA,2,1,3.000000,3,6.991813e-01,
TP53->-RAD54L,2,1,3.000000,3,1.000000e-01,
CTCF->-MAP3K1,2,1,3.000000,3,3.875000e-01,
KMT2A->-MAP3K1,2,1,3.000000,3,4.188462e-01,
TP53->-CSF1R,2,1,3.000000,3,1.250000e-01,
ARID1A->-DDR2,2,1,3.000000,3,5.027473e-02,
KMT2A->-SETD2,2,1,3.000000,3,7.923077e-02,
KMT2A->-MED12,2,1,3.000000,3,2.085714e-01,
PTEN->-PIK3CD,2,1,3.000000,3,7.516765e-02,
PTEN->-NBN,2,1,3.000000,3,7.923077e-02,
PTEN->-NBN TP53->-NBN TP53->-PTEN,3,3,2.000000,2,2.777778e-02,
PIK3CA->-FGFR1,2,1,3.000000,3,2.500000e-01,
ATR->-ALK,2,1,3.000000,3,9.166667e-02,
ATR->-ALK TP53->-ALK TP53->-ATR,3,3,2.000000,2,2.777778e-02,
CARD11->-ATR TP53->-ATR TP53->-CARD11,3,3,3.000000,3,1.623327e-02,
MAP2K4->-FOXP1,2,1,3.000000,3,6.000000e-02,
AKT1->-ESR1,2,1,3.000000,3,2.059028e-01,
ARID1A->-TP53,2,1,3.000000,3,9.997793e-01,
ARID1A->-ARID5B,2,1,3.000000,3,1.250000e-01,
ARID1A->-ARID5B ARID1A->-TP53 TP53->-ARID5B,3,3,2.000000,2,2.777778e-02,
TP53->-MYCN,2,1,3.000000,3,7.500000e-02,
BRCA1->-GATA2,2,1,3.000000,3,1.212121e-01,
BRCA1->-GATA2 TP53->-BRCA1 TP53->-GATA2,3,3,2.000000,2,7.007576e-02,
TP53->-SYK,2,1,3.000000,3,2.877747e-01,
CDH1->-PIK3C2G,2,1,3.000000,3,2.991453e-01,
CDH1->-PIK3C2G CDH1->-PIK3CA PIK3CA->-PIK3C2G,3,3,2.000000,2,7.407407e-02,
CDH1->-NOTCH1,2,1,3.000000,3,4.375000e-01,
PBRM1->-TP53,2,1,3.000000,3,7.635767e-01,
TP53->-KDM5C,2,1,3.000000,3,5.799534e-01,
TP53->-EGFR,2,1,3.000000,3,1.385613e-01,
ARID1B->-NF1,2,1,3.000000,3,1.160969e-01,
ARID1B->-NF1 PTEN->-ARID1B PTEN->-NF1,3,3,2.000000,2,2.469136e-02,
ARID1B->-PTPRS ARID1B->-TSC2 CDH1->-ARID1B CDH1->-PTPRS CDH1->-TSC2 PTPRS->-TSC2,4,6,2.000000,2,1.478909e-03,
ARID1B->-KMT2C ARID1B->-NF1 ARID1B->-TSC2 CDH1->-ARID1B CDH1->-KMT2C CDH1->-NF1 CDH1->-TSC2 KMT2C->-NF1 KMT2C->-TSC2 NF1->-TSC2,5,10,2.000000,2,4.051983e-04,
SMAD4->-TP53,2,1,3.000000,3,4.544643e-01,
GATA3->-FAT1,2,1,3.000000,3,6.106224e-01,
TP53->-SH2B3,2,1,3.000000,3,2.214763e-01,
STAG2->-TP53,2,1,3.000000,3,9.945696e-01,
FAT1->-TP53,2,1,3.000000,3,9.995387e-01,
GPS2->-TP53,2,1,3.000000,3,1.250000e-01,
TP53->-RET,2,1,3.000000,3,8.928571e-02,
MED12->-PIK3CA,2,1,3.000000,3,9.665558e-01,
KRAS->-KMT2C,2,1,3.000000,3,2.246613e-01,
PIK3CA->-ARAF,2,1,3.000000,3,3.219889e-01,
PIK3CA->-ARAF PIK3CA->-TP53 TP53->-ARAF,3,3,2.000000,2,4.282766e-02,
PIK3CA->-SOX2,2,1,3.000000,3,5.608974e-02,
PIK3CA->-CD274,2,1,3.000000,3,2.678571e-01,
CDKN1B->-MAP3K1,2,1,3.000000,3,6.713175e-01,
CDKN1B->-BAP1 CDKN1B->-MAP3K1 MAP3K1->-BAP1 PIK3CA->-BAP1 PIK3CA->-CDKN1B PIK3CA->-MAP3K1,4,6,2.000000,2,1.736111e-03,
PIK3CA->-KLF4,2,1,3.000000,3,5.000000e-01,
CDH1->-EPHA5,2,1,3.000000,3,8.333333e-02,
PTEN->-ARID2,2,1,3.000000,3,1.236772e-01,
PTEN->-ARID2 TP53->-ARID2 TP53->-PTEN,3,3,2.000000,2,7.266088e-02,
ATRX->-ARID2 TP53->-ARID2 TP53->-ATRX,3,3,2.000000,2,2.692986e-02,
ATRX->-ARID2 EPHA5->-ARID2 EPHA5->-ATRX,3,3,2.000000,2,2.692986e-02,
EPHA5->-ARID2 EPHA5->-ROS1 ROS1->-ARID2,3,3,2.000000,2,2.692986e-02,
MAP3K1->-ARID2 PTEN->-ARID2 PTEN->-MAP3K1,3,3,2.000000,2,2.777778e-02,
EPCAM->-ARID2 PTEN->-ARID2 PTEN->-EPCAM,3,3,2.000000,2,2.777778e-02,
EPCAM->-ARID2 TP53->-ARID2 TP53->-EPCAM,3,3,2.000000,2,2.777778e-02,
KRAS->-PIK3CA,2,1,3.000000,3,8.135295e-01,
PIK3CA->-FUBP1,2,1,3.000000,3,1.016010e-01,
TP53->-MEN1,2,1,3.000000,3,3.656814e-01,
CDH1->-KDM5C,2,1,3.000000,3,6.845238e-02,
PIK3CA->-ABL1,2,1,3.000000,3,2.937500e-01,
CDH1->-BLM,2,1,3.000000,3,3.028493e-01,
CDH1->-BLM CDH1->-PIK3CA PIK3CA->-BLM,3,3,2.000000,2,6.774237e-02,
ARID1A->-FLT3,2,1,3.000000,3,4.285714e-01,
TP53->-MST1R,2,1,3.000000,3,1.522321e-01,
PTEN->-MST1R TP53->-MST1R TP53->-PTEN,3,3,2.000000,2,2.777778e-02,
PTEN->-ZFHX3 TP53->-PTEN TP53->-ZFHX3,3,3,3.000000,3,4.014504e-03,
ERBB3->-TBX3,2,1,3.000000,3,5.749975e-01,
KMT2D->-TBX3,2,1,3.000000,3,1.250000e-01,
CDH1->-FLT4,2,1,3.000000,3,1.000000e-01,
KMT2C->-MED12,2,1,3.000000,3,1.981499e-01,
RUNX1->-NCOR1,2,1,3.000000,3,8.554688e-01,
PIK3CA->-NCOR1 PIK3CA->-RUNX1 RUNX1->-NCOR1,3,3,2.000000,2,2.632245e-01,
TSC2->-KMT2D,2,1,3.000000,3,8.293651e-02,
TP53->-KMT2D TP53->-TSC2 TSC2->-KMT2D,3,3,2.000000,2,1.018932e-02,
PIK3CA->-KMT2D PIK3CA->-TSC2 TSC2->-KMT2D,3,3,2.000000,2,1.967593e-02,
PIK3CA->-AURKA,2,1,3.000000,3,1.250000e-01,
PIK3CA->-AURKA TP53->-AURKA TP53->-PIK3CA,3,3,2.000000,2,7.407407e-02,
NF1->-KMT2A,2,1,3.000000,3,3.125000e-01,
NF1->-KMT2A TP53->-KMT2A TP53->-NF1,3,3,2.000000,2,2.777778e-02,
NF1->-KMT2A PIK3CA->-KMT2A PIK3CA->-NF1,3,3,2.000000,2,2.777778e-02,
RB1->-TET1,2,1,3.000000,3,3.114035e-01,
PIK3CA->-RB1 PIK3CA->-TET1 RB1->-TET1,3,3,2.000000,2,7.326186e-02,
RB1->-TET1 TP53->-RB1 TP53->-TET1,3,3,2.000000,2,7.407407e-02,
TP53->-AKT1,2,1,3.000000,3,9.996896e-01,
ATR->-EP300,2,1,3.000000,3,7.500000e-02,
NOTCH4->-PIK3CA,2,1,3.000000,3,9.786324e-01,
TP53->-RAD21,2,1,3.000000,3,5.208333e-02,
CBFB->-ESR1,2,1,3.000000,3,2.937500e-01,
CBFB->-ESR1 CBFB->-PIK3CA PIK3CA->-ESR1,3,3,2.000000,2,1.944444e-02,
RHOA->-GATA3,2,1,3.000000,3,1.205357e-01,
PIK3CA->-GATA3 RHOA->-GATA3 RHOA->-PIK3CA,3,3,2.000000,2,6.911376e-02,
CDH1->-GATA3 CDH1->-RHOA RHOA->-GATA3,3,3,2.000000,2,2.480159e-02,
TP53->-FOXP1,2,1,3.000000,3,2.375000e-01,
PIK3CA->-NCOA3,2,1,3.000000,3,1.250000e-01,
APC->-PARP1,2,1,3.000000,3,1.044872e-01,
MAP2K4->-APC,2,1,3.000000,3,1.017857e-01,
APC->-ATM,2,1,3.000000,3,7.727273e-02,
APC->-ATM APC->-PIK3CA PIK3CA->-ATM,3,3,2.000000,2,4.292929e-02,
ARID1A->-NCOR1 PIK3CA->-ARID1A PIK3CA->-NCOR1,3,3,3.000000,3,1.620370e-02,
SMAD4->-ESR1,2,1,3.000000,3,1.250000e-01,
SMAD4->-CDH1,2,1,3.000000,3,7.139137e-01,
PIK3CA->-RNF43,2,1,3.000000,3,2.166667e-01,
PIK3CA->-SDHB,2,1,3.000000,3,2.659926e-01,
PIK3CA->-SDHB TP53->-PIK3CA TP53->-SDHB,3,3,2.000000,2,9.588610e-02,
CBFB->-KMT2C,2,1,3.000000,3,3.875000e-01,
CBFB->-KMT2C CBFB->-PIK3CA KMT2C->-PIK3CA,3,3,2.000000,2,1.182806e-01,
RAD52->-TP53,2,1,3.000000,3,2.516595e-01,
PIK3CA->-PPP2R1A,2,1,3.000000,3,5.309167e-01,
TBX3->-ERBB3,2,1,3.000000,3,5.749975e-01,
CDH1->-ERBB3 CDH1->-TBX3 TBX3->-ERBB3,3,3,2.000000,2,2.777778e-02,
TP53->-HGF,2,1,3.000000,3,1.203704e-01,
PTEN->-BCOR,2,1,3.000000,3,1.236772e-01,
SPEN->-ATM,2,1,3.000000,3,5.725649e-01,
SPEN->-ATM SPEN->-TP53 TP53->-ATM,3,3,2.000000,2,5.820106e-02,
KMT2C->-NOTCH3,2,1,3.000000,3,1.250000e-01,
KMT2C->-NOTCH3 PIK3CA->-KMT2C PIK3CA->-NOTCH3,3,3,2.000000,2,2.777778e-02,
AKT1->-TET2,2,1,3.000000,3,2.625000e-01,
AKT1->-TET2 AKT1->-TP53 TP53->-TET2,3,3,2.000000,2,7.407407e-02,
PIK3CA->-APC PIK3CA->-SPEN SPEN->-APC,3,3,3.000000,3,8.417508e-03,
PIK3CA->-APC PIK3CA->-SPEN PIK3CA->-TP53 SPEN->-APC TP53->-APC TP53->-SPEN,4,6,2.000000,2,1.736111e-03,
MGA->-KMT2D TP53->-KMT2D TP53->-MGA,3,3,3.000000,3,3.179220e-03,
MGA->-KMT2D PIK3CA->-KMT2D PIK3CA->-MGA,3,3,3.000000,3,3.179220e-03,
FGFR4->-KMT2D,2,1,3.000000,3,1.250000e-01,
PIK3CA->-ERCC5,2,1,3.000000,3,3.125000e-01,
BRCA1->-CREBBP,2,1,3.000000,3,2.604167e-01,
BRCA1->-CREBBP TP53->-BRCA1 TP53->-CREBBP,3,3,2.000000,2,4.927249e-02,
CREBBP->-CDH1,2,1,3.000000,3,9.524246e-01,
CDH1->-PIK3CA CREBBP->-CDH1 CREBBP->-PIK3CA,3,3,2.000000,2,3.248270e-01,
BRCA1->-PIK3CA TP53->-BRCA1 TP53->-PIK3CA,3,3,2.000000,2,5.573123e-02,
BRCA1->-PIK3CA,2,1,3.000000,3,8.341371e-01,
TP53->-HIST3H3,2,1,3.000000,3,1.250000e-01,
JAK1->-TP53,2,1,3.000000,3,8.302069e-01,
JAK1->-PIK3CA JAK1->-TP53 TP53->-PIK3CA,3,3,2.000000,2,7.407407e-02,
TP53->-ABL1,2,1,3.000000,3,4.375598e-01,
NCOR1->-TBX3,2,1,3.000000,3,2.970696e-01,
CDH1->-TBX3 NCOR1->-CDH1 NCOR1->-TBX3,3,3,2.000000,2,2.480159e-02,
FAT1->-SPEN,2,1,3.000000,3,6.190476e-01,
TET2->-SETD2 TP53->-SETD2 TP53->-TET2,3,3,3.000000,3,7.275132e-03,
MAP2K4->-TET2,2,1,3.000000,3,1.130952e-01,
CDH1->-TET2 MAP2K4->-CDH1 MAP2K4->-TET2,3,3,2.000000,2,2.258852e-02,
CDH1->-MTOR MAP2K4->-CDH1 MAP2K4->-MTOR,3,3,2.000000,2,2.258852e-02,
CDH1->-BRCA1 TP53->-BRCA1 TP53->-CDH1,3,3,3.000000,3,1.620370e-02,
CDH1->-IRF4,2,1,3.000000,3,1.026786e-01,
ROS1->-KMT2D,2,1,3.000000,3,2.323249e-01,
ROS1->-BCOR,2,1,3.000000,3,1.236772e-01,
ROS1->-ARID1A,2,1,3.000000,3,2.606922e-01,
LATS1->-KMT2C,2,1,3.000000,3,2.818182e-01,
PIK3CA->-FGF4,2,1,3.000000,3,7.236842e-02,
TP53->-IDH1,2,1,3.000000,3,7.970312e-02,
ASXL2->-PIK3CA,2,1,3.000000,3,5.788077e-01,
PIK3CA->-AXL,2,1,3.000000,3,5.384425e-01,
KDM6A->-PIK3CA,2,1,3.000000,3,2.166968e-01,
DDR2->-PIK3CA,2,1,3.000000,3,1.160714e-01,
ARID1B->-KMT2A,2,1,3.000000,3,8.750000e-02,
ARID1B->-KMT2A TP53->-ARID1B TP53->-KMT2A,3,3,2.000000,2,1.111111e-02,
ARID1B->-KMT2A ARID1B->-PIK3CA PIK3CA->-KMT2A,3,3,2.000000,2,2.777778e-02,
PIK3CA->-TRAF2,2,1,3.000000,3,2.318470e-01,
PIK3CA->-TP53 PIK3CA->-TRAF2 TP53->-TRAF2,3,3,2.000000,2,8.754289e-03,
ARID1B->-KMT2C,2,1,3.000000,3,1.101213e-01,
ARID1B->-KMT2C ARID1B->-PIK3CA KMT2C->-PIK3CA,3,3,2.000000,2,2.397876e-02,
ARID1B->-PTCH1,2,1,2.000000,2,2.371324e-01,
PIK3CA->-CDKN1A,2,1,3.000000,3,4.084693e-01,
PIK3CA->-CDKN1A PIK3CA->-TP53 TP53->-CDKN1A,3,3,2.000000,2,7.632383e-02,
TP53->-HIST1H1C,2,1,3.000000,3,1.626984e-01,
PBRM1->-ERBB3,2,1,3.000000,3,8.750000e-02,
AKT1->-CTCF,2,1,3.000000,3,1.660417e-01,
TBX3->-PTCH1,2,1,3.000000,3,1.250000e-01,
MAP3K1->-FAT1,2,1,3.000000,3,8.379121e-02,
TP53->-NFKBIA,2,1,3.000000,3,9.882479e-02,
CBFB->-SPEN,2,1,3.000000,3,1.250000e-01,
CBFB->-SPEN GATA3->-CBFB GATA3->-SPEN,3,3,2.000000,2,7.407407e-02,
TP53->-BLM,2,1,3.000000,3,2.414216e-01,
PTPRS->-TSC2,2,1,3.000000,3,9.803735e-02,
TP53->-PDGFRB,2,1,3.000000,3,1.909444e-01,
PTEN->-ROS1,2,1,3.000000,3,3.105159e-01,
TP53->-PIK3CD,2,1,3.000000,3,1.185897e-01,
PTEN->-PIK3CD TP53->-PIK3CD TP53->-PTEN,3,3,2.000000,2,2.408702e-02,
BCOR->-PIK3CA,2,1,3.000000,3,9.140296e-01,
TP53->-PIK3R3,2,1,3.000000,3,7.500000e-02,
CDH1->-PIK3CA GPS2->-CDH1 GPS2->-PIK3CA,3,3,3.000000,3,1.404151e-02,
INPP4A->-ESR1,2,1,3.000000,3,3.125000e-01,
INPP4A->-ESR1 PIK3CA->-ESR1 PIK3CA->-INPP4A,3,3,2.000000,2,7.407407e-02,
TBX3->-ERBB2,2,1,3.000000,3,8.097012e-01,
CDH1->-ERBB2 TBX3->-CDH1 TBX3->-ERBB2,3,3,2.000000,2,1.673097e-01,
MAP3K1->-PTEN,2,1,3.000000,3,9.480295e-01,
CDH1->-TSC2,2,1,3.000000,3,1.160969e-01,
CDH1->-PIK3CA CDH1->-TSC2 PIK3CA->-TSC2,3,3,2.000000,2,2.777778e-02,
ERBB2->-ARID1A,2,1,3.000000,3,2.506868e-01,
GATA3->-ALK,2,1,3.000000,3,2.625000e-01,
PDGFRA->-PIK3CA,2,1,3.000000,3,7.251030e-01,
ERBB2->-ARID2,2,1,3.000000,3,8.379121e-02,
PIK3CA->-RAD54L,2,1,3.000000,3,3.125000e-01,
MAP3K1->-ERCC5,2,1,3.000000,3,4.875000e-01,
MAP3K1->-ERCC5 TP53->-ERCC5 TP53->-MAP3K1,3,3,2.000000,2,1.203704e-01,
SETD2->-ESR1,2,1,2.000000,2,2.500000e-01,
SETD2->-LATS2,2,1,2.000000,2,5.000000e-01,
SETD2->-ATRX,2,1,2.000000,2,2.473545e-01,
ARID1A->-CARD11 SETD2->-ARID1A SETD2->-CARD11,3,3,2.000000,2,2.692986e-02,
ARID2->-CARD11 SETD2->-ARID2 SETD2->-CARD11,3,3,2.000000,2,2.692986e-02,
ESR1->-DNMT3B,2,1,2.000000,2,5.000000e-01,
CCNE1->-RICTOR PIK3CA->-CCNE1 PIK3CA->-RICTOR,3,3,2.000000,2,2.777778e-02,
CCNE1->-IGF1R PIK3CA->-CCNE1 PIK3CA->-IGF1R,3,3,2.000000,2,2.777778e-02,
ESR1->-AMER1,2,1,2.000000,2,4.642857e-01,
AMER1->-PIK3CA CASP8->-AMER1 CASP8->-PIK3CA,3,3,2.000000,2,2.314815e-02,
INHA->-PIK3CA,2,1,2.000000,2,2.500000e-01,
PIK3CA->-RAD51C,2,1,2.000000,2,7.347554e-01,
NOTCH1->-LATS2,2,1,2.000000,2,1.428571e-01,
NOTCH1->-IGF1R NOTCH1->-PIK3CA PIK3CA->-IGF1R,3,3,2.000000,2,9.090909e-03,
ESR1->-TET1,2,1,2.000000,2,6.875000e-01,
FAT1->-CARD11 TET1->-CARD11 TET1->-FAT1,3,3,2.000000,2,7.407407e-02,
TET1->-PIK3CA,2,1,2.000000,2,9.573617e-01,
TET1->-DNMT3B,2,1,2.000000,2,2.500000e-01,
TET1->-ARID2,2,1,2.000000,2,2.500000e-01,
ESR1->-LATS2,2,1,2.000000,2,4.513889e-01,
ESR1->-ARID2,2,1,2.000000,2,4.175824e-01,
IGF1R->-ATRX,2,1,2.000000,2,1.833333e-01,
ARID1A->-DNMT3B,2,1,2.000000,2,6.875000e-01,
ARID1A->-IGF1R,2,1,2.000000,2,5.701923e-01,
ARID2->-IGF1R,2,1,2.000000,2,4.175824e-01,
FAT1->-DICER1,2,1,2.000000,2,2.500000e-01,
SETD2->-BRCA2,2,1,2.000000,2,5.000000e-01,
FAT1->-SETD2,2,1,2.000000,2,6.071429e-01,
FGFR4->-PPP2R1A,2,1,2.000000,2,1.636364e-01,
EP300->-MAP3K1,2,1,2.000000,2,2.500000e-01,
ATM->-MSH6,2,1,2.000000,2,2.500000e-01,
MSH6->-PIK3CA,2,1,2.000000,2,8.906250e-01,
NOTCH1->-ATM,2,1,2.000000,2,7.435065e-01,
TP53->-RAB35,2,1,2.000000,2,2.500000e-01,
KDM5A->-PIK3CA,2,1,2.000000,2,7.594246e-01,
CDH1->-KDM5A,2,1,2.000000,2,1.824561e-01,
KMT2D->-RPS6KB2 PIK3CA->-KMT2D PIK3CA->-RPS6KB2,3,3,2.000000,2,1.587302e-02,
GATA3->-BRCA2,2,1,2.000000,2,6.160714e-01,
MEN1->-KMT2A,2,1,2.000000,2,2.500000e-01,
RECQL4->-TP53,2,1,2.000000,2,9.153971e-01,
TET1->-ARID1B,2,1,2.000000,2,2.500000e-01,
PTPRD->-XPO1,2,1,2.000000,2,2.232143e-01,
ARID2->-PTPRD,2,1,2.000000,2,2.500000e-01,
ARID2->-KMT2C,2,1,2.000000,2,6.875000e-01,
TP53->-RYBP,2,1,2.000000,2,1.666667e-01,
SMO->-MEN1,2,1,2.000000,2,1.354680e-01,
SMO->-KMT2C,2,1,2.000000,2,1.354680e-01,
KMT2C->-CDK8,2,1,2.000000,2,1.666667e-01,
MAP3K1-/-PIK3CA,2,1,2.000000,2,9.226756e-01,
CDH1->-TSC1,2,1,2.000000,2,2.500000e-01,
CDH1->-EZH2 CDH1->-TP53 TP53->-EZH2,3,3,2.000000,2,2.777778e-02,
ARID1A->-DOT1L ARID1A->-FOXA1 DOT1L->-FOXA1,3,3,2.000000,2,8.730159e-03,
FOXA1->-FH,2,1,2.000000,2,2.500000e-01,
CDH1->-DOT1L CDH1->-PIK3CA PIK3CA->-DOT1L,3,3,2.000000,2,2.777778e-02,
AKT1->-EGFR,2,1,2.000000,2,2.013889e-01,
MAP3K1->-CBFB,2,1,2.000000,2,9.869141e-01,
MAP3K1->-EGFR,2,1,2.000000,2,2.500000e-01,
SPOP->-MAP3K1,2,1,2.000000,2,6.875000e-01,
MTOR->-DNMT1,2,1,2.000000,2,2.500000e-01,
AR->-ARID1A,2,1,2.000000,2,4.670330e-01,
CDH1->-NTRK2,2,1,2.000000,2,4.500000e-01,
MAP3K1->-ERBB2,2,1,2.000000,2,8.734308e-01,
PIK3CA->-XIAP,2,1,2.000000,2,2.472527e-01,
PIK3CA->-TGFBR1,2,1,2.000000,2,2.500000e-01,
MAP3K1->-TGFBR1,2,1,2.000000,2,2.500000e-01,
STAG2->-RICTOR,2,1,2.000000,2,2.020137e-01,
PIK3CA->-RICTOR PIK3CA->-SMO SMO->-RICTOR,3,3,2.000000,2,1.943343e-02,
NCOR1->-FGFR3,2,1,2.000000,2,2.485380e-01,
RB1->-FOXP1,2,1,2.000000,2,2.485380e-01,
PDCD1->-RB1 PIK3CA->-PDCD1 PIK3CA->-RB1,3,3,2.000000,2,2.729045e-02,
PDCD1->-FAT1 PIK3CA->-FAT1 PIK3CA->-PDCD1,3,3,2.000000,2,2.729045e-02,
ASXL2->-RB1,2,1,2.000000,2,1.656920e-01,
NCOR1->-TSC1,2,1,2.000000,2,2.485380e-01,
PIK3CA->-TSC1,2,1,2.000000,2,3.932749e-01,
PDCD1->-FOXP1,2,1,2.000000,2,2.485380e-01,
ASXL2->-FOXP1 PIK3CA->-ASXL2 PIK3CA->-FOXP1,3,3,2.000000,2,2.729045e-02,
STAG2->-TET1,2,1,2.000000,2,2.485380e-01,
STAG2->-CHEK2,2,1,2.000000,2,4.985380e-01,
FOXA1->-ERBB2,2,1,2.000000,2,8.767113e-01,
BRCA2-/-TP53,2,1,2.000000,2,9.572029e-01,
BRCA2-/-MAP3K1,2,1,2.000000,2,1.122807e-01,
CDK12->-MAP3K1,2,1,2.000000,2,2.376765e-01,
ARID2->-IKZF1 ARID2->-KIT IKZF1->-KIT,3,3,2.000000,2,2.777778e-02,
ARID2->-IKZF1 ARID2->-PIK3CA IKZF1->-PIK3CA,3,3,2.000000,2,2.777778e-02,
NSD1->-KIT,2,1,2.000000,2,2.904762e-01,
ARID2->-NSD1,2,1,2.000000,2,5.000000e-01,
NSD1->-IKZF1 TP53->-IKZF1 TP53->-NSD1,3,3,2.000000,2,2.777778e-02,
NSD1->-PIK3CA TP53->-NSD1 TP53->-PIK3CA,3,3,2.000000,2,1.319444e-01,
CDH1->-BCOR,2,1,2.000000,2,5.000000e-01,
CDKN2A->-KMT2C,2,1,2.000000,2,2.500000e-01,
TP53->-CHEK2,2,1,2.000000,2,7.117063e-01,
BRCA2->-ZFHX3,2,1,2.000000,2,3.106061e-01,
PIK3CA->-RAD21,2,1,2.000000,2,4.972527e-01,
FBXW7->-SMARCA4,2,1,2.000000,2,2.472527e-01,
FBXW7->-PDGFRA,2,1,2.000000,2,2.472527e-01,
FBXW7->-EPHA7,2,1,2.000000,2,2.087912e-01,
FGFR3->-PIK3CA,2,1,2.000000,2,8.103914e-01,
ARID1A->-MET,2,1,2.000000,2,1.833333e-01,
GATA3->-GRIN2A,2,1,2.000000,2,1.833333e-01,
ARID1A->-FGFR3,2,1,2.000000,2,1.833333e-01,
AKT1->-EPHA7,2,1,2.000000,2,2.500000e-01,
AKT1->-CD276,2,1,2.000000,2,1.666667e-01,
CDH1->-FOXL2,2,1,2.000000,2,2.500000e-01,
ATM->-MDC1,2,1,2.000000,2,5.000000e-01,
TP53->-TOP1,2,1,2.000000,2,1.636364e-01,
LATS1->-ROS1,2,1,2.000000,2,4.500000e-01,
KLF4->-GRIN2A,2,1,2.000000,2,2.500000e-01,
CDH1->-KLF4,2,1,2.000000,2,2.500000e-01,
CDH1->-IGF1R,2,1,2.000000,2,2.500000e-01,
ATR-/-RICTOR,2,1,2.000000,2,4.404520e-02,
MAP3K1->-RICTOR,2,1,2.000000,2,1.911765e-01,
CARD11-/-ERBB3 TP53->-CARD11 TP53->-ERBB3,3,3,2.000000,2,4.621849e-03,
MAP3K1->-RAD51C,2,1,2.000000,2,1.274510e-01,
RAD51C->-PIK3CA,2,1,2.000000,2,7.347554e-01,
IRS1->-ATR IRS1->-PIK3CA PIK3CA->-ATR,3,3,2.000000,2,5.467048e-02,
MAP3K1->-IRS1,2,1,2.000000,2,1.911765e-01,
ATR-/-CARD11 TP53->-ATR TP53->-CARD11,3,3,2.000000,2,3.082130e-03,
EPHA7->-HIST1H3B,2,1,2.000000,2,1.911765e-01,
TCF7L2->-PIK3CA,2,1,2.000000,2,3.024872e-01,
CARD11->-RFWD2 TP53->-CARD11 TP53->-RFWD2,3,3,2.000000,2,1.613562e-02,
MDC1->-HIST1H3B,2,1,2.000000,2,1.911765e-01,
TP53->-HIST1H3I,2,1,2.000000,2,2.473545e-01,
PTEN->-NOTCH2,2,1,2.000000,2,2.500000e-01,
PTEN->-AR,2,1,2.000000,2,2.500000e-01,
FOXA1->-H3F3B,2,1,2.000000,2,1.166667e-01,
PIK3CA->-H3F3B,2,1,2.000000,2,2.500000e-01,
TP53->-ZRSR2,2,1,2.000000,2,4.045455e-01,
PIK3CA->-NOTCH2 TP53->-NOTCH2 TP53->-PIK3CA,3,3,2.000000,2,5.919312e-02,
NOTCH2->-CREBBP TP53->-CREBBP TP53->-NOTCH2,3,3,2.000000,2,9.424603e-03,
TP53->-AMER1,2,1,2.000000,2,4.537594e-01,
ESR1->-PLK2 PIK3CA->-ESR1 PIK3CA->-PLK2,3,3,2.000000,2,1.884921e-02,
ESR1->-CREBBP,2,1,2.000000,2,2.142857e-01,
PIK3CA->-CREBBP PIK3CA->-PLK2 PLK2->-CREBBP,3,3,2.000000,2,4.757796e-02,
MAP2K1->-ESR1,2,1,2.000000,2,1.964286e-01,
TP53->-PMS2,2,1,2.000000,2,3.094136e-01,
CDKN2A->-EP300,2,1,2.000000,2,1.805556e-01,
MTOR->-RFWD2 TP53->-MTOR TP53->-RFWD2,3,3,2.000000,2,1.289683e-02,
PIK3CA->-RFWD2 PIK3CA->-ROS1 ROS1->-RFWD2,3,3,2.000000,2,1.289683e-02,
NOTCH4-/-ROS1,2,1,2.000000,2,3.663004e-02,
PIK3CA->-PMS2,2,1,2.000000,2,1.805556e-01,
CDKN2A->-NOTCH4 PIK3CA->-CDKN2A PIK3CA->-NOTCH4,3,3,2.000000,2,1.289683e-02,
ESR1->-JAK1,2,1,2.000000,2,5.000000e-01,
MAP3K1->-JAK1,2,1,2.000000,2,3.846154e-01,
CCNE1->-ESR1 CCNE1->-MAP3K1 ESR1->-MAP3K1,3,3,2.000000,2,2.777778e-02,
ALK->-MAP3K1,2,1,2.000000,2,6.238889e-01,
GATA3->-HIST1H3F,2,1,2.000000,2,2.500000e-01,
MEN1->-MAP3K1,2,1,2.000000,2,7.708333e-01,
CHEK2->-FLT3,2,1,2.000000,2,1.547619e-01,
FLT3->-EGFR,2,1,2.000000,2,2.500000e-01,
FLT3->-SPEN GATA3->-FLT3 GATA3->-SPEN STAG2->-FLT3 STAG2->-GATA3 STAG2->-SPEN,4,6,2.000000,2,1.736111e-03,
ATM->-FLT3,2,1,2.000000,2,2.500000e-01,
ATM->-CHEK2,2,1,2.000000,2,2.500000e-01,
ERBB3->-ARID1A MAP3K1->-ARID1A MAP3K1->-ERBB3,3,3,2.000000,2,1.289683e-02,
ATM->-EGFR,2,1,2.000000,2,2.500000e-01,
ATM->-NUP93,2,1,2.000000,2,2.500000e-01,
PIK3CA->-NUP93 PIK3CA->-SPEN SPEN->-NUP93,3,3,2.000000,2,2.777778e-02,
ERBB3->-NUP93,2,1,2.000000,2,1.785714e-01,
KMT2C->-STAG2,2,1,2.000000,2,3.222496e-01,
MAP3K1->-ATM,2,1,2.000000,2,7.102657e-01,
MYC->-PIK3CA,2,1,2.000000,2,6.031250e-01,
KMT2C->-MYC,2,1,2.000000,2,2.500000e-01,
CDH1->-CSF1R,2,1,2.000000,2,2.500000e-01,
CDH1->-MPL,2,1,2.000000,2,2.321937e-01,
CIC->-ARID1A,2,1,2.000000,2,4.250000e-01,
PIK3CA->-TP53 SMARCA4->-PIK3CA SMARCA4->-TP53,3,3,2.000000,2,1.622300e-01,
ATR->-TP53,2,1,2.000000,2,9.994807e-01,
ABL1->-TP53,2,1,2.000000,2,7.701077e-01,
SMARCA4->-ATR,2,1,2.000000,2,2.473545e-01,
RAD54L->-KMT2C,2,1,2.000000,2,5.000000e-01,
TSC2->-TP53,2,1,2.000000,2,9.834819e-01,
TBX3->-TSC2,2,1,2.000000,2,2.500000e-01,
ROS1->-TP53 TBX3->-ROS1 TBX3->-TP53,3,3,2.000000,2,7.407407e-02,
KMT2C->-KDM5C,2,1,2.000000,2,4.333333e-01,
KMT2C->-RAD50,2,1,2.000000,2,3.696179e-01,
ANKRD11-/-PIK3CA,2,1,2.000000,2,5.857099e-01,
TBX3->-ESR1,2,1,2.000000,2,6.256868e-01,
ANKRD11->-BRCA2,2,1,2.000000,2,2.797619e-01,
TBX3->-PIK3CG,2,1,2.000000,2,2.394737e-01,
ANKRD11->-CDH1,2,1,2.000000,2,8.702073e-01,
CDH1->-FOXA1 CDH1->-PIK3CG PIK3CG->-FOXA1,3,3,2.000000,2,2.465887e-02,
MAP2K4->-FOXA1,2,1,2.000000,2,4.894737e-01,
CDK12->-FOXA1,2,1,2.000000,2,3.979352e-01,
CDK12->-TBX3,2,1,2.000000,2,2.394737e-01,
FOXA1-/-JAK3 PTEN->-FOXA1 PTEN->-JAK3,3,3,2.000000,2,9.992503e-04,
PTEN->-PIK3CG,2,1,2.000000,2,1.517895e-01,
PTEN->-CDK12,2,1,2.000000,2,1.517895e-01,
TBX3->-PTPRS,2,1,2.000000,2,2.394737e-01,
TBX3->-KDM5A,2,1,2.000000,2,1.995614e-01,
TBX3->-MAP2K4,2,1,2.000000,2,4.894737e-01,
TBX3->-FAT1,2,1,2.000000,2,3.043354e-01,
TBX3->-DDR2,2,1,2.000000,2,1.605263e-01,
CDK12->-PTPRS,2,1,2.000000,2,2.923752e-01,
FLT3->-PTPRS,2,1,2.000000,2,2.394737e-01,
AMER1->-JAK3,2,1,2.000000,2,2.144307e-01,
DDR2->-PIK3CG,2,1,2.000000,2,2.223684e-01,
ABL1->-JAK3 CDH1->-ABL1 CDH1->-JAK3,3,3,2.000000,2,2.465887e-02,
CDH1->-FLT3 CDH1->-JAK3 FLT3->-JAK3,3,3,2.000000,2,2.465887e-02,
EPHB1->-KDM5A TP53->-EPHB1 TP53->-KDM5A,3,3,2.000000,2,2.465887e-02,
MAP2K4->-EPHB1,2,1,2.000000,2,2.166667e-01,
ATRX->-JAK3 TP53->-ATRX TP53->-JAK3,3,3,2.000000,2,6.164717e-03,
MAP2K4->-DDR2,2,1,2.000000,2,2.394737e-01,
PTEN->-DDR2,2,1,2.000000,2,6.035526e-01,
TP53->-DIS3,2,1,2.000000,2,2.394737e-01,
FAT1->-DDR2 TP53->-DDR2 TP53->-FAT1,3,3,2.000000,2,2.465887e-02,
SDHB->-INPP4B,2,1,2.000000,2,2.371324e-01,
NF1->-HIST1H3B,2,1,2.000000,2,2.500000e-01,
TP53->-WT1,2,1,2.000000,2,4.045455e-01,
MAP3K13->-PLK2,2,1,2.000000,2,2.032020e-01,
ATM->-PLK2 PIK3CA->-ATM PIK3CA->-PLK2,3,3,2.000000,2,1.125000e-02,
PIK3CA->-MAP3K13,2,1,2.000000,2,6.524015e-01,
PIK3CA->-H3F3C,2,1,2.000000,2,5.000000e-01,
CDH1->-CTCF CDH1->-ERBB3 ERBB3->-CTCF,3,3,2.000000,2,1.190476e-02,
BRCA2->-TERT TP53->-BRCA2 TP53->-TERT,3,3,2.000000,2,2.777778e-02,
PLK2->-KMT2D,2,1,2.000000,2,2.500000e-01,
STK11->-KMT2D TP53->-KMT2D TP53->-STK11,3,3,2.000000,2,5.497799e-02,
CDKN2A->-KMT2D TP53->-CDKN2A TP53->-KMT2D,3,3,2.000000,2,2.777778e-02,
ANKRD11-/-PPM1D,2,1,2.000000,2,1.928571e-01,
CREBBP->-SMAD2 PIK3C2G->-CREBBP PIK3C2G->-SMAD2,3,3,2.000000,2,2.777778e-02,
LATS1->-GLI1,2,1,2.000000,2,2.500000e-01,
PIK3CA->-LATS1,2,1,2.000000,2,6.875000e-01,
PIK3CA->-CREBBP PIK3CA->-PTPRD PTPRD->-CREBBP,3,3,2.000000,2,1.978045e-02,
DICER1->-PTCH1,2,1,2.000000,2,1.584615e-01,
DNMT3A->-TP53,2,1,2.000000,2,9.535095e-01,
BLM->-ARID1B,2,1,2.000000,2,2.241979e-01,
BRCA2->-TET2,2,1,2.000000,2,2.363636e-01,
ARID1B->-ATR,2,1,2.000000,2,2.363636e-01,
CIC->-ARID1B,2,1,2.000000,2,2.363636e-01,
ARID2->-ALK,2,1,2.000000,2,5.416667e-01,
PTEN->-CREBBP,2,1,2.000000,2,1.805556e-01,
PIK3CA->-CDC73,2,1,2.000000,2,5.941220e-01,
ATRX->-CREBBP,2,1,2.000000,2,2.500000e-01,
TP53->-SOS1,2,1,2.000000,2,1.266667e-01,
GATA3->-AXIN1,2,1,2.000000,2,1.407407e-01,
PTEN->-RASA1,2,1,2.000000,2,2.111111e-01,
PTEN->-CARD11 TP53->-CARD11 TP53->-PTEN,3,3,2.000000,2,1.907532e-02,
NCOR1->-RASA1,2,1,2.000000,2,2.111111e-01,
NCOR1->-AXIN1,2,1,2.000000,2,2.111111e-01,
IRS2->-AXIN1,2,1,2.000000,2,1.548148e-01,
PIK3CA->-CDK4,2,1,2.000000,2,2.500000e-01,
FOXA1->-PIK3CG PIK3CA->-FOXA1 PIK3CA->-PIK3CG,3,3,2.000000,2,3.594444e-02,
PIK3CA->-ERCC2,2,1,2.000000,2,4.333333e-01,
NF1->-PRDM1,2,1,2.000000,2,2.500000e-01,
TP53->-SPOP,2,1,2.000000,2,2.500000e-01,
MAP3K1->-FGFR4 PTEN->-FGFR4 PTEN->-MAP3K1,3,3,2.000000,2,1.125000e-02,
ATR->-ERCC5 TP53->-ATR TP53->-ERCC5,3,3,2.000000,2,4.513889e-02,
NF1->-ERCC5 TP53->-ERCC5 TP53->-NF1,3,3,2.000000,2,2.777778e-02,
ERCC5->-FGFR4 TP53->-ERCC5 TP53->-FGFR4,3,3,2.000000,2,2.777778e-02,
ERCC5->-MAP3K1 TP53->-ERCC5 TP53->-MAP3K1,3,3,2.000000,2,1.203704e-01,
MED12->-FGFR4,2,1,2.000000,2,4.084615e-01,
SPOP->-NF1,2,1,2.000000,2,2.500000e-01,
SPOP->-FGFR4,2,1,2.000000,2,2.500000e-01,
ATR->-NSD1,2,1,2.000000,2,2.500000e-01,
RUNX1->-CDKN1B,2,1,2.000000,2,1.666667e-01,
TP53->-PAX5,2,1,2.000000,2,1.500000e-01,
NF1->-PTEN,2,1,2.000000,2,9.908076e-01,
NF1->-CTCF,2,1,2.000000,2,2.500000e-01,
CDH1->-RASA1 CDH1->-RECQL4 RASA1->-RECQL4,3,3,2.000000,2,2.134395e-02,
RECQL4->-KMT2C,2,1,2.000000,2,4.651947e-01,
CDH1->-RASA1 CDH1->-TBX3 TBX3->-RASA1,3,3,2.000000,2,2.182540e-02,
TBX3->-CREBBP,2,1,2.000000,2,1.266026e-01,
AR-/-KMT2C,2,1,2.000000,2,2.564103e-02,
PIK3CA->-STAT5A,2,1,2.000000,2,1.591575e-01,
BRCA2->-RFWD2 CDH1->-BRCA2 CDH1->-RFWD2,3,3,2.000000,2,2.182540e-02,
ARID1A->-RFWD2,2,1,2.000000,2,2.170330e-01,
TBX3->-RFWD2,2,1,2.000000,2,1.736264e-01,
ARID1A->-GLI1,2,1,2.000000,2,4.643875e-01,
PIK3CA->-GLI1 TBX3->-GLI1 TBX3->-PIK3CA,3,3,2.000000,2,2.182540e-02,
CDH1->-GLI1 CDH1->-PIK3CA PIK3CA->-GLI1,3,3,2.000000,2,2.182540e-02,
CDH1->-PIK3C3 CDH1->-PIK3CA PIK3CA->-PIK3C3,3,3,2.000000,2,2.182540e-02,
BRAF->-PIK3CA,2,1,2.000000,2,8.125000e-01,
TP53->-ERCC3,2,1,2.000000,2,1.833333e-01,
PIK3CA->-PARK2,2,1,2.000000,2,6.428571e-01,
KLF4->-PIK3CA,2,1,2.000000,2,8.125000e-01,
PTEN->-ASXL1,2,1,2.000000,2,1.750000e-01,
NF1->-ASXL1,2,1,2.000000,2,3.416667e-01,
KMT2C->-WT1,2,1,2.000000,2,1.545455e-01,
ATM->-TP53,2,1,2.000000,2,9.932415e-01,
ATM-/-FOXA1,2,1,2.000000,2,4.353508e-01,
KMT2C->-FOXA1,2,1,2.000000,2,8.256364e-01,
ATM->-NCOR1,2,1,2.000000,2,3.688312e-01,
RB1->-NCOR1,2,1,2.000000,2,8.415027e-01,
MAP3K1-/-TBX3,2,1,2.000000,2,5.042800e-01,
KMT2C->-RB1,2,1,2.000000,2,8.319886e-01,
CDH1->-CHEK2,2,1,2.000000,2,5.000000e-01,
ERBB2->-FANCA,2,1,2.000000,2,1.117216e-01,
GATA3->-MST1,2,1,2.000000,2,1.333333e-01,
TSC1->-TP53,2,1,2.000000,2,8.861568e-01,
PBRM1->-ERBB2,2,1,2.000000,2,2.500000e-01,
RB1->-FBXW7 TP53->-FBXW7 TP53->-RB1,3,3,2.000000,2,2.222222e-02,
CDH1->-FBXW7,2,1,2.000000,2,4.166667e-01,
RB1->-AXIN1 TP53->-AXIN1 TP53->-RB1,3,3,2.000000,2,2.777778e-02,
CDH1->-AXIN1,2,1,2.000000,2,4.500000e-01,
CDH1->-SOX17 CDH1->-TP53 TP53->-SOX17,3,3,2.000000,2,2.777778e-02,
NF1->-PTPRD NF1->-TP53 TP53->-PTPRD,3,3,2.000000,2,2.777778e-02,
NF1->-EPHA7,2,1,2.000000,2,4.871795e-01,
RNF43->-ERBB2,2,1,2.000000,2,2.500000e-01,
MTOR->-PIK3CA,2,1,2.000000,2,9.253356e-01,
CDH1->-NUP93,2,1,2.000000,2,1.785714e-01,
CREBBP-/-PIK3CA,2,1,2.000000,2,5.872703e-01,
ARID1A-/-PIK3CA,2,1,2.000000,2,5.684232e-01,
SPEN->-ESR1,2,1,2.000000,2,8.125000e-01,
ESR1->-ARID1B,2,1,2.000000,2,1.375000e-01,
PTEN->-ESR1,2,1,2.000000,2,5.000000e-01,
ESR1->-ALOX12B,2,1,2.000000,2,2.500000e-01,
CDH1->-PTEN CDH1->-RHOA PTEN->-RHOA,3,3,2.000000,2,2.777778e-02,
CDH1->-ALOX12B,2,1,2.000000,2,2.500000e-01,
ATR->-PAK7 CDH1->-ATR CDH1->-PAK7,3,3,2.000000,2,1.041667e-02,
MAP2K4->-FAM175A TP53->-FAM175A TP53->-MAP2K4,3,3,2.000000,2,1.041667e-02,
MAP2K4->-CDK12,2,1,2.000000,2,3.814912e-01,
MAP2K4->-BRCA2 TP53->-BRCA2 TP53->-MAP2K4,3,3,2.000000,2,1.041667e-02,
PIK3CA->-GPS2,2,1,2.000000,2,9.428590e-01,
MAP2K4->-GPS2,2,1,2.000000,2,4.761905e-01,
ATM->-RPS6KB2,2,1,2.000000,2,1.833333e-01,
ATM->-RICTOR,2,1,2.000000,2,1.833333e-01,
BRD4-/-ZFHX3 PIK3CA->-BRD4 PIK3CA->-ZFHX3,3,3,2.000000,2,3.214286e-03,
MSH2->-KMT2C,2,1,2.000000,2,4.314951e-01,
TP53->-LATS2,2,1,2.000000,2,6.392857e-01,
GATA3->-CDH1,2,1,2.000000,2,9.960119e-01,
GATA3->-MAP2K4,2,1,2.000000,2,9.691146e-01,
TBX3->-MED12,2,1,2.000000,2,2.410714e-01,
PTPRS->-SETD2,2,1,2.000000,2,1.500000e-01,
TP53->-CD79A,2,1,2.000000,2,1.071429e-01,
CREBBP->-DNMT3B,2,1,2.000000,2,2.500000e-01,
CREBBP->-RB1,2,1,2.000000,2,2.500000e-01,
KMT2D->-RB1 TP53->-KMT2D TP53->-RB1,3,3,2.000000,2,7.266088e-02,
GATA3->-TSHR,2,1,2.000000,2,1.666667e-01,
PIK3CA->-RAC1,2,1,2.000000,2,1.750000e-01,
PIK3CA->-TCF3,2,1,2.000000,2,2.500000e-01,
KLF4->-TP53,2,1,2.000000,2,8.521701e-01,
GATA3->-JAK1,2,1,2.000000,2,2.500000e-01,
CDH1-/-ERBB2,2,1,2.000000,2,2.948352e-01,
CIC->-KMT2D,2,1,2.000000,2,4.250000e-01,
PIK3R1->-KMT2C,2,1,2.000000,2,7.647614e-01,
CDH1->-TP63,2,1,2.000000,2,2.500000e-01,
ERBB2->-TP63,2,1,2.000000,2,2.500000e-01,
PIK3R1->-MGA,2,1,2.000000,2,2.500000e-01,
PIK3R1->-ROS1,2,1,2.000000,2,4.523810e-01,
PIK3R1->-ARID2,2,1,2.000000,2,2.500000e-01,
MGA->-ROS1,2,1,2.000000,2,4.973545e-01,
MED12->-MGA TP53->-MED12 TP53->-MGA,3,3,2.000000,2,2.777778e-02,
MGA->-ARID2 MGA->-NOTCH4 NOTCH4->-ARID2 TP53->-ARID2 TP53->-MGA TP53->-NOTCH4,4,6,2.000000,2,1.736111e-03,
MED12->-ARID2,2,1,2.000000,2,2.500000e-01,
ARID1A->-POLE PIK3CA->-ARID1A PIK3CA->-POLE,3,3,2.000000,2,7.266088e-02,
PIK3CA->-POLE PIK3CA->-SPEN SPEN->-POLE,3,3,2.000000,2,2.777778e-02,
PIK3CA->-FLT1 PIK3CA->-SPEN SPEN->-FLT1,3,3,2.000000,2,2.777778e-02,
FLT1->-MAP3K1,2,1,2.000000,2,3.947368e-01,
FBXW7->-TP53,2,1,2.000000,2,9.966281e-01,
FBXW7->-FLT4,2,1,2.000000,2,2.500000e-01,
GATA3->-PIK3C2G,2,1,2.000000,2,1.547619e-01,
KDM5C->-ARID1A,2,1,2.000000,2,5.783376e-01,
ASXL1-/-KDM5C,2,1,2.000000,2,2.031746e-01,
FLT3-/-PIK3C2G FLT3->-PIK3CB FLT3->-POLE PIK3C2G-/-PIK3CB PIK3C2G-/-POLE POLE->-PIK3CB,4,6,2.000000,2,2.425915e-04,
FLT3->-ASXL1,2,1,2.000000,2,1.547619e-01,
CHEK2->-PIK3CB,2,1,2.000000,2,8.106576e-02,
CARD11->-ARID1A,2,1,2.000000,2,7.140301e-01,
TP53->-MSH2,2,1,2.000000,2,2.083333e-01,
KMT2D->-INPP4B,2,1,2.000000,2,1.976103e-01,
KMT2D->-ARID1B,2,1,2.000000,2,1.976103e-01,
ATRX->-HNF1A TP53->-ATRX TP53->-HNF1A,3,3,2.000000,2,5.469512e-02,
KMT2D->-HNF1A,2,1,2.000000,2,2.061287e-01,
KMT2D->-XPO1,2,1,2.000000,2,2.083333e-01,
RUNX1->-ERBB2,2,1,2.000000,2,9.375000e-01,
STAT3->-PIK3CA,2,1,2.000000,2,2.500000e-01,
PIK3CA->-CUL3,2,1,2.000000,2,5.000000e-01,
PIK3CA->-MAP2K1,2,1,2.000000,2,5.000000e-01,
MEN1->-ESR1,2,1,2.000000,2,2.023810e-01,
ARID1A->-BRAF,2,1,2.000000,2,1.675824e-01,
CDH1->-BRAF,2,1,2.000000,2,2.500000e-01,
ARID1A->-RHOA,2,1,2.000000,2,1.547619e-01,
RHOA->-CDH1,2,1,2.000000,2,8.574352e-01,
CDH1->-PIK3CA PTPRT->-CDH1 PTPRT->-PIK3CA,3,3,2.000000,2,7.407407e-02,
PTPRT->-MAP3K1,2,1,2.000000,2,6.085526e-01,
CDH1->-DAXX CDH1->-PIK3CA PIK3CA->-DAXX,3,3,2.000000,2,1.978045e-02,
ATR->-GRIN2A,2,1,2.000000,2,2.500000e-01,
ATR->-NOTCH4 PIK3CA->-ATR PIK3CA->-NOTCH4,3,3,2.000000,2,2.777778e-02,
BRCA1->-PTPRT,2,1,2.000000,2,2.055556e-01,
PTPRT->-TET2,2,1,2.000000,2,4.555556e-01,
PTPRT->-HNF1A,2,1,2.000000,2,3.863688e-01,
BRCA1->-PTCH1,2,1,2.000000,2,1.993266e-01,
PTCH1->-CDK12,2,1,2.000000,2,1.302906e-01,
HNF1A->-CDK12,2,1,2.000000,2,1.302906e-01,
GRIN2A->-PTPRD,2,1,2.000000,2,2.500000e-01,
PIK3CA->-HIST3H3,2,1,2.000000,2,6.875000e-01,
CBL->-PIK3CA,2,1,2.000000,2,5.902778e-01,
FLT1->-PIK3CA,2,1,2.000000,2,7.598684e-01,
AKT1->-RAD54L,2,1,2.000000,2,1.833333e-01,
RECQL4->-GATA3,2,1,2.000000,2,4.166667e-01,
BRCA1-/-RICTOR PIK3CA->-BRCA1 PIK3CA->-RICTOR,3,3,2.000000,2,2.553131e-02,
PTEN-/-SF3B1,2,1,2.000000,2,1.333333e-01,
PTPRT->-ANKRD11 PTPRT->-TP53 TP53->-ANKRD11,3,3,2.000000,2,7.688492e-03,
PTPRT->-PTPRS,2,1,2.000000,2,2.500000e-01,
NF1->-PTPRS,2,1,2.000000,2,4.821937e-01,
KMT2C->-ANKRD11,2,1,2.000000,2,4.532020e-01,
KMT2D->-ANKRD11 TP53->-ANKRD11 TP53->-KMT2D,3,3,2.000000,2,5.555556e-03,
TERT->-TP53,2,1,2.000000,2,9.246759e-01,
INHA->-CREBBP,2,1,2.000000,2,2.500000e-01,
TP53->-HIST1H3G,2,1,2.000000,2,4.000000e-01,
TP53->-IGF1,2,1,2.000000,2,1.666667e-01,
RUNX1->-GATA3,2,1,2.000000,2,2.000000e-01,
RUNX1->-SETD2,2,1,2.000000,2,2.000000e-01,
NF1->-ERBB2,2,1,2.000000,2,5.000000e-01,
IRS1->-ESR1,2,1,2.000000,2,2.500000e-01,
IRS1->-SPEN,2,1,2.000000,2,4.045455e-01,
PIK3CG->-PIK3CA,2,1,2.000000,2,9.100752e-01,
CDK12->-TP53,2,1,2.000000,2,7.251023e-01,
KMT2C->-CBFB,2,1,2.000000,2,7.319444e-01,
KMT2C->-ARID5B,2,1,2.000000,2,4.532020e-01,
FGFR4->-KMT2C,2,1,2.000000,2,3.598504e-01,
JAK2-/-PIK3CA,2,1,2.000000,2,3.970370e-01,
FOXA1->-INSR,2,1,2.000000,2,2.023810e-01,
FOXA1->-FAT1,2,1,2.000000,2,5.359043e-01,
FOXA1->-NSD1,2,1,2.000000,2,6.517857e-01,
FOXA1->-XPO1,2,1,2.000000,2,2.232143e-01,
FOXA1->-PTPRD,2,1,2.000000,2,2.232143e-01,
ERBB2->-XPO1,2,1,2.000000,2,2.232143e-01,
ERBB2->-PTPRD TP53->-ERBB2 TP53->-PTPRD,3,3,2.000000,2,1.448212e-02,
CDKN1B->-PTPRD,2,1,2.000000,2,2.232143e-01,
SOX9->-IRS1,2,1,2.000000,2,2.500000e-01,
SOX9->-PIK3CA,2,1,2.000000,2,6.875000e-01,
RUNX1->-JUN,2,1,2.000000,2,2.250000e-01,
CDH1->-KMT2C CDH1->-RUNX1 KMT2C->-RUNX1,3,3,2.000000,2,1.319444e-01,
SPEN->-RUNX1,2,1,2.000000,2,2.500000e-01,
SPEN->-KMT2C,2,1,2.000000,2,8.890625e-01,
PIK3CA->-RB1 PIK3CA->-RUNX1 RB1->-RUNX1,3,3,2.000000,2,2.777778e-02,
RB1->-RUNX1 TP53->-RB1 TP53->-RUNX1,3,3,2.000000,2,2.777778e-02,
ERBB2->-GATA3,2,1,2.000000,2,2.500000e-01,
FYN->-ATM,2,1,2.000000,2,1.584615e-01,
PIK3C2G->-NCOR1,2,1,2.000000,2,5.000000e-01,
PIK3C2G->-EGFR,2,1,2.000000,2,2.500000e-01,
MAP2K4->-ATM,2,1,2.000000,2,2.500000e-01,
CTCF->-MAP2K4 CTCF->-PIK3CA MAP2K4->-PIK3CA,3,3,2.000000,2,1.527778e-02,
CSF3R->-PIK3CA,2,1,2.000000,2,2.238562e-01,
ESR1->-AR,2,1,2.000000,2,2.013889e-01,
ESR1->-RAD50 PIK3CA->-ESR1 PIK3CA->-RAD50,3,3,2.000000,2,5.092593e-02,
GATA3->-RAD50 PIK3CA->-GATA3 PIK3CA->-RAD50,3,3,2.000000,2,2.777778e-02,
ESR1->-POLE,2,1,2.000000,2,2.500000e-01,
GATA3->-AR,2,1,2.000000,2,5.000000e-01,
GATA3->-ARID1A IGF1R->-ARID1A IGF1R->-GATA3 PIK3CA->-ARID1A PIK3CA->-GATA3 PIK3CA->-IGF1R,4,6,2.000000,2,5.787037e-04,
MAP3K1->-AR,2,1,2.000000,2,5.000000e-01,
DNMT3B->-ARID1A,2,1,2.000000,2,6.875000e-01,
CDH1->-NF1 CDH1->-RAD50 NF1->-RAD50,3,3,2.000000,2,2.469136e-02,
NF1->-POLE,2,1,2.000000,2,2.500000e-01,
MAP3K1->-NF1 PIK3CA->-MAP3K1 PIK3CA->-NF1,3,3,2.000000,2,7.407407e-02,
CDH1->-MAP3K1 CDH1->-POLE MAP3K1->-POLE,3,3,2.000000,2,2.777778e-02,
MAX->-PIK3CA,2,1,2.000000,2,3.839286e-01,
GATA3->-IGF1R,2,1,2.000000,2,6.809343e-01,
APC->-PIK3R1,2,1,2.000000,2,2.321937e-01,
ERBB3->-POLE,2,1,2.000000,2,2.500000e-01,
ERBB3->-CDH1,2,1,2.000000,2,9.694501e-01,
ESR1-/-TP53 PIK3CA->-ESR1 PIK3CA->-TP53,3,3,2.000000,2,3.870141e-02,
JAK2-/-TP53,2,1,2.000000,2,4.447619e-01,
JAK2-/-PTPRT,2,1,2.000000,2,3.190864e-01,
ESR1->-MTOR,2,1,2.000000,2,4.741700e-01,
ARID1A->-MTOR,2,1,2.000000,2,2.875000e-01,
ESR1->-ZFHX3,2,1,2.000000,2,1.375000e-01,
ZFHX3->-MST1R,2,1,2.000000,2,3.875000e-01,
ARID1B->-ZFHX3,2,1,2.000000,2,1.375000e-01,
ARID1A->-JAK2,2,1,2.000000,2,1.375000e-01,
PIK3CA->-JAK2,2,1,2.000000,2,7.625000e-01,
ARID1A->-MYC PIK3CA->-ARID1A PIK3CA->-MYC,3,3,2.000000,2,4.059193e-02,
PIK3CA->-PPM1D,2,1,2.000000,2,1.375000e-01,
PIK3CA->-DCUN1D1,2,1,2.000000,2,1.500000e-01,
FOXA1->-PTCH1 PIK3CA->-FOXA1 PIK3CA->-PTCH1,3,3,2.000000,2,1.125000e-02,
CBFB->-ARID1A TP53->-ARID1A TP53->-CBFB,3,3,2.000000,2,2.777778e-02,
AKT1->-ARID1A,2,1,2.000000,2,6.125000e-01,
AKT1->-RB1,2,1,2.000000,2,2.013889e-01,
AKT1->-CREBBP,2,1,2.000000,2,2.500000e-01,
RB1->-ARID1A,2,1,2.000000,2,4.973545e-01,
IRS2->-TP53,2,1,2.000000,2,7.882005e-01,
IRS2->-PIK3CB IRS2->-POLE POLE->-PIK3CB,3,3,2.000000,2,1.618357e-02,
CDH1->-PIK3CB,2,1,2.000000,2,2.500000e-01,
CDH1->-SMAD2,2,1,2.000000,2,5.000000e-01,
MAP2K4->-CIC,2,1,2.000000,2,1.583333e-01,
ARID1A->-KMT2D MAP2K4->-ARID1A MAP2K4->-KMT2D,3,3,2.000000,2,1.111111e-02,
CBFB->-TBX3,2,1,2.000000,2,6.375000e-01,
MAP3K1->-PIK3CA TBX3->-MAP3K1 TBX3->-PIK3CA,3,3,2.000000,2,1.969147e-01,
CDH1->-FGFR2 CDH1->-KMT2C KMT2C->-FGFR2,3,3,2.000000,2,2.777778e-02,
KDM6A->-CDH1,2,1,2.000000,2,8.115809e-01,
TP53->-DNAJB1,2,1,2.000000,2,1.100000e-01,
HNF1A->-TP53,2,1,2.000000,2,9.388809e-01,
BRIP1-/-SOX17 TP53->-BRIP1 TP53->-SOX17,3,3,2.000000,2,5.714286e-03,
PIK3CA->-RAB35,2,1,2.000000,2,2.500000e-01,
KMT2C-/-SPEN,2,1,2.000000,2,2.000000e-01,
MED12-/-TP53,2,1,2.000000,2,3.159586e-01,
ALK-/-PIK3CA,2,1,2.000000,2,3.351111e-01,
MED12-/-PIK3CA,2,1,2.000000,2,2.051087e-01,
RB1->-NOTCH2 TP53->-NOTCH2 TP53->-RB1,3,3,2.000000,2,2.777778e-02,
TP53->-U2AF1,2,1,2.000000,2,3.611111e-01,
ARID2->-BCOR TP53->-ARID2 TP53->-BCOR,3,3,2.000000,2,2.692986e-02,
ATM->-RUNX1 PIK3CA->-ATM PIK3CA->-RUNX1,3,3,2.000000,2,1.388889e-02,
TP53->-CRLF2,2,1,2.000000,2,2.500000e-01,
TP53->-CCND1,2,1,2.000000,2,1.750000e-01,
ARID1A->-AKT1,2,1,2.000000,2,6.125000e-01,
CDH1->-ERBB2 CDH1->-NCOR1 NCOR1->-ERBB2,3,3,2.000000,2,7.407407e-02,
ERBB2->-BRAF,2,1,2.000000,2,1.675824e-01,
CDH1->-INPP4A CDH1->-PIK3CA PIK3CA->-INPP4A,3,3,2.000000,2,2.777778e-02,
KDM6A->-GRIN2A TP53->-GRIN2A TP53->-KDM6A,3,3,2.000000,2,2.777778e-02,
NCOR1->-KDM6A,2,1,2.000000,2,2.500000e-01,
TP53->-GNAS,2,1,2.000000,2,1.071429e-01,
TET2->-GRIN2A,2,1,2.000000,2,1.833333e-01,
NCOR1->-TET2 TP53->-NCOR1 TP53->-TET2,3,3,2.000000,2,2.777778e-02,
NCOR1->-EIF4A2,2,1,2.000000,2,1.346154e-01,
CDH1->-CDKN2A CDH1->-NCOR1 CDKN2A->-NCOR1,3,3,2.000000,2,2.777778e-02,
CDH1->-GNAS,2,1,2.000000,2,2.500000e-01,
CDH1->-EIF4A2,2,1,2.000000,2,2.500000e-01,
PTCH1->-NOTCH2,2,1,2.000000,2,2.481618e-01,
NOTCH4->-NOTCH2,2,1,2.000000,2,3.981618e-01,
CDH1->-KMT2C CDH1->-STAT5B KMT2C->-STAT5B,3,3,2.000000,2,1.934412e-02,
CDH1->-YES1,2,1,2.000000,2,2.017078e-01,
NOTCH4->-EED,2,1,2.000000,2,2.154371e-01,
KDM6A->-KMT2A,2,1,2.000000,2,4.981618e-01,
CDH1->-MSH2 CDH1->-RASA1 MSH2->-RASA1,3,3,2.000000,2,2.716503e-02,
KMT2C->-RASA1,2,1,2.000000,2,4.651947e-01,
RASA1->-KMT2A,2,1,2.000000,2,2.481618e-01,
CDH1->-SLX4,2,1,2.000000,2,2.481618e-01,
CDH1->-FGF19,2,1,2.000000,2,2.481618e-01,
ARID2-/-FAT1,2,1,2.000000,2,1.098901e-01,
FLT4->-PIK3CA,2,1,2.000000,2,9.949184e-01,
PIK3CA->-GNAS,2,1,2.000000,2,2.500000e-01,
SF3B1->-KMT2C,2,1,2.000000,2,5.000000e-01,
TP53->-CBL,2,1,2.000000,2,2.500000e-01,
PIK3CA->-ERG PIK3CA->-TP53 TP53->-ERG,3,3,2.000000,2,2.777778e-02,
CBL->-JAK3,2,1,2.000000,2,2.238562e-01,
PIK3CA->-POLE PIK3CA->-RB1 RB1->-POLE,3,3,2.000000,2,7.266088e-02,
CDH1->-PIK3CA CDH1->-SMARCD1 PIK3CA->-SMARCD1,3,3,2.000000,2,2.777778e-02,
PIK3R1->-RUNX1,2,1,2.000000,2,2.500000e-01,
ARID1B->-PIK3R1,2,1,2.000000,2,4.821937e-01,
ARID1B->-RUNX1,2,1,2.000000,2,2.500000e-01,
NCOR1->-ARID1A,2,1,2.000000,2,8.125000e-01,
TP53->-NEGR1,2,1,2.000000,2,2.013889e-01,
CDH1->-JAK1,2,1,2.000000,2,5.000000e-01,
NCOR1->-JAK1,2,1,2.000000,2,1.346154e-01,
JAK1->-BRCA2,2,1,2.000000,2,2.142857e-01,
ESR1->-PTPRD TP53->-ESR1 TP53->-PTPRD,3,3,2.000000,2,1.388889e-02,
BRCA2->-BAP1,2,1,2.000000,2,1.772727e-01,
RAD54L->-NCOR1,2,1,2.000000,2,2.500000e-01,
BRCA2->-PTPRD,2,1,2.000000,2,2.500000e-01,
KMT2D->-GATA3,2,1,2.000000,2,6.778493e-01,
ATRX->-FLT4,2,1,2.000000,2,4.250000e-01,
RB1->-FLT4,2,1,2.000000,2,4.250000e-01,
ATRX->-KMT2D,2,1,2.000000,2,4.556878e-01,
RB1->-TSHR,2,1,2.000000,2,2.500000e-01,
RB1->-KMT2D,2,1,2.000000,2,6.855159e-01,
AKT1->-PIK3CA,2,1,2.000000,2,5.256944e-01,
CTCF->-GPS2,2,1,2.000000,2,1.750000e-01,
PTCH1->-GATA3,2,1,2.000000,2,2.371324e-01,
TP53->-SMARCB1,2,1,2.000000,2,3.642857e-01,
TP53->-ERRFI1,2,1,2.000000,2,9.000000e-02,
TP53->-SRSF2,2,1,2.000000,2,2.947368e-01,
PIK3CA->-PIK3CD,2,1,2.000000,2,1.584615e-01,
NOTCH2->-TET1,2,1,2.000000,2,1.833333e-01,
YES1->-KIT,2,1,2.000000,2,1.490148e-01,
KIT->-RIT1,2,1,2.000000,2,1.833333e-01,
FLT3->-RIT1,2,1,2.000000,2,1.833333e-01,
BRCA1->-PIK3CB,2,1,2.000000,2,3.261905e-01,
IRS2->-TET2,2,1,2.000000,2,1.133333e-01,
KMT2A-/-RIT1,2,1,2.000000,2,9.764103e-02,
KMT2A-/-MDM2,2,1,2.000000,2,5.714286e-02,
NSD1->-MDM2,2,1,2.000000,2,1.588889e-01,
SMARCA4->-TET1,2,1,2.000000,2,1.833333e-01,
AKT1->-AXIN1,2,1,2.000000,2,1.833333e-01,
BCOR->-GRIN2A,2,1,2.000000,2,4.333333e-01,
AXIN1->-SMARCA4,2,1,2.000000,2,1.833333e-01,
PIK3CA->-PAX5,2,1,2.000000,2,1.666667e-01,
MAP3K1->-SETD2,2,1,2.000000,2,1.584615e-01,
MED12->-SETD2,2,1,2.000000,2,4.084615e-01,
FOXA1->-KMT2C FOXA1->-PLK2 PLK2->-KMT2C,3,3,2.000000,2,1.125000e-02,
PIK3CA->-KMT2C PIK3CA->-PLK2 PLK2->-KMT2C,3,3,2.000000,2,3.637118e-02,
FOXA1->-FGFR4,2,1,2.000000,2,1.584615e-01,
FOXA1->-NBN PIK3CA->-FOXA1 PIK3CA->-NBN,3,3,2.000000,2,1.125000e-02,
PTEN->-RIT1,2,1,2.000000,2,1.584615e-01,
MAP3K1->-MGA,2,1,2.000000,2,1.584615e-01,
MAP3K1->-KMT2A,2,1,2.000000,2,7.568718e-01,
MGA->-HNF1A MGA->-PTCH1 PIK3CA->-HNF1A PIK3CA->-MGA PIK3CA->-PTCH1 PTCH1->-HNF1A,4,6,2.000000,2,4.374832e-04,
MGA->-FGFR4 PIK3CA->-FGFR4 PIK3CA->-MGA,3,3,2.000000,2,1.125000e-02,
ATM->-FGFR4 PIK3CA->-ATM PIK3CA->-FGFR4,3,3,2.000000,2,1.125000e-02,
ATM->-DNMT1 PIK3CA->-ATM PIK3CA->-DNMT1,3,3,2.000000,2,1.125000e-02,
MAP3K1->-DNMT1,2,1,2.000000,2,1.584615e-01,
DNMT1-/-MED12 PTEN->-DNMT1 PTEN->-MED12,3,3,2.000000,2,3.027066e-03,
DNMT1->-KMT2C,2,1,2.000000,2,1.584615e-01,
KMT2A-/-PIK3CG,2,1,2.000000,2,1.220513e-01,
JAK3-/-PIK3CG,2,1,2.000000,2,1.663870e-01,
MAP3K1->-PIK3CD PTEN->-MAP3K1 PTEN->-PIK3CD,3,3,2.000000,2,1.125000e-02,
MAP3K1->-DICER1 PTEN->-DICER1 PTEN->-MAP3K1,3,3,2.000000,2,1.125000e-02,
MAP3K1->-NBN,2,1,2.000000,2,1.100427e-01,
MAP3K1->-JAK3,2,1,2.000000,2,1.584615e-01,
PTCH1->-FGFR4,2,1,2.000000,2,1.584615e-01,
PTCH1->-KMT2C,2,1,2.000000,2,8.104806e-01,
PIK3CA->-CDK12,2,1,2.000000,2,4.455227e-01,
PTEN->-TGFBR2,2,1,2.000000,2,1.320513e-01,
RHOA->-TP53,2,1,2.000000,2,7.594562e-01,
EPHB1->-MAP3K1,2,1,2.000000,2,8.125000e-01,
TP53->-FGFR1,2,1,2.000000,2,4.166667e-01,
PIK3CA->-PTEN PIK3CA->-PTPRT PTEN->-PTPRT,3,3,2.000000,2,7.266088e-02,
KMT2D->-PTPRT PIK3CA->-KMT2D PIK3CA->-PTPRT PIK3CA->-TP53 TP53->-KMT2D TP53->-PTPRT,4,6,2.000000,2,5.759340e-03,
PTEN->-KMT2D TP53->-KMT2D TP53->-PTEN,3,3,2.000000,2,7.266088e-02,
KMT2D->-MDC1 TP53->-KMT2D TP53->-MDC1,3,3,2.000000,2,2.182540e-02,
NCOR1->-ALK,2,1,2.000000,2,2.500000e-01,
KMT2D-/-PRKAR1A,2,1,2.000000,2,1.285714e-01,
SETD2->-KMT2D TP53->-KMT2D TP53->-SETD2,3,3,2.000000,2,6.155397e-03,
ANKRD11->-PLK2,2,1,2.000000,2,2.032020e-01,
ANKRD11->-KMT2D,2,1,2.000000,2,6.125000e-01,
ATM->-TBX3,2,1,2.000000,2,4.045455e-01,
GATA3->-KDM5A,2,1,2.000000,2,5.000000e-01,
TP53->-YAP1,2,1,2.000000,2,5.000000e-01,
CDH1->-FOXA1 CDH1->-NCOR1 FOXA1->-NCOR1,3,3,2.000000,2,2.777778e-02,
PIK3CA->-EP300 PIK3CA->-SMAD4 SMAD4->-EP300,3,3,2.000000,2,5.555556e-03,
BRIP1->-ESR1,2,1,2.000000,2,5.000000e-01,
CARD11->-TP53,2,1,2.000000,2,9.890809e-01,
CDKN2A->-CARD11,2,1,2.000000,2,2.500000e-01,
PIK3CA->-JUN,2,1,2.000000,2,4.511905e-01,
PIK3CA->-BRIP1 PIK3CA->-RUNX1 RUNX1->-BRIP1,3,3,2.000000,2,1.944444e-02,
ESR1->-ERBB4,2,1,2.000000,2,6.125000e-01,
BRCA1->-ZFHX3,2,1,2.000000,2,2.500000e-01,
TP53->-SH2D1A,2,1,2.000000,2,1.283333e-01,
PIK3CA->-SOX9,2,1,2.000000,2,6.875000e-01,
CDH1->-SOX9,2,1,2.000000,2,5.000000e-01,
BRCA2->-STK11,2,1,2.000000,2,2.500000e-01,
ESR1->-GNAS,2,1,2.000000,2,2.500000e-01,
TP53->-BCL6,2,1,2.000000,2,4.045455e-01,
PIK3C2G->-PTPRT TP53->-PIK3C2G TP53->-PTPRT,3,3,2.000000,2,2.777778e-02,
RB1->-PTPRT TP53->-PTPRT TP53->-RB1,3,3,2.000000,2,7.266088e-02,
ATM->-PIK3CA ATM->-SF3B1 PIK3CA->-SF3B1,3,3,2.000000,2,2.777778e-02,
CDH1->-SF3B1,2,1,2.000000,2,6.125000e-01,
MAP3K1->-SF3B1,2,1,2.000000,2,5.000000e-01,
CDH1->-DNMT3A CDH1->-KDR DNMT3A->-KDR,3,3,2.000000,2,2.777778e-02,
PIK3CA->-SYK,2,1,2.000000,2,2.500000e-01,
MAP3K1->-DNMT3A,2,1,2.000000,2,2.500000e-01,
MAP3K1->-SPOP,2,1,2.000000,2,6.875000e-01,
PIK3CA->-REL,2,1,2.000000,2,2.500000e-01,
MAP3K1->-REL TP53->-MAP3K1 TP53->-REL,3,3,2.000000,2,2.777778e-02,
BCL6->-NOTCH1 CDH1->-BCL6 CDH1->-NOTCH1,3,3,2.000000,2,2.777778e-02,
ATM->-NOTCH1,2,1,2.000000,2,7.435065e-01,
ATM->-CDH1 ATM->-PIK3CA CDH1->-PIK3CA,3,3,2.000000,2,1.319444e-01,
RB1->-NOTCH1 TP53->-NOTCH1 TP53->-RB1,3,3,2.000000,2,2.777778e-02,
MAP3K1->-NOTCH1 MAP3K1->-PIK3CA PIK3CA->-NOTCH1,3,3,2.000000,2,1.319444e-01,
PIK3CA->-BCL6,2,1,2.000000,2,5.000000e-01,
ATM->-NOTCH4 TP53->-ATM TP53->-NOTCH4,3,3,2.000000,2,2.777778e-02,
SMAD4->-KMT2C,2,1,2.000000,2,3.666667e-01,
SMAD4->-MAP3K1,2,1,2.000000,2,2.166667e-01,
KMT2C->-MDM2,2,1,2.000000,2,1.702381e-01,
PALB2->-KDM5C,2,1,2.000000,2,2.424242e-01,
SOX9->-PDGFRA,2,1,2.000000,2,2.424242e-01,
DOT1L->-PDGFRA,2,1,2.000000,2,2.424242e-01,
TP53->-KEAP1,2,1,2.000000,2,2.500000e-01,
TP53->-TNFAIP3,2,1,2.000000,2,2.500000e-01,
APC->-EPHB1 APC->-KMT2D KMT2D->-EPHB1 TP53->-APC TP53->-EPHB1 TP53->-KMT2D,4,6,2.000000,2,1.634276e-03,
APC->-RB1 TP53->-APC TP53->-RB1,3,3,2.000000,2,7.266088e-02,
APC->-KEAP1,2,1,2.000000,2,2.250000e-01,
SMAD4->-ERBB3,2,1,2.000000,2,2.000000e-01,
PTEN->-PDGFRA,2,1,2.000000,2,2.500000e-01,
EPCAM->-ARID1B,2,1,2.000000,2,2.500000e-01,
CIC->-RUNX1,2,1,2.000000,2,2.500000e-01,
ARID1B->-PDGFRA,2,1,2.000000,2,2.500000e-01,
JAK1->-ZFHX3,2,1,2.000000,2,2.500000e-01,
TBX3->-ZFHX3,2,1,2.000000,2,7.233333e-01,
TP53->-ARID5B TP53->-ZFHX3 ZFHX3->-ARID5B,3,3,2.000000,2,1.430976e-02,
PIK3CA->-IRF4,2,1,2.000000,2,2.053571e-01,
ARID1A->-ANKRD11,2,1,2.000000,2,5.209821e-01,
AKT1->-CIC,2,1,2.000000,2,1.342593e-01,
SMAD4->-NCOR1,2,1,2.000000,2,4.404762e-01,
NCOR1->-SMARCA4,2,1,2.000000,2,2.142857e-01,
POLE->-SMARCA4 TP53->-POLE TP53->-SMARCA4,3,3,2.000000,2,1.769677e-02,
NCOR1->-ATRX,2,1,2.000000,2,2.142857e-01,
NCOR1->-POLE TP53->-NCOR1 TP53->-POLE,3,3,2.000000,2,1.043084e-02,
NOTCH1->-GATA3,2,1,2.000000,2,4.045455e-01,
NOTCH1->-CDH1,2,1,2.000000,2,7.708333e-01,
ANKRD11->-ERBB2,2,1,2.000000,2,1.896552e-01,
CDH1->-IL7R,2,1,2.000000,2,2.167142e-01,
AKT1->-NCOR1,2,1,2.000000,2,2.013889e-01,
LATS2-/-TP53,2,1,2.000000,2,3.333333e-01,
ALOX12B->-TSC2,2,1,2.000000,2,1.428571e-01,
MAP3K1->-TSC2,2,1,2.000000,2,5.918803e-01,
ALOX12B->-MAP3K1,2,1,2.000000,2,9.920635e-02,
MAP3K1->-EPHA5,2,1,2.000000,2,3.164683e-01,
GPS2->-ESR1,2,1,2.000000,2,2.500000e-01,
TP53->-NFE2L2,2,1,2.000000,2,1.785714e-01,
NFE2L2-/-SPEN,2,1,2.000000,2,1.326531e-01,
ERCC4->-PIK3C3,2,1,2.000000,2,9.615385e-02,
BRCA1->-DNMT1,2,1,2.000000,2,1.428571e-01,
YAP1->-PIK3CA,2,1,2.000000,2,5.000000e-01,
MSH6->-TERT PIK3CA->-MSH6 PIK3CA->-TERT,3,3,2.000000,2,2.777778e-02,
NOTCH3->-PIK3CA,2,1,2.000000,2,9.142361e-01,
NOTCH3->-CDH1,2,1,2.000000,2,6.875000e-01,
ANKRD11->-TBX3,2,1,2.000000,2,8.125000e-01,
CDH1->-TERT,2,1,2.000000,2,2.500000e-01,
ANKRD11->-PIK3CA,2,1,2.000000,2,9.629021e-01,
MAP2K4->-NOTCH2,2,1,2.000000,2,2.500000e-01,
TP53->-SMAD3,2,1,2.000000,2,2.500000e-01,
MAP2K4->-KMT2C,2,1,2.000000,2,5.000000e-01,
JAK1->-EIF4A2,2,1,2.000000,2,1.168639e-01,
NCOR1->-AMER1,2,1,2.000000,2,1.346154e-01,
ESR1->-EPHA5,2,1,2.000000,2,2.142857e-01,
PDGFRB->-PIK3CA,2,1,2.000000,2,5.780075e-01,
PIK3CA->-BCL2L11,2,1,2.000000,2,2.142857e-01,
FOXA1->-CDK8,2,1,2.000000,2,1.666667e-01,
JAK3->-GATA3 MAP2K4->-GATA3 MAP2K4->-JAK3,3,3,2.000000,2,2.777778e-02,
MEN1->-NCOR1,2,1,2.000000,2,2.500000e-01,
MEN1->-MAP2K4,2,1,2.000000,2,5.000000e-01,
CDH1->-NOTCH3,2,1,2.000000,2,6.875000e-01,
PIK3CA->-MYD88,2,1,2.000000,2,5.000000e-01,
TP53->-RAD51,2,1,2.000000,2,2.500000e-01,
TBX3->-CBFB,2,1,2.000000,2,6.375000e-01,
TBX3->-EPHA5,2,1,2.000000,2,2.500000e-01,
RET->-BCOR,2,1,2.000000,2,2.166667e-01,
HIST3H3->-PIK3CA,2,1,2.000000,2,6.875000e-01,
IDH1->-GATA3,2,1,2.000000,2,2.500000e-01,
MAP3K1->-EPCAM,2,1,2.000000,2,4.250000e-01,
CDH1->-CREBBP CDH1->-KIT KIT->-CREBBP,3,3,2.000000,2,1.978045e-02,
MAP3K13->-CREBBP,2,1,2.000000,2,2.032020e-01,
CDH1->-CREBBP CDH1->-RAD50 RAD50->-CREBBP,3,3,2.000000,2,1.978045e-02,
ERBB2->-RICTOR,2,1,2.000000,2,4.365353e-01,
PIK3CA->-CREBBP PIK3CA->-RICTOR RICTOR->-CREBBP,3,3,2.000000,2,9.183782e-03,
RICTOR->-CREBBP TP53->-CREBBP TP53->-RICTOR,3,3,2.000000,2,9.183782e-03,
CDH1-/-RFWD2 CDH1->-ERBB2 ERBB2-/-RFWD2,3,3,2.000000,2,1.083288e-03,
CDH1-/-RFWD2 CDH1->-PIK3CA PIK3CA-/-RFWD2,3,3,2.000000,2,3.082777e-03,
MLH1->-PIK3CA,2,1,2.000000,2,4.532020e-01,
CDH1->-MLH1 TP53->-CDH1 TP53->-MLH1,3,3,2.000000,2,1.978045e-02,
TP53->-PARP1 TP53->-YES1 YES1->-PARP1,3,3,2.000000,2,1.978045e-02,
PIK3CA->-PARP1 PIK3CA->-YES1 YES1->-PARP1,3,3,2.000000,2,1.978045e-02,
CREBBP->-PARP1,2,1,2.000000,2,2.032020e-01,
PIK3CA->-PPP6C,2,1,2.000000,2,1.819521e-01,
ANKRD11->-STAG2,2,1,2.000000,2,2.032020e-01,
STAG2->-PARP1,2,1,2.000000,2,2.032020e-01,
ATR-/-TP53,2,1,2.000000,2,5.453587e-01,
TP53->-FUBP1,2,1,2.000000,2,4.532020e-01,
MAP3K13->-PIK3CA,2,1,2.000000,2,6.524015e-01,
ANKRD11->-PTPRD,2,1,2.000000,2,2.032020e-01,
TP53->-STAT5B,2,1,2.000000,2,1.083744e-01,
MAP3K13->-MEN1,2,1,2.000000,2,2.032020e-01,
MAP3K1->-ARID1A MAP3K1->-MEN1 MEN1->-ARID1A,3,3,2.000000,2,7.407407e-02,
ASXL2->-KDM5C,2,1,2.000000,2,1.369048e-01,
CDH1->-NOTCH1 CDH1->-PTEN PTEN->-NOTCH1,3,3,2.000000,2,8.333333e-03,
CDKN1A->-PIK3CA,2,1,2.000000,2,7.476668e-01,
JAK1->-SETD2,2,1,2.000000,2,2.500000e-01,
JAK1->-CREBBP,2,1,2.000000,2,2.500000e-01,
JAK1->-APC,2,1,2.000000,2,2.170330e-01,
JAK1->-ARID2,2,1,2.000000,2,2.142857e-01,
APC->-SETD2,2,1,2.000000,2,2.473545e-01,
CDH1->-SETD2 CDH1->-STK11 SETD2->-STK11,3,3,2.000000,2,7.407407e-02,
APC->-RAD50 APC->-SDHC CDH1->-APC CDH1->-RAD50 CDH1->-SDHC RAD50->-SDHC,4,6,2.000000,2,1.478909e-03,
CDH1->-MED12 CDH1->-SDHC MED12->-SDHC,3,3,2.000000,2,2.469136e-02,
APC->-PIK3C2G APC->-SDHC CDH1->-APC CDH1->-PIK3C2G CDH1->-SDHC PIK3C2G->-SDHC,4,6,2.000000,2,1.478909e-03,
APC->-BLM APC->-ERCC4 BLM->-ERCC4 CDH1->-APC CDH1->-BLM CDH1->-ERCC4,4,6,2.000000,2,1.736111e-03,
CDH1->-CREBBP CDH1->-IKZF1 IKZF1->-CREBBP,3,3,2.000000,2,2.777778e-02,
ASXL1->-CREBBP,2,1,2.000000,2,5.000000e-01,
ASXL1->-ABL1,2,1,2.000000,2,2.500000e-01,
ARID1A->-TOP1,2,1,2.000000,2,1.636364e-01,
CD274->-ABL1,2,1,2.000000,2,2.250000e-01,
JAK2->-BLM JAK2->-MAP3K13 MAP3K13->-BLM,3,3,2.000000,2,2.777778e-02,
JAK2->-ABL1 JAK2->-MAP3K13 MAP3K13->-ABL1,3,3,2.000000,2,2.777778e-02,
ARID1A->-ERCC4 ARID1A->-IKZF1 IKZF1->-ERCC4,3,3,2.000000,2,2.777778e-02,
CDH1->-PIK3CA CDH1->-SMARCB1 SMARCB1->-PIK3CA,3,3,2.000000,2,2.777778e-02,
SMARCB1->-FLT3,2,1,2.000000,2,2.500000e-01,
PIK3C2G->-ERCC4,2,1,2.000000,2,2.500000e-01,
BLM->-STK11,2,1,2.000000,2,2.371324e-01,
PIK3R3->-BLM,2,1,2.000000,2,2.500000e-01,
LATS2->-ASXL1,2,1,2.000000,2,2.500000e-01,
JAK2->-PIK3CA LATS2->-JAK2 LATS2->-PIK3CA,3,3,2.000000,2,2.777778e-02,
CDH1->-JAK2 CDH1->-PIK3CA JAK2->-PIK3CA,3,3,2.000000,2,8.854167e-02,
ASXL1->-PIK3CA PIK3R3->-ASXL1 PIK3R3->-PIK3CA,3,3,2.000000,2,2.777778e-02,
ERCC3->-PIK3CA,2,1,2.000000,2,5.000000e-01,
PIK3CA->-SUZ12,2,1,2.000000,2,6.032135e-01,
FLT3->-PIK3CA,2,1,2.000000,2,7.875000e-01,
RAD50->-PIK3CA,2,1,2.000000,2,9.608024e-01,
CDH1->-ERCC3,2,1,2.000000,2,5.000000e-01,
ARID1A->-ARID2 ARID1A->-FLT3 ARID2->-FLT3,3,3,2.000000,2,2.777778e-02,
ARID1A->-PIK3R3,2,1,2.000000,2,2.500000e-01,
TP53->-CTNNB1,2,1,2.000000,2,1.500000e-01,
PTEN->-BARD1 TP53->-BARD1 TP53->-PTEN,3,3,2.000000,2,1.388889e-02,
BARD1->-ERBB3 TP53->-BARD1 TP53->-ERBB3,3,3,2.000000,2,1.785714e-02,
PTEN->-ERBB3,2,1,2.000000,2,2.500000e-01,
KMT2D->-ERBB3 TP53->-ERBB3 TP53->-KMT2D,3,3,2.000000,2,2.777778e-02,
ZFHX3->-KMT2D,2,1,2.000000,2,2.500000e-01,
TP53->-SUFU,2,1,2.000000,2,1.244949e-01,
KLF4->-NCOR1,2,1,2.000000,2,2.013889e-01,
KLF4->-MED12,2,1,2.000000,2,2.013889e-01,
NOTCH3->-FAT1,2,1,2.000000,2,2.166667e-01,
ESR1->-IRF4,2,1,2.000000,2,2.023810e-01,
CDH1->-MCL1,2,1,2.000000,2,2.500000e-01,
NCOR1->-KMT2C,2,1,2.000000,2,9.544034e-01,
RUNX1->-KMT2C,2,1,2.000000,2,6.875000e-01,
RUNX1->-CDKN2A,2,1,2.000000,2,2.500000e-01,
TP53->-MDM2,2,1,2.000000,2,1.964286e-01,
KMT2C->-MED12 KMT2C->-TSC2 TSC2->-MED12,3,3,2.000000,2,1.278660e-02,
KMT2C->-KMT2A KMT2C->-TSC2 TSC2->-KMT2A,3,3,2.000000,2,1.438492e-02,
KMT2C->-TP63,2,1,2.000000,2,4.464286e-01,
MED12->-KMT2D TP53->-KMT2D TP53->-MED12,3,3,2.000000,2,1.438492e-02,
CIC->-SF3B1 PIK3CA->-CIC PIK3CA->-SF3B1,3,3,2.000000,2,2.777778e-02,
PIK3CA->-MGA PIK3CA->-SETD2 SETD2->-MGA,3,3,2.000000,2,9.595529e-02,
SETD2->-MGA TP53->-MGA TP53->-SETD2,3,3,2.000000,2,2.692986e-02,
SETD2->-PTCH1 TP53->-PTCH1 TP53->-SETD2,3,3,2.000000,2,2.692986e-02,
PIK3CA->-PTCH1 PIK3CA->-SETD2 SETD2->-PTCH1,3,3,2.000000,2,4.545092e-02,
PIK3CG->-SETD2,2,1,2.000000,2,3.013187e-01,
PIK3CG->-TET2,2,1,2.000000,2,1.428571e-01,
TP53->-TCF3,2,1,2.000000,2,1.772727e-01,
TET2->-FLT4 TP53->-FLT4 TP53->-TET2,3,3,2.000000,2,8.585859e-03,
CARD11->-FLT4 TP53->-CARD11 TP53->-FLT4,3,3,2.000000,2,4.208754e-02,
STAT3->-NF1,2,1,2.000000,2,2.371795e-01,
NCOR1->-NF1,2,1,2.000000,2,7.818878e-01,
NF1->-MSH6,2,1,2.000000,2,2.500000e-01,
FAT1->-NF1 PIK3CA->-FAT1 PIK3CA->-NF1,3,3,2.000000,2,7.407407e-02,
FAT1->-FLT4 PIK3CA->-FAT1 PIK3CA->-FLT4,3,3,2.000000,2,2.777778e-02,
RB1->-PIK3CG,2,1,2.000000,2,2.321429e-01,
MGA->-FLT4,2,1,2.000000,2,5.000000e-01,
RUNX1->-MGA TP53->-MGA TP53->-RUNX1,3,3,2.000000,2,2.777778e-02,
PIK3CA->-MGA PIK3CA->-RUNX1 RUNX1->-MGA,3,3,2.000000,2,7.407407e-02,
PIK3CA->-CARD11 PIK3CA->-RUNX1 RUNX1->-CARD11,3,3,2.000000,2,2.777778e-02,
RUNX1->-CARD11 TP53->-CARD11 TP53->-RUNX1,3,3,2.000000,2,2.777778e-02,
RUNX1->-MSH6 TP53->-MSH6 TP53->-RUNX1,3,3,2.000000,2,2.777778e-02,
PIK3CA->-MSH6 PIK3CA->-RUNX1 RUNX1->-MSH6,3,3,2.000000,2,2.777778e-02,
NCOR1->-FLT4,2,1,2.000000,2,4.166667e-01,
MSH6->-KMT2A,2,1,2.000000,2,2.500000e-01,
NCOR1->-PTCH1 PIK3CA->-NCOR1 PIK3CA->-PTCH1,3,3,2.000000,2,2.777778e-02,
FAT1->-MSH6 PIK3CA->-FAT1 PIK3CA->-MSH6,3,3,2.000000,2,2.777778e-02,
TP53->-IKBKE,2,1,2.000000,2,2.500000e-01,
BARD1->-AKT1 TP53->-AKT1 TP53->-BARD1,3,3,2.000000,2,1.388889e-02,
NCOR1->-BRIP1,2,1,2.000000,2,2.142857e-01,
ATR->-RUNX1 PIK3CA->-ATR PIK3CA->-RUNX1,3,3,2.000000,2,7.407407e-02,
BARD1->-PIK3CA,2,1,2.000000,2,8.425650e-01,
MAP2K2->-PIK3CA STK11->-MAP2K2 STK11->-PIK3CA,3,3,2.000000,2,2.397876e-02,
TP53->-ALOX12B,2,1,2.000000,2,3.164683e-01,
APC->-XPO1,2,1,2.000000,2,2.250000e-01,
MAP2K4->-XPO1,2,1,2.000000,2,2.250000e-01,
TRAF7->-GATA3,2,1,2.000000,2,2.500000e-01,
GATA3->-NOTCH3,2,1,2.000000,2,2.500000e-01,
MEN1->-NOTCH3,2,1,2.000000,2,2.500000e-01,
APC->-NF1 CDH1->-APC CDH1->-NF1,3,3,2.000000,2,6.066567e-02,
CDH1->-ATM CDH1->-PIK3CA PIK3CA->-ATM,3,3,2.000000,2,1.319444e-01,
ZFHX3->-ATM,2,1,2.000000,2,4.333333e-01,
ZFHX3->-NF1,2,1,2.000000,2,4.871795e-01,
CDH1->-SPOP,2,1,2.000000,2,5.000000e-01,
PIK3CA->-PNRC1,2,1,2.000000,2,2.500000e-01,
RB1->-ESR1,2,1,2.000000,2,2.000000e-01,
TET1->-ESR1,2,1,2.000000,2,6.875000e-01,
PIK3CA->-NFE2L2,2,1,2.000000,2,1.339286e-01,
CDH1->-NFE2L2,2,1,2.000000,2,2.321937e-01,
CDH1->-PALB2,2,1,2.000000,2,5.000000e-01,
ARID1A->-NOTCH3,2,1,2.000000,2,2.500000e-01,
EIF4A2->-PIK3CA,2,1,2.000000,2,6.913039e-01,
ROS1->-NF2,2,1,2.000000,2,1.339286e-01,
ROS1->-NFE2L2,2,1,2.000000,2,9.375000e-02,
KMT2A->-NFE2L2,2,1,2.000000,2,1.339286e-01,
KMT2A-/-SPEN PIK3CA->-KMT2A PIK3CA->-SPEN,3,3,2.000000,2,7.709751e-03,
TP53->-MRE11A,2,1,2.000000,2,1.666667e-01,
PIK3CA->-MDM2,2,1,2.000000,2,2.500000e-01,
ESR1->-NFE2L2,2,1,2.000000,2,2.500000e-01,
ARID1A->-RUNX1 PTEN->-ARID1A PTEN->-RUNX1,3,3,2.000000,2,2.777778e-02,
ESR1->-ERCC4 PIK3CA->-ERCC4 PIK3CA->-ESR1,3,3,2.000000,2,6.944444e-03,
ESR1->-FUBP1,2,1,2.000000,2,2.500000e-01,
ARID5B->-PALB2 TP53->-ARID5B TP53->-PALB2,3,3,2.000000,2,3.611971e-03,
SMAD4->-KDM5C,2,1,2.000000,2,5.000000e-01,
SMAD4->-PIK3CA,2,1,2.000000,2,9.359722e-01,
KDM5C->-PIK3CA KDM5C->-RHOA RHOA->-PIK3CA,3,3,2.000000,2,1.111111e-02,
RHOA->-GRIN2A,2,1,2.000000,2,2.500000e-01,
ARID1A->-GRIN2A ARID1A->-IKZF1 IKZF1->-GRIN2A,3,3,2.000000,2,1.388889e-02,
GRIN2A->-PIK3CA,2,1,2.000000,2,9.375000e-01,
SOX9->-TBX3,2,1,2.000000,2,5.000000e-01,
TBX3->-PTPRD,2,1,2.000000,2,2.500000e-01,
ATM->-HGF,2,1,2.000000,2,2.500000e-01,
PIK3CA->-HGF,2,1,2.000000,2,3.652047e-01,
SMAD4->-FAT1,2,1,2.000000,2,2.500000e-01,
NF1->-MAP2K4,2,1,2.000000,2,6.696429e-01,
ATR->-PIK3CA,2,1,2.000000,2,9.995241e-01,
PPP2R1A->-PIK3CA,2,1,2.000000,2,8.214167e-01,
KMT2C->-PPP2R1A,2,1,2.000000,2,1.833333e-01,
SPEN->-DNMT3A,2,1,2.000000,2,5.000000e-01,
ESR1->-HIST1H3B,2,1,2.000000,2,1.500000e-01,
TP53->-FGF3,2,1,2.000000,2,1.750000e-01,
STAG2->-AXL,2,1,2.000000,2,2.500000e-01,
CDK8->-KRAS,2,1,2.000000,2,2.500000e-01,
CDK8->-PIK3CA,2,1,2.000000,2,5.509259e-01,
PIK3CA->-RPS6KA4,2,1,2.000000,2,4.553571e-01,
PIK3CA->-RARA,2,1,2.000000,2,2.053571e-01,
NSD1->-RAD50,2,1,2.000000,2,1.934948e-01,
PTEN->-PIK3C2G,2,1,2.000000,2,2.321937e-01,
STAG2->-PTEN STAG2->-TP53 TP53->-PTEN,3,3,2.000000,2,7.407407e-02,
MTOR->-NCOR1 NF1->-MTOR NF1->-NCOR1,3,3,2.000000,2,1.484389e-02,
NOTCH1->-NCOR1,2,1,2.000000,2,2.142857e-01,
SPEN->-NCOR1,2,1,2.000000,2,4.642857e-01,
GATA3->-DOT1L,2,1,2.000000,2,2.500000e-01,
FOXA1->-DOT1L,2,1,2.000000,2,6.160714e-01,
NSD1->-DOT1L,2,1,2.000000,2,4.821937e-01,
CDH1->-BTK,2,1,2.000000,2,2.500000e-01,
AKT1->-XPO1 CDH1->-AKT1 CDH1->-XPO1,3,3,2.000000,2,2.777778e-02,
FGFR4->-AKT1,2,1,2.000000,2,2.013889e-01,
PIK3R1->-AR,2,1,2.000000,2,2.500000e-01,
FAT1->-AR,2,1,2.000000,2,2.500000e-01,
NOTCH3->-PIK3R1,2,1,2.000000,2,2.500000e-01,
KMT2C->-PIK3R1,2,1,2.000000,2,7.647614e-01,
CDH1->-PIK3R1,2,1,2.000000,2,4.821937e-01,
BRCA2->-MTOR BRCA2->-XPO1 MTOR->-XPO1,3,3,2.000000,2,2.777778e-02,
CDH1->-FAT1 MTOR->-CDH1 MTOR->-FAT1,3,3,2.000000,2,2.777778e-02,
KMT2C->-MTOR,2,1,2.000000,2,4.513889e-01,
KMT2C->-AR,2,1,2.000000,2,7.701084e-01,
KMT2C->-NOTCH3 KMT2C->-XPO1 NOTCH3->-XPO1,3,3,2.000000,2,2.777778e-02,
SPEN->-XPO1,2,1,2.000000,2,2.500000e-01,
BRCA2->-FAT1,2,1,2.000000,2,4.590909e-01,
SPEN->-FAT1,2,1,2.000000,2,8.720238e-01,
TP53->-NUP93,2,1,2.000000,2,5.000000e-01,
NUP93->-PARP1 PIK3CA->-NUP93 PIK3CA->-PARP1,3,3,2.000000,2,2.777778e-02,
PIK3CA->-PARP1 PIK3CA->-RUNX1 RUNX1->-PARP1,3,3,2.000000,2,2.777778e-02,
APC->-PTPRS,2,1,2.000000,2,3.867392e-01,
PIK3CA->-PTPRS PIK3CA->-SPEN SPEN->-PTPRS,3,3,2.000000,2,9.090909e-03,
ATR->-ARID2 PIK3CA->-ARID2 PIK3CA->-ATR PIK3CA->-PTPRS PTPRS->-ARID2 PTPRS->-ATR,4,6,2.000000,2,1.736111e-03,
PTPRS->-PARP1,2,1,2.000000,2,2.321937e-01,
APC->-RUNX1,2,1,2.000000,2,2.500000e-01,
TP53->-RPS6KB2,2,1,2.000000,2,2.500000e-01,
ARID2->-KMT2D ERCC5->-ARID2 ERCC5->-KMT2D PIK3CA->-ARID2 PIK3CA->-ERCC5 PIK3CA->-KMT2D,4,6,2.000000,2,1.736111e-03,
ARID2->-KMT2D ERCC5->-ARID2 ERCC5->-KMT2D TP53->-ARID2 TP53->-ERCC5 TP53->-KMT2D,4,6,2.000000,2,1.736111e-03,
ATR->-KMT2D PIK3CA->-ATR PIK3CA->-KMT2D,3,3,2.000000,2,7.266088e-02,
NOTCH4->-KMT2D TP53->-KMT2D TP53->-NOTCH4,3,3,2.000000,2,3.558529e-02,
CARD11->-KMT2D PIK3CA->-CARD11 PIK3CA->-KMT2D,3,3,2.000000,2,5.208192e-02,
RUNX1->-INSR,2,1,2.000000,2,2.500000e-01,
FGFR4->-MSH6 TP53->-FGFR4 TP53->-MSH6,3,3,2.000000,2,1.060606e-02,
TP53->-HLA-A,2,1,2.000000,2,2.500000e-01,
KMT2D->-NCOR1 SMAD2->-KMT2D SMAD2->-NCOR1,3,3,2.000000,2,2.777778e-02,
ERCC4->-NCOR1,2,1,2.000000,2,3.846154e-01,
CREBBP->-KMT2C CREBBP->-NCOR1 KMT2C->-NCOR1,3,3,2.000000,2,2.777778e-02,
KMT2D->-FGFR2 TP53->-FGFR2 TP53->-KMT2D,3,3,2.000000,2,2.692986e-02,
PTPRT->-FGFR2 TP53->-FGFR2 TP53->-PTPRT,3,3,2.000000,2,2.692986e-02,
RAD51->-KMT2D,2,1,2.000000,2,1.750000e-01,
BRCA1->-CREBBP BRCA1->-KMT2C CREBBP->-KMT2C,3,3,2.000000,2,2.777778e-02,
PIK3C2G->-KMT2C,2,1,2.000000,2,4.821937e-01,
FOXP1->-PTPRT,2,1,2.000000,2,5.000000e-01,
CDH1->-IKBKE,2,1,2.000000,2,4.166667e-01,
CDH1->-PIK3CA FLCN->-CDH1 FLCN->-PIK3CA,3,3,2.000000,2,2.777778e-02,
TP53->-FLCN,2,1,2.000000,2,5.000000e-01,
AKT1->-TBX3,2,1,2.000000,2,2.500000e-01,
PIK3CA->-TP53 PIK3CA->-ZFHX3 ZFHX3->-TP53,3,3,2.000000,2,9.009177e-02,
ARID2->-EPHA5 TP53->-ARID2 TP53->-EPHA5,3,3,2.000000,2,1.301779e-01,
ZFHX3->-ARID2,2,1,2.000000,2,2.500000e-01,
CBFB->-MAP2K4,2,1,2.000000,2,2.250000e-01,
CTCF->-ERBB3 MAP3K1->-CTCF MAP3K1->-ERBB3,3,3,2.000000,2,1.438492e-02,
ATM->-JUN,2,1,2.000000,2,2.500000e-01,
FBXW7->-PIK3CA,2,1,2.000000,2,8.181481e-01,
BRCA2->-TP53,2,1,2.000000,2,9.971963e-01,
RHOA->-TBX3,2,1,2.000000,2,2.410714e-01,
FAT1->-RB1,2,1,2.000000,2,6.864035e-01,
PIK3CA->-GATA3 ROS1->-GATA3 ROS1->-PIK3CA,3,3,2.000000,2,2.777778e-02,
STK11->-GATA3,2,1,2.000000,2,2.371324e-01,
FGFR4->-ROS1,2,1,2.000000,2,2.500000e-01,
TP53->-ASXL2,2,1,2.000000,2,4.250000e-01,
TP53->-EPHA3,2,1,2.000000,2,5.000000e-01,
TP53->-PPP2R1A,2,1,2.000000,2,1.636364e-01,
AKT2->-PTPRT,2,1,2.000000,2,2.500000e-01,
RICTOR->-ESR1,2,1,2.000000,2,7.886905e-01,
SUZ12->-PIK3CA,2,1,2.000000,2,6.032135e-01,
SMAD4->-ERCC4,2,1,2.000000,2,2.500000e-01,
BLM->-FAT1 BLM->-KDR FAT1->-KDR,3,3,2.000000,2,2.397876e-02,
DNMT3A->-FAT1,2,1,2.000000,2,5.000000e-01,
APC->-DNMT1,2,1,2.000000,2,4.670330e-01,
DNMT1->-SPEN,2,1,2.000000,2,2.500000e-01,
APC->-SPEN,2,1,2.000000,2,7.647727e-01,
FOXP1->-PTEN,2,1,2.000000,2,2.500000e-01,
AKT1->-SETD2 AKT1->-TET2 TET2->-SETD2,3,3,2.000000,2,2.777778e-02,
MAP2K4->-SETD2 MAP2K4->-TET2 TET2->-SETD2,3,3,2.000000,2,2.777778e-02,
SMAD2->-RFWD2,2,1,2.000000,2,2.500000e-01,
AKT1->-DNMT1,2,1,2.000000,2,4.670330e-01,
AKT1->-RAD50,2,1,2.000000,2,2.500000e-01,
CDH1->-AXIN2,2,1,2.000000,2,2.500000e-01,
MAP2K4->-ARID2,2,1,2.000000,2,2.500000e-01,
KMT2C->-NSD1,2,1,2.000000,2,7.863367e-01,
CDH1->-RET,2,1,2.000000,2,2.500000e-01,
TSC2->-KMT2C,2,1,2.000000,2,8.525909e-01,
BCOR->-TSC2,2,1,2.000000,2,2.500000e-01,
ATR->-KDM5C,2,1,2.000000,2,1.500000e-01,
ARID1A->-KDM5C PIK3CA->-ARID1A PIK3CA->-KDM5C,3,3,2.000000,2,5.753968e-02,
ROS1->-IKZF1,2,1,2.000000,2,1.833333e-01,
ROS1->-MYC,2,1,2.000000,2,1.833333e-01,
SMAD2->-BCOR,2,1,2.000000,2,1.833333e-01,
KMT2C->-EP300 KMT2D->-EP300 KMT2D->-KMT2C,3,3,2.000000,2,2.397876e-02,
KMT2D->-FGF4 PIK3CA->-FGF4 PIK3CA->-KMT2D,3,3,2.000000,2,9.029928e-03,
LATS1->-ATR,2,1,2.000000,2,2.500000e-01,
LATS1->-RFWD2,2,1,2.000000,2,2.500000e-01,
LATS1->-ARID1A,2,1,2.000000,2,2.090909e-01,
SMAD4->-RFWD2,2,1,2.000000,2,2.500000e-01,
ARID1A->-SMAD4,2,1,2.000000,2,4.666667e-01,
AKT1-/-PIK3CA,2,1,2.000000,2,1.722222e-01,
NCOR1->-IKZF1 NCOR1->-PIK3CA PIK3CA->-IKZF1,3,3,2.000000,2,4.100529e-02,
BRCA1->-RICTOR PIK3CA->-BRCA1 PIK3CA->-RICTOR,3,3,2.000000,2,3.084439e-02,
GATA3->-BCOR,2,1,2.000000,2,2.500000e-01,
IRS2->-FLT4 TP53->-FLT4 TP53->-IRS2,3,3,2.000000,2,2.861953e-03,
FLT4-/-PIK3CA TP53->-FLT4 TP53->-PIK3CA,3,3,2.000000,2,2.964198e-02,
RPS6KA4->-GATA3,2,1,2.000000,2,3.958333e-01,
ASXL2->-TBX3,2,1,2.000000,2,2.500000e-01,
ASXL2->-ARID1A,2,1,2.000000,2,4.220238e-01,
CDH1->-ASXL2,2,1,2.000000,2,3.720238e-01,
KDM6A->-KDR KDM6A->-PIK3CA PIK3CA->-KDR,3,3,2.000000,2,2.314815e-02,
FOXA1->-KMT2A FOXA1->-PIK3CA PIK3CA->-KMT2A,3,3,2.000000,2,4.652778e-02,
FOXA1->-ARID1B,2,1,2.000000,2,2.500000e-01,
KDR->-KMT2A,2,1,2.000000,2,2.500000e-01,
ARID1B->-KDR ARID1B->-PIK3CA PIK3CA->-KDR,3,3,2.000000,2,2.397876e-02,
AKT1->-GPS2,2,1,2.000000,2,4.250000e-01,
GPS2->-JAK2,2,1,2.000000,2,2.500000e-01,
EPHA5->-TP53,2,1,2.000000,2,9.939213e-01,
CDH1->-HIST1H1C CDH1->-PIK3CA PIK3CA->-HIST1H1C,3,3,2.000000,2,1.944444e-02,
PIK3CA->-MYCN,2,1,2.000000,2,2.500000e-01,
GATA3->-DICER1,2,1,2.000000,2,2.500000e-01,
GATA3->-HIST1H1C,2,1,2.000000,2,2.500000e-01,
GATA3->-NOTCH4 GATA3->-PIK3CA PIK3CA->-NOTCH4,3,3,2.000000,2,1.111111e-02,
GATA3->-ASXL1,2,1,2.000000,2,6.160714e-01,
PIK3CA->-SHQ1,2,1,2.000000,2,2.500000e-01,
CDH1->-PIK3CA RAD52->-CDH1 RAD52->-PIK3CA,3,3,2.000000,2,2.397876e-02,
CDH1->-PIK3CA STK11->-CDH1 STK11->-PIK3CA,3,3,2.000000,2,6.774237e-02,
GATA3-/-TP53,2,1,2.000000,2,6.506547e-01,
BLM->-GATA3,2,1,2.000000,2,4.371324e-01,
FAT1->-GATA3,2,1,2.000000,2,8.674282e-01,
GATA3-/-PIK3CA,2,1,2.000000,2,9.563986e-01,
ARID1B->-GATA3,2,1,2.000000,2,4.871324e-01,
STK11->-PTCH1,2,1,2.000000,2,2.371324e-01,
MAP2K2->-KMT2C,2,1,2.000000,2,2.371324e-01,
MGA->-ARID1A,2,1,2.000000,2,4.973545e-01,
MGA->-KMT2A,2,1,2.000000,2,6.188462e-01,
TP53->-MALT1,2,1,2.000000,2,2.500000e-01,
MAP3K1->-ALK,2,1,2.000000,2,6.238889e-01,
MAP3K1->-FANCA,2,1,2.000000,2,4.812745e-01,
MAP3K1->-KLF4,2,1,2.000000,2,2.500000e-01,
TBX3-/-ZFHX3,2,1,2.000000,2,9.333333e-02,
TP53->-PLCG2,2,1,2.000000,2,9.649123e-02,
TP53->-CD79B,2,1,2.000000,2,1.555556e-01,
EP300-/-PIK3CG TP53->-EP300 TP53->-PIK3CG,3,3,2.000000,2,2.380952e-03,
TP53->-SMAD4,2,1,2.000000,2,7.812500e-01,
ERBB3->-CARD11,2,1,2.000000,2,4.625504e-01,
TBX3->-NCOA3,2,1,2.000000,2,1.750000e-01,
PTCH1->-PAK7 TBX3->-PAK7 TBX3->-PTCH1,3,3,2.000000,2,2.777778e-02,
PTCH1->-PAK7 SOX9->-PAK7 SOX9->-PTCH1,3,3,2.000000,2,2.777778e-02,
AKT1->-PTCH1,2,1,2.000000,2,1.500000e-01,
TBX3->-IKZF1,2,1,2.000000,2,1.458333e-01,
KDM5C->-MAP3K1,2,1,2.000000,2,2.500000e-01,
PIK3CA->-MEF2B,2,1,2.000000,2,2.500000e-01,
GLI1->-GATA3,2,1,2.000000,2,2.500000e-01,
CBFB->-MEN1,2,1,2.000000,2,2.500000e-01,
TP53->-FANCC,2,1,2.000000,2,4.272727e-01,
NOTCH3->-BLM TP53->-BLM TP53->-NOTCH3,3,3,2.000000,2,2.777778e-02,
GATA3->-AKT1,2,1,2.000000,2,9.893772e-01,
SPEN->-PTPRD,2,1,2.000000,2,1.666667e-01,
MDC1->-TP53,2,1,2.000000,2,9.683172e-01,
JAK1->-MDC1,2,1,2.000000,2,2.170330e-01,
IDH1->-SETD2 TP53->-IDH1 TP53->-SETD2,3,3,2.000000,2,2.692986e-02,
RAD52->-BRCA1,2,1,2.000000,2,1.805556e-01,
RAD52->-CREBBP,2,1,2.000000,2,1.805556e-01,
MDC1->-CREBBP,2,1,2.000000,2,5.000000e-01,
KMT2A->-NOTCH1,2,1,2.000000,2,2.500000e-01,
IDH1->-PIK3CA,2,1,2.000000,2,6.186141e-01,
CHEK2->-CREBBP,2,1,2.000000,2,1.833333e-01,
BRCA2->-GATA3,2,1,2.000000,2,6.160714e-01,
BRCA2->-ARID2,2,1,2.000000,2,2.142857e-01,
KMT2C->-ARID2,2,1,2.000000,2,6.875000e-01,
KMT2C->-TNFAIP3,2,1,2.000000,2,2.013889e-01,
GATA3->-TET1,2,1,2.000000,2,1.833333e-01,
FAT1->-TET1,2,1,2.000000,2,8.901681e-01,
ESR1->-POLD1,2,1,2.000000,2,1.750000e-01,
FAT1->-RECQL4,2,1,2.000000,2,2.500000e-01,
MDC1->-FAT1,2,1,2.000000,2,2.500000e-01,
FOXA1->-PTEN,2,1,2.000000,2,7.103320e-01,
PTPRS->-MGA STK11->-MGA STK11->-PTPRS,3,3,2.000000,2,1.967593e-02,
PTPRS->-PIK3CA STK11->-PIK3CA STK11->-PTPRS,3,3,2.000000,2,1.967593e-02,
FBXW7->-KMT2D TP53->-FBXW7 TP53->-KMT2D,3,3,2.000000,2,1.967593e-02,
PIK3CA->-PDGFRB,2,1,2.000000,2,5.780075e-01,
CDH1->-RUNX1 CDH1->-TBX3 RUNX1->-TBX3,3,3,2.000000,2,1.319444e-01,
PIK3CG->-CDC73,2,1,2.000000,2,1.326531e-01,
ARAF->-PIK3CA,2,1,2.000000,2,6.771617e-01,
KMT2D->-FLT3,2,1,2.000000,2,2.500000e-01,
NF1->-ARID2 PIK3CA->-ARID2 PIK3CA->-NF1,3,3,2.000000,2,2.777778e-02,
EP300->-TP53,2,1,2.000000,2,9.928179e-01,
NFE2L2->-GATA3,2,1,2.000000,2,2.500000e-01,
ARID1B->-NFE2L2,2,1,2.000000,2,4.821937e-01,
FOXA1->-RASA1,2,1,2.000000,2,2.500000e-01,
MAP2K4->-FAT1,2,1,2.000000,2,4.894737e-01,
PDGFRA->-ARID2,2,1,2.000000,2,2.500000e-01,
PIK3R1->-EPHB1,2,1,2.000000,2,2.500000e-01,
PIK3R1->-NF1,2,1,2.000000,2,9.164152e-01,
NF1->-EPHB1,2,1,2.000000,2,2.261905e-01,
AR->-ARID2 AR->-IRS1 IRS1->-ARID2,3,3,2.000000,2,2.777778e-02,
ARID1B->-ARID2 ARID1B->-IRS1 IRS1->-ARID2,3,3,2.000000,2,2.777778e-02,
ARID1B->-ROS1 TP53->-ARID1B TP53->-ROS1,3,3,2.000000,2,2.777778e-02,
EPHA5->-ALK TP53->-ALK TP53->-EPHA5,3,3,2.000000,2,2.777778e-02,
SPEN->-ALK,2,1,2.000000,2,2.500000e-01,
FAT1->-IRS1,2,1,2.000000,2,2.500000e-01,
TET1->-SPEN TP53->-SPEN TP53->-TET1,3,3,2.000000,2,2.777778e-02,
MAP3K1->-ARID1B,2,1,2.000000,2,6.741453e-01,
FAT1->-ARID1B TP53->-ARID1B TP53->-FAT1,3,3,2.000000,2,6.774237e-02,
MAP3K1->-PIK3R1,2,1,2.000000,2,6.741453e-01,
MAP3K1->-ATRX TP53->-ATRX TP53->-MAP3K1,3,3,2.000000,2,1.438492e-02,
TP53->-STAT3,2,1,2.000000,2,3.871795e-01,
JAK3->-PIK3CA,2,1,2.000000,2,9.038741e-01,
TP53->-HIST1H3J,2,1,2.000000,2,1.833333e-01,
AKT1->-LATS2,2,1,2.000000,2,1.208333e-01,
TP53->-HIST1H3C,2,1,2.000000,2,2.500000e-01,
NF1->-NBN,2,1,2.000000,2,2.500000e-01,
NF1->-STAG2,2,1,2.000000,2,1.666667e-01,
MAP2K4->-NF1 MAP2K4->-TET2 NF1->-TET2,3,3,2.000000,2,2.258852e-02,
KMT2C->-FLT4,2,1,2.000000,2,1.750000e-01,
RUNX1->-ARID1A,2,1,2.000000,2,7.791667e-01,
MGA->-ATRX,2,1,2.000000,2,2.473545e-01,
MGA->-BCOR,2,1,2.000000,2,2.473545e-01,
ROS1->-ATRX,2,1,2.000000,2,4.973545e-01,
FGFR4->-GRIN2A,2,1,2.000000,2,2.500000e-01,
FGFR4->-CD79A,2,1,2.000000,2,2.500000e-01,
KMT2A->-CD79A,2,1,2.000000,2,2.500000e-01,
PIK3R1->-EPHA7,2,1,2.000000,2,2.371795e-01,
NOTCH3->-PALB2,2,1,2.000000,2,2.500000e-01,
NOTCH4->-FLT4,2,1,2.000000,2,4.823413e-01,
NOTCH4->-EIF4A2,2,1,2.000000,2,2.170330e-01,
TMPRSS2->-TP53,2,1,2.000000,2,2.166667e-01,
FLT4-/-PBRM1 TP53->-FLT4 TP53->-PBRM1,3,3,2.000000,2,1.904762e-03,
TP53->-UPF1,2,1,2.000000,2,4.250000e-01,
ERBB4-/-FLT4 TP53->-ERBB4 TP53->-FLT4,3,3,2.000000,2,2.857143e-03,
KMT2C-/-MAP3K1,2,1,2.000000,2,7.659462e-01,
PIK3CA->-BTK,2,1,2.000000,2,5.000000e-01,
MGA->-RB1,2,1,2.000000,2,4.973545e-01,
TBX3->-GRIN2A,2,1,2.000000,2,2.500000e-01,
KMT2C->-GRIN2A,2,1,2.000000,2,2.090909e-01,
FOXL2-/-TP53,2,1,2.000000,2,1.481481e-01,
AKT1->-ERBB4,2,1,2.000000,2,1.500000e-01,
KDM6A->-TP53,2,1,2.000000,2,9.621678e-01,
MAP3K1->-DDR2,2,1,2.000000,2,1.675824e-01,
BRCA2->-TBX3,2,1,2.000000,2,7.338370e-01,
RB1->-SPEN,2,1,2.000000,2,3.083333e-01,
RB1->-CDH1,2,1,2.000000,2,9.399306e-01,
FGFR4->-PTPRD,2,1,2.000000,2,1.636364e-01,
FGFR4->-ERBB3,2,1,2.000000,2,1.636364e-01,
PIK3CA->-FAM175A,2,1,2.000000,2,3.666667e-01,
CREBBP->-NUP93,2,1,2.000000,2,4.285714e-01,
TBX3->-ARID1A,2,1,2.000000,2,7.520906e-01,
CDH1->-CIC,2,1,2.000000,2,2.261905e-01,
KRAS->-ALK,2,1,2.000000,2,2.500000e-01,
ALK->-ARID1A TP53->-ALK TP53->-ARID1A,3,3,2.000000,2,2.777778e-02,
STK11->-ARID1A,2,1,2.000000,2,5.000000e-01,
SF3B1->-ARID1A,2,1,2.000000,2,2.500000e-01,
NCOR1->-BCOR,2,1,2.000000,2,5.000000e-01,
BCOR->-RUNX1,2,1,2.000000,2,2.500000e-01,
FANCA->-PARP1 FANCA->-PIK3R1 PIK3R1->-PARP1,3,3,2.000000,2,2.469136e-02,
KMT2C->-TSC2 PTEN->-KMT2C PTEN->-TSC2,3,3,2.000000,2,1.795735e-02,
TSC2->-GRIN2A,2,1,2.000000,2,2.090909e-01,
GATA3->-FGFR2,2,1,2.000000,2,2.500000e-01,
NOTCH3->-ALK,2,1,2.000000,2,2.500000e-01,
PTEN->-MSH2,2,1,2.000000,2,2.500000e-01,
ROS1->-MAP3K1 TP53->-MAP3K1 TP53->-ROS1,3,3,2.000000,2,7.407407e-02,
TSC2->-MAP3K1,2,1,2.000000,2,5.918803e-01,
BRCA1->-MDC1,2,1,2.000000,2,5.000000e-01,
MDC1->-KMT2C PIK3CA->-KMT2C PIK3CA->-MDC1,3,3,2.000000,2,2.777778e-02,
GATA3->-KMT2D,2,1,2.000000,2,6.778493e-01,
PPP2R1A->-ARID1A,2,1,2.000000,2,3.719697e-01,
EGFR-/-PIK3CA,2,1,2.000000,2,1.333333e-01,
NF1->-ATR,2,1,2.000000,2,4.500000e-01,
ARID1A->-FLT4,2,1,2.000000,2,4.000000e-01,
KLF4->-ARID1A,2,1,2.000000,2,2.083333e-01,
SETD2->-BCOR,2,1,2.000000,2,2.473545e-01,
HIST1H3I->-HNF1A ROS1->-HIST1H3I ROS1->-HNF1A,3,3,2.000000,2,2.692986e-02,
HIST1H3I->-HNF1A PIK3CA->-HIST1H3I PIK3CA->-HNF1A,3,3,2.000000,2,2.692986e-02,
ATRX->-RB1,2,1,2.000000,2,6.290675e-01,
PTCH1->-KMT2D,2,1,2.000000,2,4.844869e-01,
KMT2D->-BCOR,2,1,2.000000,2,4.973545e-01,
PTPRT->-BCOR,2,1,2.000000,2,2.473545e-01,
KMT2D->-ARID1A TP53->-ARID1A TP53->-KMT2D,3,3,2.000000,2,7.266088e-02,
PIK3CA->-ATR PIK3CA->-PTCH1 PTCH1->-ATR,3,3,2.000000,2,2.692986e-02,
PIK3CA->-ARID2 PIK3CA->-PTCH1 PTCH1->-ARID2,3,3,2.000000,2,2.692986e-02,
PIK3CA->-GLI1 PIK3CA->-PTCH1 PTCH1->-GLI1,3,3,2.000000,2,2.692986e-02,
PIK3CA->-BCOR PIK3CA->-PTCH1 PTCH1->-BCOR,3,3,2.000000,2,2.692986e-02,
HIST1H3I->-GATA3 PIK3CA->-GATA3 PIK3CA->-HIST1H3I,3,3,2.000000,2,2.777778e-02,
LATS2->-GATA3,2,1,2.000000,2,2.500000e-01,
ERBB2->-PIK3CA KMT2C->-ERBB2 KMT2C->-PIK3CA,3,3,2.000000,2,1.402630e-01,
PIK3CA->-CSF1R,2,1,2.000000,2,4.154762e-01,
PIK3CA->-HIST1H3J,2,1,2.000000,2,1.545455e-01,
PIK3CA->-ALOX12B,2,1,2.000000,2,2.500000e-01,
AR->-KMT2A AR->-PIK3CA PIK3CA->-KMT2A,3,3,2.000000,2,2.777778e-02,
AR->-KMT2A AR->-PDGFRA AR->-PTPRS PDGFRA->-KMT2A PDGFRA->-PTPRS PTPRS->-KMT2A,4,6,2.000000,2,1.736111e-03,
CDH1->-ERBB2 CDH1->-PTPRS ERBB2->-PTPRS,3,3,2.000000,2,2.777778e-02,
ERBB2->-PDGFRA,2,1,2.000000,2,2.500000e-01,
KMT2C->-PDGFRA,2,1,2.000000,2,2.500000e-01,
IRS1->-PTCH1,2,1,2.000000,2,2.500000e-01,
CDH1->-ZFHX3,2,1,2.000000,2,9.156250e-01,
KMT2C->-GLI1,2,1,2.000000,2,4.670330e-01,
PIK3CA->-AXIN1,2,1,2.000000,2,2.000000e-01,
PALB2->-PIK3CA,2,1,2.000000,2,8.577303e-01,
STAG2->-MAP3K1,2,1,2.000000,2,5.000000e-01,
FAT1->-PTEN,2,1,2.000000,2,8.449362e-01,
NOTCH2->-GATA3,2,1,2.000000,2,1.904762e-01,
RB1->-PTPRD TP53->-PTPRD TP53->-RB1,3,3,2.000000,2,1.111111e-02,
CBFB->-SF3B1,2,1,2.000000,2,2.500000e-01,
MDC1->-RAD54L PIK3CA->-MDC1 PIK3CA->-RAD54L,3,3,2.000000,2,2.777778e-02,
PIK3CB->-FAT1,2,1,2.000000,2,3.958333e-01,
PIK3CB->-RAD54L,2,1,2.000000,2,4.333333e-01,
DNMT3A->-NSD1 TP53->-DNMT3A TP53->-NSD1,3,3,2.000000,2,2.777778e-02,
SF3B1->-PTEN,2,1,2.000000,2,9.674479e-01,
CDH1->-MGA CDH1->-PIK3CA MGA->-PIK3CA,3,3,2.000000,2,2.777778e-02,
PTEN->-INPPL1,2,1,2.000000,2,5.000000e-01,
KMT2B->-KMT2A,2,1,2.000000,2,2.500000e-01,
KMT2D->-FOXP1,2,1,2.000000,2,5.000000e-01,
EGFR-/-KMT2C,2,1,2.000000,2,1.777778e-01,
ARID1A->-ALK,2,1,2.000000,2,6.875000e-01,
PTPRS->-GATA3,2,1,2.000000,2,6.159091e-01,
ERBB4-/-NF2 TP53->-ERBB4 TP53->-NF2,3,3,2.000000,2,4.972805e-03,
AKT1->-SPEN,2,1,2.000000,2,3.154762e-01,
MAP3K1->-RUNX1,2,1,2.000000,2,7.791667e-01,
LATS1->-TP53,2,1,2.000000,2,7.875000e-01,
RET->-PIK3CA,2,1,2.000000,2,3.958333e-01,
TP53->-EED,2,1,2.000000,2,1.519231e-01,
JAK1->-PDGFRB,2,1,2.000000,2,1.860283e-01,
MDC1->-APC NOTCH4->-APC NOTCH4->-MDC1,3,3,2.000000,2,2.182540e-02,
TP53->-PARK2,2,1,2.000000,2,1.166667e-01,
KMT2C->-E2F3,2,1,2.000000,2,1.083571e-01,
RB1->-HIST1H3G,2,1,2.000000,2,2.500000e-01,
CDKN1B->-ESR1 CDKN1B->-PIK3CA ESR1->-PIK3CA,3,3,2.000000,2,2.777778e-02,
TP53->-EGFL7,2,1,2.000000,2,1.666667e-01,
KMT2B->-PTPRS,2,1,2.000000,2,2.500000e-01,
KMT2B->-PIK3CA,2,1,2.000000,2,5.000000e-01,
PIK3R1->-MAP3K1,2,1,2.000000,2,6.741453e-01,
CDH1->-PIK3CA CDH1->-XPO1 PIK3CA->-XPO1,3,3,2.000000,2,2.777778e-02,
ARID1A->-XPO1,2,1,2.000000,2,2.500000e-01,
NFE2L2-/-PDGFRB,2,1,2.000000,2,1.017501e-02,
FANCA->-MED12,2,1,2.000000,2,2.321937e-01,
LATS1->-PIK3CA,2,1,2.000000,2,6.875000e-01,
ARID1B->-MAP3K1,2,1,2.000000,2,6.741453e-01,
ERBB3->-ARID2,2,1,2.000000,2,4.175824e-01,
TNFAIP3->-NF1,2,1,2.000000,2,1.428571e-01,
