pattern,n_nodes,n_edges,s_exp,s_theta,pval_exp,pval_theta
CDH1->-PIK3CA,2,1,100.000000,100,1.790981e-11,
TP53->-PIK3CA,2,1,84.000000,84,2.721272e-02,
PIK3CA->-TP53,2,1,70.000000,70,6.350567e-01,
MAP3K1->-PIK3CA,2,1,47.000000,47,5.185189e-02,
PIK3CA->-GATA3,2,1,41.000000,41,2.912262e-01,
TP53->-PTEN,2,1,38.000000,38,3.145159e-05,
GATA3->-PIK3CA,2,1,36.000000,36,7.160679e-01,
PIK3CA->-KMT2C,2,1,34.000000,34,2.400628e-02,
PIK3CA->-MAP3K1,2,1,33.000000,33,9.304118e-01,
CBFB->-PIK3CA,2,1,33.000000,33,3.575139e-06,
TP53->-KMT2C,2,1,29.000000,29,5.857234e-05,
PIK3CA->-KMT2C TP53->-KMT2C TP53->-PIK3CA,3,3,5.000000,5,4.343931e-02,
PIK3CA->-KMT2C PIK3CA->-TP53 TP53->-KMT2C,3,3,3.000000,3,3.436538e-01,
PIK3CA->-ESR1,2,1,29.000000,29,1.393229e-02,
PIK3CA->-CDH1,2,1,28.000000,28,1.000000e+00,
PIK3CA->-FOXA1,2,1,27.000000,27,4.955227e-03,
TP53->-NF1,2,1,27.000000,27,3.720212e-03,
CDH1->-TP53,2,1,25.000000,25,1.392504e-01,
CDH1->-PIK3CA CDH1->-TP53 TP53->-PIK3CA,3,3,2.000000,2,6.333623e-01,
CDH1->-PIK3CA CDH1->-TP53 PIK3CA->-TP53,3,3,4.000000,4,1.383980e-01,
TP53->-KMT2D,2,1,24.000000,24,2.457551e-06,
TP53->-MAP3K1,2,1,23.000000,23,6.642984e-04,
MAP3K1->-PIK3CA TP53->-MAP3K1 TP53->-PIK3CA,3,3,2.000000,2,4.485951e-01,
PIK3CA->-MAP3K1 TP53->-MAP3K1 TP53->-PIK3CA,3,3,2.000000,2,4.485951e-01,
PIK3CA->-MAP3K1 PIK3CA->-TP53 TP53->-MAP3K1,3,3,2.000000,2,4.485951e-01,
CDH1->-KMT2C,2,1,23.000000,23,2.822005e-04,
CDH1->-KMT2C CDH1->-PIK3CA PIK3CA->-KMT2C,3,3,7.000000,7,2.143024e-03,
CDH1->-KMT2C CDH1->-TP53 TP53->-KMT2C,3,3,2.000000,2,3.238761e-01,
PIK3CA->-ARID1A,2,1,21.000000,21,1.582193e-01,
TP53->-RB1,2,1,21.000000,21,5.441164e-03,
CBFB->-GATA3,2,1,21.000000,21,2.837210e-04,
CBFB->-GATA3 CBFB->-PIK3CA PIK3CA->-GATA3,3,3,5.000000,5,6.860389e-02,
CBFB->-GATA3 CBFB->-PIK3CA GATA3->-PIK3CA,3,3,6.000000,6,1.908978e-02,
PIK3CA->-FAT1,2,1,20.000000,20,2.327094e-04,
CDH1->-FOXA1,2,1,19.000000,19,8.436740e-04,
CDH1->-FOXA1 CDH1->-PIK3CA PIK3CA->-FOXA1,3,3,8.000000,8,3.071442e-04,
CDH1->-MAP3K1,2,1,19.000000,19,1.039417e-03,
CDH1->-MAP3K1 CDH1->-PIK3CA MAP3K1->-PIK3CA,3,3,4.000000,4,2.153188e-01,
CDH1->-MAP3K1 CDH1->-PIK3CA PIK3CA->-MAP3K1,3,3,8.000000,8,1.013056e-03,
CDH1->-MAP3K1 CDH1->-TP53 TP53->-MAP3K1,3,3,3.000000,3,1.620370e-02,
PIK3CA->-SF3B1,2,1,19.000000,19,1.398722e-05,
CDH1->-ERBB2,2,1,19.000000,19,7.413762e-02,
KMT2C->-PIK3CA,2,1,19.000000,19,9.816891e-01,
KMT2C->-PIK3CA TP53->-KMT2C TP53->-PIK3CA,3,3,2.000000,2,6.367689e-01,
CDH1->-KMT2C CDH1->-PIK3CA KMT2C->-PIK3CA,3,3,4.000000,4,1.466906e-01,
AKT1->-TP53,2,1,19.000000,19,4.491549e-05,
TP53->-NCOR1,2,1,19.000000,19,1.170381e-02,
TP53->-CDH1,2,1,19.000000,19,7.654259e-01,
CDH1->-PIK3CA TP53->-CDH1 TP53->-PIK3CA,3,3,5.000000,5,4.288525e-02,
CDH1->-KMT2C TP53->-CDH1 TP53->-KMT2C,3,3,2.000000,2,3.238761e-01,
TP53->-ARID1A,2,1,18.000000,18,3.575382e-04,
PIK3CA->-ARID1A TP53->-ARID1A TP53->-PIK3CA,3,3,2.000000,2,3.129591e-01,
PIK3CA->-ARID1A PIK3CA->-TP53 TP53->-ARID1A,3,3,3.000000,3,8.810060e-02,
CDH1->-TBX3,2,1,18.000000,18,3.452288e-02,
TP53->-FAT1,2,1,18.000000,18,1.153994e-04,
PIK3CA->-FAT1 TP53->-FAT1 TP53->-PIK3CA,3,3,4.000000,4,4.258341e-02,
PIK3CA->-FAT1 PIK3CA->-TP53 TP53->-FAT1,3,3,3.000000,3,1.645093e-01,
TP53->-GATA3,2,1,18.000000,18,8.520276e-03,
PIK3CA->-GATA3 TP53->-GATA3 TP53->-PIK3CA,3,3,3.000000,3,1.168195e-01,
PIK3CA->-GATA3 PIK3CA->-TP53 TP53->-GATA3,3,3,4.000000,4,2.600251e-02,
PIK3CA->-RUNX1,2,1,18.000000,18,3.680920e-02,
PIK3CA->-NCOR1,2,1,18.000000,18,3.521819e-01,
PIK3CA->-NCOR1 TP53->-NCOR1 TP53->-PIK3CA,3,3,2.000000,2,4.111615e-01,
ESR1->-PIK3CA,2,1,17.000000,17,9.191340e-01,
TBX3->-PIK3CA,2,1,17.000000,17,2.950401e-01,
CDH1->-PIK3CA CDH1->-TBX3 TBX3->-PIK3CA,3,3,5.000000,5,5.432574e-02,
MAP2K4->-PIK3CA,2,1,17.000000,17,8.753179e-02,
CDH1->-ARID1A,2,1,16.000000,16,9.295348e-03,
CDH1->-ARID1A CDH1->-PIK3CA PIK3CA->-ARID1A,3,3,4.000000,4,1.857174e-01,
CDH1->-ARID1A PIK3CA->-ARID1A PIK3CA->-CDH1,3,3,2.000000,2,6.931184e-01,
CDH1->-ARID1A CDH1->-TP53 TP53->-ARID1A,3,3,2.000000,2,1.026001e-01,
NCOR1->-PIK3CA,2,1,16.000000,16,6.215765e-01,
NCOR1->-PIK3CA TP53->-NCOR1 TP53->-PIK3CA,3,3,3.000000,3,1.466281e-01,
ARID1A->-PIK3CA,2,1,15.000000,15,8.385247e-01,
ARID1A->-PIK3CA CDH1->-ARID1A CDH1->-PIK3CA,3,3,6.000000,6,1.801816e-02,
CDH1->-RUNX1,2,1,15.000000,15,8.307219e-02,
CDH1->-PIK3CA CDH1->-RUNX1 PIK3CA->-RUNX1,3,3,4.000000,4,8.690127e-02,
CDH1->-RUNX1 PIK3CA->-CDH1 PIK3CA->-RUNX1,3,3,2.000000,2,5.500275e-01,
TP53->-ARID2,2,1,15.000000,15,4.294349e-06,
PIK3CA->-TBX3,2,1,15.000000,15,5.691167e-01,
CDH1->-PIK3CA CDH1->-TBX3 PIK3CA->-TBX3,3,3,3.000000,3,3.774354e-01,
TP53->-PIK3R1,2,1,15.000000,15,7.682111e-03,
TP53->-PTPRD,2,1,15.000000,15,4.832924e-06,
CDH1->-NCOR1,2,1,15.000000,15,1.918836e-02,
CDH1->-NCOR1 TP53->-CDH1 TP53->-NCOR1,3,3,2.000000,2,3.694350e-01,
CDH1->-NCOR1 CDH1->-PIK3CA PIK3CA->-NCOR1,3,3,3.000000,3,2.156366e-01,
CDH1->-NCOR1 CDH1->-PIK3CA NCOR1->-PIK3CA,3,3,4.000000,4,6.546410e-02,
PIK3CA->-KMT2D,2,1,14.000000,14,2.388182e-02,
PIK3CA->-KMT2D TP53->-KMT2D TP53->-PIK3CA,3,3,3.000000,3,1.982221e-01,
PIK3CA->-KMT2D PIK3CA->-TP53 TP53->-KMT2D,3,3,5.000000,5,1.234692e-02,
TP53->-RUNX1,2,1,14.000000,14,2.228541e-02,
PIK3CA->-RUNX1 PIK3CA->-TP53 TP53->-RUNX1,3,3,2.000000,2,1.962449e-01,
CDH1->-RUNX1 CDH1->-TP53 TP53->-RUNX1,3,3,2.000000,2,7.407407e-02,
TP53->-ATR,2,1,14.000000,14,1.416873e-03,
TP53->-NSD1,2,1,13.000000,13,1.310941e-04,
PIK3CA->-ATR,2,1,13.000000,13,6.967923e-03,
PIK3CA->-ATR PIK3CA->-TP53 TP53->-ATR,3,3,3.000000,3,6.706300e-02,
TP53->-CREBBP,2,1,13.000000,13,2.545383e-03,
TP53->-BRCA2,2,1,13.000000,13,2.505836e-03,
CDH1->-ESR1,2,1,13.000000,13,6.984314e-02,
CDH1->-ESR1 CDH1->-PIK3CA PIK3CA->-ESR1,3,3,4.000000,4,6.022805e-03,
PTEN->-PIK3CA,2,1,13.000000,13,4.338756e-01,
PTEN->-PIK3CA TP53->-PIK3CA TP53->-PTEN,3,3,2.000000,2,4.762554e-01,
TP53->-STAG2,2,1,13.000000,13,3.255645e-03,
TP53->-KMT2A,2,1,13.000000,13,3.848380e-04,
PIK3CA->-PTEN,2,1,13.000000,13,4.338756e-01,
PIK3CA->-PTEN TP53->-PIK3CA TP53->-PTEN,3,3,2.000000,2,4.762554e-01,
PIK3CA->-PTEN PIK3CA->-TP53 TP53->-PTEN,3,3,6.000000,6,1.573083e-03,
PIK3CA->-RICTOR,2,1,12.000000,12,4.182711e-04,
MEN1->-GATA3,2,1,12.000000,12,2.441406e-04,
TP53->-FOXA1,2,1,12.000000,12,2.078988e-02,
PIK3CA->-FOXA1 TP53->-FOXA1 TP53->-PIK3CA,3,3,3.000000,3,1.231255e-01,
PIK3CA->-FOXA1 PIK3CA->-TP53 TP53->-FOXA1,3,3,2.000000,2,3.757874e-01,
CDH1->-FOXA1 CDH1->-TP53 TP53->-FOXA1,3,3,2.000000,2,1.813542e-01,
CDH1->-FOXA1 TP53->-CDH1 TP53->-FOXA1,3,3,2.000000,2,1.813542e-01,
PIK3CA->-SPEN,2,1,12.000000,12,6.462009e-02,
FOXA1->-PIK3CA,2,1,12.000000,12,9.894748e-01,
CDH1->-FOXA1 CDH1->-PIK3CA FOXA1->-PIK3CA,3,3,3.000000,3,3.620529e-01,
NF1->-TP53,2,1,12.000000,12,9.865073e-01,
NF1->-PIK3CA,2,1,12.000000,12,3.296756e-01,
NF1->-PIK3CA TP53->-NF1 TP53->-PIK3CA,3,3,3.000000,3,2.913404e-01,
NF1->-PIK3CA NF1->-TP53 TP53->-PIK3CA,3,3,4.000000,4,1.072208e-01,
TP53->-FLT4,2,1,12.000000,12,1.901593e-04,
TP53->-APC,2,1,12.000000,12,5.159518e-04,
PIK3CA->-RB1,2,1,11.000000,11,2.391231e-01,
PIK3CA->-RB1 TP53->-PIK3CA TP53->-RB1,3,3,2.000000,2,3.933353e-01,
PIK3CA->-RB1 PIK3CA->-TP53 TP53->-RB1,3,3,4.000000,4,3.025886e-02,
TP53->-CDKN2A,2,1,11.000000,11,2.050804e-02,
TP53->-PTPRS,2,1,11.000000,11,4.402190e-05,
TP53->-ERBB3,2,1,11.000000,11,1.123319e-04,
PTEN->-TP53,2,1,11.000000,11,9.999505e-01,
TP53->-ATM,2,1,11.000000,11,2.004540e-03,
TP53->-ESR1,2,1,11.000000,11,9.177246e-03,
PIK3CA->-ESR1 TP53->-ESR1 TP53->-PIK3CA,3,3,2.000000,2,1.054304e-01,
PIK3CA->-NOTCH4,2,1,11.000000,11,9.826408e-03,
TP53->-NOTCH4,2,1,11.000000,11,3.690067e-05,
PIK3CA->-NOTCH4 PIK3CA->-TP53 TP53->-NOTCH4,3,3,4.000000,4,1.642290e-03,
MAP3K1->-GATA3,2,1,11.000000,11,5.845835e-01,
GATA3->-PIK3CA MAP3K1->-GATA3 MAP3K1->-PIK3CA,3,3,5.000000,5,9.921590e-02,
MAP3K1->-GATA3 PIK3CA->-GATA3 PIK3CA->-MAP3K1,3,3,2.000000,2,7.533592e-01,
GATA3->-ARID1A,2,1,11.000000,11,3.587913e-01,
GATA3->-ARID1A PIK3CA->-ARID1A PIK3CA->-GATA3,3,3,3.000000,3,1.153112e-01,
GATA3->-ARID1A GATA3->-PIK3CA PIK3CA->-ARID1A,3,3,3.000000,3,1.153112e-01,
GATA3->-MAP3K1,2,1,11.000000,11,5.845835e-01,
GATA3->-MAP3K1 GATA3->-PIK3CA MAP3K1->-PIK3CA,3,3,3.000000,3,4.859487e-01,
GATA3->-MAP3K1 GATA3->-PIK3CA PIK3CA->-MAP3K1,3,3,4.000000,4,2.472696e-01,
TP53->-TBX3,2,1,11.000000,11,1.419073e-01,
PIK3CA->-ATM,2,1,11.000000,11,2.676080e-01,
PIK3CA->-ATM PIK3CA->-TP53 TP53->-ATM,3,3,3.000000,3,6.416109e-02,
TP53->-ALK,2,1,11.000000,11,1.221065e-03,
CDH1->-CBFB,2,1,11.000000,11,2.746908e-01,
CBFB->-PIK3CA CDH1->-CBFB CDH1->-PIK3CA,3,3,5.000000,5,6.779427e-03,
TP53->-FBXW7,2,1,11.000000,11,4.296716e-03,
TP53->-SETD2,2,1,11.000000,11,6.408658e-05,
TP53->-EPHA5,2,1,11.000000,11,3.156433e-03,
PIK3CA->-PTPRT,2,1,11.000000,11,2.196040e-02,
CDH1->-PTEN,2,1,10.000000,10,3.142374e-01,
TP53->-ATRX,2,1,10.000000,10,1.693061e-03,
PIK3CA->-MAP2K4,2,1,10.000000,10,9.130622e-01,
TP53->-CARD11,2,1,10.000000,10,8.472570e-03,
TP53->-NOTCH2,2,1,10.000000,10,1.888021e-03,
PIK3CA->-CREBBP,2,1,10.000000,10,9.244760e-02,
PIK3CA->-CREBBP TP53->-CREBBP TP53->-PIK3CA,3,3,3.000000,3,2.382092e-02,
TP53->-EP300,2,1,10.000000,10,1.629505e-02,
TP53->-MAP2K4,2,1,10.000000,10,2.319485e-01,
ESR1->-GATA3,2,1,10.000000,10,3.430046e-01,
ESR1->-GATA3 PIK3CA->-ESR1 PIK3CA->-GATA3,3,3,3.000000,3,1.457001e-01,
CDH1->-GATA3,2,1,10.000000,10,1.444117e-02,
CDH1->-GATA3 CDH1->-PIK3CA PIK3CA->-GATA3,3,3,4.000000,4,1.959593e-02,
CDH1->-GATA3 PIK3CA->-CDH1 PIK3CA->-GATA3,3,3,2.000000,2,3.353339e-01,
CDH1->-ESR1 CDH1->-GATA3 ESR1->-GATA3,3,3,3.000000,3,4.629630e-03,
CDH1->-ESR1 CDH1->-GATA3 CDH1->-PIK3CA ESR1->-GATA3 PIK3CA->-ESR1 PIK3CA->-GATA3,4,6,2.000000,2,1.736111e-03,
TP53->-MED12,2,1,10.000000,10,1.749902e-02,
ERBB2->-CDH1,2,1,10.000000,10,9.694610e-01,
TP53->-ARID1B,2,1,10.000000,10,3.323713e-02,
ERBB2->-PIK3CA,2,1,10.000000,10,3.337293e-01,
CDH1->-ERBB2 CDH1->-PIK3CA ERBB2->-PIK3CA,3,3,5.000000,5,1.954538e-02,
TP53->-ARID5B,2,1,10.000000,10,1.966122e-04,
TP53->-BARD1,2,1,10.000000,10,1.583316e-04,
PIK3CA->-KMT2A,2,1,10.000000,10,6.561582e-02,
PIK3CA->-KMT2A TP53->-KMT2A TP53->-PIK3CA,3,3,3.000000,3,2.391975e-02,
PIK3CA->-NF1,2,1,9.000000,9,8.013804e-01,
PIK3CA->-NF1 TP53->-NF1 TP53->-PIK3CA,3,3,2.000000,2,5.862156e-01,
PIK3CA->-NF1 PIK3CA->-TP53 TP53->-NF1,3,3,2.000000,2,5.862156e-01,
KMT2C->-GATA3,2,1,9.000000,9,2.692207e-01,
KMT2C->-GATA3 KMT2C->-PIK3CA PIK3CA->-GATA3,3,3,2.000000,2,3.222256e-01,
KMT2C->-MAP3K1,2,1,9.000000,9,5.091834e-01,
KMT2C->-MAP3K1 PIK3CA->-KMT2C PIK3CA->-MAP3K1,3,3,4.000000,4,1.534580e-01,
KMT2C->-MAP3K1 KMT2C->-PIK3CA MAP3K1->-PIK3CA,3,3,2.000000,2,6.541358e-01,
MAP3K1->-KMT2C,2,1,9.000000,9,5.091834e-01,
MAP3K1->-KMT2C MAP3K1->-PIK3CA PIK3CA->-KMT2C,3,3,3.000000,3,3.631583e-01,
MAP3K1->-KMT2C PIK3CA->-KMT2C PIK3CA->-MAP3K1,3,3,2.000000,2,6.541358e-01,
MAP3K1->-KMT2C TP53->-KMT2C TP53->-MAP3K1,3,3,2.000000,2,7.042649e-02,
KMT2C->-PIK3CA MAP3K1->-KMT2C MAP3K1->-PIK3CA,3,3,2.000000,2,6.541358e-01,
TP53->-EPHB1,2,1,9.000000,9,1.688357e-03,
ARID1A->-GATA3,2,1,9.000000,9,7.030000e-01,
ARID1A->-GATA3 ARID1A->-PIK3CA PIK3CA->-GATA3,3,3,2.000000,2,3.627636e-01,
AKT1->-CDH1,2,1,9.000000,9,4.345398e-01,
AKT1->-CDH1 AKT1->-TP53 CDH1->-TP53,3,3,2.000000,2,1.480195e-01,
TP53->-ROS1,2,1,9.000000,9,2.624333e-02,
TP53->-TSC2,2,1,9.000000,9,8.848509e-03,
CDH1->-MAP2K4,2,1,9.000000,9,4.112911e-02,
CDH1->-MAP2K4 CDH1->-PIK3CA MAP2K4->-PIK3CA,3,3,2.000000,2,2.632245e-01,
CDH1->-MAP2K4 PIK3CA->-CDH1 PIK3CA->-MAP2K4,3,3,2.000000,2,2.632245e-01,
CDH1->-MAP2K4 CDH1->-TP53 TP53->-MAP2K4,3,3,2.000000,2,6.057353e-02,
CDH1->-CDK12 CDH1->-TP53 TP53->-CDK12,3,3,2.000000,2,8.004386e-03,
TP53->-RICTOR,2,1,9.000000,9,1.280465e-04,
PIK3CA->-RICTOR TP53->-PIK3CA TP53->-RICTOR,3,3,2.000000,2,8.076223e-02,
RFWD2->-ATR,2,1,2.000000,2,4.396552e-01,
PIK3CA->-RICTOR PIK3CA->-TP53 TP53->-RICTOR,3,3,2.000000,2,8.076223e-02,
BRCA1-/-RICTOR PIK3CA->-BRCA1 PIK3CA->-RICTOR,3,3,2.000000,2,5.291005e-03,
PTEN->-NF1,2,1,9.000000,9,2.711890e-02,
PTEN->-NF1 TP53->-NF1 TP53->-PTEN,3,3,5.000000,5,6.490009e-03,
PTEN->-NF1 PTEN->-TP53 TP53->-NF1,3,3,3.000000,3,1.531164e-01,
PTEN->-KMT2C,2,1,9.000000,9,6.596646e-03,
PTEN->-KMT2C TP53->-KMT2C TP53->-PTEN,3,3,3.000000,3,1.620370e-02,
AKT1->-GATA3,2,1,9.000000,9,1.400670e-02,
TBX3->-CDH1,2,1,9.000000,9,9.546362e-01,
CDH1->-PIK3CA TBX3->-CDH1 TBX3->-PIK3CA,3,3,4.000000,4,1.632641e-01,
TP53->-ZFHX3,2,1,9.000000,9,2.935249e-02,
PIK3CA->-PTPRD,2,1,9.000000,9,3.201163e-04,
PIK3CA->-PTPRD TP53->-PIK3CA TP53->-PTPRD,3,3,2.000000,2,2.738754e-02,
PIK3CA->-FLT4,2,1,9.000000,9,6.449194e-02,
PIK3CA->-FLT4 PIK3CA->-TP53 TP53->-FLT4,3,3,2.000000,2,1.312458e-01,
TP53->-ERCC5,2,1,9.000000,9,6.751543e-04,
TP53->-SF3B1,2,1,9.000000,9,1.128472e-03,
PIK3CA->-SF3B1 TP53->-PIK3CA TP53->-SF3B1,3,3,2.000000,2,2.632245e-01,
PIK3CA->-SF3B1 PIK3CA->-TP53 TP53->-SF3B1,3,3,4.000000,4,8.701989e-03,
PIK3CA->-POLE,2,1,9.000000,9,3.765555e-03,
TP53->-PTPRT,2,1,9.000000,9,2.081925e-02,
PIK3CA->-PTPRT TP53->-PIK3CA TP53->-PTPRT,3,3,2.000000,2,2.951429e-01,
RB1->-PTPRT TP53->-PTPRT TP53->-RB1,3,3,2.000000,2,7.266088e-02,
PIK3CA->-PTPRT PIK3CA->-TP53 TP53->-PTPRT,3,3,4.000000,4,1.425225e-02,
TP53->-POLE,2,1,9.000000,9,4.430677e-04,
PIK3CA->-POLE PIK3CA->-TP53 TP53->-POLE,3,3,5.000000,5,2.468033e-04,
CDH1->-PTPRD,2,1,9.000000,9,5.567529e-04,
CDH1->-PTPRD CDH1->-TP53 TP53->-PTPRD,3,3,3.000000,3,3.405022e-02,
CDH1->-PTPRD TP53->-CDH1 TP53->-PTPRD,3,3,3.000000,3,3.405022e-02,
CDH1->-PIK3CA CDH1->-PTPRD PIK3CA->-PTPRD,3,3,2.000000,2,1.105796e-01,
CDH1->-PTPRD PIK3CA->-CDH1 PIK3CA->-PTPRD,3,3,2.000000,2,1.105796e-01,
TP53->-TET2,2,1,9.000000,9,8.370536e-04,
TP53->-SPEN,2,1,9.000000,9,6.678241e-02,
PIK3CA->-SPEN PIK3CA->-TP53 TP53->-SPEN,3,3,3.000000,3,1.438272e-02,
ATM->-PIK3CA,2,1,8.000000,8,7.701224e-01,
PIK3CA->-ERBB2,2,1,8.000000,8,6.967586e-01,
CDH1->-ERBB2 CDH1->-PIK3CA PIK3CA->-ERBB2,3,3,4.000000,4,8.116578e-02,
PIK3CA->-ZFHX3,2,1,8.000000,8,3.134662e-01,
PIK3CA->-ARID2,2,1,8.000000,8,1.404219e-01,
PIK3CA->-ARID2 PIK3CA->-TP53 TP53->-ARID2,3,3,4.000000,4,5.374436e-03,
MEN1->-PIK3CA,2,1,8.000000,8,1.014609e-01,
CDH1->-AKT1,2,1,8.000000,8,6.260715e-01,
TP53->-ANKRD11,2,1,8.000000,8,9.183414e-03,
CDH1->-BRCA2,2,1,8.000000,8,1.119017e-01,
CDH1->-BRCA2 TP53->-BRCA2 TP53->-CDH1,3,3,2.000000,2,4.513889e-02,
PTEN->-CDH1,2,1,8.000000,8,6.781104e-01,
CDH1->-TP53 PTEN->-CDH1 PTEN->-TP53,3,3,2.000000,2,6.335283e-02,
PIK3CA->-PTPRS,2,1,8.000000,8,1.195436e-01,
PIK3CA->-PTPRS PIK3CA->-TP53 TP53->-PTPRS,3,3,3.000000,3,1.052252e-02,
PIK3CA->-DICER1,2,1,8.000000,8,6.399697e-03,
PIK3CA->-PTCH1,2,1,8.000000,8,1.033646e-02,
NCOR1->-TP53,2,1,8.000000,8,9.797660e-01,
NCOR1->-TP53 PIK3CA->-NCOR1 PIK3CA->-TP53,3,3,2.000000,2,4.111615e-01,
CDH1->-NCOR1 CDH1->-TP53 NCOR1->-TP53,3,3,2.000000,2,3.694350e-01,
PTEN->-MAP3K1,2,1,8.000000,8,7.544741e-02,
PTEN->-MAP3K1 TP53->-MAP3K1 TP53->-PTEN,3,3,2.000000,2,1.319444e-01,
MAP3K1->-PIK3CA PTEN->-MAP3K1 PTEN->-PIK3CA,3,3,2.000000,2,2.349715e-02,
CDH1->-MAP3K1 CDH1->-NF1 NF1->-MAP3K1 PTEN->-CDH1 PTEN->-MAP3K1 PTEN->-NF1,4,6,2.000000,2,1.478909e-03,
RUNX1->-PIK3CA,2,1,8.000000,8,9.832268e-01,
CDH1->-CREBBP,2,1,8.000000,8,7.893345e-02,
CDH1->-CREBBP CDH1->-PIK3CA PIK3CA->-CREBBP,3,3,4.000000,4,1.784444e-02,
KMT2C->-TP53,2,1,8.000000,8,9.994624e-01,
RB1->-TP53,2,1,8.000000,8,9.915778e-01,
CTCF->-PIK3CA,2,1,8.000000,8,7.120294e-02,
PIK3CA->-MED12,2,1,8.000000,8,1.323342e-01,
PIK3CA->-MED12 TP53->-MED12 TP53->-PIK3CA,3,3,2.000000,2,1.363364e-01,
PIK3CA->-MED12 PIK3CA->-TP53 TP53->-MED12,3,3,2.000000,2,1.363364e-01,
TP53->-BAP1,2,1,8.000000,8,1.091383e-02,
RUNX1->-CDH1,2,1,8.000000,8,9.405748e-01,
CDH1->-PIK3CA RUNX1->-CDH1 RUNX1->-PIK3CA,3,3,2.000000,2,5.500275e-01,
PIK3CA->-CDH1 RUNX1->-CDH1 RUNX1->-PIK3CA,3,3,2.000000,2,5.500275e-01,
CBFB->-MAP3K1,2,1,8.000000,8,5.468750e-02,
CBFB->-MAP3K1 CBFB->-PIK3CA MAP3K1->-PIK3CA,3,3,6.000000,6,4.411723e-04,
CBFB->-GATA3 CBFB->-MAP3K1 MAP3K1->-GATA3,3,3,2.000000,2,1.319444e-01,
CDH1->-NF1,2,1,8.000000,8,2.399414e-01,
CDH1->-NF1 CDH1->-PIK3CA PIK3CA->-NF1,3,3,3.000000,3,1.338484e-01,
TP53->-BRCA1,2,1,8.000000,8,1.967593e-02,
CDH1->-APC,2,1,8.000000,8,3.628027e-03,
TP53->-NOTCH1,2,1,8.000000,8,4.933301e-03,
PIK3CA->-CARD11,2,1,7.000000,7,5.668541e-03,
PIK3CA->-CARD11 TP53->-CARD11 TP53->-PIK3CA,3,3,2.000000,2,1.301779e-01,
APC->-CARD11 APC->-MGA MGA->-CARD11 PIK3CA->-APC PIK3CA->-CARD11 PIK3CA->-MGA PIK3CA->-TP53 TP53->-APC TP53->-CARD11 TP53->-MGA,5,10,2.000000,2,4.193047e-04,
APC->-ATR APC->-MGA MGA->-ATR PIK3CA->-APC PIK3CA->-ATR PIK3CA->-MGA PIK3CA->-TP53 TP53->-APC TP53->-ATR TP53->-MGA,5,10,2.000000,2,3.838720e-04,
APC->-ARID2 APC->-MGA MGA->-ARID2 PIK3CA->-APC PIK3CA->-ARID2 PIK3CA->-MGA PIK3CA->-TP53 TP53->-APC TP53->-ARID2 TP53->-MGA,5,10,2.000000,2,4.105298e-04,
APC->-KMT2D APC->-MGA MGA->-KMT2D PIK3CA->-APC PIK3CA->-KMT2D PIK3CA->-MGA PIK3CA->-TP53 TP53->-APC TP53->-KMT2D TP53->-MGA,5,10,2.000000,2,3.998667e-04,
TP53->-DNMT1,2,1,7.000000,7,1.880787e-03,
CDH1->-KMT2D,2,1,7.000000,7,2.688802e-02,
CDH1->-KMT2D CDH1->-PIK3CA PIK3CA->-KMT2D,3,3,2.000000,2,2.820378e-01,
CDH1->-KMT2D PIK3CA->-CDH1 PIK3CA->-KMT2D,3,3,2.000000,2,2.820378e-01,
FOXA1->-MAP3K1,2,1,7.000000,7,2.601231e-01,
FOXA1->-MAP3K1 PIK3CA->-FOXA1 PIK3CA->-MAP3K1,3,3,3.000000,3,1.322475e-01,
CDH1->-FOXA1 CDH1->-MAP3K1 CDH1->-PIK3CA FOXA1->-MAP3K1 PIK3CA->-FOXA1 PIK3CA->-MAP3K1,4,6,2.000000,2,5.063657e-03,
FOXA1->-MAP3K1 TP53->-FOXA1 TP53->-MAP3K1,3,3,3.000000,3,1.686132e-02,
FOXA1->-MAP3K1 FOXA1->-PIK3CA PIK3CA->-MAP3K1,3,3,2.000000,2,3.888789e-01,
CDH1->-EPHB1,2,1,7.000000,7,5.200501e-03,
CDH1->-EPHB1 CDH1->-TP53 TP53->-EPHB1,3,3,3.000000,3,3.557505e-03,
PIK3CA->-ANKRD11,2,1,7.000000,7,6.907855e-02,
PIK3CA->-ANKRD11 TP53->-ANKRD11 TP53->-PIK3CA,3,3,3.000000,3,8.161642e-03,
PIK3CA->-BRCA2,2,1,7.000000,7,1.540377e-01,
CDH1->-BRCA2 CDH1->-PIK3CA CDH1->-TBX3 PIK3CA->-BRCA2 TBX3->-BRCA2 TBX3->-PIK3CA,4,6,2.000000,2,8.602509e-04,
PIK3CA->-DNMT3A,2,1,7.000000,7,2.552836e-02,
CDH1->-PTPRS,2,1,7.000000,7,6.339500e-03,
CDH1->-PTPRS CDH1->-TP53 TP53->-PTPRS,3,3,2.000000,2,2.134503e-02,
TP53->-MDC1,2,1,7.000000,7,5.742187e-02,
MAP3K1->-ERBB3,2,1,7.000000,7,5.236951e-03,
PIK3CA->-ROS1,2,1,7.000000,7,8.324364e-02,
TP53->-MTOR,2,1,7.000000,7,1.185950e-02,
GATA3->-SPEN,2,1,7.000000,7,3.014205e-01,
MAP3K1->-ARID1A,2,1,7.000000,7,1.170158e-01,
MAP3K1->-ARID1A MAP3K1->-PIK3CA PIK3CA->-ARID1A,3,3,4.000000,4,2.172580e-02,
GATA3->-ARID1A MAP3K1->-ARID1A MAP3K1->-GATA3,3,3,3.000000,3,4.629630e-03,
GATA3->-ARID1A GATA3->-PIK3CA MAP3K1->-ARID1A MAP3K1->-GATA3 MAP3K1->-PIK3CA PIK3CA->-ARID1A,4,6,2.000000,2,5.063657e-03,
TP53->-DDR2,2,1,7.000000,7,9.580872e-03,
TP53->-PIK3CG,2,1,7.000000,7,7.909702e-03,
CDH1->-FAT1,2,1,7.000000,7,2.578875e-02,
CDH1->-FAT1 CDH1->-PIK3CA PIK3CA->-FAT1,3,3,2.000000,2,9.680522e-02,
CDH1->-ERBB3,2,1,7.000000,7,5.834517e-02,
CDH1->-SPEN,2,1,7.000000,7,1.878255e-01,
CDH1->-PIK3CA CDH1->-SPEN PIK3CA->-SPEN,3,3,2.000000,2,7.407407e-02,
PIK3CA->-PIK3C2G,2,1,7.000000,7,1.268808e-02,
NCOR1->-GATA3,2,1,7.000000,7,2.173682e-02,
TP53->-PIK3C2G,2,1,7.000000,7,2.314815e-03,
PIK3CA->-PIK3C2G TP53->-PIK3C2G TP53->-PIK3CA,3,3,2.000000,2,1.172625e-01,
PIK3CA->-PIK3C2G PIK3CA->-TP53 TP53->-PIK3C2G,3,3,2.000000,2,1.172625e-01,
PTEN->-PIK3R1,2,1,7.000000,7,2.599962e-02,
PTEN->-PIK3R1 TP53->-PIK3R1 TP53->-PTEN,3,3,4.000000,4,3.215021e-04,
TP53->-KDM6A,2,1,7.000000,7,6.470821e-02,
MAP3K1->-TBX3,2,1,7.000000,7,1.103147e-01,
MAP3K1->-PIK3CA MAP3K1->-TBX3 PIK3CA->-TBX3,3,3,3.000000,3,6.228567e-02,
TP53->-GRIN2A,2,1,7.000000,7,4.687500e-03,
CBFB->-CDH1,2,1,7.000000,7,8.940052e-01,
CBFB->-CDH1 CBFB->-PIK3CA CDH1->-PIK3CA,3,3,2.000000,2,4.263322e-01,
MAP2K4->-TP53,2,1,7.000000,7,7.677800e-01,
MAP2K4->-TP53 PIK3CA->-MAP2K4 PIK3CA->-TP53,3,3,2.000000,2,2.297347e-01,
PIK3CA->-ARID5B,2,1,7.000000,7,2.286562e-02,
PIK3CA->-ARID5B TP53->-ARID5B TP53->-PIK3CA,3,3,2.000000,2,8.834415e-02,
ANKRD11->-ARID5B,2,1,2.000000,2,1.896552e-01,
PIK3CA->-ARID5B PIK3CA->-TP53 TP53->-ARID5B,3,3,2.000000,2,8.834415e-02,
PIK3CA->-CDKN1B,2,1,7.000000,7,7.549921e-01,
PIK3CA->-MDC1,2,1,7.000000,7,1.617187e-01,
PIK3CA->-MDC1 PIK3CA->-TP53 TP53->-MDC1,3,3,3.000000,3,5.692730e-02,
TP53->-INSR,2,1,7.000000,7,1.640625e-02,
CDH1->-KMT2A,2,1,7.000000,7,3.495519e-02,
TP53->-BCOR,2,1,7.000000,7,6.252572e-03,
RB1->-PIK3CA,2,1,7.000000,7,8.802812e-01,
PIK3CA->-MGA,2,1,7.000000,7,4.941205e-01,
PIK3CA->-KDR,2,1,7.000000,7,2.109375e-02,
TP53->-PDGFRA,2,1,7.000000,7,2.138310e-02,
TP53->-PALB2,2,1,7.000000,7,1.012188e-02,
CDKN1B->-PIK3CA,2,1,7.000000,7,7.549921e-01,
MAP2K4->-GATA3,2,1,7.000000,7,6.131076e-02,
MAP2K4->-GATA3 MAP2K4->-PIK3CA PIK3CA->-GATA3,3,3,2.000000,2,5.787037e-02,
PIK3CA->-BCOR,2,1,7.000000,7,1.655575e-01,
PIK3CA->-BCOR PIK3CA->-PTEN PIK3CA->-TP53 PTEN->-BCOR TP53->-BCOR TP53->-PTEN,4,6,2.000000,2,1.634276e-03,
ESR1->-ARID1A,2,1,6.000000,6,2.433625e-01,
ESR1->-ARID1A PIK3CA->-ARID1A PIK3CA->-ESR1,3,3,3.000000,3,7.833168e-03,
PIK3CA->-IGF1R,2,1,6.000000,6,2.501136e-02,
NOTCH1->-PIK3CA,2,1,6.000000,6,5.221236e-01,
PIK3CA->-ATRX,2,1,6.000000,6,2.527488e-01,
GATA3->-TP53,2,1,6.000000,6,9.936689e-01,
TP53->-DOT1L,2,1,6.000000,6,2.299107e-02,
TP53->-PIK3CB,2,1,6.000000,6,5.215420e-03,
PIK3CA->-EPHB1,2,1,6.000000,6,5.092199e-02,
PIK3CA->-EPHB1 TP53->-EPHB1 TP53->-PIK3CA,3,3,2.000000,2,1.301779e-01,
PIK3CA->-EPHB1 PIK3CA->-TP53 TP53->-EPHB1,3,3,2.000000,2,1.301779e-01,
ATRX->-EPHB1 PIK3CA->-ATRX PIK3CA->-EPHB1,3,3,2.000000,2,2.692986e-02,
HNF1A->-EPHB1,2,1,2.000000,2,2.473545e-01,
CDH1->-EPHB1 CDH1->-PIK3CA PIK3CA->-EPHB1,3,3,3.000000,3,1.124339e-02,
PIK3CA->-NSD1,2,1,6.000000,6,2.201761e-01,
ARID1A->-KMT2C,2,1,6.000000,6,5.691775e-01,
ARID1A->-KMT2C ARID1A->-NCOR1 KMT2C->-NCOR1 PIK3CA->-ARID1A PIK3CA->-KMT2C PIK3CA->-NCOR1,4,6,2.000000,2,5.063657e-03,
ARID1A->-KMT2C CDH1->-ARID1A CDH1->-KMT2C,3,3,2.000000,2,5.626781e-02,
CDH1->-FOXA1 CDH1->-KMT2C FOXA1->-KMT2C,3,3,2.000000,2,7.407407e-02,
ARID1A->-KMT2C ARID1A->-PIK3CA PIK3CA->-KMT2C,3,3,2.000000,2,3.702773e-01,
STK11->-PIK3CA,2,1,6.000000,6,1.988360e-01,
PIK3CA->-TET1,2,1,6.000000,6,1.125705e-01,
STAG2->-PIK3CA,2,1,6.000000,6,5.387676e-01,
PIK3CA->-ALK,2,1,6.000000,6,9.508873e-02,
CDH1->-RICTOR,2,1,6.000000,6,1.106322e-02,
CDH1->-PIK3CA CDH1->-RICTOR PIK3CA->-RICTOR,3,3,3.000000,3,1.012868e-02,
AKT1->-MAP3K1,2,1,6.000000,6,2.829861e-02,
ZFHX3->-PIK3CA,2,1,6.000000,6,7.221983e-01,
PIK3CA->-MTOR,2,1,6.000000,6,5.777853e-02,
PIK3CA->-MTOR PIK3CA->-TP53 TP53->-MTOR,3,3,3.000000,3,4.118835e-04,
SPEN->-PIK3CA,2,1,6.000000,6,9.127447e-01,
GATA3->-PIK3CA GATA3->-SPEN SPEN->-PIK3CA,3,3,2.000000,2,1.572749e-01,
PIK3CA->-RFWD2,2,1,6.000000,6,8.472415e-02,
MAP3K1->-TP53,2,1,6.000000,6,9.992487e-01,
PIK3CA->-PLK2,2,1,6.000000,6,3.944629e-02,
ATM->-GATA3,2,1,6.000000,6,1.161932e-01,
ATM->-GATA3 ATM->-PIK3CA GATA3->-PIK3CA,3,3,2.000000,2,4.601571e-02,
PIK3CA->-NUP93,2,1,6.000000,6,5.412946e-02,
PIK3CA->-ERBB3,2,1,6.000000,6,3.965158e-01,
PIK3CA->-ERBB3 TP53->-ERBB3 TP53->-PIK3CA,3,3,2.000000,2,8.440807e-02,
MAP3K1->-ERBB3 MAP3K1->-PIK3CA PIK3CA->-ERBB3,3,3,2.000000,2,1.962449e-01,
GATA3->-KMT2C,2,1,6.000000,6,8.258036e-01,
TBX3->-TP53,2,1,6.000000,6,9.081857e-01,
TBX3->-PIK3CA TBX3->-TP53 TP53->-PIK3CA,3,3,2.000000,2,2.620284e-01,
PIK3CA->-TP53 TBX3->-PIK3CA TBX3->-TP53,3,3,2.000000,2,2.620284e-01,
TP53->-HNF1A,2,1,6.000000,6,9.146003e-02,
TP53->-KDM5A,2,1,6.000000,6,6.825658e-03,
TP53->-JAK3,2,1,6.000000,6,3.589608e-02,
CDH1->-ATRX,2,1,6.000000,6,5.657895e-02,
CDH1->-ATRX CDH1->-PIK3CA PIK3CA->-ATRX,3,3,3.000000,3,1.620370e-02,
TP53->-MAP3K13,2,1,6.000000,6,2.205525e-02,
TP53->-STK11,2,1,6.000000,6,3.605211e-02,
TP53->-RECQL4,2,1,6.000000,6,6.270160e-02,
PTEN->-SF3B1,2,1,6.000000,6,1.569444e-01,
PIK3CA->-SF3B1 PTEN->-PIK3CA PTEN->-SF3B1,3,3,2.000000,2,8.854167e-02,
CREBBP->-PIK3CA,2,1,6.000000,6,7.621346e-01,
PIK3CA->-AR,2,1,6.000000,6,2.298678e-01,
TP53->-TP63,2,1,6.000000,6,1.128472e-02,
CDH1->-RFWD2,2,1,6.000000,6,4.254097e-02,
CDH1->-PIK3CA CDH1->-RFWD2 PIK3CA->-RFWD2,3,3,2.000000,2,1.486882e-01,
MGA->-PIK3CA,2,1,6.000000,6,6.962934e-01,
KMT2C->-NCOR1,2,1,6.000000,6,1.057528e-01,
KMT2C->-NCOR1 PIK3CA->-KMT2C PIK3CA->-NCOR1,3,3,4.000000,4,3.343621e-03,
CDH1->-KMT2C CDH1->-NCOR1 KMT2C->-NCOR1,3,3,3.000000,3,3.549383e-02,
KMT2C->-NCOR1 KMT2C->-TP53 TP53->-NCOR1,3,3,2.000000,2,8.670034e-02,
PIK3CA->-STAG2,2,1,6.000000,6,5.387676e-01,
PIK3CA->-STAG2 TP53->-PIK3CA TP53->-STAG2,3,3,2.000000,2,6.770168e-02,
CDH1->-PIK3CA CDH1->-STAG2 PIK3CA->-STAG2,3,3,2.000000,2,1.105796e-01,
PIK3CA->-NOTCH1,2,1,6.000000,6,5.221236e-01,
PIK3CA->-NOTCH1 TP53->-NOTCH1 TP53->-PIK3CA,3,3,2.000000,2,8.854167e-02,
PIK3CA->-TET2,2,1,6.000000,6,2.539062e-01,
TP53->-SOX17,2,1,6.000000,6,9.553571e-02,
CDH1->-RB1,2,1,6.000000,6,8.837500e-02,
CDH1->-RB1 CDH1->-TP53 TP53->-RB1,3,3,2.000000,2,9.722222e-02,
CDH1->-RB1 TP53->-CDH1 TP53->-RB1,3,3,2.000000,2,9.722222e-02,
PIK3CA->-BRCA1,2,1,6.000000,6,1.641927e-01,
GATA3->-ESR1,2,1,6.000000,6,9.341837e-01,
GATA3->-ESR1 GATA3->-PIK3CA PIK3CA->-ESR1,3,3,2.000000,2,4.108276e-01,
PIK3CA->-CIC,2,1,6.000000,6,1.562500e-02,
TP53->-MGA,2,1,6.000000,6,6.076704e-02,
PIK3CA->-MGA TP53->-MGA TP53->-PIK3CA,3,3,3.000000,3,2.209795e-02,
PIK3CA->-MST1R,2,1,6.000000,6,5.729167e-03,
TP53->-XPO1,2,1,6.000000,6,7.058487e-03,
TP53->-DNMT3A,2,1,6.000000,6,1.156250e-01,
TP53->-KDR,2,1,6.000000,6,1.195674e-01,
PIK3CA->-KDR TP53->-KDR TP53->-PIK3CA,3,3,2.000000,2,2.219158e-01,
PIK3CA->-KDR PIK3CA->-TP53 TP53->-KDR,3,3,3.000000,3,4.614516e-02,
PIK3CA->-FGFR2,2,1,6.000000,6,5.269511e-02,
GATA3->-CDKN1B,2,1,6.000000,6,1.562500e-02,
CDKN1B->-PIK3CA GATA3->-CDKN1B GATA3->-PIK3CA,3,3,2.000000,2,1.319444e-01,
PIK3CA->-RAD50,2,1,6.000000,6,1.524260e-01,
CBFB->-TP53,2,1,6.000000,6,1.071875e-01,
CBFB->-PIK3CA CBFB->-TP53 TP53->-PIK3CA,3,3,3.000000,3,2.102623e-02,
PIK3CA->-PARP1,2,1,6.000000,6,1.185345e-02,
CDH1->-PTCH1,2,1,6.000000,6,6.009745e-02,
CDH1->-PIK3CA CDH1->-PTCH1 PIK3CA->-PTCH1,3,3,2.000000,2,1.250511e-01,
TP53->-RPTOR,2,1,6.000000,6,3.281250e-02,
ARID2->-GATA3,2,1,6.000000,6,4.375000e-02,
PIK3CA->-BAP1,2,1,6.000000,6,5.468750e-02,
PIK3CA->-BAP1 PIK3CA->-TP53 TP53->-BAP1,3,3,2.000000,2,2.777778e-02,
PIK3CA->-SMAD4,2,1,6.000000,6,8.791667e-02,
ESR1->-CDH1,2,1,6.000000,6,9.613885e-01,
PTEN->-ARID1A,2,1,6.000000,6,3.780453e-02,
TP53->-NBN,2,1,6.000000,6,1.128472e-02,
PIK3CA->-EPHA5,2,1,6.000000,6,9.889849e-02,
PIK3CA->-EPHA5 TP53->-EPHA5 TP53->-PIK3CA,3,3,2.000000,2,1.466619e-01,
PIK3CA->-CBFB,2,1,6.000000,6,9.999978e-01,
TP53->-RAD50,2,1,6.000000,6,1.945153e-02,
PIK3CA->-RAD50 TP53->-PIK3CA TP53->-RAD50,3,3,2.000000,2,5.393033e-02,
PIK3CA->-RAD50 PIK3CA->-TP53 TP53->-RAD50,3,3,2.000000,2,5.393033e-02,
CDH1->-SETD2,2,1,6.000000,6,5.000000e-02,
BRCA1->-SETD2 CDH1->-BRCA1 CDH1->-SETD2 TP53->-BRCA1 TP53->-CDH1 TP53->-SETD2,4,6,2.000000,2,1.736111e-03,
TP53->-NOTCH3,2,1,6.000000,6,4.687500e-02,
KMT2C->-FAT1,2,1,6.000000,6,1.889060e-01,
KMT2C->-FAT1 PIK3CA->-FAT1 PIK3CA->-KMT2C,3,3,2.000000,2,1.920794e-01,
PIK3CA->-APC,2,1,6.000000,6,2.866830e-01,
PIK3CA->-APC PIK3CA->-TP53 TP53->-APC,3,3,4.000000,4,1.190303e-03,
APC->-NCOR1 CDH1->-APC CDH1->-NCOR1 CDH1->-PIK3CA PIK3CA->-APC PIK3CA->-NCOR1,4,6,2.000000,2,1.736111e-03,
KMT2C->-BRCA2,2,1,5.000000,5,3.222288e-01,
KMT2C->-BRCA2 TP53->-BRCA2 TP53->-KMT2C,3,3,2.000000,2,4.427083e-02,
MEN1->-KMT2C,2,1,5.000000,5,7.752634e-02,
KMT2C->-GATA3 MEN1->-GATA3 MEN1->-KMT2C,3,3,2.000000,2,2.777778e-02,
TP53->-RAF1,2,1,5.000000,5,1.303855e-02,
TP53->-PAK7,2,1,5.000000,5,3.796296e-02,
PTEN->-RUNX1,2,1,5.000000,5,3.038194e-02,
PIK3CA->-EZH2,2,1,5.000000,5,2.187500e-02,
TP53->-TSC1,2,1,5.000000,5,1.650248e-01,
CDH1->-NSD1,2,1,5.000000,5,2.902422e-02,
CDH1->-NSD1 CDH1->-TP53 TP53->-NSD1,3,3,2.000000,2,2.777778e-02,
CDH1->-FOXA1 CDH1->-NSD1 CDH1->-PIK3CA NSD1->-FOXA1 PIK3CA->-FOXA1 PIK3CA->-NSD1,4,6,2.000000,2,1.736111e-03,
PIK3CA->-GLI1,2,1,5.000000,5,1.407225e-02,
CBFB->-AKT1,2,1,5.000000,5,3.632812e-01,
CBFB->-ARID1A,2,1,5.000000,5,3.125000e-02,
PIK3CA->-HIST1H1C,2,1,5.000000,5,1.806579e-01,
CHEK2->-PIK3CA,2,1,5.000000,5,9.594298e-02,
GATA3->-EGFR,2,1,5.000000,5,3.125000e-02,
PIK3CA->-EGFR,2,1,5.000000,5,7.812500e-02,
GATA3->-EGFR GATA3->-PIK3CA PIK3CA->-EGFR,3,3,2.000000,2,2.777778e-02,
TP53->-KIT,2,1,5.000000,5,8.805419e-03,
KDM5C->-PIK3CA,2,1,5.000000,5,5.290658e-01,
PIK3CA->-BRIP1,2,1,5.000000,5,6.494709e-02,
ZFHX3->-CDH1,2,1,5.000000,5,1.419271e-01,
CDH1->-PIK3CA ZFHX3->-CDH1 ZFHX3->-PIK3CA,3,3,4.000000,4,3.343621e-03,
TP53->-EPHA7,2,1,5.000000,5,8.083333e-02,
TP53->-BRD4,2,1,5.000000,5,5.520833e-02,
PIK3CA->-JAK3,2,1,5.000000,5,1.476971e-01,
TP53->-RFWD2,2,1,5.000000,5,6.639128e-02,
TP53->-HIST1H3B,2,1,5.000000,5,8.897569e-02,
TP53->-TCF7L2,2,1,5.000000,5,3.125000e-02,
TP53->-AR,2,1,5.000000,5,2.455357e-02,
PIK3CA->-AR PIK3CA->-TP53 TP53->-AR,3,3,3.000000,3,4.629630e-03,
PIK3CA->-EP300,2,1,5.000000,5,3.900346e-01,
ESR1->-MAP3K1,2,1,5.000000,5,5.399639e-01,
ESR1->-MAP3K1 PIK3CA->-ESR1 PIK3CA->-MAP3K1,3,3,2.000000,2,2.799694e-01,
GATA3->-FLT3,2,1,5.000000,5,2.470238e-02,
KMT2C->-ARID1A,2,1,5.000000,5,7.744716e-01,
KMT2C->-ARID1A PIK3CA->-ARID1A PIK3CA->-KMT2C,3,3,2.000000,2,3.702773e-01,
KMT2C->-ARID1A KMT2C->-PIK3CA PIK3CA->-ARID1A,3,3,2.000000,2,3.702773e-01,
GATA3->-ARID1A KMT2C->-ARID1A KMT2C->-GATA3,3,3,2.000000,2,2.777778e-02,
KMT2C->-CDH1,2,1,5.000000,5,9.997989e-01,
TP53->-ARAF,2,1,5.000000,5,6.240406e-02,
TP53->-MET,2,1,5.000000,5,1.378788e-02,
TP53->-TERT,2,1,5.000000,5,2.306001e-01,
PIK3CA->-DNMT1,2,1,5.000000,5,2.192308e-02,
CDH1->-AR,2,1,5.000000,5,9.220467e-02,
NCOR1->-MED12,2,1,5.000000,5,2.095734e-02,
NCOR1->-MED12 TP53->-MED12 TP53->-NCOR1,3,3,3.000000,3,7.974399e-03,
NCOR1->-MED12 NCOR1->-PIK3CA PIK3CA->-MED12,3,3,2.000000,2,6.498016e-02,
TP53->-FGFR4,2,1,5.000000,5,1.174242e-02,
NF1->-PIK3R1,2,1,5.000000,5,1.953348e-01,
NF1->-PIK3R1 TP53->-NF1 TP53->-PIK3R1,3,3,2.000000,2,1.030093e-01,
NF1->-PIK3R1 PTEN->-NF1 PTEN->-PIK3R1,3,3,2.000000,2,1.255144e-01,
TP53->-AXIN2,2,1,5.000000,5,1.875000e-02,
CREBBP->-KMT2C,2,1,5.000000,5,7.583365e-02,
CREBBP->-KMT2C TP53->-CREBBP TP53->-KMT2C,3,3,2.000000,2,5.698220e-02,
CREBBP->-KMT2C PIK3CA->-CREBBP PIK3CA->-KMT2C,3,3,3.000000,3,2.204857e-02,
CDH1->-CREBBP CDH1->-KMT2C CDH1->-PIK3CA CREBBP->-KMT2C PIK3CA->-CREBBP PIK3CA->-KMT2C,4,6,2.000000,2,5.541578e-03,
ARID1A->-CREBBP ARID1A->-KMT2C CREBBP->-KMT2C,3,3,2.000000,2,1.709402e-02,
ARID1A->-CDH1,2,1,5.000000,5,9.937520e-01,
ARID1A->-CDH1 ARID1A->-PIK3CA CDH1->-PIK3CA,3,3,2.000000,2,6.931184e-01,
TP53->-IGF1R,2,1,5.000000,5,7.525556e-02,
PIK3CA->-IGF1R TP53->-IGF1R TP53->-PIK3CA,3,3,2.000000,2,2.314815e-02,
KMT2C->-TBX3,2,1,5.000000,5,4.053212e-01,
CDH1->-STAG2,2,1,5.000000,5,2.370690e-02,
TP53->-PBRM1,2,1,5.000000,5,3.085937e-01,
TP53->-ERBB2,2,1,5.000000,5,5.798087e-01,
CDH1->-ERBB2 CDH1->-TP53 TP53->-ERBB2,3,3,2.000000,2,2.384966e-01,
CDH1->-IKZF1,2,1,5.000000,5,3.125000e-02,
TP53->-POLD1,2,1,5.000000,5,1.250000e-02,
GATA3->-TBX3,2,1,5.000000,5,1.650789e-01,
GATA3->-PIK3CA GATA3->-TBX3 TBX3->-PIK3CA,3,3,2.000000,2,1.954811e-01,
GATA3->-PIK3CA GATA3->-TBX3 PIK3CA->-TBX3,3,3,2.000000,2,1.954811e-01,
GATA3->-TBX3 MAP3K1->-GATA3 MAP3K1->-TBX3,3,3,2.000000,2,1.319444e-01,
CDH1->-MED12,2,1,5.000000,5,9.846866e-02,
CDH1->-MED12 PIK3CA->-CDH1 PIK3CA->-MED12,3,3,2.000000,2,1.836144e-01,
PIK3CA->-TERT,2,1,5.000000,5,3.204733e-02,
PIK3R1->-TP53,2,1,5.000000,5,9.851581e-01,
ERBB2->-KMT2C,2,1,5.000000,5,1.659483e-01,
CDH1->-ERBB2 CDH1->-KMT2C ERBB2->-KMT2C,3,3,2.000000,2,1.725061e-01,
CDH1->-KMT2C ERBB2->-CDH1 ERBB2->-KMT2C,3,3,2.000000,2,1.725061e-01,
KMT2C->-PARP1 TP53->-KMT2C TP53->-PARP1,3,3,2.000000,2,1.752265e-02,
ERBB2->-KMT2C ERBB2->-PARP1 ERBB2->-PIK3CA KMT2C->-PARP1 PIK3CA->-KMT2C PIK3CA->-PARP1,4,6,2.000000,2,9.247418e-04,
PIK3CA->-GRIN2A,2,1,5.000000,5,1.527778e-01,
MAP3K1->-NOTCH4,2,1,5.000000,5,2.339181e-02,
MAP3K1->-NOTCH4 MAP3K1->-PIK3CA PIK3CA->-NOTCH4,3,3,2.000000,2,1.079363e-01,
MAP3K1->-NOTCH4 PIK3CA->-MAP3K1 PIK3CA->-NOTCH4,3,3,2.000000,2,1.079363e-01,
MAP3K1->-TRAF2 PIK3CA->-MAP3K1 PIK3CA->-TRAF2,3,3,2.000000,2,5.486756e-02,
MAP3K1->-NOTCH4 TP53->-MAP3K1 TP53->-NOTCH4,3,3,2.000000,2,1.625387e-02,
PIK3CA->-SETD2,2,1,5.000000,5,5.510491e-01,
ARID1A->-PIK3CA ARID1A->-SETD2 CDH1->-ARID1A CDH1->-PIK3CA CDH1->-SETD2 PIK3CA->-SETD2,4,6,2.000000,2,5.063657e-03,
FOXA1->-GATA3,2,1,5.000000,5,4.498698e-01,
FOXA1->-GATA3 FOXA1->-MAP3K1 MAP3K1->-GATA3,3,3,2.000000,2,9.722222e-02,
CDH1->-RAD50,2,1,5.000000,5,2.201837e-02,
CDH1->-PIK3CA CDH1->-RAD50 PIK3CA->-RAD50,3,3,2.000000,2,5.698220e-02,
CDH1->-RAD50 TP53->-CDH1 TP53->-RAD50,3,3,2.000000,2,1.752265e-02,
TP53->-PARP1,2,1,5.000000,5,2.370690e-02,
PIK3CA->-PARP1 PIK3CA->-TP53 TP53->-PARP1,3,3,2.000000,2,5.698220e-02,
TP53->-JAK2,2,1,5.000000,5,3.389137e-02,
TP53->-PTCH1,2,1,5.000000,5,1.443751e-01,
PIK3CA->-PTCH1 PIK3CA->-TP53 TP53->-PTCH1,3,3,2.000000,2,1.233267e-01,
ERBB2->-TP53,2,1,5.000000,5,5.798087e-01,
AKT1->-NOTCH2,2,1,5.000000,5,9.404762e-03,
ERBB2->-RUNX1,2,1,5.000000,5,2.265625e-01,
CDH1->-ERBB2 CDH1->-RUNX1 ERBB2->-RUNX1,3,3,2.000000,2,1.962449e-01,
TP53->-CEBPA,2,1,5.000000,5,2.083333e-02,
NCOR1->-RUNX1,2,1,5.000000,5,3.632812e-01,
NCOR1->-RUNX1 PIK3CA->-NCOR1 PIK3CA->-RUNX1,3,3,2.000000,2,2.632245e-01,
NCOR1->-PIK3CA NCOR1->-RUNX1 PIK3CA->-RUNX1,3,3,2.000000,2,2.632245e-01,
ARID2->-ARID1A,2,1,5.000000,5,3.168305e-01,
ARID2->-ARID1A TP53->-ARID1A TP53->-ARID2,3,3,2.000000,2,7.266088e-02,
EPHA5->-ARID1A,2,1,2.000000,2,4.973545e-01,
TP53->-JAK1,2,1,5.000000,5,3.404948e-01,
NCOR1->-CDH1,2,1,5.000000,5,9.935704e-01,
NCOR1->-CDH1 TP53->-CDH1 TP53->-NCOR1,3,3,2.000000,2,3.694350e-01,
CDH1->-RUNX1 NCOR1->-CDH1 NCOR1->-RUNX1,3,3,2.000000,2,1.319444e-01,
KMT2D->-PIK3CA,2,1,5.000000,5,9.845281e-01,
CDH1->-KMT2D CDH1->-PIK3CA KMT2D->-PIK3CA,3,3,2.000000,2,2.820378e-01,
PTEN->-GRIN2A,2,1,5.000000,5,2.613636e-02,
PIK3CA->-GRIN2A PTEN->-GRIN2A PTEN->-PIK3CA,3,3,2.000000,2,7.407407e-02,
MAP2K4->-PTEN,2,1,5.000000,5,3.460115e-01,
TP53->-GLI1,2,1,5.000000,5,9.465096e-03,
TP53->-CIC,2,1,5.000000,5,9.226707e-02,
PIK3CA->-CIC TP53->-CIC TP53->-PIK3CA,3,3,2.000000,2,7.407407e-02,
TP53->-IRF4,2,1,5.000000,5,1.111111e-02,
TP53->-SMARCA4,2,1,5.000000,5,2.086404e-01,
TP53->-TRAF2,2,1,5.000000,5,1.653163e-02,
PIK3CA->-KRAS,2,1,5.000000,5,2.906789e-01,
PIK3CA->-BLM,2,1,5.000000,5,8.564645e-02,
TP53->-PIK3R2,2,1,5.000000,5,2.083333e-02,
PIK3CA->-ERCC4,2,1,5.000000,5,4.507212e-02,
ARID1A->-IKZF1,2,1,5.000000,5,1.875000e-02,
ARID1A->-IKZF1 ARID1A->-PIK3CA CDH1->-ARID1A CDH1->-IKZF1 CDH1->-PIK3CA IKZF1->-PIK3CA,4,6,2.000000,2,1.736111e-03,
AKT1->-KMT2C,2,1,5.000000,5,2.037760e-01,
AKT1->-KMT2C AKT1->-TP53 TP53->-KMT2C,3,3,2.000000,2,2.777778e-02,
RUNX1->-TP53,2,1,5.000000,5,9.863845e-01,
PTPRS->-PIK3CA,2,1,5.000000,5,7.014337e-01,
PTPRS->-PIK3CA TP53->-PIK3CA TP53->-PTPRS,3,3,2.000000,2,9.786683e-02,
CDH1->-PIK3CA CDH1->-PTPRS PTPRS->-PIK3CA,3,3,2.000000,2,7.407407e-02,
TP53->-TET1,2,1,5.000000,5,8.705357e-02,
TP53->-ERBB4,2,1,5.000000,5,5.555556e-02,
CBFB->-NCOR1,2,1,5.000000,5,2.916667e-02,
CBFB->-NCOR1 CBFB->-PIK3CA NCOR1->-PIK3CA,3,3,2.000000,2,1.319444e-01,
CBFB->-NCOR1 CBFB->-TP53 TP53->-NCOR1,3,3,2.000000,2,1.203704e-01,
CDH1->-DNMT1,2,1,5.000000,5,3.125000e-02,
CDH1->-DNMT1 CDH1->-PIK3CA PIK3CA->-DNMT1,3,3,2.000000,2,2.777778e-02,
RHOA->-PIK3CA,2,1,5.000000,5,8.136161e-02,
CDH1->-XPO1,2,1,5.000000,5,3.125000e-02,
MAP3K1->-NCOR1,2,1,5.000000,5,5.051054e-01,
MAP3K1->-NCOR1 MAP3K1->-PIK3CA NCOR1->-PIK3CA,3,3,2.000000,2,2.799694e-01,
ARID1B->-PIK3CA,2,1,5.000000,5,2.689681e-01,
ARID1B->-PIK3CA TP53->-ARID1B TP53->-PIK3CA,3,3,2.000000,2,1.207211e-01,
AKT1->-MAP2K4,2,1,5.000000,5,1.093750e-01,
ERBB2->-TBX3,2,1,5.000000,5,3.182091e-01,
CDH1->-TBX3 ERBB2->-CDH1 ERBB2->-TBX3,3,3,2.000000,2,1.962449e-01,
GPS2->-PIK3CA,2,1,5.000000,5,2.830078e-01,
ESR1->-FAT1,2,1,4.000000,4,2.644394e-01,
FAT1->-RICTOR,2,1,4.000000,4,1.590724e-01,
TET1->-FAT1,2,1,4.000000,4,2.982456e-01,
PIK3CA->-FAT1 PIK3CA->-TET1 TET1->-FAT1,3,3,2.000000,2,1.309292e-01,
PIK3CA->-FAT1 PIK3CA->-RB1 RB1->-FAT1,3,3,2.000000,2,1.309292e-01,
NCOR1->-FAT1 NCOR1->-TET1 TET1->-FAT1,3,3,2.000000,2,2.729045e-02,
TET1->-FAT1 TP53->-FAT1 TP53->-TET1,3,3,2.000000,2,4.761905e-02,
FAT1->-PIK3CA,2,1,4.000000,4,9.996035e-01,
FAT1->-PIK3CA FAT1->-RICTOR PIK3CA->-RICTOR,3,3,2.000000,2,1.044983e-01,
ARID1A->-FAT1,2,1,4.000000,4,2.286000e-01,
TET1->-ARID1A,2,1,4.000000,4,1.232143e-01,
ARID1A->-FAT1 TET1->-ARID1A TET1->-FAT1,3,3,2.000000,2,1.190476e-02,
SETD2->-PIK3CA,2,1,4.000000,4,7.785590e-01,
CDH1->-PIK3CA CDH1->-SETD2 SETD2->-PIK3CA,3,3,2.000000,2,1.576646e-01,
PIK3CA->-RPS6KB2,2,1,4.000000,4,4.861111e-02,
CDH1->-SMO,2,1,4.000000,4,4.741379e-02,
TP53->-RBM10,2,1,4.000000,4,2.256944e-02,
KMT2A->-GATA3,2,1,4.000000,4,1.875000e-01,
SMO->-PIK3CA,2,1,4.000000,4,4.309974e-01,
CDH1->-PIK3CA CDH1->-SMO SMO->-PIK3CA,3,3,2.000000,2,1.105796e-01,
TP53->-CDK8,2,1,4.000000,4,1.105324e-01,
TP53->-MEN1,2,1,4.000000,4,1.164033e-01,
FOXA1->-KMT2C,2,1,4.000000,4,2.276608e-01,
FOXA1->-KMT2C PIK3CA->-FOXA1 PIK3CA->-KMT2C,3,3,3.000000,3,2.605651e-02,
FOXA1->-KMT2C TP53->-FOXA1 TP53->-KMT2C,3,3,2.000000,2,3.787879e-02,
TP53->-EZH2,2,1,4.000000,4,1.875000e-01,
PIK3CA->-EZH2 PIK3CA->-TP53 TP53->-EZH2,3,3,2.000000,2,7.407407e-02,
GATA3->-PIK3R2,2,1,4.000000,4,4.940476e-02,
GATA3->-PIK3R2 TP53->-GATA3 TP53->-PIK3R2,3,3,2.000000,2,2.777778e-02,
NCOR1->-RB1,2,1,4.000000,4,2.416019e-01,
NCOR1->-PIK3CA NCOR1->-RB1 PIK3CA->-RB1,3,3,2.000000,2,7.326186e-02,
PIK3CA->-FOXP1,2,1,4.000000,4,3.881759e-01,
TP53->-IKZF1,2,1,4.000000,4,1.199074e-01,
PIK3CA->-PDGFRA,2,1,4.000000,4,4.670330e-01,
PIK3CA->-HIST1H3I,2,1,4.000000,4,1.848109e-01,
PIK3CA->-BARD1,2,1,4.000000,4,2.158427e-01,
PIK3CA->-BARD1 TP53->-BARD1 TP53->-PIK3CA,3,3,2.000000,2,5.124480e-02,
PIK3CA->-SMARCA4,2,1,4.000000,4,6.337673e-01,
CDH1->-MTOR,2,1,4.000000,4,4.720982e-01,
CDH1->-MTOR CDH1->-PIK3CA PIK3CA->-MTOR,3,3,2.000000,2,1.112765e-01,
ARID1A->-GRIN2A,2,1,4.000000,4,1.091667e-01,
CDH1->-KDR,2,1,4.000000,4,5.974265e-02,
PIK3CA->-BRD4,2,1,4.000000,4,8.495406e-02,
PIK3CA->-NOTCH3,2,1,4.000000,4,3.958333e-01,
CDH1->-JAK3,2,1,4.000000,4,3.203509e-02,
CDH1->-JAK3 CDH1->-PIK3CA PIK3CA->-JAK3,3,3,2.000000,2,1.388889e-02,
MAP2K4->-JAK3,2,1,4.000000,4,4.004386e-02,
MAP2K4->-JAK3 TP53->-JAK3 TP53->-MAP2K4,3,3,2.000000,2,2.134503e-02,
CDH1->-JAK3 CDH1->-MAP2K4 MAP2K4->-JAK3,3,3,2.000000,2,1.067251e-02,
ERBB3->-CARD11,2,1,4.000000,4,3.192046e-02,
ERBB3->-CARD11 TP53->-CARD11 TP53->-ERBB3,3,3,3.000000,3,2.645503e-03,
ERBB3->-PIK3CA,2,1,4.000000,4,8.323113e-01,
ERBB3->-PIK3CA MAP3K1->-ERBB3 MAP3K1->-PIK3CA,3,3,3.000000,3,3.549383e-02,
EPHA7->-PIK3CA,2,1,4.000000,4,1.474512e-01,
EPHA7->-PIK3CA TP53->-EPHA7 TP53->-PIK3CA,3,3,2.000000,2,1.319444e-02,
NF1->-KMT2C,2,1,4.000000,4,3.326211e-01,
TP53->-PLK2,2,1,4.000000,4,1.573276e-01,
PIK3CA->-CDKN2A,2,1,4.000000,4,1.423611e-01,
PIK3CA->-CDKN2A TP53->-CDKN2A TP53->-PIK3CA,3,3,2.000000,2,9.267526e-02,
STAG2->-GATA3,2,1,4.000000,4,1.875000e-01,
KMT2C->-ERBB3,2,1,4.000000,4,3.065476e-01,
MEN1->-ARID1A,2,1,4.000000,4,1.398810e-01,
KMT2C->-ARID1A MEN1->-ARID1A MEN1->-KMT2C,3,3,2.000000,2,7.407407e-02,
MEN1->-SPEN,2,1,4.000000,4,6.250000e-02,
GATA3->-SPEN MEN1->-GATA3 MEN1->-SPEN,3,3,2.000000,2,7.407407e-02,
SMARCA4->-PIK3CA,2,1,4.000000,4,6.337673e-01,
KMT2C->-ESR1,2,1,4.000000,4,1.090278e-01,
PTEN->-TBX3,2,1,4.000000,4,5.460526e-02,
PTEN->-ATRX,2,1,4.000000,4,1.704713e-01,
PTEN->-ATRX TP53->-ATRX TP53->-PTEN,3,3,2.000000,2,1.168582e-01,
TP53->-SDHB,2,1,4.000000,4,4.401935e-01,
TP53->-INPP4B,2,1,4.000000,4,1.672340e-01,
TP53->-PIM1,2,1,4.000000,4,2.551440e-02,
TP53->-MAP2K1,2,1,4.000000,4,5.381944e-02,
CDH1->-CTCF,2,1,4.000000,4,1.651786e-01,
MAP3K1->-ESR1,2,1,4.000000,4,7.707332e-01,
ESR1->-PIK3CA MAP3K1->-ESR1 MAP3K1->-PIK3CA,3,3,2.000000,2,2.799694e-01,
PTEN->-GATA3,2,1,4.000000,4,4.693287e-01,
PTEN->-GATA3 TP53->-GATA3 TP53->-PTEN,3,3,2.000000,2,9.920635e-03,
TP53->-IRS2,2,1,4.000000,4,1.936111e-01,
TP53->-AXIN1,2,1,4.000000,4,1.175000e-01,
FOXA1->-TP53,2,1,4.000000,4,9.808269e-01,
PIK3CA->-PIK3CG,2,1,4.000000,4,3.859679e-01,
PIK3CA->-HNF1A,2,1,4.000000,4,1.490670e-01,
NF1->-MAP3K1,2,1,4.000000,4,3.326211e-01,
NF1->-MAP3K1 TP53->-MAP3K1 TP53->-NF1,3,3,3.000000,3,1.620370e-02,
NF1->-MAP3K1 PTEN->-MAP3K1 PTEN->-NF1,3,3,3.000000,3,4.115226e-03,
NF1->-MED12,2,1,4.000000,4,1.785969e-01,
NF1->-MED12 TP53->-MED12 TP53->-NF1,3,3,2.000000,2,7.407407e-02,
MAP3K1->-MED12,2,1,4.000000,4,4.072321e-02,
MAP3K1->-MED12 NF1->-MAP3K1 NF1->-MED12 PTEN->-MAP3K1 PTEN->-MED12 PTEN->-NF1,4,6,2.000000,2,1.478909e-03,
NF1->-NSD1 PTEN->-NF1 PTEN->-NSD1,3,3,2.000000,2,2.469136e-02,
MAP3K1->-NSD1,2,1,4.000000,4,4.576211e-01,
MAP3K1->-NSD1 TP53->-MAP3K1 TP53->-NSD1,3,3,2.000000,2,7.407407e-02,
CDH1->-MAP3K1 CDH1->-NSD1 MAP3K1->-NSD1,3,3,2.000000,2,1.255144e-01,
NCOR1->-MAP3K1,2,1,4.000000,4,7.455201e-01,
NCOR1->-MAP3K1 TP53->-MAP3K1 TP53->-NCOR1,3,3,2.000000,2,8.670034e-02,
MAP3K1->-PIK3CA NCOR1->-MAP3K1 NCOR1->-PIK3CA,3,3,2.000000,2,2.799694e-01,
TP53->-IFNGR1,2,1,4.000000,4,3.333333e-02,
TP53->-PRDM1,2,1,4.000000,4,5.833333e-02,
PTEN->-ATR,2,1,4.000000,4,5.079601e-02,
PTEN->-ATR TP53->-ATR TP53->-PTEN,3,3,3.000000,3,4.488310e-03,
PIK3CA->-ATR PIK3CA->-PTEN PTEN->-ATR,3,3,2.000000,2,5.632837e-02,
MGA->-PTPRT,2,1,2.000000,2,2.031841e-01,
MGA->-ATR MGA->-PTEN PTEN->-ATR,3,3,2.000000,2,1.731205e-02,
ATR->-NCOR1,2,1,4.000000,4,6.250000e-02,
ATR->-NCOR1 TP53->-ATR TP53->-NCOR1,3,3,2.000000,2,2.777778e-02,
ATR->-NCOR1 PIK3CA->-ATR PIK3CA->-NCOR1,3,3,2.000000,2,2.777778e-02,
ATR->-EP300 PIK3CA->-ATR PIK3CA->-EP300,3,3,2.000000,2,2.777778e-02,
TP53->-CTCF,2,1,4.000000,4,2.968750e-01,
PIK3CA->-RECQL4,2,1,4.000000,4,4.964286e-01,
TBX3->-KMT2C,2,1,4.000000,4,6.675098e-01,
TBX3->-KMT2C TP53->-KMT2C TP53->-TBX3,3,3,2.000000,2,3.787879e-02,
BRCA2->-KMT2C,2,1,4.000000,4,5.864636e-01,
CDH1->-RASA1,2,1,4.000000,4,1.592094e-01,
TP53->-REL,2,1,4.000000,4,3.333333e-02,
TP53->-TRAF7,2,1,4.000000,4,9.722222e-02,
ERBB2->-MAP3K1,2,1,4.000000,4,3.348537e-01,
GATA3->-POLE,2,1,4.000000,4,1.988650e-01,
TP53->-SMO,2,1,4.000000,4,9.817476e-02,
NF1->-TET2,2,1,4.000000,4,6.250000e-02,
NF1->-TET2 TP53->-NF1 TP53->-TET2,3,3,2.000000,2,2.777778e-02,
NF1->-SETD2 TP53->-NF1 TP53->-SETD2,3,3,2.000000,2,2.777778e-02,
CDH1->-RHOA,2,1,4.000000,4,2.739158e-01,
CDH1->-PIK3CA CDH1->-RHOA RHOA->-PIK3CA,3,3,2.000000,2,6.498016e-02,
PTEN->-ARID1B,2,1,4.000000,4,1.752483e-01,
CDH1->-PAK7,2,1,4.000000,4,4.166667e-02,
CDH1->-PAK7 CDH1->-TP53 TP53->-PAK7,3,3,2.000000,2,4.513889e-02,
PIK3CA->-FGFR4,2,1,4.000000,4,5.483974e-01,
CDH1->-FGFR4,2,1,4.000000,4,1.329545e-01,
GATA3->-NSD1,2,1,4.000000,4,5.833333e-02,
ZFHX3->-KMT2C,2,1,4.000000,4,1.597222e-01,
KMT2C->-PIK3CA ZFHX3->-KMT2C ZFHX3->-PIK3CA,3,3,2.000000,2,1.054205e-01,
GATA3->-MED12,2,1,4.000000,4,5.416667e-02,
MAP3K1->-CDH1,2,1,4.000000,4,9.996968e-01,
MAP3K1->-CDH1 MAP3K1->-PIK3CA PIK3CA->-CDH1,3,3,2.000000,2,7.248008e-01,
PIK3CA->-TSHR,2,1,4.000000,4,2.777778e-02,
TP53->-GATA2,2,1,4.000000,4,1.875000e-01,
TP53->-GSK3B,2,1,4.000000,4,1.728395e-02,
ARID1A->-FLT3,2,1,4.000000,4,1.613095e-01,
FOXA1->-CDH1,2,1,4.000000,4,9.996393e-01,
MAP3K1->-ARID2,2,1,4.000000,4,4.189560e-02,
MAP3K1->-FOXA1,2,1,4.000000,4,8.701977e-01,
MAP3K1->-FOXA1 MAP3K1->-PIK3CA PIK3CA->-FOXA1,3,3,3.000000,3,1.322475e-01,
PIK3CA->-PMS1,2,1,4.000000,4,6.250000e-02,
MAP3K1->-DICER1,2,1,4.000000,4,4.384615e-02,
GATA3->-RICTOR,2,1,4.000000,4,1.458333e-01,
BRCA1->-RICTOR GATA3->-BRCA1 GATA3->-PIK3CA GATA3->-RICTOR PIK3CA->-BRCA1 PIK3CA->-RICTOR,4,6,2.000000,2,2.264293e-03,
GATA3->-RICTOR TP53->-GATA3 TP53->-RICTOR,3,3,2.000000,2,9.920635e-03,
NF1->-ERBB3,2,1,4.000000,4,6.250000e-02,
NF1->-ERBB3 NF1->-TP53 TP53->-ERBB3,3,3,2.000000,2,7.407407e-02,
NF1->-CDH1,2,1,4.000000,4,9.382311e-01,
CDH1->-PIK3CA NF1->-CDH1 NF1->-PIK3CA,3,3,2.000000,2,3.913849e-01,
ERBB2->-ERBB3,2,1,4.000000,4,4.189560e-02,
CDH1->-ERBB3 ERBB2->-CDH1 ERBB2->-ERBB3,3,3,2.000000,2,7.407407e-02,
TP53->-DAXX,2,1,4.000000,4,3.160920e-02,
PIK3CA->-JAK2,2,1,4.000000,4,1.695602e-01,
CDH1->-JAK2,2,1,4.000000,4,4.166667e-02,
CDH1->-JAK2 TP53->-CDH1 TP53->-JAK2,3,3,2.000000,2,2.777778e-02,
PIK3CA->-INSR,2,1,4.000000,4,1.636905e-01,
PIK3CA->-INSR PIK3CA->-TP53 TP53->-INSR,3,3,2.000000,2,7.407407e-02,
ERBB2->-FOXA1,2,1,4.000000,4,3.168155e-01,
ERBB2->-FOXA1 ERBB2->-MAP3K1 FOXA1->-MAP3K1,3,3,2.000000,2,2.033730e-02,
MAP3K1->-CDKN1B,2,1,4.000000,4,3.848741e-01,
TP53->-NTRK1,2,1,4.000000,4,1.875000e-02,
TP53->-JUN,2,1,4.000000,4,6.250000e-02,
CDH1->-JUN,2,1,4.000000,4,6.250000e-02,
TP53->-FGFR2,2,1,4.000000,4,6.183862e-02,
PIK3CA->-YES1,2,1,4.000000,4,3.318966e-02,
MAP2K4->-NCOR1,2,1,4.000000,4,6.367188e-01,
GATA3-/-PIK3CA,2,1,4.000000,4,7.703507e-01,
GATA3->-PDGFRA,2,1,4.000000,4,1.875000e-01,
PIK3CA->-DNMT3B,2,1,4.000000,4,1.875000e-01,
CDH1->-POLE,2,1,4.000000,4,1.541667e-01,
TP53->-PAK1,2,1,4.000000,4,1.543860e-02,
KMT2C->-PARP1,2,1,4.000000,4,4.403674e-02,
KMT2C->-PTCH1,2,1,4.000000,4,2.316354e-01,
CDH1->-KMT2A CDH1->-KMT2C CDH1->-PTCH1 KMT2C->-KMT2A KMT2C->-PTCH1 PTCH1->-KMT2A,4,6,2.000000,2,1.659518e-03,
PIK3CA->-PIK3CB,2,1,4.000000,4,2.471379e-01,
PIK3CA->-PIK3CB PIK3CA->-TP53 TP53->-PIK3CB,3,3,2.000000,2,2.222222e-02,
MDC1->-PIK3CB PIK3CA->-MDC1 PIK3CA->-PIK3CB,3,3,2.000000,2,2.222222e-02,
ARID1A->-KMT2D,2,1,4.000000,4,3.109127e-01,
ARID1A->-KMT2D PIK3CA->-ARID1A PIK3CA->-KMT2D,3,3,2.000000,2,7.266088e-02,
SPOP->-PIK3CA,2,1,4.000000,4,1.875000e-01,
CDH1->-SMAD4,2,1,4.000000,4,4.531250e-01,
CDH1->-PIK3CA CDH1->-SMAD4 PIK3CA->-SMAD4,3,3,2.000000,2,7.407407e-02,
PIK3CA->-INPP4A,2,1,4.000000,4,1.875000e-01,
CDH1->-TET2,2,1,4.000000,4,6.250000e-02,
CDH1->-NOTCH4,2,1,4.000000,4,6.204044e-02,
CDH1->-NOTCH4 CDH1->-PIK3CA PIK3CA->-NOTCH4,3,3,2.000000,2,7.407407e-02,
BRCA2->-CDH1,2,1,4.000000,4,8.710356e-01,
NF1->-FOXA1,2,1,4.000000,4,6.250000e-02,
NF1->-FOXA1 TP53->-FOXA1 TP53->-NF1,3,3,2.000000,2,7.407407e-02,
NF1->-FOXA1 NF1->-PIK3CA PIK3CA->-FOXA1,3,3,2.000000,2,7.407407e-02,
PTEN->-SETD2,2,1,4.000000,4,1.138387e-01,
CDH1->-DNMT3A,2,1,4.000000,4,1.573276e-01,
CDH1->-DNMT3A CDH1->-PIK3CA PIK3CA->-DNMT3A,3,3,2.000000,2,5.698220e-02,
CDH1->-DNMT3A TP53->-CDH1 TP53->-DNMT3A,3,3,2.000000,2,1.752265e-02,
NCOR1->-MAP2K4,2,1,4.000000,4,6.367188e-01,
MAP2K4->-PIK3CA NCOR1->-MAP2K4 NCOR1->-PIK3CA,3,3,2.000000,2,1.319444e-01,
SOX9->-PTCH1,2,1,4.000000,4,6.250000e-02,
APC->-KMT2D,2,1,4.000000,4,1.861772e-01,
APC->-KMT2D TP53->-APC TP53->-KMT2D,3,3,3.000000,3,1.585040e-02,
GATA3->-CREBBP,2,1,4.000000,4,1.250000e-01,
CREBBP->-MAP3K1 GATA3->-CREBBP GATA3->-MAP3K1 GATA3->-PIK3CA PIK3CA->-CREBBP PIK3CA->-MAP3K1,4,6,2.000000,2,1.736111e-03,
TP53->-EPCAM,2,1,4.000000,4,1.840278e-01,
JAK1->-PIK3CA,2,1,4.000000,4,4.278846e-01,
CDH1->-ANKRD11,2,1,4.000000,4,2.663793e-01,
PIK3CA->-MSH6,2,1,4.000000,4,3.437500e-01,
PTPRS->-MAP3K1,2,1,4.000000,4,8.474984e-02,
TP53->-KLF4,2,1,4.000000,4,2.609954e-01,
TBX3->-RUNX1,2,1,4.000000,4,3.437500e-01,
CDH1->-ARID5B,2,1,4.000000,4,4.741379e-02,
CDH1->-ARID5B CDH1->-PIK3CA PIK3CA->-ARID5B,3,3,3.000000,3,1.193074e-02,
CDH1->-PARP1,2,1,4.000000,4,1.494990e-01,
CDH1->-PARP1 CDH1->-PIK3CA PIK3CA->-PARP1,3,3,2.000000,2,1.105796e-01,
CDH1->-KMT2C CDH1->-PARP1 KMT2C->-PARP1,3,3,2.000000,2,5.259781e-02,
CDH1->-PARP1 CDH1->-RAD50 RAD50->-PARP1,3,3,2.000000,2,1.557569e-02,
NF1->-ATM,2,1,4.000000,4,5.357143e-02,
NF1->-ATM NF1->-PIK3CA PIK3CA->-ATM,3,3,2.000000,2,2.777778e-02,
KMT2C->-TSC2,2,1,4.000000,4,3.074171e-01,
TP53->-MSH6,2,1,4.000000,4,1.329545e-01,
TP53->-AURKA,2,1,4.000000,4,3.273810e-02,
PIK3CA->-IKBKE,2,1,4.000000,4,1.875000e-01,
PIK3CA->-PALB2,2,1,4.000000,4,2.353244e-01,
GATA3->-CBFB,2,1,4.000000,4,9.998813e-01,
PIK3CA->-NF2,2,1,4.000000,4,6.594517e-02,
PIK3CA->-PAK7,2,1,4.000000,4,2.315972e-01,
CDH1->-PAK7 CDH1->-PIK3CA PIK3CA->-PAK7,3,3,2.000000,2,7.407407e-02,
TP53->-NF2,2,1,4.000000,4,3.472222e-02,
GATA3->-FOXA1,2,1,4.000000,4,7.054427e-01,
GATA3->-FOXA1 PIK3CA->-FOXA1 PIK3CA->-GATA3,3,3,2.000000,2,2.230367e-01,
MGA->-ATR,2,1,4.000000,4,5.079601e-02,
MGA->-ATR MGA->-PIK3CA PIK3CA->-ATR,3,3,2.000000,2,1.096361e-01,
TP53->-SMAD2,2,1,4.000000,4,1.708333e-01,
TP53->-BRIP1,2,1,4.000000,4,1.080159e-01,
PIK3CA->-KDM5C,2,1,4.000000,4,7.620378e-01,
PIK3CA->-IKZF1,2,1,4.000000,4,4.968102e-01,
TP53->-CDKN1A,2,1,4.000000,4,1.240300e-01,
GATA3->-SF3B1,2,1,4.000000,4,5.000000e-01,
GATA3->-SF3B1 PIK3CA->-GATA3 PIK3CA->-SF3B1,3,3,2.000000,2,7.407407e-02,
ERBB4->-GATA3,2,1,4.000000,4,1.145833e-01,
ESR1->-RICTOR,2,1,3.000000,3,4.821429e-01,
ESR1->-NOTCH1,2,1,3.000000,3,3.125000e-01,
ARID2->-CARD11,2,1,3.000000,3,2.489207e-01,
ARID1A->-CARD11,2,1,3.000000,3,3.969627e-01,
ARID1A->-CARD11 ARID2->-ARID1A ARID2->-CARD11,3,3,2.000000,2,4.816212e-02,
FAT1->-ATRX,2,1,3.000000,3,2.888158e-01,
FAT1->-ATRX TP53->-ATRX TP53->-FAT1,3,3,2.000000,2,2.134503e-02,
FAT1->-ATRX PTEN->-ATRX PTEN->-FAT1,3,3,2.000000,2,2.134503e-02,
LATS2->-PIK3CA,2,1,3.000000,3,6.041667e-01,
ARID2->-PIK3CA,2,1,3.000000,3,9.703190e-01,
SETD2->-ARID1A,2,1,3.000000,3,4.980159e-01,
ARID1A->-PIK3CA SETD2->-ARID1A SETD2->-PIK3CA,3,3,2.000000,2,1.942821e-01,
NOTCH1->-PIK3CA SETD2->-NOTCH1 SETD2->-PIK3CA,3,3,2.000000,2,7.407407e-02,
ARID1A->-ARID2,2,1,3.000000,3,8.274348e-01,
ARID1A->-ARID2 ARID1A->-PIK3CA ARID2->-PIK3CA,3,3,2.000000,2,1.301779e-01,
FAT1->-SETD2,2,1,3.000000,3,2.410714e-01,
FAT1->-SETD2 TP53->-FAT1 TP53->-SETD2,3,3,2.000000,2,8.730159e-03,
GATA3->-PTEN,2,1,3.000000,3,7.418981e-01,
EP300->-PIK3CA,2,1,3.000000,3,8.612027e-01,
NOTCH1->-MAP3K1,2,1,3.000000,3,4.263393e-01,
AXL->-PIK3CA,2,1,3.000000,3,5.564236e-01,
PIK3CA->-SMO,2,1,3.000000,3,7.197483e-01,
CDH1->-PIK3CA CDH1->-SMO PIK3CA->-SMO,3,3,2.000000,2,1.105796e-01,
KMT2A->-BRCA2,2,1,3.000000,3,3.125000e-01,
TP53->-ASXL1,2,1,3.000000,3,8.333333e-02,
PTEN->-FOXA1,2,1,3.000000,3,4.203543e-01,
KMT2C->-PTPRD,2,1,3.000000,3,2.672414e-01,
KMT2C->-XPO1,2,1,3.000000,3,1.250000e-01,
MTOR->-XPO1,2,1,3.000000,3,1.250000e-01,
KMT2C-/-PIK3CA,2,1,3.000000,3,7.540427e-01,
MAP3K1-/-PIK3CA,2,1,3.000000,3,8.961226e-01,
MAP3K1->-MEN1,2,1,3.000000,3,3.921131e-01,
ARID1A->-FOXA1,2,1,3.000000,3,3.785714e-01,
PIK3CA->-FH,2,1,3.000000,3,2.500000e-01,
MAP3K1->-EPHB1,2,1,3.000000,3,4.553571e-01,
CDH1->-EPHB1 CDH1->-MAP3K1 CDH1->-PIK3CA MAP3K1->-EPHB1 PIK3CA->-EPHB1 PIK3CA->-MAP3K1,4,6,2.000000,2,7.440476e-04,
NSD1->-MAP3K1,2,1,3.000000,3,7.410969e-01,
CDH1->-MAP3K1 CDH1->-NSD1 NSD1->-MAP3K1,3,3,2.000000,2,1.255144e-01,
CDH1->-DOT1L CDH1->-MAP3K1 DOT1L->-MAP3K1,3,3,2.000000,2,2.469136e-02,
ARID1A->-MAP3K1,2,1,3.000000,3,9.178768e-01,
DOT1L->-MAP3K1,2,1,3.000000,3,2.076211e-01,
NSD1->-KMT2C,2,1,3.000000,3,4.491453e-01,
NSD1->-KMT2C PIK3CA->-KMT2C PIK3CA->-NSD1,3,3,2.000000,2,2.777778e-02,
ARID1A->-KMT2C ARID1A->-NSD1 NSD1->-KMT2C,3,3,2.000000,2,2.777778e-02,
MAP3K1->-KMT2C NSD1->-KMT2C NSD1->-MAP3K1,3,3,2.000000,2,4.902263e-02,
ARID1A->-EPHB1,2,1,3.000000,3,8.245150e-02,
ARID1A->-EPHB1 TP53->-ARID1A TP53->-EPHB1,3,3,2.000000,2,2.692986e-02,
CDH1->-DOT1L,2,1,3.000000,3,2.294126e-01,
CBFB->-EGFR,2,1,3.000000,3,1.250000e-01,
NCOR1->-FAT1,2,1,3.000000,3,2.334308e-01,
NCOR1->-FAT1 NCOR1->-PIK3CA PIK3CA->-FAT1,3,3,2.000000,2,8.973823e-02,
STAG2->-FAT1,2,1,3.000000,3,3.114035e-01,
PIK3CA->-FGFR3,2,1,3.000000,3,3.719627e-01,
PIK3CA->-PDCD1,2,1,3.000000,3,3.114035e-01,
PIK3CA->-RBM10,2,1,3.000000,3,2.739766e-01,
PIK3CA->-ASXL2,2,1,3.000000,3,5.788077e-01,
CDH1->-ALK,2,1,3.000000,3,2.388889e-01,
CDH1->-ALK CDH1->-PIK3CA PIK3CA->-ALK,3,3,2.000000,2,2.222222e-02,
CDH1->-ALK CDH1->-FOXA1 FOXA1->-ALK,3,3,2.000000,2,2.222222e-02,
TP53->-CDK12,2,1,3.000000,3,3.645175e-01,
AKT1->-RUNX1,2,1,3.000000,3,9.166667e-02,
RUNX1->-MAP3K1,2,1,3.000000,3,4.500000e-01,
IKZF1->-PIK3CA,2,1,3.000000,3,7.643264e-01,
PIK3CA->-KIT,2,1,3.000000,3,2.442529e-01,
PIK3CA->-KIT TP53->-KIT TP53->-PIK3CA,3,3,2.000000,2,4.317136e-02,
CDH1->-FLT1,2,1,3.000000,3,1.250000e-01,
BRCA2->-ZFHX3,2,1,3.000000,3,6.500000e-02,
PIK3CA->-EIF4A2,2,1,3.000000,3,3.365279e-01,
PIK3CA->-FBXW7,2,1,3.000000,3,5.612116e-01,
HIST1H3I->-SMARCA4,2,1,3.000000,3,1.223182e-01,
HIST1H3I->-SMARCA4 PIK3CA->-HIST1H3I PIK3CA->-SMARCA4,3,3,2.000000,2,7.115326e-02,
CDH1->-EGFR,2,1,3.000000,3,4.250000e-01,
CDH1->-EGFR CDH1->-PIK3CA PIK3CA->-EGFR,3,3,2.000000,2,3.703704e-02,
CDH1->-EPHA7,2,1,3.000000,3,1.240809e-01,
SPEN->-ARID2,2,1,3.000000,3,2.589286e-01,
SPEN->-ARID2 TP53->-ARID2 TP53->-SPEN,3,3,2.000000,2,4.629630e-02,
TP53->-SOX2,2,1,3.000000,3,1.000000e-01,
TP53->-LATS1,2,1,3.000000,3,4.625000e-01,
LATS1->-TSC2,2,1,3.000000,3,8.363636e-02,
CDH1->-GRIN2A,2,1,3.000000,3,1.250000e-01,
TP53->-GNA11,2,1,3.000000,3,1.095238e-01,
TP53->-PIK3C3,2,1,3.000000,3,1.250000e-01,
MAP3K1->-PIK3C3,2,1,3.000000,3,5.128205e-02,
TP53->-IRS1,2,1,3.000000,3,2.500000e-01,
IRS1->-PIK3CA,2,1,3.000000,3,6.893939e-01,
MAP3K1->-CARD11,2,1,3.000000,3,8.379121e-02,
ERBB3->-CARD11 MAP3K1->-CARD11 MAP3K1->-ERBB3,3,3,2.000000,2,1.289683e-02,
CARD11->-ATR TP53->-ATR TP53->-CARD11,3,3,3.000000,3,2.315466e-02,
CARD11->-ATR PIK3CA->-ATR PIK3CA->-CARD11,3,3,2.000000,2,7.266088e-02,
MDC1->-PIK3CA,2,1,3.000000,3,9.409598e-01,
MAP3K1->-ATR,2,1,3.000000,3,3.875000e-01,
MAP3K1->-ATR MAP3K1->-PIK3CA PIK3CA->-ATR,3,3,2.000000,2,2.777778e-02,
TP53->-RPS6KA4,2,1,3.000000,3,1.914860e-01,
PTEN->-ATM,2,1,3.000000,3,6.890110e-02,
PIK3CA->-ATM PTEN->-ATM PTEN->-PIK3CA,3,3,2.000000,2,1.418803e-02,
TP53->-NTRK3,2,1,3.000000,3,3.125000e-01,
PIK3CA->-AMER1,2,1,3.000000,3,4.134615e-01,
FOXA1->-ESR1,2,1,3.000000,3,3.624575e-01,
FOXA1->-KMT2D,2,1,3.000000,3,3.973214e-01,
CDKN2A->-TP53,2,1,3.000000,3,9.910177e-01,
MEN1->-STAG2,2,1,3.000000,3,9.482759e-02,
GATA3->-NUP93 MEN1->-GATA3 MEN1->-NUP93 MEN1->-STAG2 STAG2->-GATA3 STAG2->-NUP93,4,6,2.000000,2,1.736111e-03,
MEN1->-NUP93 MEN1->-PIK3CA PIK3CA->-NUP93,3,3,2.000000,2,2.777778e-02,
GATA3->-NUP93,2,1,3.000000,3,1.250000e-01,
GATA3->-NUP93 PIK3CA->-GATA3 PIK3CA->-NUP93,3,3,2.000000,2,7.407407e-02,
GATA3->-ERBB3,2,1,3.000000,3,3.633333e-01,
PIK3CA->-FLT3,2,1,3.000000,3,5.000000e-01,
MAP3K1->-SPEN,2,1,3.000000,3,3.125000e-01,
GATA3->-SPEN MAP3K1->-GATA3 MAP3K1->-SPEN,3,3,2.000000,2,2.777778e-02,
KMT2C->-SPEN,2,1,3.000000,3,6.738281e-01,
KMT2C->-ATM,2,1,3.000000,3,4.922448e-01,
ARID1A->-EGFR,2,1,3.000000,3,1.250000e-01,
ARID1A->-EGFR GATA3->-ARID1A GATA3->-EGFR,3,3,2.000000,2,2.777778e-02,
ARID1A->-SPEN PIK3CA->-ARID1A PIK3CA->-SPEN,3,3,3.000000,3,1.620370e-02,
ARID1A->-SPEN CDH1->-ARID1A CDH1->-SPEN,3,3,2.000000,2,2.777778e-02,
ARID1A->-SPEN MEN1->-ARID1A MEN1->-SPEN,3,3,2.000000,2,2.777778e-02,
CHEK2->-ARID1A,2,1,3.000000,3,9.880952e-02,
ATM->-SPEN,2,1,3.000000,3,5.573655e-01,
RECQL4->-PIK3CA,2,1,3.000000,3,7.635834e-01,
PIK3CA->-IRS1,2,1,3.000000,3,6.893939e-01,
AKT1->-NF1,2,1,3.000000,3,1.250000e-01,
ATM->-KMT2C,2,1,3.000000,3,4.922448e-01,
ROS1->-PIK3CA,2,1,3.000000,3,8.874678e-01,
ROS1->-TP53,2,1,3.000000,3,9.489965e-01,
PIK3CA->-ROS1 PIK3CA->-TP53 ROS1->-TP53,3,3,2.000000,2,1.284200e-01,
TSC2->-PIK3CA,2,1,3.000000,3,7.061839e-01,
KDM5C->-ESR1,2,1,3.000000,3,2.625000e-01,
TBX3->-ANKRD11,2,1,3.000000,3,5.000000e-01,
CDH1->-BRCA2 CDH1->-ESR1 ESR1->-BRCA2,3,3,3.000000,3,4.629630e-03,
CDH1->-PIK3CG,2,1,3.000000,3,2.888158e-01,
TBX3->-BRCA2,2,1,3.000000,3,4.087912e-01,
CDH1->-HNF1A,2,1,3.000000,3,1.250000e-01,
TP53->-FLT3,2,1,3.000000,3,1.092105e-01,
PIK3CA->-FLT3 TP53->-FLT3 TP53->-PIK3CA,3,3,2.000000,2,2.777778e-02,
NF1->-FLT3,2,1,2.000000,2,2.500000e-01,
ATRX->-EPHB1,2,1,3.000000,3,1.080549e-01,
ATRX->-EPHB1 TP53->-ATRX TP53->-EPHB1,3,3,2.000000,2,6.207054e-02,
PTEN->-EPHB1,2,1,2.000000,2,2.161097e-01,
ATRX->-EPHB1 CDH1->-ATRX CDH1->-EPHB1,3,3,2.000000,2,2.134503e-02,
PTEN->-FAT1,2,1,3.000000,3,5.279665e-01,
CDH1->-CDK12,2,1,3.000000,3,7.280702e-02,
PTEN->-MAP2K4,2,1,3.000000,3,8.451069e-01,
PTEN->-MAP2K4 PTEN->-TP53 TP53->-MAP2K4,3,3,2.000000,2,1.185429e-01,
PTEN->-JAK3,2,1,3.000000,3,7.661538e-02,
PTEN->-PTPRS,2,1,3.000000,3,1.014320e-01,
CDH1->-ACVR1 CDH1->-PTPRS PTEN->-ACVR1 PTEN->-CDH1 PTEN->-PTPRS PTPRS->-ACVR1,4,6,2.000000,2,9.764771e-04,
TBX3->-FOXA1,2,1,3.000000,3,7.009046e-01,
CDH1->-FOXA1 CDH1->-TBX3 TBX3->-FOXA1,3,3,2.000000,2,2.134503e-02,
MAP2K4->-PTPRS,2,1,3.000000,3,1.092105e-01,
TP53->-RHOA,2,1,3.000000,3,3.858135e-01,
TP53->-H3F3C,2,1,3.000000,3,8.055556e-02,
PIK3CA->-GNA11,2,1,3.000000,3,2.892857e-01,
ATM->-FAT1 PIK3CA->-ATM PIK3CA->-FAT1 PIK3CA->-TP53 TP53->-ATM TP53->-FAT1,4,6,2.000000,2,4.176312e-03,
GNA11->-FAT1 PIK3CA->-FAT1 PIK3CA->-GNA11 PIK3CA->-TP53 TP53->-FAT1 TP53->-GNA11,4,6,2.000000,2,1.273148e-03,
PIK3CA->-RIT1,2,1,3.000000,3,8.769231e-02,
ATM->-FAT1,2,1,3.000000,3,2.493386e-01,
PIK3CA->-CTCF,2,1,3.000000,3,9.460881e-01,
PIK3CA->-GATA2,2,1,3.000000,3,3.125000e-01,
STK11->-EP300,2,1,3.000000,3,2.795956e-01,
STK11->-EP300 TP53->-EP300 TP53->-STK11,3,3,2.000000,2,1.052790e-01,
TP53->-INPP4A,2,1,3.000000,3,1.250000e-01,
TP53->-ERCC2,2,1,3.000000,3,7.959184e-02,
PIK3CA->-SMAD2,2,1,3.000000,3,2.343750e-01,
PIK3C2G->-CREBBP,2,1,3.000000,3,2.343750e-01,
PIK3C2G->-CREBBP PIK3CA->-CREBBP PIK3CA->-PIK3C2G,3,3,2.000000,2,9.060847e-02,
CREBBP->-MAP3K1 PIK3CA->-CREBBP PIK3CA->-MAP3K1,3,3,3.000000,3,1.322751e-03,
PIK3C2G->-MAP3K1,2,1,3.000000,3,2.228751e-01,
PIK3C2G->-MAP3K1 PIK3CA->-MAP3K1 PIK3CA->-PIK3C2G,3,3,2.000000,2,4.100529e-02,
CDH1->-GPS2,2,1,3.000000,3,6.041667e-01,
ATRX->-PIK3CA,2,1,3.000000,3,9.095775e-01,
DOT1L->-PIK3CA,2,1,3.000000,3,5.000000e-01,
GATA3->-CARD11,2,1,3.000000,3,9.880952e-02,
TP53->-RASA1,2,1,3.000000,3,4.687500e-01,
IRS2->-CARD11,2,1,3.000000,3,7.500000e-02,
IRS2->-CARD11 TP53->-CARD11 TP53->-IRS2,3,3,2.000000,2,4.124579e-02,
NCOR1->-CARD11,2,1,3.000000,3,3.125000e-01,
NCOR1->-PTEN,2,1,3.000000,3,4.479167e-01,
TP53->-CDK4,2,1,3.000000,3,1.250000e-01,
TP53->-AKT2,2,1,3.000000,3,8.750000e-02,
NF1->-NCOR1,2,1,3.000000,3,4.732143e-01,
MED12->-NSD1,2,1,3.000000,3,2.869421e-01,
MAP3K1->-MED12 PTEN->-MAP3K1 PTEN->-MED12,3,3,3.000000,3,2.101931e-03,
PTEN->-NSD1,2,1,3.000000,3,1.160969e-01,
NCOR1->-NSD1 PTEN->-NCOR1 PTEN->-NSD1 TP53->-NCOR1 TP53->-NSD1 TP53->-PTEN,4,6,2.000000,2,1.736111e-03,
CDKN1B-/-PIK3CA,2,1,3.000000,3,7.528205e-02,
CDKN1B-/-KMT2C CDKN1B-/-PIK3CA MAP3K1->-CDKN1B MAP3K1->-KMT2C MAP3K1->-PIK3CA PIK3CA->-KMT2C,4,6,2.000000,2,2.424749e-04,
PIK3CA->-PIK3C3,2,1,3.000000,3,1.580979e-01,
MAP3K1->-PIK3C3 PIK3CA->-MAP3K1 PIK3CA->-PIK3C3,3,3,2.000000,2,2.546296e-02,
PIK3CA->-RASA1,2,1,3.000000,3,2.423306e-01,
ARID1A->-TBX3,2,1,3.000000,3,3.643045e-01,
ARID1A->-CREBBP,2,1,3.000000,3,2.712912e-01,
ARID1A->-CREBBP CDH1->-ARID1A CDH1->-CREBBP,3,3,2.000000,2,1.096866e-01,
ARID1A->-APC CDH1->-APC CDH1->-ARID1A,3,3,2.000000,2,2.777778e-02,
ARID1A->-CREBBP ARID1A->-PIK3CA PIK3CA->-CREBBP,3,3,2.000000,2,5.626781e-02,
ARID1A->-BRCA2,2,1,3.000000,3,5.602042e-01,
ARID1A->-BRCA2 ARID1A->-PIK3CA PIK3CA->-BRCA2,3,3,2.000000,2,5.626781e-02,
KMT2C->-PIK3R1,2,1,3.000000,3,4.866453e-01,
KMT2C->-PIK3R1 PTEN->-KMT2C PTEN->-PIK3R1,3,3,2.000000,2,6.893004e-02,
TBX3->-MAP3K1,2,1,3.000000,3,9.140594e-01,
MAP3K1->-PIK3CA TBX3->-MAP3K1 TBX3->-PIK3CA,3,3,2.000000,2,2.632245e-01,
PIK3CA->-HIST1H3B,2,1,3.000000,3,2.875000e-01,
CHEK2->-TP53,2,1,3.000000,3,3.571429e-01,
CHEK2->-PIK3CA CHEK2->-TP53 TP53->-PIK3CA,3,3,2.000000,2,2.777778e-02,
CDH1->-KDM6A,2,1,3.000000,3,4.986213e-01,
CDH1->-PBRM1,2,1,3.000000,3,3.125000e-01,
MTOR->-CDH1,2,1,3.000000,3,7.525112e-01,
CDH1->-LATS1,2,1,3.000000,3,9.166667e-02,
NF1->-ARID1A,2,1,3.000000,3,3.125000e-01,
NF1->-ARID1A PIK3CA->-ARID1A PIK3CA->-NF1,3,3,2.000000,2,7.407407e-02,
BRCA2->-PIK3CA,2,1,3.000000,3,9.297127e-01,
SPEN->-GATA3,2,1,3.000000,3,9.690544e-01,
ATM->-ESR1,2,1,3.000000,3,1.250000e-01,
ATRX->-GATA3,2,1,3.000000,3,2.857143e-01,
ESR1->-RHOA,2,1,3.000000,3,1.250000e-01,
CDH1->-ESR1 CDH1->-RHOA ESR1->-RHOA,3,3,2.000000,2,2.777778e-02,
CDH1->-SMARCB1,2,1,3.000000,3,9.523810e-02,
CDH1->-ARID1B,2,1,3.000000,3,2.910696e-01,
CDH1->-ATR,2,1,3.000000,3,2.097701e-01,
CDH1->-ATR CDH1->-PIK3CA PIK3CA->-ATR,3,3,2.000000,2,5.698220e-02,
CDH1->-ERCC5,2,1,3.000000,3,8.333333e-02,
MAP2K4->-CDH1,2,1,3.000000,3,9.654174e-01,
TP53->-LATS2,2,1,3.000000,3,3.100446e-01,
MAP2K4->-MED12,2,1,3.000000,3,1.250000e-01,
TP53->-DNMT3B,2,1,3.000000,3,6.250000e-02,
MAP3K1->-PTPRD,2,1,3.000000,3,2.170759e-01,
PIK3CA->-JAK1,2,1,3.000000,3,7.193510e-01,
ARID1A->-JAK1,2,1,3.000000,3,1.250000e-01,
ARID1A->-JAK1 ARID1A->-PIK3CA JAK1->-PIK3CA,3,3,2.000000,2,7.407407e-02,
AKT1->-CBFB,2,1,3.000000,3,8.554688e-01,
CBFB->-ERBB2,2,1,3.000000,3,1.250000e-01,
CBFB->-CDH1 CBFB->-ERBB2 CDH1->-ERBB2,3,3,2.000000,2,2.777778e-02,
BCL6->-CDH1,2,1,3.000000,3,5.000000e-01,
PIK3CA->-FLT1,2,1,3.000000,3,4.528509e-01,
MST1R->-KMT2C,2,1,3.000000,3,3.125000e-01,
MST1R->-KMT2C PIK3CA->-KMT2C PIK3CA->-MST1R,3,3,2.000000,2,7.407407e-02,
ARID1A->-POLE,2,1,3.000000,3,2.713687e-01,
ARID1A->-POLE PIK3CA->-ARID1A PIK3CA->-POLE,3,3,2.000000,2,7.266088e-02,
ARID1A->-POLE GATA3->-ARID1A GATA3->-POLE,3,3,2.000000,2,1.782662e-02,
MST1R->-MAP3K1 PIK3CA->-MAP3K1 PIK3CA->-MST1R,3,3,3.000000,3,4.629630e-03,
CHEK2->-GATA3,2,1,3.000000,3,2.732143e-01,
KMT2D->-TP53,2,1,3.000000,3,9.999820e-01,
TP53->-CUL3,2,1,3.000000,3,8.333333e-02,
ARID1A->-ATM,2,1,3.000000,3,3.785714e-01,
PTPRT->-ARID2,2,1,3.000000,3,2.571334e-01,
PIK3CA->-ARID2 PIK3CA->-PTPRT PIK3CA->-TP53 PTPRT->-ARID2 TP53->-ARID2 TP53->-PTPRT,4,6,2.000000,2,2.801616e-04,
CDH1->-ARID2,2,1,3.000000,3,2.500000e-01,
CDH1->-ARID2 CDH1->-PIK3CA PIK3CA->-ARID2,3,3,2.000000,2,7.407407e-02,
PTPRT->-PIK3CA,2,1,3.000000,3,9.893196e-01,
CDH1->-DAXX,2,1,3.000000,3,9.482759e-02,
PIK3CA->-KDM5A,2,1,3.000000,3,4.687500e-01,
ARID1A->-NOTCH4,2,1,3.000000,3,1.250000e-01,
ARID1A->-ATR,2,1,3.000000,3,1.236772e-01,
PIK3CA->-KMT2D PIK3CA->-ROS1 ROS1->-KMT2D,3,3,2.000000,2,2.692986e-02,
ARID1A->-ATR ARID1A->-BCOR BCOR->-ATR PIK3CA->-ARID1A PIK3CA->-ATR PIK3CA->-BCOR PIK3CA->-ROS1 ROS1->-ARID1A ROS1->-ATR ROS1->-BCOR,5,10,2.000000,2,3.970899e-04,
BRCA1->-TET2,2,1,3.000000,3,2.033750e-01,
ESR1->-NCOR1,2,1,3.000000,3,6.562500e-01,
GATA3->-BRCA1,2,1,3.000000,3,4.187500e-01,
CDH1->-SF3B1,2,1,3.000000,3,2.562500e-01,
NF1->-KMT2D,2,1,3.000000,3,2.625000e-01,
KMT2C->-KMT2D,2,1,3.000000,3,7.207031e-01,
KMT2C->-KMT2D TP53->-KMT2C TP53->-KMT2D,3,3,2.000000,2,2.052507e-01,
KMT2C->-KMT2D PTPRT->-KMT2C PTPRT->-KMT2D,3,3,2.000000,2,2.777778e-02,
PTPRT->-KMT2C,2,1,3.000000,3,1.250000e-01,
PTPRT->-KMT2C TP53->-KMT2C TP53->-PTPRT,3,3,2.000000,2,7.407407e-02,
PTPRS->-KMT2C,2,1,3.000000,3,2.991453e-01,
PTPRS->-KMT2C TP53->-KMT2C TP53->-PTPRS,3,3,2.000000,2,2.777778e-02,
PTPRT->-KMT2D,2,1,3.000000,3,6.152225e-01,
KMT2D->-PIK3CA PTPRT->-KMT2D PTPRT->-PIK3CA,3,3,2.000000,2,1.676878e-01,
FOXA1->-TBX3,2,1,3.000000,3,7.009046e-01,
FOXA1->-TBX3 PIK3CA->-FOXA1 PIK3CA->-TBX3,3,3,2.000000,2,7.407407e-02,
CREBBP->-TP53,2,1,3.000000,3,9.929297e-01,
ESR1->-SPEN,2,1,3.000000,3,5.000000e-01,
ARID1B->-TP53,2,1,3.000000,3,9.807963e-01,
FGFR4->-PIK3CA,2,1,3.000000,3,8.001442e-01,
MEN1->-FAT1,2,1,3.000000,3,1.011905e-01,
TP53->-CDKN1B,2,1,3.000000,3,2.200893e-01,
SF3B1->-GATA3,2,1,3.000000,3,7.734375e-01,
SOX9->-TP53,2,1,3.000000,3,6.041667e-01,
TP53->-DICER1,2,1,3.000000,3,1.674107e-01,
PIK3CA->-DICER1 TP53->-DICER1 TP53->-PIK3CA,3,3,2.000000,2,1.802957e-02,
SPEN->-TP53,2,1,3.000000,3,9.739906e-01,
SPEN->-CDH1,2,1,3.000000,3,9.437956e-01,
SDHB->-GATA3,2,1,3.000000,3,2.672794e-01,
PTEN->-MST1R,2,1,3.000000,3,8.333333e-02,
KDM5C->-TP53,2,1,3.000000,3,6.006944e-01,
TP53->-YES1,2,1,3.000000,3,9.482759e-02,
PIK3CA->-YES1 TP53->-PIK3CA TP53->-YES1,3,3,2.000000,2,5.698220e-02,
ESR1->-EGFR,2,1,3.000000,3,1.250000e-01,
ESR1->-EGFR ESR1->-GATA3 GATA3->-EGFR,3,3,2.000000,2,2.777778e-02,
MAP2K4->-ESR1,2,1,3.000000,3,1.000000e-01,
NCOR1->-ESR1,2,1,3.000000,3,6.562500e-01,
ASXL1->-PIK3CA,2,1,3.000000,3,5.541667e-01,
TP53->-BBC3,2,1,3.000000,3,7.500000e-02,
CBFB->-CDKN1B,2,1,3.000000,3,1.250000e-01,
GATA3->-NF1,2,1,3.000000,3,2.500000e-01,
CDH1->-DNMT3B,2,1,3.000000,3,2.500000e-01,
CDH1->-DNMT3B CDH1->-PIK3CA PIK3CA->-DNMT3B,3,3,2.000000,2,2.777778e-02,
TP53->-SOX9,2,1,3.000000,3,6.041667e-01,
SOX9->-PTCH1 TP53->-PTCH1 TP53->-SOX9,3,3,2.000000,2,2.777778e-02,
NF1->-APC,2,1,3.000000,3,4.118234e-01,
ARID1A->-ANKRD11,2,1,3.000000,3,1.947321e-01,
PIK3CA->-PAK1,2,1,3.000000,3,5.146199e-02,
PIK3CA->-PAK1 PIK3CA->-TP53 TP53->-PAK1,3,3,2.000000,2,4.498839e-03,
PAK1-/-PTPRT PIK3CA->-PAK1 PIK3CA->-PTPRT,3,3,2.000000,2,1.094648e-03,
PIK3CA->-ARID1B,2,1,3.000000,3,7.929205e-01,
PIK3CA->-ASXL1,2,1,3.000000,3,5.541667e-01,
ARID1A->-APC,2,1,3.000000,3,3.105159e-01,
ERBB2->-PTCH1,2,1,3.000000,3,1.250000e-01,
CDH1->-PTCH1 ERBB2->-CDH1 ERBB2->-PTCH1,3,3,2.000000,2,7.407407e-02,
ERBB2->-PIK3CA ERBB2->-PTCH1 PIK3CA->-PTCH1,3,3,2.000000,2,2.777778e-02,
ERBB2->-KMT2C ERBB2->-PTCH1 KMT2C->-PTCH1,3,3,2.000000,2,2.777778e-02,
PIK3CA->-SOX17,2,1,3.000000,3,2.678571e-01,
IRS2->-PIK3CA,2,1,3.000000,3,2.250000e-01,
TP53->-FLT1,2,1,3.000000,3,9.356725e-02,
CDH1->-NOTCH2,2,1,3.000000,3,8.685662e-02,
TET2->-PIK3CA,2,1,3.000000,3,9.101562e-01,
CBFB->-PTEN,2,1,3.000000,3,2.790179e-01,
RUNX1->-ARID1A,2,1,3.000000,3,4.500000e-01,
PIK3CA->-BRAF,2,1,3.000000,3,5.000000e-01,
PIK3CA->-STK11,2,1,3.000000,3,8.796030e-01,
TP53->-EIF4A2,2,1,3.000000,3,2.375000e-01,
CDH1->-CDKN2A,2,1,3.000000,3,1.250000e-01,
KMT2C->-KMT2A,2,1,3.000000,3,4.426598e-01,
KMT2C->-STAT5B,2,1,3.000000,3,5.647819e-02,
CDH1->-MSH2,2,1,3.000000,3,1.240809e-01,
TP53->-ERCC4,2,1,3.000000,3,1.666667e-01,
TP53->-ERG,2,1,3.000000,3,8.055556e-02,
PIK3CA->-SMARCD1,2,1,3.000000,3,1.000000e-01,
CTCF->-GATA3,2,1,3.000000,3,2.576389e-01,
FOXP1->-PIK3CA,2,1,3.000000,3,6.834422e-01,
RB1->-KMT2C,2,1,3.000000,3,5.310795e-01,
KMT2C->-PIK3CA RB1->-KMT2C RB1->-PIK3CA,3,3,2.000000,2,7.407407e-02,
TP53->-RAD54L,2,1,3.000000,3,8.761905e-02,
ATRX->-FLT4,2,1,3.000000,3,1.250000e-01,
CTCF->-MAP3K1,2,1,3.000000,3,4.437500e-01,
AKT1->-PIK3CA,2,1,3.000000,3,2.000000e-01,
KMT2A->-PIK3CA,2,1,3.000000,3,9.885733e-01,
KMT2A->-MAP3K1,2,1,3.000000,3,3.605836e-01,
TP53->-CSF1R,2,1,3.000000,3,1.250000e-01,
YES1->-PARP1,2,1,3.000000,3,7.491379e-02,
PIK3CA->-PARP1 PIK3CA->-YES1 YES1->-PARP1,3,3,2.000000,2,1.752265e-02,
TP53->-PARP1 TP53->-YES1 YES1->-PARP1,3,3,2.000000,2,1.752265e-02,
PTEN->-PIK3CD,2,1,3.000000,3,8.769231e-02,
PTEN->-NBN,2,1,3.000000,3,8.769231e-02,
PTEN->-NBN TP53->-NBN TP53->-PTEN,3,3,2.000000,2,2.777778e-02,
KMT2A->-MED12,2,1,3.000000,3,2.565385e-01,
KMT2A->-SETD2,2,1,3.000000,3,8.769231e-02,
PIK3CA->-FGFR1,2,1,3.000000,3,2.812500e-01,
TP53->-FGFR1,2,1,3.000000,3,1.041667e-01,
TP53->-PMS1,2,1,3.000000,3,2.238636e-01,
PIK3CA->-FGFR1 PIK3CA->-TP53 TP53->-FGFR1,3,3,2.000000,2,5.092593e-02,
ATR->-ALK,2,1,3.000000,3,9.166667e-02,
ATR->-ALK TP53->-ALK TP53->-ATR,3,3,2.000000,2,2.777778e-02,
MAP2K4->-FOXP1,2,1,3.000000,3,6.500000e-02,
AKT1->-ESR1,2,1,3.000000,3,1.859375e-01,
ARID1A->-ARID5B,2,1,3.000000,3,1.250000e-01,
ARID1A->-TP53,2,1,3.000000,3,9.996853e-01,
ARID1A->-ARID5B ARID1A->-TP53 TP53->-ARID5B,3,3,2.000000,2,2.777778e-02,
TP53->-MYCN,2,1,3.000000,3,7.500000e-02,
BRCA1->-GATA2,2,1,3.000000,3,1.250000e-01,
BRCA1->-GATA2 TP53->-BRCA1 TP53->-GATA2,3,3,2.000000,2,7.407407e-02,
TP53->-SYK,2,1,3.000000,3,3.125000e-01,
CDH1->-NOTCH1,2,1,3.000000,3,4.625000e-01,
CDH1->-PIK3C2G,2,1,3.000000,3,2.991453e-01,
CDH1->-PIK3C2G CDH1->-PIK3CA PIK3CA->-PIK3C2G,3,3,2.000000,2,7.407407e-02,
PBRM1->-TP53,2,1,3.000000,3,8.226562e-01,
TP53->-KDM5C,2,1,3.000000,3,6.006944e-01,
TP53->-EGFR,2,1,3.000000,3,1.283102e-01,
ARID1B->-NF1,2,1,3.000000,3,1.128720e-01,
ARID1B->-NF1 PTEN->-ARID1B PTEN->-NF1,3,3,2.000000,2,2.263374e-02,
ARID1B->-PTPRS ARID1B->-TSC2 CDH1->-ARID1B CDH1->-PTPRS CDH1->-TSC2 PTPRS->-TSC2,4,6,2.000000,2,1.478909e-03,
ARID1B->-KMT2C ARID1B->-NF1 ARID1B->-TSC2 CDH1->-ARID1B CDH1->-KMT2C CDH1->-NF1 CDH1->-TSC2 KMT2C->-NF1 KMT2C->-TSC2 NF1->-TSC2,5,10,2.000000,2,3.612129e-04,
TBX3->-ZFHX3,2,1,3.000000,3,4.500000e-01,
TBX3->-ZFHX3 TP53->-TBX3 TP53->-ZFHX3,3,3,2.000000,2,7.407407e-02,
SMAD4->-TP53,2,1,3.000000,3,4.357143e-01,
SMAD4->-NCOR1,2,1,3.000000,3,1.071429e-01,
PIK3CA->-NCOR1 PIK3CA->-SMAD4 SMAD4->-NCOR1,3,3,2.000000,2,2.777778e-02,
GATA3->-FAT1,2,1,3.000000,3,5.818015e-01,
TP53->-SH2B3,2,1,3.000000,3,1.961355e-01,
STAG2->-TP53,2,1,3.000000,3,9.940657e-01,
FAT1->-TP53,2,1,3.000000,3,9.994949e-01,
TP53->-RET,2,1,3.000000,3,1.250000e-01,
MED12->-PIK3CA,2,1,3.000000,3,9.681474e-01,
NOTCH2->-PIK3CA,2,1,3.000000,3,6.041667e-01,
KRAS->-KMT2C,2,1,3.000000,3,2.155172e-01,
PIK3CA->-SOX2,2,1,3.000000,3,6.730769e-02,
PIK3CA->-ARAF,2,1,3.000000,3,3.663124e-01,
PIK3CA->-ARAF PIK3CA->-TP53 TP53->-ARAF,3,3,2.000000,2,5.486756e-02,
RUNX1->-FOXA1,2,1,3.000000,3,6.145833e-01,
CDH1->-FOXA1 CDH1->-RUNX1 RUNX1->-FOXA1,3,3,2.000000,2,1.962449e-01,
CDKN1B->-MAP3K1,2,1,3.000000,3,6.803961e-01,
CDKN1B->-BAP1 CDKN1B->-MAP3K1 MAP3K1->-BAP1 PIK3CA->-BAP1 PIK3CA->-CDKN1B PIK3CA->-MAP3K1,4,6,2.000000,2,1.736111e-03,
PIK3CA->-KLF4,2,1,3.000000,3,5.000000e-01,
CDH1->-EPHA5,2,1,3.000000,3,8.333333e-02,
PTEN->-ARID2,2,1,3.000000,3,1.236772e-01,
PTEN->-ARID2 TP53->-ARID2 TP53->-PTEN,3,3,2.000000,2,7.266088e-02,
EPHA5->-ARID2 EPHA5->-ROS1 ROS1->-ARID2,3,3,2.000000,2,2.692986e-02,
ATRX->-ARID2 TP53->-ARID2 TP53->-ATRX,3,3,2.000000,2,2.692986e-02,
ATRX->-ARID2 EPHA5->-ARID2 EPHA5->-ATRX,3,3,2.000000,2,2.692986e-02,
MAP3K1->-ARID2 PTEN->-ARID2 PTEN->-MAP3K1,3,3,2.000000,2,2.777778e-02,
EPCAM->-ARID2 TP53->-ARID2 TP53->-EPCAM,3,3,2.000000,2,2.777778e-02,
EPCAM->-ARID2 PTEN->-ARID2 PTEN->-EPCAM,3,3,2.000000,2,2.777778e-02,
KRAS->-PIK3CA,2,1,3.000000,3,8.085129e-01,
PIK3CA->-FUBP1,2,1,3.000000,3,9.482759e-02,
CDH1->-KDM5C,2,1,3.000000,3,8.214286e-02,
CDH1->-BLM,2,1,3.000000,3,3.042279e-01,
CDH1->-BLM CDH1->-PIK3CA PIK3CA->-BLM,3,3,2.000000,2,6.855937e-02,
PIK3CA->-ABL1,2,1,3.000000,3,3.125000e-01,
APC->-PIK3CA,2,1,3.000000,3,9.149762e-01,
APC->-PIK3CA CDH1->-APC CDH1->-PIK3CA,3,3,2.000000,2,1.319444e-01,
TP53->-MST1R,2,1,3.000000,3,1.598214e-01,
PTEN->-MST1R TP53->-MST1R TP53->-PTEN,3,3,2.000000,2,2.777778e-02,
KMT2D->-KMT2C,2,1,3.000000,3,7.207031e-01,
ERBB3->-TBX3,2,1,3.000000,3,5.274112e-01,
KMT2D->-TBX3,2,1,3.000000,3,1.250000e-01,
PTEN->-ZFHX3 TP53->-PTEN TP53->-ZFHX3,3,3,3.000000,3,4.629630e-03,
CDH1->-FLT4,2,1,3.000000,3,1.000000e-01,
KMT2C->-MED12,2,1,3.000000,3,2.445124e-01,
RUNX1->-NCOR1,2,1,3.000000,3,8.554688e-01,
PIK3CA->-NCOR1 PIK3CA->-RUNX1 RUNX1->-NCOR1,3,3,2.000000,2,2.632245e-01,
FAT1->-FLT4,2,1,3.000000,3,1.250000e-01,
FAT1->-FLT4 TP53->-FAT1 TP53->-FLT4,3,3,2.000000,2,2.777778e-02,
FAT1->-FLT4 PIK3CA->-FAT1 PIK3CA->-FLT4,3,3,2.000000,2,2.777778e-02,
FAT1->-NF1 PIK3CA->-FAT1 PIK3CA->-NF1,3,3,2.000000,2,7.407407e-02,
PIK3CA->-AURKA,2,1,3.000000,3,9.821429e-02,
PIK3CA->-AURKA TP53->-AURKA TP53->-PIK3CA,3,3,2.000000,2,5.671296e-02,
NCOR1->-FLT4,2,1,3.000000,3,1.250000e-01,
NCOR1->-FLT4 PIK3CA->-FLT4 PIK3CA->-NCOR1,3,3,2.000000,2,2.777778e-02,
RB1->-TET1,2,1,3.000000,3,3.114035e-01,
PIK3CA->-RB1 PIK3CA->-TET1 RB1->-TET1,3,3,2.000000,2,7.326186e-02,
RB1->-TET1 TP53->-RB1 TP53->-TET1,3,3,2.000000,2,7.407407e-02,
NF1->-KMT2A,2,1,3.000000,3,3.125000e-01,
NF1->-KMT2A TP53->-KMT2A TP53->-NF1,3,3,2.000000,2,2.777778e-02,
NF1->-KMT2A PIK3CA->-KMT2A PIK3CA->-NF1,3,3,2.000000,2,2.777778e-02,
TP53->-AKT1,2,1,3.000000,3,9.996267e-01,
NOTCH4->-PIK3CA,2,1,3.000000,3,9.830633e-01,
TP53->-RAD21,2,1,3.000000,3,5.817901e-02,
RHOA->-GATA3,2,1,3.000000,3,1.160714e-01,
PIK3CA->-GATA3 RHOA->-GATA3 RHOA->-PIK3CA,3,3,2.000000,2,6.498016e-02,
CDH1->-GATA3 CDH1->-RHOA RHOA->-GATA3,3,3,2.000000,2,2.232143e-02,
CBFB->-ESR1,2,1,3.000000,3,2.750000e-01,
CBFB->-ESR1 CBFB->-PIK3CA PIK3CA->-ESR1,3,3,2.000000,2,1.388889e-02,
TP53->-FOXP1,2,1,3.000000,3,3.125000e-01,
PIK3CA->-NCOA3,2,1,3.000000,3,1.250000e-01,
APC->-PARP1,2,1,3.000000,3,1.044872e-01,
MAP2K4->-APC,2,1,3.000000,3,9.000000e-02,
APC->-ATM,2,1,3.000000,3,8.181818e-02,
APC->-ATM APC->-PIK3CA PIK3CA->-ATM,3,3,2.000000,2,4.601571e-02,
ARID1A->-NCOR1 PIK3CA->-ARID1A PIK3CA->-NCOR1,3,3,3.000000,3,1.620370e-02,
SMAD4->-ESR1,2,1,3.000000,3,1.250000e-01,
SMAD4->-CDH1,2,1,3.000000,3,7.382812e-01,
PIK3CA->-RNF43,2,1,3.000000,3,1.972222e-01,
PIK3CA->-SDHB,2,1,3.000000,3,2.672794e-01,
PIK3CA->-SDHB TP53->-PIK3CA TP53->-SDHB,3,3,2.000000,2,9.680522e-02,
CBFB->-KMT2C,2,1,3.000000,3,5.000000e-01,
CBFB->-KMT2C CBFB->-PIK3CA KMT2C->-PIK3CA,3,3,2.000000,2,1.962449e-01,
RAD52->-TP53,2,1,3.000000,3,2.426471e-01,
TP53->-AXL,2,1,3.000000,3,2.291667e-01,
TP53->-E2F3,2,1,3.000000,3,1.040741e-01,
PIK3CA->-PPP2R1A,2,1,3.000000,3,5.309167e-01,
TP53->-HGF,2,1,3.000000,3,1.238426e-01,
PTEN->-BCOR,2,1,3.000000,3,1.236772e-01,
SPEN->-ATM,2,1,3.000000,3,5.573655e-01,
SPEN->-ATM SPEN->-TP53 TP53->-ATM,3,3,2.000000,2,5.021164e-02,
AKT1->-TET2,2,1,3.000000,3,2.731250e-01,
AKT1->-TET2 AKT1->-TP53 TP53->-TET2,3,3,2.000000,2,7.407407e-02,
PIK3CA->-APC PIK3CA->-SPEN SPEN->-APC,3,3,3.000000,3,9.189113e-03,
PIK3CA->-APC PIK3CA->-SPEN PIK3CA->-TP53 SPEN->-APC TP53->-APC TP53->-SPEN,4,6,2.000000,2,1.736111e-03,
PIK3CA->-ERCC5,2,1,3.000000,3,3.125000e-01,
FGFR4->-KMT2D,2,1,3.000000,3,1.250000e-01,
TP53->-HIST3H3,2,1,3.000000,3,1.250000e-01,
CDH1->-IKBKE,2,1,3.000000,3,1.250000e-01,
CREBBP->-CDH1,2,1,3.000000,3,9.513834e-01,
CDH1->-PIK3CA CREBBP->-CDH1 CREBBP->-PIK3CA,3,3,2.000000,2,3.223088e-01,
BRCA1->-PIK3CA TP53->-BRCA1 TP53->-PIK3CA,3,3,2.000000,2,5.691964e-02,
BRCA1->-PIK3CA,2,1,3.000000,3,8.558594e-01,
BRCA1->-CREBBP,2,1,3.000000,3,2.500000e-01,
BRCA1->-CREBBP TP53->-BRCA1 TP53->-CREBBP,3,3,2.000000,2,4.431217e-02,
FBXW7->-PIK3CA,2,1,3.000000,3,5.612116e-01,
FBXW7->-PIK3CA TP53->-FBXW7 TP53->-PIK3CA,3,3,2.000000,2,9.120370e-02,
JAK1->-TP53,2,1,3.000000,3,8.417969e-01,
JAK1->-PIK3CA JAK1->-TP53 TP53->-PIK3CA,3,3,2.000000,2,7.407407e-02,
BRCA2->-TP53,2,1,3.000000,3,9.904013e-01,
TP53->-ABL1,2,1,3.000000,3,4.217703e-01,
NCOR1->-TBX3,2,1,3.000000,3,3.207251e-01,
CDH1->-TBX3 NCOR1->-CDH1 NCOR1->-TBX3,3,3,2.000000,2,2.232143e-02,
FAT1->-SPEN,2,1,3.000000,3,5.682823e-01,
CDH1->-IRF4,2,1,3.000000,3,1.026786e-01,
CDH1->-BRCA1 TP53->-BRCA1 TP53->-CDH1,3,3,3.000000,3,5.787037e-03,
MAP2K4->-TET2,2,1,3.000000,3,1.250000e-01,
CDH1->-TET2 MAP2K4->-CDH1 MAP2K4->-TET2,3,3,2.000000,2,2.777778e-02,
CDH1->-MTOR MAP2K4->-CDH1 MAP2K4->-MTOR,3,3,2.000000,2,2.777778e-02,
TET2->-SETD2 TP53->-SETD2 TP53->-TET2,3,3,3.000000,3,9.259259e-03,
ROS1->-KMT2D,2,1,3.000000,3,3.105159e-01,
ROS1->-ARID1A,2,1,3.000000,3,2.069279e-01,
PIK3CA->-FGF4,2,1,3.000000,3,9.356725e-02,
PIK3CA->-TSC2,2,1,3.000000,3,7.061839e-01,
LATS1->-KMT2C,2,1,3.000000,3,2.818182e-01,
TP53->-IDH1,2,1,3.000000,3,6.596120e-02,
ASXL2->-PIK3CA,2,1,3.000000,3,5.788077e-01,
PIK3CA->-AXL,2,1,3.000000,3,5.564236e-01,
KDM6A->-PIK3CA,2,1,3.000000,3,2.653509e-01,
DDR2->-PIK3CA,2,1,3.000000,3,7.500000e-02,
PIK3CA->-TRAF2,2,1,3.000000,3,2.635331e-01,
PIK3CA->-TP53 PIK3CA->-TRAF2 TP53->-TRAF2,3,3,2.000000,2,1.575772e-02,
FAT1->-GATA3,2,1,3.000000,3,5.818015e-01,
ARID1B->-KMT2C,2,1,3.000000,3,1.109749e-01,
ARID1B->-KMT2C ARID1B->-PIK3CA KMT2C->-PIK3CA,3,3,2.000000,2,2.446895e-02,
ARID1B->-PTCH1,2,1,2.000000,2,2.389706e-01,
PIK3CA->-CDKN1A,2,1,3.000000,3,3.980600e-01,
PIK3CA->-CDKN1A PIK3CA->-TP53 TP53->-CDKN1A,3,3,2.000000,2,7.072954e-02,
TP53->-HIST1H1C,2,1,3.000000,3,2.294974e-01,
PBRM1->-ERBB3,2,1,3.000000,3,1.250000e-01,
AKT1->-CTCF,2,1,3.000000,3,2.056250e-01,
TBX3->-PTCH1,2,1,3.000000,3,1.250000e-01,
MAP3K1->-FAT1,2,1,3.000000,3,8.379121e-02,
TP53->-NFKBIA,2,1,3.000000,3,1.250000e-01,
CBFB->-SPEN,2,1,3.000000,3,1.250000e-01,
CBFB->-SPEN GATA3->-CBFB GATA3->-SPEN,3,3,2.000000,2,7.407407e-02,
TP53->-BLM,2,1,3.000000,3,2.426471e-01,
PTPRS->-TSC2,2,1,3.000000,3,7.997784e-02,
TP53->-PDGFRB,2,1,3.000000,3,1.999095e-01,
PTEN->-ROS1,2,1,3.000000,3,3.105159e-01,
TP53->-PIK3CD,2,1,3.000000,3,1.250000e-01,
PTEN->-PIK3CD TP53->-PIK3CD TP53->-PTEN,3,3,2.000000,2,2.777778e-02,
BCOR->-PIK3CA,2,1,3.000000,3,9.425829e-01,
TP53->-PIK3R3,2,1,3.000000,3,1.000000e-01,
CDH1->-PIK3CA GPS2->-CDH1 GPS2->-PIK3CA,3,3,3.000000,3,1.620370e-02,
INPP4A->-ESR1,2,1,3.000000,3,3.125000e-01,
INPP4A->-ESR1 PIK3CA->-ESR1 PIK3CA->-INPP4A,3,3,2.000000,2,7.407407e-02,
ATRX->-RB1,2,1,3.000000,3,3.105159e-01,
ATRX->-RB1 TP53->-ATRX TP53->-RB1,3,3,2.000000,2,2.692986e-02,
TBX3->-ERBB2,2,1,3.000000,3,8.284255e-01,
CDH1->-ERBB2 TBX3->-CDH1 TBX3->-ERBB2,3,3,2.000000,2,1.962449e-01,
CDH1->-TSC2,2,1,3.000000,3,8.845476e-02,
ERBB2->-ARID1A,2,1,3.000000,3,2.506868e-01,
GATA3->-ALK,2,1,3.000000,3,2.875000e-01,
PDGFRA->-PIK3CA,2,1,3.000000,3,7.486264e-01,
ERBB2->-ARID2,2,1,3.000000,3,8.379121e-02,
PIK3CA->-RAD54L,2,1,3.000000,3,2.892857e-01,
MAP3K1->-ERCC5,2,1,3.000000,3,4.250000e-01,
MAP3K1->-ERCC5 TP53->-ERCC5 TP53->-MAP3K1,3,3,2.000000,2,7.870370e-02,
INHA->-PIK3CA,2,1,2.000000,2,2.500000e-01,
ESR1->-AMER1,2,1,2.000000,2,5.000000e-01,
ESR1->-LATS2,2,1,2.000000,2,3.958333e-01,
ESR1->-TET1,2,1,2.000000,2,6.875000e-01,
ESR1->-DNMT3B,2,1,2.000000,2,5.000000e-01,
CCNE1->-IGF1R PIK3CA->-CCNE1 PIK3CA->-IGF1R,3,3,2.000000,2,2.777778e-02,
CCNE1->-RICTOR PIK3CA->-CCNE1 PIK3CA->-RICTOR,3,3,2.000000,2,2.777778e-02,
SETD2->-ESR1,2,1,2.000000,2,2.500000e-01,
SETD2->-LATS2,2,1,2.000000,2,5.000000e-01,
NOTCH1->-IGF1R NOTCH1->-PIK3CA PIK3CA->-IGF1R,3,3,2.000000,2,1.094276e-02,
ARID2->-IGF1R,2,1,2.000000,2,4.175824e-01,
ARID1A->-IGF1R,2,1,2.000000,2,5.701923e-01,
AMER1->-PIK3CA CASP8->-AMER1 CASP8->-PIK3CA,3,3,2.000000,2,2.777778e-02,
FAT1->-CARD11 TET1->-CARD11 TET1->-FAT1,3,3,2.000000,2,7.407407e-02,
ARID1A->-CARD11 SETD2->-ARID1A SETD2->-CARD11,3,3,2.000000,2,2.692986e-02,
ARID2->-CARD11 SETD2->-ARID2 SETD2->-CARD11,3,3,2.000000,2,2.692986e-02,
SETD2->-ATRX,2,1,2.000000,2,2.473545e-01,
NOTCH1->-LATS2,2,1,2.000000,2,1.517857e-01,
TET1->-PIK3CA,2,1,2.000000,2,9.530038e-01,
TET1->-DNMT3B,2,1,2.000000,2,2.500000e-01,
TET1->-ARID2,2,1,2.000000,2,2.500000e-01,
PIK3CA->-RAD51C,2,1,2.000000,2,7.692308e-01,
ARID1A->-DNMT3B,2,1,2.000000,2,6.875000e-01,
FAT1->-DICER1,2,1,2.000000,2,2.500000e-01,
FGFR4->-PPP2R1A,2,1,2.000000,2,1.409091e-01,
SETD2->-BRCA2,2,1,2.000000,2,5.000000e-01,
EP300->-MAP3K1,2,1,2.000000,2,2.500000e-01,
ATM->-MAP3K1 ATM->-PIK3CA MAP3K1->-PIK3CA,3,3,2.000000,2,1.036325e-01,
MSH6->-PIK3CA,2,1,2.000000,2,8.906250e-01,
ATM->-MSH6,2,1,2.000000,2,2.500000e-01,
NOTCH1->-ATM,2,1,2.000000,2,7.483766e-01,
TP53->-RAB35,2,1,2.000000,2,1.666667e-01,
KDM5A->-PIK3CA,2,1,2.000000,2,7.916667e-01,
PIK3CA->-PARK2,2,1,2.000000,2,6.473214e-01,
CDH1->-KDM5A,2,1,2.000000,2,2.184211e-01,
KMT2D->-RPS6KB2 PIK3CA->-KMT2D PIK3CA->-RPS6KB2,3,3,2.000000,2,2.777778e-02,
MAP3K1-/-RBM10 TP53->-MAP3K1 TP53->-RBM10,3,3,2.000000,2,1.984127e-02,
GATA3->-BRCA2,2,1,2.000000,2,6.482143e-01,
MEN1->-KMT2A,2,1,2.000000,2,1.547619e-01,
RECQL4->-TP53,2,1,2.000000,2,9.206849e-01,
SDHB->-TP53,2,1,2.000000,2,9.181921e-01,
TET1->-ARID1B,2,1,2.000000,2,2.500000e-01,
CDH1->-FOXA1 CDH1->-RUNX1 FOXA1->-RUNX1,3,3,2.000000,2,1.962449e-01,
ARID2->-KMT2C,2,1,2.000000,2,6.875000e-01,
ARID2->-PTPRD,2,1,2.000000,2,2.500000e-01,
PTPRD->-XPO1,2,1,2.000000,2,2.232143e-01,
PIK3CA-/-TP53,2,1,2.000000,2,9.999966e-01,
MEN1-/-PIK3CA,2,1,2.000000,2,4.058291e-01,
KMT2C->-CDK8,2,1,2.000000,2,2.013889e-01,
SMO->-KMT2C,2,1,2.000000,2,1.527778e-01,
SMO->-MEN1,2,1,2.000000,2,1.527778e-01,
TP53->-RYBP,2,1,2.000000,2,2.013889e-01,
FOXA1->-FH,2,1,2.000000,2,2.500000e-01,
ARID1A->-DOT1L ARID1A->-FOXA1 DOT1L->-FOXA1,3,3,2.000000,2,8.730159e-03,
CDH1->-DOT1L CDH1->-PIK3CA PIK3CA->-DOT1L,3,3,2.000000,2,2.777778e-02,
CDH1->-TSC1,2,1,2.000000,2,2.333333e-01,
CDH1->-EZH2 CDH1->-TP53 TP53->-EZH2,3,3,2.000000,2,2.777778e-02,
AKT1->-EGFR,2,1,2.000000,2,2.013889e-01,
MAP3K1->-EGFR,2,1,2.000000,2,2.500000e-01,
SPOP->-MAP3K1,2,1,2.000000,2,6.875000e-01,
MAP3K1->-CBFB,2,1,2.000000,2,9.892578e-01,
MTOR->-DNMT1,2,1,2.000000,2,2.500000e-01,
AR->-ARID1A,2,1,2.000000,2,4.450549e-01,
CDH1->-NTRK2,2,1,2.000000,2,4.333333e-01,
PIK3CA->-XIAP,2,1,2.000000,2,2.472527e-01,
PIK3CA->-TGFBR1,2,1,2.000000,2,2.500000e-01,
MAP3K1->-TGFBR1,2,1,2.000000,2,2.500000e-01,
MAP3K1->-ERBB2,2,1,2.000000,2,8.734308e-01,
PIK3CA->-RICTOR PIK3CA->-SMO SMO->-RICTOR,3,3,2.000000,2,1.721524e-02,
STAG2->-RICTOR,2,1,2.000000,2,1.885461e-01,
PDCD1->-FAT1 PIK3CA->-FAT1 PIK3CA->-PDCD1,3,3,2.000000,2,2.729045e-02,
PDCD1->-RB1 PIK3CA->-PDCD1 PIK3CA->-RB1,3,3,2.000000,2,2.729045e-02,
NCOR1->-FGFR3,2,1,2.000000,2,2.485380e-01,
NCOR1->-TSC1,2,1,2.000000,2,2.319688e-01,
STAG2->-TET1,2,1,2.000000,2,2.485380e-01,
PIK3CA->-TSC1,2,1,2.000000,2,4.356725e-01,
RB1->-FOXP1,2,1,2.000000,2,2.485380e-01,
PDCD1->-FOXP1,2,1,2.000000,2,2.485380e-01,
ASXL2->-FOXP1 PIK3CA->-ASXL2 PIK3CA->-FOXP1,3,3,2.000000,2,2.729045e-02,
ASXL2->-RB1,2,1,2.000000,2,1.988304e-01,
STAG2->-CHEK2,2,1,2.000000,2,4.985380e-01,
FOXA1->-ERBB2,2,1,2.000000,2,8.767113e-01,
BRCA2-/-CDK12,2,1,2.000000,2,8.888889e-02,
ARID2->-NSD1,2,1,2.000000,2,5.000000e-01,
ARID2->-IKZF1 ARID2->-PIK3CA IKZF1->-PIK3CA,3,3,2.000000,2,2.777778e-02,
ARID2->-IKZF1 ARID2->-KIT IKZF1->-KIT,3,3,2.000000,2,2.777778e-02,
NSD1->-PIK3CA TP53->-NSD1 TP53->-PIK3CA,3,3,2.000000,2,1.203704e-01,
NSD1->-KIT,2,1,2.000000,2,3.046429e-01,
CDH1->-BCOR,2,1,2.000000,2,5.000000e-01,
CDKN2A->-KMT2C,2,1,2.000000,2,2.500000e-01,
TP53->-CHEK2,2,1,2.000000,2,7.083333e-01,
FGFR3->-PIK3CA,2,1,2.000000,2,7.194125e-01,
PIK3CA->-RAD21,2,1,2.000000,2,4.020147e-01,
FBXW7->-PDGFRA,2,1,2.000000,2,2.403846e-01,
FBXW7->-SMARCA4,2,1,2.000000,2,2.472527e-01,
FBXW7->-EPHA7,2,1,2.000000,2,1.703297e-01,
ARID1A->-FGFR3,2,1,2.000000,2,2.166667e-01,
GATA3->-GRIN2A,2,1,2.000000,2,2.166667e-01,
ARID1A->-MET,2,1,2.000000,2,2.166667e-01,
TP53->-FOXL2,2,1,2.000000,2,3.888889e-01,
CDH1->-FOXL2,2,1,2.000000,2,2.500000e-01,
AKT1->-EPHA7,2,1,2.000000,2,2.500000e-01,
AKT1->-CD276,2,1,2.000000,2,2.500000e-01,
ATM->-MDC1,2,1,2.000000,2,3.857143e-01,
TP53->-TOP1,2,1,2.000000,2,1.409091e-01,
ROS1->-TSC2,2,1,2.000000,2,4.500000e-01,
LATS1->-ROS1,2,1,2.000000,2,4.500000e-01,
KLF4->-GRIN2A,2,1,2.000000,2,2.500000e-01,
CDH1->-KLF4,2,1,2.000000,2,2.500000e-01,
CDH1->-IGF1R,2,1,2.000000,2,2.500000e-01,
CARD11->-RFWD2 ERBB3->-CARD11 ERBB3->-RFWD2 TP53->-CARD11 TP53->-ERBB3 TP53->-RFWD2,4,6,2.000000,2,1.736111e-03,
MAP3K1->-IRS1,2,1,2.000000,2,2.500000e-01,
IRS1->-ATR IRS1->-PIK3CA PIK3CA->-ATR,3,3,2.000000,2,7.407407e-02,
MAP3K1->-RICTOR,2,1,2.000000,2,2.500000e-01,
ATR->-RICTOR PIK3CA->-ATR PIK3CA->-RICTOR,3,3,2.000000,2,5.698220e-02,
MDC1->-CARD11 MDC1->-PIK3CA PIK3CA->-CARD11,3,3,2.000000,2,2.777778e-02,
MDC1->-HIST1H3B,2,1,2.000000,2,2.500000e-01,
TCF7L2->-PIK3CA,2,1,2.000000,2,3.846154e-01,
RAD51C->-PIK3CA,2,1,2.000000,2,7.692308e-01,
EPHA7->-HIST1H3B,2,1,2.000000,2,2.500000e-01,
MAP3K1->-RAD51C,2,1,2.000000,2,1.666667e-01,
TP53->-HIST1H3I,2,1,2.000000,2,1.943500e-01,
ATM-/-NOTCH2 TP53->-ATM TP53->-NOTCH2,3,3,2.000000,2,1.428571e-02,
PTEN->-NOTCH2,2,1,2.000000,2,1.964286e-01,
PTEN->-AR,2,1,2.000000,2,1.964286e-01,
PIK3CA->-H3F3B,2,1,2.000000,2,1.666667e-01,
TP53->-ZRSR2,2,1,2.000000,2,3.821429e-01,
PIK3CA->-NOTCH2 TP53->-NOTCH2 TP53->-PIK3CA,3,3,2.000000,2,3.935185e-02,
ESR1->-PLK2 PIK3CA->-ESR1 PIK3CA->-PLK2,3,3,2.000000,2,2.777778e-02,
ESR1->-CREBBP,2,1,2.000000,2,2.500000e-01,
TP53->-AMER1,2,1,2.000000,2,4.684211e-01,
PIK3CA->-CREBBP PIK3CA->-PLK2 PLK2->-CREBBP,3,3,2.000000,2,5.698220e-02,
NOTCH2->-CREBBP TP53->-CREBBP TP53->-NOTCH2,3,3,2.000000,2,2.777778e-02,
MAP2K1->-ESR1,2,1,2.000000,2,1.964286e-01,
CDKN2A->-EP300,2,1,2.000000,2,1.597222e-01,
PIK3CA->-PMS2,2,1,2.000000,2,1.597222e-01,
NOTCH4-/-ROS1 TP53->-NOTCH4 TP53->-ROS1,3,3,2.000000,2,1.236772e-02,
PMS2-/-TP53,2,1,2.000000,2,1.203704e-01,
CDKN2A->-NOTCH4 PIK3CA->-CDKN2A PIK3CA->-NOTCH4,3,3,2.000000,2,8.928571e-03,
ESR1->-JAK1,2,1,2.000000,2,5.000000e-01,
MAP3K1->-JAK1,2,1,2.000000,2,3.846154e-01,
CCNE1->-ESR1 CCNE1->-MAP3K1 ESR1->-MAP3K1,3,3,2.000000,2,2.777778e-02,
ALK->-MAP3K1,2,1,2.000000,2,6.238889e-01,
FLT3->-SPEN GATA3->-FLT3 GATA3->-SPEN STAG2->-FLT3 STAG2->-GATA3 STAG2->-SPEN,4,6,2.000000,2,1.736111e-03,
KMT2C->-STAG2,2,1,2.000000,2,3.801314e-01,
GATA3->-HIST1H3F,2,1,2.000000,2,2.500000e-01,
FLT3->-EGFR,2,1,2.000000,2,2.500000e-01,
CHEK2->-FLT3,2,1,2.000000,2,1.976190e-01,
ATM->-FLT3,2,1,2.000000,2,2.500000e-01,
MYC->-PIK3CA,2,1,2.000000,2,6.031250e-01,
MEN1->-MAP3K1,2,1,2.000000,2,7.359458e-01,
MAP3K1->-ATM,2,1,2.000000,2,7.072832e-01,
KMT2C->-EGFR KMT2C->-PIK3CA PIK3CA->-EGFR,3,3,2.000000,2,2.777778e-02,
KMT2C->-MYC,2,1,2.000000,2,2.500000e-01,
ERBB3->-NUP93,2,1,2.000000,2,2.053571e-01,
PIK3CA->-NUP93 PIK3CA->-SPEN SPEN->-NUP93,3,3,2.000000,2,2.777778e-02,
ATM->-NUP93,2,1,2.000000,2,2.500000e-01,
ERBB3->-ARID1A MAP3K1->-ARID1A MAP3K1->-ERBB3,3,3,2.000000,2,1.289683e-02,
ATM->-EGFR,2,1,2.000000,2,2.500000e-01,
ATM->-ARID1A,2,1,2.000000,2,7.251984e-01,
ATM->-CHEK2,2,1,2.000000,2,2.500000e-01,
CDH1->-MPL,2,1,2.000000,2,2.321937e-01,
CDH1->-CSF1R,2,1,2.000000,2,2.500000e-01,
CIC->-ARID1A,2,1,2.000000,2,4.500000e-01,
KMT2C->-AKT1,2,1,2.000000,2,9.198134e-01,
PIK3CA->-TP53 SMARCA4->-PIK3CA SMARCA4->-TP53,3,3,2.000000,2,1.942821e-01,
ATR->-TP53,2,1,2.000000,2,9.994105e-01,
ABL1->-TP53,2,1,2.000000,2,7.580502e-01,
SMARCA4->-ATR,2,1,2.000000,2,2.473545e-01,
RAD54L->-KMT2C,2,1,2.000000,2,5.000000e-01,
ROS1->-TP53 TBX3->-ROS1 TBX3->-TP53,3,3,2.000000,2,5.753968e-02,
TSC2->-TP53,2,1,2.000000,2,9.805096e-01,
TBX3->-TSC2,2,1,2.000000,2,2.500000e-01,
KMT2C->-KDM5C,2,1,2.000000,2,4.333333e-01,
KMT2C->-RAD50,2,1,2.000000,2,3.563284e-01,
ANKRD11->-CDH1,2,1,2.000000,2,8.479167e-01,
ANKRD11->-BRCA2,2,1,2.000000,2,3.226190e-01,
TBX3->-ESR1,2,1,2.000000,2,6.256868e-01,
TBX3->-PIK3CG,2,1,2.000000,2,2.184211e-01,
EPHB1->-KDM5A TP53->-EPHB1 TP53->-KDM5A,3,3,2.000000,2,2.134503e-02,
TBX3->-KDM5A,2,1,2.000000,2,1.820175e-01,
MAP2K4->-EPHB1,2,1,2.000000,2,2.184211e-01,
AMER1->-JAK3,2,1,2.000000,2,2.184211e-01,
TBX3->-FAT1,2,1,2.000000,2,2.861746e-01,
ABL1->-JAK3 CDH1->-ABL1 CDH1->-JAK3,3,3,2.000000,2,2.134503e-02,
CDH1->-FLT3 CDH1->-JAK3 FLT3->-JAK3,3,3,2.000000,2,2.134503e-02,
PTEN->-DDR2,2,1,2.000000,2,5.856579e-01,
MAP2K4->-DDR2,2,1,2.000000,2,2.184211e-01,
TBX3->-DDR2,2,1,2.000000,2,1.464141e-01,
DDR2->-PIK3CG,2,1,2.000000,2,2.184211e-01,
PTEN->-CDK12,2,1,2.000000,2,1.532308e-01,
PIK3CG->-JAK3 PTEN->-JAK3 PTEN->-PIK3CG,3,3,2.000000,2,1.090238e-02,
CDK12->-TBX3,2,1,2.000000,2,2.184211e-01,
CDK12->-FOXA1,2,1,2.000000,2,3.938057e-01,
TBX3->-MAP2K4,2,1,2.000000,2,4.684211e-01,
TBX3->-PTPRS,2,1,2.000000,2,2.184211e-01,
MAP2K4->-FOXA1,2,1,2.000000,2,4.684211e-01,
FLT3->-PTPRS,2,1,2.000000,2,2.184211e-01,
CDH1->-FOXA1 CDH1->-PIK3CG PIK3CG->-FOXA1,3,3,2.000000,2,2.134503e-02,
PIK3CG->-PTPRS TP53->-PIK3CG TP53->-PTPRS,3,3,2.000000,2,1.118073e-02,
ATRX->-JAK3 TP53->-ATRX TP53->-JAK3,3,3,2.000000,2,2.134503e-02,
NF1->-HIST1H3B,2,1,2.000000,2,2.152778e-01,
SDHB->-INPP4B,2,1,2.000000,2,2.057802e-01,
PIK3CA->-H3F3C,2,1,2.000000,2,5.000000e-01,
TP53->-WT1,2,1,2.000000,2,3.818182e-01,
PIK3CA->-MAP3K13,2,1,2.000000,2,6.422414e-01,
ATM->-PLK2 PIK3CA->-ATM PIK3CA->-PLK2,3,3,2.000000,2,1.418803e-02,
CDH1->-CTCF CDH1->-ERBB3 ERBB3->-CTCF,3,3,2.000000,2,1.785714e-02,
BRCA2->-TERT TP53->-BRCA2 TP53->-TERT,3,3,2.000000,2,2.777778e-02,
CDKN2A->-KMT2D TP53->-CDKN2A TP53->-KMT2D,3,3,2.000000,2,2.777778e-02,
PLK2->-KMT2D,2,1,2.000000,2,2.500000e-01,
STK11->-KMT2D TP53->-KMT2D TP53->-STK11,3,3,2.000000,2,4.541190e-02,
PIK3CA->-LATS1,2,1,2.000000,2,6.093750e-01,
PIK3CA->-CREBBP PIK3CA->-PTPRD PTPRD->-CREBBP,3,3,2.000000,2,5.006473e-03,
DICER1->-PTCH1,2,1,2.000000,2,1.753846e-01,
DNMT3A->-TP53,2,1,2.000000,2,9.542744e-01,
CIC->-ARID1B,2,1,2.000000,2,2.253788e-01,
ARID1B->-DICER1,2,1,2.000000,2,3.693182e-01,
BRCA2->-ATR,2,1,2.000000,2,1.545455e-01,
BRCA2->-TET2,2,1,2.000000,2,2.318182e-01,
ARID1B->-ATR,2,1,2.000000,2,2.318182e-01,
BLM->-ARID1B,2,1,2.000000,2,2.215909e-01,
ARID2->-ALK,2,1,2.000000,2,5.416667e-01,
CBFB->-ALK,2,1,2.000000,2,1.666667e-01,
PIK3CA->-CDC73,2,1,2.000000,2,6.093750e-01,
PIK3CA->-DNMT1 PTEN->-DNMT1 PTEN->-PIK3CA,3,3,2.000000,2,1.418803e-02,
ATRX->-CREBBP,2,1,2.000000,2,2.500000e-01,
GATA3->-AXIN1,2,1,2.000000,2,2.500000e-01,
TP53->-SOS1,2,1,2.000000,2,1.500000e-01,
PTEN->-CARD11 TP53->-CARD11 TP53->-PTEN,3,3,2.000000,2,2.692986e-02,
PTEN->-RASA1,2,1,2.000000,2,2.500000e-01,
NCOR1->-RASA1,2,1,2.000000,2,2.500000e-01,
NCOR1->-IRS2,2,1,2.000000,2,5.000000e-01,
IRS2->-AXIN1,2,1,2.000000,2,1.975000e-01,
NCOR1->-AXIN1,2,1,2.000000,2,2.500000e-01,
PIK3CA->-CDK4,2,1,2.000000,2,2.500000e-01,
FOXA1->-PIK3CG PIK3CA->-FOXA1 PIK3CA->-PIK3CG,3,3,2.000000,2,4.025356e-02,
PIK3CA->-ERCC2,2,1,2.000000,2,4.333333e-01,
NF1->-ERCC5 TP53->-ERCC5 TP53->-NF1,3,3,2.000000,2,2.777778e-02,
SPOP->-NF1,2,1,2.000000,2,2.500000e-01,
NF1->-PRDM1,2,1,2.000000,2,2.333333e-01,
MAP3K1->-FGFR4 PTEN->-FGFR4 PTEN->-MAP3K1,3,3,2.000000,2,1.418803e-02,
MED12->-FGFR4,2,1,2.000000,2,4.253846e-01,
TP53->-SPOP,2,1,2.000000,2,2.500000e-01,
ATR->-NSD1,2,1,2.000000,2,2.500000e-01,
ERCC5->-FGFR4 TP53->-ERCC5 TP53->-FGFR4,3,3,2.000000,2,2.777778e-02,
SPOP->-FGFR4,2,1,2.000000,2,2.500000e-01,
RUNX1->-CDKN1B,2,1,2.000000,2,1.666667e-01,
TP53->-PAX5,2,1,2.000000,2,2.500000e-01,
ARID1A->-PTPRD TP53->-ARID1A TP53->-PTPRD,3,3,2.000000,2,3.872054e-02,
ARID1A->-PIK3C2G,2,1,2.000000,2,5.813492e-01,
NF1->-CTCF,2,1,2.000000,2,2.500000e-01,
NF1->-PIK3R1 NF1->-PTEN PTEN->-PIK3R1,3,3,2.000000,2,1.255144e-01,
KMT2C-/-RFWD2 PIK3CA-/-RFWD2 PIK3CA->-KMT2C,3,3,2.000000,2,2.508249e-03,
CREBBP-/-RFWD2 PIK3CA-/-RFWD2 PIK3CA->-CREBBP,3,3,2.000000,2,2.508249e-03,
ARID1A->-RFWD2,2,1,2.000000,2,1.950549e-01,
PIK3CA->-GLI1 TBX3->-GLI1 TBX3->-PIK3CA,3,3,2.000000,2,1.709402e-02,
CDH1->-GLI1 CDH1->-PIK3CA PIK3CA->-GLI1,3,3,2.000000,2,1.709402e-02,
ARID1A->-GLI1,2,1,2.000000,2,3.711470e-01,
CDH1->-PIK3C3 CDH1->-PIK3CA PIK3CA->-PIK3C3,3,3,2.000000,2,9.768010e-03,
CDH1->-RASA1 CDH1->-RECQL4 RASA1->-RECQL4,3,3,2.000000,2,1.671694e-02,
PIK3CA->-STAT5A,2,1,2.000000,2,1.690476e-01,
AR-/-KMT2C,2,1,2.000000,2,9.157509e-02,
TBX3->-CREBBP,2,1,2.000000,2,1.137821e-01,
CDH1->-RASA1 CDH1->-TBX3 TBX3->-RASA1,3,3,2.000000,2,1.709402e-02,
BRAF->-PIK3CA,2,1,2.000000,2,8.125000e-01,
TP53->-ERCC3,2,1,2.000000,2,1.333333e-01,
KLF4->-PIK3CA,2,1,2.000000,2,8.125000e-01,
NF1->-ASXL1,2,1,2.000000,2,4.166667e-01,
PTEN->-ASXL1,2,1,2.000000,2,2.500000e-01,
KMT2C->-WT1,2,1,2.000000,2,1.318182e-01,
KMT2C->-FOXA1,2,1,2.000000,2,8.237622e-01,
RB1->-FOXA1 RB1->-TP53 TP53->-FOXA1,3,3,2.000000,2,4.040404e-03,
MAP3K1-/-TP53,2,1,2.000000,2,9.057869e-01,
KMT2C->-RB1,2,1,2.000000,2,8.236080e-01,
RB1->-NCOR1,2,1,2.000000,2,8.335453e-01,
ATM->-TP53,2,1,2.000000,2,9.927631e-01,
ATM->-NCOR1,2,1,2.000000,2,3.461039e-01,
CDH1->-CHEK2,2,1,2.000000,2,5.000000e-01,
ERBB2->-FANCA,2,1,2.000000,2,1.117216e-01,
GATA3->-MST1,2,1,2.000000,2,1.333333e-01,
MED12-/-ROS1,2,1,2.000000,2,8.994709e-02,
TSC1->-KDM6A,2,1,2.000000,2,1.425787e-01,
MED12-/-TP53,2,1,2.000000,2,4.381139e-01,
MED12-/-PIK3R1,2,1,2.000000,2,2.428587e-01,
TSC1->-TP53,2,1,2.000000,2,9.084737e-01,
PBRM1->-RB1 TP53->-PBRM1 TP53->-RB1,3,3,2.000000,2,2.777778e-02,
PBRM1->-ERBB2,2,1,2.000000,2,2.500000e-01,
CDH1->-SOX17 CDH1->-TP53 TP53->-SOX17,3,3,2.000000,2,2.777778e-02,
RB1->-AXIN1 TP53->-AXIN1 TP53->-RB1,3,3,2.000000,2,2.777778e-02,
CDH1->-AXIN1,2,1,2.000000,2,4.500000e-01,
RB1->-FBXW7 TP53->-FBXW7 TP53->-RB1,3,3,2.000000,2,2.777778e-02,
CDH1->-FBXW7,2,1,2.000000,2,4.166667e-01,
NF1->-PTPRD NF1->-TP53 TP53->-PTPRD,3,3,2.000000,2,2.222222e-02,
NF1->-EPHA7,2,1,2.000000,2,4.833333e-01,
MTOR->-PIK3CA,2,1,2.000000,2,9.146431e-01,
CDH1->-NUP93,2,1,2.000000,2,2.053571e-01,
BRCA1-/-GATA3 PIK3CA->-BRCA1 PIK3CA->-GATA3,3,3,2.000000,2,9.523810e-03,
PIK3CB->-PIK3CA,2,1,2.000000,2,8.355556e-01,
SPEN->-ESR1,2,1,2.000000,2,8.125000e-01,
CDH1->-PTEN CDH1->-RHOA PTEN->-RHOA,3,3,2.000000,2,2.777778e-02,
ESR1->-ALOX12B,2,1,2.000000,2,2.500000e-01,
ESR1->-ARID1B,2,1,2.000000,2,1.375000e-01,
PTEN->-ESR1,2,1,2.000000,2,5.000000e-01,
CDH1->-ALOX12B,2,1,2.000000,2,2.500000e-01,
MAP2K4->-PAK7,2,1,2.000000,2,1.666667e-01,
ATR->-PAK7 CDH1->-ATR CDH1->-PAK7,3,3,2.000000,2,1.041667e-02,
TP53->-FAM175A,2,1,2.000000,2,3.680556e-01,
MAP2K4->-BRCA2 TP53->-BRCA2 TP53->-MAP2K4,3,3,2.000000,2,1.041667e-02,
PIK3CA->-GPS2,2,1,2.000000,2,9.466797e-01,
MAP2K4->-GPS2,2,1,2.000000,2,5.000000e-01,
FAT1->-KMT2C,2,1,2.000000,2,9.688948e-01,
ATM->-RICTOR,2,1,2.000000,2,1.944444e-01,
BRD4-/-ZFHX3 PIK3CA->-BRD4 PIK3CA->-ZFHX3,3,3,2.000000,2,2.678571e-03,
ATM->-RPS6KB2,2,1,2.000000,2,1.944444e-01,
ATM->-BRD4,2,1,2.000000,2,1.364103e-01,
GATA3->-CDH1,2,1,2.000000,2,9.957237e-01,
GATA3->-MAP2K4,2,1,2.000000,2,9.705122e-01,
TBX3->-MED12,2,1,2.000000,2,2.321429e-01,
PTPRS->-SETD2,2,1,2.000000,2,1.500000e-01,
TP53->-CD79A,2,1,2.000000,2,1.071429e-01,
KMT2D->-RB1 TP53->-KMT2D TP53->-RB1,3,3,2.000000,2,7.266088e-02,
CREBBP->-RB1,2,1,2.000000,2,2.500000e-01,
CREBBP->-DNMT3B,2,1,2.000000,2,2.500000e-01,
PIK3CA->-RAC1,2,1,2.000000,2,1.666667e-01,
KLF4->-TP53,2,1,2.000000,2,8.446181e-01,
BRCA2->-PBRM1,2,1,2.000000,2,2.500000e-01,
GATA3->-JAK1,2,1,2.000000,2,2.333333e-01,
CIC->-KMT2D,2,1,2.000000,2,4.500000e-01,
PIK3R1->-KMT2C,2,1,2.000000,2,8.035969e-01,
CDH1->-TP63,2,1,2.000000,2,2.500000e-01,
ERBB2->-TP63,2,1,2.000000,2,2.500000e-01,
PIK3R1->-ARID2,2,1,2.000000,2,1.555556e-01,
PIK3R1->-ROS1,2,1,2.000000,2,3.460317e-01,
PIK3R1->-MED12,2,1,2.000000,2,6.717097e-01,
MED12->-MGA TP53->-MED12 TP53->-MGA,3,3,2.000000,2,9.259259e-03,
MGA->-NOTCH4 TP53->-MGA TP53->-NOTCH4,3,3,2.000000,2,9.259259e-03,
PIK3R1->-MGA,2,1,2.000000,2,1.555556e-01,
KMT2C->-FLT1,2,1,2.000000,2,2.090909e-01,
PIK3CA->-POLE PIK3CA->-SPEN SPEN->-POLE,3,3,2.000000,2,2.777778e-02,
PIK3CA->-FLT1 PIK3CA->-SPEN SPEN->-FLT1,3,3,2.000000,2,2.777778e-02,
FLT1->-MAP3K1,2,1,2.000000,2,4.371345e-01,
FBXW7->-TP53,2,1,2.000000,2,9.959797e-01,
FBXW7->-FLT4,2,1,2.000000,2,2.500000e-01,
GATA3->-PIK3C2G,2,1,2.000000,2,1.976190e-01,
ANKRD11->-PIK3C2G,2,1,2.000000,2,1.580952e-01,
KDM5C->-ARID1A,2,1,2.000000,2,6.123937e-01,
ASXL1-/-KDM5C,2,1,2.000000,2,1.117460e-01,
FLT3->-POLE,2,1,2.000000,2,1.561190e-01,
PIK3C2G-/-PIK3CB,2,1,2.000000,2,4.400000e-02,
BRCA2->-KDM6A,2,1,2.000000,2,1.479254e-01,
CARD11->-ARID1A,2,1,2.000000,2,7.391043e-01,
BRCA2->-ARID1A,2,1,2.000000,2,8.387323e-01,
BRCA2->-PIK3CB,2,1,2.000000,2,1.976190e-01,
TP53->-MSH2,2,1,2.000000,2,2.083333e-01,
KMT2D->-INPP4B,2,1,2.000000,2,1.991422e-01,
KMT2D->-ARID1B,2,1,2.000000,2,1.991422e-01,
KMT2D->-HNF1A,2,1,2.000000,2,2.061287e-01,
KMT2D->-XPO1,2,1,2.000000,2,2.083333e-01,
ATRX->-ARID1B TP53->-ARID1B TP53->-ATRX,3,3,2.000000,2,1.686508e-02,
STAT3->-PIK3CA,2,1,2.000000,2,2.500000e-01,
RUNX1->-ERBB2,2,1,2.000000,2,9.375000e-01,
PIK3CA->-CUL3,2,1,2.000000,2,5.000000e-01,
PIK3CA->-MAP2K1,2,1,2.000000,2,5.000000e-01,
MEN1->-ESR1,2,1,2.000000,2,2.023810e-01,
ARID1A->-BRAF,2,1,2.000000,2,1.675824e-01,
CDH1->-BRAF,2,1,2.000000,2,2.500000e-01,
ATM-/-FOXA1,2,1,2.000000,2,4.456816e-01,
RHOA->-CDH1,2,1,2.000000,2,8.540072e-01,
ARID1A->-RHOA,2,1,2.000000,2,1.547619e-01,
CDH1->-DAXX CDH1->-PIK3CA PIK3CA->-DAXX,3,3,2.000000,2,1.752265e-02,
CDH1->-PIK3CA PTPRT->-CDH1 PTPRT->-PIK3CA,3,3,2.000000,2,7.407407e-02,
PTPRT->-MAP3K1,2,1,2.000000,2,6.403509e-01,
ATR->-GRIN2A,2,1,2.000000,2,2.500000e-01,
ARID1A->-DICER1,2,1,2.000000,2,1.375000e-01,
ATR->-NOTCH4 PIK3CA->-ATR PIK3CA->-NOTCH4,3,3,2.000000,2,2.777778e-02,
PTPRT->-JAK2,2,1,2.000000,2,1.963889e-01,
CDK12-/-HNF1A,2,1,2.000000,2,1.193846e-01,
CDK12-/-PTCH1,2,1,2.000000,2,1.193846e-01,
PTPRT->-HNF1A,2,1,2.000000,2,2.977778e-01,
BRCA1->-PTCH1,2,1,2.000000,2,1.500000e-01,
BRCA1->-PTPRT,2,1,2.000000,2,1.500000e-01,
PIK3CA->-HIST3H3,2,1,2.000000,2,6.250000e-01,
GRIN2A->-PTPRD,2,1,2.000000,2,1.666667e-01,
CBL->-PIK3CA,2,1,2.000000,2,6.125000e-01,
FLT1->-PIK3CA,2,1,2.000000,2,7.810673e-01,
AKT1->-RAD54L,2,1,2.000000,2,1.975000e-01,
ARID5B->-RICTOR PIK3CA->-ARID5B PIK3CA->-RICTOR,3,3,2.000000,2,1.752265e-02,
RECQL4->-GATA3,2,1,2.000000,2,5.000000e-01,
NF1->-PTPRS,2,1,2.000000,2,4.821937e-01,
KMT2C->-ANKRD11,2,1,2.000000,2,4.396552e-01,
PTPRT->-ANKRD11,2,1,2.000000,2,1.375000e-01,
PTPRS->-KMT2D TP53->-KMT2D TP53->-PTPRS,3,3,2.000000,2,4.976852e-02,
PTPRT->-PTPRS,2,1,2.000000,2,2.500000e-01,
INHA->-CREBBP,2,1,2.000000,2,2.321429e-01,
TERT->-TP53,2,1,2.000000,2,9.292424e-01,
TP53->-HIST1H3G,2,1,2.000000,2,4.500000e-01,
TP53->-IGF1,2,1,2.000000,2,1.250000e-01,
RUNX1->-GATA3,2,1,2.000000,2,1.833333e-01,
PIK3CA->-POLE PIK3CA->-SETD2 POLE->-SETD2,3,3,2.000000,2,1.077194e-02,
RUNX1->-SETD2,2,1,2.000000,2,1.833333e-01,
NF1->-ERBB2,2,1,2.000000,2,5.000000e-01,
PIK3CG->-PIK3CA,2,1,2.000000,2,8.979583e-01,
IRS1->-ESR1,2,1,2.000000,2,2.500000e-01,
IRS1->-SPEN,2,1,2.000000,2,4.136364e-01,
CDK12->-TP53,2,1,2.000000,2,7.114181e-01,
KMT2C->-ARID5B,2,1,2.000000,2,4.396552e-01,
FGFR4->-KMT2C,2,1,2.000000,2,3.212179e-01,
KMT2C->-CBFB,2,1,2.000000,2,8.125000e-01,
FOXA1->-NSD1,2,1,2.000000,2,6.384921e-01,
FOXA1->-INSR,2,1,2.000000,2,2.023810e-01,
FOXA1->-FAT1,2,1,2.000000,2,5.168400e-01,
FOXA1->-PTPRD,2,1,2.000000,2,2.232143e-01,
FOXA1->-XPO1,2,1,2.000000,2,2.232143e-01,
CDKN1B->-PTPRD,2,1,2.000000,2,2.232143e-01,
ERBB2->-PTPRD TP53->-ERBB2 TP53->-PTPRD,3,3,2.000000,2,1.282909e-02,
ERBB2->-XPO1,2,1,2.000000,2,2.232143e-01,
SOX9->-PIK3CA,2,1,2.000000,2,6.250000e-01,
SOX9->-IRS1,2,1,2.000000,2,1.666667e-01,
PIK3CA->-NTRK1,2,1,2.000000,2,1.750000e-01,
RUNX1->-JUN,2,1,2.000000,2,2.500000e-01,
SPEN->-KMT2C,2,1,2.000000,2,8.953125e-01,
CDH1->-KMT2C CDH1->-RUNX1 KMT2C->-RUNX1,3,3,2.000000,2,1.319444e-01,
SPEN->-RUNX1,2,1,2.000000,2,2.500000e-01,
PIK3CA->-RB1 PIK3CA->-RUNX1 RB1->-RUNX1,3,3,2.000000,2,2.777778e-02,
RB1->-RUNX1 TP53->-RB1 TP53->-RUNX1,3,3,2.000000,2,2.777778e-02,
ERBB2->-GATA3,2,1,2.000000,2,1.666667e-01,
FYN->-ATM,2,1,2.000000,2,1.753846e-01,
PIK3C2G->-EGFR,2,1,2.000000,2,2.500000e-01,
MAP2K4->-ATM,2,1,2.000000,2,2.500000e-01,
PIK3C2G->-NCOR1,2,1,2.000000,2,5.000000e-01,
APC->-PTPRT TP53->-APC TP53->-PTPRT,3,3,2.000000,2,2.692986e-02,
BARD1->-PTPRT,2,1,2.000000,2,2.500000e-01,
CTCF->-MAP2K4 CTCF->-PIK3CA MAP2K4->-PIK3CA,3,3,2.000000,2,1.805556e-02,
CSF3R->-PIK3CA,2,1,2.000000,2,2.500000e-01,
CDH1->-NF1 CDH1->-RAD50 NF1->-RAD50,3,3,2.000000,2,2.469136e-02,
NF1->-POLE,2,1,2.000000,2,2.500000e-01,
MAP3K1->-NF1 PIK3CA->-MAP3K1 PIK3CA->-NF1,3,3,2.000000,2,7.407407e-02,
DNMT3B->-ARID1A,2,1,2.000000,2,6.875000e-01,
GATA3->-ARID1A IGF1R->-ARID1A IGF1R->-GATA3 PIK3CA->-ARID1A PIK3CA->-GATA3 PIK3CA->-IGF1R,4,6,2.000000,2,5.787037e-04,
GATA3->-RAD50 PIK3CA->-GATA3 PIK3CA->-RAD50,3,3,2.000000,2,2.777778e-02,
ESR1->-RAD50 PIK3CA->-ESR1 PIK3CA->-RAD50,3,3,2.000000,2,5.092593e-02,
GATA3->-AR,2,1,2.000000,2,5.000000e-01,
ESR1->-POLE,2,1,2.000000,2,2.500000e-01,
ESR1->-AR,2,1,2.000000,2,1.458333e-01,
CDH1->-MAP3K1 CDH1->-POLE MAP3K1->-POLE,3,3,2.000000,2,2.777778e-02,
MAP3K1->-AR,2,1,2.000000,2,5.000000e-01,
MAX->-PIK3CA,2,1,2.000000,2,3.928571e-01,
GATA3-/-IGF1R,2,1,2.000000,2,2.632727e-01,
MGA-/-PIK3CA,2,1,2.000000,2,6.477641e-01,
IGF1R-/-TP53,2,1,2.000000,2,5.425185e-01,
ERBB3->-POLE,2,1,2.000000,2,2.333333e-01,
PIK3CA->-PPM1D,2,1,2.000000,2,1.375000e-01,
ARID1A->-JAK2,2,1,2.000000,2,1.375000e-01,
PIK3CA->-MYC,2,1,2.000000,2,6.031250e-01,
ESR1-/-TP53 PIK3CA->-ESR1 PIK3CA->-TP53,3,3,2.000000,2,4.857993e-02,
PTPRT-/-TP53,2,1,2.000000,2,6.090046e-01,
ESR1->-ZFHX3,2,1,2.000000,2,1.375000e-01,
ARID1B->-ZFHX3,2,1,2.000000,2,1.375000e-01,
ZFHX3->-MST1R,2,1,2.000000,2,3.875000e-01,
ESR1-/-MTOR,2,1,2.000000,2,3.294048e-01,
PIK3CA->-DCUN1D1,2,1,2.000000,2,1.750000e-01,
NOTCH4->-YES1,2,1,2.000000,2,4.231618e-01,
FOXA1->-PTCH1 PIK3CA->-FOXA1 PIK3CA->-PTCH1,3,3,2.000000,2,1.418803e-02,
SMARCA4->-PARP1,2,1,2.000000,2,1.975000e-01,
CBFB->-ARID1A TP53->-ARID1A TP53->-CBFB,3,3,2.000000,2,2.777778e-02,
AKT1->-RB1,2,1,2.000000,2,2.013889e-01,
RB1->-ARID1A,2,1,2.000000,2,4.973545e-01,
AKT1->-CREBBP,2,1,2.000000,2,2.500000e-01,
AKT1->-ARID1A,2,1,2.000000,2,5.416667e-01,
PIK3CA->-MED12 PIK3CA->-PTPRD PTPRD->-MED12,3,3,2.000000,2,6.944444e-03,
PTPRD->-MED12 TP53->-MED12 TP53->-PTPRD,3,3,2.000000,2,6.944444e-03,
IRS2->-TP53,2,1,2.000000,2,7.938889e-01,
CDH1->-MDC1,2,1,2.000000,2,5.937500e-01,
IRS2->-PIK3CB IRS2->-POLE POLE->-PIK3CB,3,3,2.000000,2,1.864734e-02,
CDH1->-SMAD2,2,1,2.000000,2,5.000000e-01,
CDH1->-PIK3CB,2,1,2.000000,2,2.500000e-01,
MAP2K4->-CIC,2,1,2.000000,2,2.000000e-01,
ARID1A->-ESR1,2,1,2.000000,2,9.755794e-01,
ARID1A->-KMT2D MAP2K4->-ARID1A MAP2K4->-KMT2D,3,3,2.000000,2,1.388889e-02,
CBFB->-TBX3,2,1,2.000000,2,6.875000e-01,
CDH1->-FGFR2,2,1,2.000000,2,2.000000e-01,
KDM6A->-CDH1,2,1,2.000000,2,8.115809e-01,
TP53->-DNAJB1,2,1,2.000000,2,9.000000e-02,
HNF1A->-TP53,2,1,2.000000,2,9.423691e-01,
PIK3CA->-RAB35,2,1,2.000000,2,2.500000e-01,
KMT2C-/-SPEN,2,1,2.000000,2,1.500000e-01,
NOTCH2->-KMT2C,2,1,2.000000,2,4.231618e-01,
PAK7->-RNF43,2,1,2.000000,2,1.388889e-01,
PTPRT->-PAK7,2,1,2.000000,2,1.388889e-01,
ARID2->-BCOR TP53->-ARID2 TP53->-BCOR,3,3,2.000000,2,2.692986e-02,
TP53->-U2AF1,2,1,2.000000,2,3.888889e-01,
RB1->-NOTCH2 TP53->-NOTCH2 TP53->-RB1,3,3,2.000000,2,2.777778e-02,
ATM->-RUNX1 PIK3CA->-ATM PIK3CA->-RUNX1,3,3,2.000000,2,1.388889e-02,
TP53->-CRLF2,2,1,2.000000,2,2.500000e-01,
TP53->-CCND1,2,1,2.000000,2,2.500000e-01,
ARID1A->-AKT1,2,1,2.000000,2,5.416667e-01,
CDH1->-INPP4A CDH1->-PIK3CA PIK3CA->-INPP4A,3,3,2.000000,2,2.777778e-02,
ERBB2->-BRAF,2,1,2.000000,2,1.675824e-01,
CDH1->-ERBB2 CDH1->-NCOR1 NCOR1->-ERBB2,3,3,2.000000,2,7.407407e-02,
KDM6A->-GRIN2A TP53->-GRIN2A TP53->-KDM6A,3,3,2.000000,2,2.777778e-02,
TET2->-GRIN2A,2,1,2.000000,2,1.975000e-01,
NCOR1->-KDM6A,2,1,2.000000,2,2.500000e-01,
CDH1->-EIF4A2,2,1,2.000000,2,2.500000e-01,
TP53->-GNAS,2,1,2.000000,2,1.071429e-01,
CDH1->-CDKN2A CDH1->-NCOR1 CDKN2A->-NCOR1,3,3,2.000000,2,2.777778e-02,
CDH1->-GNAS,2,1,2.000000,2,2.500000e-01,
NCOR1->-TET2 TP53->-NCOR1 TP53->-TET2,3,3,2.000000,2,2.777778e-02,
KDM6A->-RECQL4,2,1,2.000000,2,2.481618e-01,
KDM6A->-KMT2A,2,1,2.000000,2,4.981618e-01,
KMT2C->-RASA1,2,1,2.000000,2,4.432167e-01,
CDH1->-MSH2 CDH1->-RASA1 MSH2->-RASA1,3,3,2.000000,2,2.716503e-02,
CDH1->-SLX4,2,1,2.000000,2,2.481618e-01,
PTCH1->-NOTCH2,2,1,2.000000,2,2.481618e-01,
KMT2C->-PTCH1 KMT2C->-STAT5B PTCH1->-STAT5B,3,3,2.000000,2,6.791258e-03,
CDH1->-FGF19,2,1,2.000000,2,2.481618e-01,
NOTCH4->-NOTCH2,2,1,2.000000,2,4.481618e-01,
NOTCH4->-EED,2,1,2.000000,2,2.481618e-01,
RASA1->-KMT2A,2,1,2.000000,2,1.804813e-01,
CDH1->-KMT2C CDH1->-STAT5B KMT2C->-STAT5B,3,3,2.000000,2,1.713612e-02,
CDH1->-YES1,2,1,2.000000,2,1.882606e-01,
ARID2-/-FAT1,2,1,2.000000,2,1.098901e-01,
FLT4->-PIK3CA,2,1,2.000000,2,9.953579e-01,
PIK3CA->-GNAS,2,1,2.000000,2,2.500000e-01,
SF3B1->-KMT2C,2,1,2.000000,2,5.000000e-01,
TP53->-CBL,2,1,2.000000,2,2.500000e-01,
CBL->-JAK3,2,1,2.000000,2,2.500000e-01,
PIK3CA->-ERG PIK3CA->-TP53 TP53->-ERG,3,3,2.000000,2,2.777778e-02,
PIK3CA->-POLE PIK3CA->-RB1 RB1->-POLE,3,3,2.000000,2,7.266088e-02,
CDH1->-PIK3CA CDH1->-SMARCD1 PIK3CA->-SMARCD1,3,3,2.000000,2,2.777778e-02,
TCF7L2->-SOX2,2,1,2.000000,2,1.346154e-01,
ARID1B->-PIK3R1,2,1,2.000000,2,4.821937e-01,
ARID1B->-RUNX1,2,1,2.000000,2,2.430556e-01,
PIK3R1->-RUNX1,2,1,2.000000,2,2.500000e-01,
NCOR1->-ARID1A,2,1,2.000000,2,8.125000e-01,
BRCA2->-BAP1,2,1,2.000000,2,1.772727e-01,
ESR1->-PTPRD TP53->-ESR1 TP53->-PTPRD,3,3,2.000000,2,1.388889e-02,
TP53->-NEGR1,2,1,2.000000,2,2.013889e-01,
CDH1->-JAK1,2,1,2.000000,2,5.000000e-01,
JAK1->-BRCA2,2,1,2.000000,2,2.142857e-01,
RAD54L->-NCOR1,2,1,2.000000,2,2.500000e-01,
BRCA2->-PTPRD,2,1,2.000000,2,2.500000e-01,
KMT2D->-GATA3,2,1,2.000000,2,6.792279e-01,
RB1->-FLT4,2,1,2.000000,2,5.000000e-01,
RB1->-KMT2D,2,1,2.000000,2,6.855159e-01,
RB1->-TSHR,2,1,2.000000,2,2.500000e-01,
ATRX->-KMT2D,2,1,2.000000,2,4.556878e-01,
CTCF->-GPS2,2,1,2.000000,2,1.750000e-01,
PTCH1->-GATA3,2,1,2.000000,2,2.389706e-01,
TP53->-ERRFI1,2,1,2.000000,2,9.000000e-02,
EP300->-SRSF2,2,1,2.000000,2,1.500000e-01,
TP53->-SMARCB1,2,1,2.000000,2,3.404762e-01,
TP53->-SRSF2,2,1,2.000000,2,3.371345e-01,
PIK3CA->-PIK3CD,2,1,2.000000,2,1.169231e-01,
ARID1A->-DDR2,2,1,2.000000,2,2.555730e-01,
IRS2->-TET2,2,1,2.000000,2,1.185000e-01,
TGFBR2->-GRIN2A,2,1,2.000000,2,1.185000e-01,
KIT->-PARP1 YES1->-KIT YES1->-PARP1,3,3,2.000000,2,1.176303e-02,
SMARCA4->-TET1,2,1,2.000000,2,1.975000e-01,
NOTCH2->-TET1,2,1,2.000000,2,1.975000e-01,
NSD1->-MDM2,2,1,2.000000,2,1.580000e-01,
BCOR->-PARP1,2,1,2.000000,2,1.975000e-01,
BCOR->-GRIN2A,2,1,2.000000,2,3.793182e-01,
BCOR-/-KMT2A,2,1,2.000000,2,5.727273e-02,
GRIN2A->-PARP1,2,1,2.000000,2,1.975000e-01,
NSD1->-PARP1,2,1,2.000000,2,1.834330e-01,
AKT1->-AXIN1,2,1,2.000000,2,1.975000e-01,
AXIN1->-SMARCA4,2,1,2.000000,2,1.975000e-01,
BRCA1->-PIK3CB,2,1,2.000000,2,3.176071e-01,
PIK3CA->-PAX5,2,1,2.000000,2,1.666667e-01,
PTCH1->-FGFR4,2,1,2.000000,2,1.753846e-01,
PTCH1->-KMT2C,2,1,2.000000,2,8.246411e-01,
MGA->-HNF1A MGA->-PTCH1 PIK3CA->-HNF1A PIK3CA->-MGA PIK3CA->-PTCH1 PTCH1->-HNF1A,4,6,2.000000,2,6.226647e-04,
MGA->-FGFR4 PIK3CA->-FGFR4 PIK3CA->-MGA,3,3,2.000000,2,1.418803e-02,
ATM->-FGFR4 PIK3CA->-ATM PIK3CA->-FGFR4,3,3,2.000000,2,1.418803e-02,
FOXA1->-FGFR4,2,1,2.000000,2,1.753846e-01,
PTEN->-TGFBR2,2,1,2.000000,2,1.461538e-01,
MAP3K1->-DICER1 PTEN->-DICER1 PTEN->-MAP3K1,3,3,2.000000,2,1.418803e-02,
MAP3K1->-PIK3CD PTEN->-MAP3K1 PTEN->-PIK3CD,3,3,2.000000,2,1.418803e-02,
PTEN->-RIT1,2,1,2.000000,2,1.753846e-01,
FOXA1->-NBN PIK3CA->-FOXA1 PIK3CA->-NBN,3,3,2.000000,2,1.418803e-02,
MAP3K1->-MGA,2,1,2.000000,2,1.085714e-01,
KMT2A-/-PIK3CA MAP3K1->-KMT2A MAP3K1->-PIK3CA,3,3,2.000000,2,2.207570e-03,
DNMT1-/-MED12,2,1,2.000000,2,8.290598e-02,
MED12->-SETD2,2,1,2.000000,2,4.253846e-01,
JAK3->-RIT1 PIK3CA->-JAK3 PIK3CA->-RIT1,3,3,2.000000,2,1.418803e-02,
DNMT1->-KMT2C,2,1,2.000000,2,1.753846e-01,
MAP3K1->-DNMT1,2,1,2.000000,2,1.753846e-01,
ATM->-DNMT1 PIK3CA->-ATM PIK3CA->-DNMT1,3,3,2.000000,2,1.418803e-02,
PIK3CA->-KMT2C PIK3CA->-PLK2 PLK2->-KMT2C,3,3,2.000000,2,3.767738e-02,
FOXA1->-KMT2C FOXA1->-PLK2 PLK2->-KMT2C,3,3,2.000000,2,1.418803e-02,
MAP3K1->-SETD2,2,1,2.000000,2,1.753846e-01,
MAP3K1->-NBN,2,1,2.000000,2,1.266667e-01,
MAP3K1->-JAK3,2,1,2.000000,2,1.753846e-01,
RHOA->-TP53,2,1,2.000000,2,7.303323e-01,
EPHB1->-MAP3K1,2,1,2.000000,2,7.827381e-01,
KMT2D->-MDC1 TP53->-KMT2D TP53->-MDC1,3,3,2.000000,2,2.777778e-02,
KMT2D->-PTPRT PIK3CA->-KMT2D PIK3CA->-PTPRT PIK3CA->-TP53 TP53->-KMT2D TP53->-PTPRT,4,6,2.000000,2,7.076852e-03,
PTEN->-KMT2D TP53->-KMT2D TP53->-PTEN,3,3,2.000000,2,7.266088e-02,
NCOR1->-ALK,2,1,2.000000,2,2.500000e-01,
ANKRD11->-PLK2,2,1,2.000000,2,1.896552e-01,
ANKRD11->-KMT2D,2,1,2.000000,2,6.125000e-01,
ATM->-TBX3,2,1,2.000000,2,3.818182e-01,
GATA3->-KDM5A,2,1,2.000000,2,5.000000e-01,
TP53->-YAP1,2,1,2.000000,2,5.000000e-01,
CDH1->-FOXA1 CDH1->-NCOR1 FOXA1->-NCOR1,3,3,2.000000,2,2.777778e-02,
PIK3CA->-EP300 PIK3CA->-SMAD4 SMAD4->-EP300,3,3,2.000000,2,5.555556e-03,
CARD11->-TP53,2,1,2.000000,2,9.933342e-01,
CDKN2A->-CARD11,2,1,2.000000,2,2.500000e-01,
PIK3CA->-JUN,2,1,2.000000,2,5.000000e-01,
PIK3CA->-BRIP1 PIK3CA->-RUNX1 RUNX1->-BRIP1,3,3,2.000000,2,2.777778e-02,
ESR1->-ERBB4,2,1,2.000000,2,6.312500e-01,
TP53->-SH2D1A,2,1,2.000000,2,9.000000e-02,
CDH1->-SOX9,2,1,2.000000,2,5.000000e-01,
PIK3CA->-SOX9,2,1,2.000000,2,6.250000e-01,
BRCA2->-STK11,2,1,2.000000,2,2.500000e-01,
ESR1->-GNAS,2,1,2.000000,2,2.500000e-01,
MAP3K1->-SF3B1,2,1,2.000000,2,4.166667e-01,
ATM->-PIK3CA ATM->-SF3B1 PIK3CA->-SF3B1,3,3,2.000000,2,2.777778e-02,
CDH1->-DNMT3A CDH1->-KDR DNMT3A->-KDR,3,3,2.000000,2,2.777778e-02,
PIK3CA->-SYK,2,1,2.000000,2,2.500000e-01,
PIK3CA->-BCL6,2,1,2.000000,2,5.000000e-01,
PIK3CA->-REL,2,1,2.000000,2,2.500000e-01,
MAP3K1->-RB1 TP53->-MAP3K1 TP53->-RB1,3,3,2.000000,2,3.787879e-02,
MAP3K1->-REL TP53->-MAP3K1 TP53->-REL,3,3,2.000000,2,2.777778e-02,
MAP3K1->-NOTCH1 MAP3K1->-PIK3CA PIK3CA->-NOTCH1,3,3,2.000000,2,1.319444e-01,
MAP3K1->-SPOP,2,1,2.000000,2,6.875000e-01,
MAP3K1->-DNMT3A,2,1,2.000000,2,2.500000e-01,
RB1->-NOTCH1 TP53->-NOTCH1 TP53->-RB1,3,3,2.000000,2,2.777778e-02,
TP53->-BCL6,2,1,2.000000,2,4.000000e-01,
BCL6->-NOTCH1 CDH1->-BCL6 CDH1->-NOTCH1,3,3,2.000000,2,2.777778e-02,
ATM->-NOTCH1,2,1,2.000000,2,7.483766e-01,
ATM->-CDH1 ATM->-PIK3CA CDH1->-PIK3CA,3,3,2.000000,2,1.319444e-01,
ATM->-NOTCH4 TP53->-ATM TP53->-NOTCH4,3,3,2.000000,2,2.777778e-02,
PIK3C2G->-PTPRT TP53->-PIK3C2G TP53->-PTPRT,3,3,2.000000,2,2.777778e-02,
SMAD4->-KMT2C,2,1,2.000000,2,3.750000e-01,
SMAD4->-MAP3K1,2,1,2.000000,2,2.000000e-01,
KMT2C->-MDM2,2,1,2.000000,2,2.000000e-01,
PALB2->-KDM5C,2,1,2.000000,2,2.500000e-01,
SOX9->-PDGFRA,2,1,2.000000,2,2.500000e-01,
DOT1L->-PDGFRA,2,1,2.000000,2,2.500000e-01,
APC->-RB1 TP53->-APC TP53->-RB1,3,3,2.000000,2,7.266088e-02,
APC->-EPHB1 APC->-KMT2D KMT2D->-EPHB1 TP53->-APC TP53->-EPHB1 TP53->-KMT2D,4,6,2.000000,2,1.634276e-03,
TP53->-TNFAIP3,2,1,2.000000,2,2.083333e-01,
TP53->-KEAP1,2,1,2.000000,2,2.053571e-01,
APC->-KEAP1,2,1,2.000000,2,2.250000e-01,
SMAD4->-ERBB3,2,1,2.000000,2,2.000000e-01,
CIC->-RUNX1,2,1,2.000000,2,2.430556e-01,
EPCAM->-ARID1B,2,1,2.000000,2,2.430556e-01,
ARID1B->-PDGFRA,2,1,2.000000,2,2.430556e-01,
PDGFRA-/-RUNX1 TP53->-PDGFRA TP53->-RUNX1,3,3,2.000000,2,4.629630e-03,
PTEN->-PDGFRA,2,1,2.000000,2,2.430556e-01,
TP53->-ARID5B TP53->-ZFHX3 ZFHX3->-ARID5B,3,3,2.000000,2,1.430976e-02,
PIK3CA->-IRF4,2,1,2.000000,2,2.053571e-01,
JAK1->-ZFHX3,2,1,2.000000,2,1.818182e-01,
AKT1->-CIC,2,1,2.000000,2,2.013889e-01,
POLE->-SMARCA4 TP53->-POLE TP53->-SMARCA4,3,3,2.000000,2,1.769677e-02,
NCOR1->-POLE TP53->-NCOR1 TP53->-POLE,3,3,2.000000,2,7.605820e-03,
NCOR1->-SMARCA4,2,1,2.000000,2,2.142857e-01,
NCOR1->-ATRX,2,1,2.000000,2,2.142857e-01,
NOTCH1->-GATA3,2,1,2.000000,2,3.969697e-01,
NOTCH1->-CDH1,2,1,2.000000,2,7.875000e-01,
CDH1->-IL7R,2,1,2.000000,2,1.702754e-01,
AKT1->-NCOR1,2,1,2.000000,2,2.013889e-01,
NOTCH1->-EPHA5,2,1,2.000000,2,3.017857e-01,
ALOX12B->-TSC2,2,1,2.000000,2,1.517857e-01,
MAP3K1-/-TSC2,2,1,2.000000,2,1.251526e-01,
GPS2->-ESR1,2,1,2.000000,2,2.500000e-01,
GPS2->-TP53,2,1,2.000000,2,4.166667e-01,
TP53->-NFE2L2,2,1,2.000000,2,2.500000e-01,
SPEN->-IKZF1,2,1,2.000000,2,2.190476e-01,
RET->-IKZF1,2,1,2.000000,2,1.458333e-01,
BRCA1->-DNMT1,2,1,2.000000,2,1.428571e-01,
NOTCH3->-PIK3CA,2,1,2.000000,2,9.027778e-01,
NOTCH3->-CDH1,2,1,2.000000,2,6.875000e-01,
MSH6->-TERT PIK3CA->-MSH6 PIK3CA->-TERT,3,3,2.000000,2,2.777778e-02,
ANKRD11->-PIK3CA,2,1,2.000000,2,9.678674e-01,
ANKRD11->-TBX3,2,1,2.000000,2,8.125000e-01,
YAP1->-PIK3CA,2,1,2.000000,2,5.000000e-01,
CDH1->-TERT,2,1,2.000000,2,2.500000e-01,
MAP2K4->-NOTCH2,2,1,2.000000,2,2.500000e-01,
TP53->-SMAD3,2,1,2.000000,2,2.500000e-01,
MAP2K4->-KMT2C,2,1,2.000000,2,5.000000e-01,
PIK3CA->-CDK12,2,1,2.000000,2,5.363905e-01,
JAK1->-EIF4A2,2,1,2.000000,2,1.346154e-01,
NCOR1->-AMER1,2,1,2.000000,2,8.974359e-02,
MAP3K1->-ARAF PIK3CA->-ARAF PIK3CA->-MAP3K1,3,3,2.000000,2,4.063467e-03,
PDGFRB->-PIK3CA,2,1,2.000000,2,5.629351e-01,
FOXA1->-CDK8,2,1,2.000000,2,2.500000e-01,
JAK3->-GATA3 MAP2K4->-GATA3 MAP2K4->-JAK3,3,3,2.000000,2,2.777778e-02,
MEN1->-MAP2K4,2,1,2.000000,2,5.000000e-01,
MEN1->-NCOR1,2,1,2.000000,2,2.500000e-01,
CDH1->-NOTCH3,2,1,2.000000,2,6.875000e-01,
PIK3CA->-MYD88,2,1,2.000000,2,5.000000e-01,
TP53->-RAD51,2,1,2.000000,2,2.500000e-01,
TBX3->-EPHA5,2,1,2.000000,2,2.500000e-01,
TBX3->-CBFB,2,1,2.000000,2,6.875000e-01,
RET->-BCOR,2,1,2.000000,2,1.833333e-01,
HIST3H3->-PIK3CA,2,1,2.000000,2,6.250000e-01,
IDH1->-GATA3,2,1,2.000000,2,1.750000e-01,
MAP3K1->-EPCAM,2,1,2.000000,2,5.000000e-01,
ERBB2->-RICTOR,2,1,2.000000,2,4.229885e-01,
TP53->-FUBP1,2,1,2.000000,2,4.396552e-01,
CDH1->-MLH1 TP53->-CDH1 TP53->-MLH1,3,3,2.000000,2,1.401812e-02,
TP53->-PPP6C,2,1,2.000000,2,1.354680e-01,
CDH1->-KRAS,2,1,2.000000,2,1.896552e-01,
CDH1->-ARID5B CDH1->-MEN1 CDH1->-PIK3CA MEN1->-ARID5B PIK3CA->-ARID5B PIK3CA->-MEN1,4,6,2.000000,2,9.247418e-04,
CDH1->-KMT2C CDH1->-MEN1 CDH1->-PIK3CA MEN1->-KMT2C PIK3CA->-KMT2C PIK3CA->-MEN1,4,6,2.000000,2,9.247418e-04,
CDH1->-CREBBP CDH1->-MEN1 CDH1->-PIK3CA MEN1->-CREBBP PIK3CA->-CREBBP PIK3CA->-MEN1,4,6,2.000000,2,9.247418e-04,
MAP3K13->-MEN1,2,1,2.000000,2,1.896552e-01,
MAP3K13->-PIK3CA,2,1,2.000000,2,6.422414e-01,
MAP3K13->-CREBBP,2,1,2.000000,2,1.896552e-01,
CDH1->-CREBBP CDH1->-KIT KIT->-CREBBP,3,3,2.000000,2,1.752265e-02,
CDH1->-CREBBP CDH1->-RAD50 RAD50->-CREBBP,3,3,2.000000,2,1.752265e-02,
MLH1->-PIK3CA,2,1,2.000000,2,4.396552e-01,
PIK3CA->-PPP6C,2,1,2.000000,2,1.896552e-01,
ANKRD11->-STAG2,2,1,2.000000,2,1.896552e-01,
STAG2->-PARP1,2,1,2.000000,2,1.896552e-01,
ANKRD11->-PTPRD,2,1,2.000000,2,1.896552e-01,
CREBBP->-PARP1,2,1,2.000000,2,1.896552e-01,
ASXL2->-KDM5C,2,1,2.000000,2,1.642857e-01,
PTEN->-RB1,2,1,2.000000,2,4.473545e-01,
CDH1->-NOTCH1 CDH1->-PTEN PTEN->-NOTCH1,3,3,2.000000,2,1.527778e-02,
APC->-BLM APC->-ERCC4 BLM->-ERCC4 CDH1->-APC CDH1->-BLM CDH1->-ERCC4,4,6,2.000000,2,1.736111e-03,
ARID1A->-ERCC4 ARID1A->-IKZF1 IKZF1->-ERCC4,3,3,2.000000,2,2.777778e-02,
PIK3C2G->-ERCC4,2,1,2.000000,2,2.500000e-01,
ASXL1->-PIK3CA PIK3R3->-ASXL1 PIK3R3->-PIK3CA,3,3,2.000000,2,2.777778e-02,
ARID1A->-PIK3R3,2,1,2.000000,2,2.500000e-01,
PIK3R3->-BLM,2,1,2.000000,2,2.500000e-01,
JAK1->-APC,2,1,2.000000,2,2.500000e-01,
JAK1->-SETD2,2,1,2.000000,2,2.500000e-01,
JAK1->-CREBBP,2,1,2.000000,2,2.500000e-01,
JAK1->-ARID2,2,1,2.000000,2,2.142857e-01,
JAK2->-ABL1 JAK2->-MAP3K13 MAP3K13->-ABL1,3,3,2.000000,2,2.777778e-02,
JAK2->-BLM JAK2->-MAP3K13 MAP3K13->-BLM,3,3,2.000000,2,2.777778e-02,
CDH1->-MED12 CDH1->-SDHC MED12->-SDHC,3,3,2.000000,2,2.469136e-02,
APC->-RAD50 APC->-SDHC CDH1->-APC CDH1->-RAD50 CDH1->-SDHC RAD50->-SDHC,4,6,2.000000,2,1.478909e-03,
APC->-PIK3C2G APC->-SDHC CDH1->-APC CDH1->-PIK3C2G CDH1->-SDHC PIK3C2G->-SDHC,4,6,2.000000,2,1.478909e-03,
CDH1->-SETD2 CDH1->-STK11 SETD2->-STK11,3,3,2.000000,2,7.407407e-02,
CDH1->-ERCC3,2,1,2.000000,2,5.000000e-01,
JAK2->-PIK3CA LATS2->-JAK2 LATS2->-PIK3CA,3,3,2.000000,2,2.777778e-02,
CDH1->-JAK2 CDH1->-PIK3CA JAK2->-PIK3CA,3,3,2.000000,2,8.854167e-02,
LATS2->-ASXL1,2,1,2.000000,2,2.500000e-01,
CDH1->-CREBBP CDH1->-IKZF1 IKZF1->-CREBBP,3,3,2.000000,2,2.777778e-02,
RAD50->-PIK3CA,2,1,2.000000,2,9.591254e-01,
CDKN1A->-PIK3CA,2,1,2.000000,2,7.399912e-01,
PIK3CA->-SUZ12,2,1,2.000000,2,6.250000e-01,
PIK3CA->-CD274,2,1,2.000000,2,6.160714e-01,
FLT3->-PIK3CA,2,1,2.000000,2,8.125000e-01,
CDH1->-PIK3CA CDH1->-SMARCB1 SMARCB1->-PIK3CA,3,3,2.000000,2,1.587302e-02,
ERCC3->-PIK3CA,2,1,2.000000,2,5.000000e-01,
CDKN1A->-CREBBP,2,1,2.000000,2,1.666667e-01,
BLM->-STK11,2,1,2.000000,2,2.389706e-01,
CD274->-ABL1,2,1,2.000000,2,2.500000e-01,
ASXL1->-ABL1,2,1,2.000000,2,2.500000e-01,
ASXL1->-CREBBP,2,1,2.000000,2,5.000000e-01,
SMARCB1->-FLT3,2,1,2.000000,2,2.500000e-01,
ARID1A->-ARID2 ARID1A->-FLT3 ARID2->-FLT3,3,3,2.000000,2,2.777778e-02,
APC->-SETD2,2,1,2.000000,2,2.473545e-01,
ERBB3->-KMT2C TP53->-ERBB3 TP53->-KMT2C,3,3,2.000000,2,5.423280e-02,
ZFHX3->-TBX3,2,1,2.000000,2,7.791667e-01,
KMT2D->-ERBB3 TP53->-ERBB3 TP53->-KMT2D,3,3,2.000000,2,2.777778e-02,
PTEN->-ERBB3,2,1,2.000000,2,2.500000e-01,
ZFHX3->-KMT2D,2,1,2.000000,2,2.500000e-01,
TP53->-CTNNB1,2,1,2.000000,2,2.000000e-01,
PTEN->-BARD1 TP53->-BARD1 TP53->-PTEN,3,3,2.000000,2,1.388889e-02,
KLF4->-MED12,2,1,2.000000,2,1.805556e-01,
TP53->-SUFU,2,1,2.000000,2,1.083333e-01,
KLF4->-NCOR1,2,1,2.000000,2,1.805556e-01,
PIK3R1->-POLE,2,1,2.000000,2,1.805556e-01,
NOTCH3->-FAT1,2,1,2.000000,2,2.500000e-01,
ESR1->-IRF4,2,1,2.000000,2,2.261905e-01,
RUNX1->-RPTOR,2,1,2.000000,2,2.500000e-01,
RUNX1->-KMT2C,2,1,2.000000,2,6.875000e-01,
NCOR1->-KMT2C,2,1,2.000000,2,9.519176e-01,
RUNX1->-CDKN2A,2,1,2.000000,2,2.500000e-01,
CDH1->-MCL1,2,1,2.000000,2,2.500000e-01,
MED12->-KMT2D TP53->-KMT2D TP53->-MED12,3,3,2.000000,2,2.777778e-02,
KMT2C->-MED12 KMT2C->-TSC2 TSC2->-MED12,3,3,2.000000,2,2.469136e-02,
KMT2C->-TP63,2,1,2.000000,2,5.000000e-01,
KMT2C->-KMT2A KMT2C->-TSC2 TSC2->-KMT2A,3,3,2.000000,2,2.777778e-02,
TP53->-MDM2,2,1,2.000000,2,2.500000e-01,
TSC2->-KMT2D,2,1,2.000000,2,4.222222e-01,
CDH1-/-PIK3CA,2,1,2.000000,2,9.619750e-01,
FAT1->-MSH6 PIK3CA->-FAT1 PIK3CA->-MSH6,3,3,2.000000,2,2.777778e-02,
RUNX1->-MSH6 TP53->-MSH6 TP53->-RUNX1,3,3,2.000000,2,2.777778e-02,
PIK3CA->-MSH6 PIK3CA->-RUNX1 RUNX1->-MSH6,3,3,2.000000,2,2.777778e-02,
PIK3CA->-CARD11 PIK3CA->-RUNX1 RUNX1->-CARD11,3,3,2.000000,2,2.777778e-02,
RUNX1->-CARD11 TP53->-CARD11 TP53->-RUNX1,3,3,2.000000,2,2.777778e-02,
RUNX1->-MGA TP53->-MGA TP53->-RUNX1,3,3,2.000000,2,2.777778e-02,
PIK3CA->-MGA PIK3CA->-RUNX1 RUNX1->-MGA,3,3,2.000000,2,7.407407e-02,
MSH6->-KMT2A,2,1,2.000000,2,2.500000e-01,
TP53->-TCF3,2,1,2.000000,2,1.772727e-01,
NCOR1->-PTCH1 PIK3CA->-NCOR1 PIK3CA->-PTCH1,3,3,2.000000,2,2.777778e-02,
SETD2->-PTCH1 TP53->-PTCH1 TP53->-SETD2,3,3,2.000000,2,2.692986e-02,
PIK3CA->-PTCH1 PIK3CA->-SETD2 SETD2->-PTCH1,3,3,2.000000,2,5.028786e-02,
PIK3CA->-MGA PIK3CA->-SETD2 SETD2->-MGA,3,3,2.000000,2,1.020388e-01,
SETD2->-MGA TP53->-MGA TP53->-SETD2,3,3,2.000000,2,2.692986e-02,
TERT->-FLT4 TP53->-FLT4 TP53->-TERT,3,3,2.000000,2,2.777778e-02,
NCOR1->-NF1,2,1,2.000000,2,7.946429e-01,
STAT3->-NF1,2,1,2.000000,2,2.500000e-01,
RB1->-PIK3CG,2,1,2.000000,2,2.500000e-01,
MGA->-FLT4,2,1,2.000000,2,4.553571e-01,
TET2->-FLT4 TP53->-FLT4 TP53->-TET2,3,3,2.000000,2,8.080808e-03,
PIK3CG->-SETD2,2,1,2.000000,2,3.539560e-01,
PIK3CG->-TET2,2,1,2.000000,2,1.785714e-01,
TP53->-IKBKE,2,1,2.000000,2,2.500000e-01,
BARD1->-AKT1 TP53->-AKT1 TP53->-BARD1,3,3,2.000000,2,1.388889e-02,
NCOR1->-BRIP1,2,1,2.000000,2,1.904762e-01,
ATR->-RUNX1 PIK3CA->-ATR PIK3CA->-RUNX1,3,3,2.000000,2,7.407407e-02,
BARD1->-PIK3CA,2,1,2.000000,2,8.149757e-01,
STK11->-MAP2K2,2,1,2.000000,2,1.991422e-01,
TP53->-ALOX12B,2,1,2.000000,2,3.323413e-01,
APC->-XPO1,2,1,2.000000,2,2.250000e-01,
MAP2K4->-XPO1,2,1,2.000000,2,2.250000e-01,
GATA3->-NOTCH3,2,1,2.000000,2,2.500000e-01,
MEN1->-NOTCH3,2,1,2.000000,2,2.500000e-01,
TRAF7->-GATA3,2,1,2.000000,2,2.500000e-01,
KIT->-PTEN,2,1,2.000000,2,2.500000e-01,
ZFHX3->-NF1,2,1,2.000000,2,5.000000e-01,
APC->-NF1 CDH1->-APC CDH1->-NF1,3,3,2.000000,2,6.893004e-02,
ZFHX3->-ATM,2,1,2.000000,2,4.134921e-01,
CDH1->-ATM CDH1->-PIK3CA PIK3CA->-ATM,3,3,2.000000,2,1.319444e-01,
PIK3CA->-PNRC1,2,1,2.000000,2,2.500000e-01,
CDH1->-SPOP,2,1,2.000000,2,5.000000e-01,
TET1->-ESR1,2,1,2.000000,2,6.875000e-01,
RB1->-ESR1,2,1,2.000000,2,2.000000e-01,
CDH1->-PALB2,2,1,2.000000,2,4.333333e-01,
CDH1->-NFE2L2,2,1,2.000000,2,1.702754e-01,
ARID1A->-NOTCH3,2,1,2.000000,2,2.500000e-01,
ROS1->-NF2,2,1,2.000000,2,1.428571e-01,
NFE2L2->-SPEN,2,1,2.000000,2,3.928571e-01,
TP53->-MRE11A,2,1,2.000000,2,2.500000e-01,
PIK3CA->-MDM2,2,1,2.000000,2,2.500000e-01,
ESR1->-NFE2L2,2,1,2.000000,2,2.500000e-01,
ARID1A->-RUNX1 PTEN->-ARID1A PTEN->-RUNX1,3,3,2.000000,2,2.777778e-02,
ESR1->-FUBP1,2,1,2.000000,2,2.500000e-01,
SMAD4->-KDM5C,2,1,2.000000,2,5.000000e-01,
SMAD4->-PIK3CA,2,1,2.000000,2,9.402083e-01,
RHOA->-GRIN2A,2,1,2.000000,2,2.500000e-01,
GRIN2A->-PIK3CA,2,1,2.000000,2,9.027778e-01,
BRCA2->-GRIN2A PTEN->-BRCA2 PTEN->-GRIN2A,3,3,2.000000,2,2.020202e-02,
ARID1A->-GRIN2A ARID1A->-IKZF1 IKZF1->-GRIN2A,3,3,2.000000,2,6.944444e-03,
NOTCH3->-BRCA2,2,1,2.000000,2,2.500000e-01,
SOX9->-TBX3,2,1,2.000000,2,5.000000e-01,
TBX3->-PTPRD,2,1,2.000000,2,2.500000e-01,
PIK3CA->-HGF,2,1,2.000000,2,3.874269e-01,
ATM->-HGF,2,1,2.000000,2,2.500000e-01,
SMAD4->-FAT1,2,1,2.000000,2,2.500000e-01,
NF1->-MAP2K4,2,1,2.000000,2,6.500000e-01,
GATA3->-ATR,2,1,2.000000,2,4.166667e-01,
ATR->-PIK3CA,2,1,2.000000,2,9.995788e-01,
PPP2R1A->-PIK3CA,2,1,2.000000,2,8.214167e-01,
KMT2C->-PPP2R1A,2,1,2.000000,2,2.500000e-01,
SPEN->-DNMT3A,2,1,2.000000,2,4.690476e-01,
DDR2-/-GLI1 TP53->-DDR2 TP53->-GLI1,3,3,2.000000,2,1.179138e-02,
FOXP1->-ESR1,2,1,2.000000,2,5.000000e-01,
ESR1->-HIST1H3B,2,1,2.000000,2,2.500000e-01,
TP53->-FGF3,2,1,2.000000,2,1.125000e-01,
RB1->-PIK3R1,2,1,2.000000,2,1.800000e-01,
SPEN->-PIK3R1,2,1,2.000000,2,4.750000e-01,
STAG2->-AXL,2,1,2.000000,2,2.500000e-01,
CDK8->-PIK3CA,2,1,2.000000,2,5.578704e-01,
CDK8->-KRAS,2,1,2.000000,2,2.500000e-01,
PIK3CA->-RARA,2,1,2.000000,2,1.339286e-01,
PIK3CA->-RPS6KA4,2,1,2.000000,2,3.839286e-01,
PTEN-/-SF3B1,2,1,2.000000,2,2.444444e-01,
NSD1->-RAD50,2,1,2.000000,2,2.321937e-01,
STAG2->-PTEN STAG2->-TP53 TP53->-PTEN,3,3,2.000000,2,3.935185e-02,
PTEN->-PIK3C2G,2,1,2.000000,2,2.321937e-01,
MTOR->-NCOR1 NF1->-MTOR NF1->-NCOR1,3,3,2.000000,2,1.825397e-02,
NOTCH1->-NCOR1,2,1,2.000000,2,2.142857e-01,
SPEN->-NCOR1,2,1,2.000000,2,4.642857e-01,
FOXA1->-DOT1L,2,1,2.000000,2,6.019841e-01,
GATA3->-DOT1L,2,1,2.000000,2,2.333333e-01,
AKT1->-XPO1 CDH1->-AKT1 CDH1->-XPO1,3,3,2.000000,2,2.777778e-02,
FGFR4->-AKT1,2,1,2.000000,2,1.458333e-01,
CDH1->-BTK,2,1,2.000000,2,2.500000e-01,
KMT2C->-NOTCH3 KMT2C->-XPO1 NOTCH3->-XPO1,3,3,2.000000,2,2.777778e-02,
SPEN->-XPO1,2,1,2.000000,2,2.500000e-01,
NOTCH3->-PIK3R1,2,1,2.000000,2,2.500000e-01,
KMT2C->-MTOR,2,1,2.000000,2,3.958333e-01,
KMT2C->-AR,2,1,2.000000,2,7.272207e-01,
CDH1->-PIK3R1,2,1,2.000000,2,4.821937e-01,
PIK3R1->-AR,2,1,2.000000,2,2.500000e-01,
FAT1->-AR,2,1,2.000000,2,2.500000e-01,
BRCA2->-MTOR BRCA2->-XPO1 MTOR->-XPO1,3,3,2.000000,2,2.777778e-02,
SPEN->-FAT1,2,1,2.000000,2,8.449830e-01,
BRCA2->-FAT1,2,1,2.000000,2,4.590909e-01,
CDH1->-FAT1 MTOR->-CDH1 MTOR->-FAT1,3,3,2.000000,2,2.777778e-02,
FGFR4->-MSH6 TP53->-FGFR4 TP53->-MSH6,3,3,2.000000,2,6.565657e-03,
TP53->-RPS6KB2,2,1,2.000000,2,2.500000e-01,
TP53->-NUP93,2,1,2.000000,2,5.000000e-01,
TP53->-HLA-A,2,1,2.000000,2,2.500000e-01,
ARID2->-KMT2D ERCC5->-ARID2 ERCC5->-KMT2D PIK3CA->-ARID2 PIK3CA->-ERCC5 PIK3CA->-KMT2D,4,6,2.000000,2,1.736111e-03,
ARID2->-KMT2D ERCC5->-ARID2 ERCC5->-KMT2D TP53->-ARID2 TP53->-ERCC5 TP53->-KMT2D,4,6,2.000000,2,1.736111e-03,
FLT4->-APC TP53->-APC TP53->-FLT4,3,3,2.000000,2,6.349206e-03,
APC->-RUNX1,2,1,2.000000,2,2.500000e-01,
PIK3CA->-PARP1 PIK3CA->-RUNX1 RUNX1->-PARP1,3,3,2.000000,2,2.777778e-02,
NUP93->-PARP1 PIK3CA->-NUP93 PIK3CA->-PARP1,3,3,2.000000,2,2.777778e-02,
RUNX1->-INSR,2,1,2.000000,2,2.500000e-01,
APC->-PTPRS,2,1,2.000000,2,3.958301e-01,
ATR->-ARID2 PIK3CA->-ARID2 PIK3CA->-ATR PIK3CA->-PTPRS PTPRS->-ARID2 PTPRS->-ATR,4,6,2.000000,2,1.736111e-03,
PTPRS->-PARP1,2,1,2.000000,2,2.321937e-01,
NOTCH4->-KMT2D TP53->-KMT2D TP53->-NOTCH4,3,3,2.000000,2,5.486756e-02,
ATR->-KMT2D PIK3CA->-ATR PIK3CA->-KMT2D,3,3,2.000000,2,7.266088e-02,
ATM->-PTPRS PIK3CA->-ATM PIK3CA->-PTPRS,3,3,2.000000,2,4.601571e-02,
ERCC4->-NCOR1,2,1,2.000000,2,3.846154e-01,
KMT2D->-NCOR1 SMAD2->-KMT2D SMAD2->-NCOR1,3,3,2.000000,2,2.777778e-02,
TP53->-FLCN,2,1,2.000000,2,4.166667e-01,
PTPRT->-FGFR2 TP53->-FGFR2 TP53->-PTPRT,3,3,2.000000,2,2.692986e-02,
KMT2D->-FGFR2 TP53->-FGFR2 TP53->-KMT2D,3,3,2.000000,2,2.692986e-02,
CDH1->-PIK3CA FLCN->-CDH1 FLCN->-PIK3CA,3,3,2.000000,2,2.777778e-02,
CREBBP->-KMT2C CREBBP->-NCOR1 KMT2C->-NCOR1,3,3,2.000000,2,2.777778e-02,
PIK3C2G->-KMT2C,2,1,2.000000,2,4.821937e-01,
BRCA1->-CREBBP BRCA1->-KMT2C CREBBP->-KMT2C,3,3,2.000000,2,2.777778e-02,
RAD51->-KMT2D,2,1,2.000000,2,2.500000e-01,
NTRK2->-KMT2D,2,1,2.000000,2,1.833333e-01,
AKT1->-TBX3,2,1,2.000000,2,2.500000e-01,
ARID2->-EPHA5 TP53->-ARID2 TP53->-EPHA5,3,3,2.000000,2,1.301779e-01,
ZFHX3->-ARID2,2,1,2.000000,2,2.500000e-01,
PIK3CA->-TP53 PIK3CA->-ZFHX3 ZFHX3->-TP53,3,3,2.000000,2,8.019180e-02,
CBFB->-MAP2K4,2,1,2.000000,2,2.250000e-01,
CTCF->-ERBB3 MAP3K1->-CTCF MAP3K1->-ERBB3,3,3,2.000000,2,2.777778e-02,
ATM->-JUN,2,1,2.000000,2,2.500000e-01,
GATA3-/-TP53,2,1,2.000000,2,8.459292e-01,
RHOA->-TBX3,2,1,2.000000,2,2.321429e-01,
FAT1->-RB1,2,1,2.000000,2,6.864035e-01,
PIK3CA->-GATA3 ROS1->-GATA3 ROS1->-PIK3CA,3,3,2.000000,2,2.777778e-02,
PIK3CA->-GATA3 STK11->-GATA3 STK11->-PIK3CA,3,3,2.000000,2,2.446895e-02,
FGFR4->-ROS1,2,1,2.000000,2,1.818182e-01,
TP53->-ASXL2,2,1,2.000000,2,5.000000e-01,
KMT2A->-ASXL2,2,1,2.000000,2,2.500000e-01,
TP53->-PPP2R1A,2,1,2.000000,2,1.409091e-01,
TP53->-EPHA3,2,1,2.000000,2,5.000000e-01,
AKT2->-PTPRT,2,1,2.000000,2,2.500000e-01,
RICTOR->-ESR1,2,1,2.000000,2,8.005952e-01,
SUZ12->-PIK3CA,2,1,2.000000,2,6.250000e-01,
SMAD4->-ERCC4,2,1,2.000000,2,2.500000e-01,
BLM->-FAT1 BLM->-KDR FAT1->-KDR,3,3,2.000000,2,2.446895e-02,
APC->-DNMT1,2,1,2.000000,2,5.000000e-01,
DNMT1->-SPEN,2,1,2.000000,2,2.500000e-01,
APC->-SPEN,2,1,2.000000,2,7.693182e-01,
DNMT3A->-FAT1,2,1,2.000000,2,4.690476e-01,
FOXP1->-PTEN,2,1,2.000000,2,2.053571e-01,
SMAD2->-RFWD2,2,1,2.000000,2,2.500000e-01,
CDH1->-AXIN2,2,1,2.000000,2,2.500000e-01,
AKT1->-DNMT1,2,1,2.000000,2,5.000000e-01,
AKT1->-RAD50,2,1,2.000000,2,2.500000e-01,
MAP2K4->-SETD2 MAP2K4->-TET2 TET2->-SETD2,3,3,2.000000,2,2.777778e-02,
AKT1->-SETD2 AKT1->-TET2 TET2->-SETD2,3,3,2.000000,2,2.777778e-02,
MAP2K4->-ARID2,2,1,2.000000,2,2.500000e-01,
KMT2C->-NSD1,2,1,2.000000,2,7.777066e-01,
CDH1->-RET,2,1,2.000000,2,2.500000e-01,
SMAD4->-RFWD2,2,1,2.000000,2,2.500000e-01,
LATS1->-RFWD2,2,1,2.000000,2,2.500000e-01,
ROS1->-MYC,2,1,2.000000,2,1.500000e-01,
ARID1A->-MYC,2,1,2.000000,2,5.168750e-01,
ARID1A->-KDM5C PIK3CA->-ARID1A PIK3CA->-KDM5C,3,3,2.000000,2,5.753968e-02,
KMT2D->-FGF4 PIK3CA->-FGF4 PIK3CA->-KMT2D,3,3,2.000000,2,1.625387e-02,
SMAD2->-BCOR,2,1,2.000000,2,2.166667e-01,
KMT2C->-EP300 KMT2D->-EP300 KMT2D->-KMT2C,3,3,2.000000,2,2.446895e-02,
TSC2->-KMT2C,2,1,2.000000,2,8.717301e-01,
LATS1->-ATR,2,1,2.000000,2,2.500000e-01,
BCOR->-TSC2,2,1,2.000000,2,2.500000e-01,
NCOR1->-IKZF1,2,1,2.000000,2,3.958333e-01,
GATA3->-BCOR,2,1,2.000000,2,2.500000e-01,
FLT4-/-PIK3CA TP53->-FLT4 TP53->-PIK3CA,3,3,2.000000,2,1.962963e-02,
IDH1->-PIK3CA TP53->-IDH1 TP53->-PIK3CA,3,3,2.000000,2,3.721934e-02,
IRS2->-FLT4 TP53->-FLT4 TP53->-IRS2,3,3,2.000000,2,1.818182e-03,
RPS6KA4->-GATA3,2,1,2.000000,2,2.767857e-01,
ASXL2->-TBX3,2,1,2.000000,2,2.500000e-01,
ASXL2->-ARID1A,2,1,2.000000,2,3.720238e-01,
CDH1->-ASXL2,2,1,2.000000,2,4.053571e-01,
KDM6A->-KDR KDM6A->-PIK3CA PIK3CA->-KDR,3,3,2.000000,2,2.777778e-02,
KDR->-KMT2A,2,1,2.000000,2,2.500000e-01,
ARID1B->-KDR,2,1,2.000000,2,2.389706e-01,
FOXA1->-KMT2A FOXA1->-PIK3CA PIK3CA->-KMT2A,3,3,2.000000,2,5.142450e-02,
FOXA1->-ARID1B,2,1,2.000000,2,2.500000e-01,
ARID1B->-KMT2A ARID1B->-PIK3CA PIK3CA->-KMT2A,3,3,2.000000,2,2.777778e-02,
GPS2->-JAK2,2,1,2.000000,2,2.500000e-01,
AKT1->-GPS2,2,1,2.000000,2,3.416667e-01,
EPHA5->-TP53,2,1,2.000000,2,9.949670e-01,
CDH1->-HIST1H1C,2,1,2.000000,2,2.000000e-01,
PIK3CA->-MYCN,2,1,2.000000,2,2.500000e-01,
GATA3->-DICER1,2,1,2.000000,2,2.500000e-01,
GATA3->-NOTCH4 GATA3->-PIK3CA PIK3CA->-NOTCH4,3,3,2.000000,2,1.805556e-02,
GATA3->-HIST1H1C,2,1,2.000000,2,2.500000e-01,
GATA3->-ASXL1,2,1,2.000000,2,5.813492e-01,
PIK3CA->-SHQ1,2,1,2.000000,2,2.190476e-01,
RAD52->-GATA3,2,1,2.000000,2,1.593137e-01,
ARID1B->-GATA3,2,1,2.000000,2,4.889706e-01,
BLM->-GATA3,2,1,2.000000,2,4.223039e-01,
CDH1->-PIK3CA RAD52->-CDH1 RAD52->-PIK3CA,3,3,2.000000,2,2.446895e-02,
MAP2K2->-KMT2C,2,1,2.000000,2,2.389706e-01,
STK11->-PTCH1,2,1,2.000000,2,2.389706e-01,
CDH1->-PIK3CA STK11->-CDH1 STK11->-PIK3CA,3,3,2.000000,2,6.855937e-02,
MGA->-KMT2A,2,1,2.000000,2,4.922244e-01,
TP53->-MALT1,2,1,2.000000,2,1.666667e-01,
MAP3K1->-FANCA,2,1,2.000000,2,4.812745e-01,
MAP3K1->-ALK,2,1,2.000000,2,6.238889e-01,
MAP3K1->-KLF4,2,1,2.000000,2,2.500000e-01,
EP300-/-PIK3CG TP53->-EP300 TP53->-PIK3CG,3,3,2.000000,2,6.349206e-03,
TP53->-PLCG2,2,1,2.000000,2,1.455491e-01,
TP53->-CD79B,2,1,2.000000,2,1.814815e-01,
TP53->-SMAD4,2,1,2.000000,2,7.678571e-01,
TBX3->-NCOA3,2,1,2.000000,2,2.500000e-01,
AKT1->-CTCF AKT1->-PTCH1 CTCF->-PTCH1,3,3,2.000000,2,1.111111e-02,
PTCH1->-PAK7 TBX3->-PAK7 TBX3->-PTCH1,3,3,2.000000,2,2.777778e-02,
PTCH1->-PAK7 SOX9->-PAK7 SOX9->-PTCH1,3,3,2.000000,2,2.777778e-02,
TBX3->-IKZF1,2,1,2.000000,2,1.458333e-01,
PIK3CA->-MEF2B,2,1,2.000000,2,2.500000e-01,
KDM5C->-FAT1,2,1,2.000000,2,1.166667e-01,
KDM5C->-MAP3K1,2,1,2.000000,2,2.500000e-01,
GLI1->-GATA3,2,1,2.000000,2,2.500000e-01,
CBFB->-MEN1,2,1,2.000000,2,2.500000e-01,
NOTCH3->-BLM TP53->-BLM TP53->-NOTCH3,3,3,2.000000,2,2.777778e-02,
TP53->-FANCC,2,1,2.000000,2,4.272727e-01,
GATA3->-AKT1,2,1,2.000000,2,9.873791e-01,
SPEN->-PTPRD,2,1,2.000000,2,1.666667e-01,
MDC1->-TP53,2,1,2.000000,2,9.699963e-01,
JAK1->-MDC1,2,1,2.000000,2,2.500000e-01,
MDC1->-CREBBP,2,1,2.000000,2,5.000000e-01,
IDH1->-SETD2 TP53->-IDH1 TP53->-SETD2,3,3,2.000000,2,2.692986e-02,
KMT2A->-NOTCH1,2,1,2.000000,2,2.500000e-01,
CHEK2->-CREBBP,2,1,2.000000,2,2.500000e-01,
KMT2C->-ARID2,2,1,2.000000,2,6.875000e-01,
BRCA2->-ARID2,2,1,2.000000,2,2.142857e-01,
BRCA2->-GATA3,2,1,2.000000,2,6.482143e-01,
GATA3->-TET1,2,1,2.000000,2,2.166667e-01,
FAT1->-TET1,2,1,2.000000,2,8.677684e-01,
CARD11->-PBRM1,2,1,2.000000,2,4.000000e-01,
ESR1->-POLD1,2,1,2.000000,2,2.500000e-01,
MDC1->-FAT1,2,1,2.000000,2,2.190476e-01,
FOXA1->-PTEN,2,1,2.000000,2,7.570466e-01,
PTPRS->-MGA STK11->-MGA STK11->-PTPRS,3,3,2.000000,2,1.319444e-02,
PTPRS->-PIK3CA STK11->-PIK3CA STK11->-PTPRS,3,3,2.000000,2,1.319444e-02,
PIK3CA->-PDGFRB,2,1,2.000000,2,5.629351e-01,
CDH1->-RUNX1 CDH1->-TBX3 RUNX1->-TBX3,3,3,2.000000,2,1.319444e-01,
ARAF->-PIK3CA,2,1,2.000000,2,7.161212e-01,
PIK3CG->-CDC73,2,1,2.000000,2,1.785714e-01,
NF1->-ARID2 PIK3CA->-ARID2 PIK3CA->-NF1,3,3,2.000000,2,2.777778e-02,
KMT2D->-FLT3,2,1,2.000000,2,2.500000e-01,
PIK3CA->-LATS2,2,1,2.000000,2,8.645833e-01,
EP300->-TP53,2,1,2.000000,2,9.946689e-01,
NFE2L2->-GATA3,2,1,2.000000,2,2.500000e-01,
ARID1B->-NFE2L2,2,1,2.000000,2,4.821937e-01,
FOXA1->-RASA1,2,1,2.000000,2,2.500000e-01,
MAP2K4->-FAT1,2,1,2.000000,2,4.684211e-01,
PDGFRA->-ARID2,2,1,2.000000,2,2.500000e-01,
NF1->-EPHB1,2,1,2.000000,2,2.500000e-01,
PIK3R1->-NF1,2,1,2.000000,2,9.243412e-01,
PIK3R1->-EPHB1,2,1,2.000000,2,2.500000e-01,
ARID1B->-ROS1 TP53->-ARID1B TP53->-ROS1,3,3,2.000000,2,1.736111e-02,
FAT1->-IRS1,2,1,2.000000,2,2.500000e-01,
ARID1B->-ARID2 ARID1B->-IRS1 IRS1->-ARID2,3,3,2.000000,2,2.777778e-02,
AR->-ARID2 AR->-IRS1 IRS1->-ARID2,3,3,2.000000,2,2.777778e-02,
SPEN->-ALK,2,1,2.000000,2,2.500000e-01,
EPHA5->-ALK TP53->-ALK TP53->-EPHA5,3,3,2.000000,2,2.777778e-02,
TET1->-SPEN TP53->-SPEN TP53->-TET1,3,3,2.000000,2,2.777778e-02,
NOTCH2->-SPEN,2,1,2.000000,2,3.178571e-01,
FAT1->-ARID1B TP53->-ARID1B TP53->-FAT1,3,3,2.000000,2,6.855937e-02,
MAP3K1->-ARID1B,2,1,2.000000,2,6.330128e-01,
MAP3K1->-PIK3R1,2,1,2.000000,2,6.741453e-01,
MAP3K1->-ATRX TP53->-ATRX TP53->-MAP3K1,3,3,2.000000,2,2.777778e-02,
GATA3->-IRS2,2,1,2.000000,2,5.000000e-01,
TP53->-STAT3,2,1,2.000000,2,4.000000e-01,
JAK3->-PIK3CA,2,1,2.000000,2,8.975593e-01,
CDH1->-ERBB3 CDH1->-TBX3 TBX3->-ERBB3,3,3,2.000000,2,2.777778e-02,
TP53->-HIST1H3J,2,1,2.000000,2,1.300000e-01,
AKT1->-LATS2,2,1,2.000000,2,1.020833e-01,
CTCF->-TP53,2,1,2.000000,2,8.671875e-01,
NF1->-NBN,2,1,2.000000,2,2.500000e-01,
TP53->-HIST1H3C,2,1,2.000000,2,2.053571e-01,
ANKRD11->-MYCN,2,1,2.000000,2,1.500000e-01,
CARD11->-PIK3CG,2,1,2.000000,2,4.111111e-01,
NF1->-STAG2,2,1,2.000000,2,1.666667e-01,
MAP2K4->-NF1 MAP2K4->-TET2 NF1->-TET2,3,3,2.000000,2,2.777778e-02,
KMT2C->-FLT4,2,1,2.000000,2,2.500000e-01,
JAK1->-ROS1,2,1,2.000000,2,1.818182e-01,
FGFR4->-GRIN2A,2,1,2.000000,2,1.818182e-01,
KMT2A->-CD79A,2,1,2.000000,2,1.818182e-01,
FGFR4->-CD79A,2,1,2.000000,2,1.818182e-01,
NOTCH3->-PALB2,2,1,2.000000,2,2.500000e-01,
PIK3R1->-EPHA7,2,1,2.000000,2,2.500000e-01,
NOTCH4->-EIF4A2,2,1,2.000000,2,2.500000e-01,
TMPRSS2->-TP53,2,1,2.000000,2,1.333333e-01,
IL7R->-KMT2C,2,1,2.000000,2,2.321937e-01,
ATRX->-KMT2C,2,1,2.000000,2,2.500000e-01,
TP53->-UPF1,2,1,2.000000,2,4.285714e-01,
MAP3K1->-BRCA2,2,1,2.000000,2,3.704678e-01,
PIK3CA->-BTK,2,1,2.000000,2,5.000000e-01,
ATM-/-HIST1H3J,2,1,2.000000,2,4.606061e-02,
MGA->-RB1,2,1,2.000000,2,4.973545e-01,
KMT2C->-GRIN2A,2,1,2.000000,2,2.090909e-01,
TBX3->-GRIN2A,2,1,2.000000,2,2.500000e-01,
ESR1-/-GATA3,2,1,2.000000,2,1.200000e-01,
AKT1->-ERBB4,2,1,2.000000,2,1.750000e-01,
KDM6A->-TP53,2,1,2.000000,2,9.721178e-01,
MAP3K1->-DDR2,2,1,2.000000,2,1.675824e-01,
MAP3K1->-PTEN,2,1,2.000000,2,9.901227e-01,
BRCA2->-TBX3,2,1,2.000000,2,7.480311e-01,
RB1->-CDH1,2,1,2.000000,2,9.399167e-01,
RB1->-SPEN,2,1,2.000000,2,4.083333e-01,
RHOA->-PTPN11,2,1,2.000000,2,1.607143e-01,
FGFR4->-ERBB3,2,1,2.000000,2,1.409091e-01,
FGFR4->-PTPRD,2,1,2.000000,2,1.409091e-01,
PIK3CA->-FAM175A,2,1,2.000000,2,4.013889e-01,
CREBBP->-NUP93,2,1,2.000000,2,4.553571e-01,
TBX3->-ARID1A,2,1,2.000000,2,7.108366e-01,
CDH1->-CIC,2,1,2.000000,2,2.500000e-01,
KRAS->-ALK,2,1,2.000000,2,2.500000e-01,
ALK->-ARID1A TP53->-ALK TP53->-ARID1A,3,3,2.000000,2,2.777778e-02,
STK11->-ARID1A,2,1,2.000000,2,5.000000e-01,
BCOR->-RUNX1,2,1,2.000000,2,2.500000e-01,
NCOR1->-BCOR,2,1,2.000000,2,5.000000e-01,
SF3B1->-ARID1A,2,1,2.000000,2,2.500000e-01,
PIK3CA->-RUNX1 PIK3CA->-SF3B1 SF3B1->-RUNX1,3,3,2.000000,2,2.777778e-02,
FANCA->-PARP1 FANCA->-PIK3R1 PIK3R1->-PARP1,3,3,2.000000,2,2.469136e-02,
TSC2->-GRIN2A,2,1,2.000000,2,2.090909e-01,
ARID1A-/-FAT1,2,1,2.000000,2,1.640645e-01,
KMT2C->-TSC2 PTEN->-KMT2C PTEN->-TSC2,3,3,2.000000,2,1.795735e-02,
GATA3->-FGFR2,2,1,2.000000,2,2.500000e-01,
NOTCH3->-ALK,2,1,2.000000,2,2.500000e-01,
ROS1->-MAP3K1 TP53->-MAP3K1 TP53->-ROS1,3,3,2.000000,2,5.671296e-02,
PTEN->-MSH2,2,1,2.000000,2,2.500000e-01,
MDC1->-KMT2C PIK3CA->-KMT2C PIK3CA->-MDC1,3,3,2.000000,2,2.777778e-02,
TSC2->-MAP3K1,2,1,2.000000,2,5.476033e-01,
GATA3->-KMT2D,2,1,2.000000,2,6.792279e-01,
PPP2R1A->-ARID1A,2,1,2.000000,2,3.492424e-01,
NTRK2->-NF1,2,1,2.000000,2,1.178571e-01,
NF1->-ATR,2,1,2.000000,2,4.500000e-01,
KLF4->-ARID1A,2,1,2.000000,2,2.083333e-01,
ARID1A->-FLT4,2,1,2.000000,2,3.500000e-01,
HIST1H3I->-HNF1A ROS1->-HIST1H3I ROS1->-HNF1A,3,3,2.000000,2,2.692986e-02,
HIST1H3I->-HNF1A PIK3CA->-HIST1H3I PIK3CA->-HNF1A,3,3,2.000000,2,2.692986e-02,
PIK3CA->-GLI1 PIK3CA->-PTCH1 PTCH1->-GLI1,3,3,2.000000,2,2.692986e-02,
PIK3CA->-ARID2 PIK3CA->-PTCH1 PTCH1->-ARID2,3,3,2.000000,2,2.692986e-02,
PIK3CA->-ATR PIK3CA->-PTCH1 PTCH1->-ATR,3,3,2.000000,2,2.692986e-02,
PIK3CA->-BCOR PIK3CA->-PTCH1 PTCH1->-BCOR,3,3,2.000000,2,2.692986e-02,
PTCH1->-KMT2D,2,1,2.000000,2,4.863251e-01,
PTPRT->-BCOR,2,1,2.000000,2,2.473545e-01,
KMT2D->-BCOR,2,1,2.000000,2,4.973545e-01,
SETD2->-BCOR,2,1,2.000000,2,2.473545e-01,
KMT2D->-ARID1A TP53->-ARID1A TP53->-KMT2D,3,3,2.000000,2,7.266088e-02,
HIST1H3I->-GATA3 PIK3CA->-GATA3 PIK3CA->-HIST1H3I,3,3,2.000000,2,2.777778e-02,
LATS2->-GATA3,2,1,2.000000,2,2.500000e-01,
ERBB2->-PIK3CA KMT2C->-ERBB2 KMT2C->-PIK3CA,3,3,2.000000,2,1.353502e-01,
PIK3CA->-HIST1H3J,2,1,2.000000,2,1.636364e-01,
PIK3CA->-CSF1R,2,1,2.000000,2,4.666667e-01,
PIK3CA->-ALOX12B,2,1,2.000000,2,2.500000e-01,
ARID2-/-ESR1,2,1,2.000000,2,1.318681e-01,
JAK3->-RAD21 TP53->-JAK3 TP53->-RAD21,3,3,2.000000,2,1.064815e-02,
IRS1->-PTCH1,2,1,2.000000,2,2.500000e-01,
KMT2C->-PDGFRA,2,1,2.000000,2,2.500000e-01,
ERBB2->-PDGFRA,2,1,2.000000,2,2.500000e-01,
AR->-KMT2A AR->-PIK3CA PIK3CA->-KMT2A,3,3,2.000000,2,2.777778e-02,
AR->-KMT2A AR->-PDGFRA AR->-PTPRS PDGFRA->-KMT2A PDGFRA->-PTPRS PTPRS->-KMT2A,4,6,2.000000,2,1.736111e-03,
PIK3CA->-AXIN2,2,1,2.000000,2,2.500000e-01,
KMT2C->-GLI1,2,1,2.000000,2,4.450549e-01,
CDH1->-ERBB2 CDH1->-PTPRS ERBB2->-PTPRS,3,3,2.000000,2,2.777778e-02,
PIK3CA->-AXIN1,2,1,2.000000,2,1.400000e-01,
PALB2->-PIK3CA,2,1,2.000000,2,8.248329e-01,
GATA3-/-SPEN,2,1,2.000000,2,1.480519e-01,
GATA3-/-PTPRS,2,1,2.000000,2,1.151515e-01,
STAG2->-MAP3K1,2,1,2.000000,2,5.000000e-01,
FAT1->-PTEN,2,1,2.000000,2,8.209839e-01,
RB1->-PTPRD TP53->-PTPRD TP53->-RB1,3,3,2.000000,2,1.388889e-02,
CBFB->-SF3B1,2,1,2.000000,2,2.500000e-01,
MDC1->-RAD54L PIK3CA->-MDC1 PIK3CA->-RAD54L,3,3,2.000000,2,2.222222e-02,
PIK3CB->-RAD54L,2,1,2.000000,2,4.165476e-01,
PIK3CB->-FAT1,2,1,2.000000,2,3.648810e-01,
PIK3CA->-PIK3R3,2,1,2.000000,2,6.875000e-01,
CDH1->-MGA CDH1->-PIK3CA MGA->-PIK3CA,3,3,2.000000,2,2.777778e-02,
PTEN->-INPPL1,2,1,2.000000,2,5.000000e-01,
KMT2B->-KMT2A,2,1,2.000000,2,2.500000e-01,
KMT2D->-FOXP1,2,1,2.000000,2,5.000000e-01,
ARID1A->-ALK,2,1,2.000000,2,6.875000e-01,
FLT4-/-NOTCH4 TP53->-FLT4 TP53->-NOTCH4,3,3,2.000000,2,9.523810e-03,
AKT1->-SPEN,2,1,2.000000,2,2.678571e-01,
MAP3K1->-RUNX1,2,1,2.000000,2,7.791667e-01,
LATS1->-TP53,2,1,2.000000,2,7.875000e-01,
MDC1->-APC NOTCH4->-APC NOTCH4->-MDC1,3,3,2.000000,2,2.777778e-02,
TP53->-EED,2,1,2.000000,2,1.500000e-01,
JAK1->-PDGFRB,2,1,2.000000,2,2.142857e-01,
TP53->-PARK2,2,1,2.000000,2,9.166667e-02,
RB1->-HIST1H3G,2,1,2.000000,2,2.500000e-01,
DDR2-/-FAT1,2,1,2.000000,2,1.481286e-01,
CDKN1B->-ESR1 CDKN1B->-PIK3CA ESR1->-PIK3CA,3,3,2.000000,2,2.777778e-02,
TP53->-EGFL7,2,1,2.000000,2,1.666667e-01,
KMT2B->-PIK3CA,2,1,2.000000,2,5.000000e-01,
KMT2B->-PTPRS,2,1,2.000000,2,2.500000e-01,
PIK3R1->-MAP3K1,2,1,2.000000,2,6.741453e-01,
CDH1->-PIK3CA CDH1->-XPO1 PIK3CA->-XPO1,3,3,2.000000,2,2.777778e-02,
ARID1A->-XPO1,2,1,2.000000,2,2.500000e-01,
NFE2L2-/-PDGFRB,2,1,2.000000,2,1.017501e-02,
ARID1A-/-ESR1,2,1,2.000000,2,3.216300e-01,
FANCA->-MED12,2,1,2.000000,2,2.321937e-01,
LATS1->-PIK3CA,2,1,2.000000,2,6.093750e-01,
ARID1B->-MAP3K1,2,1,2.000000,2,6.330128e-01,
ERBB3->-ARID2,2,1,2.000000,2,4.175824e-01,
